1.0000000000,-0.0287496706,0.0062083151,0.0017506160,-0.0122981788,0.0006335059,0.0017392255,-0.0028587935,0.0093196789,-0.0139630332,-0.0194703679,-0.0006493485,-0.0157439781,0.0044453735,0.0045732949,0.0094557291,0.0473047488,-0.0132952818,-0.0130272185,0.0179785153,-0.0198314976,0.0056866469,0.0048821943,-0.0309951234,-0.0124085822,0.0182358216,-0.0063268660,-0.0059081543,0.0057994414,0.0137755617,0.0323054076,-0.0201303690,0.0072559560,-0.0246310198,-0.0007046994,0.0111787176,0.0369847793,-0.0149551537,0.0153377094,-0.0115936418,-0.0076365129,-0.0337440454,-0.0060143064,0.0160940986,0.0032080512,-0.0199401880,0.0222358122,0.0070508394,0.0278160713,-0.0300718992,-0.0224725339,0.0084051072,0.0034631261,0.0367966009,-0.0066500898,0.0165253518,0.0278832460,-0.0207626535,0.0415177746,-0.0302208759,-0.0165788746,0.0132772058,0.0243265386,0.0241374896
2.0000000000,-0.0203517762,0.0313875352,0.0060054344,-0.0007965195,0.0036154576,0.0010750985,0.0189581872,-0.0099317385,0.0091841410,-0.0081995359,0.0046144808,-0.0202564828,0.0167176845,-0.0096064930,0.0187740881,0.0438408604,0.0160263879,-0.0321011636,0.0304740706,-0.0100956463,-0.0263717961,0.0052874866,0.0006387309,-0.0265990474,0.0290364942,-0.0286855830,0.0071029850,-0.0146208645,0.0137590686,0.0080156178,-0.0153913270,0.0003263840,-0.0367833894,-0.0122001161,-0.0136073276,0.0360086474,0.0051072463,-0.0127703255,-0.0385485644,0.0025680830,-0.0591107085,-0.0140180891,0.0073771552,0.0052242049,-0.0289239652,0.0094354467,0.0055922329,-0.0046973456,-0.0501600516,-0.0163613059,0.0189582972,0.0105702106,0.0209884594,-0.0148929645,0.0336136531,-0.0170517803,-0.0249194542,0.0634049663,-0.0173307998,0.0153826058,0.0001464875,0.0360233386,0.0364656194
3.0000000000,0.0002996503,0.0067746096,-0.0156698788,0.0054994966,-0.0011352634,0.0157466491,0.0200289972,-0.0092401719,0.0018583252,-0.0066793812,-0.0144185459,0.0021159690,0.0175513085,-0.0022353954,0.0009535998,0.0117998226,-0.0025157992,-0.0058020521,-0.0045315047,0.0077686013,0.0023804556,0.0032450761,-0.0253932530,-0.0209548885,0.0164435207,0.0073097192,-0.0033156309,-0.0144765711,-0.0018113039,0.0040055024,-0.0147429770,-0.0102797664,-0.0208319467,-0.0058979898,-0.0212954597,0.0140277789,0.0024959861,0.0073526188,-0.0216874172,-0.0260034635,-0.0058225393,-0.0117423207,0.0058322562,0.0212678241,0.0141584604,-0.0243336969,-0.0117622887,0.0197897140,-0.0147803497,0.0293184790,0.0061248739,0.0144928576,0.0053581672,0.0156874184,-0.0067165788,0.0024213891,-0.0045901240,0.0155702651,-0.0033999846,-0.0096028486,0.0080683070,0.0089854305,0.0297661129
4.0000000000,-0.0268765032,0.0071660472,-0.0136441814,-0.0146547980,0.0036850163,0.0023465750,0.0123404471,-0.0017760098,0.0015838996,-0.0014872553,0.0169621523,-0.0007196159,0.0057195113,0.0086351859,-0.0101361817,0.0167931059,0.0185294009,-0.0079179723,0.0257267158,-0.0191080960,-0.0056500950,-0.0022426838,-0.0173332349,-0.0207939835,-0.0045207069,-0.0259314526,0.0061657413,-0.0231596548,0.0326631009,0.0143726555,-0.0125251541,0.0008525994,-0.0130694080,0.0025965076,-0.0132733829,0.0308152481,0.0161275576,-0.0135241628,-0.0203860553,-0.0080254806,-0.0286736835,-0.0021998686,-0.0002048414,0.0445441233,0.0228097216,-0.0122308556,-0.0002755755,-0.0044615025,-0.0566572862,-0.0362263442,0.0116087904,-0.0057734203,0.0184484531,0.0061975629,0.0104872312,0.0072653893,-0.0252506532,0.0296550178,-0.0181137664,0.0184850796,-0.0106379012,0.0162581804,0.0292424703
5.0000000000,-0.0205473754,0.0033326425,-0.0166489273,0.0048178687,-0.0304273228,0.0022507018,0.0160144030,-0.0017355150,-0.0003164552,0.0128126855,-0.0097208729,-0.0086902107,0.0075414132,-0.0055955812,0.0075186643,0.0248295544,-0.0009340541,0.0112714079,-0.0224200325,-0.0031596269,0.0134057945,0.0038978540,0.0045488571,-0.0229564899,0.0289247916,-0.0167352421,0.0064191578,0.0024715890,0.0070710820,0.0219142483,0.0079906374,0.0160220321,-0.0215362209,-0.0028838483,-0.0184980639,-0.0003691258,0.0235076706,-0.0035466012,0.0081191651,-0.0135234222,-0.0050566720,0.0000677976,-0.0182491522,0.0068394032,0.0112493925,-0.0079389212,-0.0079010121,0.0016726737,-0.0082085020,-0.0158963745,0.0178838532,0.0099433483,0.0052474488,-0.0054013114,0.0319172292,-0.0008893943,0.0220537243,0.0243041144,-0.0015868055,-0.0069894544,-0.0192301109,-0.0146017543,0.0174740264
6.0000000000,0.0011515280,0.0134724848,0.0012814307,0.0034148678,-0.0026738982,0.0068541084,0.0038436598,0.0113867483,0.0016877206,0.0039919633,0.0140979193,-0.0101289764,0.0021232891,0.0079536820,0.0085438579,0.0228164903,0.0087847009,-0.0228806116,-0.0055462383,0.0150416172,-0.0067319954,0.0139143443,-0.0113413855,-0.0205296914,0.0137606230,-0.0035540025,0.0318726665,0.0134378651,-0.0058259167,0.0262245337,-0.0046319825,-0.0000336918,0.0134003242,0.0153493985,0.0045418865,0.0329326869,0.0256025512,-0.0073625283,-0.0143941539,-0.0149333290,-0.0113943957,-0.0158952655,0.0108587862,0.0257923253,0.0018353629,0.0138391131,0.0010837916,0.0294896318,-0.0413790602,-0.0293091312,0.0102015547,0.0072345197,0.0219853747,-0.0042373082,0.0041324533,-0.0051974817,-0.0131192324,0.0333640233,-0.0141728719,0.0051531384,0.0217058650,0.0008584079,0.0095628847
7.0000000000,-0.0048374243,0.0116503364,0.0127499491,-0.0118029138,-0.0137420331,0.0000745478,-0.0052066941,-0.0018172513,0.0139628962,-0.0052813274,-0.0003624153,-0.0276043541,0.0166307748,0.0038702363,-0.0074156759,0.0196075276,0.0121785763,-0.0194870439,0.0197246376,-0.0175716422,0.0065779282,-0.0026785763,-0.0119400813,0.0010158845,0.0248204598,-0.0225098226,-0.0100973882,0.0206172912,0.0371141967,0.0030946225,-0.0058798846,0.0160390996,-0.0154580961,0.0134306179,0.0130187690,0.0257199760,0.0117631290,-0.0039037152,0.0024826420,0.0223481843,-0.0353526877,-0.0042797442,0.0216960987,0.0154418629,-0.0170201282,0.0008106795,-0.0231991363,-0.0108987098,-0.0462540654,-0.0243917358,-0.0042661799,0.0002574344,0.0093310704,-0.0057680076,0.0222525869,0.0153522065,0.0094005833,0.0277837810,-0.0248574501,-0.0057022514,0.0110744719,0.0226640343,0.0228190288
8.0000000000,0.0070853064,0.0229728230,-0.0096862813,0.0029471175,-0.0209842183,0.0138714050,0.0231306362,0.0053839849,0.0013972087,-0.0205311588,0.0312408267,-0.0133119889,-0.0002376238,-0.0058155878,-0.0214323153,0.0153025771,0.0131785082,-0.0296172472,0.0064788006,-0.0106751344,0.0120438818,-0.0136384197,-0.0110725001,0.0079299655,0.0273315848,-0.0260818439,0.0279339348,0.0159968901,0.0148547518,0.0105395871,0.0068722570,0.0101284972,0.0070336643,-0.0024968634,-0.0085070102,0.0240971910,-0.0033372655,-0.0155987213,-0.0020284129,0.0062222901,0.0024135275,-0.0160129834,0.0064016740,0.0099150673,-0.0156081779,0.0085044288,0.0088555731,0.0135612154,-0.0116438589,-0.0055553197,0.0172288478,-0.0122392712,0.0053207969,0.0174811586,0.0225479922,0.0013507629,0.0102455679,0.0117325381,-0.0142073419,0.0064618889,-0.0026543396,0.0251454370,0.0083948453
9.0000000000,0.0048155718,0.0214681003,-0.0253596129,-0.0190629232,-0.0001593175,0.0240682216,-0.0038633076,-0.0018360927,-0.0056849410,-0.0147134747,-0.0107288246,-0.0238068763,0.0371702152,-0.0117909087,0.0062171076,0.0329860783,0.0022155700,-0.0382641843,-0.0114790976,-0.0184634240,0.0038160335,-0.0186385864,-0.0197917239,-0.0112997695,0.0117117600,-0.0195095273,0.0031214929,-0.0188904691,0.0296399132,0.0222906241,-0.0065078378,0.0093620968,-0.0110775059,-0.0048461993,0.0038395966,0.0015679958,0.0126983364,-0.0012494936,-0.0319612861,0.0191208945,-0.0344384314,0.0036551714,0.0109017969,0.0198256210,0.0020224782,0.0042875178,-0.0193455846,-0.0133853903,-0.0122558102,0.0068464089,0.0153220223,0.0185694015,0.0209009910,-0.0009345142,0.0189512870,0.0026367986,-0.0267936975,-0.0003240058,-0.0420032441,-0.0068463672,0.0258305695,-0.0041844424,0.0167064075
10.0000000000,-0.0072223375,0.0087481717,-0.0199990531,-0.0013039770,-0.0167208816,0.0028604015,-0.0004915886,0.0035291322,-0.0176409499,-0.0151002879,0.0292244466,-0.0090538388,-0.0023533965,-0.0074155956,-0.0005069593,0.0362875303,-0.0114862731,-0.0112569742,0.0084979904,0.0176577422,0.0055565683,-0.0045262616,-0.0056604511,-0.0107163871,0.0079245570,0.0133768764,0.0002601299,-0.0092864837,0.0197165897,0.0115322910,-0.0105666362,0.0062589868,0.0037739022,-0.0086708138,-0.0313526252,-0.0072893396,0.0170430799,-0.0055774449,0.0062168111,0.0275873882,-0.0183686236,-0.0052488510,0.0252768723,0.0154569833,-0.0100127343,0.0042295869,-0.0086730724,0.0192397948,-0.0212182378,-0.0017528867,0.0049108711,-0.0095282902,0.0141681452,-0.0039498767,0.0121981368,-0.0046605369,0.0107338233,0.0175270869,-0.0179124245,0.0227662900,0.0168047095,0.0141139424,-0.0049898098
11.0000000000,0.0164328970,0.0180993906,0.0044504140,-0.0276221328,-0.0108302250,-0.0088231864,0.0004931109,-0.0059161162,0.0003804444,0.0125507900,0.0058991905,-0.0129927351,0.0013255503,0.0127172745,0.0048212998,0.0354471688,0.0231996253,-0.0114170000,0.0058635413,-0.0087110997,-0.0139415951,0.0077790337,-0.0223830768,-0.0089769334,0.0092867091,-0.0105293891,0.0221273491,0.0088941796,0.0088236166,0.0118047757,-0.0032766908,0.0200811244,0.0037830373,0.0046474202,0.0098575135,0.0160081689,0.0105819764,-0.0151080785,-0.0337486447,-0.0241910940,-0.0175793826,-0.0005271901,0.0281015172,0.0021842806,0.0364570332,0.0038257224,-0.0031386384,0.0086623408,-0.0168449864,0.0111348000,0.0142390183,0.0089520987,0.0119489100,0.0211592913,0.0324522231,0.0097112936,-0.0043952848,0.0375435554,-0.0281208565,0.0158147428,-0.0007761090,0.0244751920,0.0228667357
12.0000000000,-0.0250977072,0.0100876401,0.0112809109,0.0064520452,-0.0215885566,0.0175644666,0.0245877482,-0.0008444881,0.0037968714,0.0045795075,0.0109448197,-0.0194440237,-0.0187311388,0.0022545132,0.0008045046,0.0297931388,0.0083538591,-0.0165354341,-0.0090845496,0.0014226628,-0.0159643216,0.0129448969,-0.0110085944,-0.0173811208,0.0170727423,-0.0060702795,0.0091895944,-0.0211710476,-0.0056270250,0.0227769525,0.0056827566,0.0015948632,-0.0085211611,0.0140182720,0.0081039125,0.0250860214,0.0121576801,-0.0076317811,-0.0100629059,0.0035332069,-0.0228191947,0.0078858912,0.0087348753,0.0283425951,-0.0189965070,0.0053704054,0.0144716209,0.0042483866,-0.0150463807,-0.0072022464,0.0134987660,-0.0163575100,0.0059132269,0.0090766094,-0.0018174368,-0.0083751357,-0.0027164258,0.0080684710,0.0017525178,0.0059751454,0.0186468228,0.0284561750,0.0007552329
13.0000000000,-0.0240383770,-0.0054083734,0.0043876473,-0.0138337760,0.0062258205,0.0058765274,0.0167494597,-0.0005510109,-0.0046270162,-0.0034093391,0.0305168617,0.0012735675,-0.0006890677,0.0062230840,0.0060373442,0.0307544024,0.0084469918,0.0030869393,0.0149624028,0.0097882169,-0.0040238619,0.0041421778,-0.0073489081,-0.0356951624,0.0129732634,-0.0060601642,0.0045959895,0.0042562679,-0.0036227269,0.0182857684,0.0031029824,0.0188553838,-0.0121572508,0.0002558013,0.0129420448,0.0209209612,0.0001221167,0.0085212906,-0.0110610647,-0.0192397941,-0.0186004507,-0.0271239919,0.0076771199,0.0118209306,-0.0032103600,-0.0280473680,-0.0161676611,-0.0068208899,-0.0436802294,-0.0216000382,-0.0096091566,0.0051667378,0.0099424247,0.0180859216,0.0212736020,-0.0000163564,-0.0046202693,0.0386540908,-0.0092310542,0.0066210824,-0.0094244436,0.0256816638,0.0227724974
14.0000000000,-0.0157404138,-0.0015815554,-0.0155984953,-0.0006699181,-0.0036776639,0.0208252646,0.0148637464,-0.0001640284,0.0183674396,0.0136919889,0.0104498506,-0.0156892143,0.0184147692,-0.0011956480,-0.0092262915,0.0107913231,-0.0001165797,-0.0059468947,0.0246729449,-0.0223498976,0.0410135154,0.0059242403,-0.0227555376,-0.0056413317,-0.0215562891,0.0000652030,0.0039358659,0.0156865592,0.0152661372,-0.0034285884,0.0055257928,-0.0054196243,-0.0046674713,-0.0104296903,0.0132210432,0.0083322301,-0.0166413934,-0.0108521709,0.0066963505,-0.0038863283,-0.0159213988,0.0021335688,0.0213067612,0.0081074144,-0.0043263107,0.0118285153,0.0062501849,0.0182354583,-0.0094238047,-0.0268558377,0.0010540222,0.0024025067,0.0131560269,-0.0063654362,0.0144639478,0.0044482441,0.0060782446,0.0037867439,-0.0251083489,0.0088411466,0.0119622016,0.0005182541,0.0088971809
15.0000000000,-0.0233302062,-0.0025278708,0.0014210696,-0.0163485855,-0.0000918418,-0.0031020985,-0.0025046437,0.0057834391,0.0027588576,-0.0280680018,0.0108699546,-0.0220259145,0.0153652805,0.0064100661,0.0043803886,0.0248432087,0.0076440594,-0.0135496538,-0.0147395489,0.0033444946,0.0070306466,0.0004427099,-0.0145938349,-0.0039859129,0.0187105346,0.0037462652,0.0139934240,0.0035935041,0.0079073304,0.0185779447,-0.0041238154,0.0241248207,-0.0030459255,0.0093956288,-0.0055936915,0.0086059282,-0.0055525806,-0.0044069821,-0.0160924157,-0.0076396697,-0.0241342621,-0.0313150616,0.0175170847,0.0260627847,0.0016484265,0.0101420322,-0.0043936490,-0.0121971364,-0.0100821653,0.0007757026,0.0138598172,0.0060015650,-0.0039023986,0.0066544609,0.0166717259,0.0206849187,-0.0075479990,0.0276317935,-0.0231523376,0.0183039563,0.0150178711,0.0200168362,0.0409970331
16.0000000000,-0.0144011796,0.0260569710,-0.0227698446,-0.0062789340,-0.0158787189,0.0207610753,-0.0072717758,0.0157737880,0.0093621464,-0.0151795638,0.0152548444,-0.0139647420,0.0026784890,-0.0011297847,0.0142502539,0.0219073124,0.0210020584,-0.0296446494,0.0080821914,-0.0023041753,0.0077241328,-0.0339009765,-0.0257517325,-0.0285038617,0.0049508969,-0.0133145282,0.0250816666,-0.0083228684,0.0258242242,0.0127706653,-0.0200173199,-0.0065356627,-0.0118605932,0.0026042488,0.0104411771,0.0104701386,0.0118816609,0.0203673354,-0.0229425559,0.0093505788,-0.0271503106,0.0131611891,0.0234638490,0.0110316406,0.0099417665,0.0004054465,0.0150805623,-0.0003248476,-0.0243594209,-0.0228457159,-0.0285522361,0.0098573277,0.0293747124,-0.0035536810,0.0243868488,0.0003812653,-0.0108215223,0.0349338314,-0.0012732065,-0.0007458668,0.0001111823,-0.0067698497,0.0333686961
17.0000000000,-0.0174815331,0.0200632676,-0.0039674998,-0.0162140417,-0.0259169277,0.0109384802,0.0041032182,0.0024294449,0.0182089206,-0.0178730890,0.0215875040,-0.0146192618,0.0091792178,0.0070309837,-0.0121495395,0.0379002837,0.0221539334,-0.0373389508,0.0255622861,0.0122884895,0.0103311637,-0.0242452850,-0.0178156139,-0.0111160002,0.0241667323,-0.0056407060,0.0086470343,-0.0143997628,0.0217967830,0.0366205139,-0.0131346179,0.0091289357,0.0031940069,0.0103590526,0.0049139404,0.0178672880,0.0264046152,-0.0252600894,-0.0019327153,0.0143709485,-0.0048624938,-0.0070570249,-0.0047412074,0.0156978276,0.0006523508,0.0098290965,-0.0256303766,-0.0035792746,-0.0450794322,-0.0255532071,0.0078310738,-0.0025900547,0.0143407144,0.0019457345,0.0245538188,-0.0078249770,-0.0276497773,0.0454780000,-0.0183779125,0.0073813380,0.0224944231,0.0316582844,0.0296506962
18.0000000000,-0.0185823935,-0.0026209051,0.0132973973,0.0161862044,-0.0207193813,0.0194454783,0.0051106541,-0.0013602628,0.0236634650,-0.0009538756,0.0062654329,-0.0069713802,0.0017046948,0.0057927970,0.0042735741,0.0068750567,0.0307004978,-0.0176008203,-0.0106401078,-0.0025777518,-0.0079449698,-0.0165772112,-0.0022317961,-0.0032807894,0.0178189020,0.0039033533,0.0204224733,-0.0010821624,0.0179719965,0.0138339844,-0.0143541822,-0.0006250222,-0.0010032237,-0.0097243627,0.0089620294,0.0265948762,-0.0103056156,-0.0074155756,-0.0157525186,-0.0259870108,-0.0011945607,-0.0082694889,-0.0042841955,0.0028076218,-0.0232062722,0.0040385123,-0.0050463342,-0.0079664233,-0.0091864955,-0.0253923926,0.0083957409,0.0163510951,0.0033617353,0.0070604748,0.0120128354,0.0226116721,-0.0221447517,0.0053981415,-0.0162327259,-0.0058450263,0.0019402655,0.0258058863,0.0044710537
19.0000000000,-0.0142756527,0.0040798910,-0.0270705953,-0.0031294247,-0.0112221813,-0.0219821545,0.0088454306,0.0086840246,-0.0036308372,-0.0321331049,0.0143110599,-0.0328144255,0.0224671959,0.0011691680,0.0037657564,0.0190968992,0.0271643812,-0.0157498101,0.0080026188,-0.0103442618,0.0078580113,-0.0071655283,-0.0259367198,-0.0224402306,0.0056017733,-0.0003974011,0.0213186713,-0.0058637403,0.0293830053,0.0217696224,0.0021104244,0.0118030040,0.0057440654,-0.0008750194,0.0033933721,0.0345516625,-0.0001101319,-0.0280086519,-0.0249460730,-0.0064428804,-0.0102509696,-0.0118863243,-0.0033206406,0.0191916148,-0.0019323686,0.0225209691,-0.0187942517,0.0040901334,-0.0097247991,-0.0170799820,0.0171728198,-0.0080948207,0.0282096411,0.0098103970,-0.0058071383,-0.0017650127,-0.0166258877,0.0170929315,-0.0180157134,0.0069626687,0.0125476940,0.0163974142,0.0170484473
20.0000000000,0.0111990618,0.0204410814,-0.0262818843,-0.0091698129,-0.0177107385,0.0116012595,0.0116202051,0.0093524935,0.0035362204,-0.0033418366,0.0330764244,-0.0313659910,0.0358180820,-0.0023112411,0.0131525192,0.0313737411,0.0025023063,-0.0395743218,0.0123163784,-0.0162046962,-0.0037105329,-0.0081077882,-0.0125418811,-0.0244736451,0.0221110159,-0.0184142030,0.0210610521,-0.0118783028,0.0203982289,0.0264634402,-0.0052657771,0.0102266301,-0.0176007594,0.0014831239,0.0180890622,-0.0009509011,0.0107232498,-0.0267185582,0.0091662345,-0.0184360491,-0.0378013622,-0.0203047585,0.0256897658,0.0122560761,0.0199525725,0.0187063493,-0.0195814823,0.0048588207,-0.0465013978,0.0034189889,-0.0033429773,0.0199699075,0.0086308244,0.0034853008,0.0195761133,-0.0048794993,-0.0139559907,0.0316581256,-0.0308865834,0.0126954758,0.0042837198,0.0149754720,0.0231985106
21.0000000000,-0.0046662477,0.0077136310,-0.0058613755,0.0196436455,0.0127846198,0.0102261819,0.0060596875,0.0003334748,0.0159645648,-0.0087717569,0.0224042026,-0.0206673500,0.0187929441,-0.0051937145,0.0080955416,-0.0010837857,0.0098704602,-0.0210814839,-0.0220180624,-0.0142144367,-0.0078358722,0.0028579436,-0.0221965635,0.0131149078,0.0178139563,0.0262516902,0.0308457808,0.0248078875,0.0065375446,-0.0017531509,-0.0059270977,-0.0074242472,-0.0089678315,-0.0051567889,0.0195446098,-0.0220253904,0.0021498933,-0.0139630605,-0.0133656281,0.0018156521,-0.0217744812,-0.0032857928,0.0067693878,0.0074883319,0.0046870801,-0.0079226071,-0.0208388851,-0.0104993972,-0.0046180127,-0.0098666837,0.0197994346,-0.0007216590,0.0148666577,0.0181346650,0.0328330007,0.0052659960,-0.0035948524,0.0065306816,-0.0232340209,0.0105624384,0.0013490752,0.0146144453,-0.0085251148
22.0000000000,-0.0289476765,0.0038953194,-0.0172990551,-0.0080591860,-0.0261260032,0.0238372039,0.0177133931,-0.0100043115,-0.0020384659,-0.0192676476,0.0039734816,-0.0204610991,0.0077796393,-0.0098382960,0.0155855299,0.0239649899,-0.0052201032,-0.0115428011,0.0019749521,-0.0116709902,-0.0233928063,-0.0224525153,-0.0222741851,-0.0176978238,0.0168478509,-0.0180533561,0.0033853137,-0.0159079957,0.0263044743,0.0256324027,0.0006929101,0.0088758624,-0.0133884201,-0.0004369676,-0.0140026604,0.0140103719,0.0203001664,-0.0098575234,-0.0000791491,-0.0197554393,-0.0498829116,0.0027787572,0.0078625421,0.0191897282,0.0062762795,0.0036346864,-0.0022381868,0.0126961763,-0.0396495639,-0.0107741036,0.0122450053,-0.0029829903,0.0119443638,0.0041093043,0.0075535708,0.0141975397,-0.0283320342,0.0232516136,-0.0179584129,0.0167591810,-0.0029137415,-0.0080835545,0.0141282114
23.0000000000,-0.0184050570,0.0331110658,-0.0169146611,0.0126561250,-0.0011105756,0.0220058289,0.0113929737,0.0137525094,-0.0019702572,0.0084719604,0.0088039081,-0.0117906883,-0.0011805797,-0.0305255755,0.0078339334,0.0173960733,0.0001471838,-0.0227820692,-0.0060834259,0.0060106504,-0.0016635542,-0.0078765103,0.0022263960,-0.0163986756,0.0134976281,-0.0120106821,0.0001751540,-0.0012666770,0.0135480099,0.0128226424,0.0063495898,0.0118661827,0.0114847461,-0.0193393402,0.0115476890,0.0059541023,0.0122403651,0.0131785670,-0.0039338293,-0.0089885858,-0.0138346523,-0.0011499835,0.0012935794,0.0106616660,0.0105328880,-0.0017324090,0.0031359536,0.0080837837,-0.0326932625,0.0094227866,0.0110529866,-0.0045763017,0.0109713305,0.0116746965,0.0271270776,0.0005310739,-0.0078439373,0.0088280988,-0.0134292129,0.0073183833,0.0033360624,0.0116096238,0.0064022485
24.0000000000,-0.0060239749,0.0110722518,-0.0133278308,0.0022583471,-0.0057613094,0.0127352597,-0.0004500988,-0.0040512653,0.0105141388,-0.0147583992,0.0026860251,-0.0124463918,0.0239670665,-0.0007590335,0.0314792936,0.0152426409,0.0017810627,-0.0387700890,0.0226934699,0.0067353158,-0.0064872001,-0.0220446616,-0.0055964423,-0.0364199132,-0.0013312364,-0.0179833380,0.0131668126,-0.0115452624,0.0182715858,0.0352147300,-0.0033630842,-0.0008242674,-0.0071632143,-0.0019770916,-0.0169372270,0.0121838509,0.0060329453,0.0088098627,-0.0115568313,-0.0109588704,-0.0285121744,-0.0048003329,-0.0014713624,0.0116870806,-0.0058837686,0.0004239838,0.0027925827,-0.0032930085,-0.0551350403,0.0019133470,0.0287818796,-0.0023669489,0.0034610103,-0.0021111283,0.0245490307,0.0230929771,-0.0337510657,0.0325116410,-0.0080909729,-0.0015731394,0.0012760939,0.0005437733,0.0135948341
25.0000000000,-0.0124118885,0.0074055445,0.0069428975,0.0007221534,-0.0088713735,0.0012263772,0.0052570334,-0.0084128977,0.0221960812,-0.0038954118,0.0282094031,-0.0248099412,0.0077554472,-0.0037357208,0.0122106624,-0.0054499238,0.0073727763,-0.0202432062,-0.0004213397,-0.0059847217,-0.0006643320,-0.0073911446,-0.0165249833,0.0022029558,0.0225023230,-0.0017349897,-0.0118599102,-0.0042786115,0.0051385696,0.0103792180,-0.0132745248,0.0164758085,-0.0026692768,0.0063027953,0.0107067626,0.0239605767,0.0217660785,-0.0104039046,-0.0159617124,-0.0154846020,-0.0462544797,0.0007456831,0.0097200832,0.0032791649,-0.0042801098,-0.0297983279,-0.0133346256,-0.0284639756,-0.0387997420,-0.0122083856,0.0170646116,-0.0006443422,-0.0045949177,-0.0312549522,0.0191088971,0.0018067962,-0.0126309899,0.0125572665,-0.0196986522,0.0261366142,0.0062939335,0.0098464035,-0.0103489033
26.0000000000,-0.0115361262,0.0064355453,-0.0024632800,0.0076288418,0.0131013645,0.0165575090,0.0286952467,-0.0215062910,-0.0238467026,0.0050072898,0.0065558272,0.0125529171,0.0100666659,-0.0078765626,0.0130726729,-0.0027745205,-0.0131246905,-0.0076357351,-0.0190605764,-0.0028210871,-0.0037592508,-0.0045592718,-0.0128105503,-0.0020812705,0.0063633246,0.0144971041,0.0134576141,0.0036066477,0.0159882949,-0.0011270232,-0.0062848674,-0.0003258059,-0.0189133974,0.0003344553,0.0034019309,0.0074539303,-0.0067938244,-0.0043196754,-0.0396585268,-0.0005211515,-0.0118565719,-0.0226496313,0.0052951523,-0.0127033157,-0.0105158072,0.0132528193,0.0102321890,0.0013225857,-0.0065651480,-0.0042011745,0.0261386962,0.0009594862,0.0177335114,0.0047037343,-0.0013144508,0.0066560776,0.0048904815,0.0145276715,0.0004352287,-0.0241944052,0.0194339615,0.0079636396,0.0163197512
27.0000000000,0.0016524555,0.0139096308,-0.0122525577,0.0041686716,0.0107681443,0.0024178712,-0.0155733496,0.0109795340,0.0068590926,0.0199756318,0.0033455994,-0.0121051739,0.0118252433,-0.0090292051,0.0051373333,0.0044048376,0.0062059813,-0.0091366695,0.0014454783,-0.0152528775,0.0004720853,-0.0101768678,-0.0039069330,-0.0097897448,0.0017549876,-0.0303071897,0.0155188654,-0.0043268309,0.0235914103,0.0068050799,0.0325351844,-0.0271878847,0.0032109191,0.0014667262,-0.0022300720,-0.0080113056,0.0005625222,0.0007212837,-0.0159155343,0.0174262228,-0.0017269193,0.0064765615,-0.0159938751,0.0050624342,-0.0104070093,-0.0027076531,0.0043304516,-0.0080559118,-0.0057106403,0.0081107714,0.0076257772,-0.0110390183,0.0015201501,0.0099575077,0.0034875460,0.0126464519,-0.0154887126,-0.0037213593,-0.0124141041,-0.0020115760,-0.0224640873,0.0153162122,0.0105940032
28.0000000000,-0.0126632524,0.0297310445,-0.0174864102,0.0090572214,-0.0117676740,-0.0134440620,0.0256123728,0.0158556530,-0.0136875627,0.0168509577,0.0006947158,-0.0100502088,0.0130808549,-0.0020725306,0.0208118161,0.0192686169,0.0261270643,-0.0078288823,-0.0073623233,0.0176453444,0.0047419645,0.0138814133,-0.0059651319,-0.0128006054,0.0067389546,-0.0078399072,-0.0049514453,-0.0038678761,0.0106590269,0.0240164180,-0.0028854026,-0.0135262886,-0.0102575448,0.0223178805,-0.0063883215,0.0271087805,0.0186084076,-0.0136591878,-0.0080028393,-0.0132865271,-0.0106935624,-0.0108240884,0.0182017632,0.0061923094,0.0118526863,-0.0089070138,-0.0014362412,-0.0066890712,-0.0242229354,-0.0092996412,0.0173615330,0.0006029783,0.0418266329,0.0167829460,0.0251438988,0.0147601267,-0.0224623602,0.0116243431,-0.0237046467,0.0136749912,0.0086707217,0.0149755514,0.0172028058
29.0000000000,-0.0134642750,0.0026760905,-0.0284114747,-0.0020446576,-0.0024551415,0.0189791563,0.0145849364,-0.0148720590,-0.0143348319,-0.0135993041,0.0038216315,-0.0202512287,-0.0042775099,0.0002023376,-0.0029161448,-0.0001916183,0.0331781191,-0.0384346456,-0.0187327965,-0.0232834173,-0.0200724609,-0.0106859231,-0.0094371143,-0.0122673450,0.0164417357,-0.0261012862,0.0223972747,0.0027982979,0.0160018554,0.0336505604,0.0044605324,0.0113607681,0.0020952054,-0.0204910754,0.0063285662,0.0554572795,0.0291915656,-0.0129769869,-0.0035546075,-0.0114725161,-0.0156082830,-0.0054719413,0.0137463088,0.0174691577,0.0019712359,0.0065419039,-0.0069835643,0.0041122319,-0.0265848575,-0.0017166720,-0.0071677114,-0.0002779023,0.0157622550,-0.0056885511,0.0310727290,0.0091830531,0.0012706082,0.0357543529,-0.0196017382,0.0322972049,-0.0061735158,-0.0100272993,0.0085588050
30.0000000000,-0.0096893023,0.0079456517,0.0157864518,-0.0131203128,0.0023439235,0.0074479778,0.0221226885,-0.0407068299,0.0155273187,-0.0101499241,0.0175637350,-0.0048474857,0.0101674644,0.0057293042,-0.0008389725,-0.0007137794,0.0104438346,-0.0120402080,0.0216711611,0.0114576694,0.0001497092,-0.0011449661,-0.0052019191,-0.0087242139,0.0196767140,-0.0128546374,-0.0005541928,0.0127713259,-0.0014259317,0.0024981254,-0.0081902646,-0.0007351537,-0.0151015415,-0.0094621112,-0.0072289648,0.0316040070,0.0066726021,-0.0003878519,-0.0051121582,0.0142845010,-0.0323377359,-0.0033145923,0.0178171844,0.0016489890,0.0036342642,0.0077776711,-0.0151061053,0.0118489618,-0.0279905718,-0.0196029356,-0.0138635694,-0.0089369234,0.0238615281,0.0075569376,-0.0086403953,0.0124679401,-0.0023761853,0.0190701318,-0.0070658423,0.0129078053,-0.0121529849,0.0026958613,-0.0208315085
31.0000000000,-0.0257705068,0.0134370931,-0.0138581780,-0.0178344532,-0.0113800970,0.0160983350,0.0036134237,0.0060187190,-0.0073543715,-0.0024665321,0.0135842952,-0.0182904224,-0.0096258981,0.0138740369,0.0183808826,0.0313443383,-0.0003758919,-0.0051405369,0.0186576492,-0.0049179005,-0.0003099905,-0.0234077338,-0.0099929352,-0.0336989067,0.0203461862,-0.0219895188,0.0232626534,-0.0068877498,0.0389757842,0.0327396274,0.0057148060,0.0034714086,-0.0101768855,-0.0067184373,-0.0061119131,0.0257694494,0.0259209092,-0.0174855928,-0.0198815641,0.0138838929,-0.0244549315,0.0009188377,0.0187573194,-0.0034392326,0.0038199243,0.0020991827,-0.0131374508,-0.0077861189,-0.0284736994,-0.0100400648,-0.0064615435,-0.0136778718,0.0183583287,-0.0069779754,0.0340043668,0.0055167495,-0.0115202442,0.0271337284,-0.0112713650,0.0137327841,-0.0195534345,0.0030602228,-0.0025709256
32.0000000000,-0.0088575826,0.0106875118,0.0139165639,-0.0026799519,-0.0273711569,0.0056319015,0.0049123773,-0.0195558755,0.0009327460,-0.0086618182,0.0025345120,-0.0140710272,0.0157380791,0.0057791677,-0.0003409333,0.0113487512,0.0021378369,0.0020441618,0.0142863901,-0.0021639225,-0.0008208389,-0.0133089511,-0.0034813704,-0.0107499618,0.0128939380,0.0040844443,0.0080188502,-0.0014355525,0.0173534978,-0.0041058963,-0.0261096012,-0.0052823880,-0.0003161352,0.0042758705,-0.0082367244,0.0150509324,0.0053143359,-0.0216345919,-0.0365798879,0.0099882042,-0.0190537992,-0.0097369732,0.0102271264,-0.0069625251,0.0032598610,0.0030268536,0.0113816496,0.0126640158,-0.0053543096,0.0060781331,-0.0154085859,0.0152189312,0.0213538296,-0.0080648331,0.0041436899,0.0169415087,-0.0029540610,0.0238286924,0.0052585065,-0.0051213666,-0.0128355823,0.0023788036,0.0116426250
33.0000000000,-0.0087749534,0.0132629850,-0.0167756364,0.0063819300,-0.0016858571,0.0049788573,0.0091621448,-0.0084831720,-0.0065425656,0.0125100441,0.0339903834,-0.0194005566,-0.0018740425,-0.0014949439,-0.0030895337,0.0291586070,0.0089208032,-0.0136863444,0.0269784794,-0.0109636023,0.0028070950,0.0019647012,-0.0128619227,-0.0181638449,0.0148955842,-0.0251052561,-0.0002051784,-0.0171715143,0.0335785116,0.0160832311,-0.0090769229,-0.0133966889,-0.0018443536,-0.0057262510,-0.0085352258,0.0047016085,0.0138317838,-0.0267544539,-0.0175704083,-0.0188565506,-0.0144989204,-0.0116787611,0.0152340799,0.0088890475,0.0029224645,0.0172810572,-0.0131544587,0.0184069167,-0.0276762529,-0.0032575730,0.0100124941,-0.0122617040,0.0081779666,-0.0058086121,0.0254714409,-0.0214725635,-0.0190055379,0.0350459465,-0.0127267599,0.0099736681,0.0168041346,0.0273269217,0.0076629694
34.0000000000,-0.0046536150,0.0356283932,0.0001979197,0.0050824509,-0.0309076438,0.0066142887,-0.0003324667,0.0202138146,0.0044048458,0.0006023669,0.0094935278,-0.0120592084,0.0079705521,-0.0082468161,0.0069674745,0.0139141578,0.0000671173,-0.0188486752,-0.0002174698,0.0306771809,0.0070712125,-0.0089471856,-0.0128698659,-0.0256355288,0.0107298016,-0.0214677282,0.0155549637,0.0184626944,0.0083424780,0.0173914931,-0.0097849370,-0.0030247004,-0.0076587404,-0.0020545782,0.0081181125,0.0213050514,0.0068019479,0.0002338882,-0.0169444099,-0.0034924615,-0.0206087255,-0.0066790381,0.0134435178,0.0102814200,0.0117708292,0.0077425739,0.0114459417,0.0020099076,-0.0125529875,0.0104650738,0.0159042961,-0.0184526747,0.0063481706,0.0169949294,0.0067143775,0.0219847086,-0.0100384382,0.0246743602,-0.0018694579,0.0078139624,0.0027497468,0.0052544633,0.0226083298
35.0000000000,-0.0168416313,0.0049121507,-0.0293320792,0.0068536876,-0.0074523884,-0.0010258916,0.0165645588,0.0089079828,0.0161270032,-0.0175704312,0.0058865893,-0.0129468411,0.0067525750,0.0080000117,0.0222009188,0.0307724693,0.0071553886,-0.0259305059,0.0070118134,0.0009344455,-0.0115070036,-0.0070255233,0.0115108011,-0.0246012282,-0.0100475363,0.0015839271,0.0314498274,-0.0180617962,-0.0096681144,0.0144246201,0.0050303603,0.0246797016,0.0044276838,0.0072446847,-0.0014382258,0.0130522993,0.0013747963,0.0035058011,-0.0166328531,-0.0065719499,-0.0070580283,-0.0043039749,-0.0102907936,0.0069165852,0.0084595817,-0.0039607883,-0.0120794537,-0.0094484735,-0.0142645659,0.0012593630,0.0115093266,0.0017569641,0.0218571396,0.0020446099,0.0145367949,0.0130599648,-0.0136277690,-0.0040128980,-0.0311089299,0.0088347330,-0.0123077304,0.0233450833,-0.0034749628
36.0000000000,-0.0062072557,0.0194646882,-0.0177999037,0.0062126508,-0.0099525902,-0.0045599242,0.0087288486,-0.0019556945,-0.0148957940,-0.0168249316,0.0108745185,-0.0223412121,0.0021530102,-0.0032864666,0.0008115611,0.0514395563,0.0129052094,-0.0104262706,0.0180538370,-0.0005720029,0.0235749065,0.0075225655,-0.0226923434,-0.0042689402,0.0248375945,-0.0170937912,0.0089167941,-0.0047114256,0.0049465387,0.0149392555,0.0108026294,-0.0140496235,-0.0010762442,0.0065833982,0.0076544612,0.0147805366,0.0165715715,0.0059860276,-0.0365986612,-0.0022728970,-0.0148091485,-0.0072778278,0.0054466592,0.0240882051,-0.0075976517,0.0015641566,-0.0149623246,0.0083055344,-0.0252254946,0.0065771929,0.0070786902,0.0094098395,0.0255278718,0.0105447926,0.0172554019,0.0086967423,0.0122545657,0.0298941016,-0.0220034825,0.0199877805,0.0038437604,-0.0065682898,0.0076027396
37.0000000000,-0.0079328241,-0.0130405507,0.0019633427,-0.0042318058,-0.0043838586,0.0057674890,0.0044385195,-0.0070474109,0.0031308562,-0.0123382785,0.0067258808,0.0000301714,0.0112287878,-0.0120049656,0.0127123512,0.0121568716,0.0136929747,-0.0333480434,0.0093789622,0.0032991218,-0.0069339168,0.0037676853,-0.0287575794,0.0069662651,0.0103444607,0.0020416628,0.0128484710,0.0098026092,0.0001133225,0.0261030030,-0.0075020714,-0.0166566735,-0.0021560156,-0.0203162441,-0.0221988102,0.0303900642,0.0070751338,-0.0069785581,-0.0138421987,-0.0022392473,-0.0235766968,0.0181928020,-0.0165675306,-0.0018933361,-0.0101914522,-0.0006139084,0.0015170191,0.0168347040,-0.0172042937,-0.0269739224,-0.0032271491,-0.0001779652,0.0224004045,-0.0107973300,0.0066816941,-0.0047717985,-0.0309401019,0.0147698979,-0.0260359456,0.0109762447,0.0211907154,0.0139747749,0.0070642999
38.0000000000,-0.0030739929,-0.0048019974,-0.0126616220,0.0002618493,-0.0284388907,0.0090714481,0.0089587529,0.0006807955,-0.0032787095,-0.0194927257,0.0155245250,-0.0125418389,-0.0102318800,-0.0010885745,-0.0117578429,0.0131591984,0.0162671873,-0.0197023049,0.0014816258,0.0018998693,0.0168628811,-0.0008648165,-0.0240694935,-0.0229569665,0.0069419418,-0.0125127606,0.0040953112,-0.0029353034,0.0111648150,0.0051849547,0.0029837366,0.0181474146,-0.0182307596,-0.0265395826,-0.0032411494,0.0322333044,-0.0006667960,-0.0139536737,-0.0296941074,-0.0122535291,-0.0328003663,-0.0012520095,-0.0052254362,0.0101618359,-0.0247437297,0.0211454368,-0.0141749827,0.0008192191,-0.0138975858,-0.0258044717,-0.0046157176,-0.0092461083,-0.0010712575,0.0000827117,0.0074993857,-0.0112755930,0.0023091114,0.0306844596,-0.0126866503,0.0147871320,0.0097829343,0.0107267375,0.0033166595
39.0000000000,-0.0090557989,0.0101836838,0.0097481566,-0.0007992969,-0.0007968123,0.0034795512,-0.0108490145,-0.0268223091,-0.0137622805,-0.0046674217,-0.0080624883,-0.0107159753,0.0028154027,0.0020624498,0.0314906426,0.0399855080,0.0293913865,-0.0513990809,-0.0046391463,0.0093785851,-0.0011045265,0.0347318732,-0.0176413772,-0.0225452625,0.0056815320,-0.0106791742,-0.0034597933,-0.0061026184,0.0095861317,0.0483688066,0.0191689380,-0.0072679330,-0.0200003630,-0.0005226055,0.0014383833,0.0335920173,0.0028480303,-0.0336000037,-0.0321003708,-0.0124918629,-0.0158662903,-0.0162863225,0.0228826796,0.0090395585,0.0067971847,0.0090711404,-0.0037759977,0.0058327644,-0.0273445444,-0.0150218738,0.0153601733,-0.0074803641,0.0193230503,0.0056133581,0.0332412032,0.0071657176,-0.0257252387,0.0434034588,-0.0128068002,0.0064691606,0.0211487020,0.0208240363,0.0432023568
40.0000000000,-0.0126816304,-0.0055073259,0.0000685690,0.0033457366,-0.0138200459,0.0104970335,0.0125619367,0.0053143456,0.0069533391,-0.0182353530,0.0034133633,-0.0156494956,0.0325205830,0.0005354268,-0.0194761018,0.0390874792,0.0249460298,0.0003781574,0.0185958541,0.0037595532,0.0030344882,-0.0079057912,-0.0120965421,-0.0136161035,0.0103973985,0.0071499591,0.0009384368,-0.0064867027,0.0116113520,-0.0018993328,0.0025088770,0.0111896698,0.0015682288,0.0115349244,-0.0027336003,0.0236917987,-0.0116780736,0.0062809003,-0.0000649753,-0.0391950408,-0.0077096184,0.0056143031,0.0137371488,0.0266349538,-0.0175822642,0.0227762272,-0.0099406759,0.0240859806,-0.0216978841,-0.0027588487,0.0059531176,-0.0135788555,0.0054003595,0.0094577829,0.0124926945,0.0111140454,-0.0169974302,0.0143590959,-0.0179057587,-0.0031363943,0.0128769784,0.0262312149,0.0086869214
41.0000000000,-0.0180472200,0.0168123393,0.0017506841,0.0020378297,-0.0057772352,0.0097371900,0.0286348552,-0.0274484868,0.0037937782,-0.0150269205,0.0398717204,-0.0184864138,0.0145248574,0.0034608685,0.0088046812,0.0181910081,0.0097128708,-0.0162807261,0.0017842217,-0.0001694943,0.0052600286,-0.0187446457,-0.0039775896,-0.0152497959,0.0141746304,-0.0298822616,0.0100369761,-0.0232043641,0.0123716956,0.0139628970,-0.0277906507,0.0193160905,-0.0163951353,-0.0034423925,-0.0109422129,0.0254131987,0.0055514305,-0.0007265188,-0.0115742255,-0.0066185387,-0.0263043466,-0.0244519048,0.0211314418,0.0074900261,0.0018038617,-0.0132008602,-0.0188761924,0.0043073838,-0.0384097675,-0.0216397777,0.0106684047,-0.0024986521,0.0073552478,-0.0203908371,0.0345529242,-0.0069574243,-0.0376221913,0.0416997497,-0.0225300225,0.0187917792,-0.0015172707,0.0036143344,0.0211803734
42.0000000000,0.0043837653,0.0080613571,-0.0168658254,-0.0083012812,-0.0015400819,0.0130697387,-0.0201716173,0.0064689246,-0.0057439151,-0.0318246240,0.0156440507,0.0064828772,0.0266529270,0.0171948607,0.0199807429,0.0028395955,0.0037183705,-0.0215698457,0.0039099486,-0.0088176842,0.0056184603,0.0069065267,0.0010871330,0.0052737543,0.0192337618,-0.0079773069,0.0112116769,-0.0226564836,0.0185648854,0.0348076570,0.0061123822,0.0077086355,-0.0081246034,0.0143306948,-0.0010909422,0.0103937697,-0.0090536795,-0.0173362129,0.0051275243,0.0000440866,-0.0112960373,0.0148499950,0.0014363723,0.0123534637,-0.0009804488,0.0006202234,0.0076981288,-0.0016545449,-0.0032667238,0.0088820983,-0.0105512166,-0.0159677872,0.0186099416,-0.0056659618,0.0016773727,0.0139247877,-0.0123530159,0.0090399257,0.0190911870,0.0508176556,0.0128225793,0.0198279918,0.0078190106
43.0000000000,-0.0366115545,0.0291453454,0.0088225691,-0.0234256892,-0.0099409054,0.0057663962,0.0016680407,0.0013132903,0.0203549455,0.0014623664,0.0044782956,-0.0032215808,0.0116293153,-0.0116948213,-0.0093540424,0.0091359803,0.0060312196,-0.0248221485,0.0024012082,0.0042906882,-0.0031509577,-0.0048370936,-0.0173534508,-0.0214559845,0.0237538222,-0.0208763018,-0.0126434880,-0.0125739100,0.0288484100,0.0341749625,0.0048774904,0.0152380103,-0.0106035079,-0.0001136761,-0.0014870056,0.0327784999,0.0223139978,0.0121265656,-0.0300083127,-0.0339142097,-0.0337825263,-0.0181604924,0.0002719415,0.0246910505,-0.0037697791,0.0211613858,-0.0064825605,0.0010989080,-0.0252640249,-0.0348587097,0.0051488402,-0.0270050334,0.0021126449,-0.0156839155,0.0009146146,0.0338316192,-0.0193918271,0.0441251093,-0.0149480697,0.0275167170,-0.0030022100,0.0262356458,0.0117843492
44.0000000000,-0.0326080454,-0.0011766416,0.0091366916,-0.0088342905,-0.0068266168,0.0323520990,0.0238156259,-0.0199178169,-0.0004283230,-0.0074672479,0.0088064518,-0.0119981653,0.0093311882,0.0127638896,0.0105330482,0.0360159301,0.0126840167,-0.0180316410,-0.0166499514,0.0074545211,0.0161389291,-0.0054768998,-0.0204604767,-0.0302483378,0.0363811039,-0.0150943151,0.0179810422,-0.0258528621,0.0444764897,0.0229009880,0.0019171312,0.0083762412,-0.0192487918,-0.0267965749,-0.0231151162,0.0161015938,0.0006569426,0.0051386085,-0.0118811695,-0.0150121663,-0.0395004034,-0.0129241338,-0.0024265918,0.0280643129,0.0117858258,-0.0008668997,-0.0176901521,-0.0053249563,-0.0224168627,0.0166348250,0.0269031927,-0.0143867813,0.0188280856,0.0059025776,0.0169577101,-0.0174847591,-0.0259526976,0.0283619088,-0.0105830914,0.0240819568,0.0031280865,0.0187717139,0.0164493892
45.0000000000,-0.0015708251,0.0139304024,0.0109698737,-0.0070485660,-0.0001239156,-0.0065842543,0.0056431782,0.0194550979,-0.0064577792,0.0068738764,-0.0125699903,0.0126341968,0.0039186458,-0.0061505996,0.0046940662,0.0044454183,0.0018796779,-0.0089533229,0.0092126741,-0.0030217945,-0.0159041101,0.0002822995,-0.0066201403,-0.0086409074,0.0010830525,-0.0042643207,-0.0144885996,0.0000976345,-0.0038416658,0.0219420108,0.0068611824,0.0096573208,0.0084109763,0.0114038210,-0.0005823806,0.0278290553,-0.0211938297,0.0005786515,-0.0183108346,-0.0070118067,-0.0173786327,-0.0039071739,-0.0182071191,-0.0082113088,-0.0008144597,0.0075138547,-0.0052255961,0.0069574129,-0.0156297498,0.0085423122,-0.0085943051,0.0031426849,-0.0005649548,-0.0239267793,0.0119990735,0.0074020036,-0.0046624904,0.0211285182,-0.0067360795,0.0087873494,0.0129084872,0.0101606527,0.0243051228
46.0000000000,-0.0039438178,-0.0141270216,-0.0054183143,0.0058234697,-0.0161113503,-0.0204402153,0.0229664357,0.0006512340,-0.0002761674,-0.0136247676,0.0077543396,-0.0084350469,0.0029902912,0.0015962778,-0.0142724352,0.0205151187,0.0144325585,-0.0116774357,0.0136246636,0.0076663478,-0.0026530803,-0.0269270859,0.0121005836,0.0045911980,0.0116479074,-0.0157193427,0.0213586595,-0.0062790726,0.0071057086,0.0073516293,0.0036964476,-0.0002971990,-0.0217718800,0.0030259865,-0.0175067121,0.0243906012,0.0055165945,0.0115971313,-0.0252838810,-0.0041499790,0.0080878828,-0.0450142196,0.0285325318,0.0202167557,-0.0236785083,0.0130991672,0.0181309404,0.0029588583,-0.0175046130,-0.0275476561,0.0013581984,0.0023082278,-0.0239361290,-0.0064377176,0.0164469403,0.0115887506,0.0058211441,0.0203730549,-0.0098289799,-0.0152783285,0.0144279047,-0.0047802640,0.0084423745
47.0000000000,-0.0129278659,0.0029818224,0.0066669694,-0.0032586896,-0.0237195031,0.0211740531,0.0049488151,-0.0256304066,0.0214480008,-0.0208193964,0.0064215395,-0.0000735355,-0.0136788808,-0.0020429023,-0.0044678642,0.0166614652,0.0188341239,-0.0146349565,-0.0019402383,0.0025807723,-0.0061288755,0.0014908367,-0.0134359242,-0.0117251470,0.0127547805,-0.0071593396,0.0148503886,-0.0062150523,-0.0065432451,0.0178590141,0.0121199598,0.0029303260,-0.0177651695,0.0032730792,-0.0017019800,0.0188384252,0.0128249133,-0.0274689021,-0.0134655575,-0.0006620945,-0.0435191476,-0.0082415372,-0.0115127632,0.0163720087,-0.0135415004,-0.0124908382,-0.0038796373,-0.0002788126,-0.0321366221,-0.0143888578,-0.0113687827,-0.0101090716,0.0153754398,0.0174678149,0.0234288745,0.0159073873,-0.0285171283,0.0284773501,-0.0319546353,0.0231216992,-0.0151246614,0.0145303886,0.0096758312
48.0000000000,-0.0248521802,0.0004033039,-0.0337061460,-0.0098034926,-0.0084470532,0.0025214262,0.0192341740,-0.0034271053,0.0172732780,-0.0126113610,0.0172178849,-0.0027331838,-0.0166760493,0.0020069781,-0.0013735171,0.0288569260,0.0152717718,-0.0315925159,0.0033949635,-0.0062779071,0.0018120923,0.0083231990,-0.0203763924,-0.0104069999,0.0029052917,-0.0187336612,0.0285848735,0.0028018853,0.0402834950,0.0067289015,-0.0102093513,0.0001123648,0.0050849512,-0.0055913680,-0.0031030870,0.0177197163,-0.0034338342,-0.0190148147,-0.0313298173,-0.0204272202,-0.0176272520,-0.0202808744,0.0085032759,0.0307921056,-0.0086949481,0.0115704545,0.0089942061,0.0033753937,-0.0395355261,-0.0143325687,0.0062847912,0.0159090925,-0.0084366688,0.0026463151,0.0218958211,0.0220552206,-0.0053158440,0.0171989747,-0.0218694989,0.0228514776,0.0047220349,-0.0060481511,0.0400874290
49.0000000000,-0.0301332276,0.0176646559,-0.0053181545,-0.0141974153,-0.0037893848,-0.0004200164,0.0115559467,0.0039453013,-0.0122992153,-0.0120120393,0.0108616507,-0.0190876121,0.0297923922,0.0111937072,-0.0028084334,0.0050257016,0.0063538599,-0.0177981925,-0.0101386955,-0.0203494972,-0.0116695231,0.0039521076,-0.0176493389,0.0043694991,0.0171018189,-0.0268853498,0.0178264601,-0.0112044349,-0.0078575722,0.0259288277,-0.0104077300,-0.0173469057,-0.0157106694,-0.0059039494,0.0032187469,0.0165472879,0.0169515891,-0.0077960440,-0.0420604463,0.0021874657,-0.0447139193,-0.0081279362,0.0004479986,0.0203990091,-0.0134913042,-0.0082949444,-0.0186510688,0.0061201128,-0.0353775621,-0.0228953961,0.0145674510,-0.0002880799,0.0223095543,0.0060090564,0.0173634034,0.0122850012,-0.0128936457,0.0353484086,-0.0175919507,0.0058329559,0.0131903303,0.0380723046,0.0059728385
50.0000000000,-0.0142284097,0.0141476347,-0.0262697482,-0.0265439864,-0.0080880271,-0.0199844629,-0.0137024170,-0.0136781640,-0.0029820394,0.0183245622,-0.0012406215,0.0073932333,0.0207341236,-0.0166652360,-0.0005708307,0.0235389897,0.0128014768,-0.0277763397,-0.0056584747,0.0217269065,-0.0091708536,-0.0084240924,-0.0065669503,-0.0208074101,0.0003008668,-0.0329436210,0.0019413173,-0.0093682939,0.0159417520,0.0314020915,-0.0047318796,0.0139646207,0.0039493371,-0.0117817414,0.0225158620,0.0368449022,0.0301973839,-0.0275639162,-0.0293821350,-0.0129375128,-0.0369595218,0.0074216629,0.0119247983,0.0084670854,0.0208684433,0.0112452742,-0.0238010328,-0.0137235069,-0.0213085197,-0.0330174729,-0.0087296655,-0.0001359066,0.0204964978,0.0127236301,0.0201033041,0.0214552601,-0.0038013176,0.0174826308,-0.0116823346,0.0078202853,0.0013554145,0.0083630833,0.0282375966
51.0000000000,0.0073052427,0.0050319342,-0.0095389629,-0.0029144942,-0.0064910689,0.0152276678,-0.0004842425,0.0037827959,0.0200714806,0.0027669555,0.0204556808,-0.0337195788,0.0104796715,-0.0049391376,0.0068601353,0.0091308355,-0.0000422112,-0.0206789359,0.0129569666,-0.0083004461,0.0019989720,-0.0025278415,-0.0300177126,-0.0235171058,-0.0078253394,-0.0037245650,0.0045385909,-0.0147563494,0.0116678210,0.0083848251,0.0064350704,0.0005286206,-0.0180205282,-0.0113466295,-0.0231395366,0.0195838116,0.0172404625,-0.0025675215,0.0013550235,-0.0175876731,-0.0291093389,-0.0020201314,0.0006420981,0.0054890574,-0.0002310556,0.0268171611,0.0024402799,-0.0026988953,-0.0369271549,-0.0106722664,0.0045710520,0.0034313866,0.0301047807,-0.0075085382,0.0196830538,0.0040193918,-0.0256544123,0.0134473716,0.0005900667,0.0137221780,0.0437426938,0.0166232959,0.0274125842
52.0000000000,-0.0297299635,-0.0059632499,-0.0251677026,0.0172806452,-0.0089649022,-0.0178829909,0.0166125725,0.0149280113,0.0016712512,-0.0182635155,0.0155784091,-0.0096039251,0.0073764840,0.0056086665,0.0077429388,0.0274720821,0.0193821001,-0.0186903089,0.0136611928,-0.0155228365,0.0077329412,-0.0241284893,0.0193562069,-0.0043652972,0.0182494699,-0.0109294175,-0.0029476459,0.0064760191,0.0123153752,0.0177142758,-0.0054815614,-0.0019500354,-0.0082962382,0.0041356481,0.0088802898,0.0205728834,0.0055022971,0.0028951188,-0.0288980855,-0.0156189393,-0.0392603355,-0.0189188429,0.0145091320,0.0067602205,-0.0125469659,-0.0053299680,-0.0046498233,-0.0042156401,-0.0251715857,-0.0181978090,0.0137036034,-0.0128607721,0.0010671150,-0.0007779125,0.0307293886,-0.0216771776,0.0164467609,0.0394301401,-0.0092233260,0.0218852450,-0.0139806741,0.0124996711,0.0291289169
53.0000000000,-0.0385393994,0.0156160444,-0.0223699464,-0.0019626966,-0.0038080782,0.0076139664,0.0182158163,-0.0005222561,0.0152149320,-0.0148631000,0.0257678689,-0.0180949455,0.0010486362,0.0061596608,0.0122404767,0.0281198144,0.0231536080,-0.0437231950,0.0169541997,0.0069767642,-0.0025398519,-0.0281242296,0.0113550397,-0.0402665405,0.0063532526,-0.0433912857,-0.0016750534,0.0026561779,-0.0013609628,0.0431431051,-0.0368498169,-0.0132806076,-0.0480576947,-0.0079958933,0.0052205225,0.0393401562,0.0371052020,-0.0157164226,0.0048820596,-0.0144634463,-0.0127875762,0.0063297446,0.0165114624,0.0196913157,0.0042198167,0.0042097641,-0.0203947142,0.0043812684,-0.0279312548,-0.0188536187,0.0068287236,-0.0229926585,0.0248726017,0.0264835441,0.0265929474,0.0066837494,-0.0146925942,0.0366304818,-0.0030393758,0.0306142362,0.0115407288,0.0275876245,0.0075951646
54.0000000000,-0.0088648603,-0.0127155030,0.0031686502,-0.0010590424,-0.0207079325,0.0018317589,0.0067410867,0.0009154892,0.0001680487,0.0187527477,-0.0000726375,-0.0222964858,0.0040907399,-0.0108753297,0.0322154346,0.0262405565,0.0202654887,-0.0262505018,-0.0240877071,-0.0196112369,-0.0184348555,-0.0141716685,-0.0480797089,-0.0099253553,0.0047098304,-0.0064711447,-0.0012001098,-0.0192198720,0.0088402501,0.0082825953,0.0140590543,-0.0085312971,-0.0106906304,-0.0039968350,0.0079721822,0.0339461813,0.0264531001,-0.0052668437,-0.0140323450,0.0012064811,-0.0440578538,-0.0129453120,0.0007907662,0.0283744029,-0.0085031181,0.0085998604,0.0036298691,-0.0028023486,-0.0240373544,0.0026134385,0.0124161538,-0.0176580636,0.0032859929,0.0009789255,0.0308895105,-0.0120335884,-0.0110376487,0.0367637572,-0.0124993418,0.0196311436,0.0027588518,0.0402918085,0.0131460929
55.0000000000,-0.0122353971,0.0032892949,-0.0098295883,-0.0033307316,-0.0195125324,0.0129246765,0.0165276068,-0.0001921653,0.0069500484,-0.0128771256,0.0444631494,-0.0125301978,0.0130143559,-0.0091691939,0.0139690121,0.0164054012,0.0192200841,-0.0206281009,0.0274990130,-0.0045137849,0.0142854260,-0.0040880813,-0.0233381154,-0.0065073018,0.0174179355,-0.0127141032,0.0241473351,0.0012402595,0.0278685587,0.0177358065,-0.0147496724,-0.0293989592,0.0061117846,-0.0004977377,-0.0048789181,0.0198042494,0.0178773209,0.0267234497,-0.0118054169,-0.0174367567,-0.0260855901,-0.0023548425,0.0099827429,0.0122838020,0.0082963849,-0.0116311014,0.0001467967,-0.0018651913,-0.0449234719,-0.0192019324,0.0306686120,0.0152919044,0.0047237237,0.0162695203,0.0153836264,0.0118182257,-0.0310227156,0.0355627390,-0.0133870366,0.0027428918,0.0122063351,0.0273507934,0.0103462170
56.0000000000,-0.0052112430,-0.0018355333,-0.0264070626,-0.0019017099,0.0020519621,-0.0019630387,0.0071907304,0.0060904114,0.0085939817,-0.0060868397,0.0169629664,-0.0120564759,-0.0051391549,0.0034082484,0.0102926057,0.0027174008,0.0140404197,-0.0170538502,0.0089407397,-0.0228380265,0.0101630185,-0.0007531347,-0.0282393421,-0.0040595501,0.0059147543,-0.0119164633,0.0064805745,-0.0051063428,0.0167338845,0.0060929385,0.0083989357,-0.0167183980,0.0001182535,0.0041196780,-0.0195223759,0.0065093644,0.0064881742,-0.0312042607,-0.0345526934,-0.0260582854,-0.0311510482,0.0132827262,0.0079448682,0.0152846066,-0.0213627653,-0.0068970627,-0.0079905716,0.0111054654,-0.0203633856,-0.0173301591,-0.0148378740,0.0062653444,0.0243910166,-0.0072585369,0.0308636580,-0.0077076863,-0.0209971132,0.0288528647,-0.0498599986,-0.0010942811,0.0192587332,0.0194958108,0.0085603702
57.0000000000,-0.0091460423,0.0093680507,-0.0031836738,-0.0078656326,-0.0254427422,-0.0053236714,0.0050900008,0.0138510837,0.0123920083,-0.0052282339,0.0254113704,-0.0116492447,-0.0012028797,0.0050370515,0.0117139201,0.0477865941,0.0178824563,-0.0360141338,0.0038997610,-0.0157146505,0.0033376670,-0.0052287799,-0.0293368619,-0.0164779759,0.0044799843,-0.0263440272,-0.0073475389,0.0047241064,0.0063534184,-0.0040228531,-0.0183839583,-0.0024578845,-0.0251499428,-0.0035105510,0.0001211578,0.0247608076,0.0071691208,-0.0032696130,-0.0225729151,0.0077556514,-0.0462299854,0.0061339937,0.0035811101,-0.0029792875,-0.0103744072,0.0037226382,-0.0000647926,0.0146458877,-0.0214796807,-0.0227794300,0.0124695280,-0.0099826766,0.0181223208,-0.0030653421,-0.0089747645,-0.0099444851,0.0051156281,0.0259337878,-0.0048423678,0.0052749219,0.0014954755,0.0053046944,0.0295760228
58.0000000000,-0.0005967209,0.0049863966,-0.0156555900,-0.0211865107,-0.0254791363,0.0108995319,0.0228892654,0.0026854754,-0.0131408543,0.0314381643,0.0085820128,-0.0253645478,0.0170027906,0.0038768687,0.0033363788,0.0321610213,-0.0009786708,-0.0044740116,0.0069922484,-0.0207728216,0.0102462672,-0.0051351119,-0.0192871822,-0.0236715582,0.0011778259,0.0054708855,0.0098912730,-0.0067749544,0.0112971814,0.0148799495,-0.0157896173,0.0073011340,-0.0234778942,-0.0236828669,-0.0294138586,0.0227657721,0.0062148912,-0.0134334047,-0.0103530580,0.0143849733,-0.0296962089,-0.0068110142,0.0029618705,0.0078704644,0.0009224501,0.0131063553,-0.0096460929,-0.0104229788,-0.0081031968,-0.0069738490,0.0053800320,0.0046934251,-0.0004450159,0.0093093793,0.0204279783,0.0125851621,0.0033211092,0.0215759112,-0.0128141244,0.0314945577,0.0086659373,0.0212965466,0.0201505509
59.0000000000,-0.0051457759,-0.0025562794,0.0033498332,-0.0122175992,-0.0003012847,0.0296989381,0.0043131027,0.0296700508,-0.0047899793,0.0014039598,-0.0204711490,-0.0064352100,0.0056506024,-0.0016107412,-0.0101777329,0.0446691753,0.0210619392,-0.0351278634,-0.0111279762,0.0008695709,0.0069190588,0.0050266654,-0.0463372771,-0.0398744764,0.0001671515,-0.0012814887,-0.0055979695,-0.0213784510,0.0066672273,0.0097657557,0.0123872738,0.0120860293,0.0099934982,0.0022825354,0.0032826088,0.0230166664,0.0253693771,-0.0204321384,-0.0110881886,-0.0073731569,-0.0228290168,-0.0015162776,0.0483460957,0.0053781258,-0.0080138499,-0.0042727019,0.0172818906,0.0197149971,-0.0290609233,-0.0135978996,0.0077594795,-0.0061433047,-0.0005723846,0.0122993167,0.0301276943,0.0187497841,-0.0291324221,0.0313317648,-0.0193161376,0.0042372814,0.0152580157,0.0152479709,0.0149202028
60.0000000000,0.0012905737,0.0064918492,0.0101978994,-0.0142178017,0.0093519005,0.0126946305,0.0061640393,-0.0129694926,-0.0073514591,0.0236027330,-0.0005813889,-0.0083331382,0.0235484781,-0.0086229076,0.0082073838,0.0180613662,0.0196518151,-0.0309093810,-0.0154322469,0.0113851819,0.0017593858,0.0041702651,-0.0127840060,-0.0225756176,-0.0103915656,-0.0253319480,-0.0039546436,-0.0039522406,0.0207725052,0.0208942086,-0.0059446815,-0.0117989683,0.0036042416,-0.0129899855,-0.0061349803,0.0367367723,0.0179921815,-0.0056114935,-0.0108523328,-0.0191999536,-0.0046662635,0.0043609289,0.0019335309,0.0301167216,-0.0026944369,-0.0168466202,-0.0046065153,0.0041552990,-0.0102865001,-0.0046926042,-0.0203585088,0.0124215595,0.0211989555,0.0088417364,0.0229294822,-0.0098047399,-0.0055074688,0.0402366451,-0.0218093348,0.0176690304,0.0161731117,0.0123132707,0.0253315519
61.0000000000,-0.0068528198,0.0011690772,-0.0252031178,-0.0062512629,0.0090165960,-0.0125622639,-0.0010893555,0.0084604516,0.0043437537,0.0005405951,0.0146311513,-0.0122956614,0.0220694003,-0.0054785297,0.0171842154,0.0173398844,0.0212132414,-0.0283613614,0.0053011490,-0.0057173706,-0.0005414375,-0.0108213207,-0.0105742268,-0.0349064120,0.0162083787,-0.0140152572,-0.0038481354,0.0096578137,0.0033059997,0.0378978347,-0.0005453581,-0.0099246852,-0.0102170849,0.0208328514,-0.0179963662,-0.0015287527,0.0162022823,-0.0059271198,-0.0122515713,0.0024187822,-0.0268307707,-0.0014663947,0.0223458504,0.0148323770,-0.0077440478,-0.0022618737,-0.0245413357,0.0085449358,-0.0310243789,0.0083927843,0.0091868709,-0.0122094951,0.0269219761,-0.0178790391,0.0545071898,-0.0034589920,-0.0218438507,0.0342660835,-0.0292552497,0.0192072755,0.0088804891,0.0019235562,0.0283199944
62.0000000000,-0.0217247472,0.0412226467,-0.0015644904,-0.0075478183,-0.0236961349,0.0148719050,0.0121270495,0.0048817718,-0.0113189226,-0.0129071969,0.0203338933,-0.0120318838,0.0191711833,0.0059393482,0.0036670732,0.0382864139,0.0147430762,-0.0085563032,0.0116124086,-0.0127422836,-0.0014121974,-0.0370704547,-0.0290422684,-0.0334815319,0.0289018812,-0.0059346558,0.0007300717,-0.0087917902,0.0204972274,0.0179524269,-0.0011247277,0.0034196267,-0.0171343118,0.0029727417,-0.0025438431,0.0493080263,0.0284028415,-0.0174369548,0.0025391956,-0.0259297588,-0.0168081012,0.0110188486,0.0229518252,0.0104889511,-0.0118456228,-0.0047495047,-0.0088712068,-0.0014153814,-0.0449350906,-0.0203356071,0.0138968731,0.0141578473,0.0133517265,0.0015597101,0.0363390278,0.0167080832,-0.0367967307,0.0488224711,-0.0474317239,0.0243909754,0.0140664608,0.0171267283,0.0241175898
63.0000000000,-0.0192511693,-0.0042377092,-0.0211608369,0.0053827944,-0.0197512088,0.0169156131,0.0130364015,0.0048832365,0.0148303536,-0.0177971390,0.0172845590,-0.0191322443,0.0025877775,-0.0054498468,0.0035136598,0.0362127186,0.0026504607,-0.0189348128,-0.0001458630,-0.0063863578,0.0048283526,-0.0117171796,-0.0020721070,-0.0303035207,0.0191118526,-0.0055745198,-0.0087582200,-0.0197781511,0.0085856484,0.0116853059,-0.0257834669,0.0051013959,-0.0047944198,0.0169660273,0.0007431761,0.0347158830,0.0112024553,0.0050424192,-0.0433172031,0.0011335080,-0.0179694868,-0.0171766689,0.0138315549,0.0094745861,-0.0362779014,0.0213821732,0.0090605648,0.0060650464,-0.0436967256,-0.0055964406,0.0124109448,-0.0051643047,0.0244496024,0.0077592095,0.0341184560,0.0152273253,-0.0041358513,0.0336705167,-0.0310751500,0.0150397491,0.0127602138,0.0062392428,0.0203958287
64.0000000000,-0.0325005750,0.0006519801,-0.0193832898,0.0093172900,-0.0003879513,-0.0031627525,0.0013683741,0.0215079160,0.0273289452,-0.0094337474,0.0246482875,0.0101216897,0.0227783801,0.0041758035,0.0096203175,0.0311072999,0.0088222210,0.0083829807,0.0128043761,-0.0004265155,-0.0099103665,0.0152922889,-0.0052191703,-0.0154078100,0.0194542205,-0.0000198767,0.0078120513,-0.0237968853,-0.0010941957,0.0160514237,0.0015154325,-0.0005976394,-0.0167093864,-0.0196696934,-0.0058628389,-0.0054131156,0.0092787648,-0.0095422209,-0.0078625355,0.0029246004,-0.0312208791,-0.0066906720,0.0205174241,0.0182859767,-0.0045564447,-0.0042857680,-0.0176183399,-0.0116244471,-0.0288515257,-0.0013367597,0.0134946113,-0.0001309855,0.0100088833,0.0113936377,0.0248084756,0.0162320253,-0.0149578901,0.0441712295,-0.0077715069,0.0178651832,0.0057451015,0.0118407857,0.0047990698
65.0000000000,-0.0165472119,0.0287726829,-0.0025681128,0.0132736960,-0.0287487712,0.0097797188,0.0249369413,-0.0146594799,-0.0031535721,-0.0267834894,0.0006478811,-0.0114060698,0.0249049721,0.0071415231,0.0127092540,0.0492692263,0.0136234936,-0.0646306612,-0.0030305876,-0.0001733196,-0.0104847178,0.0063282410,-0.0206191270,-0.0294599526,0.0201152814,-0.0257935996,0.0108404993,-0.0037418144,0.0230845095,0.0170725346,-0.0167175134,0.0037097556,0.0061025134,-0.0150975505,0.0121685274,0.0340918449,0.0134073030,0.0029386004,-0.0227082102,-0.0062065144,-0.0392875477,0.0001507549,0.0007300626,0.0103350856,-0.0083819561,0.0058203184,-0.0047389552,0.0147133401,-0.0480541005,-0.0362244381,-0.0030166321,0.0224469221,0.0301350241,0.0197247573,0.0187181277,0.0039892421,-0.0297101253,0.0420631234,-0.0620489458,-0.0043838783,-0.0069446184,0.0292099364,0.0082654741
66.0000000000,0.0049208874,0.0144161441,-0.0146560459,-0.0153035471,-0.0172763565,0.0109355696,0.0389762125,-0.0112267222,-0.0142757353,-0.0343544111,0.0027769711,-0.0100832294,0.0205300263,-0.0031437175,0.0106786205,0.0037971622,0.0137385180,-0.0159295338,0.0300411857,0.0019815193,-0.0066887102,0.0124347821,-0.0059001605,-0.0052172962,0.0246492190,-0.0124747652,0.0049440992,0.0148112442,0.0162815440,-0.0005459219,-0.0064120820,0.0236961942,-0.0115210581,0.0050604806,0.0053052739,0.0350373328,0.0166125501,-0.0083208333,-0.0089561773,-0.0097799614,-0.0371715905,-0.0170153509,-0.0018372834,0.0033486274,-0.0133983617,0.0189505447,0.0036624440,0.0335519808,-0.0053577231,0.0005760983,0.0168786057,-0.0155717956,0.0069305455,-0.0137356245,0.0174239805,0.0111126956,-0.0048987200,-0.0008895873,-0.0156945281,-0.0040583648,0.0013597105,-0.0017989629,0.0168591506
67.0000000000,-0.0042360367,-0.0035392492,-0.0158803979,-0.0055686708,0.0212672983,0.0000545090,0.0026394800,0.0171608163,-0.0117601245,-0.0106840493,0.0153275804,-0.0204013705,0.0230357405,0.0187670353,0.0148583085,0.0065361018,0.0134412839,-0.0144839972,-0.0045668942,0.0088766838,0.0021579305,-0.0000262218,-0.0180235352,-0.0156454929,0.0132822183,-0.0111004566,-0.0155648165,-0.0028264420,0.0122407425,0.0142883035,-0.0049503700,-0.0022184261,-0.0041503525,0.0022970995,0.0073793124,0.0081062382,-0.0110782023,-0.0073097526,-0.0064117360,-0.0097577084,-0.0209552326,0.0167255057,0.0212789434,0.0236936331,-0.0018609769,-0.0128460696,-0.0009902188,0.0096911178,0.0177296785,0.0053378368,-0.0178187526,0.0006299783,0.0350386514,-0.0007693710,0.0150432202,-0.0033764132,-0.0164717101,-0.0003606382,-0.0108385072,-0.0108946566,0.0049240890,0.0091052742,-0.0105036918
68.0000000000,-0.0176602309,0.0330557408,-0.0152897771,-0.0177718148,-0.0049340554,0.0107204333,0.0105785150,-0.0024181517,0.0067414888,0.0021184253,-0.0058037390,-0.0254077782,-0.0039904658,0.0046559431,0.0176249891,0.0113145798,0.0084059029,-0.0133782804,0.0014457897,0.0056890861,-0.0123025723,-0.0018917257,-0.0114308280,-0.0125060511,0.0187352112,-0.0026140861,0.0037152333,-0.0070752818,0.0101275906,-0.0070880803,0.0129202968,-0.0091903269,-0.0282823729,0.0103884807,0.0190160397,0.0584294790,0.0135045904,-0.0015942914,0.0146402002,-0.0029037228,-0.0065937501,-0.0099216143,0.0289253441,0.0275937010,0.0009522077,0.0102445423,-0.0061667029,-0.0070416003,-0.0136582622,-0.0180742179,0.0068544257,0.0009961979,0.0336220650,-0.0060223814,-0.0097834139,0.0033427532,-0.0156813281,0.0376902897,0.0061118536,0.0026722691,-0.0103189998,0.0116872966,0.0050848751
69.0000000000,0.0006759294,-0.0047075966,0.0181917799,0.0049389870,-0.0076290497,0.0043637251,0.0208617633,0.0242627223,-0.0108134996,0.0075232534,0.0029184560,-0.0170336117,-0.0005071459,0.0141048780,0.0147004606,0.0123634194,0.0076647328,-0.0179477328,0.0173441620,-0.0235967372,0.0125576697,0.0207559005,-0.0114255361,0.0016985912,0.0058110365,-0.0010476443,0.0002065621,-0.0001067842,0.0052209369,0.0132902553,0.0038907181,0.0112123093,-0.0128788005,0.0076292107,0.0034137573,0.0010055190,0.0113774394,0.0042460170,-0.0129190069,-0.0029987406,-0.0214846401,-0.0071837115,-0.0166014542,0.0041174984,-0.0109459323,0.0136870405,-0.0198283676,0.0036048344,-0.0305916446,0.0078546627,-0.0200873466,-0.0088546862,-0.0116939304,-0.0034535591,0.0076938672,0.0153656111,-0.0022219663,0.0294214520,-0.0364901085,-0.0167458260,0.0115936326,0.0107387159,0.0225846881
70.0000000000,-0.0186168771,0.0012692025,-0.0034733565,-0.0112880558,-0.0012169973,-0.0092521993,0.0187435548,0.0020580108,-0.0060973038,-0.0032194287,-0.0077284600,-0.0136197322,0.0131913598,-0.0044007227,0.0042508620,0.0114813866,0.0174074943,-0.0168826175,-0.0006869561,-0.0010357308,0.0150341645,0.0126524526,-0.0283933124,-0.0124126323,0.0061105703,0.0066710908,0.0050540498,-0.0260014882,0.0166878924,0.0124405015,-0.0104411075,0.0052262557,0.0125204645,-0.0143515563,-0.0127384835,-0.0108811896,0.0039258355,0.0012150492,-0.0135583347,-0.0026496306,-0.0050428519,0.0004314619,-0.0222431546,0.0157064549,0.0006246773,0.0104765847,0.0030636202,0.0131693608,-0.0068499823,-0.0130371553,0.0084068652,0.0172189651,0.0246264154,0.0040990564,-0.0075604386,-0.0007341694,-0.0010233914,0.0320115449,-0.0132826462,0.0005048092,0.0011665488,0.0229515009,0.0195583353
71.0000000000,0.0012916598,0.0173057207,-0.0192563056,-0.0041061098,-0.0126719983,0.0035455747,0.0139474656,-0.0076380402,0.0105450812,0.0015759793,0.0046544661,-0.0120033507,0.0175861617,0.0068755687,-0.0083262545,0.0067423653,0.0233335303,0.0030523215,0.0111192354,-0.0081821327,-0.0193332420,0.0027510916,-0.0008501166,-0.0338787176,0.0111667255,-0.0379027164,0.0054132205,0.0095767871,-0.0101470445,0.0154770538,-0.0092950116,-0.0073765486,-0.0032962820,0.0029621533,0.0014159572,0.0054527922,0.0198184532,-0.0111539480,-0.0156106451,-0.0064141627,-0.0481947200,-0.0130979035,-0.0026126000,0.0203311295,0.0202097353,0.0061432291,-0.0015301478,-0.0035777787,-0.0224652433,0.0015546362,0.0047950319,-0.0027917751,0.0340973096,0.0224819024,0.0175868724,0.0091922574,-0.0090528603,0.0304366088,-0.0197424849,0.0166456988,-0.0084774954,0.0269916775,0.0177247146
72.0000000000,-0.0150239808,0.0101158292,0.0060997241,-0.0237956478,-0.0299551332,0.0147798533,-0.0015627997,0.0009553562,0.0314556151,0.0018413232,0.0161294608,-0.0089608116,-0.0076526944,0.0015620885,0.0049401253,0.0109341629,0.0101360231,-0.0405218520,0.0161562753,0.0218930629,0.0108781460,-0.0161724305,-0.0028128988,-0.0240808115,0.0314690091,-0.0198363950,0.0069932960,-0.0036677283,0.0246686730,0.0241411197,-0.0085076927,0.0131016851,-0.0098179867,-0.0009550458,0.0215217894,0.0115111304,0.0251887261,-0.0037749716,-0.0462738528,-0.0192411800,-0.0528037946,0.0172561573,0.0062850111,0.0148383138,-0.0042191642,0.0089701924,0.0012647037,0.0095329478,-0.0457244133,-0.0085722535,0.0303888584,0.0134634132,-0.0043559314,-0.0081081140,0.0178955427,-0.0052765110,0.0055146375,0.0452616826,0.0050242670,-0.0024755424,-0.0010573650,0.0405931741,0.0101482272
73.0000000000,-0.0024999186,0.0009706542,-0.0060587926,-0.0131441540,-0.0198101553,0.0042454505,0.0060473129,-0.0174180910,-0.0092581998,-0.0021604295,0.0090083839,-0.0148047553,0.0047025209,-0.0190235656,0.0301342986,0.0231741644,0.0269648758,-0.0340901181,0.0071883559,-0.0095616149,0.0094694292,0.0002577893,-0.0080717897,-0.0170219629,0.0077788576,0.0023195008,0.0113912044,-0.0019114535,0.0158371855,0.0156188810,0.0029719995,0.0213604697,-0.0056813962,-0.0351547858,0.0024965089,0.0215849684,0.0050865260,0.0207423177,-0.0311779451,-0.0213851211,-0.0193331112,0.0143063635,0.0142366674,0.0139487573,0.0109859074,0.0215730950,0.0288312270,0.0102006283,-0.0267598744,-0.0206877460,0.0156675866,-0.0083009396,0.0361613658,0.0003126543,-0.0003238676,-0.0100050427,-0.0466075625,0.0270800974,0.0085545580,0.0270877379,0.0163873969,0.0239667391,0.0111970934
74.0000000000,-0.0117871848,0.0111626543,-0.0059190144,0.0028668972,0.0006754584,0.0071320461,0.0088557829,-0.0010953938,-0.0030535556,-0.0106816756,-0.0002013824,-0.0056787785,-0.0128316110,0.0014471771,0.0005764785,0.0399978025,0.0082804702,-0.0312118339,0.0060847667,-0.0113222672,-0.0177505032,-0.0086711538,-0.0101451968,0.0066406117,0.0164810687,0.0090314317,0.0132015912,-0.0007149326,0.0058373573,0.0194503471,-0.0029806634,0.0037618719,-0.0083788127,-0.0005761402,-0.0032403996,0.0325896612,0.0049180549,-0.0084571726,-0.0255717017,0.0043872677,-0.0127893391,-0.0140706149,0.0022779175,0.0383538730,0.0046811869,0.0159852753,-0.0020482379,0.0000837550,-0.0228601334,-0.0170809714,0.0104268136,-0.0105764994,0.0241836600,-0.0052907678,0.0345153796,0.0075066988,-0.0041395956,0.0288600688,-0.0076429705,0.0120353521,0.0146581357,0.0083855879,0.0350535987
75.0000000000,-0.0247703911,0.0248783680,0.0074912873,-0.0034442295,-0.0076920711,-0.0026114790,0.0297506352,-0.0212465952,-0.0018902437,0.0173724011,0.0320775168,0.0094225438,-0.0058339287,-0.0087710437,-0.0005757276,0.0191982203,0.0027247503,-0.0414715751,-0.0060937392,0.0058326130,0.0069593218,-0.0052137217,0.0013252591,0.0089388042,0.0036045053,-0.0178058909,0.0200182403,-0.0290638378,0.0078169533,0.0344937071,-0.0020743094,0.0086851605,-0.0289782783,0.0259434506,0.0004051298,0.0263538036,0.0235001119,-0.0304762175,-0.0296790263,-0.0153474211,-0.0390361754,-0.0212839486,0.0192897060,0.0159167238,-0.0046689490,-0.0025278093,0.0055809601,-0.0030415479,-0.0225232596,-0.0166613642,0.0072618110,-0.0165210124,0.0223954759,-0.0159067984,0.0272055262,-0.0001212777,-0.0219126334,0.0528782523,-0.0159279720,0.0239384746,-0.0131505928,0.0166461807,0.0089196582
76.0000000000,-0.0089927947,0.0093633304,0.0045270913,-0.0291593648,-0.0164486980,-0.0024535369,-0.0137839917,-0.0170709726,0.0224154932,-0.0189541254,0.0082649910,-0.0039359073,0.0083620403,0.0097023122,-0.0082564322,0.0118744842,0.0122074619,-0.0245860281,0.0006016074,-0.0291280219,0.0008262001,0.0023109875,-0.0032167391,-0.0225554585,0.0147498609,0.0082050756,-0.0041292375,-0.0023371197,0.0224663612,0.0004541865,0.0039418998,-0.0344207157,0.0257191139,-0.0112898234,-0.0000406025,0.0036186666,-0.0205032777,-0.0089850800,0.0078389533,0.0042086715,-0.0226289105,-0.0007603651,0.0007696968,-0.0046004618,-0.0225408531,0.0259231598,-0.0116303941,-0.0008105996,-0.0131253890,-0.0037961618,-0.0157890401,-0.0202065121,-0.0018899792,0.0144160725,0.0072185415,0.0083466192,0.0067546502,0.0101661609,-0.0301462780,-0.0049122764,0.0093113774,0.0019843014,0.0060947212
77.0000000000,0.0136679408,0.0171447089,-0.0289156941,-0.0203091095,0.0089267823,-0.0035008127,-0.0020236108,0.0035365499,-0.0008358879,-0.0309521477,0.0010024972,0.0002811728,-0.0048050066,0.0290536357,0.0126963057,0.0171440386,0.0256557596,-0.0401510227,0.0214401384,-0.0094016593,0.0073362060,-0.0068509801,-0.0255596348,-0.0177407117,0.0322184846,-0.0129091666,0.0008121387,-0.0187087752,0.0080311081,0.0069462000,0.0056512176,0.0041792621,0.0108092766,-0.0050776346,-0.0079957791,0.0068526529,0.0243419211,0.0064278994,-0.0184038860,0.0064094279,-0.0272225833,0.0109668700,0.0018605514,0.0328959542,0.0037896067,0.0276159530,0.0234462011,-0.0139455337,-0.0366158124,0.0002584004,0.0258519298,0.0080133857,0.0125694487,0.0059948711,0.0113051351,0.0144929955,-0.0079125373,0.0051334040,0.0107292476,0.0333022199,0.0215817602,0.0167099625,0.0068150981
78.0000000000,-0.0014268473,0.0106342480,0.0064163243,-0.0030222789,0.0007010606,-0.0062423742,0.0094002153,-0.0135223762,0.0072295567,-0.0099407682,0.0179705875,-0.0000233028,0.0239520279,-0.0226427131,0.0263028754,0.0552768190,0.0204267764,-0.0324228254,0.0198065755,-0.0077973624,0.0091241289,-0.0169478594,-0.0062721972,-0.0327333599,0.0123275447,-0.0241979837,0.0130674036,0.0002443151,0.0102616202,0.0072434190,-0.0084883046,-0.0038020552,-0.0177036016,0.0001114582,0.0015786147,0.0243089512,0.0089306662,-0.0129719218,-0.0110941303,-0.0126303674,-0.0376477277,0.0196761781,0.0103822260,0.0225711499,-0.0047807883,0.0070411853,0.0108982508,0.0065731002,-0.0292065127,-0.0112676547,0.0002314579,-0.0030042450,0.0053765788,-0.0166643567,0.0242973202,0.0028495692,-0.0333258387,0.0218470902,-0.0277209839,0.0172118886,0.0051081905,0.0087095396,0.0011621842
79.0000000000,-0.0038826361,0.0029427135,-0.0004603157,0.0169437492,0.0094670646,0.0053487815,0.0073936497,0.0116431668,0.0117944054,-0.0110164076,-0.0017995870,-0.0174469074,0.0041588164,0.0132329931,0.0227776901,-0.0019417808,0.0197141658,-0.0077409833,0.0001701564,-0.0199758036,-0.0083522173,0.0113378122,0.0006330683,-0.0086528032,-0.0195255270,-0.0078816511,-0.0085418891,0.0030927653,0.0093775569,0.0150026849,-0.0203510257,0.0206281683,0.0056731716,-0.0111174153,0.0087110774,-0.0037132315,0.0208864111,0.0174839708,0.0085363515,0.0009968366,-0.0234258365,0.0185434695,0.0026984219,0.0054136136,-0.0071509788,-0.0035144581,0.0104570013,-0.0013886204,-0.0038657862,-0.0043890079,0.0015442910,-0.0061739529,0.0305830484,0.0005738200,0.0020252880,-0.0093806217,0.0134848540,0.0134852362,-0.0025504215,0.0074640894,-0.0109199847,0.0152643480,0.0271267300
80.0000000000,-0.0256298164,-0.0018770293,-0.0099373537,-0.0073682668,-0.0128208404,-0.0027698410,0.0175707887,-0.0023553326,0.0054695002,-0.0160501821,0.0029662565,-0.0582418977,0.0136183253,-0.0141410029,0.0188120328,0.0292305529,-0.0024689514,-0.0382475586,-0.0128817133,0.0165824055,-0.0212357810,-0.0055983502,-0.0175647903,-0.0251490586,0.0197442879,0.0030414161,0.0102619352,-0.0094451370,0.0284119222,0.0331787241,-0.0082636289,-0.0092875225,-0.0101470102,0.0054416842,0.0051158026,0.0180423797,0.0267566925,-0.0026884746,-0.0330545818,-0.0086472189,-0.0300397557,0.0139778567,-0.0078929747,-0.0160402990,0.0281200920,0.0181573095,-0.0188293460,0.0110092759,-0.0295741504,0.0127639611,0.0153798895,-0.0274309694,0.0175819810,0.0112431413,0.0206833371,0.0090491136,-0.0149242154,0.0289144013,-0.0156096766,0.0294184567,-0.0202504530,0.0292179447,0.0047978335
81.0000000000,-0.0035681338,0.0025755881,-0.0100034255,0.0066852173,-0.0098091362,0.0191808062,0.0013586234,-0.0081692199,0.0095981501,-0.0279585629,0.0123775443,-0.0256342782,0.0180177032,-0.0050866844,0.0175254043,0.0248506228,0.0171258977,-0.0319925046,0.0154532088,0.0106391948,0.0176868099,0.0015650317,-0.0144054740,-0.0124957798,0.0070830376,-0.0490857763,0.0221580790,-0.0139616996,0.0248995288,0.0214445371,-0.0086627299,-0.0042565427,0.0027247816,0.0167171600,-0.0037039809,0.0302529494,0.0070687844,-0.0163241523,-0.0084657794,-0.0195903673,-0.0361073609,-0.0200464912,-0.0012324712,0.0144569427,0.0046879399,-0.0109321697,-0.0031606331,0.0018000893,-0.0315870762,-0.0075417251,0.0022345287,0.0024429821,0.0160964791,0.0098969051,0.0390381005,0.0097591213,0.0039853521,0.0098641494,-0.0126123157,0.0154512894,0.0089695107,0.0146465207,0.0145948062
82.0000000000,-0.0297534892,0.0180930337,0.0165748334,0.0289133854,-0.0220079605,0.0137786321,0.0068969622,-0.0088640888,-0.0093106870,-0.0106379180,0.0140061637,-0.0185672764,0.0125135231,-0.0087468213,0.0147901654,0.0146061920,-0.0067889811,-0.0111803654,0.0109179439,-0.0100839810,-0.0137171195,-0.0076114564,-0.0039296331,-0.0055611924,0.0014486366,-0.0064015071,0.0208051174,-0.0045135409,0.0140842576,0.0109645388,0.0039364763,-0.0217480810,0.0002650112,-0.0014386828,0.0002648693,0.0061251550,0.0174326011,-0.0072927046,0.0076444883,-0.0168772155,-0.0222807899,-0.0112605925,0.0122485141,0.0068286715,0.0002919734,-0.0074550286,-0.0148679296,-0.0148611999,-0.0191013911,-0.0029862059,-0.0045934735,-0.0195435597,0.0229010174,-0.0085616425,0.0484456265,-0.0055595792,-0.0104736535,0.0276990138,0.0094361145,-0.0300774927,-0.0043827143,0.0168100954,0.0283563234
83.0000000000,-0.0213666481,0.0090815410,-0.0187702727,0.0140161180,-0.0083241890,0.0172633324,0.0198709137,-0.0031961165,0.0137056044,-0.0165899668,-0.0011976572,-0.0054328006,-0.0159918052,-0.0238784311,0.0003853425,0.0247335966,0.0120194227,-0.0251619799,0.0099100072,-0.0007564735,0.0049526963,0.0095719409,-0.0182205166,-0.0230863822,0.0055926993,-0.0195427876,0.0218408751,-0.0005849638,0.0118016606,0.0082108575,0.0141411916,0.0145359417,0.0131212227,0.0017054955,0.0133394244,0.0331849615,0.0200874219,0.0100263732,-0.0120014587,-0.0169189820,-0.0326513830,-0.0146154690,0.0187152881,0.0155322447,-0.0112069981,-0.0100261443,0.0207020668,0.0029880561,-0.0158381052,-0.0029577359,0.0088710995,0.0105393618,0.0146354202,-0.0051308999,0.0335268888,0.0196232302,-0.0151258055,0.0297121522,-0.0176180422,0.0032943906,0.0014055713,0.0162290808,0.0384790486
84.0000000000,-0.0193397415,0.0314323135,-0.0224255748,-0.0111709710,0.0019657122,0.0200661666,0.0229419949,-0.0084953461,0.0095132069,-0.0212999979,-0.0147785935,-0.0235792696,0.0095059927,0.0063216040,0.0068182817,0.0431831567,0.0100795002,-0.0260312967,0.0065895805,-0.0039274530,0.0057483180,-0.0359183336,-0.0162852559,-0.0343795937,-0.0008304807,-0.0264480599,0.0008085041,-0.0233337242,0.0243371136,0.0416542741,0.0123019896,-0.0154082626,-0.0146113433,-0.0009445711,0.0043862083,0.0188453806,0.0570202371,-0.0053859667,-0.0324207512,-0.0187193278,-0.0427048297,0.0126699055,0.0189400846,0.0449479398,-0.0035489510,0.0078468490,-0.0169947166,-0.0099256672,-0.0555993610,0.0095552150,0.0287524021,-0.0081812666,0.0468884004,-0.0131882441,0.0524611141,0.0236187420,-0.0223570519,0.0315911366,-0.0434313908,0.0145355204,0.0140762432,0.0239464279,0.0207909437
85.0000000000,-0.0321262660,0.0008782545,-0.0188245397,-0.0013524888,-0.0057129874,0.0288525192,0.0062025438,-0.0126612835,0.0222401360,-0.0141759988,0.0127495437,0.0086599350,-0.0076732690,-0.0218567735,0.0017898604,0.0255780136,0.0163345907,-0.0420437625,0.0179571841,-0.0004536030,0.0010295294,-0.0187728677,-0.0090993672,-0.0180857449,0.0049930178,-0.0173923982,0.0235630405,0.0020009054,0.0193617404,0.0263150076,-0.0212167869,-0.0080449539,-0.0181431764,0.0203165195,-0.0086198828,0.0328933705,0.0061571363,-0.0251077158,-0.0265254019,-0.0077513967,-0.0163657448,0.0013023990,-0.0060415529,0.0246480715,-0.0189001576,-0.0062093402,-0.0209524495,0.0262729204,-0.0383818522,-0.0163591555,0.0135035442,-0.0088383399,0.0316186963,0.0041593188,0.0253102650,0.0137419561,-0.0205504985,0.0043612612,-0.0416990394,0.0132928543,0.0067424349,0.0106233914,0.0348563920
86.0000000000,-0.0114259343,0.0341973571,0.0029490091,-0.0273709159,-0.0270153972,0.0004878251,-0.0094198320,-0.0040087563,0.0071688754,0.0141407102,0.0096663885,-0.0196774816,0.0251171099,0.0024720792,0.0065647476,0.0391705262,0.0410547548,-0.0111255804,0.0053922938,0.0096289119,-0.0019381620,-0.0032105022,-0.0163412125,-0.0189531064,0.0154676605,-0.0160005192,0.0152626157,-0.0094517500,0.0143770808,0.0164791024,-0.0018973850,0.0026248511,-0.0244266532,0.0041264248,-0.0065311821,0.0293640188,0.0168123982,-0.0117139780,-0.0263176011,0.0142746485,-0.0326889494,-0.0062129668,-0.0092233076,0.0191504967,-0.0171525238,-0.0283563660,-0.0082873426,0.0133239228,-0.0127748632,-0.0039467537,0.0077742942,-0.0008119844,0.0090419440,0.0064374842,0.0240385894,0.0051201463,-0.0048862801,0.0399053666,0.0017236622,0.0047435295,0.0027188476,-0.0091980339,0.0195589533
87.0000000000,-0.0135149487,0.0230530343,-0.0167851646,0.0036916291,-0.0026922568,0.0050184796,0.0111871385,0.0000867423,0.0120364683,-0.0000676269,0.0004646708,-0.0107123520,-0.0142829212,0.0169813343,-0.0057562495,0.0251609247,0.0007167930,-0.0288137669,0.0167067513,-0.0055683519,0.0257029167,-0.0052249754,0.0015438046,-0.0207658234,-0.0064768891,-0.0106828150,0.0144176751,0.0174538959,-0.0061243580,0.0187332397,0.0063991101,0.0052321576,-0.0326952958,-0.0224633172,-0.0081337964,0.0087076780,0.0154755341,-0.0122470495,-0.0077353425,-0.0096107612,-0.0098063293,-0.0147234855,0.0076560546,0.0089893138,-0.0092866501,0.0098258567,0.0093149900,0.0149369782,-0.0125971792,-0.0006847653,0.0301033209,0.0069876799,0.0283537349,0.0018851727,0.0073888020,-0.0123192160,-0.0128035846,0.0083651681,0.0111243545,0.0067913548,-0.0157614479,0.0081121688,0.0108868814
88.0000000000,-0.0095929323,0.0017767344,0.0060301084,0.0118546215,-0.0035889816,0.0022118504,0.0249113059,-0.0090373797,0.0024607372,-0.0112668263,0.0210950170,-0.0052433613,0.0052290273,0.0070323044,-0.0257200022,0.0302236950,-0.0119077895,-0.0215618162,-0.0007029096,0.0013766729,0.0106717529,-0.0178273292,-0.0090204627,-0.0017998117,-0.0002581029,-0.0066215821,-0.0061904346,0.0119626848,-0.0014749700,0.0152976690,0.0002539231,0.0094007684,-0.0002107883,0.0133728381,-0.0046821521,0.0204585396,0.0144271155,0.0009024519,0.0073884819,-0.0085762873,-0.0059754350,-0.0169605099,0.0170573219,-0.0002844896,0.0050532929,0.0025380351,-0.0067260724,-0.0033790655,-0.0282969081,0.0114198793,0.0151064606,0.0053915070,0.0047099159,0.0125211635,0.0165550876,0.0112253422,-0.0229895337,0.0190991967,-0.0193674611,0.0096955506,-0.0029739895,0.0089195486,0.0199918783
89.0000000000,-0.0300790943,0.0102178560,-0.0063242118,-0.0022550261,-0.0175805440,0.0129404942,0.0279267615,0.0222325938,-0.0316471321,-0.0082758125,0.0097674544,-0.0161905842,-0.0005554906,-0.0057527330,0.0112021815,0.0232526541,-0.0051991450,0.0067093679,-0.0021235157,-0.0045011403,0.0078484590,0.0057636902,-0.0211127187,-0.0174915820,0.0287673043,-0.0171914660,0.0234833604,-0.0148127220,0.0050863245,0.0203024335,-0.0186619143,-0.0057364150,-0.0037645612,-0.0155349780,0.0075078331,0.0188239753,0.0216643013,-0.0056614006,-0.0085901205,0.0036473833,-0.0200062263,-0.0115609657,0.0151866613,0.0221172565,0.0017837122,0.0040852376,-0.0267482840,0.0080996029,-0.0206215520,-0.0097267578,0.0325513101,0.0038990327,0.0247660427,0.0073002109,0.0085463999,-0.0042427548,-0.0125997283,0.0294213568,-0.0360699023,0.0205774701,0.0081224915,0.0166876025,0.0541816048
90.0000000000,-0.0205786094,0.0168825949,0.0005154199,0.0101904821,-0.0081197242,-0.0225080454,0.0244391250,-0.0071866712,0.0132777517,0.0200481686,0.0090649716,-0.0038869868,0.0033869673,0.0025353997,0.0155945702,0.0221667520,0.0019455715,-0.0136669421,0.0016266807,0.0157709790,0.0030411942,-0.0139223166,-0.0088834566,-0.0150175142,-0.0117220626,-0.0192811309,0.0063639489,-0.0127690657,-0.0002856426,0.0151331084,0.0243335793,0.0048352436,-0.0171952779,-0.0017392093,0.0149076722,0.0279831397,0.0230627444,-0.0147755003,-0.0246250753,-0.0147519781,-0.0218119241,0.0029384226,0.0018086698,0.0133448379,-0.0005929909,0.0015836167,-0.0065240176,-0.0113070556,-0.0302431548,-0.0054118936,0.0148040811,-0.0004536547,-0.0084592928,0.0203712766,0.0226303420,0.0110259093,-0.0193180384,0.0112155863,0.0042612834,0.0217096766,0.0080691681,0.0149536098,0.0350496382
91.0000000000,-0.0056644926,-0.0028038762,0.0013505558,0.0025707653,-0.0228983301,-0.0153862912,-0.0072355905,0.0143656434,-0.0018835436,-0.0062035867,0.0161825217,-0.0004559808,0.0039062257,-0.0035520386,-0.0110989470,0.0144716982,0.0361149027,-0.0213859975,-0.0073418733,-0.0173055965,0.0138782284,0.0007867167,-0.0130234345,-0.0164835343,0.0300251712,-0.0219101478,0.0151952048,0.0027230755,0.0137336838,0.0167675002,0.0161403802,0.0016688123,-0.0004416596,0.0083766652,-0.0016234989,0.0159280843,0.0140885861,-0.0243966837,-0.0105189932,-0.0067464656,-0.0073670985,-0.0195202992,-0.0164904144,0.0196414323,0.0171348488,0.0126441518,0.0038960498,-0.0039643387,-0.0262741847,-0.0191056845,0.0065097284,0.0017708399,0.0306948111,0.0130430862,-0.0016795400,-0.0024734902,-0.0164042717,0.0261258720,-0.0147662100,0.0083674744,0.0348110356,0.0148995432,0.0370046881
92.0000000000,-0.0227457744,0.0155496184,0.0242385317,0.0223120285,-0.0028453086,0.0102536090,-0.0080933396,0.0031647882,0.0084512054,-0.0290190738,-0.0002142006,-0.0258131324,-0.0077926744,-0.0199088068,-0.0085047518,0.0164525399,-0.0012714729,-0.0229050938,-0.0176537298,-0.0101869671,-0.0072334866,0.0030329540,-0.0187207055,0.0027303903,0.0104352142,-0.0123489469,-0.0048532909,-0.0045900829,0.0015297646,0.0262112591,0.0017089794,-0.0032294654,-0.0134849631,-0.0023669532,0.0069056815,-0.0086261136,0.0169067507,-0.0061137323,-0.0026150272,-0.0026633646,-0.0036421646,0.0002357225,0.0140179329,0.0172691467,-0.0096061609,-0.0071238942,-0.0119360329,-0.0036774567,-0.0395567009,-0.0008651213,0.0156756443,-0.0095421136,0.0220804084,-0.0002688774,0.0251399729,0.0064069526,-0.0155653034,0.0272090258,-0.0285616368,-0.0092969586,-0.0097747297,0.0002229320,0.0320298726
93.0000000000,-0.0263608127,0.0105159152,-0.0159782001,-0.0155313526,-0.0081761972,0.0026682218,0.0195641811,-0.0079957097,0.0094549952,-0.0200190030,0.0107806115,-0.0083834239,0.0083589824,-0.0258194910,-0.0010211111,0.0207232843,0.0107983191,-0.0125892151,0.0026344878,-0.0155979338,0.0216162777,0.0047415188,-0.0166479758,0.0086548112,-0.0002245075,-0.0111672819,0.0074375769,-0.0124511310,0.0420364038,0.0181430355,0.0040748845,-0.0185788874,0.0042403354,-0.0105565269,0.0033249629,0.0201183341,0.0408122451,0.0115877655,-0.0354557008,0.0004061362,-0.0023637949,0.0027032260,0.0008673130,0.0110309887,-0.0055414761,0.0123994309,-0.0008076624,0.0067223381,-0.0406213031,-0.0167426036,0.0119457483,-0.0174760797,0.0160680064,-0.0075639525,0.0484772710,0.0009651632,-0.0120053575,0.0219520671,-0.0173170452,0.0099827520,0.0243947348,0.0205384190,0.0209210146
94.0000000000,-0.0112856870,-0.0055256312,-0.0093624551,0.0236143707,-0.0358965170,0.0336160299,0.0203433824,-0.0028689602,0.0161989236,-0.0104916340,0.0159716032,-0.0129090879,0.0047895425,0.0122502050,0.0205736653,0.0221738148,0.0227459826,-0.0216411024,-0.0029264914,-0.0009311948,0.0003846493,0.0124148024,-0.0104829622,-0.0287560702,0.0052491180,-0.0231272269,-0.0025974703,-0.0253182614,-0.0088053574,0.0245748472,-0.0118427676,0.0179721266,-0.0054234124,-0.0167591279,0.0024681906,0.0310765836,0.0047364084,-0.0130180466,-0.0134186358,-0.0168567932,-0.0222746804,-0.0037053819,0.0155851239,0.0137049839,0.0008849065,-0.0215924957,-0.0051640533,0.0000031612,-0.0285287122,0.0226793189,0.0089394504,-0.0012647143,0.0005378168,-0.0089605853,0.0156672927,0.0056619677,-0.0276447157,0.0201065134,-0.0266696575,0.0121437566,0.0234913706,0.0290587543,0.0323867441
95.0000000000,-0.0016718638,0.0238088592,-0.0061644195,-0.0092206724,-0.0165738510,0.0126498961,0.0074409868,0.0136666583,-0.0105102908,-0.0148176326,0.0182047075,-0.0227738288,0.0033205172,-0.0051668982,0.0012032110,0.0369808483,-0.0017070603,-0.0146382407,0.0004260394,-0.0050670044,0.0110278742,-0.0151006132,-0.0262920529,-0.0248359543,0.0214800996,0.0006880635,0.0180856107,-0.0118361635,0.0217423631,0.0322378765,-0.0124752237,-0.0074624185,0.0074373637,0.0058868060,0.0390381989,0.0218422552,0.0047877622,-0.0010294201,-0.0252955443,-0.0203952115,-0.0220223286,-0.0254384916,0.0164543417,0.0111130988,-0.0048571813,0.0004037733,0.0148541169,0.0224946197,-0.0259933589,-0.0089753610,0.0146225285,0.0161549454,0.0146888798,0.0009479798,0.0301674139,0.0237015261,-0.0321714160,0.0185006029,-0.0238847539,0.0163872828,0.0157408627,-0.0122965045,0.0509034551
96.0000000000,-0.0166571062,0.0015089680,-0.0150609235,-0.0003394114,0.0032683967,0.0002486417,0.0087307452,0.0091339148,0.0105733650,-0.0105094703,0.0004860501,-0.0360413127,0.0085083233,0.0135643781,-0.0060864280,0.0309438056,-0.0040656018,-0.0307590870,0.0108564447,0.0008730744,0.0112210924,-0.0094079290,-0.0090749369,0.0055125061,0.0072456161,-0.0353739415,0.0004135299,0.0053406840,0.0039612895,0.0296513384,-0.0048001538,0.0054097839,-0.0000470402,0.0190906253,-0.0063143439,0.0103135436,0.0258430446,-0.0096779358,-0.0182796206,-0.0015902545,-0.0102685222,-0.0247612414,-0.0137689017,0.0118082218,-0.0058840159,0.0217505020,0.0224593049,-0.0031761571,-0.0101694865,-0.0149379271,0.0213863017,0.0126549732,0.0054595852,-0.0012350428,0.0226201140,0.0012518417,-0.0227086539,0.0088953120,-0.0283408005,-0.0176394754,0.0197205502,0.0014003802,0.0180498709
97.0000000000,-0.0284570936,-0.0055082936,-0.0049375270,0.0030186001,0.0020317561,0.0331270959,0.0178216089,-0.0167843819,-0.0001924321,-0.0009432243,0.0031490647,-0.0114912449,-0.0141948049,-0.0136628007,-0.0082568035,0.0099670194,-0.0079839562,0.0109255801,-0.0076590282,0.0134245346,-0.0052571952,0.0006039825,-0.0128976482,-0.0108764093,0.0208563923,-0.0220634182,0.0172116266,-0.0240022631,0.0194893377,0.0201303647,-0.0278509771,-0.0033189718,-0.0150860358,0.0160760959,-0.0084562625,0.0076330138,-0.0235228573,-0.0090629542,-0.0084272088,-0.0162580156,-0.0143252279,-0.0030528484,0.0011398985,0.0000580431,0.0075618377,-0.0015655712,0.0202673628,-0.0095348196,-0.0259063124,0.0021884148,0.0117208711,-0.0114583094,-0.0000584331,0.0032408886,0.0121999729,-0.0140138664,-0.0234509732,0.0187188995,0.0107541903,0.0178388259,0.0006018300,0.0243044203,0.0221823737
98.0000000000,0.0040451718,0.0238045975,-0.0101232432,0.0080569645,-0.0022080106,-0.0036056334,-0.0008653933,-0.0077018660,0.0120737234,-0.0121681419,0.0076505622,-0.0065536404,0.0078193936,-0.0096114548,0.0062980718,0.0386694701,0.0202923059,-0.0328858074,0.0151770994,0.0022481746,-0.0042640244,0.0003313532,0.0151247647,-0.0197128055,0.0161725380,-0.0216851238,0.0235455592,-0.0214822107,0.0220774717,0.0070003186,-0.0106667065,-0.0241042338,-0.0213751613,-0.0031664567,-0.0047870768,0.0245163073,0.0013597382,0.0041855753,-0.0199144887,-0.0080517076,-0.0328894310,0.0168968374,-0.0128161701,-0.0016372622,-0.0247144663,0.0158151461,0.0041386390,-0.0001216409,-0.0213274339,-0.0188770849,0.0128159210,0.0232058593,0.0337300659,-0.0320321903,0.0230119150,0.0072940808,-0.0078911305,0.0236417430,-0.0041291054,-0.0042950882,-0.0007436855,0.0034974490,0.0203495393
99.0000000000,-0.0053628208,0.0101085099,-0.0133821379,-0.0095102611,-0.0132422231,0.0110495998,0.0213058582,-0.0193834212,0.0353524386,-0.0021363653,0.0141974318,-0.0394842777,0.0200838004,0.0152469807,-0.0102575858,0.0319774405,-0.0118759393,-0.0342100745,0.0075368402,0.0190058897,0.0099109154,-0.0126580830,-0.0042483418,0.0033807520,-0.0028280501,-0.0231152267,-0.0065634996,0.0148173741,0.0086337443,0.0146142910,-0.0249701465,0.0065512405,-0.0064542612,0.0100283686,0.0079873803,0.0052973010,0.0043222770,0.0061985887,0.0030669306,-0.0038421544,-0.0065480474,0.0054164893,0.0116052727,0.0149913221,-0.0005204968,-0.0089636214,0.0032034840,0.0038668029,-0.0186886420,-0.0071413149,0.0149646204,-0.0098659591,-0.0052790528,0.0049675315,0.0115631992,0.0381362054,-0.0208400653,0.0255993710,-0.0129509607,-0.0164075731,-0.0022005065,0.0415081735,0.0325491321
100.0000000000,-0.0045146318,-0.0076024671,-0.0098846381,-0.0091821649,0.0011319967,0.0009792354,0.0051686399,-0.0081283948,0.0002638755,0.0018109112,0.0176714616,-0.0024104399,0.0014910735,0.0187194647,0.0229204267,0.0024444718,0.0122278384,-0.0222823740,0.0200556008,-0.0171924376,-0.0043546219,-0.0044180466,-0.0258752665,-0.0215538107,0.0083118312,-0.0166003489,0.0331596843,-0.0113962531,0.0244040124,0.0391835435,-0.0050599497,0.0133427078,-0.0242167758,0.0134018965,0.0068512468,0.0169246969,-0.0055183815,-0.0019707114,-0.0345375289,-0.0227193792,-0.0175874166,-0.0038896295,0.0293966050,0.0050580451,-0.0092383571,0.0226189316,-0.0164575485,0.0093133428,-0.0154635058,-0.0340493980,-0.0007496646,0.0067338586,0.0215166348,0.0028121416,0.0159936776,0.0097335477,-0.0262512612,0.0335437351,-0.0250124424,0.0227561667,0.0119670139,0.0170677778,0.0039898002
101.0000000000,-0.0088374118,0.0239944446,-0.0167299770,-0.0190557485,0.0017412876,-0.0017070238,0.0092620112,-0.0190909435,-0.0068943086,-0.0037351559,0.0257447016,0.0046890695,0.0225974079,0.0139365990,-0.0067748226,0.0215875814,0.0123167415,-0.0211438618,0.0302269817,-0.0120558668,0.0180923403,-0.0131487469,-0.0130262449,-0.0049192606,-0.0015124168,-0.0215084702,-0.0054845555,0.0049444781,0.0227314583,0.0534754148,0.0071770786,0.0194196026,-0.0063003066,-0.0013518836,0.0055815526,0.0222732145,0.0401377169,-0.0077405461,-0.0328858459,-0.0241977152,-0.0393357701,-0.0005383898,0.0251090730,0.0249278687,-0.0027464661,0.0099711147,0.0019407708,-0.0089860939,-0.0224057873,-0.0051988097,0.0065509013,-0.0060526173,0.0039536588,-0.0059284465,0.0343922558,0.0271428606,-0.0285702418,0.0452073213,-0.0100564348,0.0272287739,0.0102222128,0.0128400951,0.0323302926
102.0000000000,-0.0164455337,0.0247454506,-0.0009640088,0.0005096674,-0.0077510090,-0.0033296162,-0.0010545485,-0.0128747676,0.0100928686,0.0028159677,0.0065713033,-0.0070919466,0.0155290869,-0.0185502221,-0.0094694912,0.0137507352,0.0113884703,-0.0231561428,0.0005554732,-0.0196651169,-0.0180460340,-0.0050602705,-0.0162946530,-0.0092708218,0.0034831514,-0.0155693124,0.0286931685,-0.0100624791,0.0260392494,0.0207540900,-0.0129262903,0.0206186505,-0.0197318195,-0.0124870684,0.0152608582,0.0174163081,0.0145396219,0.0120389619,-0.0108185604,-0.0133571409,0.0020781700,-0.0014339431,0.0011881952,0.0224524985,0.0076759213,-0.0107454264,-0.0016358796,0.0000218458,-0.0074433806,0.0212362914,-0.0213962988,-0.0007756696,0.0099395351,-0.0012505918,0.0379354393,0.0009054988,-0.0097388671,0.0141922866,-0.0114494260,0.0012767402,0.0265150962,0.0033236231,0.0240218144
103.0000000000,-0.0024074991,0.0170522661,-0.0147195491,-0.0207490283,-0.0354819420,0.0288040341,-0.0004114321,-0.0146970797,-0.0115514255,-0.0133268205,0.0221256174,-0.0333262453,-0.0034263978,-0.0059583895,-0.0003725908,0.0303042324,0.0240446097,-0.0180144266,0.0103136639,-0.0111197338,0.0150952826,-0.0224776683,-0.0399826834,-0.0119107278,0.0028226790,-0.0181546992,0.0137938874,-0.0038888682,0.0178993477,0.0231620796,0.0047325127,-0.0037345173,-0.0228548346,-0.0073567367,-0.0020784655,0.0410071125,0.0225861612,-0.0232774632,-0.0156765877,-0.0248599537,-0.0136049468,0.0157305821,0.0068467942,0.0119713076,-0.0002908615,0.0019520775,-0.0187932855,0.0058133787,-0.0161979218,0.0071500172,0.0077545037,-0.0028832638,0.0123822291,-0.0048893654,0.0268824879,0.0246492595,-0.0116463995,0.0238522305,-0.0220754155,0.0272997263,-0.0005141650,0.0223879009,0.0203389308
104.0000000000,-0.0181515570,0.0065351783,-0.0055240008,-0.0032706246,0.0153252367,0.0052541165,0.0353196241,-0.0000257001,-0.0253863304,0.0045094348,0.0252911186,-0.0188389212,0.0180870733,0.0092853858,0.0141442163,0.0196814478,0.0172814540,-0.0406187417,-0.0147173241,-0.0041592714,0.0006105952,0.0007702514,-0.0032894641,-0.0451473862,0.0096656110,-0.0253745278,0.0221863559,-0.0225242057,0.0335428239,0.0285664855,-0.0304807609,0.0059230263,0.0008437523,-0.0085642091,-0.0074531062,0.0121126304,0.0274225668,0.0070507108,-0.0266209938,-0.0260518278,-0.0277497002,-0.0029682522,0.0031597066,0.0241609769,0.0031513477,0.0045629155,-0.0037344869,0.0045035459,-0.0443098420,-0.0162794981,0.0249690417,0.0140072497,0.0227874365,-0.0030931860,0.0323678283,0.0168172490,-0.0104413549,0.0306072416,-0.0353839989,0.0199494564,-0.0258931113,0.0218436551,0.0098038380
105.0000000000,-0.0262298239,0.0073759405,-0.0000202632,0.0039789309,-0.0320859908,-0.0037349767,0.0193780155,0.0197239191,-0.0064598190,-0.0077485943,0.0048645754,-0.0091812303,0.0089026675,-0.0143813290,0.0035633612,0.0121006143,-0.0066007637,-0.0061570270,0.0183813930,-0.0022157551,0.0111751389,0.0135818370,-0.0108319905,-0.0239272942,0.0067223708,-0.0189744333,0.0277664642,-0.0163385384,0.0199303564,0.0113771317,0.0059569878,0.0062508242,-0.0174104657,-0.0019581529,-0.0105131458,0.0171040199,0.0282802468,-0.0083155097,-0.0174169136,-0.0048035384,-0.0315146022,0.0006347312,0.0214213379,0.0187157994,0.0008374490,0.0213218730,0.0112160023,0.0032082903,-0.0399239056,-0.0177835720,0.0271957798,0.0070130970,0.0093715237,0.0124797066,0.0068767619,0.0005457241,-0.0317943007,0.0198114787,-0.0151180127,0.0061769842,-0.0040095259,0.0202912977,0.0322950576
106.0000000000,-0.0289290696,0.0196613846,-0.0040485010,-0.0068150406,0.0038703162,-0.0084445930,0.0172842121,0.0020484531,0.0044305675,0.0005776805,0.0148461327,-0.0169368653,0.0103130653,0.0069126195,0.0014796264,0.0105083255,0.0199382417,-0.0344490054,0.0042241629,-0.0209203737,0.0132076339,0.0099377122,-0.0256223581,-0.0254008183,0.0115935599,-0.0074458273,0.0216572614,-0.0042940698,-0.0001859557,0.0357489970,-0.0150399957,-0.0116222773,-0.0075712260,0.0152316088,0.0136866146,0.0492676580,0.0375739646,0.0042324772,-0.0516741536,0.0000810225,-0.0310906097,0.0011005554,0.0143156818,0.0241262761,-0.0015275199,-0.0128762746,-0.0147901493,0.0130225975,-0.0553114746,-0.0354042788,0.0256063237,0.0128747241,0.0097524627,0.0005211452,0.0187096896,0.0182714782,-0.0111747410,0.0450497575,-0.0239603327,0.0077798634,-0.0001328914,0.0363653973,0.0388807219
107.0000000000,-0.0136277135,0.0007676094,0.0044063620,0.0064124205,-0.0011078857,0.0042757298,0.0127374310,-0.0200934926,0.0167994648,0.0046870685,0.0227661194,-0.0011965103,0.0066821419,0.0147690258,0.0006996366,0.0202611585,0.0031820953,0.0104189867,-0.0317540772,-0.0103278724,0.0159263913,-0.0066912294,-0.0214437306,-0.0079184726,-0.0042725583,0.0002704367,0.0065527958,-0.0130919421,0.0009794546,0.0012906309,-0.0096141165,0.0157103513,0.0039579253,0.0161869533,0.0089725495,0.0125013003,0.0067581784,-0.0108436078,-0.0245758951,-0.0134138502,-0.0094035949,-0.0077863239,0.0107916742,0.0009395988,-0.0132207571,-0.0021848886,-0.0231023804,0.0143496649,-0.0206433313,-0.0068090515,0.0104239152,-0.0098140572,0.0266246987,-0.0106634279,-0.0002142187,-0.0208237198,-0.0232766987,0.0227235110,-0.0198268063,0.0220541850,-0.0200206070,0.0015063649,0.0180734958
108.0000000000,-0.0136185525,-0.0094464491,0.0076364271,-0.0147111036,-0.0106512871,0.0238980869,-0.0114873606,0.0008493549,0.0169101894,-0.0096946051,0.0177323989,0.0051183736,-0.0119732816,0.0147108963,0.0143063079,0.0185434251,0.0044919405,-0.0139467204,0.0170444967,-0.0016559202,-0.0109690518,-0.0057076788,-0.0028517741,-0.0026461724,0.0105110826,0.0016327094,0.0228870860,-0.0105127548,0.0167365152,0.0084351523,-0.0051879156,-0.0181449877,-0.0080506696,0.0095381426,-0.0030773734,0.0191649137,-0.0019404191,-0.0183250818,-0.0247042065,-0.0026354785,-0.0042674216,0.0129478858,0.0182809316,0.0310223604,-0.0019947114,-0.0163564283,0.0127848506,0.0165418110,0.0035705493,-0.0088963264,0.0113659548,-0.0050915590,0.0213068508,-0.0002098272,-0.0164740138,-0.0116289219,-0.0059447181,0.0129060930,-0.0011970427,0.0187144945,0.0014424065,-0.0001677305,0.0028675794
109.0000000000,-0.0133320097,0.0130011313,-0.0135286008,-0.0054195950,-0.0074420834,-0.0073021208,-0.0082547414,-0.0108539934,0.0012917838,-0.0329042680,0.0110871944,-0.0287139449,0.0178463407,-0.0052481175,0.0216979884,-0.0042420638,-0.0184713182,-0.0154002126,-0.0009604330,-0.0049768129,0.0055253132,0.0053869755,-0.0018471461,-0.0081869440,-0.0112352062,-0.0283106985,-0.0080724414,-0.0112071639,0.0002283524,-0.0297639554,0.0127599637,-0.0212288170,0.0073160282,0.0167987495,0.0081924138,0.0151542175,0.0007911989,-0.0052128578,0.0036735706,0.0097332673,-0.0443988843,0.0112973234,-0.0184922813,0.0266120451,0.0033058566,-0.0017149958,0.0241026273,-0.0146673702,-0.0150458476,0.0075662010,0.0110513379,-0.0057802065,0.0086596615,0.0234071486,0.0055101066,0.0116994440,-0.0093409773,0.0137648038,0.0063683432,0.0133485570,0.0167514867,0.0182097459,0.0150292964
110.0000000000,-0.0173071413,0.0276730753,-0.0250036183,0.0041317892,-0.0230630889,0.0074081961,0.0074825329,-0.0051249524,0.0124684711,-0.0002912790,0.0261644795,-0.0122309450,0.0036000929,0.0190940393,0.0043625538,0.0316089360,0.0057309292,-0.0229253640,0.0340439880,-0.0049959724,0.0268182223,-0.0263334594,-0.0119706682,-0.0263972511,-0.0054315274,-0.0367586286,0.0110190800,-0.0214492787,0.0129040950,0.0346980110,-0.0168523531,-0.0064505144,0.0104900242,0.0041856711,-0.0312838384,0.0362885967,0.0187272772,-0.0182786049,0.0066713292,0.0035300233,-0.0489167318,-0.0117584741,0.0268327636,0.0190871001,-0.0038809655,0.0066959299,-0.0276680410,-0.0105414171,-0.0332403342,-0.0086320242,0.0053514030,0.0153068134,0.0239173236,-0.0115454340,0.0235527142,0.0163224139,-0.0206075643,0.0431558669,-0.0055650922,0.0122170311,0.0102783929,0.0237536868,0.0280145754
111.0000000000,-0.0020013506,0.0160703430,-0.0185731700,-0.0051695564,-0.0152344358,0.0095536048,0.0360362237,0.0136084113,0.0074749165,-0.0104726604,0.0139737551,-0.0324146287,0.0194106802,-0.0023613368,0.0056580257,0.0249180002,-0.0042549824,-0.0246735184,-0.0106707338,-0.0218747182,-0.0099133222,0.0096804209,-0.0190108172,0.0030471798,0.0222369625,-0.0277342379,0.0120567106,-0.0040323847,0.0078672946,0.0497432400,-0.0089154801,-0.0114460873,-0.0264293155,-0.0001903783,0.0016236145,0.0334404089,0.0270633410,0.0064194221,-0.0135167634,-0.0033115553,-0.0226404956,-0.0151920741,0.0175336682,0.0234871005,-0.0287438827,0.0012064473,-0.0142725440,-0.0083478266,-0.0275395551,-0.0168545567,-0.0017915833,0.0107967270,0.0222237848,0.0040039380,0.0036889499,0.0117372508,-0.0229153362,0.0358509396,-0.0353410030,0.0204443986,-0.0037268743,0.0046274769,0.0287857867
112.0000000000,0.0058192008,0.0243947187,-0.0101507801,0.0106125824,-0.0098723444,0.0075920336,-0.0043326569,-0.0149321022,0.0051738714,-0.0263852779,0.0138495570,-0.0236930716,0.0210532748,0.0086029493,-0.0052704929,0.0093497400,-0.0105976593,-0.0112234782,-0.0074331437,0.0009613344,0.0047049996,-0.0146529353,-0.0146456731,-0.0194161790,-0.0029431173,-0.0075954789,0.0082398110,-0.0020530816,0.0124027318,0.0082233183,0.0152244790,-0.0071678068,0.0048596217,-0.0150163633,0.0008348702,0.0165232138,0.0080281468,-0.0069544565,-0.0228229155,-0.0057965352,-0.0149939051,-0.0241990716,0.0239012596,0.0115261485,-0.0071597025,0.0031327627,-0.0144897339,0.0297129410,-0.0125897751,0.0111273803,0.0020924237,-0.0036198097,0.0038003038,-0.0324529045,0.0374352123,0.0062247026,-0.0196011324,0.0188229520,-0.0332440172,-0.0084461950,0.0099248058,-0.0122190862,0.0165964076
113.0000000000,-0.0238564642,0.0072673990,-0.0106839556,-0.0070274446,0.0081855150,0.0137690642,0.0057830409,-0.0156658814,-0.0020868888,-0.0327089549,0.0123692461,-0.0075791415,0.0086244632,-0.0017148325,0.0148558241,0.0382769225,-0.0165709725,-0.0226916925,0.0067716776,-0.0024375268,0.0026049795,-0.0026221061,-0.0099682495,-0.0079140145,0.0141130933,-0.0080920416,-0.0002403500,-0.0012224322,0.0198303142,0.0359910838,-0.0028632634,-0.0050509071,0.0106422063,0.0019795028,0.0084960780,0.0302868715,0.0303667267,0.0066975186,-0.0281925369,-0.0149479852,-0.0308250027,-0.0086845349,-0.0116687095,0.0065296519,-0.0144864324,-0.0034999942,-0.0223022924,-0.0032490946,-0.0348468609,-0.0161532245,0.0082363489,-0.0023202762,-0.0061471724,0.0094367580,0.0206590787,-0.0007801512,-0.0283912454,0.0208598090,-0.0025579295,0.0157840914,0.0021266168,0.0154748629,0.0022293627
114.0000000000,-0.0029753754,0.0290486653,0.0059653041,0.0149785476,0.0017155526,-0.0163240187,-0.0002332150,-0.0030165065,0.0081302118,-0.0010538658,0.0076129718,0.0278730340,0.0031439793,0.0011242000,-0.0168864631,0.0334841930,0.0043728023,-0.0082291945,0.0127235229,0.0031945500,-0.0054800884,-0.0197615284,0.0017902766,0.0092811866,0.0160759098,0.0028345172,0.0055297739,-0.0151378530,0.0103042070,0.0073027956,0.0055142788,-0.0045089883,-0.0251609550,-0.0172529428,-0.0020380089,0.0328269803,0.0026943784,0.0056482411,-0.0051845676,-0.0231027625,0.0102528788,-0.0154729818,0.0196327955,0.0202878188,-0.0225798927,0.0066808650,0.0100445649,0.0115329129,-0.0161013238,-0.0204758344,0.0227896594,-0.0007975364,-0.0033257148,0.0000690600,0.0435572734,0.0125580462,0.0044983830,0.0305147754,-0.0071959729,0.0134861430,0.0183384863,-0.0014215148,0.0123631003
115.0000000000,0.0051337596,0.0337606832,-0.0391268146,-0.0146469042,-0.0506285460,0.0176741644,0.0028823414,0.0071612231,0.0117899869,-0.0126506118,0.0102674707,-0.0157405044,0.0112080638,0.0002834440,0.0044810056,0.0548467077,0.0254265497,-0.0456685408,0.0108775270,-0.0088773399,0.0294946213,-0.0006227892,-0.0154528408,-0.0136810039,0.0099868240,-0.0274273641,0.0103062219,0.0065914905,0.0300576823,0.0384891226,-0.0170518755,0.0167515386,0.0012537284,-0.0236713969,-0.0044034458,0.0114577927,0.0125300436,-0.0029173919,-0.0278707122,-0.0306187160,-0.0568285711,0.0025174762,-0.0317670424,0.0481511467,-0.0088169005,0.0209054241,-0.0241443396,-0.0038413872,-0.0342210326,0.0061007235,0.0407913830,-0.0013962666,0.0189789923,-0.0094973262,0.0270682312,0.0047698346,-0.0366014403,0.0388673295,-0.0193858160,0.0066753666,0.0139281684,0.0205206368,0.0325343172
116.0000000000,-0.0094851902,-0.0024719541,0.0013722444,0.0016315337,-0.0338820162,0.0111540441,0.0042542817,0.0052514672,0.0157895012,-0.0033116918,0.0300077710,-0.0200729638,0.0179453647,0.0085584708,-0.0017136500,0.0188835729,0.0255320902,-0.0240128220,0.0230829412,-0.0009535164,-0.0095571106,0.0222029702,-0.0343795935,-0.0129487598,-0.0008132744,-0.0003747055,0.0245504090,-0.0210989989,-0.0050708535,0.0270776668,-0.0085549950,-0.0104195057,0.0074742990,0.0201234253,-0.0013617924,0.0103799618,0.0212078442,-0.0059509137,-0.0291960564,-0.0122631042,-0.0038020110,0.0217304826,0.0086046724,0.0143111519,0.0074357404,0.0121942432,-0.0072364815,0.0004199941,-0.0365265419,-0.0230178479,0.0014769008,0.0211032217,0.0005502680,0.0195409690,0.0154504016,0.0056105472,-0.0254765606,0.0193775884,-0.0088275194,-0.0135195391,-0.0129513930,0.0242930963,0.0286499250
117.0000000000,-0.0326928109,0.0094835426,-0.0218857806,-0.0117583721,-0.0157488381,0.0246684920,0.0182071264,0.0145546789,-0.0157104640,-0.0036474336,0.0055899625,-0.0198715815,-0.0051719226,-0.0130798301,0.0059748426,0.0323003109,0.0206513484,-0.0431613081,0.0093017332,0.0094941347,0.0033833095,-0.0104457752,-0.0294776644,-0.0162961076,-0.0179563527,-0.0280850712,0.0062952623,-0.0041073177,0.0160366818,0.0007730471,0.0083671146,-0.0064890872,0.0055072315,-0.0085950886,0.0094159733,0.0325326196,0.0169238950,-0.0043772083,-0.0121334456,-0.0228750366,-0.0178952455,-0.0314209607,0.0098779831,0.0135952307,-0.0077521163,0.0031252632,-0.0025048742,-0.0051637767,-0.0389756396,-0.0334095578,0.0041644840,0.0119326002,0.0134088314,0.0221523053,0.0124751996,0.0135231923,-0.0163550347,0.0200175327,-0.0318177088,0.0038789306,0.0110694775,0.0124174024,0.0089384696
118.0000000000,-0.0141539041,0.0194722167,-0.0212455363,0.0020631204,-0.0169456529,0.0142989137,0.0248263328,0.0008100561,-0.0128186091,-0.0096907205,0.0151331575,-0.0207852384,0.0147063104,-0.0020295750,-0.0057536181,0.0384165172,0.0061370859,0.0015633842,0.0087881845,0.0000465221,-0.0124258528,-0.0221146757,-0.0030909618,-0.0123462033,0.0255687820,-0.0238331673,0.0358822557,-0.0018908173,-0.0019303113,0.0232031907,-0.0248842955,0.0181685571,-0.0203800829,0.0079568762,0.0141212619,0.0383766140,0.0290570435,-0.0095487921,-0.0049371433,-0.0088597698,-0.0228860556,-0.0177920232,0.0196643810,0.0025351201,-0.0088482341,0.0177199456,-0.0078700861,0.0030531695,-0.0376199617,-0.0091565117,0.0160143389,0.0006825610,0.0190023209,-0.0109312884,0.0315404517,-0.0031260733,0.0001360175,0.0058416484,-0.0205402657,0.0222836569,0.0243353514,0.0016786939,0.0512388305
119.0000000000,0.0045170215,0.0081149723,-0.0037000961,0.0327432919,-0.0178608680,-0.0023557789,0.0032070021,-0.0045370521,0.0000912703,-0.0245152891,0.0279785739,-0.0239536720,-0.0136055017,0.0052360100,-0.0011688339,0.0217515827,0.0031570975,-0.0166666834,0.0260700151,0.0004109073,-0.0095410246,0.0006274457,-0.0232430787,-0.0266293314,0.0033074398,-0.0216386734,0.0069005464,-0.0001424321,0.0412336026,0.0325495983,0.0147539224,0.0206164239,-0.0032595187,-0.0091333819,-0.0048598878,0.0271386598,0.0369974140,0.0171975549,-0.0051376443,-0.0014214332,-0.0238408942,-0.0442162560,-0.0036149596,0.0184392915,0.0271296008,0.0174840464,0.0139517710,0.0078625837,-0.0275676185,-0.0073206570,0.0075246477,0.0006326531,0.0048699069,-0.0011967326,0.0289641287,-0.0134715904,-0.0162068488,0.0168335938,-0.0191482690,0.0081959101,0.0058853861,0.0006137324,0.0042777388
120.0000000000,0.0075489859,0.0099738160,-0.0249718157,0.0034695920,-0.0138377207,0.0071447488,0.0122802670,-0.0033313622,0.0147984616,0.0189224452,0.0216775759,-0.0282936058,0.0021539881,0.0098814532,-0.0072458770,0.0320990580,0.0226681673,-0.0228703096,-0.0102213710,-0.0108175368,0.0000921221,-0.0050800615,-0.0155706194,-0.0181150711,0.0074710095,-0.0094782904,-0.0046949318,-0.0170404665,0.0066972920,0.0066256436,-0.0085807540,-0.0026484026,-0.0277354258,0.0148486053,-0.0008194248,0.0218152799,0.0054976822,-0.0131526194,-0.0137054152,-0.0052050594,-0.0278494465,0.0265194408,0.0307965510,0.0173673419,-0.0082172552,0.0078130035,-0.0031323031,0.0176134269,-0.0459763589,-0.0053929954,-0.0105714551,-0.0077685800,0.0100343062,-0.0063712165,0.0260624744,0.0069924510,0.0023725082,0.0110497097,-0.0102812823,0.0191112450,0.0184465072,0.0089232441,-0.0001180658
121.0000000000,-0.0129954586,0.0147895476,-0.0079968270,0.0007651288,-0.0051510386,-0.0115169060,-0.0017658946,-0.0089120289,-0.0065023470,-0.0107095303,0.0333938346,-0.0218424344,0.0148048451,0.0291098939,-0.0095055364,-0.0024006464,0.0136843173,-0.0234820866,0.0162504972,0.0084700779,-0.0010828109,0.0034436200,-0.0175120516,-0.0244743065,0.0069346923,-0.0149935042,0.0168413400,0.0058400504,0.0054543024,-0.0056383684,-0.0242079382,-0.0003287766,-0.0082043653,-0.0000551102,-0.0031220855,0.0373159837,0.0034853047,-0.0064907508,-0.0501545003,-0.0121858271,-0.0154757606,-0.0126694850,0.0110648261,0.0077093777,-0.0048873520,0.0022603937,0.0064830811,-0.0038317329,-0.0112549641,-0.0016889012,-0.0123895610,-0.0035457082,0.0210419777,0.0170758183,0.0237930790,0.0106622024,0.0009258800,0.0196522754,-0.0088315373,0.0264513592,0.0052932358,0.0085021279,0.0158369402
122.0000000000,-0.0233853496,-0.0067018675,-0.0057809030,0.0146473794,-0.0274620970,0.0126224772,0.0105577648,-0.0088637945,-0.0143782376,-0.0082647477,0.0030200273,-0.0377085433,0.0101100382,-0.0137324184,0.0191243718,0.0289166455,0.0209035188,-0.0292871290,-0.0012967125,-0.0102555749,-0.0219073926,0.0138262749,-0.0103983375,0.0006286379,0.0076275013,0.0004127681,0.0236587475,-0.0138801862,0.0224892571,0.0264632071,-0.0094954200,0.0027812908,0.0014763562,0.0129686045,-0.0132675099,0.0170080278,-0.0035527906,0.0045887334,-0.0209893257,-0.0099052126,-0.0472503618,0.0036711790,0.0157813496,0.0152451548,-0.0069684904,-0.0030428922,0.0224862550,-0.0023581648,-0.0415083151,0.0120363503,0.0279071968,-0.0000120756,0.0262906758,-0.0095135939,0.0138230051,0.0009296459,-0.0218331858,0.0324747024,-0.0248155731,0.0241804284,-0.0031939098,0.0333079077,0.0331375950
123.0000000000,-0.0177483777,0.0150472328,0.0019283009,0.0193390007,-0.0270310858,0.0086617489,0.0343797816,-0.0095370832,0.0035244951,0.0055313959,0.0264529763,-0.0056648620,0.0250877784,-0.0167367300,-0.0022384703,0.0311638340,0.0168613898,-0.0384067489,0.0116665518,-0.0003094894,-0.0060227125,-0.0019970574,-0.0057567990,-0.0430306254,0.0108651190,-0.0354311504,0.0031254231,-0.0007497818,0.0323436842,0.0251709436,0.0030513499,0.0007479573,-0.0093171478,0.0079439843,-0.0070305421,0.0431569028,0.0100651171,0.0142052924,-0.0360019688,-0.0045707459,-0.0394679486,-0.0122292842,0.0072483587,0.0228690659,0.0035945860,-0.0101756088,-0.0084027201,0.0059665889,-0.0444902176,-0.0108956555,0.0288786898,-0.0112970525,0.0039902124,0.0220407178,0.0282799592,0.0084747013,-0.0223168476,0.0260830529,-0.0221421113,0.0184611030,0.0046141965,0.0300892830,0.0451379523
124.0000000000,-0.0038911151,0.0332022374,-0.0136260999,0.0023983931,-0.0284132662,0.0283541467,0.0141088767,0.0003390331,0.0242247234,-0.0126904221,0.0117618356,-0.0365305345,-0.0034654210,0.0101305415,0.0186334464,0.0224924375,0.0350955094,-0.0187206274,0.0103951736,-0.0010695776,0.0007318729,-0.0058669129,0.0075214815,-0.0394267803,-0.0007465919,-0.0025608551,-0.0060247664,-0.0041005952,0.0142704806,0.0252158693,-0.0046465161,-0.0001424923,-0.0099826668,-0.0185500367,0.0102299357,-0.0016815220,0.0218782996,-0.0110135469,-0.0446981274,-0.0036375251,-0.0244676295,-0.0080952451,0.0202833689,0.0200532820,-0.0058193582,0.0269854719,-0.0056205049,0.0118888398,-0.0453736557,-0.0058683630,0.0229436319,0.0251075707,0.0300612812,-0.0125267264,0.0212846649,0.0324986702,-0.0031143102,0.0619936271,-0.0280108038,0.0055874545,-0.0119907895,0.0081024416,0.0168292016
125.0000000000,-0.0090940874,-0.0009793247,-0.0051082773,-0.0061195276,-0.0354389637,-0.0019955370,0.0231842070,-0.0098745606,0.0064754398,-0.0098811146,0.0096650602,-0.0220613948,0.0145061939,0.0015849368,0.0052850747,0.0306688017,0.0185896188,-0.0255218313,-0.0068474605,0.0094845443,0.0175281049,-0.0216143510,0.0081473197,-0.0191419310,0.0181440455,-0.0291684389,0.0049995186,-0.0154634886,0.0045178122,0.0360391631,-0.0123892088,-0.0038037902,-0.0030405846,0.0132133177,-0.0126830550,0.0470750318,0.0417053819,0.0140106921,-0.0327372189,-0.0149148793,-0.0258189672,-0.0145203891,0.0287664680,0.0279623386,0.0091394292,0.0235569297,-0.0162177340,0.0050537132,-0.0138016777,-0.0224778090,0.0085707392,0.0094044849,0.0100194893,0.0149861864,0.0190308069,0.0074616877,0.0033854227,0.0464504149,-0.0378634083,0.0372938172,0.0119229590,0.0019334977,0.0436413941
126.0000000000,0.0016542643,-0.0056905665,-0.0047590453,0.0037252653,-0.0235895727,-0.0058254933,0.0072558907,-0.0035239560,0.0049104179,-0.0137397654,0.0087640773,-0.0002124455,-0.0058759584,-0.0178527241,0.0024213059,0.0100129068,0.0179168018,-0.0136009619,0.0182218911,0.0003131474,0.0066112646,-0.0238751345,-0.0138579400,-0.0115192331,0.0187457008,-0.0047354667,0.0199220121,-0.0003910455,0.0089497042,0.0130862274,-0.0126600458,-0.0137098247,-0.0021466214,0.0123229842,-0.0063344448,0.0131629044,-0.0114587305,-0.0107804285,-0.0057047051,-0.0070328349,-0.0180180082,-0.0196255290,-0.0041565669,0.0038732749,-0.0095715487,-0.0085015317,-0.0109958699,-0.0146408688,-0.0089461290,0.0032755500,0.0088757865,-0.0200927239,0.0356234306,0.0009895273,0.0203436386,0.0159221134,-0.0071265529,0.0223803906,-0.0200727146,0.0218727119,0.0049225972,0.0002866690,0.0165599674
127.0000000000,0.0036640551,-0.0071018723,-0.0132318620,-0.0119727098,-0.0042288804,-0.0222712963,0.0095755258,0.0071384396,0.0161608402,-0.0080403111,0.0050083383,-0.0286333645,0.0144930530,0.0299074012,-0.0000568859,0.0143836348,-0.0091321101,-0.0315306017,0.0163493987,-0.0131380715,0.0153327637,-0.0228346976,-0.0115538033,-0.0187827215,-0.0013748879,-0.0078364172,-0.0090557889,-0.0032073889,-0.0071978542,0.0079047490,0.0068025434,-0.0086821671,-0.0127628500,-0.0113182575,-0.0131542873,0.0261192004,-0.0101564694,-0.0027366784,-0.0008150659,-0.0175119636,-0.0254164009,-0.0099679215,-0.0055527547,-0.0033114092,-0.0033117844,-0.0087494997,-0.0014526645,0.0118446500,-0.0359060509,0.0011947784,0.0091112465,-0.0081135233,0.0117207886,-0.0066540172,0.0154942468,-0.0091225404,-0.0037907369,0.0210686995,0.0036134337,0.0181915323,-0.0022079529,-0.0057609986,0.0059202772
128.0000000000,0.0081070473,-0.0037695550,-0.0219574944,-0.0112262314,-0.0106836371,-0.0043925843,-0.0053413666,-0.0084699006,0.0118982770,0.0162915710,0.0011176861,-0.0052236357,0.0162995848,0.0099754644,0.0177418827,0.0091573230,0.0089311093,-0.0209765931,-0.0052530518,0.0056852670,0.0130209522,0.0139983563,0.0168052048,-0.0059617001,0.0058939049,-0.0108271426,0.0167302335,-0.0005811016,-0.0091126143,0.0344608875,0.0006056163,0.0199879407,-0.0205613643,0.0036030013,-0.0039561627,0.0148120391,0.0267718774,-0.0218618825,-0.0160617576,-0.0086224754,-0.0180391765,-0.0055690305,0.0026152512,-0.0052723729,0.0101307119,0.0038565099,-0.0077026548,0.0029487647,-0.0353885026,-0.0018292988,0.0049402847,-0.0125337226,0.0280198263,-0.0065006294,0.0481280121,0.0008948596,-0.0145043025,0.0402543579,0.0068029998,0.0128484842,-0.0002616512,0.0154762545,0.0449565577
129.0000000000,-0.0284157466,-0.0051201333,-0.0082944718,0.0288463871,-0.0162209105,0.0045621896,0.0075002474,-0.0004129987,0.0119722239,0.0010098020,-0.0074233669,0.0059850591,0.0135397722,-0.0011608902,0.0243411061,0.0248118543,0.0215323192,-0.0089376281,0.0112189305,0.0021915552,-0.0079906616,0.0080035354,-0.0050507443,-0.0013193405,0.0014268555,-0.0338249483,-0.0050110865,-0.0160771556,-0.0064812870,0.0198075053,-0.0172486823,-0.0084811478,-0.0181070586,0.0042247130,-0.0213431389,0.0212509323,0.0002575153,0.0057237619,-0.0141152521,-0.0133580800,-0.0166720259,-0.0045494363,0.0097738577,0.0332503260,0.0075742399,-0.0020986525,-0.0180524449,0.0013294279,-0.0235449511,-0.0007839173,0.0044522486,0.0038666883,0.0078198465,0.0065415806,0.0133875442,0.0049550012,-0.0067356083,0.0301807033,-0.0046897818,0.0214567284,0.0077768728,0.0149955269,0.0183156045
130.0000000000,-0.0080991277,0.0041885727,0.0129057923,-0.0121511091,-0.0224681681,0.0094619310,0.0034067827,-0.0063144115,0.0081025378,-0.0080914189,0.0097307669,-0.0125298120,0.0120611018,-0.0106246804,-0.0210648307,0.0346491997,0.0162861403,-0.0554427619,0.0181901675,-0.0073063440,-0.0272343382,-0.0098027591,-0.0314398426,-0.0231413485,-0.0095323945,-0.0057577047,0.0162073314,0.0277664160,0.0070171816,0.0140819288,0.0154132104,0.0027883390,-0.0212980988,0.0109283795,0.0123090588,0.0164575485,0.0061697931,0.0139823133,-0.0316865432,-0.0038797416,-0.0480938993,-0.0095408838,0.0278374765,0.0151875218,-0.0062065303,0.0140184739,0.0034909849,0.0039146976,-0.0189739679,-0.0027447677,-0.0006287574,0.0269227924,0.0173820155,0.0032059880,0.0300477429,-0.0097791099,-0.0128616008,0.0257168747,-0.0118449704,0.0058748469,0.0005500852,-0.0056311784,0.0318062660
131.0000000000,0.0183509513,0.0160377059,-0.0262686399,-0.0128387552,-0.0063013031,-0.0001497378,0.0012870558,-0.0234108295,-0.0134272400,-0.0044466337,-0.0024810498,-0.0121390918,0.0194280687,-0.0011965930,0.0197143532,0.0002701601,0.0174224422,-0.0077624153,0.0185662034,0.0158240897,-0.0044611912,-0.0169361088,-0.0168703210,-0.0187310469,0.0061497118,0.0003334877,-0.0005125534,-0.0109439222,0.0077619479,0.0000722938,-0.0100904367,-0.0226380503,-0.0261054339,0.0113093948,0.0049533873,0.0177337017,0.0156619479,-0.0284580343,-0.0019596434,-0.0131401022,-0.0024251696,0.0203723476,-0.0003366038,0.0047537172,0.0022037580,0.0106192247,0.0226233063,-0.0143466529,-0.0102064782,-0.0095423671,0.0078324261,0.0168356919,0.0185249129,0.0062235918,-0.0001250833,0.0115385255,-0.0118795169,0.0340393803,-0.0047881835,0.0163290167,0.0047683544,0.0053483042,0.0079207296
132.0000000000,-0.0201600987,0.0306888984,-0.0344923648,0.0047959940,-0.0129778907,0.0016715629,-0.0011758782,-0.0087580663,-0.0015891581,-0.0140260175,-0.0040411059,-0.0334724487,0.0224386556,-0.0226007284,-0.0002143407,0.0322415829,0.0472629303,-0.0391419174,0.0142356094,-0.0160012410,0.0085095165,-0.0028225787,-0.0118321755,-0.0267800927,0.0416040508,-0.0343481720,0.0140823952,0.0035963471,0.0171837430,0.0255003364,-0.0101133006,-0.0069036107,-0.0221754498,-0.0041002288,-0.0116192446,0.0058503084,0.0298411726,0.0011519022,-0.0184976181,0.0010721015,-0.0574006495,0.0065126562,0.0193217722,0.0126768485,-0.0085963043,0.0020334143,0.0207979727,0.0228195433,-0.0475255599,-0.0088750749,0.0051156560,-0.0104989948,0.0212998275,0.0038349192,0.0416661772,0.0115663401,-0.0082497491,0.0350091170,-0.0271110163,0.0195040991,0.0071009074,-0.0010417044,0.0351998062
133.0000000000,0.0045679696,0.0312585719,-0.0169734461,-0.0191260528,-0.0116738254,0.0179041539,0.0069448477,0.0049767741,0.0087265294,0.0205145066,0.0164645104,-0.0116985479,0.0194100299,0.0091522513,-0.0029605406,0.0015285386,0.0156920719,-0.0266242089,0.0110782898,-0.0028578747,0.0135750827,-0.0218515015,0.0033560244,-0.0028757789,0.0088360259,0.0025937414,-0.0051856746,-0.0122409799,0.0168473545,0.0235143315,-0.0005405488,0.0109641426,-0.0015646376,-0.0176534583,0.0254313981,0.0061627798,0.0273569484,-0.0125214150,-0.0280777046,-0.0082811865,-0.0274690569,-0.0052993574,0.0037877109,0.0052618451,0.0058730514,0.0087244718,0.0053886733,0.0290210682,-0.0363518407,-0.0040576460,0.0214192706,-0.0064125631,0.0052807793,0.0107668324,0.0193000744,0.0006047091,0.0092828675,0.0131664505,-0.0239735121,0.0126309133,-0.0043553395,0.0145875359,0.0181412824
134.0000000000,-0.0126400372,0.0136318023,-0.0116985098,-0.0050609508,-0.0286770912,0.0162779863,-0.0017650368,0.0069769083,-0.0060122599,-0.0022260758,0.0032333185,-0.0192922932,-0.0000371923,0.0044698564,0.0027347375,0.0179120979,0.0294665909,-0.0286806820,0.0212658051,0.0043914975,-0.0218539072,-0.0095230528,-0.0276173464,-0.0128941779,0.0072642063,0.0091181480,0.0072700544,0.0095502995,0.0039563656,0.0211495525,0.0095026478,0.0027357887,-0.0185930555,-0.0108691464,-0.0094090782,0.0259449511,-0.0127901140,0.0005079720,-0.0115855380,-0.0074790669,-0.0283149948,-0.0011706136,0.0163827502,0.0082829194,-0.0197258503,-0.0018433271,0.0049113624,0.0065566871,-0.0258729659,-0.0083511674,-0.0021182234,-0.0051716177,0.0311695110,-0.0284914870,-0.0197086630,0.0014036469,0.0040342684,0.0382658958,0.0013472874,0.0012157973,-0.0015057726,0.0010187196,0.0506922109
135.0000000000,0.0117743714,0.0127383303,0.0003741767,-0.0151036961,-0.0104903714,0.0285173456,-0.0002529116,0.0161377342,-0.0012118731,-0.0129612632,-0.0024783391,-0.0189864245,0.0087609794,0.0088092471,0.0232339742,0.0068257773,-0.0055176897,-0.0108281348,0.0193651682,-0.0103576713,-0.0081055962,-0.0145053292,-0.0135685408,0.0008829867,-0.0048285626,-0.0188057346,0.0072650386,0.0001342231,0.0217917213,0.0080231994,-0.0246643113,0.0075133192,-0.0048193610,-0.0042616745,-0.0044280836,0.0375065942,0.0036283660,-0.0159948072,-0.0115567780,0.0002368708,-0.0103544724,-0.0041998758,0.0272393668,0.0352053924,0.0001421649,-0.0259233398,-0.0146112571,0.0018300720,-0.0132276792,0.0238689518,0.0055945953,-0.0020192719,-0.0051789543,-0.0029576502,0.0156257743,0.0223914168,-0.0233346240,0.0017334780,-0.0358121287,-0.0239127107,-0.0180385660,0.0164371001,0.0093801250
136.0000000000,-0.0103637232,-0.0012917285,0.0165803953,-0.0083790655,-0.0144204816,-0.0058951716,-0.0102804288,-0.0073984841,-0.0117808039,0.0015047271,0.0095745866,-0.0169761388,0.0091338748,-0.0134938650,0.0009309496,0.0048746555,0.0155232887,-0.0182399164,-0.0121266528,0.0089071640,0.0047667120,-0.0130248005,0.0069133165,-0.0358368753,-0.0169132859,-0.0165848252,0.0228315854,-0.0022760948,0.0060033690,-0.0006262889,-0.0040266187,-0.0127209416,0.0276998088,0.0205889101,-0.0069767654,-0.0026104785,0.0009665351,-0.0024028807,0.0205743226,-0.0502301292,-0.0106934486,-0.0019466235,0.0260694372,-0.0043278067,-0.0043654314,0.0107248470,0.0013689270,0.0092300355,-0.0226194050,0.0067847060,-0.0113981366,-0.0248734997,0.0048144798,-0.0134326367,0.0075445843,-0.0144282884,-0.0211128726,0.0177878533,-0.0080249146,-0.0071906649,0.0179234330,0.0013832491,-0.0021318299
137.0000000000,-0.0136009485,0.0092911355,0.0001216690,0.0111494315,-0.0131812366,0.0053134046,0.0110186581,0.0034012449,0.0122199794,-0.0168144381,-0.0037330064,-0.0268894979,0.0115450229,-0.0015510185,-0.0132494961,0.0367911758,0.0178612327,-0.0389220071,0.0302892594,-0.0065419839,0.0068663673,-0.0055759762,-0.0151897010,-0.0412337501,0.0097670480,-0.0259035809,0.0289296903,0.0036088251,0.0180194875,0.0267920894,-0.0070636141,-0.0091938011,-0.0090995122,-0.0068948447,0.0084884282,0.0189452715,-0.0038667923,-0.0180346470,-0.0271547639,-0.0244423484,-0.0351332729,0.0143947004,0.0119737362,0.0328357681,-0.0063572106,0.0128205271,-0.0075810812,0.0251455114,-0.0185006065,-0.0271928737,-0.0109344690,0.0076953832,0.0191556362,0.0137886761,0.0063969289,-0.0037122036,-0.0281950350,0.0336167929,-0.0150103426,0.0300727619,-0.0066065578,0.0182646096,0.0153320669
138.0000000000,-0.0216591870,-0.0048240788,-0.0045675095,-0.0000630814,0.0010159805,-0.0156007484,0.0403821239,0.0056784224,0.0069007430,0.0036591726,0.0074501648,-0.0023608362,0.0089636674,-0.0007022783,0.0125754766,0.0346776284,0.0135190826,-0.0025859663,-0.0050444055,-0.0138265511,0.0375277352,-0.0156569955,-0.0294572441,-0.0228840568,0.0169715279,-0.0286801872,0.0102871855,0.0019074413,0.0190948810,0.0019516403,-0.0158804558,-0.0039633485,-0.0085283835,-0.0088682862,0.0220876676,0.0105983195,0.0177324499,-0.0154041757,0.0045203145,-0.0081998497,-0.0183857578,0.0153869828,0.0040273627,0.0137766254,0.0002290532,-0.0143902182,0.0071996593,0.0211828009,-0.0178028510,-0.0100213713,-0.0025409993,0.0090945663,0.0266272792,-0.0027042336,0.0093758592,0.0011648045,-0.0166630313,0.0184559566,-0.0188026718,0.0110139372,0.0224080598,0.0180658062,0.0292921283
139.0000000000,0.0027198326,0.0062172953,-0.0148575501,0.0102761089,-0.0074841721,0.0293680893,0.0158515051,0.0201503195,-0.0017687644,-0.0103855043,0.0366265679,-0.0119818050,-0.0182679906,-0.0100543912,0.0150950572,0.0039255019,-0.0051755026,-0.0189519660,0.0275154940,-0.0080420165,0.0098539405,-0.0080122097,-0.0135082793,-0.0271769090,0.0029944544,-0.0233695830,0.0098531212,0.0011254907,-0.0166110070,-0.0008200520,-0.0034004232,0.0062822185,0.0019016519,0.0079195488,0.0096909522,0.0292729920,-0.0180561356,0.0170394081,-0.0183529357,-0.0119092709,-0.0099256165,0.0178849105,0.0030808904,-0.0007654239,0.0072455031,0.0008534812,-0.0154901856,0.0006391558,-0.0370326154,-0.0097514863,0.0098761113,0.0102956154,-0.0006956079,0.0085918651,0.0022084502,-0.0039777926,0.0058560732,0.0179666188,0.0011226463,0.0029173580,0.0067165595,-0.0058725135,0.0207285509
140.0000000000,-0.0125417388,0.0082526600,-0.0090474293,0.0035368560,0.0083729620,0.0186121955,0.0296857587,0.0115578890,-0.0019564582,-0.0035123366,-0.0044641160,-0.0143432320,0.0300037425,0.0063953835,-0.0138558565,0.0175141912,-0.0068952481,0.0075093518,0.0183468451,-0.0108447264,-0.0088110683,-0.0114781055,0.0070208280,-0.0186440647,-0.0089236078,-0.0146259948,-0.0059290328,-0.0213192307,0.0193386647,0.0408644986,-0.0145633299,0.0048485527,0.0136567991,-0.0085769576,-0.0009895206,0.0187575899,0.0204918762,0.0063157449,-0.0134116275,0.0074607390,-0.0166673193,0.0031456033,0.0077565548,-0.0147328016,-0.0157426785,-0.0023196455,0.0090056924,0.0024937896,-0.0206754718,-0.0197446189,0.0150428748,-0.0040852613,-0.0024804936,-0.0048696914,0.0108897784,-0.0129807577,-0.0045864433,0.0281564619,-0.0102646247,0.0251215657,0.0077111989,0.0034921198,0.0384392838
141.0000000000,0.0014584460,-0.0044329277,0.0107207262,-0.0043544562,-0.0219637026,0.0013975562,0.0114477798,0.0296201255,0.0288350292,0.0037943931,0.0160676195,-0.0223614145,0.0345984254,0.0026848376,0.0096439647,0.0235402086,0.0015816578,-0.0120687516,0.0180935182,-0.0050303139,0.0159356527,0.0174234967,-0.0027502456,0.0006593094,0.0003319148,-0.0182115971,0.0014274274,0.0003990444,-0.0014235488,0.0186336193,0.0018681949,0.0068872762,-0.0179070208,0.0204795859,-0.0206008668,0.0157096144,0.0115712919,-0.0003835707,-0.0166193011,-0.0058006937,-0.0121405810,0.0220404091,-0.0018305660,0.0211826543,0.0039033884,0.0116290122,0.0029924175,0.0260796524,-0.0281372063,0.0017407608,0.0274528208,-0.0039503599,-0.0215649464,-0.0040206239,0.0032408429,0.0050132900,-0.0110516696,0.0169916973,-0.0255107907,-0.0023734501,-0.0001750431,0.0122200201,0.0183152535
142.0000000000,-0.0234735067,0.0032150176,-0.0122053889,-0.0115520363,-0.0308458552,0.0228860673,0.0341618519,-0.0075191818,0.0391157798,-0.0147842649,0.0425738510,-0.0373993246,0.0158396183,-0.0009967207,-0.0204534725,0.0491782004,0.0149205508,-0.0249958299,0.0076375195,0.0129647638,-0.0138337692,-0.0122963642,-0.0261591262,-0.0299899551,0.0123412057,-0.0117082848,-0.0040274805,-0.0266142982,0.0134235269,0.0429864695,-0.0133284201,0.0180868167,0.0002387187,-0.0168354292,-0.0139936390,0.0241712778,-0.0099049444,-0.0143350146,-0.0234314743,-0.0034470085,-0.0264365068,-0.0111914012,0.0296897504,0.0318198115,-0.0111149334,0.0069191299,-0.0127914679,0.0070831418,-0.0301550051,-0.0274897208,0.0087410133,0.0048972923,0.0134893548,-0.0035578072,0.0294074791,0.0195789027,-0.0229707185,0.0597967556,-0.0472017900,0.0138766120,0.0094491872,0.0238210120,0.0180932768
143.0000000000,-0.0247960326,-0.0241865130,-0.0046682499,-0.0201063522,-0.0235157869,0.0090447100,-0.0041071438,-0.0129285374,-0.0198576685,0.0056408338,0.0287637791,-0.0077650020,0.0058488250,0.0073086868,-0.0095320265,0.0306677878,0.0015082036,-0.0216464992,0.0184179186,-0.0114524133,0.0249186496,-0.0278421641,-0.0079550517,-0.0078829318,-0.0032208002,0.0019732146,-0.0184468363,-0.0050263466,0.0019052023,0.0192755956,-0.0266667195,-0.0091066887,-0.0068649724,0.0076546657,0.0162916727,0.0043156586,-0.0013869546,-0.0227128373,-0.0203441064,-0.0095697802,-0.0177365043,-0.0116224464,0.0071554182,0.0038894806,-0.0378843383,-0.0157428211,-0.0066788142,-0.0036350084,-0.0147095846,-0.0016996696,0.0131413989,0.0162335135,0.0142062812,0.0069181062,0.0100910022,0.0005976405,-0.0008570273,0.0353489792,-0.0212541078,-0.0001329266,0.0096945277,0.0423419775,0.0240507120
144.0000000000,0.0065853122,0.0215715969,0.0049826379,0.0060230942,-0.0184004979,0.0325902193,-0.0018051821,0.0022979948,0.0195268622,-0.0059953409,0.0062391233,-0.0113189700,0.0126611372,0.0074573473,0.0276083797,-0.0090668779,-0.0067146990,0.0093299722,0.0211805818,0.0114967948,0.0131191568,-0.0070013960,-0.0045196271,-0.0233734473,0.0077163310,-0.0138549674,0.0006208195,-0.0019818295,0.0078343933,0.0292295149,0.0150774112,-0.0014266986,0.0015242186,0.0030268865,-0.0088563633,0.0244788150,0.0031684709,-0.0211312992,-0.0303508375,-0.0263513600,-0.0273203495,0.0119118307,0.0060896189,0.0308878231,-0.0040616964,0.0250238381,0.0082937566,0.0062894652,0.0022183024,-0.0015774265,0.0048774252,-0.0189893978,-0.0005488511,-0.0138468931,-0.0057509006,-0.0022237249,0.0021934260,0.0126306529,-0.0342100873,0.0088434976,0.0065925342,0.0237821125,-0.0023571629
145.0000000000,-0.0034153198,0.0159196337,-0.0158293433,-0.0002577603,-0.0361032897,0.0103200783,-0.0034800023,-0.0173795820,0.0040289354,-0.0133741096,0.0283476739,-0.0218737781,0.0229143001,-0.0112215555,0.0287793096,0.0501761148,0.0062906001,-0.0450806623,-0.0017326049,0.0087977492,-0.0154612538,0.0082087404,-0.0030569082,0.0037874041,0.0053876108,-0.0121706247,0.0103176196,-0.0184701988,0.0307071600,0.0154263542,-0.0100148965,0.0017855566,-0.0068375950,0.0017044083,-0.0162475497,0.0386838980,0.0151199770,-0.0011869093,-0.0210969267,0.0108609890,-0.0169069229,0.0094528338,0.0054234408,0.0219779254,0.0032580134,0.0070673738,0.0098861081,-0.0095386291,-0.0259502850,0.0019658755,0.0094494508,-0.0110001654,-0.0056470044,0.0075286288,-0.0024375271,0.0028408588,-0.0122573856,0.0238297680,-0.0206482925,0.0121447189,-0.0030694735,0.0134313974,0.0272970196
146.0000000000,-0.0064983040,0.0004017142,0.0011612729,-0.0109062127,0.0026689349,0.0092323030,0.0121037362,0.0039050037,0.0006209585,0.0039988371,0.0083271088,0.0066913916,0.0219968669,0.0118735516,0.0040483386,0.0343110573,0.0216983705,-0.0250404681,0.0306796298,-0.0017269138,0.0142719560,-0.0131012677,-0.0132515237,-0.0113689541,0.0033236731,-0.0163557568,-0.0023314554,-0.0089657685,0.0090538083,0.0064423373,-0.0136959813,0.0026198049,-0.0176500839,-0.0194025333,0.0173285507,0.0016370976,0.0306979968,-0.0309863270,-0.0190367408,-0.0027618793,-0.0117054597,0.0038687985,0.0176836804,0.0145493070,-0.0003306698,0.0014093881,-0.0179375600,0.0039725306,-0.0294405523,-0.0042124383,-0.0115327331,-0.0167444753,0.0145519368,-0.0010228038,0.0170801700,0.0132875521,-0.0075241775,0.0369544707,0.0011326785,0.0028911547,0.0146996066,0.0165662734,0.0264946711
147.0000000000,-0.0163667882,-0.0094826316,-0.0133473264,-0.0006646785,0.0169405336,0.0097491195,0.0083947923,-0.0140762682,0.0196033179,0.0007291136,-0.0125252789,-0.0062690611,-0.0150388418,0.0016348174,-0.0065349387,0.0121006610,0.0029316503,-0.0045150184,0.0070483450,0.0093781145,-0.0181359488,-0.0087693972,-0.0112049709,0.0217948157,0.0109611035,-0.0221207917,0.0206951554,0.0123915289,0.0008644056,-0.0007985043,-0.0114830666,-0.0088914507,-0.0033132527,-0.0090369916,0.0013028545,-0.0092919471,-0.0230185001,0.0053321131,-0.0262053627,0.0077931872,-0.0014753955,0.0069591017,0.0021929031,-0.0181260231,-0.0163993502,0.0005633819,-0.0218016956,0.0180264814,-0.0218591607,0.0055395844,-0.0083863777,-0.0037565042,-0.0067424178,-0.0144839540,-0.0034692192,-0.0029130410,0.0018520359,0.0147264030,0.0134306025,-0.0067452456,0.0023985481,-0.0004610589,0.0134411540
148.0000000000,-0.0098938989,-0.0007249232,-0.0168625573,-0.0039900163,-0.0174837274,0.0374977264,0.0150402567,0.0028882566,-0.0163223809,0.0152437754,0.0088530417,-0.0400366266,-0.0129256766,0.0162606680,-0.0053378569,0.0606009277,0.0298332815,-0.0223999280,-0.0067254471,0.0029314832,-0.0148048520,-0.0078490723,-0.0054558698,-0.0214063524,0.0041925489,-0.0075613551,0.0079584488,0.0072215387,-0.0028288599,0.0110379344,0.0059467686,-0.0079850297,-0.0133788313,0.0007164569,-0.0140957238,0.0156142455,-0.0062385185,-0.0079218837,-0.0290377501,0.0040527145,-0.0175808437,0.0009759987,0.0168274360,0.0023689570,0.0131840806,0.0211027568,-0.0000595572,0.0148670684,-0.0242615057,0.0076262947,0.0087780820,-0.0057627492,0.0264545664,0.0003647516,0.0126078357,0.0284071369,0.0084157569,0.0342228136,-0.0102256363,0.0012287173,-0.0021314719,0.0013567555,0.0162243650
149.0000000000,0.0238220723,0.0054044738,0.0050539150,0.0023176001,-0.0145644902,0.0007593936,0.0223261894,-0.0128091455,0.0191486386,-0.0222401439,0.0095321036,-0.0135555287,-0.0081194515,-0.0165950322,0.0059259820,0.0212997371,0.0121552095,-0.0207966247,0.0126780375,0.0190058409,-0.0161147295,-0.0068103017,-0.0205432078,-0.0015111577,0.0105838137,0.0040254049,0.0045439734,-0.0059697142,0.0132274092,0.0407545011,-0.0139901186,-0.0045457046,-0.0117321781,-0.0011628817,0.0130757100,0.0322384930,0.0024080029,-0.0002112071,-0.0149998956,-0.0237620440,-0.0211785483,-0.0071285748,0.0058730225,0.0186803437,-0.0212750865,0.0034485255,0.0008453310,-0.0060537413,-0.0605531930,0.0003540842,0.0123082798,0.0025339905,-0.0036098552,0.0005576272,0.0130519797,0.0104648645,-0.0191429618,0.0216605827,-0.0204188740,0.0211374177,-0.0051866177,0.0083880097,0.0118454086
150.0000000000,-0.0054331573,0.0171777556,0.0017537699,-0.0190838082,-0.0002740888,-0.0113139086,0.0057170082,-0.0037897571,0.0194757720,-0.0136938155,0.0099812296,-0.0267493842,-0.0005041996,-0.0201368401,0.0014446921,0.0493476299,0.0139699915,-0.0255203510,0.0053013387,0.0068697722,0.0120335213,-0.0056980928,-0.0306381825,-0.0181470799,0.0185643224,-0.0129404028,0.0084856792,-0.0032523620,0.0010595352,0.0113324579,0.0045156780,-0.0019647066,-0.0148863756,-0.0180194705,-0.0098332572,0.0279325936,0.0222753470,0.0054385490,-0.0173108202,-0.0129249126,-0.0306086998,-0.0017197360,0.0139978885,0.0473929441,-0.0198067151,0.0089901724,-0.0074253072,0.0170405998,-0.0288544129,-0.0181255272,0.0176826079,-0.0135145561,0.0313524011,0.0117830282,0.0382447079,-0.0079743986,-0.0023676203,0.0352833311,-0.0137410542,0.0233962540,-0.0037060175,0.0400949258,0.0332951105
151.0000000000,-0.0255203117,0.0382873862,-0.0194922428,-0.0219166178,-0.0221393021,0.0093099897,0.0244384054,0.0077256878,0.0305625957,-0.0180874962,0.0276274501,-0.0099942951,-0.0023116658,0.0191532661,-0.0024672711,0.0440788824,0.0348067099,-0.0101161302,0.0190681343,-0.0054922238,-0.0050179007,-0.0233852738,-0.0310563549,-0.0120862133,0.0151772391,-0.0342498814,0.0038745241,-0.0371648122,0.0160863483,0.0232839440,-0.0073230545,0.0266104332,-0.0189651383,0.0108506186,0.0010675555,0.0540423329,0.0093670942,0.0020021403,-0.0137026816,-0.0031019400,-0.0341416655,-0.0460996028,0.0036426452,0.0168637533,-0.0077647232,-0.0030916731,-0.0038884747,0.0102855898,-0.0458537638,-0.0108282700,0.0238125930,-0.0254367501,0.0349132618,-0.0078471867,0.0272606116,0.0181481862,-0.0232791993,0.0500036333,-0.0186390049,0.0282062122,0.0068168277,0.0233592083,0.0124286595
152.0000000000,-0.0205458229,-0.0059634264,-0.0013604592,0.0027348618,-0.0087029075,0.0158337922,0.0187601924,-0.0131032331,-0.0007812400,0.0031265729,0.0316344163,-0.0118500307,-0.0106190212,0.0032521059,0.0268620611,0.0344914806,0.0165053526,-0.0405800897,-0.0004583496,-0.0013351966,-0.0032307839,0.0057673548,-0.0162864807,-0.0095713560,0.0147099414,-0.0187699957,0.0154578763,-0.0275642482,0.0303442042,0.0504776142,-0.0081245112,-0.0095042853,-0.0138231999,0.0082813072,-0.0089269672,0.0181728968,0.0101903246,-0.0023260931,0.0056386537,0.0076422685,-0.0326219815,0.0136898618,0.0019045351,0.0361264808,0.0125029110,0.0109997281,-0.0081686827,-0.0036809126,-0.0326305239,-0.0070932567,0.0068084212,-0.0092772203,0.0115135185,-0.0051862060,0.0311832156,0.0101644110,-0.0170928766,0.0273401017,-0.0203484673,-0.0087727269,0.0012983593,0.0181459150,0.0032469206
153.0000000000,0.0046588808,0.0046881462,-0.0114218886,-0.0081053702,0.0108204448,0.0159149082,0.0040013565,0.0212876695,0.0109104655,-0.0020779247,-0.0035321411,0.0111943717,0.0371196900,-0.0022421910,0.0025682522,0.0226453125,-0.0013226324,-0.0376917693,0.0047896787,-0.0193877763,0.0140437439,-0.0059749558,0.0007845372,0.0139469012,0.0121896238,-0.0183124077,-0.0035356174,-0.0070827194,0.0121894282,0.0112647540,-0.0114017265,-0.0213938507,-0.0133156323,0.0059942774,0.0188263783,0.0102370788,-0.0013015996,0.0009976970,-0.0149434762,-0.0073713890,0.0045017578,-0.0156378296,0.0070437307,0.0125636028,0.0175867489,-0.0365263727,0.0086224980,0.0234488384,-0.0437814894,-0.0190972513,-0.0131038897,-0.0059252641,0.0078724910,0.0072982139,0.0188092442,0.0187484734,-0.0181156872,0.0197993800,-0.0274962782,0.0098652604,0.0113814550,0.0395446243,0.0185746947
154.0000000000,-0.0223224964,-0.0048700101,-0.0101069447,0.0072203140,-0.0057921653,-0.0113615826,-0.0034305845,0.0210926110,-0.0040547852,0.0106132171,0.0112381692,0.0170351383,0.0055089686,-0.0133170162,-0.0081650129,0.0258321485,0.0208564519,-0.0346759333,0.0010915077,-0.0045180308,-0.0073657172,0.0114831582,-0.0143724593,-0.0092024662,0.0000051055,-0.0156396268,0.0224554924,-0.0035477008,0.0136416831,0.0116170529,-0.0124185644,0.0165399142,-0.0176419412,-0.0172698424,-0.0127556017,0.0165421893,0.0187378354,0.0281760132,-0.0095005039,-0.0092660468,-0.0053615678,-0.0119728034,0.0063060384,0.0148072873,0.0131796525,0.0061304175,-0.0107369317,-0.0025758710,-0.0089260643,-0.0010095596,-0.0027642137,0.0052483517,0.0167408497,-0.0056246558,0.0179668533,0.0027342486,-0.0047655469,0.0338176361,0.0083275130,0.0065234349,-0.0238575033,0.0273661554,0.0129175111
155.0000000000,-0.0008982225,0.0132837294,-0.0415511072,0.0006030327,-0.0143492587,0.0211335887,0.0177657598,0.0026311756,0.0105859856,-0.0214237438,0.0212050727,-0.0461318651,0.0124985713,-0.0028575971,0.0200548830,0.0626055315,0.0208673573,-0.0455212129,-0.0010586606,-0.0089239648,0.0114026718,-0.0089608724,-0.0249312519,-0.0344863603,0.0327336263,-0.0161005146,0.0132495206,-0.0267279058,0.0304582532,0.0353502003,-0.0120250905,-0.0183242818,-0.0184480744,-0.0134208448,-0.0116882265,0.0375592320,0.0308095384,-0.0241177519,-0.0206072024,-0.0165474287,-0.0499408087,0.0072778858,0.0102351843,0.0350546703,-0.0093113345,0.0212590531,-0.0016640403,0.0023299969,-0.0145158804,0.0104904036,0.0207294901,0.0117147425,0.0227177515,-0.0003012765,0.0246270568,0.0250385691,-0.0263337841,0.0530399026,-0.0288832668,0.0021175111,-0.0158074661,0.0168097561,0.0444460334
156.0000000000,-0.0220699104,0.0076844880,-0.0106102502,0.0068041925,-0.0174291719,0.0197819399,0.0148584527,-0.0177629327,-0.0046552228,-0.0014038233,0.0158384278,-0.0105730598,0.0066790239,0.0080073786,-0.0084093947,0.0246018933,0.0099730860,-0.0095208160,0.0255924763,-0.0098554869,-0.0008565311,-0.0008922639,-0.0107660914,-0.0075159366,0.0047495422,-0.0010227836,-0.0054548497,-0.0076664161,0.0194532936,0.0276745543,-0.0119812334,0.0091500036,-0.0045261586,0.0112536329,-0.0128743602,0.0206916829,0.0157167686,0.0135418881,0.0093773900,-0.0057515856,-0.0181527494,0.0017758529,0.0171733569,0.0133451550,-0.0295915016,0.0125888317,0.0048161648,0.0175079408,-0.0329030757,0.0048207622,0.0118888689,-0.0147431049,-0.0041681076,0.0114391993,0.0153663829,0.0107465765,-0.0288110761,0.0400455606,-0.0079300947,0.0068565755,-0.0039576490,0.0147858696,0.0044569869
157.0000000000,-0.0143082680,0.0060143466,-0.0167093674,0.0085587245,-0.0076688535,-0.0048630835,0.0122126300,-0.0319741578,0.0006028409,0.0210053862,0.0496291421,0.0044879440,0.0049734621,0.0010078360,0.0007390239,0.0333099846,0.0223777134,-0.0220924406,0.0115834638,0.0000214281,0.0127536500,-0.0027402299,-0.0092136820,-0.0183301439,0.0153490486,-0.0085393816,0.0233487754,-0.0109880099,0.0093216376,0.0166702983,-0.0051586357,0.0006907175,-0.0062225430,-0.0067401569,-0.0075101455,0.0365598434,0.0159005432,-0.0143247491,-0.0385561378,-0.0066036717,-0.0210958995,-0.0011773344,0.0278108297,0.0082006389,-0.0127074654,0.0182553510,0.0019301233,-0.0027982529,-0.0304278116,-0.0146737972,0.0148288471,-0.0265877532,-0.0010337956,-0.0102493919,0.0119589681,-0.0086100546,0.0126298493,0.0116689001,0.0033194491,0.0259265807,-0.0100361972,0.0163575526,0.0333896354
158.0000000000,-0.0185030466,0.0082705613,0.0115549472,-0.0278671173,-0.0068768455,0.0101449484,0.0103114744,-0.0004142817,0.0099452186,-0.0088997921,0.0301160901,-0.0169663183,-0.0164350096,-0.0159896045,0.0122828674,0.0372148257,0.0190649123,-0.0203199469,0.0255305976,-0.0033817964,0.0025122831,-0.0096617932,-0.0130045838,-0.0356111786,0.0170963156,-0.0066550386,0.0039548320,-0.0234940072,-0.0002127108,0.0157336094,0.0049983542,0.0131520947,0.0011836390,-0.0078240060,-0.0167410992,0.0035025966,-0.0042235710,0.0093388199,-0.0246236837,-0.0168924368,-0.0142995161,0.0161940076,-0.0088455869,0.0112132028,-0.0087140045,0.0013292959,-0.0010413841,-0.0098823005,-0.0291878116,-0.0214651637,0.0191204095,0.0080278634,0.0148037417,0.0011472351,0.0224440557,0.0062330400,-0.0107359318,0.0237329172,-0.0129278432,0.0127243294,-0.0074114098,0.0157330626,0.0161414500
159.0000000000,-0.0059105726,0.0124490221,-0.0124163590,0.0290032358,-0.0217428963,-0.0078593538,0.0048481827,-0.0214461575,0.0237108410,-0.0125982202,0.0256230258,-0.0212985679,0.0125522860,-0.0142786260,-0.0076026828,0.0191769575,0.0034942849,-0.0138662424,0.0181311287,-0.0223980713,-0.0018768249,-0.0171935974,-0.0187390074,-0.0171969107,-0.0043864311,-0.0164442769,0.0204568306,-0.0234637402,0.0208137759,0.0190171795,-0.0252189178,0.0137732985,-0.0398075722,-0.0048875073,-0.0153407949,0.0192822095,0.0219324214,0.0002997330,-0.0066657392,-0.0128393082,-0.0319796494,-0.0000682178,0.0249924174,0.0027591355,-0.0067364518,-0.0142470633,0.0023216892,-0.0033531608,-0.0226020230,-0.0078331470,0.0017852791,-0.0081874911,0.0079249203,-0.0099134337,0.0261413132,-0.0055114306,0.0014313256,0.0124315499,-0.0183551944,-0.0006293066,0.0030982714,0.0275799042,0.0181892329
160.0000000000,-0.0124947439,-0.0098946261,-0.0378207329,0.0128765915,0.0027250109,-0.0051077233,0.0046274055,0.0267910643,-0.0066403950,-0.0045311256,0.0170175467,-0.0025227553,0.0180231507,0.0026026099,0.0045831732,0.0161322197,-0.0042700083,0.0132480405,0.0070602014,0.0062889765,-0.0037425374,0.0054180371,-0.0051711715,0.0035756623,0.0172259819,-0.0274680989,0.0111174492,0.0040737558,0.0223282715,0.0087019453,0.0076303220,-0.0070586251,-0.0294081868,0.0008161053,0.0082707974,0.0383723256,-0.0009225414,-0.0090012443,0.0003318841,-0.0171135110,-0.0011709126,-0.0007465819,0.0116166296,0.0120302210,0.0178298902,-0.0158642546,0.0102046740,-0.0135767579,-0.0349000204,-0.0174804204,-0.0077574209,0.0225901117,-0.0096802485,0.0149750313,0.0318107375,0.0074099544,-0.0077187343,0.0287466761,-0.0034600818,0.0060324208,-0.0091182374,-0.0010483755,0.0173311915
161.0000000000,-0.0070943924,0.0226355327,0.0077953925,0.0015727152,-0.0227993528,0.0099858022,0.0071745382,0.0034755237,-0.0213661080,-0.0074007392,0.0278058560,-0.0137797505,0.0034865133,0.0066517448,-0.0188739358,0.0219205923,0.0134864616,-0.0103522085,0.0133980801,0.0030710001,0.0033191014,-0.0034877861,0.0044009965,-0.0079578870,0.0113480055,-0.0323560234,0.0047065060,-0.0172917665,-0.0071748952,0.0300510846,-0.0118381534,-0.0058292249,0.0201081476,-0.0164749738,-0.0043871484,0.0141966813,0.0269749900,-0.0133317721,-0.0163584279,-0.0153633571,-0.0206410706,0.0073342171,-0.0042378264,-0.0039008712,-0.0158773842,0.0116309491,-0.0036581058,0.0117112535,-0.0350144600,-0.0296215438,0.0106249958,-0.0052268668,0.0108663291,0.0173918563,0.0086683740,0.0014414987,-0.0100960722,0.0316254407,-0.0169727028,-0.0078118184,0.0127063760,-0.0018692709,0.0136244525
162.0000000000,-0.0041741278,0.0059021633,0.0016766776,0.0237879236,-0.0107618454,-0.0113198626,0.0481066482,0.0026364899,0.0130646228,-0.0057164592,-0.0052833806,-0.0287072046,0.0165621568,0.0048584809,-0.0033998041,0.0003631050,0.0185280629,0.0033663591,0.0262203323,0.0063006125,-0.0039379120,-0.0004650170,-0.0184261056,-0.0424154936,0.0150552124,-0.0086016753,0.0163039565,-0.0062811508,0.0290089067,0.0192068938,-0.0147512086,-0.0294049176,-0.0084556019,-0.0216935898,0.0095658008,0.0026883935,0.0224488797,-0.0105673118,-0.0008443270,-0.0095542524,-0.0316224634,0.0006691948,0.0083126579,0.0134969624,-0.0090484712,-0.0199224477,0.0205664059,0.0135767134,-0.0220785034,-0.0138900619,0.0060511751,-0.0182580591,-0.0042773023,0.0013346135,0.0192969147,-0.0069392168,-0.0218034884,0.0149146586,-0.0203620658,0.0143410482,0.0229630757,0.0202415648,0.0092506522
163.0000000000,-0.0104630971,-0.0200158162,0.0053515331,-0.0072180667,-0.0369886950,-0.0059149486,0.0104019324,-0.0188598280,0.0040283255,-0.0184615161,0.0126130624,-0.0173997249,0.0144432750,-0.0022338751,-0.0135035848,0.0055486758,0.0273632074,-0.0182772464,0.0220008591,0.0012045827,-0.0011489301,-0.0116571724,-0.0233982344,-0.0331833863,0.0178510741,-0.0171605833,0.0193374094,0.0202269286,-0.0057649306,0.0085481415,-0.0122915740,0.0051809594,-0.0130452937,0.0070869098,0.0078602869,0.0146502895,-0.0031867152,0.0106157151,-0.0318544558,0.0044023992,-0.0282476648,0.0006172213,-0.0165837457,0.0130612215,0.0016864762,-0.0087147149,-0.0062850819,-0.0146212752,-0.0143362929,-0.0125329177,0.0203693141,-0.0102876952,0.0107057563,-0.0026224427,0.0309043962,0.0148863548,-0.0169337262,0.0397933706,0.0031871417,0.0286440800,0.0039347101,0.0247902356,0.0246005670
164.0000000000,-0.0049788354,-0.0017164444,-0.0090870550,0.0163474055,0.0050673847,-0.0003739769,-0.0094419128,0.0028707083,-0.0112355051,0.0001446821,0.0182464323,0.0141852083,-0.0115364439,0.0022651745,0.0181992766,0.0060441652,0.0084847731,-0.0227074022,0.0058043253,0.0044991746,-0.0230131491,0.0085472658,-0.0195450012,-0.0258204231,0.0174959065,-0.0209097746,0.0339443578,-0.0030190606,0.0008098395,0.0098404053,-0.0079340988,0.0105790888,-0.0168604811,0.0209904984,0.0195791056,0.0280750129,0.0151828364,-0.0121077639,-0.0236075120,-0.0156030341,-0.0284270654,0.0025654804,-0.0067776614,0.0127135054,-0.0140752766,0.0036612254,-0.0098506052,0.0039889018,-0.0253937411,0.0040174623,0.0041887891,0.0050204333,0.0123293918,0.0205369826,0.0185663371,0.0347862181,-0.0087829759,0.0233002506,-0.0218339309,-0.0068236036,-0.0088586037,0.0114055197,0.0253195760
165.0000000000,0.0039428382,0.0023701720,-0.0212870628,-0.0196208941,-0.0045436071,-0.0017219251,-0.0062724458,-0.0041982684,-0.0019127475,-0.0106443003,-0.0059212875,-0.0148187121,-0.0099113239,-0.0137342351,-0.0162948478,-0.0049214192,0.0049710703,-0.0185808755,0.0032979465,0.0026025527,-0.0272748049,-0.0045673143,-0.0148206912,-0.0222665895,0.0081799264,0.0027721402,-0.0040326232,-0.0266600086,0.0006240804,0.0333193970,0.0081701879,-0.0076858211,0.0020396573,0.0261803908,0.0019686267,0.0262143607,0.0062487914,0.0095914094,0.0112767152,-0.0066591328,-0.0396863274,-0.0158198026,0.0071475773,0.0102378718,-0.0098066644,-0.0013124678,0.0143303712,0.0075690338,-0.0295026269,-0.0069524764,-0.0006831584,-0.0014756254,0.0145531780,-0.0122588916,0.0183771670,-0.0076528822,-0.0015882931,0.0168208943,-0.0137768388,0.0055810365,-0.0016636751,0.0155676148,0.0229855021
166.0000000000,-0.0110315198,0.0022220236,-0.0068988017,-0.0218907222,-0.0265814946,0.0177777400,-0.0074038756,-0.0042745652,0.0058904423,-0.0237152908,0.0083710337,-0.0285728569,0.0000610582,0.0060680754,0.0029849813,0.0093298517,0.0170162202,-0.0218448328,0.0113862676,0.0147788029,-0.0023285866,-0.0057544992,-0.0266643619,-0.0075339793,0.0118457500,-0.0388425097,0.0299731846,-0.0157701265,0.0213924549,-0.0034330826,-0.0016944878,-0.0090368080,0.0053503339,0.0122452143,0.0015479872,-0.0010131140,-0.0032178958,0.0048743876,-0.0011985667,-0.0046213413,-0.0099127230,-0.0075554804,0.0027809823,0.0104215785,0.0047649732,0.0163937711,0.0004008730,0.0057604956,-0.0138807466,0.0060586026,-0.0014980624,-0.0021187265,0.0302958630,0.0133005993,0.0290614110,-0.0195520277,-0.0052512917,0.0228774359,-0.0081708889,-0.0140657494,0.0114672230,0.0139502307,0.0177818520
167.0000000000,-0.0025834015,0.0213878894,0.0098303899,-0.0160375576,-0.0092647873,0.0008925619,0.0211272874,-0.0021258980,0.0074408566,-0.0376914765,0.0378538447,-0.0244389384,0.0091267074,-0.0167784198,-0.0179903011,0.0210011420,0.0166324590,-0.0302428865,0.0085463106,0.0028084683,-0.0206080040,-0.0003649488,0.0049223732,-0.0104414048,0.0076801044,-0.0345368512,0.0030165480,-0.0098536456,0.0005900422,0.0036417959,-0.0192828655,-0.0160553906,-0.0123947464,-0.0054084739,0.0113428161,0.0329148213,0.0146369431,-0.0039452636,-0.0179719315,-0.0188665124,-0.0267777180,-0.0091889263,0.0021278012,0.0105945879,-0.0182346510,-0.0001600719,-0.0131902211,-0.0070340421,-0.0265418428,-0.0044207921,0.0077334097,0.0004412624,0.0015447754,0.0075501063,0.0121023689,0.0032340179,-0.0055077430,0.0301864893,-0.0162104118,0.0187997821,-0.0042967190,-0.0254538106,-0.0003712964
168.0000000000,-0.0251528374,0.0072945780,0.0083773920,-0.0296752906,-0.0104695735,0.0042665707,0.0252677345,0.0117427309,0.0050974600,-0.0358715774,0.0001728010,-0.0316213008,0.0237890004,0.0176037159,0.0023547705,0.0371200650,0.0148754783,-0.0036207870,0.0255176865,0.0024392742,0.0225402509,0.0064952183,-0.0116693744,-0.0044308427,0.0093115905,-0.0188163814,0.0043988610,-0.0120255689,0.0206100277,0.0182606074,-0.0017670975,0.0240900955,-0.0412509851,-0.0254875062,0.0134593163,0.0441987100,0.0235537221,-0.0043375963,-0.0200827016,-0.0480542146,-0.0215272605,-0.0155551584,0.0065712811,0.0288817687,0.0091945338,-0.0133671445,0.0257354407,-0.0064051465,-0.0389446132,-0.0014260606,0.0185280964,-0.0300546867,0.0100886389,0.0022378055,0.0360709165,0.0337115050,-0.0152902540,0.0297492865,0.0119334525,-0.0052905102,0.0078811014,0.0024451963,0.0136749063
169.0000000000,0.0072992321,0.0181433943,0.0123756936,-0.0108410680,-0.0164305831,0.0149303401,0.0275489070,0.0081444105,-0.0096945982,-0.0129599803,-0.0080965894,0.0045263467,0.0023170227,-0.0050562065,-0.0044450204,0.0139275505,-0.0034683793,-0.0238810921,-0.0001419162,-0.0060451283,-0.0096472509,0.0234636532,-0.0074266988,0.0068219536,0.0040524401,0.0022512273,-0.0034038322,0.0022875404,0.0277005916,0.0114169783,-0.0104605402,-0.0106945825,0.0019344998,-0.0051800324,0.0046869534,0.0280272597,0.0162121415,-0.0194523188,-0.0038327806,-0.0201578180,0.0118087876,0.0105860434,0.0020639553,-0.0170386224,-0.0040663656,-0.0179533582,-0.0087036837,0.0234568537,-0.0068401574,-0.0032504014,0.0077668861,-0.0007437930,0.0098783715,0.0236083379,0.0067442042,-0.0076232793,-0.0052466009,0.0091736923,0.0016340916,-0.0040379037,0.0038497249,-0.0109622016,0.0057593893
170.0000000000,-0.0271058918,0.0009900584,0.0082340283,-0.0014087134,-0.0320095525,0.0196915576,0.0147114910,0.0127696393,0.0205415911,-0.0239452289,0.0098238458,-0.0249989597,0.0241178042,-0.0004537794,0.0128727257,0.0223175411,0.0191671167,-0.0221827076,0.0168902264,0.0052681163,0.0031495381,-0.0012807945,0.0051080002,-0.0311264344,0.0113134010,-0.0200810850,0.0097753887,-0.0096341034,0.0151055046,0.0143079794,-0.0093116906,-0.0178673194,-0.0169882607,-0.0039073182,0.0004599102,0.0194485398,0.0178799918,-0.0166748438,-0.0088754311,-0.0005891648,-0.0611849126,0.0148719904,0.0043230722,0.0330787886,-0.0015431668,0.0103062794,0.0014548861,0.0098801799,-0.0425050614,-0.0204765969,0.0038909872,-0.0084450202,0.0348847211,0.0003259021,0.0181842910,0.0189237126,-0.0271238345,0.0271264558,-0.0423898453,-0.0075002205,0.0193367057,0.0197866838,0.0069867476
171.0000000000,-0.0192280259,0.0158797491,-0.0294297484,0.0037126273,-0.0161394527,0.0200026640,-0.0020418672,0.0154822920,-0.0053228041,-0.0403150742,0.0192998266,-0.0169097285,0.0089094335,-0.0068943908,0.0054251247,0.0232433427,0.0082545778,-0.0324569958,0.0009528783,-0.0057504152,0.0052318638,-0.0190515183,-0.0083069902,-0.0345011851,0.0086606528,-0.0123294778,0.0101967218,-0.0466170501,0.0098297589,0.0415393377,-0.0125773067,-0.0119431589,-0.0206338663,-0.0212426380,0.0070571302,0.0172050713,-0.0044700470,-0.0145329549,-0.0217905055,-0.0101490485,-0.0299036458,-0.0206440258,0.0117349689,0.0257347852,-0.0102161645,0.0178802245,-0.0194798924,0.0042259230,-0.0152594039,-0.0100435448,0.0311351093,-0.0219189037,0.0092120279,0.0034712376,0.0209172950,-0.0059807442,-0.0207073406,0.0190323440,-0.0031779379,0.0142059080,-0.0147379229,0.0184252979,0.0361419449
172.0000000000,-0.0250660556,0.0216441622,-0.0000453259,-0.0170388781,-0.0149654985,0.0010431367,0.0078802297,0.0008411843,-0.0045028786,-0.0025786505,0.0106532275,-0.0141474777,-0.0043427381,-0.0104054435,-0.0165028025,0.0283902661,-0.0051259828,-0.0071935612,0.0157584960,-0.0023296136,-0.0103513932,-0.0101397565,-0.0082183071,-0.0046930371,0.0222243171,0.0335931891,-0.0057225211,-0.0143328729,0.0057186358,0.0256035866,-0.0282351542,-0.0015040333,-0.0001587490,0.0077088269,0.0190641893,-0.0178665607,0.0190042008,-0.0008040673,0.0108613261,-0.0092364726,-0.0168324236,0.0003937632,0.0008537989,-0.0073218506,-0.0137608802,-0.0159222011,0.0036523151,-0.0152334073,-0.0238289082,-0.0214505517,-0.0020586269,0.0012358651,0.0069335181,-0.0079906078,0.0088704926,0.0012255950,-0.0099534588,0.0170594751,-0.0202298434,0.0080159766,-0.0024155018,-0.0055823153,-0.0000150733
173.0000000000,-0.0101911925,-0.0099152543,0.0011577234,-0.0106645461,-0.0088624616,0.0189222734,0.0092049200,0.0010059440,0.0248334233,0.0032038134,0.0157653669,0.0042388801,0.0092100833,0.0103570426,-0.0028745429,0.0142267754,0.0116375212,-0.0218469131,-0.0084368291,0.0066135729,-0.0014125509,-0.0273288186,-0.0239128299,-0.0023767825,0.0099129139,-0.0113138288,0.0109676321,-0.0068043836,0.0258005556,0.0109881272,-0.0119079461,0.0048409265,-0.0070025515,0.0174679428,0.0028276079,0.0249261082,0.0080283535,0.0217955684,0.0032697113,-0.0335597336,-0.0286749519,-0.0136867511,0.0254216350,0.0322839937,0.0027052380,-0.0056442288,-0.0081604943,0.0274747346,-0.0248144045,0.0238876509,0.0181916302,-0.0219954569,0.0284696530,-0.0007114846,0.0056679383,-0.0165618060,0.0036148516,0.0028627027,-0.0250658409,0.0053884390,0.0024223119,0.0150958889,0.0144814990
174.0000000000,-0.0160043137,0.0238186424,-0.0017091728,-0.0087210666,0.0047909699,0.0127250608,0.0111343882,0.0078577247,0.0044428908,0.0069883867,-0.0068942360,-0.0138643857,-0.0046759199,0.0090258838,0.0153800433,0.0282369203,0.0110907673,-0.0077661030,0.0077636202,-0.0140143952,0.0105467450,-0.0046341984,0.0045389005,-0.0002820858,0.0275408118,0.0072017621,0.0020548575,-0.0062561497,0.0183429715,0.0283639469,-0.0067965614,0.0046032256,-0.0375652382,-0.0108058964,-0.0084054588,0.0293514100,-0.0029125887,-0.0101732749,-0.0047408076,-0.0239897856,-0.0088544378,-0.0025282512,-0.0143332403,0.0213959033,0.0083139398,-0.0145077156,0.0017129520,-0.0025578252,-0.0060287925,-0.0017407423,0.0302181944,-0.0090111505,0.0344728320,0.0070227494,0.0430293376,0.0054511855,-0.0028034984,0.0532811112,-0.0089268597,0.0265291659,0.0021774123,0.0135649593,0.0163193356
175.0000000000,-0.0121038335,-0.0145728207,0.0099995388,-0.0099035548,0.0034789089,-0.0293185988,0.0071512958,-0.0063953079,-0.0090773385,-0.0127157108,0.0064513132,-0.0279483446,0.0085428520,-0.0059758643,0.0023533981,0.0066596056,0.0028020891,-0.0182826733,0.0034365967,0.0062864152,-0.0004930210,0.0026964211,-0.0060426713,0.0004465810,0.0050264303,-0.0184058991,-0.0021316611,0.0125454339,0.0299307542,0.0038508912,0.0135196371,0.0114107393,-0.0112790688,0.0093579837,0.0030509788,0.0196463541,0.0003794129,-0.0015899740,-0.0096344415,0.0018464547,-0.0219720228,-0.0157157762,0.0113314120,0.0159034056,0.0026309017,-0.0008982987,-0.0117720102,-0.0069607881,-0.0079950208,0.0064382653,0.0220848329,0.0295037683,0.0121882409,0.0086909695,0.0052260551,-0.0005814128,0.0090794659,0.0122184434,-0.0226963918,0.0109643592,0.0125760019,0.0199344020,0.0147805634
176.0000000000,-0.0082250563,-0.0032565077,-0.0078606196,-0.0069855768,-0.0138795262,-0.0101427427,0.0165779957,0.0133428012,-0.0061664680,-0.0094564037,0.0034488026,0.0018541763,-0.0104502248,0.0177780139,0.0105960081,0.0032032593,-0.0142902871,-0.0215157260,-0.0112178829,0.0354668564,-0.0129986709,0.0133145136,-0.0443966848,0.0055791451,0.0057564661,0.0129230631,0.0266899820,0.0012032862,0.0011109307,0.0304893584,-0.0304805306,0.0048565010,-0.0140379344,0.0104448128,0.0049874340,0.0317109989,0.0005966052,-0.0088859599,0.0026598626,-0.0126701188,-0.0278224721,0.0090756529,0.0014243901,0.0109477705,-0.0215740220,0.0115036228,-0.0040640240,0.0064878934,-0.0119559965,-0.0064128309,-0.0054629433,-0.0037897182,0.0083673333,-0.0162595251,0.0305376820,-0.0114473542,0.0051912843,0.0139008270,-0.0352877505,0.0175061499,0.0047335130,0.0042325028,0.0349084921
177.0000000000,0.0063537164,0.0309589451,-0.0049170495,-0.0038737717,-0.0100789325,0.0282488900,0.0135429730,0.0018516617,0.0096235086,-0.0037723923,0.0070799202,0.0156346046,0.0156251914,-0.0146747200,0.0094960010,0.0008425776,0.0199704603,-0.0115520910,-0.0032426608,0.0026661829,0.0159353540,-0.0214787194,-0.0108744486,-0.0264025754,-0.0025499693,-0.0246879060,0.0140988214,-0.0084327133,-0.0015180426,0.0153131196,-0.0015135846,-0.0008953062,0.0012081549,-0.0178978350,-0.0210058162,0.0113276700,-0.0058962349,-0.0079883753,-0.0227604904,0.0056304255,-0.0160740094,0.0111572518,-0.0058348022,0.0275291072,0.0172275730,-0.0158384674,-0.0101695659,-0.0030877965,-0.0182983862,-0.0252145074,0.0184716637,-0.0105061874,-0.0044675119,-0.0083398390,0.0121710222,0.0019192504,0.0016636936,0.0272455251,-0.0099915163,0.0217905811,-0.0119287855,-0.0083625975,0.0065069787
178.0000000000,-0.0128007063,0.0174895910,-0.0057571665,-0.0104258859,-0.0245066086,0.0285477622,0.0146885208,0.0153829893,0.0099645071,-0.0092601616,0.0158174670,0.0045922839,0.0283191378,0.0166349573,0.0032606207,0.0040331737,-0.0053225887,-0.0307404638,-0.0083638191,0.0057155469,-0.0160629367,-0.0058438828,-0.0217870441,-0.0395368535,0.0094687577,-0.0298841771,0.0128186432,-0.0105263468,0.0171428143,0.0224670634,-0.0042410369,0.0317440782,-0.0106419514,0.0120161620,0.0134085031,0.0214819708,0.0220945234,-0.0037129589,-0.0172970046,-0.0321235836,-0.0334363050,0.0078428974,0.0253113813,0.0214442866,-0.0048629193,-0.0044748717,-0.0182647058,0.0032561725,-0.0158291918,0.0082260370,0.0308552051,-0.0149404467,0.0069211229,-0.0040876767,0.0378109601,0.0031056955,-0.0261990687,0.0436047731,-0.0171989767,0.0041726788,0.0029054918,0.0066627105,0.0495803335
179.0000000000,-0.0297539369,0.0172724759,-0.0195627202,0.0072985188,-0.0100657215,0.0000870084,-0.0010747486,-0.0148226110,0.0160148746,0.0124980497,0.0099889992,-0.0120517694,0.0090950176,-0.0054967692,-0.0188276635,0.0390233373,0.0086443690,-0.0257685092,0.0207512427,-0.0159103954,0.0141148397,-0.0112831548,-0.0077044361,-0.0270853735,0.0143661624,-0.0058654747,0.0132074571,0.0088922929,0.0117293942,0.0195967560,-0.0200784254,-0.0128862630,-0.0134202131,0.0205037908,-0.0133483632,0.0298938770,0.0111350592,-0.0160439345,-0.0302496152,-0.0126945382,-0.0363121885,-0.0103845855,0.0236796468,0.0006217568,-0.0179248666,0.0218263792,0.0079240140,0.0110589219,-0.0339997301,0.0007784160,0.0007229974,-0.0109209506,0.0140165215,0.0086957485,0.0147036428,0.0194798493,0.0023718874,0.0322914915,-0.0098573866,-0.0002124322,-0.0114309540,0.0222624507,0.0403473600
180.0000000000,-0.0091316808,0.0039674272,0.0148816085,0.0056140247,-0.0000614275,0.0094593897,0.0008355935,0.0173591551,0.0133741219,-0.0217330285,0.0056638240,-0.0022442217,-0.0020781503,-0.0031615964,-0.0025589922,0.0289731959,0.0347097156,-0.0283468872,-0.0085790685,-0.0265169246,-0.0019365115,-0.0156113673,-0.0022121655,-0.0193929513,0.0025477376,-0.0310185575,0.0186507827,-0.0122576143,0.0402383519,0.0347674611,-0.0272829078,0.0180655015,-0.0238847926,0.0133622819,0.0104454799,0.0100474651,0.0136783801,-0.0121498588,-0.0351582159,-0.0190149871,-0.0514849212,0.0051076530,0.0234848124,0.0162079565,-0.0164963542,-0.0050281609,-0.0094577078,-0.0185148585,-0.0469022531,-0.0074721633,0.0107631621,-0.0085170783,0.0216933776,0.0149675425,0.0351928840,0.0192250544,0.0060708538,0.0376979948,0.0081981287,0.0076591296,0.0104629986,0.0241256014,0.0307472802
181.0000000000,-0.0280005915,-0.0073560670,-0.0180647182,-0.0020426490,-0.0294902206,-0.0044537059,0.0051955866,0.0026725892,0.0174344038,-0.0264759652,0.0133417922,-0.0145251776,0.0031609778,-0.0126441757,0.0070481760,0.0398241399,0.0123212002,-0.0291395920,0.0169743416,-0.0221379805,-0.0056981818,-0.0082204137,0.0133318640,-0.0099602557,0.0068753701,-0.0072625117,0.0200543862,-0.0171609687,0.0358818566,0.0320338052,-0.0141145101,-0.0043768442,-0.0168167799,-0.0061951362,0.0061148136,0.0241991795,0.0003467746,-0.0120832008,-0.0194138842,-0.0015370371,-0.0193341351,0.0027112732,0.0043057739,0.0048229649,-0.0040667920,0.0149011607,-0.0064881803,0.0076329907,-0.0462708757,0.0016171995,-0.0005603197,-0.0146315222,-0.0037365395,0.0020306291,0.0237260421,0.0095290382,-0.0131627239,0.0473931905,-0.0163525852,0.0157618391,0.0006756421,0.0142764520,0.0160701968
182.0000000000,-0.0240561753,0.0113991977,0.0019682243,0.0376932281,0.0040590684,0.0145821876,-0.0141008611,-0.0150741259,-0.0009051864,-0.0141832949,0.0060978391,-0.0046414375,0.0006546984,-0.0073619836,0.0143809146,0.0338476038,-0.0089192042,-0.0165726397,0.0062800404,0.0007799858,-0.0023494504,-0.0019511373,-0.0282345228,-0.0282000600,0.0132338862,-0.0015338653,0.0061700211,-0.0118716181,0.0175067094,0.0269246600,-0.0017730976,-0.0043147763,-0.0259736588,-0.0122614617,-0.0182350662,0.0169029106,-0.0061116259,-0.0084296683,-0.0051697323,-0.0069965293,-0.0312707691,-0.0075615188,0.0113808312,0.0061247077,-0.0029934895,-0.0278238471,0.0251946381,0.0066677157,-0.0087298683,-0.0007064229,0.0279881532,-0.0036354276,-0.0121591065,0.0178867986,0.0245251476,0.0076176357,-0.0172460530,0.0057391471,-0.0003605847,0.0019400614,-0.0017713559,-0.0037092126,0.0099776799
183.0000000000,-0.0104038796,0.0065839089,-0.0032260251,-0.0069831957,-0.0001496104,0.0026500928,0.0013689412,0.0009945164,0.0075780496,0.0139881356,0.0158712367,-0.0176433930,0.0193066586,-0.0241454228,0.0069727778,0.0209833817,-0.0056161448,-0.0295395181,-0.0049866063,-0.0213287123,0.0144777161,0.0061411264,-0.0113111708,0.0069708223,-0.0098713489,-0.0045659032,-0.0060415254,-0.0321985869,-0.0058984601,0.0381462132,-0.0056122999,0.0015898528,0.0085751479,-0.0141491664,-0.0007275227,0.0032479544,0.0078350379,-0.0114661331,-0.0157480461,0.0049903348,-0.0307979979,-0.0175047907,-0.0105703763,0.0022585993,0.0117534768,0.0081790336,-0.0079507357,0.0261024472,-0.0400853469,0.0144136141,0.0033648020,-0.0127913047,-0.0083806912,-0.0063215974,-0.0034203774,0.0073062972,-0.0229297328,0.0397651124,-0.0039365941,-0.0075707984,-0.0086086095,0.0099213022,-0.0005754289
184.0000000000,-0.0138688859,0.0087027687,-0.0129898551,-0.0008436370,-0.0263458203,0.0026498801,0.0254887856,-0.0048525928,0.0064776773,0.0021148234,0.0030718821,-0.0226515701,0.0061671215,-0.0033970014,-0.0050572310,0.0360482926,0.0132421923,-0.0143579319,0.0221047204,-0.0029692102,0.0141024586,0.0076701233,0.0051687953,-0.0087083727,0.0203521981,-0.0209968418,0.0179598980,-0.0079827416,0.0166024066,0.0014222517,0.0026845808,0.0105016010,0.0065441565,0.0019613944,-0.0118247727,0.0347421718,0.0160611658,0.0030436073,-0.0397527885,0.0102587166,-0.0326620957,-0.0101312501,0.0143716183,0.0104432765,-0.0056662741,-0.0164463808,-0.0166555737,-0.0291652199,-0.0333721934,-0.0058539330,-0.0037726691,0.0120224846,0.0108147862,-0.0065083290,0.0256895859,0.0103990953,-0.0038697176,0.0362680398,-0.0200475350,0.0307419396,-0.0114438470,0.0269456719,0.0110548407
185.0000000000,-0.0122855393,0.0105826265,-0.0214309550,-0.0189874268,-0.0073359239,0.0268927926,0.0165435303,-0.0141082207,0.0028898418,0.0094430131,0.0138323851,-0.0197406394,0.0049879171,-0.0115022015,0.0060916720,0.0196128898,-0.0072025668,-0.0134162351,0.0120567373,-0.0036904649,0.0017109498,-0.0147612789,-0.0038823087,-0.0056441915,-0.0084672690,-0.0121921594,0.0136493084,0.0065782584,-0.0157454179,-0.0117275347,-0.0169831333,0.0053522062,-0.0042563773,0.0001862191,-0.0058306924,0.0051561102,-0.0052501888,-0.0004380410,-0.0085147370,0.0145012393,-0.0097167651,0.0407808863,-0.0170865978,0.0227024994,-0.0045352137,-0.0098442080,0.0079391667,-0.0053483001,-0.0002705591,-0.0003116198,0.0166224214,0.0186095972,0.0217156019,-0.0003796363,0.0330775833,-0.0077095039,0.0049601545,0.0283754146,-0.0319945022,0.0016794060,0.0306932739,-0.0045518320,0.0182091110
186.0000000000,-0.0142950942,-0.0007692577,0.0007651120,-0.0135556274,-0.0181715978,0.0068206726,0.0004590573,-0.0453000107,0.0122632271,-0.0102106538,0.0106347695,-0.0209482740,0.0078738171,0.0134755341,0.0165399214,0.0400114630,0.0024031106,-0.0148337776,0.0035158684,-0.0070135438,0.0045040738,-0.0263997819,-0.0088301214,-0.0113625458,-0.0031913489,-0.0162663380,0.0029514626,-0.0245509119,0.0126765474,0.0166635485,-0.0125141048,0.0172470867,-0.0094116647,0.0032717766,-0.0057582238,0.0355247213,-0.0030968651,-0.0277006179,-0.0203768744,-0.0008497616,-0.0401382120,-0.0075565797,0.0077623673,-0.0049245566,-0.0071742074,-0.0027113320,-0.0071246015,-0.0097578310,-0.0174441537,0.0086753291,0.0179039601,0.0130662100,0.0050750750,0.0235511526,0.0186953515,0.0137126172,-0.0190050956,0.0340137812,-0.0165675199,0.0132638039,0.0047268061,0.0175363893,0.0194274639
187.0000000000,-0.0120499993,0.0359057590,-0.0145360676,-0.0023353042,0.0029904483,0.0108248585,0.0186919230,-0.0081349590,0.0123863235,-0.0259070526,0.0149661180,0.0048218074,0.0135124435,0.0172715393,0.0049219167,0.0369711653,0.0137442215,-0.0282718695,-0.0102230440,-0.0212883283,0.0041473511,0.0200102950,-0.0028180111,-0.0160044052,0.0140099051,-0.0040797378,0.0145680265,-0.0244902509,0.0249764635,0.0187914503,-0.0265242702,0.0003428192,-0.0171119497,-0.0195737281,0.0111227737,0.0109816792,0.0256790708,-0.0254751807,-0.0047422443,-0.0064513968,-0.0294019581,-0.0156046759,0.0091624556,0.0071053557,0.0004267867,0.0050397610,-0.0291552953,0.0080953038,-0.0246659578,0.0054198099,0.0005345435,0.0076487785,0.0027909644,-0.0036522452,0.0196674254,-0.0076396496,0.0015892778,0.0520576307,-0.0277638363,-0.0197690181,-0.0003630661,0.0181083806,0.0331161782
188.0000000000,-0.0251346950,-0.0222034424,-0.0096873358,0.0072081758,-0.0027825458,-0.0064321685,0.0087863756,-0.0168934772,-0.0089404417,0.0160151393,0.0076968495,-0.0106525402,0.0193670376,0.0083344076,0.0201983719,0.0291176532,0.0217865403,-0.0181374793,0.0043372320,-0.0375902219,0.0032206701,-0.0044192160,-0.0227268070,-0.0135119198,0.0213022963,-0.0262218723,-0.0116485152,-0.0194538717,0.0157145311,0.0167178933,0.0066724549,-0.0196079818,-0.0126654383,0.0086566760,-0.0039776725,0.0301986402,0.0126177651,-0.0278463627,-0.0104860251,0.0032579947,-0.0235077382,-0.0163631518,-0.0004946221,0.0052238021,-0.0149641613,-0.0076182736,0.0146581360,0.0154090060,-0.0396116294,-0.0008230631,0.0060211861,-0.0077228529,0.0126980203,-0.0063937215,0.0138057138,0.0038114461,-0.0172521244,0.0240969392,-0.0157348660,0.0093629496,0.0174250510,0.0254400609,0.0109875162
189.0000000000,-0.0230821528,0.0128267059,-0.0124228262,0.0099853987,-0.0219092424,0.0274415911,0.0116740662,-0.0049146066,-0.0003061812,-0.0098627128,0.0130235261,0.0058494902,0.0119905855,-0.0094250250,-0.0121004260,0.0400454524,0.0082465763,-0.0357224104,0.0105482076,-0.0190160970,0.0212598423,-0.0046492277,-0.0040283272,-0.0096927371,0.0063401948,-0.0299480168,0.0068965851,-0.0038143508,0.0034763969,0.0265797740,-0.0147180240,0.0249254535,-0.0195931469,-0.0041977662,-0.0000794322,0.0246413180,-0.0091494325,0.0102748982,-0.0059829133,-0.0202292844,-0.0309679443,0.0008488376,0.0129477535,0.0195340363,-0.0095275087,-0.0045346838,-0.0037095970,0.0083747696,-0.0360844233,0.0016764334,0.0224493980,0.0169278768,0.0045072347,0.0015525109,0.0084426993,0.0172751642,0.0054525179,0.0262273917,-0.0139246173,0.0063068631,-0.0025207708,0.0242991598,0.0267415607
190.0000000000,-0.0187616292,0.0068790002,-0.0026650238,-0.0150268974,0.0153648082,0.0185906278,0.0138214129,0.0106357186,-0.0108108903,-0.0194455812,0.0092499823,-0.0210335922,0.0192509325,-0.0164843266,0.0128976421,0.0258747943,0.0104513843,-0.0290590917,0.0163195719,0.0180960799,0.0070316059,0.0123222347,-0.0316180442,-0.0265433627,0.0208413468,-0.0071050441,0.0204044434,0.0068954935,0.0242139709,0.0259702467,-0.0251248413,-0.0009196245,0.0108854337,0.0049815198,-0.0153575903,0.0129480122,0.0193382222,-0.0021879897,-0.0310907234,0.0114326922,-0.0200504054,0.0030581582,0.0169636225,0.0186490743,0.0095347510,0.0067191605,-0.0061191203,0.0062000214,-0.0563204423,-0.0161605635,0.0040158653,-0.0154778389,-0.0122024197,0.0198783885,0.0065380561,0.0062859381,-0.0115179124,0.0295824251,-0.0335088460,0.0394030493,0.0107700045,0.0606019382,0.0135278766
191.0000000000,0.0084583301,0.0206434472,-0.0179926134,0.0068237522,0.0113673535,0.0059971412,0.0032747500,0.0072108578,0.0026491845,-0.0007706614,0.0239306868,-0.0062086984,0.0012477671,0.0038418943,0.0083338571,0.0193803558,0.0188326401,-0.0204350854,0.0232889584,0.0103316062,0.0120216914,-0.0228581710,0.0000139136,-0.0354791317,0.0103166912,-0.0135423054,0.0124275915,-0.0047031862,0.0091660394,0.0112111232,0.0143391403,0.0099122370,-0.0079600017,-0.0094350072,0.0022486247,0.0204908929,0.0123844810,0.0016436654,-0.0147314655,-0.0079359817,-0.0136600112,0.0021825993,0.0005583152,0.0044218626,-0.0065019088,-0.0074041658,-0.0045020021,0.0182546768,-0.0451117694,-0.0121247818,0.0267187722,-0.0048049421,0.0093756330,0.0232320196,0.0151360752,0.0057899121,-0.0088570899,0.0352732428,-0.0287610085,0.0147330106,-0.0162934632,0.0088903433,0.0021929313
192.0000000000,-0.0211987051,0.0082583637,-0.0065706265,-0.0264039494,-0.0174250843,0.0115409657,0.0059478287,-0.0078945960,0.0334193869,-0.0178310576,0.0272357570,-0.0064737284,-0.0014909044,0.0069451493,-0.0023224445,0.0353245063,0.0269175268,-0.0318941492,0.0067949042,-0.0162218375,-0.0022005484,0.0044017528,-0.0293502320,-0.0186879197,0.0034044810,-0.0030532619,0.0077632929,-0.0040432421,0.0123092420,0.0323743746,-0.0076354664,-0.0005287819,-0.0213702544,-0.0090364099,0.0062510638,0.0186046859,0.0112579966,-0.0209041167,-0.0234308972,-0.0190344986,-0.0286435400,-0.0017555288,0.0047580040,0.0073100504,-0.0073116500,0.0055919105,-0.0062554993,0.0031102765,-0.0321285073,-0.0173273432,0.0067177317,0.0021941996,-0.0039698113,0.0129915076,0.0434271572,0.0000823595,-0.0185430815,0.0326331160,-0.0289868527,-0.0045872522,-0.0003998851,0.0388465613,0.0417920774
193.0000000000,-0.0192087999,0.0128226734,-0.0056266658,-0.0055114326,-0.0031781442,0.0013423629,0.0051393376,-0.0141709109,0.0143252462,-0.0241858978,0.0070930117,-0.0169182398,-0.0060641226,0.0110242670,-0.0007153024,0.0138266508,-0.0087013994,-0.0284634013,0.0031347090,0.0027890515,0.0105892100,-0.0188288696,-0.0007512180,-0.0080116803,0.0008890300,-0.0059554194,-0.0081788554,-0.0112972721,0.0226054411,0.0004778148,0.0056251033,0.0142726486,-0.0033803995,-0.0048385504,-0.0213385175,0.0250780642,0.0069796211,0.0053542539,0.0162066922,-0.0030494498,-0.0098514085,0.0007398423,0.0081050780,0.0026584915,-0.0031165705,-0.0243500857,-0.0109680131,-0.0083547583,-0.0082158496,-0.0070909715,0.0304230220,0.0065650974,0.0169965795,0.0047110224,0.0132878649,-0.0315722782,-0.0233881758,0.0088972444,0.0056841806,-0.0034554674,0.0201336503,0.0001316245,0.0142573755
194.0000000000,-0.0057736397,0.0002061138,0.0120823715,0.0104748745,-0.0028010433,0.0125877430,-0.0178454897,0.0029272471,-0.0020789135,-0.0087458577,0.0317520166,-0.0139605306,0.0175869172,-0.0158754756,-0.0003385391,0.0061527143,0.0269668902,-0.0232950117,0.0343128407,-0.0266396469,0.0032777683,-0.0065736740,-0.0033149095,-0.0088401248,0.0071791769,-0.0146724657,0.0097959841,-0.0049918922,0.0206857030,0.0118565300,-0.0021909343,0.0039925181,-0.0436360854,-0.0002331796,-0.0074783964,0.0164275936,0.0171346965,0.0049472050,-0.0130932619,-0.0152283273,-0.0491193529,0.0056876653,0.0099616197,0.0110773257,-0.0071350949,0.0086775590,-0.0189210853,0.0145886658,-0.0191478533,-0.0041902447,0.0154357483,-0.0322159032,0.0106406762,0.0196485885,0.0066197316,0.0141540610,-0.0117719431,0.0280720335,0.0012164396,-0.0057585759,0.0021282929,0.0183363689,0.0232744685
195.0000000000,0.0245431686,0.0225260857,-0.0177502176,-0.0177461703,-0.0209620677,-0.0038838861,-0.0102774505,-0.0005459718,0.0264818954,-0.0096351857,0.0114835182,-0.0246612965,-0.0020708524,0.0123610529,0.0293091372,0.0167284676,-0.0192703068,-0.0142276316,0.0101358482,-0.0054359578,0.0049098167,-0.0182028956,-0.0064781831,-0.0154132138,0.0198798080,-0.0156667241,-0.0135319939,-0.0157546022,0.0178565221,0.0095396362,-0.0033059984,0.0030901969,0.0058033671,0.0195953960,0.0060688286,0.0175999009,0.0060931287,-0.0040257477,-0.0272005042,0.0025211160,-0.0444340881,0.0001634177,0.0194555002,0.0153734089,-0.0355327051,0.0000870850,0.0050517886,0.0219434807,-0.0366029430,-0.0286567908,0.0038373974,0.0058902930,0.0143971363,0.0088065903,0.0292585053,0.0131455150,-0.0161035498,0.0418713765,-0.0301747639,0.0101616095,-0.0060013648,0.0148784007,0.0309324048
196.0000000000,-0.0192121660,0.0089707164,0.0137105973,0.0147643040,-0.0180306079,0.0128765670,0.0235909935,-0.0015613985,0.0135055525,0.0038878724,0.0127274904,-0.0232902259,-0.0008315235,0.0137613476,-0.0022424227,0.0308039727,0.0112962588,-0.0235564278,0.0395086226,-0.0183051156,-0.0187819344,-0.0064318597,0.0031534477,-0.0186673744,0.0113526950,-0.0027734815,0.0098607126,-0.0259650015,0.0077217635,0.0024005171,-0.0044421461,0.0004542554,-0.0028787228,0.0051578162,-0.0093862564,0.0232168403,-0.0155614958,0.0103283080,-0.0265285615,-0.0227252322,-0.0375173608,-0.0096596686,0.0088891971,0.0127654581,-0.0129409419,0.0136234784,0.0218688036,-0.0182306793,-0.0214801954,-0.0121594184,0.0094411247,-0.0088750761,0.0036483151,-0.0218589958,0.0178385654,0.0139270982,-0.0066523002,0.0263409606,-0.0328123661,0.0078448117,0.0038531617,-0.0060779061,0.0144185470
197.0000000000,-0.0041906103,0.0146896710,-0.0112248403,-0.0062230504,-0.0084443114,0.0333923114,0.0299868997,0.0148051839,0.0085105546,-0.0130805763,-0.0007851175,0.0008526351,0.0085486257,-0.0097279160,-0.0008614681,0.0365145440,0.0252563615,-0.0187206165,0.0107489027,0.0002068320,-0.0134319271,-0.0102995615,-0.0070107666,-0.0096288070,0.0035714057,-0.0064206078,-0.0003024983,-0.0210176417,0.0331720741,0.0157922190,-0.0112995574,0.0045865508,-0.0055162107,0.0042522476,-0.0241149622,0.0212606766,0.0231915147,-0.0082861592,-0.0260718365,-0.0016850057,-0.0332753501,-0.0046675630,0.0125033407,0.0089162044,0.0017141698,0.0080273965,-0.0149244646,0.0038736016,-0.0166581061,-0.0029663504,0.0044114406,0.0137304768,0.0024000951,0.0027231971,0.0170655078,-0.0019842232,-0.0055797448,0.0228941770,-0.0210502682,0.0238538401,0.0057222051,0.0225566537,0.0347911440
198.0000000000,0.0041813738,0.0055097710,-0.0131283188,-0.0068414842,-0.0107610946,-0.0143297627,0.0084334456,-0.0125443391,0.0090111663,-0.0027952133,0.0014922427,0.0079647771,0.0002006370,-0.0069363299,0.0073421116,0.0120613338,0.0274669414,-0.0131291503,0.0151908541,-0.0031696204,0.0048602245,-0.0146596084,-0.0116473730,-0.0133604734,0.0117011944,-0.0008515416,0.0098677653,-0.0043097836,0.0019085057,0.0092515103,-0.0284196837,0.0157196494,-0.0101894761,0.0079711709,0.0017189229,0.0291853521,0.0053223357,-0.0190672256,-0.0115028044,-0.0151813059,-0.0067503858,-0.0110658511,0.0114769910,0.0102680347,0.0085723715,0.0219220917,0.0080032553,-0.0071608651,-0.0251231015,-0.0015506922,-0.0092703663,-0.0081737608,0.0030860947,0.0016517818,0.0126254273,-0.0010392361,-0.0237263901,0.0296969125,-0.0275596038,0.0032986883,-0.0013121520,-0.0057725926,0.0217314754
199.0000000000,-0.0154667747,0.0157792167,-0.0012883815,0.0045767580,-0.0208353720,0.0037929203,0.0020369815,0.0006135524,0.0020611178,0.0059897370,0.0096011585,-0.0197267817,0.0092111436,0.0006842857,-0.0047189502,0.0300144149,0.0304004392,-0.0278341516,0.0179824351,-0.0312935830,0.0227390579,0.0068987530,-0.0055101331,-0.0289684826,0.0015474705,-0.0027019701,0.0110662302,-0.0301687677,0.0281736527,-0.0040930463,0.0154705685,-0.0100117556,-0.0219196683,-0.0057586572,0.0055707260,0.0202577252,0.0134479944,0.0100411748,-0.0273192454,-0.0029689648,-0.0372070720,-0.0151573579,0.0291564417,-0.0091441956,0.0119680308,0.0036638468,-0.0061645056,-0.0046944198,-0.0266692656,-0.0020534088,0.0173009024,-0.0008067936,0.0165624523,-0.0026632878,0.0492784602,0.0071082926,-0.0124609766,0.0452642429,0.0064686339,0.0238936425,-0.0125847473,0.0274480188,0.0286914012
200.0000000000,-0.0057386152,-0.0050310281,0.0206164578,-0.0069149974,0.0026270281,0.0046878129,0.0066095925,0.0069767843,0.0080133167,-0.0132489551,0.0215872533,-0.0004100518,0.0106537674,0.0132428948,0.0253359938,0.0240523452,-0.0002766681,-0.0261926335,0.0061284882,-0.0146984076,-0.0070913012,-0.0151431254,-0.0080034090,-0.0116780944,-0.0016705811,-0.0112056302,0.0174886291,0.0047318687,0.0157448115,0.0264691768,0.0103389619,-0.0086378251,-0.0163002428,0.0074610468,0.0037475899,0.0210053580,0.0125307418,-0.0138493636,-0.0251452649,0.0073532785,-0.0088022768,-0.0029327586,-0.0003758889,0.0228682959,-0.0125956634,0.0092239585,0.0048550816,-0.0084191971,-0.0363884383,-0.0063842398,-0.0132956138,-0.0113643067,0.0075118519,0.0180683363,0.0083418426,-0.0154670384,-0.0072243570,0.0419760998,-0.0147218352,0.0120023496,0.0057665288,0.0089585997,0.0212516326
201.0000000000,-0.0021416921,0.0016269041,-0.0128519855,-0.0062195918,0.0024847262,-0.0144422074,0.0103869855,-0.0051852673,0.0019431284,-0.0196579793,0.0102579038,-0.0236191423,0.0123044813,-0.0050653256,0.0179911893,0.0189689462,0.0044354651,-0.0335087996,-0.0130283301,-0.0224986657,0.0144772459,-0.0165809335,-0.0009721256,-0.0229439248,-0.0165431755,-0.0183640242,-0.0087026999,-0.0034687232,0.0157824693,0.0086026134,-0.0172500814,-0.0014005819,-0.0005091385,-0.0275303856,-0.0050381387,0.0090363489,0.0191520289,-0.0134854638,-0.0171470337,-0.0190341652,-0.0226396625,0.0013559555,0.0038965917,0.0191243062,0.0045165160,0.0123012267,-0.0121014658,-0.0167650059,-0.0138799196,-0.0226823206,0.0024398767,-0.0166193323,0.0115240793,-0.0035241771,0.0117281494,0.0248472130,-0.0253006310,0.0228596585,-0.0050287530,0.0019024541,0.0191478221,0.0159802632,0.0213816794
202.0000000000,-0.0160980972,0.0094943572,0.0153547317,-0.0007899048,-0.0194926620,0.0044643631,0.0033072361,-0.0123669485,-0.0058777341,-0.0078654782,0.0293089690,-0.0187504867,0.0244076434,-0.0159518401,-0.0009944754,0.0116433543,0.0177259260,-0.0316954296,-0.0098474474,0.0014272559,-0.0041847891,0.0091350525,-0.0050427340,-0.0286785992,0.0267889316,-0.0260901827,0.0282075983,-0.0406288359,0.0191182071,0.0251969622,-0.0236265969,-0.0106390204,-0.0215086333,0.0049163181,-0.0031469075,0.0065131964,0.0206341959,-0.0209055163,-0.0026703609,-0.0070965019,-0.0344432189,-0.0014992176,0.0440847268,0.0215714503,-0.0208739022,0.0072416869,-0.0034651310,0.0031867536,-0.0496343534,0.0021303408,0.0284543373,0.0184841496,-0.0069828211,0.0178705718,0.0279477937,0.0128299924,-0.0056565550,0.0222746985,-0.0121048612,0.0250523281,0.0078001874,-0.0082829272,0.0042005865
203.0000000000,-0.0215829100,0.0079898453,-0.0101821464,-0.0133353484,0.0116620306,0.0202120705,-0.0038661746,0.0161718372,0.0273168407,-0.0156000937,0.0122356997,0.0033527112,0.0126370810,-0.0001589542,0.0142722047,0.0101878813,0.0032219879,-0.0225597386,-0.0238422722,-0.0239966114,0.0139514052,-0.0017505040,-0.0188404184,-0.0184936856,0.0190620579,-0.0089588714,0.0058983850,0.0060405718,0.0085386981,0.0110810871,-0.0041224811,-0.0050569432,-0.0090946159,-0.0006609155,0.0025391283,0.0183656751,0.0193786265,-0.0160589111,-0.0111047261,-0.0285680714,-0.0059112588,0.0042990648,-0.0002536351,0.0152981536,-0.0148095205,0.0011738079,0.0058009213,-0.0042319739,-0.0242039860,-0.0022641799,-0.0140877498,-0.0197123618,0.0242187122,-0.0072662246,-0.0006948318,-0.0068192045,0.0036442265,0.0465224278,-0.0270622097,0.0094227286,0.0076667560,0.0238717092,0.0239149958
204.0000000000,-0.0121650218,-0.0084538851,-0.0097146002,0.0194407598,0.0047963131,-0.0022503130,-0.0056142153,-0.0037529129,-0.0099501549,-0.0131785498,-0.0041316645,-0.0097876216,0.0052174279,-0.0074414991,0.0131321810,0.0049905646,0.0097756430,-0.0345190078,0.0287597181,0.0051717631,-0.0215118703,0.0069477789,-0.0099227330,-0.0038301288,-0.0154997117,-0.0188413842,0.0001068213,0.0031499069,0.0135464460,0.0255338476,0.0045787218,0.0090776969,-0.0122491511,-0.0064850591,-0.0010495834,0.0064046024,0.0063077176,0.0004206703,-0.0001381457,0.0110912764,-0.0081200588,-0.0112735294,-0.0033768407,0.0078132317,0.0105983008,-0.0068078536,0.0002235288,-0.0037148921,-0.0100509441,-0.0107343758,-0.0057409567,-0.0017060889,0.0187592247,0.0148092047,0.0172162648,-0.0107938527,-0.0134871618,0.0217711106,-0.0058510101,-0.0011736329,0.0019179249,0.0195428722,0.0255920913
205.0000000000,-0.0058646048,-0.0195449220,-0.0058155574,0.0099212366,-0.0289134242,-0.0024558350,0.0078892990,0.0080186046,0.0000390251,0.0090426891,-0.0024412213,-0.0041629789,-0.0087370947,0.0222764792,-0.0061183942,0.0045628228,-0.0041279819,-0.0108476558,0.0045520661,0.0035658124,0.0088621673,-0.0001592246,0.0121566969,-0.0116293802,-0.0052843871,0.0022273168,0.0166723903,-0.0184535398,0.0186117347,0.0081715692,0.0007485062,-0.0141740673,-0.0035984719,0.0022493822,0.0224875160,0.0323074648,-0.0047023575,-0.0050102457,0.0031746070,-0.0122009976,-0.0004500351,-0.0044448278,0.0068986686,-0.0125313118,0.0001265763,0.0030300663,-0.0046741503,0.0149829223,-0.0000429690,-0.0146216496,-0.0092827956,0.0105027094,0.0117282489,-0.0029213960,0.0105894247,-0.0075071846,-0.0249541318,-0.0027058186,-0.0144295453,0.0162482379,-0.0024144712,-0.0076794050,0.0061478249
206.0000000000,0.0068251357,0.0060301358,0.0020488060,0.0131794886,-0.0249540502,0.0238254876,0.0076828260,-0.0142012747,0.0110096826,-0.0191549978,0.0142907703,-0.0187993963,0.0268989228,0.0045868826,-0.0200207168,0.0399359595,0.0222596581,-0.0308503063,0.0411812814,-0.0181639380,-0.0137616142,-0.0111731507,-0.0116716588,-0.0308485485,0.0026014253,-0.0256487891,0.0110431447,-0.0063565042,0.0266279258,0.0242221864,-0.0105469365,-0.0132979773,-0.0097109036,0.0003402228,-0.0140967240,0.0342564015,0.0112042062,-0.0005967338,0.0024460160,-0.0118132591,-0.0307383113,0.0292053387,0.0040695753,0.0146957627,-0.0042393486,-0.0025517759,-0.0090773680,0.0072625414,-0.0451156255,-0.0032441089,0.0326891842,-0.0016583593,0.0220479185,-0.0038069495,0.0113751760,-0.0080277404,-0.0053463179,0.0340930183,-0.0143720304,0.0119113170,0.0181102448,0.0165166712,0.0210417208
207.0000000000,-0.0209009878,0.0105002205,-0.0089529322,0.0139492649,-0.0090217415,-0.0107937711,0.0291710283,-0.0050585104,0.0091945334,-0.0153805523,-0.0055819637,0.0076227664,0.0162919232,-0.0079107537,-0.0069991512,0.0051769981,0.0190619185,-0.0146325956,0.0194063205,-0.0198270252,0.0003216760,-0.0004304285,-0.0063596691,-0.0065804620,0.0108070304,-0.0123712157,0.0167241260,-0.0199490537,-0.0061949420,0.0152815905,-0.0160798483,-0.0035012513,0.0016105939,0.0028965202,0.0032842721,-0.0079062998,0.0119891845,0.0026313245,-0.0233805825,-0.0147568037,-0.0266649430,-0.0115120626,-0.0076708661,-0.0037589119,0.0050589855,0.0084562350,-0.0181873384,-0.0020045520,0.0006472089,-0.0004666027,0.0000706166,-0.0001854083,0.0023259729,-0.0042139368,-0.0046881466,0.0179144682,-0.0040089066,0.0113858314,-0.0068929319,-0.0028504884,0.0058442493,-0.0103315819,0.0099606172
208.0000000000,-0.0123389238,0.0133945201,-0.0086521637,0.0141125687,-0.0243655348,0.0142808368,0.0290555084,-0.0025145552,0.0152738180,-0.0129913682,-0.0005702125,-0.0126810644,0.0020849503,0.0001327241,-0.0210726099,0.0199955183,0.0234308018,-0.0181979173,0.0054844043,0.0023039367,0.0018854492,0.0043106958,-0.0082729465,-0.0306276344,0.0178865714,-0.0219493035,-0.0029044657,0.0007119531,0.0111796448,0.0140169219,-0.0196852315,0.0152128755,-0.0363688642,-0.0204885514,-0.0160826143,0.0346220544,0.0235806042,-0.0194477470,-0.0530512616,-0.0083985556,-0.0247373333,-0.0099444416,0.0185630047,0.0246007160,0.0123205238,0.0043956026,0.0088801886,-0.0028911830,-0.0532649404,-0.0042206594,0.0079313185,-0.0019037858,0.0011980606,-0.0045033724,0.0186124330,0.0070933372,-0.0407642724,0.0241880768,-0.0377585113,0.0184820048,-0.0047069279,0.0238495570,0.0370161440
209.0000000000,-0.0027375624,0.0101353821,-0.0174559011,-0.0107243946,-0.0104968644,0.0041227640,0.0101534003,0.0002538608,0.0018012831,-0.0035461149,-0.0002502758,-0.0284421135,0.0099599002,0.0015891407,0.0210579105,0.0116377428,-0.0128187643,-0.0142075401,-0.0087529969,-0.0001907168,-0.0038669598,0.0052064682,0.0013393808,-0.0030141236,0.0084170885,-0.0098570889,0.0120572136,-0.0129817590,-0.0153383263,0.0088509648,0.0093745909,-0.0053232573,-0.0031784358,-0.0054540872,-0.0009803315,0.0121507552,0.0038903169,-0.0155990689,0.0038732714,-0.0195896460,-0.0023137449,0.0020907987,0.0200266070,0.0009588963,-0.0093627573,-0.0073076925,0.0003869915,-0.0060532065,-0.0010125119,-0.0264018494,-0.0099064298,-0.0202650280,0.0001602394,0.0223962506,0.0084993317,-0.0066353701,-0.0115309818,0.0177917174,0.0080148055,-0.0053363305,-0.0107557826,-0.0161488851,0.0184293221
210.0000000000,-0.0083909763,0.0258380094,0.0023434021,-0.0104352792,-0.0078544720,0.0145273265,0.0351929422,-0.0069792187,0.0002135247,-0.0274604326,0.0334492557,-0.0189465236,0.0247018477,0.0102093365,-0.0013385988,0.0002759438,0.0126150637,-0.0370960837,-0.0032014081,0.0175480915,-0.0082573716,-0.0034679495,0.0051229003,-0.0248193765,0.0061191301,-0.0088899945,0.0185697332,-0.0200540945,0.0181453659,0.0318784004,-0.0019591623,0.0145721620,0.0076691907,0.0166239657,0.0015126776,0.0345324336,0.0312391784,-0.0228180630,-0.0283935751,0.0046887707,-0.0358431601,0.0140765202,0.0164994466,0.0100636213,0.0064395539,0.0142919590,0.0070161882,0.0226339636,-0.0199563074,0.0016226294,0.0126513081,0.0115126689,0.0149718460,-0.0161794530,0.0379704651,0.0095772559,-0.0018996241,0.0307671588,-0.0451930779,0.0113845607,-0.0078223247,-0.0007361657,0.0226210777
211.0000000000,-0.0080882471,0.0027769437,-0.0020402316,-0.0048540341,-0.0308191143,0.0114123653,0.0216623315,0.0035588891,0.0122314847,-0.0000655405,-0.0043077947,-0.0114689607,0.0070279074,0.0081074186,-0.0052307031,0.0353679123,0.0453344897,-0.0325043707,-0.0026256881,-0.0024261102,0.0000851486,0.0063583538,-0.0041106823,-0.0083457890,0.0044404291,-0.0091624814,0.0018659817,-0.0110258215,0.0211736996,0.0268796261,0.0007100408,0.0049911442,0.0051620222,-0.0120854871,-0.0164471391,-0.0001371116,0.0033918573,-0.0156156157,-0.0281326052,-0.0077106956,-0.0239542483,0.0086571734,0.0216570845,0.0053673120,0.0143464645,0.0146961568,0.0100413481,-0.0192863681,-0.0349429274,-0.0103343836,-0.0035079161,-0.0118128020,0.0122996173,-0.0107934633,0.0320575624,0.0148161208,0.0005036636,0.0213298981,-0.0055771195,-0.0006492134,0.0021486309,-0.0018202812,-0.0086103347
212.0000000000,-0.0116610805,0.0118382165,-0.0085767674,-0.0095217971,-0.0068194521,0.0150030458,0.0106551157,-0.0009399386,-0.0019970482,-0.0187253903,0.0044923707,-0.0120132593,0.0122072577,-0.0222965897,0.0021546976,0.0485461180,0.0156257803,-0.0171880119,0.0102282315,-0.0151395954,0.0048614177,-0.0031117645,-0.0412438106,-0.0344657657,-0.0047257172,-0.0269887134,0.0021380652,-0.0070110206,0.0274942233,0.0498540575,-0.0111832321,-0.0278969572,-0.0050623787,-0.0059546606,0.0019594354,0.0466352298,0.0191013138,0.0224765575,-0.0234395872,-0.0130110047,-0.0339533999,0.0041567961,0.0016157831,0.0252511310,-0.0021503599,-0.0167014564,0.0117269953,0.0190866841,-0.0217803554,-0.0178726737,-0.0027690778,0.0125038493,0.0214576277,0.0027837699,0.0269482972,-0.0051838132,0.0013424842,0.0335675718,-0.0157725159,0.0003994464,0.0322978330,0.0143431322,0.0139721409
213.0000000000,-0.0110529993,0.0209395701,-0.0055446207,-0.0004022773,0.0004705344,0.0081552645,0.0236641478,-0.0141060343,0.0119713084,-0.0102198389,0.0012020773,-0.0140522830,0.0141506356,0.0103197247,0.0264682718,0.0232456785,0.0102645214,-0.0208512158,0.0175363746,-0.0092877385,0.0131609963,0.0029677243,-0.0080188889,-0.0204580834,0.0004139876,-0.0083007713,0.0246691921,-0.0231597245,0.0146904655,0.0160544198,-0.0094977859,-0.0029844028,0.0055480499,0.0026216924,0.0110241414,0.0374122778,0.0146305322,0.0063573281,-0.0020529172,-0.0049477988,-0.0139095533,-0.0062457602,-0.0117873741,0.0033985120,-0.0125421386,0.0035683575,0.0138027797,-0.0137646692,-0.0312533748,-0.0126014212,0.0102899765,0.0124795684,0.0189444567,0.0036895822,0.0173099842,0.0084796679,-0.0077830678,0.0360851518,-0.0235738142,0.0020683815,0.0113983759,-0.0050802929,-0.0010773787
214.0000000000,-0.0112699866,-0.0043558336,0.0013702782,-0.0032018269,-0.0060896745,0.0088619736,0.0117064869,-0.0045711993,0.0085255429,-0.0019396741,0.0356938978,-0.0431717318,0.0112178437,-0.0075837681,-0.0074881761,0.0305166763,0.0157622500,-0.0211519027,0.0138959963,-0.0009755117,-0.0055897065,-0.0095917076,-0.0328531941,-0.0245136767,0.0123291355,-0.0117823854,0.0143397980,-0.0023084585,0.0238243656,0.0325641294,-0.0000317347,0.0173422804,-0.0219561513,0.0003016917,-0.0181281117,0.0176233089,0.0156260317,-0.0109200499,-0.0249666271,-0.0180696077,-0.0377121478,-0.0014506487,-0.0015456872,0.0228214497,-0.0038502824,0.0055990508,-0.0135721158,-0.0165501350,-0.0258154370,-0.0105668558,-0.0015371520,-0.0133370756,0.0233377596,-0.0057824354,0.0158477041,-0.0090776484,-0.0084739813,0.0420341983,-0.0180247894,0.0053781599,0.0008186676,0.0170475021,0.0152399432
215.0000000000,-0.0234896120,0.0041088052,-0.0135250957,-0.0150057552,-0.0233647488,0.0205427676,-0.0092978589,-0.0119246335,0.0002171219,0.0086245722,-0.0132238805,-0.0128411982,0.0220276582,-0.0121894696,0.0078181888,0.0237765136,0.0293970812,-0.0288192472,-0.0059697857,-0.0107246262,0.0147669567,-0.0041703218,-0.0146905753,-0.0299556178,-0.0118112332,-0.0165743956,0.0143978387,-0.0054440158,0.0277534928,0.0275800304,-0.0082581009,-0.0007382901,-0.0268233877,-0.0022624273,0.0071933029,0.0386939730,0.0056125604,0.0083824419,-0.0272701590,-0.0128537815,-0.0061750096,0.0074615401,0.0223605137,-0.0009186361,0.0155820142,0.0177932266,0.0034228560,-0.0040468448,-0.0428659994,-0.0086399478,0.0158853084,-0.0044170982,0.0128382777,0.0173696418,0.0193011177,0.0341351293,-0.0177639899,0.0139435567,-0.0255217801,-0.0079833251,0.0236731170,0.0221801041,0.0334953687
216.0000000000,-0.0158019122,0.0022364415,-0.0157853412,0.0040751160,-0.0042469529,-0.0058215760,0.0174967196,-0.0336502674,-0.0034509459,0.0098989701,0.0182629727,-0.0325411350,0.0078424979,0.0066585153,-0.0057675642,0.0337966674,0.0246703999,-0.0094714859,0.0276732581,0.0090374546,0.0169574762,-0.0269377998,0.0056804813,-0.0508351277,0.0286158695,-0.0010642911,0.0103904054,0.0005792153,0.0020982724,0.0398872259,-0.0208351329,-0.0036303995,0.0008319865,-0.0033755615,0.0114045707,0.0247858693,0.0155142300,0.0120117590,-0.0193748728,-0.0067446334,-0.0418875432,-0.0162261171,0.0017235276,0.0225715191,-0.0068647388,-0.0086352532,-0.0054414653,0.0133606284,-0.0509746698,0.0000444598,0.0109189029,-0.0008687327,0.0171263500,0.0038424126,0.0166213532,-0.0060771713,0.0130147828,0.0392554121,-0.0209873404,0.0286378621,0.0091115766,-0.0098215104,0.0200819378
217.0000000000,-0.0093996342,0.0308620789,-0.0197235298,-0.0030932715,-0.0109569398,0.0131803006,0.0096847485,0.0130727408,0.0207859469,-0.0126419331,0.0159409028,-0.0108878074,-0.0021335761,-0.0194460996,0.0002684430,-0.0127917359,0.0168256012,-0.0175128054,0.0308355507,0.0044436506,0.0021293786,0.0097707974,-0.0239290821,0.0068006640,0.0083196408,-0.0186661202,-0.0086103721,-0.0202504653,0.0058217954,0.0164223481,0.0119940992,0.0051446464,-0.0341208740,0.0015906359,-0.0158992869,0.0194286633,0.0252872341,0.0060995727,-0.0097923166,-0.0001495498,-0.0055143829,-0.0163967613,0.0010168262,0.0152382958,0.0131282528,0.0010482314,0.0090053272,0.0049239411,-0.0343265568,-0.0048738059,0.0131927833,-0.0036514391,0.0285026883,0.0132638957,0.0327075206,0.0153738818,-0.0291852563,0.0158580145,-0.0109238944,0.0022508538,0.0002067269,0.0173870158,0.0186743465
218.0000000000,-0.0016852327,0.0112452464,0.0033307624,0.0152373522,0.0160735093,0.0091730393,-0.0075654980,0.0213717407,-0.0084030552,-0.0000115299,0.0050213410,-0.0192856210,0.0342702675,0.0036835111,0.0029199975,0.0145096447,0.0074950326,-0.0235914279,0.0080471298,0.0116225009,0.0161018710,-0.0022114226,-0.0007459640,-0.0177048719,0.0067501190,-0.0285139026,-0.0067962337,0.0001925017,0.0049536539,0.0164659530,0.0000808994,0.0087285195,-0.0177528245,0.0210128200,-0.0204613155,0.0259292275,0.0093179897,0.0014610063,-0.0201868064,0.0118573265,-0.0173421186,0.0073160038,0.0047365836,0.0085084609,-0.0099019211,-0.0077146587,-0.0087856396,0.0125545349,-0.0335561649,-0.0093629055,-0.0062252483,0.0093658313,0.0302103392,0.0098831703,0.0267266276,0.0164828953,-0.0227103365,0.0132985109,-0.0275032075,0.0090029359,0.0162488766,0.0298953599,0.0205271691
219.0000000000,-0.0021224349,0.0107954808,-0.0005438970,0.0025280929,-0.0131560639,0.0044322085,-0.0125913380,-0.0055279678,0.0006615092,-0.0154438313,-0.0106028536,-0.0139422423,0.0023677070,-0.0020200460,0.0003483586,0.0126594145,0.0002049174,-0.0015757299,-0.0097287719,-0.0049974174,-0.0264490988,0.0033936820,-0.0083644898,-0.0141975186,0.0023779604,-0.0148368764,0.0190830276,-0.0025425928,0.0318598137,0.0005742514,0.0041612892,-0.0081897097,-0.0057927964,-0.0127502305,-0.0122726030,0.0070770171,0.0078115451,0.0063595049,-0.0208498604,-0.0311500840,-0.0263239291,-0.0049085785,0.0022635948,0.0218013310,0.0087977560,-0.0084952417,-0.0254886133,0.0387121106,-0.0258384114,0.0030875534,-0.0037764547,0.0249058364,-0.0153596939,0.0255034160,0.0069703675,0.0028180104,-0.0270873484,-0.0098396426,-0.0276137342,0.0021351164,0.0054872959,0.0271740136,0.0295501299
220.0000000000,0.0101097345,0.0287511776,-0.0146036412,-0.0027307852,0.0006799724,0.0024795120,0.0198266069,0.0042714120,0.0060414944,-0.0140896355,0.0215230701,-0.0122182656,0.0023090203,-0.0033869308,-0.0057289964,0.0342039034,0.0241125757,-0.0152473684,0.0067238519,-0.0039812425,-0.0041971154,-0.0056767969,-0.0303938413,0.0159699538,0.0057236780,-0.0148975439,0.0117768440,-0.0158588560,0.0034963432,0.0452469791,-0.0003537311,0.0080293818,-0.0180970585,-0.0260071518,-0.0145428399,0.0234197429,0.0350369678,-0.0117600711,-0.0318838612,0.0009187837,-0.0334939087,0.0090897101,0.0130516816,0.0166193630,-0.0057394494,-0.0051641078,-0.0226365313,0.0045532275,-0.0506780137,-0.0135257981,0.0087871295,0.0020431874,0.0162255315,-0.0031341617,0.0127479847,0.0094753300,-0.0028967703,0.0285390041,-0.0291511497,0.0150631939,-0.0133137029,0.0208168575,0.0236726834
221.0000000000,-0.0028741020,0.0348423154,0.0001901429,-0.0053460989,-0.0178624901,-0.0139735387,0.0028182095,-0.0219581619,0.0015544237,0.0008442462,0.0222678035,0.0014489963,0.0131517500,0.0003307421,-0.0020708817,0.0355931787,0.0048315269,-0.0289622123,0.0033351893,0.0080868753,-0.0079046110,-0.0043907810,-0.0191685004,-0.0062376607,0.0178473661,-0.0121350468,0.0089560889,-0.0070362094,0.0177026938,0.0210820318,-0.0219256577,-0.0114412279,-0.0040899109,0.0228730440,-0.0196533556,0.0333175694,0.0333643248,-0.0011445105,-0.0127713392,-0.0038423018,-0.0352575816,-0.0047594648,-0.0052840198,0.0109069397,-0.0260877688,0.0090954634,0.0108797454,0.0015971718,-0.0326077004,0.0027228150,-0.0072439470,0.0189042238,0.0157557138,0.0009726727,0.0467802887,-0.0211832723,-0.0306996311,0.0172674130,-0.0063199350,0.0189886750,0.0019973114,0.0050863623,0.0074051168
222.0000000000,0.0277310780,0.0098612706,-0.0192748510,-0.0077357104,-0.0058411383,0.0003646594,0.0090977418,0.0021278809,0.0086266594,-0.0184009134,0.0258293892,-0.0138725530,0.0145601199,-0.0008727776,-0.0073475380,0.0161222279,-0.0052655912,-0.0146086485,0.0209407996,-0.0067457171,0.0118594698,0.0105235640,-0.0100135434,-0.0254463894,-0.0010756475,-0.0162932924,0.0201342424,-0.0077015856,0.0062993126,0.0115340241,-0.0133512924,-0.0177237523,-0.0164047629,0.0056541011,-0.0162738887,-0.0106336866,0.0206390123,-0.0087287428,-0.0005535248,0.0027198208,-0.0136612440,0.0028076245,0.0205712523,-0.0154608184,0.0068188372,0.0148444548,-0.0151211170,-0.0132420164,-0.0248182512,-0.0086308132,0.0184579936,-0.0183087665,0.0006920654,0.0020968726,0.0145050757,0.0090774618,-0.0132748844,0.0117870423,-0.0172444564,0.0050013219,0.0154704939,0.0038648770,0.0225136708
223.0000000000,-0.0175383866,0.0086874808,0.0054619931,-0.0047538342,-0.0227046472,0.0023899959,0.0052084581,0.0026942043,-0.0335328579,0.0151366697,0.0058435151,-0.0062680757,-0.0072105365,-0.0054002218,0.0006122512,0.0202610351,0.0112346639,-0.0194697732,0.0069512757,-0.0021347924,-0.0062996071,-0.0126958135,0.0036013797,-0.0164423205,0.0080065258,0.0054112987,-0.0069990353,-0.0050581750,0.0084639330,-0.0040277822,-0.0125753603,0.0176470629,-0.0110739518,-0.0075668989,0.0122796131,0.0236940758,-0.0001507757,0.0046656846,-0.0126553609,0.0043593087,-0.0341098805,0.0040346697,0.0057472770,0.0242425977,-0.0031342526,-0.0038976816,-0.0125356452,0.0064918155,-0.0129083055,0.0061338008,0.0188947801,-0.0092808180,0.0132832468,-0.0041177932,0.0153121758,-0.0081660575,0.0093717186,0.0100351652,-0.0138533991,-0.0027494296,-0.0053777195,0.0169951259,0.0163664603
224.0000000000,-0.0061649472,-0.0093381714,-0.0050644845,-0.0152348110,-0.0209946226,0.0160053614,-0.0033109431,-0.0211143562,-0.0154725621,-0.0105376833,0.0162976922,-0.0072649838,0.0169131497,-0.0052214959,-0.0079122706,0.0386178414,0.0139897486,-0.0359484128,0.0098826034,0.0010508534,-0.0138345130,-0.0057133868,-0.0041291009,-0.0100720341,-0.0033127881,-0.0226885315,0.0075141686,-0.0007319378,0.0262927974,0.0034268780,0.0005930058,0.0112793803,-0.0226253730,0.0017018806,0.0183026305,0.0121495535,0.0168208512,0.0040290566,-0.0134719743,0.0060233482,-0.0318959904,0.0058438414,-0.0176536137,0.0280700355,-0.0119008490,0.0250564197,-0.0109845786,0.0332384698,-0.0373370035,-0.0085563559,0.0250212919,-0.0040122151,-0.0008638271,-0.0075966372,0.0355013806,0.0038633317,0.0001756926,0.0345918568,0.0018960272,0.0089714661,-0.0029702082,0.0038535822,-0.0025191809
225.0000000000,-0.0068781657,0.0241063623,-0.0062495895,-0.0002692849,-0.0208983268,-0.0172655611,0.0049527957,0.0135352784,-0.0031373691,-0.0115150952,0.0273387653,-0.0153712803,0.0125528320,0.0061943841,0.0100288450,0.0079041498,0.0143376080,-0.0380273474,0.0171246368,0.0099539453,0.0025385139,0.0021415432,0.0038475633,-0.0177810980,0.0147577922,-0.0153208724,0.0151445035,-0.0068341816,0.0166343426,0.0224694175,-0.0267782755,-0.0224696484,-0.0144840170,-0.0062115759,-0.0267514661,0.0130028597,0.0249859676,0.0005819239,-0.0426707957,-0.0044732090,-0.0167216481,-0.0153153767,0.0094849946,0.0262371127,0.0164444228,-0.0080283365,-0.0010534912,0.0246769686,-0.0378671157,0.0094736950,0.0105438168,0.0104806744,0.0167070209,0.0025514450,0.0123623750,0.0024799658,-0.0399126546,0.0252789892,-0.0121565826,-0.0004309881,-0.0080788418,-0.0038959355,0.0312834940
226.0000000000,-0.0155030599,-0.0016553508,-0.0238692300,-0.0135620359,0.0021361357,0.0183206474,0.0132785334,0.0030462073,0.0028234135,-0.0190143033,-0.0122991069,-0.0100664260,0.0056179330,-0.0014675922,0.0068629752,0.0401180008,-0.0110489776,-0.0129688908,0.0240966949,0.0077977807,0.0053108616,0.0049149344,0.0091196323,-0.0375823833,-0.0053209188,-0.0195785555,-0.0050793585,0.0172510734,0.0004296690,0.0120505752,0.0038283190,0.0061461159,0.0148772004,0.0183408458,-0.0056023927,0.0033980167,0.0027154006,-0.0346184751,0.0049683296,0.0028411473,-0.0132149380,-0.0045005956,0.0306801905,0.0318818133,-0.0013797832,0.0087602040,-0.0231674524,-0.0137422289,-0.0540481284,0.0156279761,-0.0015483153,-0.0224961282,0.0169565306,0.0083819907,0.0205778673,0.0136978716,-0.0302650835,0.0445766353,-0.0187170548,-0.0063301077,0.0271961254,0.0197706600,0.0148235421
227.0000000000,0.0021918832,0.0155190501,-0.0084075930,-0.0159255657,0.0058976937,0.0006035297,0.0022272798,0.0011686014,-0.0230770125,0.0120462300,0.0014099775,-0.0136542025,0.0207475158,0.0031832150,-0.0076561087,0.0178255087,0.0031750022,-0.0108783420,0.0068589154,-0.0004088532,-0.0059069921,-0.0289263298,0.0068441836,-0.0259856911,-0.0018675468,-0.0303632666,0.0105286431,-0.0101370607,-0.0143707408,0.0311000219,-0.0032721459,0.0049100554,-0.0101656238,-0.0179660997,0.0064200772,0.0153581134,0.0103678127,-0.0031823852,-0.0181580108,0.0079263501,-0.0114985167,0.0120133366,0.0035948905,0.0083310615,-0.0054687929,-0.0067096890,-0.0203534982,0.0045557493,-0.0139214818,-0.0220828531,-0.0034988111,0.0090893867,0.0328612274,-0.0028484623,0.0165200955,0.0148493488,0.0140454590,0.0288267013,-0.0101464928,0.0221906943,0.0008181874,0.0168177640,0.0084448374
228.0000000000,0.0044166310,0.0136111490,0.0221840014,0.0032056274,-0.0394327191,0.0205446346,0.0030943494,-0.0046177935,0.0044019141,-0.0258963003,-0.0033264685,-0.0033785308,0.0134874763,-0.0048209343,0.0019673387,0.0071435275,0.0089340869,-0.0327395350,-0.0033393424,-0.0099884016,-0.0031731428,-0.0263922743,-0.0282837853,-0.0181014580,0.0167214098,-0.0372423774,0.0093243543,-0.0068334355,0.0186658601,0.0087249829,-0.0345925813,0.0020852837,-0.0147301861,0.0000017343,0.0080801018,0.0155872199,0.0229415510,-0.0192795232,-0.0350823068,-0.0197188564,-0.0382793489,-0.0088687631,0.0187325699,0.0113573111,-0.0079336689,0.0049317090,-0.0048038936,0.0059734248,-0.0325831904,-0.0086624711,0.0244193852,0.0161563181,0.0117525590,0.0141845986,0.0097706548,0.0065785935,-0.0459764714,0.0239856915,-0.0179950790,0.0181460774,0.0006396407,0.0442521353,0.0322106418
229.0000000000,0.0044751500,0.0162760046,0.0048055788,0.0131217459,-0.0166569007,-0.0112239826,0.0018006298,0.0101225855,0.0012478961,-0.0048654360,0.0222828015,-0.0249118366,0.0035420075,-0.0220953245,0.0129069796,0.0098114815,0.0104835440,0.0042606626,-0.0037578688,0.0036447323,0.0192913405,-0.0257394362,-0.0133836258,-0.0301455804,0.0233121270,0.0228342203,0.0009212356,-0.0111720744,-0.0034013738,0.0049114631,0.0001339266,0.0038409718,0.0078464998,0.0043195616,0.0072559539,0.0312989827,-0.0065229861,-0.0117125480,-0.0138722495,-0.0014748438,-0.0226203246,-0.0075478630,0.0037099448,0.0155185375,0.0021511082,-0.0123995122,-0.0055796681,-0.0168133316,-0.0226224533,-0.0167636546,-0.0000536713,-0.0111044127,-0.0155698955,0.0268978076,0.0105954423,-0.0040253296,-0.0202706614,0.0466128403,-0.0114604202,-0.0068516798,-0.0066459329,0.0095706850,0.0181162147
230.0000000000,-0.0007723623,0.0124097387,-0.0040574915,0.0049510795,-0.0096124642,0.0262983511,0.0080770297,-0.0026670353,0.0102802123,-0.0061477162,0.0003700812,-0.0200175374,-0.0130450974,-0.0081467210,0.0060573182,0.0069404846,0.0087688553,0.0136736056,-0.0024963275,0.0042973869,0.0063789361,-0.0116008162,0.0114329862,-0.0336483728,0.0143239029,-0.0017465538,0.0150463826,0.0014294496,-0.0045861267,0.0136484907,-0.0129811860,0.0010663955,0.0025664381,0.0056571530,-0.0050780482,0.0307553473,0.0193508572,0.0049169799,-0.0092439251,0.0190623891,-0.0038332419,0.0139481306,-0.0015485175,0.0101722742,-0.0057795107,0.0022673776,0.0037387928,-0.0083152129,-0.0251783844,0.0013896502,0.0030050612,-0.0011310150,0.0080508419,0.0162797943,0.0052347426,0.0016957954,0.0065956781,0.0077037617,-0.0137870005,0.0188365652,0.0059639225,0.0023340071,0.0023508128
231.0000000000,-0.0153959248,0.0140607933,-0.0132305457,-0.0202553571,-0.0254880142,0.0011606778,0.0045817881,0.0148520345,0.0043453908,-0.0230567202,0.0305589334,-0.0056917701,0.0014677398,-0.0062552825,-0.0080560967,0.0350866337,0.0135644216,-0.0287913939,0.0123838055,-0.0029816130,0.0202755608,-0.0016035692,-0.0153518013,-0.0207918077,0.0221500158,-0.0110893119,0.0109816245,0.0014641226,-0.0090499412,0.0114821762,0.0036963091,0.0050850956,-0.0111239978,-0.0264036925,0.0059131006,0.0241741313,0.0260398216,-0.0140929915,-0.0159725475,-0.0216087672,-0.0124189396,-0.0106047353,0.0147703941,0.0123457192,-0.0147244019,-0.0092572381,0.0123170833,-0.0048264797,-0.0171083788,0.0024653904,0.0141719164,-0.0014796412,0.0010434986,-0.0053965367,-0.0006875734,-0.0273476865,-0.0207210834,0.0228935031,-0.0074231287,0.0164110429,-0.0011550987,0.0172545692,0.0378328638
232.0000000000,-0.0225904640,0.0007285374,-0.0216940361,-0.0284759313,-0.0115113888,0.0020891209,0.0304877909,0.0037346468,-0.0067319674,-0.0003478537,-0.0026128857,-0.0028079213,0.0063024968,0.0136175914,-0.0163997227,0.0075608004,0.0099575869,0.0016782713,-0.0174844012,0.0032083222,-0.0168969165,-0.0015338821,0.0100049345,-0.0080838703,0.0247112839,-0.0258425405,-0.0084455106,0.0154260491,0.0059551629,0.0137844105,-0.0024561621,-0.0029632631,-0.0064545617,0.0000003918,-0.0286070452,0.0112693662,-0.0074326669,0.0216770260,-0.0091388844,-0.0012762367,-0.0221073612,0.0005713738,-0.0061151407,0.0131295722,0.0181613505,-0.0015662496,0.0218573471,0.0180867120,-0.0315284929,0.0092018000,-0.0153654951,0.0153454756,-0.0096870940,-0.0074785602,0.0238073000,0.0208151170,-0.0085141058,0.0126374205,-0.0194762602,0.0197146406,-0.0018020869,0.0102862780,-0.0145179932
233.0000000000,-0.0246908342,0.0173824902,0.0128917745,-0.0080350898,-0.0045898306,0.0094084752,0.0084285284,-0.0165330052,0.0140500466,0.0013713936,0.0328514082,-0.0086729045,0.0018640925,-0.0118019616,-0.0115241848,0.0224715209,0.0043121683,-0.0146475532,0.0213856877,-0.0130520847,-0.0198651095,-0.0040039641,-0.0088475723,-0.0211027364,0.0152682706,-0.0063007750,0.0142443853,-0.0197946868,0.0069760819,-0.0023933373,-0.0124516194,-0.0111239042,0.0195046903,0.0154162785,-0.0082550394,0.0324100054,0.0192107790,-0.0234161847,-0.0146948220,-0.0011848287,-0.0221516564,0.0024022455,0.0105518629,0.0166307631,-0.0040755168,0.0216633922,-0.0221281391,0.0049744616,-0.0314329853,-0.0216086189,0.0039899592,0.0080065627,0.0023579980,-0.0170102226,0.0352653666,-0.0005890755,-0.0288568692,-0.0016704646,-0.0333106642,0.0104598470,0.0054745742,0.0166339174,0.0419701675
234.0000000000,-0.0201506836,0.0033367868,0.0003055677,-0.0067827004,-0.0066923164,0.0049199321,0.0036013370,-0.0167509921,-0.0027154156,0.0016415849,0.0153672755,0.0152496451,0.0032327259,0.0056508064,0.0050110524,0.0103985813,0.0080069409,-0.0190982839,0.0139949693,0.0119925712,-0.0111452498,-0.0024894895,0.0083157203,-0.0018569469,0.0145220708,-0.0233551189,0.0047284832,0.0089016509,0.0126886800,0.0052402507,0.0032965792,-0.0087556651,-0.0071464295,0.0083380865,0.0183593462,-0.0108953148,-0.0014660765,-0.0138149048,-0.0129337852,-0.0176198375,-0.0102813926,-0.0028448837,0.0027440814,0.0095753691,-0.0211924973,-0.0040176477,0.0081458602,0.0083175964,-0.0008614675,-0.0131498576,0.0040585767,-0.0027708037,0.0276742834,0.0107466466,-0.0013566801,0.0080842534,-0.0248877686,0.0226575172,-0.0071561086,-0.0036340618,0.0081789713,-0.0102194054,0.0091319536
235.0000000000,0.0059916425,-0.0018961869,0.0031937462,-0.0119411045,0.0154914036,0.0150033287,0.0091854071,0.0116334090,-0.0187163980,-0.0049873426,0.0225532994,-0.0081005434,0.0066079631,-0.0052994019,0.0114480470,0.0314132883,0.0160610492,-0.0440429139,0.0106048238,0.0086562987,-0.0000337985,0.0058413850,-0.0223306479,-0.0153699978,0.0124809957,-0.0195480910,0.0267440897,0.0044402928,-0.0012581589,0.0316579131,-0.0159399633,-0.0027576509,-0.0220716279,0.0114013090,-0.0058905054,0.0440436411,0.0425293668,-0.0083964486,-0.0475278923,-0.0152065207,-0.0377761643,0.0024695734,-0.0219933628,0.0312115244,-0.0014518717,-0.0010362827,-0.0268782960,0.0083580951,-0.0284321921,0.0241062863,0.0279990157,0.0074418205,0.0332126560,0.0041868504,0.0247527080,0.0256961670,-0.0286706164,0.0225373998,-0.0264194607,0.0196633113,0.0254680345,-0.0041517278,0.0204758757
236.0000000000,-0.0323379304,0.0067120536,-0.0065573399,0.0059406029,0.0085834972,0.0088111587,0.0169500125,0.0067356681,0.0063606741,-0.0134921210,0.0220789149,-0.0121895371,0.0179110985,0.0123236318,0.0105880909,0.0391218940,0.0122840813,-0.0001144243,-0.0189721983,-0.0286491730,-0.0079330117,-0.0159350169,-0.0112741255,-0.0220061802,0.0255056969,0.0009890426,0.0068688866,-0.0121756893,0.0016999983,0.0213240254,0.0016975531,-0.0030481654,-0.0086074190,-0.0075388641,-0.0158254807,0.0216727581,0.0175665446,0.0070865067,-0.0167369245,-0.0254828337,-0.0289701221,0.0004107508,0.0105123325,0.0158013336,-0.0270873698,0.0080450699,-0.0158254311,0.0062740165,-0.0481343761,-0.0055682519,0.0034143864,0.0054619913,0.0364752812,-0.0036193744,0.0210482701,0.0075517452,-0.0255730356,0.0284555828,-0.0235944801,0.0122658040,-0.0040013959,0.0206566459,0.0235197660
237.0000000000,-0.0290030843,0.0159745551,-0.0147206320,-0.0270469829,-0.0056892784,0.0241349467,0.0015451209,0.0045759054,-0.0042470522,0.0002468340,0.0137208504,0.0086027291,0.0071672479,-0.0055074422,0.0015426833,0.0157247112,-0.0062032377,-0.0383158760,0.0196582891,0.0133859649,0.0179066807,-0.0067333221,-0.0038737739,-0.0373533828,-0.0143884466,-0.0373341428,0.0174882353,-0.0101875356,0.0313990651,0.0251760119,-0.0161167136,-0.0022519234,-0.0249289919,-0.0060955531,0.0037934109,0.0290435230,0.0147704729,-0.0123758481,-0.0085571430,-0.0233587462,-0.0230821025,0.0068255252,0.0174910977,0.0185840575,-0.0004531141,0.0066573154,-0.0167966100,0.0083998042,-0.0343175675,0.0093576228,0.0223050242,0.0082966675,0.0020980496,-0.0171043107,0.0106798422,-0.0049684693,-0.0138470137,0.0295458682,-0.0124158945,0.0251677612,0.0079998708,0.0122509066,0.0114025774
238.0000000000,-0.0128372443,0.0138412359,-0.0028587088,0.0016469780,0.0037960631,0.0002228401,0.0016541101,0.0145799693,-0.0027258440,-0.0166605663,0.0356248296,0.0037646645,0.0275484537,-0.0098099931,0.0186971091,0.0380099718,0.0162046054,-0.0372300305,0.0227281162,0.0110553754,-0.0021385787,-0.0232948619,-0.0250089713,-0.0110557321,0.0192574262,-0.0143007876,0.0070077965,0.0054895060,0.0129852721,0.0325310918,0.0037590602,0.0005444643,-0.0057535871,-0.0012885202,-0.0214029639,0.0371109674,0.0226133970,-0.0064645262,-0.0115300917,-0.0004544173,-0.0263787626,0.0125962405,0.0026423592,0.0141640175,-0.0108450789,0.0147281184,0.0021490943,0.0051408962,-0.0283037004,-0.0175728952,-0.0121235573,0.0099931308,0.0239521586,-0.0039855121,0.0270538824,0.0394854277,-0.0242380648,0.0342725056,-0.0008482248,0.0040597929,0.0047977773,0.0232446595,0.0227694169
239.0000000000,-0.0027648403,0.0206573186,-0.0178744201,0.0057756594,0.0002140434,0.0207141086,0.0080399783,-0.0007771680,-0.0075619469,-0.0125812610,0.0092894296,-0.0430274365,0.0218505317,0.0026731444,0.0015980039,0.0444978085,0.0130844017,-0.0362744769,0.0291831552,-0.0357787233,0.0053219328,0.0016545821,-0.0114858773,-0.0337017691,0.0182686646,-0.0189632298,0.0073645260,0.0014521783,0.0175915642,0.0089065624,-0.0052824065,0.0036780122,-0.0126112402,0.0035357001,-0.0061483026,0.0164905038,0.0047225060,0.0008817070,-0.0406509080,-0.0007753288,-0.0363704834,-0.0048962947,0.0346605497,0.0343880399,-0.0200509913,-0.0134851586,-0.0090364058,0.0219907511,-0.0179957933,-0.0042252619,0.0323304622,0.0124789541,0.0135797502,-0.0042009016,0.0352855353,-0.0041654845,-0.0109676942,0.0381497558,-0.0058025956,0.0252162559,-0.0043036671,0.0470987241,0.0262683955
240.0000000000,-0.0105114017,0.0046507782,-0.0197742861,-0.0075256467,-0.0250873125,0.0241990820,0.0005077038,0.0128427398,0.0045700184,-0.0237485960,0.0186354484,-0.0258857591,0.0012203458,-0.0156717725,0.0035970045,0.0434593206,0.0317409135,-0.0251889467,0.0026318501,-0.0076613968,0.0096586751,0.0052516974,-0.0049486069,-0.0118585035,0.0311465181,-0.0268476896,0.0080447682,-0.0202717944,0.0166736925,0.0331765911,-0.0021743833,-0.0003998917,0.0109185512,-0.0144715372,-0.0148661233,0.0272641624,0.0137469975,-0.0380410780,-0.0155345534,-0.0095572455,-0.0091295371,-0.0193358719,0.0141745959,0.0060978592,0.0076249643,0.0012673865,-0.0192622941,-0.0034314251,-0.0419269687,-0.0122440712,0.0173156354,-0.0190379281,0.0204849409,0.0101561688,0.0166954929,0.0306754739,-0.0172510732,0.0513917676,-0.0179260309,0.0007855610,0.0210602903,0.0227627738,0.0105793304
241.0000000000,-0.0029483538,-0.0061308675,-0.0160028245,-0.0149894120,-0.0237973566,0.0048569827,0.0146206999,-0.0064379805,-0.0099164962,-0.0128020926,0.0189648627,0.0003840756,0.0240800966,-0.0145519136,-0.0101002458,0.0117070138,0.0226967756,-0.0159665847,-0.0031469649,-0.0053075970,0.0127527757,0.0026195002,0.0056097839,-0.0142182376,0.0080542608,-0.0097972455,-0.0025548255,0.0135935910,0.0205612306,0.0011959068,-0.0119722128,-0.0059761599,0.0051087222,-0.0103985005,-0.0091158501,0.0340936742,0.0157906235,-0.0269818737,0.0287195917,-0.0272202818,-0.0110148993,-0.0003136840,0.0147683369,-0.0018303755,0.0226154104,0.0063710860,0.0027977698,-0.0082995056,0.0095041308,-0.0102168123,0.0112064948,-0.0063700451,0.0196364874,-0.0203641925,0.0043472821,-0.0003252589,-0.0247028724,0.0234626387,0.0275235838,0.0224011333,0.0071257708,0.0008270784,0.0047226316
242.0000000000,0.0065963026,-0.0070883116,-0.0233357611,-0.0004714777,-0.0133926121,0.0023126051,0.0146874831,0.0083491020,0.0162485258,-0.0125584987,0.0188099314,-0.0154259732,0.0093726045,-0.0099572978,-0.0032265894,0.0102357165,0.0092517179,-0.0092978093,0.0232715265,-0.0125193985,-0.0105189524,0.0094533324,-0.0226922522,-0.0087335236,0.0116126410,0.0066028219,0.0076519608,-0.0037841705,0.0051499728,0.0037483071,-0.0040062142,0.0014283593,-0.0230970442,-0.0070548792,-0.0192870229,0.0097896423,-0.0070138912,-0.0284394149,-0.0019839071,-0.0059924535,-0.0285507459,-0.0028877467,0.0235347650,0.0067194874,0.0041473596,-0.0022278225,0.0047509893,-0.0046076908,-0.0360822513,-0.0045286556,0.0041037723,0.0059315863,0.0008061282,0.0189274455,0.0224712383,0.0050795304,-0.0027828835,0.0049596642,-0.0066494345,-0.0040972651,0.0164442339,0.0215022552,0.0059613707
243.0000000000,0.0087630103,0.0024638763,0.0135779625,0.0011666117,0.0016761008,-0.0101640748,0.0027041543,-0.0028168305,-0.0155018390,-0.0187398321,0.0366232828,-0.0335472016,0.0009127637,-0.0007103680,0.0011438121,0.0401549039,0.0101881888,-0.0318549576,0.0089359901,0.0103461878,0.0111036011,-0.0089677312,-0.0113824174,-0.0335482209,0.0105143320,-0.0097827161,0.0194686751,0.0061149456,-0.0021740768,0.0242320590,0.0094875135,0.0055200543,-0.0053923024,0.0050402550,0.0019962685,0.0456882797,0.0093980806,0.0151489891,0.0144035049,-0.0334833826,-0.0372726886,0.0002876936,-0.0038395341,-0.0023670229,0.0018258295,-0.0102432986,-0.0219305600,-0.0152642020,-0.0296972155,-0.0081883244,0.0109483871,-0.0043694030,0.0008788527,0.0034156874,0.0047690742,-0.0032480499,-0.0265679378,0.0140772273,-0.0135802192,0.0032012268,0.0178812067,0.0105205888,-0.0036987052
244.0000000000,-0.0122619542,-0.0080366130,0.0048226612,0.0092222690,-0.0175820298,0.0176908428,0.0132212393,0.0045393163,0.0141118240,-0.0121764896,0.0169047677,-0.0277789171,0.0229224312,-0.0176296343,-0.0027692857,0.0115325285,0.0143958067,-0.0072110110,-0.0084234751,0.0043196819,0.0074507851,0.0012402804,-0.0000616239,-0.0165208812,-0.0081072984,-0.0061247141,-0.0284953686,-0.0061096223,-0.0046666080,0.0153665524,-0.0243244604,0.0064094959,-0.0098415790,0.0083813419,-0.0274568459,0.0173909014,0.0139651874,-0.0113417752,-0.0177256962,-0.0059066852,-0.0231725470,-0.0002401233,0.0069289633,0.0329573027,-0.0009624025,0.0209149520,-0.0159380492,0.0168884504,-0.0505115369,-0.0030140178,-0.0013124872,-0.0103190729,0.0043814470,0.0202646527,0.0241013260,0.0184137732,-0.0256596186,0.0155108119,-0.0034956548,0.0127189532,-0.0044621433,0.0221994427,0.0112016391
245.0000000000,-0.0081907424,-0.0070778398,-0.0101680264,-0.0140381784,-0.0059540496,0.0092485439,-0.0032128852,-0.0002284178,0.0140787646,-0.0047068639,0.0218105326,-0.0144639847,-0.0106362219,0.0132331821,0.0021169011,0.0299771444,0.0166319072,-0.0388267789,0.0175659564,-0.0152690839,-0.0064851371,-0.0136067990,-0.0069859614,-0.0367794474,0.0285985481,-0.0225680863,0.0081922553,-0.0122144967,0.0020100497,0.0339472630,0.0027235166,-0.0057766237,-0.0050101740,0.0026034414,-0.0025148206,0.0103002235,0.0082182600,-0.0007968343,-0.0166388380,0.0109364206,-0.0215532280,-0.0160746814,0.0028816849,0.0061464460,0.0021561504,-0.0070161117,-0.0263357662,0.0091123805,-0.0142775303,0.0146666986,0.0159450047,0.0068923124,0.0297555581,-0.0056159433,0.0112720377,0.0203804883,-0.0002602272,0.0237594150,-0.0324249802,-0.0143125572,-0.0143989452,0.0065847664,0.0412536208
246.0000000000,-0.0079579222,0.0276682316,0.0006987081,-0.0142647337,-0.0071384998,0.0092724816,0.0028143806,-0.0266421085,0.0038614505,-0.0043888748,0.0183860026,0.0082473531,-0.0157053432,0.0051014797,-0.0006910052,0.0143967821,0.0105761030,-0.0101579015,0.0123407265,0.0010331795,0.0193228466,-0.0185296560,-0.0038449821,-0.0122314554,-0.0058104628,-0.0090400547,-0.0206522632,-0.0233159496,-0.0053159962,0.0104135657,0.0012210767,-0.0104134627,0.0068830317,-0.0080173368,-0.0154470763,0.0052592064,-0.0007261950,-0.0095354800,0.0000232060,-0.0104628975,-0.0093539040,-0.0100936458,0.0104919292,-0.0021846851,0.0013814716,-0.0162686936,0.0114262360,0.0005239098,-0.0119036958,-0.0061047621,-0.0046822980,-0.0005578755,0.0122734935,0.0094364536,-0.0039594543,-0.0044073819,-0.0100662518,0.0247001702,0.0103369064,0.0165740925,0.0059847458,0.0052546444,0.0141419573
247.0000000000,-0.0089310194,0.0065591629,-0.0054715135,-0.0025050136,0.0007998933,-0.0011645956,0.0064494875,-0.0164743343,0.0269021248,-0.0254315125,0.0049276645,-0.0259407910,-0.0020839579,0.0056603183,0.0240796985,0.0240286746,0.0207935594,-0.0369927923,0.0092055554,0.0037006346,0.0005434395,0.0032946768,0.0015786299,-0.0309102023,0.0113250753,-0.0263951153,0.0114049092,0.0003189188,-0.0046731601,0.0156159587,-0.0187164714,0.0016165190,0.0031358100,0.0229339874,0.0053916423,0.0166190726,0.0324121109,0.0042785912,-0.0308217690,-0.0169860376,-0.0183606535,0.0000043901,-0.0062788282,0.0181640073,0.0073321572,-0.0161285665,-0.0134054215,-0.0168731346,-0.0262222686,-0.0232208433,0.0110507630,0.0229982548,0.0106960177,0.0218265201,0.0218096962,0.0174077781,0.0220342350,0.0445495270,-0.0267162468,0.0171724317,0.0137549114,0.0049423135,0.0091440983
248.0000000000,-0.0037583350,0.0091012414,-0.0074043635,-0.0505663968,-0.0046102681,-0.0019818257,0.0060289249,0.0022005917,0.0153208624,-0.0160780508,0.0019119850,0.0146740433,-0.0106225040,-0.0018003273,0.0058380524,0.0165747084,0.0112528182,-0.0199320489,0.0105541118,-0.0037919997,-0.0027990920,-0.0202891017,-0.0025192322,-0.0206799141,0.0061561820,-0.0107028581,-0.0164116027,-0.0285436756,0.0394991642,0.0142607540,-0.0038418196,0.0084919610,-0.0099294794,0.0013101571,0.0079721127,-0.0004689827,0.0253641740,-0.0000607481,-0.0129637820,0.0100054252,-0.0170307217,0.0011351164,-0.0237296907,0.0137345624,0.0081523351,-0.0078101639,-0.0069362486,0.0300591555,-0.0248917397,0.0014400163,0.0009623397,0.0003400987,-0.0066808183,-0.0170751348,0.0239085829,0.0010909107,-0.0087054938,0.0226594104,-0.0189053057,-0.0030829070,0.0010107553,0.0007688739,0.0113614266
249.0000000000,-0.0017191933,0.0087361140,0.0007635497,0.0047314093,0.0066153757,-0.0036919251,0.0141231375,-0.0095444886,0.0041685128,0.0066854502,0.0148201451,-0.0066620383,0.0094625782,-0.0172932150,0.0203976936,0.0301517191,0.0085343464,-0.0178996335,0.0045013739,-0.0113465400,0.0035357424,-0.0022757612,-0.0097636977,-0.0172236996,0.0200751431,-0.0245500036,0.0090528958,-0.0192688624,-0.0110639862,0.0129171410,-0.0179285840,-0.0120015788,-0.0226812424,0.0019493899,0.0085521817,0.0210997360,0.0268647680,0.0001930153,-0.0115078081,0.0018040467,-0.0300252420,-0.0065288778,-0.0015975656,-0.0051591278,-0.0021989263,-0.0058446958,-0.0024933118,0.0241297462,-0.0232887049,-0.0000090797,-0.0151197806,-0.0214514332,0.0012460345,0.0059417922,0.0067930558,0.0187549318,-0.0144279419,0.0372994314,0.0043667966,0.0205163570,0.0027660112,0.0060407810,0.0259110936
250.0000000000,0.0016928184,0.0035003537,0.0089499057,-0.0096482023,-0.0234264027,0.0033977506,0.0231370080,-0.0171676449,0.0044968806,0.0026428916,0.0153270773,-0.0179302100,-0.0045314594,0.0115511036,-0.0115527979,0.0037882835,-0.0142750322,-0.0099948099,0.0163543862,0.0082632744,0.0181667637,-0.0150258799,-0.0079579180,-0.0188939866,-0.0164000212,0.0008859597,-0.0148599595,-0.0179361756,-0.0147055197,-0.0061440418,0.0025908669,0.0013874614,-0.0183822202,-0.0125690824,0.0100178658,0.0052567776,0.0065477394,0.0230834113,-0.0172752519,-0.0152957876,-0.0017662954,-0.0067698765,-0.0090431646,-0.0015249415,-0.0200169394,0.0129917767,-0.0149407704,0.0061332921,0.0005071867,-0.0067505901,-0.0083558049,-0.0451824786,0.0054494031,0.0084855691,0.0134777643,0.0088219614,-0.0227274563,-0.0019491283,0.0079252286,0.0331881856,-0.0210195990,0.0128940841,-0.0064255085
251.0000000000,-0.0066555741,-0.0033617314,0.0001808135,0.0180174613,0.0015335745,0.0159573456,0.0223078425,0.0149337150,-0.0138725365,-0.0273072814,-0.0094055245,-0.0206701352,0.0196079739,0.0177224273,0.0014371310,-0.0009260561,0.0301450581,-0.0341706259,0.0153404420,-0.0095239334,0.0230285896,0.0041898344,-0.0033444222,-0.0300755661,0.0189111066,-0.0192919715,0.0045415518,0.0027346213,0.0083038796,0.0071795059,-0.0090244993,-0.0014761227,-0.0145549231,-0.0173549973,0.0111087811,0.0262664137,-0.0003839601,-0.0036523251,-0.0149203083,-0.0006007623,-0.0228915590,-0.0259651977,0.0070974122,0.0216095848,-0.0251627652,0.0049427896,-0.0020086708,0.0014988219,-0.0299055934,-0.0214082855,-0.0061136080,-0.0088201427,0.0077019248,0.0116444493,0.0154373526,0.0020840362,-0.0127529895,0.0261097206,-0.0131291923,0.0041853377,0.0011386049,0.0086664746,0.0010091861
252.0000000000,-0.0080213868,-0.0108632252,-0.0018785793,0.0036865176,-0.0125864472,0.0139254129,0.0066747011,-0.0070532670,0.0135281366,0.0071458300,-0.0076141453,0.0013591003,-0.0149202158,0.0092381820,0.0023630390,-0.0049432159,0.0023906016,-0.0347971805,-0.0104606172,0.0025782522,-0.0045672902,-0.0023895050,-0.0254140107,-0.0067128090,-0.0035554532,-0.0013521087,-0.0172693341,0.0175814747,0.0194499690,0.0272534195,-0.0046478523,-0.0027100013,0.0082941438,0.0097417764,0.0146410555,0.0169669802,0.0050805242,-0.0347770456,-0.0175727879,-0.0033534020,-0.0283396565,0.0214446375,0.0059083647,0.0095179224,-0.0051730382,0.0233044208,0.0205987715,-0.0257999574,-0.0196429612,-0.0051313354,0.0044633480,0.0069274146,0.0332480793,0.0074135003,0.0125316605,0.0064811135,0.0002461077,0.0100289105,-0.0054478477,0.0101264607,0.0086824628,-0.0006413692,0.0291856493
253.0000000000,-0.0030520530,0.0000935052,0.0217830021,0.0084222362,-0.0206283218,0.0245848774,0.0015601527,-0.0052775775,-0.0011355512,-0.0026587185,0.0285932051,-0.0039574785,0.0147782094,-0.0057874096,0.0062684600,0.0058373987,-0.0010467958,0.0041472668,0.0074071820,0.0064741418,0.0214746695,-0.0110792632,0.0009289050,-0.0192582886,0.0043973158,-0.0138770636,0.0062091152,0.0007341286,0.0152789331,0.0184668496,-0.0140482402,0.0011980212,0.0163572205,-0.0001908582,-0.0062125135,0.0146603417,0.0030953220,-0.0028511390,-0.0042372122,-0.0003554155,-0.0168903562,-0.0152614645,0.0238081031,0.0063812812,0.0092887802,-0.0225705112,0.0096554413,0.0003188949,-0.0086453740,0.0146128187,0.0072827795,-0.0032253266,0.0014739308,-0.0065048537,0.0262336202,0.0013432971,-0.0223477217,0.0373110331,-0.0135922253,-0.0018255642,0.0042302353,0.0007140335,-0.0012673191
254.0000000000,-0.0143619338,0.0232763585,-0.0144409431,-0.0279127591,-0.0325074750,0.0138437393,0.0194948883,0.0066140123,0.0032517606,0.0047629150,0.0260273999,0.0069505333,0.0268983514,0.0081203967,-0.0055601970,0.0246742345,0.0270550160,-0.0357532716,0.0074873387,0.0035864051,0.0080837631,-0.0327233740,-0.0129389027,-0.0061032070,0.0178448169,-0.0114831899,0.0369951439,-0.0100696713,0.0024379097,0.0284528835,-0.0001564127,-0.0055049730,-0.0306660209,0.0143939489,0.0068187530,0.0375543045,0.0256959206,-0.0158465710,-0.0282778816,0.0073265710,-0.0435869047,-0.0071070315,0.0167854312,0.0102790786,-0.0025305994,0.0135991313,-0.0126363263,0.0082771227,-0.0346773252,0.0135227743,0.0159765552,0.0158158286,0.0049607740,0.0291227513,0.0066611764,0.0096737268,-0.0076676067,0.0079826596,-0.0232897044,0.0098737643,0.0116304185,0.0234604946,0.0222093700
255.0000000000,-0.0279160824,0.0121221019,-0.0116401712,0.0157840050,-0.0190202795,0.0080090032,0.0158216886,-0.0047096868,-0.0105804102,-0.0113513349,0.0151141098,-0.0037587688,0.0084540477,0.0079626882,-0.0007958999,0.0233578509,0.0011416278,-0.0245659708,0.0087030818,0.0052726973,-0.0013538749,-0.0023082375,-0.0170638001,0.0035461377,0.0004099590,-0.0142976485,0.0163208016,0.0111781162,0.0130966321,0.0159674759,0.0117001417,-0.0032781749,-0.0154915158,0.0141543956,0.0103594122,0.0309256770,0.0226610566,0.0262180016,-0.0142196203,0.0008128732,-0.0160247911,0.0178557017,0.0061379567,0.0378775449,0.0351995054,0.0293738306,-0.0096728618,0.0113551744,-0.0082986694,-0.0241442388,0.0221573717,-0.0125039537,0.0083678275,0.0151863598,0.0249876483,-0.0001104592,-0.0171492137,0.0071640611,-0.0212767379,0.0167491752,-0.0002920481,0.0108983345,-0.0043666509
256.0000000000,-0.0160620248,0.0336246371,-0.0216965744,0.0001980357,-0.0199858958,0.0274327376,0.0103903228,0.0149787682,0.0036296020,-0.0055461206,0.0091941677,-0.0401828764,-0.0076304214,0.0119716688,0.0030721715,0.0497827673,0.0158069929,-0.0352297719,0.0101261610,0.0061053525,-0.0011967897,-0.0086620408,-0.0176793847,-0.0235253052,0.0159631357,-0.0371617436,0.0100444383,-0.0048901940,0.0113763183,0.0356962200,-0.0011277114,-0.0016662316,-0.0284890014,-0.0038755029,-0.0067111935,0.0182689129,0.0203527702,-0.0093177243,-0.0387609997,-0.0239829319,-0.0498997753,-0.0115505663,0.0137999325,0.0244778590,-0.0099436033,-0.0082204054,0.0115106746,-0.0009057236,-0.0471491917,-0.0148072733,0.0126783089,0.0085779444,0.0165011290,0.0162445177,0.0551818068,0.0054855093,-0.0325746266,0.0419330660,-0.0384575744,0.0057069704,-0.0021017177,0.0101064356,0.0195307452
257.0000000000,-0.0302889822,0.0227781991,-0.0277829720,0.0250445683,-0.0180011286,0.0408810748,-0.0152577588,-0.0030517640,-0.0126107175,-0.0125903318,0.0111066504,-0.0035272009,0.0212090987,0.0050106660,0.0072497333,0.0314127400,0.0329956153,-0.0167903404,0.0292052662,0.0084039558,-0.0003586406,-0.0009513896,-0.0061435761,-0.0167096662,0.0176978987,-0.0083579009,0.0039407921,-0.0091012142,0.0077498011,0.0236516087,-0.0072211093,0.0115234951,-0.0206452995,0.0069878118,-0.0083202473,0.0429885109,0.0107834225,0.0071074311,-0.0137041426,-0.0070986520,-0.0249903966,-0.0085068987,0.0097938945,0.0130154568,-0.0059935286,0.0346942117,0.0256664611,0.0132380953,-0.0167830078,-0.0129811530,0.0137955785,-0.0092228457,0.0262040165,0.0023248922,0.0424749448,0.0059849610,0.0108332063,0.0188566550,-0.0052851420,0.0164251201,-0.0126116594,0.0388545610,0.0122022129
258.0000000000,0.0039090233,0.0221671951,-0.0056168843,-0.0043143129,-0.0104231722,0.0050849023,0.0014332451,0.0072063056,0.0203411412,-0.0128824272,0.0235396424,-0.0159552721,-0.0004018207,-0.0022945755,0.0162605911,0.0296433380,0.0038133099,-0.0179099327,0.0081406425,-0.0144602725,0.0040046454,-0.0096177254,0.0008811312,-0.0167858919,0.0043911269,-0.0265972819,0.0038445304,-0.0038702332,0.0011346219,0.0275754593,-0.0122802793,-0.0182201325,-0.0183120240,0.0072015176,-0.0203013562,0.0293935801,0.0144577293,-0.0221387299,0.0002381668,-0.0122884720,-0.0242569829,-0.0114264743,0.0022634956,0.0087605362,0.0112871804,0.0060877045,-0.0064785762,0.0014731934,-0.0275048932,0.0033762995,0.0292836246,-0.0090687941,0.0165116640,-0.0170515256,0.0156066951,-0.0000241577,0.0135030743,0.0226301342,-0.0171727075,0.0389542503,0.0013796324,0.0105454592,0.0209346521
259.0000000000,-0.0114908400,-0.0025631350,0.0027016223,0.0083756675,-0.0184318387,0.0021647955,-0.0050578157,0.0075000420,0.0028769102,-0.0046146094,0.0315011170,-0.0231800494,-0.0086896651,-0.0036708964,0.0128745130,0.0202038564,0.0028101379,-0.0181053865,0.0098848524,0.0019552314,-0.0072526435,-0.0037051243,0.0049964423,-0.0029630173,-0.0021874324,-0.0045674269,0.0006027918,0.0028770562,0.0188225340,0.0157320343,0.0014267597,-0.0023087040,-0.0055158540,0.0167872208,-0.0192710766,0.0127466301,-0.0060430206,-0.0253048036,-0.0228561970,-0.0026859912,-0.0079198598,-0.0107342946,0.0281948247,0.0237674719,-0.0198790238,0.0017772926,0.0044995263,-0.0046996828,-0.0161058371,-0.0034632021,0.0281932459,0.0013788622,0.0077716058,0.0075788555,-0.0108802746,0.0049123310,-0.0090868774,0.0236914870,0.0014469814,0.0254611846,0.0260807260,0.0057935510,0.0021326027
260.0000000000,-0.0166011042,0.0153438341,-0.0076573785,-0.0046322406,-0.0275835560,0.0274414100,0.0072030241,0.0003037907,-0.0060471570,-0.0191942801,0.0094277432,-0.0158886986,0.0074475192,0.0003645348,0.0017078462,0.0286281344,-0.0108311064,-0.0213130498,0.0108806214,0.0022923763,0.0120891319,0.0150019818,0.0018580216,-0.0042931447,0.0144518253,-0.0042999723,0.0114295006,-0.0096750297,0.0177409028,0.0301349825,-0.0318265713,-0.0017202518,0.0135303446,0.0029964860,-0.0087593344,0.0338614131,0.0207324955,0.0134717164,-0.0380922766,-0.0116991670,-0.0323886221,-0.0049889045,0.0007802104,0.0187564748,0.0275379927,0.0056195639,0.0307132938,-0.0067438986,-0.0246804793,-0.0057683057,0.0185272501,-0.0037050822,-0.0038694478,0.0117474850,0.0261135944,0.0190827818,-0.0214416562,0.0114523432,-0.0126870465,-0.0104558814,0.0311211882,0.0096258036,0.0235081732
261.0000000000,-0.0011088372,0.0265045792,-0.0021730129,-0.0043292454,-0.0057366013,0.0360272707,0.0069815011,-0.0037055354,0.0142563638,-0.0395386975,0.0148074599,-0.0164021371,0.0192600116,-0.0199032163,0.0071221765,0.0037943625,0.0096252205,0.0131277271,-0.0069168821,0.0009806756,0.0002244500,0.0119399428,-0.0258126212,-0.0122259384,0.0009991058,-0.0179858552,0.0128746575,0.0006116719,0.0145862599,0.0169206152,-0.0245749583,0.0014829038,-0.0006957772,0.0021267562,-0.0074895959,0.0037550364,0.0128699505,-0.0133393304,-0.0261718730,-0.0102921912,-0.0338864198,0.0038078240,0.0157222322,0.0221708444,0.0085980938,-0.0028270945,0.0016067013,0.0061359974,-0.0446440990,-0.0135616673,0.0134353068,0.0078641913,0.0151830806,-0.0144309489,0.0370238370,0.0126777273,-0.0066111512,0.0293612349,-0.0032772396,-0.0156244088,0.0062164996,0.0160099643,0.0097999058
262.0000000000,-0.0172967416,0.0148616964,-0.0010277664,0.0023066095,0.0037992521,0.0087379188,0.0049125299,-0.0048042229,-0.0014855884,-0.0068835146,0.0264839540,-0.0089762643,-0.0126427441,-0.0285885721,0.0051698041,0.0164649333,0.0179945429,-0.0131596361,0.0101601086,-0.0072076323,0.0028752646,0.0021664436,0.0040977591,-0.0196651861,0.0057044654,-0.0084512580,0.0162790069,-0.0121729718,0.0013300338,0.0283929816,0.0080466190,-0.0186999103,-0.0202647793,0.0043102674,0.0036547195,0.0372952281,0.0287230697,-0.0050292967,-0.0107053001,-0.0175455021,-0.0231391735,-0.0003385924,0.0138078466,0.0232133683,0.0092840980,-0.0047421752,-0.0132487610,-0.0050549634,-0.0334176687,-0.0132315703,0.0109789183,-0.0171166271,0.0247859500,0.0036236397,0.0221369619,-0.0156684652,0.0079641296,0.0252897847,-0.0267965846,0.0284982438,0.0148776406,0.0293971887,0.0296530744
263.0000000000,-0.0089635785,0.0194852987,-0.0229504429,0.0195586296,-0.0272124399,0.0107460373,0.0282739987,0.0109532428,-0.0089067893,-0.0087342147,0.0251590806,-0.0217279891,0.0147379325,0.0221761661,-0.0063371802,0.0328926989,0.0119114780,-0.0252346811,0.0151894559,-0.0291645055,0.0157871602,0.0113103814,-0.0334038626,-0.0049481374,0.0076824967,-0.0394328334,0.0182751749,-0.0044000725,0.0122595473,0.0258228454,-0.0139443137,-0.0096908103,-0.0107163145,-0.0022770186,-0.0100055447,0.0358654749,0.0119614674,0.0047936563,-0.0321947087,-0.0122188965,-0.0544288341,-0.0041989995,0.0200059078,0.0275388969,0.0059407413,-0.0103583214,0.0010985961,0.0021438555,-0.0484435395,-0.0015404607,0.0242436113,0.0107808810,0.0341621093,-0.0119649307,0.0459554963,0.0061633778,-0.0165828443,0.0562647825,-0.0474796688,0.0206943364,0.0008107619,0.0181033566,0.0141454785
264.0000000000,-0.0040870294,0.0100050183,-0.0002690464,0.0015349079,-0.0037761808,0.0014618153,0.0139164582,-0.0032739796,0.0070920349,0.0029955214,0.0103471688,-0.0198501585,-0.0043532658,0.0200671954,-0.0063383754,0.0267580573,-0.0019824685,-0.0034593567,0.0192404392,0.0138025605,-0.0193338934,0.0054131481,-0.0271372546,-0.0093943887,0.0251731709,-0.0256056558,-0.0138685712,-0.0112311034,-0.0044266374,0.0073658094,-0.0132661283,0.0050026509,-0.0123523666,0.0056174424,0.0014705245,0.0191334518,0.0009180313,-0.0088540653,-0.0119442338,-0.0147020896,-0.0302493198,-0.0238260904,-0.0222185642,0.0048983211,-0.0106088749,-0.0268138611,0.0020660075,0.0130028688,-0.0180771335,-0.0107656196,-0.0021933944,-0.0183914257,0.0122483094,-0.0075825901,0.0090323221,0.0035673557,-0.0117525269,0.0368004234,-0.0241816823,0.0302215540,0.0351199827,-0.0017616250,-0.0014092008
265.0000000000,-0.0176252359,0.0206252287,-0.0207362246,-0.0080268543,-0.0122764442,0.0006449512,0.0313552298,-0.0102251184,0.0019666237,-0.0106746537,0.0127613063,-0.0274218541,0.0068301610,0.0000143779,0.0006894976,0.0385644689,0.0344521983,-0.0192608335,-0.0107407160,0.0011657846,0.0077661131,-0.0222080060,-0.0411405118,-0.0022177535,0.0238223770,-0.0412177566,0.0081604114,-0.0205456926,0.0187965176,0.0166003804,0.0122427755,0.0005657730,0.0006657460,-0.0108987887,0.0123202838,0.0072960535,0.0273760946,0.0091652066,-0.0409809921,-0.0178430190,-0.0405192814,-0.0299735855,0.0024473159,0.0180826697,0.0062594121,0.0017044141,-0.0160810378,0.0097758083,-0.0221039946,0.0006189212,0.0018998794,-0.0160314815,0.0041894128,0.0043065569,0.0378064326,0.0202797027,-0.0104903916,0.0508836873,-0.0342269052,0.0345447723,-0.0111381670,0.0085043235,0.0446866366
266.0000000000,-0.0134406344,0.0080040087,-0.0146144114,0.0034348659,-0.0322733756,0.0101567159,0.0100674214,-0.0041939614,0.0017696652,0.0076880993,0.0206169866,-0.0117107804,-0.0073782655,-0.0086785044,0.0165145662,0.0258975945,-0.0008730822,-0.0002343344,-0.0012315404,0.0108685946,-0.0079191367,-0.0033979947,-0.0147513397,-0.0119967477,0.0038729210,-0.0222983707,-0.0076962015,-0.0135382788,0.0062555803,0.0209163003,0.0095279563,-0.0027757331,-0.0015728275,-0.0257953964,0.0043076907,0.0149746288,0.0275130665,-0.0150304246,-0.0099512738,-0.0078945226,-0.0041033518,-0.0028334106,0.0110416567,0.0111047134,0.0031630937,0.0062199772,0.0263498035,0.0054338782,-0.0327339353,-0.0105548306,0.0159342462,-0.0097688201,0.0184978397,-0.0184178232,0.0118987733,0.0196383849,-0.0103566104,0.0142577312,-0.0190323220,0.0254970671,0.0014664672,0.0215255856,0.0148957951
267.0000000000,-0.0220232026,0.0170196635,0.0021185883,-0.0139083639,-0.0221961390,0.0038561817,0.0051660536,0.0094346589,-0.0072165308,0.0025409352,0.0227781873,-0.0125912406,0.0203729636,0.0078159304,0.0200633574,0.0221928809,0.0200466040,-0.0324829074,0.0104151502,-0.0049266140,-0.0210391916,0.0015871002,-0.0057864385,-0.0075286523,0.0133086298,-0.0162448245,0.0229854877,-0.0174833871,0.0000086099,0.0028541537,-0.0204104169,0.0307090543,-0.0172605473,0.0107022057,-0.0223980896,0.0300582707,0.0234601622,-0.0376141091,-0.0097608506,0.0130824996,-0.0382496265,0.0065034183,0.0083625068,0.0081935002,-0.0021349828,0.0053927689,-0.0073385647,0.0078988678,-0.0286991918,0.0023942070,0.0048532432,0.0092826862,-0.0165749944,0.0193831356,0.0164191181,-0.0074307752,-0.0318206238,0.0339224917,-0.0153226741,0.0031685809,0.0338695916,0.0192964168,0.0261605658
268.0000000000,-0.0007987720,0.0091430898,-0.0102283895,-0.0088120049,-0.0255555491,0.0119436941,0.0166782309,-0.0021823254,0.0170573160,-0.0227626144,0.0111394635,-0.0293741758,0.0178377489,-0.0062250857,0.0089862310,0.0330383959,-0.0063972121,-0.0565064204,0.0070057145,-0.0108479269,-0.0113218634,-0.0106742676,-0.0218948792,-0.0427132871,0.0179710901,-0.0392881556,0.0012515523,-0.0144460889,0.0115858300,0.0297344380,-0.0065997361,-0.0138041907,-0.0171637540,-0.0200096062,-0.0058922203,0.0319083535,0.0223493189,0.0071863100,-0.0360267954,-0.0223467678,-0.0744560939,-0.0164459403,0.0083425996,0.0281271752,-0.0155763138,0.0021642332,-0.0082454070,0.0108034214,-0.0434571949,-0.0192019499,0.0270063601,-0.0132508922,0.0212946063,0.0249565028,0.0255463298,0.0148843823,0.0046097558,0.0107732516,-0.0210500491,0.0098485002,0.0014350568,0.0038859832,0.0213294693
269.0000000000,0.0057439136,-0.0064709446,0.0005438914,-0.0137237695,-0.0013455722,0.0103188133,0.0042869754,-0.0156104843,0.0010946121,0.0140898314,0.0162717997,-0.0017191466,0.0113894638,-0.0162518171,-0.0009036538,0.0063511277,0.0050726933,-0.0224869587,-0.0154876577,0.0051605241,0.0004787343,-0.0221349781,0.0118511465,0.0003000843,-0.0059830809,-0.0069068323,-0.0013161430,-0.0128437444,0.0329655329,0.0193999179,-0.0067122032,0.0050170722,-0.0073330974,-0.0013050346,0.0046530119,0.0115513151,0.0301326751,-0.0115201114,-0.0177632942,-0.0027022774,0.0031512223,-0.0035962295,0.0120457551,0.0117722346,-0.0019471552,-0.0100839872,-0.0067096610,0.0078581770,-0.0100720156,-0.0052022805,0.0129830603,-0.0082000561,-0.0199612023,0.0109651521,0.0231735794,0.0124332596,-0.0076317596,0.0448967133,0.0092863930,-0.0041416830,0.0199680126,0.0151526113,0.0257525182
270.0000000000,-0.0257439075,0.0032960594,-0.0021382084,-0.0091886673,-0.0461784720,0.0163241785,0.0048452640,0.0101809363,-0.0036015001,0.0032947198,0.0221327339,-0.0321415822,0.0113932041,-0.0025030577,0.0177614123,0.0738833942,0.0309716858,-0.0354458646,0.0216322453,-0.0254573473,0.0007515300,-0.0040115777,-0.0105590361,-0.0302379429,0.0132202324,-0.0120520806,0.0127714898,-0.0116221444,0.0044894340,0.0355006262,0.0009560644,0.0112762159,-0.0225887017,0.0011115359,-0.0115032607,0.0236217273,-0.0000891952,-0.0032140463,-0.0296045402,-0.0165992140,-0.0504027936,-0.0139830640,0.0260756033,0.0299839135,0.0116962528,0.0054882304,-0.0104982586,-0.0120739762,-0.0436780620,-0.0061370327,0.0016289048,-0.0017107260,0.0414095639,-0.0034440964,0.0349337331,-0.0029886734,-0.0213810371,0.0329140543,-0.0377620031,0.0122557216,0.0186937183,0.0231378722,0.0206873083
271.0000000000,-0.0051046276,0.0008375246,-0.0137348206,-0.0040676121,-0.0213013702,0.0083954982,0.0044965872,0.0019491804,-0.0149006740,-0.0058631685,-0.0100359837,-0.0111030739,0.0142299174,0.0030698576,0.0065946582,0.0130855137,0.0095656143,-0.0241351242,0.0033750556,-0.0109689469,-0.0066344640,-0.0318599461,-0.0233644487,-0.0149236419,0.0268583515,0.0022549168,0.0105262330,-0.0149476765,-0.0008131517,0.0112409801,0.0028029226,0.0008593703,-0.0077979000,-0.0148349012,0.0157919437,0.0362956946,0.0040781261,-0.0001742258,-0.0165273593,0.0110866552,-0.0447060739,-0.0167224804,0.0448030317,0.0160611614,-0.0006403184,-0.0094230943,-0.0201192003,0.0070628665,-0.0285604944,0.0052377989,-0.0017366065,-0.0114760728,0.0092274594,0.0043869425,0.0190858885,0.0050461654,-0.0170999480,0.0321430752,-0.0207186171,-0.0081707151,0.0212510531,0.0169680174,0.0098466294
272.0000000000,-0.0073927551,-0.0074552410,0.0021182170,-0.0013197346,-0.0085634061,0.0017719985,0.0071547963,0.0081595481,-0.0129498122,-0.0152873409,0.0011054308,-0.0227148956,0.0248597240,-0.0159059619,0.0115014370,0.0278803003,0.0208330981,-0.0053474658,-0.0148066343,0.0000419692,0.0001017752,0.0112917788,-0.0146760883,-0.0227616915,0.0393499962,-0.0517342916,0.0037926913,0.0042121272,0.0269458802,0.0124955653,-0.0044566517,-0.0099826749,-0.0141383208,-0.0082280140,0.0080038786,0.0142624846,0.0125718481,-0.0106395225,0.0087748321,-0.0103681501,-0.0342262620,0.0119610402,0.0133941627,0.0109640862,-0.0119069169,-0.0223711977,-0.0186284046,-0.0001268189,-0.0149656005,-0.0060276005,-0.0127433323,-0.0103851466,0.0040600460,0.0024972457,0.0034660505,-0.0104052667,0.0077601707,0.0127590840,-0.0237654147,-0.0005365292,0.0109234975,-0.0018020349,-0.0038616535
273.0000000000,-0.0025896372,0.0233345929,-0.0056161354,0.0063637231,-0.0274794657,0.0246971896,0.0010165394,-0.0140388814,0.0198337501,-0.0108389101,0.0187653931,-0.0207799152,0.0149072922,0.0086727684,-0.0006239141,0.0402832213,0.0186520169,-0.0216359312,0.0295269148,-0.0171532462,-0.0245223090,-0.0091545815,-0.0197119417,-0.0165027135,0.0131198447,-0.0111106821,0.0193814009,0.0055015599,0.0028860990,0.0240899941,-0.0012537089,-0.0151301492,-0.0124918857,-0.0150772746,-0.0113224594,0.0355915506,-0.0060849689,-0.0340794661,-0.0251105918,-0.0204388848,-0.0128331407,0.0170293206,0.0131182303,0.0044755038,0.0071275751,-0.0016359286,0.0091269590,-0.0178257047,-0.0363835135,-0.0037765244,0.0062088819,0.0022074654,0.0046627357,0.0186174673,0.0286856801,0.0014257921,0.0065382333,0.0160688999,-0.0170556348,0.0121702184,0.0014314682,0.0203030417,0.0379095747
274.0000000000,-0.0168133464,0.0033391854,-0.0081971427,0.0000504782,-0.0220848680,0.0155045399,0.0096399452,0.0124191142,-0.0157856959,-0.0093776481,0.0044263856,-0.0193109188,0.0138191701,-0.0016326652,-0.0002886183,-0.0055730687,-0.0057315198,-0.0390466747,0.0155048058,-0.0203836694,0.0044534632,-0.0160500544,0.0043228874,-0.0226686827,0.0214696212,-0.0230014671,0.0168829995,0.0156145815,0.0253740984,0.0326952199,-0.0000995485,-0.0062775760,0.0076240747,-0.0101436399,0.0158466952,0.0049296958,-0.0078671040,-0.0062675795,-0.0268077372,-0.0211135908,-0.0137471346,0.0070117244,0.0158161558,0.0415892999,-0.0163803565,-0.0001830102,-0.0141606288,0.0208282399,-0.0286439495,-0.0100619973,0.0266641401,0.0053766156,0.0220648512,-0.0044066022,0.0404429069,0.0202520255,-0.0202125226,0.0137343459,-0.0087263186,0.0058035803,0.0145095136,0.0236759038,0.0209651969
275.0000000000,-0.0184901177,0.0102358009,-0.0260078003,0.0007002117,-0.0165182747,0.0022967045,0.0154046222,-0.0077845138,0.0116022359,-0.0120066213,0.0255147146,0.0021116090,0.0087156989,-0.0049310938,0.0241372573,0.0351544429,0.0021903449,-0.0037881968,0.0115246102,0.0045508145,0.0122274768,-0.0219636436,-0.0318448337,-0.0298043203,0.0009781491,-0.0147511812,-0.0005078704,-0.0112736307,-0.0041856116,0.0024443268,-0.0144674276,0.0093142193,-0.0173695255,-0.0038049033,-0.0127133716,0.0015323177,0.0166400461,-0.0129687117,-0.0181957214,-0.0033376742,-0.0216153656,0.0021729693,0.0051096228,0.0280788336,-0.0131727280,0.0145222808,-0.0050925743,0.0198136291,-0.0350977934,-0.0024899843,0.0138336143,-0.0098661915,0.0150236499,-0.0066842862,0.0194459282,-0.0027154521,-0.0449924045,0.0342756340,-0.0178284363,-0.0083239706,-0.0238259537,0.0086273942,0.0280357272
276.0000000000,0.0207625669,0.0028724326,-0.0049629419,0.0034149820,0.0117610055,0.0056512209,0.0039466572,0.0087667041,-0.0012175577,0.0112406267,0.0248126138,0.0043499841,0.0104998487,-0.0000046809,-0.0050276086,0.0124394355,0.0037760765,-0.0057208529,0.0033163837,0.0119575139,0.0106119633,0.0051789920,-0.0146607704,-0.0237892026,-0.0264380471,-0.0001083625,0.0076795439,-0.0008990296,0.0163027684,0.0123565085,-0.0104230519,0.0046581617,0.0004398678,0.0027780556,-0.0021028542,-0.0194101041,0.0146194655,-0.0135405412,-0.0081500934,-0.0002872042,-0.0167116586,-0.0089520738,-0.0068304664,0.0113074078,-0.0032826371,-0.0107344530,-0.0039832886,0.0219793260,-0.0368994729,0.0010068792,0.0050975546,0.0095456176,-0.0084676315,-0.0011366578,0.0163868516,-0.0112721506,-0.0248611348,0.0088932710,0.0066552410,0.0238905265,0.0028260016,0.0236990111,0.0076634080
277.0000000000,-0.0171050015,-0.0152387906,-0.0021859864,0.0042336225,-0.0061457233,0.0082547082,-0.0012773140,-0.0170081640,-0.0031224637,-0.0014342480,0.0342105434,-0.0282092581,0.0159225220,0.0144366447,0.0019097455,0.0403056974,0.0073952928,-0.0311846687,0.0163021887,0.0083290382,0.0298180156,-0.0377043711,-0.0448065880,-0.0044449676,-0.0047338914,-0.0065549697,0.0030030969,-0.0076105341,0.0077950348,0.0241105789,0.0014652243,-0.0001501016,-0.0249347028,0.0217152928,-0.0220626465,-0.0057265306,0.0113967480,0.0217950486,-0.0164642731,-0.0011840995,-0.0087221766,0.0118157569,0.0231810833,0.0014451351,-0.0124684263,0.0041746641,-0.0141115158,-0.0081461472,-0.0256785202,-0.0207065301,0.0165388393,0.0050072593,0.0028678155,0.0176892141,0.0068003618,0.0064339521,-0.0111487799,0.0116491531,-0.0246341855,0.0027580055,0.0034423862,0.0053688852,0.0300486058
278.0000000000,-0.0152733056,0.0105946323,0.0028543762,-0.0273083473,0.0025769184,0.0037336655,-0.0002348496,0.0074471737,0.0060992673,0.0023469180,0.0153713259,0.0028643096,0.0019069691,-0.0083819376,0.0194036788,0.0054992661,0.0183458802,-0.0099152187,-0.0067048149,-0.0248747506,0.0095470321,-0.0010645780,-0.0074658377,-0.0095204865,0.0289687344,-0.0213566797,0.0090078952,-0.0039203182,0.0273929413,0.0256638133,-0.0064217332,0.0155722435,-0.0339994726,0.0071509810,-0.0006165155,0.0093848111,0.0115886692,0.0049659263,-0.0169314465,0.0067795701,-0.0389344074,-0.0057985761,-0.0092253515,0.0089182558,0.0090819718,-0.0041612810,0.0117964951,0.0036986693,-0.0025864026,-0.0003879339,0.0177256846,0.0184244877,0.0014564596,-0.0083058985,0.0227479372,0.0055446949,-0.0269470823,0.0233029135,-0.0102310992,0.0180322392,0.0079743514,0.0368922037,0.0289812385
279.0000000000,0.0038755084,0.0122915050,-0.0212260701,-0.0115535799,-0.0178363351,-0.0013052509,0.0106386557,0.0127373099,-0.0052632840,-0.0246345756,-0.0029604469,-0.0133464471,0.0287712761,-0.0034471255,0.0163732743,0.0157648005,0.0079093292,-0.0134727695,-0.0011567108,-0.0030752813,-0.0101266676,-0.0058739735,-0.0063205629,-0.0130459082,0.0162548895,-0.0005234792,-0.0065148947,-0.0103123965,0.0208943499,0.0154104745,0.0046619592,0.0003027072,-0.0227481444,-0.0025789148,-0.0077383965,0.0148018645,0.0326977701,-0.0180034365,-0.0062351844,-0.0137684532,-0.0388705423,-0.0011106705,-0.0094239023,-0.0022942915,0.0222659540,0.0036868108,-0.0102591607,0.0097084512,-0.0126775531,-0.0057313586,0.0259105520,0.0106947076,-0.0015224834,-0.0028762339,0.0066871550,0.0204154076,-0.0294449084,0.0292704362,-0.0130084614,0.0144540640,-0.0001432677,0.0115384209,0.0231759684
280.0000000000,0.0082180152,0.0184737668,-0.0126144237,0.0130049815,-0.0052029435,0.0298902434,-0.0020047325,-0.0082843050,0.0084735306,-0.0106521671,0.0356118577,-0.0281551032,-0.0021418762,-0.0252094261,0.0125085914,0.0344796090,0.0273609908,-0.0310140470,0.0110044698,-0.0250164013,0.0303273616,-0.0132161393,-0.0190777975,-0.0053538028,0.0157446701,-0.0021178358,-0.0071786926,-0.0184703827,0.0112247663,0.0234689824,-0.0110609227,-0.0057066218,-0.0276140926,-0.0232433165,0.0216728283,0.0129588698,0.0110717723,0.0063143206,-0.0313390962,-0.0140989831,-0.0413315614,0.0104062692,0.0133710018,0.0314565324,-0.0043030169,-0.0083951306,-0.0016230120,-0.0005285916,-0.0228583269,-0.0352912163,-0.0024051630,0.0032283621,0.0112563284,-0.0138404978,0.0280014514,-0.0014501668,-0.0190661952,0.0111542871,-0.0184078592,0.0042454488,0.0033898439,0.0112414699,0.0117080925
281.0000000000,-0.0027728621,-0.0013145810,-0.0022093924,0.0059422229,-0.0160831707,0.0224681786,-0.0085310328,-0.0096327223,-0.0069357841,-0.0177584187,0.0134381273,0.0126022995,0.0207861716,-0.0100213032,0.0020808414,0.0192424233,0.0011088178,-0.0219281567,-0.0081354888,-0.0015142412,0.0058301985,-0.0029809809,-0.0218633360,-0.0142056199,-0.0090515383,-0.0059499750,0.0022114586,-0.0049581476,-0.0036337243,0.0091189941,-0.0175890822,-0.0041565836,-0.0164248692,0.0187097989,-0.0146132453,-0.0090742782,0.0045602677,0.0087670301,-0.0051164743,-0.0094969901,-0.0169049613,0.0083061774,0.0175534633,0.0437882104,0.0057691257,0.0024237425,-0.0008901976,-0.0240511109,-0.0302563147,-0.0086593929,0.0136812079,0.0125441980,0.0112685700,0.0036362883,0.0044996016,-0.0063348291,-0.0042632621,0.0151038360,-0.0026632548,0.0115050890,-0.0285209600,0.0103614398,0.0242543533
282.0000000000,-0.0037890970,0.0086120280,-0.0030506287,-0.0042660735,0.0065322364,0.0057002831,0.0097112049,0.0006143485,-0.0088465045,0.0153134885,0.0073335334,-0.0187866581,-0.0006752837,0.0063661114,0.0127233270,0.0017642564,-0.0161691301,-0.0092372135,0.0106388313,0.0056542199,0.0091790756,-0.0145099161,-0.0064204411,-0.0194323884,0.0269301223,0.0024403348,-0.0150724709,-0.0131533720,-0.0058960049,0.0072277596,-0.0009628252,0.0152635798,-0.0092484657,0.0155434848,0.0034976750,0.0411090925,0.0051347317,0.0046993643,-0.0177295964,-0.0109942157,-0.0242311769,-0.0122331619,-0.0020558880,-0.0020844246,0.0160910221,-0.0025103379,0.0024634643,0.0010733570,-0.0051196448,-0.0117248571,0.0104040947,-0.0006638827,0.0152059077,-0.0077423198,0.0078353640,-0.0096031512,-0.0139750286,0.0170170487,0.0066331461,0.0001343522,-0.0043844316,0.0058357758,0.0149321719
283.0000000000,-0.0054555017,0.0173821044,-0.0113111847,0.0119147105,-0.0237236579,0.0115064367,0.0179301415,-0.0142421125,-0.0090898931,-0.0126228735,0.0167909626,-0.0029409841,0.0124236623,0.0077700899,-0.0250150241,0.0164877467,-0.0136614409,-0.0160671137,0.0193229901,0.0056016185,0.0140662107,-0.0185116165,0.0177582790,-0.0180167885,0.0171164938,-0.0020373824,0.0131521595,-0.0054024914,0.0536123494,0.0284303578,-0.0194483010,0.0104184519,-0.0192223263,0.0373952678,0.0151368095,0.0202797911,-0.0095245325,0.0019683055,-0.0347389311,0.0152800845,-0.0159989717,-0.0159335489,0.0182098491,0.0103920946,0.0039770090,0.0132837029,0.0147708522,-0.0006431234,-0.0193054426,-0.0091981024,-0.0069800810,0.0176577078,0.0283791241,0.0043462213,-0.0069901912,0.0113249209,-0.0076129901,0.0104774979,0.0004796038,0.0138779605,0.0011056501,0.0177944003,0.0024973154
284.0000000000,-0.0035014355,0.0139315396,-0.0119789402,-0.0109833246,-0.0073928098,0.0155271773,0.0131200630,-0.0022139438,-0.0128071330,-0.0059754042,0.0261429979,-0.0241900679,0.0022195138,0.0022658121,0.0025630120,0.0263845714,0.0077682354,-0.0129776390,0.0053224942,0.0108571211,0.0026837784,-0.0163391933,-0.0075455923,-0.0393503011,0.0153475621,-0.0133784080,0.0162208858,0.0159793394,0.0260005080,0.0282244592,-0.0099983504,-0.0128985006,-0.0299541756,-0.0216712995,-0.0118734849,0.0256509873,0.0102117683,-0.0065821072,-0.0103892024,0.0149472153,-0.0413866044,0.0033943205,-0.0007962667,0.0454684341,-0.0177275011,-0.0218247889,0.0059177296,0.0128555115,-0.0291271356,-0.0208777859,0.0065626748,0.0181957138,-0.0009155378,-0.0033279492,0.0227047029,0.0260088606,-0.0277976198,0.0131573218,-0.0119120331,0.0324769371,-0.0043596238,0.0036375695,0.0301546750
285.0000000000,-0.0226925740,-0.0098681773,0.0071655178,0.0027864882,-0.0132331482,0.0119841884,0.0157378348,-0.0003887283,0.0203968410,-0.0102890651,0.0168251119,0.0077305525,0.0123886845,-0.0055928463,-0.0054482723,0.0124739438,0.0165315317,-0.0560106118,-0.0040022184,-0.0016925770,-0.0064350418,0.0014281839,-0.0225186929,-0.0062890552,0.0102390745,-0.0335191829,0.0064536891,-0.0124390409,0.0194429930,0.0361039620,-0.0002107876,0.0057117809,0.0010668772,0.0120583719,-0.0164645769,0.0266182605,0.0168222883,-0.0061146557,-0.0260579614,-0.0028249542,-0.0158669788,0.0056626815,0.0226300840,-0.0016071383,0.0159635214,0.0171234037,0.0066062657,0.0271566319,-0.0253997793,-0.0140840187,0.0026346808,0.0091292099,-0.0093099365,0.0058084340,-0.0022350481,0.0058806545,-0.0216214865,0.0193634147,-0.0089516316,0.0099532461,-0.0108459604,0.0250190262,0.0213521452
286.0000000000,-0.0292421499,0.0049065069,-0.0160907820,-0.0153714740,-0.0167015550,0.0117373585,0.0053345702,0.0070453940,0.0255263304,-0.0215727020,0.0161645190,-0.0193025255,-0.0001616308,-0.0087182654,-0.0063034879,0.0371877930,0.0066309021,-0.0179360334,0.0304280165,0.0050832353,-0.0121324050,-0.0109743482,-0.0077193207,-0.0284520813,0.0213471587,-0.0230907243,0.0291550569,0.0064253147,0.0128437019,0.0223461264,-0.0243213164,0.0052885118,-0.0034183957,-0.0100549028,-0.0059297536,0.0337278429,0.0071115901,-0.0038621698,-0.0055362683,-0.0248653898,-0.0226395926,-0.0001532407,0.0198997483,0.0199175073,-0.0045927951,0.0086806397,-0.0036816419,0.0076434738,-0.0397105844,-0.0119368299,0.0140070695,0.0023391035,0.0206529986,-0.0003456546,0.0142148429,0.0176023648,0.0013960387,0.0311355600,-0.0321000806,-0.0014318990,0.0128575139,0.0264605182,0.0218701053
287.0000000000,-0.0160838198,0.0238973320,0.0027992175,0.0177197683,-0.0206041887,-0.0036564474,0.0098747529,-0.0073129823,-0.0021520199,0.0000892716,-0.0094103363,-0.0104478464,-0.0068590244,-0.0067959837,0.0360302613,0.0230213967,0.0134998116,0.0021020137,0.0223278553,0.0055522046,-0.0004309715,-0.0139284423,-0.0072618361,-0.0322819885,0.0295808441,-0.0054033747,0.0158932116,-0.0210568627,0.0210294406,0.0504388770,0.0056272733,-0.0258753258,0.0001358717,0.0062046618,-0.0327488079,0.0318697323,0.0197230945,-0.0200242142,-0.0204114872,-0.0073851180,-0.0364577875,-0.0169680247,-0.0032595766,0.0374123234,0.0035269518,0.0144849238,0.0034716781,-0.0013151623,-0.0392794639,0.0017333200,0.0189115614,-0.0021953432,0.0360671445,-0.0025196426,0.0356127536,0.0346402492,-0.0174684976,0.0379593420,-0.0380911432,0.0216181875,-0.0116304105,0.0126335524,0.0161802050
288.0000000000,0.0109069655,-0.0139619834,-0.0109611640,-0.0050368745,0.0071586272,0.0142302233,0.0200097093,-0.0105130639,0.0086723427,-0.0082178156,0.0327419392,-0.0253961741,-0.0080352360,-0.0037195012,-0.0053854574,0.0152603611,0.0141929739,-0.0271755811,0.0129140746,0.0177535017,0.0058050428,0.0170057421,-0.0067442174,-0.0095471190,-0.0192674373,-0.0096895004,-0.0006993725,-0.0244585518,0.0056773252,0.0214933559,-0.0071995017,-0.0005154500,0.0150311185,0.0072559556,-0.0039545624,0.0209823989,0.0261755340,-0.0172378293,0.0025772587,-0.0310610800,-0.0394574531,0.0021044256,0.0209811481,0.0109409537,0.0066135487,0.0243084369,-0.0220601678,-0.0067750211,-0.0362374729,-0.0156789549,0.0125246235,-0.0088905057,0.0067486420,0.0145589428,-0.0013680410,-0.0018302240,-0.0089185886,0.0329975445,-0.0346648981,-0.0034769611,-0.0036126216,0.0216819059,0.0079902730
289.0000000000,-0.0242580403,0.0021641570,-0.0052088281,0.0008081521,-0.0080702314,0.0183264525,-0.0040029844,0.0121650111,0.0155628103,-0.0174272021,-0.0086616295,0.0133728665,0.0066439046,-0.0112588916,0.0011367205,0.0138701252,-0.0133763551,-0.0151393627,-0.0056184569,-0.0094663870,0.0002717592,-0.0083079995,-0.0087639689,-0.0227168232,0.0008219517,-0.0032561684,0.0177804873,-0.0115742639,0.0069012269,0.0161090707,0.0067849070,0.0039011569,-0.0187681146,0.0094159615,-0.0197967873,0.0216850168,0.0113042838,-0.0013779547,-0.0156934256,-0.0157345055,-0.0094009085,0.0083332349,0.0147471463,0.0331567654,0.0037118808,-0.0127758643,0.0057867898,-0.0169013456,-0.0100873283,-0.0163611304,0.0071428120,-0.0129341081,0.0137627649,0.0234198715,0.0403447861,0.0065333071,-0.0228366102,0.0309350315,-0.0129346786,-0.0040683935,-0.0034819385,0.0121711930,0.0378440107
290.0000000000,0.0138726596,-0.0005048635,-0.0125754334,-0.0227487937,-0.0003160611,0.0076287271,-0.0070821417,-0.0016382699,0.0072552376,-0.0105968458,0.0096130479,-0.0116744820,-0.0072242695,-0.0038104449,-0.0114495892,0.0260114911,0.0071169883,-0.0040578684,0.0176664398,-0.0028012491,0.0077742589,0.0015252133,-0.0081249570,-0.0082768163,-0.0162480900,-0.0049308044,0.0149372033,-0.0074666572,-0.0064308535,0.0062289280,0.0025704632,-0.0103804535,0.0035846385,0.0009836950,-0.0221537218,0.0154356097,0.0052835676,-0.0289778190,-0.0006569996,0.0036396254,-0.0025526188,0.0085305621,-0.0122149650,0.0042795564,0.0030198418,-0.0021951684,-0.0006694472,-0.0034450987,-0.0028091650,0.0070878166,-0.0035462014,0.0073747989,-0.0053593014,0.0037979290,0.0240809607,-0.0150844438,0.0064689601,-0.0150776362,-0.0026245651,0.0007636453,0.0004838247,0.0169816071,0.0340009559
291.0000000000,-0.0185562143,0.0181877124,-0.0145187492,-0.0165913630,-0.0201098510,0.0166070216,0.0280295027,-0.0161858460,0.0075597852,0.0058442808,-0.0041470490,-0.0115834075,0.0202911525,0.0003253485,-0.0128053971,0.0272237869,0.0174123725,-0.0315946070,0.0109994568,0.0185031336,0.0182796189,-0.0110063888,-0.0247766903,-0.0036709039,0.0009534831,-0.0192057126,0.0062724268,-0.0067977590,0.0127405038,0.0427531877,0.0043897546,-0.0033457261,-0.0117604377,-0.0011888585,-0.0163609878,0.0106909785,0.0059279892,-0.0258521669,-0.0259722723,-0.0143870194,-0.0146407697,0.0104447861,0.0186968776,0.0081938333,-0.0208428672,-0.0000374256,-0.0094844125,0.0170105235,-0.0422209518,-0.0155447638,0.0023470282,0.0125418441,0.0032089817,0.0066665557,0.0365672526,-0.0047454437,-0.0092159620,0.0290928776,-0.0204412890,0.0096632844,-0.0164477078,0.0220216043,0.0278673653
292.0000000000,-0.0174825951,0.0083476040,-0.0073428179,-0.0016920630,-0.0124159838,0.0133685263,0.0165567809,-0.0165765446,0.0055276134,-0.0114172432,0.0200365495,-0.0295628330,-0.0126183836,-0.0055885668,0.0096567627,0.0305357074,0.0354649280,-0.0350971960,-0.0139282905,-0.0077394170,0.0191288090,-0.0055500318,-0.0142505086,-0.0144016615,0.0289645543,-0.0053728919,0.0046210339,0.0054226211,0.0104219586,0.0203854383,-0.0066623203,-0.0169868317,-0.0254923707,-0.0075522563,-0.0159015711,0.0249084989,0.0022825210,0.0018816818,-0.0425550676,-0.0065196237,0.0036179695,-0.0112540794,0.0310735595,-0.0002052443,0.0157486922,0.0005989082,0.0190953802,0.0081256226,0.0014343043,0.0056175230,0.0183548582,0.0060501919,0.0239369459,0.0190478610,0.0043558849,0.0089443902,-0.0165314862,0.0464142235,-0.0165657698,0.0210893765,0.0098633980,0.0227302366,0.0104076086
293.0000000000,-0.0000273318,0.0267899704,-0.0080286336,-0.0157886810,-0.0100293174,0.0087373221,-0.0117676652,0.0123976118,0.0174933346,-0.0175050947,0.0218132216,0.0008532448,0.0049876080,0.0007021413,-0.0142748401,0.0219540207,0.0197175258,-0.0033186504,0.0107137764,-0.0059017771,0.0149355036,-0.0161792949,-0.0250197204,-0.0236493145,0.0018876749,-0.0007799036,0.0157724857,0.0139767355,0.0026519802,0.0332951902,-0.0098531815,0.0241094963,-0.0088616062,-0.0074613957,0.0024476165,0.0294935539,0.0002365363,0.0023031088,-0.0130158139,-0.0052831398,-0.0107982473,-0.0157461558,0.0077135093,-0.0038968320,0.0010576107,0.0051032212,-0.0055091952,0.0180150657,-0.0150903760,0.0086580218,0.0068113537,0.0180189985,-0.0143564841,-0.0167918169,0.0159466323,-0.0106285245,-0.0227629766,0.0034692596,-0.0132116759,0.0157275408,-0.0014503659,0.0088969732,0.0368469587
294.0000000000,-0.0036952003,0.0123049815,-0.0111683161,-0.0025676006,-0.0248437406,0.0111649286,0.0072688364,-0.0160486965,-0.0004428253,-0.0128173321,0.0150762121,-0.0121825481,-0.0002337812,-0.0000004031,0.0084526605,0.0117945691,0.0054952713,-0.0152884440,0.0029160982,-0.0016755685,0.0034220218,0.0053217129,-0.0051069201,-0.0126274112,0.0089472308,-0.0004236763,0.0074759860,0.0038413092,0.0201016065,0.0143483403,-0.0111956097,-0.0016373976,0.0181401338,-0.0057145959,-0.0141245892,0.0325051862,0.0106744684,0.0081901495,0.0004636634,-0.0068596204,-0.0334938949,-0.0026390663,0.0269326381,0.0246504316,0.0197253499,0.0081053569,0.0085280060,-0.0115296554,-0.0288979670,0.0079690802,0.0014702037,0.0108189974,-0.0013336617,-0.0042118226,0.0085315123,-0.0137653990,-0.0029321412,0.0076706279,-0.0305065894,-0.0167377415,0.0077682334,-0.0169868428,0.0268736087
295.0000000000,-0.0050430891,0.0176236929,-0.0335017166,0.0167003077,-0.0071441647,0.0036724685,0.0183987424,-0.0130507304,-0.0058386588,-0.0020291765,0.0088167554,-0.0159920433,0.0133304791,0.0085545316,-0.0144649004,0.0180291700,0.0240485188,0.0101551585,0.0006173598,-0.0184964135,-0.0035976482,-0.0101181199,-0.0063683467,0.0007159151,-0.0060389328,-0.0150138860,0.0171705161,-0.0251896652,0.0223280107,0.0035786351,-0.0195643924,0.0104076039,-0.0017465010,0.0047476432,-0.0303681115,0.0147032912,0.0208404930,0.0258737831,-0.0037241319,0.0123218561,-0.0059194909,-0.0034400402,0.0247149887,0.0063045020,0.0126609436,0.0026934149,-0.0028333944,-0.0014556256,-0.0021962748,-0.0108748355,0.0075483799,-0.0009139930,0.0016066913,-0.0059137129,0.0191723337,-0.0043569464,-0.0038013772,0.0095927436,-0.0132718552,-0.0021692476,0.0099374694,0.0073074042,0.0108647849
296.0000000000,-0.0189769219,0.0196163987,-0.0286551389,-0.0045814626,-0.0234041113,0.0261428105,0.0059822155,0.0064443533,-0.0109779066,-0.0203463642,0.0336863848,-0.0279875652,0.0279460124,-0.0086123888,0.0164071296,0.0084900964,0.0122223142,-0.0249651048,0.0070892413,-0.0069232433,-0.0075777720,0.0122991896,-0.0138605495,-0.0148318210,0.0294084550,-0.0202242962,0.0148770164,-0.0177163627,0.0186485700,0.0365843436,0.0017618591,-0.0066882676,-0.0064393430,0.0039923905,0.0244020756,0.0206997077,0.0124692191,-0.0073411225,-0.0281401512,-0.0122154271,-0.0213977826,0.0112669882,0.0108213048,0.0026727588,-0.0081206940,-0.0027550157,0.0034110116,0.0076379452,-0.0286041676,-0.0131168390,0.0241309736,-0.0117176592,0.0171862994,-0.0026526473,0.0008950816,0.0013306587,-0.0070134949,0.0330591685,-0.0053870778,0.0246277462,-0.0057325028,0.0184706335,0.0205358557
297.0000000000,-0.0056268555,0.0180964038,0.0132282064,-0.0039452691,-0.0165347608,0.0001392801,0.0204698417,-0.0064214008,0.0219367480,-0.0188254016,-0.0009801091,0.0058337164,0.0095546030,-0.0047057908,0.0089925610,0.0170033393,0.0133057947,-0.0127868602,-0.0032203371,-0.0041195730,0.0115379744,0.0059226672,-0.0098230810,0.0029725146,0.0272834276,-0.0008072386,0.0066889544,-0.0262761909,0.0115508012,0.0325262749,-0.0192118811,-0.0142892541,-0.0118545804,-0.0112952101,0.0073025110,0.0067727590,0.0075545999,0.0022183388,-0.0501342915,-0.0020800755,-0.0185550467,0.0022837844,0.0042249679,0.0195000822,0.0003646846,0.0100851999,0.0082868392,0.0010288871,-0.0290022219,0.0007283783,0.0229265331,-0.0091144169,-0.0004252414,0.0007576001,0.0132062159,0.0098411837,0.0050767328,0.0204738868,-0.0365871694,0.0046862681,-0.0109595347,0.0059601959,0.0107263427
298.0000000000,0.0091555032,0.0222650805,-0.0163503611,0.0043869429,-0.0041926400,0.0119611925,-0.0132608727,-0.0019995587,0.0047683481,-0.0330599241,0.0234912635,0.0082860090,0.0165622335,-0.0003115120,0.0118959189,0.0149039733,0.0200038691,-0.0165593729,0.0015273132,-0.0058067634,-0.0014133629,0.0002408363,-0.0002707879,0.0014518699,0.0264471784,-0.0252801801,-0.0032444918,-0.0173707326,0.0257299672,0.0232665347,-0.0020741418,0.0051183471,-0.0082302677,-0.0096565025,0.0048203084,0.0192861719,0.0057212905,-0.0040093672,-0.0239438226,-0.0236055000,-0.0182036687,-0.0217695417,0.0029490881,0.0325293971,-0.0004161612,0.0120298001,-0.0127926835,0.0099487936,-0.0309435725,-0.0011219139,0.0107071043,-0.0026143074,0.0060830261,-0.0138310396,0.0417776113,0.0003889077,-0.0177384912,0.0037758301,-0.0230648020,0.0019559741,0.0084092514,0.0271086109,0.0271199218
299.0000000000,-0.0130450020,0.0090604655,-0.0043201605,-0.0041518315,-0.0091032235,-0.0021266574,0.0017990216,-0.0146297250,0.0063055924,-0.0181414559,0.0245567660,0.0069426073,0.0129390854,0.0198242239,0.0063076781,0.0267932315,0.0360420312,-0.0176433680,0.0103046454,-0.0124472348,-0.0186874261,-0.0195103942,-0.0316930927,-0.0145742158,0.0159848349,-0.0123547444,0.0316359730,0.0048385278,0.0034785911,0.0237209214,-0.0010544647,0.0333066233,-0.0195591834,-0.0015740241,0.0035557795,0.0152123889,0.0144350608,-0.0096146512,-0.0193722567,0.0043251251,-0.0133415940,0.0087473168,-0.0002932514,0.0008601697,0.0118059538,-0.0037398803,-0.0010327498,0.0106807516,-0.0249093834,-0.0086951216,0.0198783113,0.0279143345,0.0172054456,0.0106545926,0.0336608716,-0.0053831447,-0.0077086056,0.0028117888,-0.0269430275,-0.0167829901,0.0071064007,0.0080002774,0.0232597307
300.0000000000,0.0054104099,-0.0090854082,-0.0315311348,0.0064050375,-0.0028702562,-0.0175039448,0.0172826561,-0.0084627471,0.0027932755,-0.0209352248,0.0303209741,0.0089491591,0.0130034630,-0.0022779867,-0.0115038715,0.0104026618,0.0109387773,-0.0224260359,0.0134881389,0.0005254137,0.0186253533,-0.0212522364,0.0081214421,-0.0144666369,0.0199429760,0.0001844436,0.0118867502,-0.0151282661,0.0049415756,0.0190939466,0.0049818088,0.0156424472,-0.0186299592,0.0005736896,0.0120608817,0.0324002206,0.0142160415,0.0048035478,0.0046326564,-0.0100765798,-0.0233750100,0.0007638329,-0.0026642926,0.0024745660,0.0013734052,-0.0078772265,-0.0175984348,-0.0183674955,-0.0106879741,-0.0042606678,-0.0002352043,0.0008429425,0.0264151846,-0.0131410265,0.0038806706,0.0198725274,-0.0138057964,0.0323155956,-0.0364665787,0.0276209130,-0.0030083926,0.0411087203,0.0229311272
301.0000000000,0.0154520951,0.0043299849,0.0079478247,-0.0057378827,0.0045110367,0.0114643016,0.0165603654,-0.0222643544,-0.0003949740,-0.0097099894,0.0252977722,-0.0208721061,0.0211484268,0.0023670972,0.0225964834,0.0367698593,0.0239067689,-0.0315739874,0.0021269946,-0.0159179099,0.0092502987,0.0041311933,-0.0087981237,-0.0069518450,-0.0129256937,-0.0119720113,0.0017639400,-0.0198888149,0.0201119811,0.0227236040,-0.0157631399,-0.0052947022,-0.0082083843,0.0063343037,-0.0049415607,0.0382461135,0.0147672194,0.0030795390,-0.0324084770,-0.0035477036,-0.0317542103,-0.0016535703,-0.0144722074,0.0249674205,0.0058262261,0.0200800244,-0.0141966294,-0.0135761456,-0.0091482352,-0.0133777759,-0.0040333076,-0.0030063177,0.0264836500,0.0002724964,0.0176780167,0.0306541522,0.0171610849,0.0382693719,-0.0323103987,0.0139283831,0.0264191815,-0.0012709501,0.0213644202
302.0000000000,-0.0114590059,0.0040034632,-0.0225687107,-0.0106807937,0.0065096284,0.0043625244,-0.0033161256,-0.0070100505,0.0184838816,-0.0172855089,0.0079372784,-0.0381352587,0.0208760518,0.0250590853,0.0061435693,0.0185907046,0.0190367073,-0.0031615212,0.0146229700,0.0261052784,0.0227005198,-0.0060622340,-0.0257513473,-0.0223177137,0.0098023872,0.0103167039,0.0125377336,0.0000316481,-0.0013351570,0.0228531229,-0.0127576194,0.0194992364,-0.0409377444,0.0131419130,-0.0037351123,0.0322242236,0.0277575132,0.0039890968,-0.0019150299,-0.0106007514,-0.0320365882,-0.0108924424,-0.0027114811,0.0194364266,-0.0202363262,-0.0040610005,0.0189039941,0.0166127814,-0.0024437165,0.0010371582,0.0053080966,0.0121786686,-0.0029743839,-0.0136940651,0.0354258926,-0.0079367767,-0.0124961545,0.0543514711,-0.0090252657,0.0010246413,-0.0007708102,-0.0043712616,0.0026130794
303.0000000000,-0.0101136337,0.0028833331,-0.0367569506,-0.0001983136,-0.0119172809,0.0130044493,0.0167777801,-0.0024974356,-0.0052001722,0.0067078881,0.0118431391,-0.0020426408,0.0065801967,0.0018726956,0.0090068405,0.0326462685,0.0215215265,-0.0072615080,0.0006486536,0.0009273519,0.0075895818,0.0033052796,-0.0045276156,-0.0230743053,0.0081017743,-0.0181481447,0.0149301454,-0.0154663624,0.0013217093,0.0084002151,-0.0078474484,-0.0005977144,-0.0208749646,-0.0021865192,-0.0074312094,0.0172685891,-0.0004778351,0.0087011749,-0.0022219308,0.0253667431,-0.0292146068,0.0087768774,0.0130029482,0.0048838293,0.0133821483,-0.0024759113,-0.0085841893,-0.0003242163,-0.0148183253,-0.0154381990,0.0218750155,-0.0128045330,0.0346659530,0.0022797017,0.0081671484,0.0282662758,-0.0064661416,0.0285484306,-0.0190742550,0.0047111191,0.0087749494,0.0139474701,0.0122732532
304.0000000000,-0.0172873405,0.0151465906,-0.0012609239,-0.0069883977,0.0135242919,0.0085305209,0.0211720263,0.0052304967,0.0033375709,-0.0156048197,-0.0041119706,-0.0167582117,0.0204354878,0.0005727949,-0.0048860377,0.0133400822,0.0112444955,-0.0191880224,-0.0045362176,0.0109491887,-0.0013657563,-0.0002749496,-0.0354509405,-0.0031501581,0.0097083347,-0.0136514068,0.0235689299,-0.0140621114,0.0036755877,0.0226429110,0.0059618851,0.0054369894,0.0002626332,0.0067477947,0.0004272573,0.0186073451,-0.0032476526,-0.0322562584,0.0095800967,-0.0202725673,-0.0110728402,0.0046635052,0.0066067068,0.0142127287,-0.0026225436,-0.0027276426,0.0229068422,0.0164070985,-0.0323611258,-0.0088332559,0.0141382429,-0.0232977944,0.0166770414,0.0099450970,0.0086965318,0.0127007724,-0.0032878222,0.0305721818,-0.0136298767,0.0324374459,-0.0019267056,0.0216515006,0.0239791128
305.0000000000,0.0179775840,-0.0054243955,-0.0170586395,-0.0180819175,-0.0144526899,0.0018710837,0.0000546146,-0.0078641374,-0.0073130696,-0.0206525437,0.0266504314,-0.0016706860,-0.0032510668,-0.0059295339,-0.0021688147,0.0300132879,0.0122326343,0.0029541226,0.0002847435,-0.0170173951,-0.0133030182,0.0051168702,0.0000318929,-0.0290522133,0.0196904749,-0.0201662713,0.0263845392,0.0059267218,0.0093520458,-0.0047075881,-0.0035572538,0.0046097626,0.0071433959,-0.0175472295,-0.0169931817,0.0195241103,0.0003239318,0.0048851168,-0.0267181804,-0.0244423307,-0.0137370106,-0.0218534119,0.0044309297,0.0208425785,-0.0016867506,-0.0174237065,-0.0088353119,-0.0312915039,-0.0300999511,-0.0086434144,0.0178296015,-0.0038527793,0.0019155473,0.0017878497,0.0105469119,0.0140259593,0.0085992774,0.0351310375,-0.0189117452,-0.0030359096,0.0020712804,0.0014907899,0.0262950810
306.0000000000,-0.0094126094,0.0059254409,-0.0140965253,-0.0034692139,0.0104149277,0.0215113101,-0.0056319706,0.0151677075,0.0246769819,-0.0063764916,0.0104267225,-0.0062957893,0.0013487765,0.0078116114,0.0253730041,0.0077392125,0.0052545695,-0.0106598913,0.0167275014,-0.0074609882,0.0064267628,-0.0147860380,-0.0227815484,-0.0138894971,-0.0042242382,0.0044375520,0.0036680133,-0.0005597094,0.0112434270,0.0117524261,-0.0340763322,-0.0014006881,-0.0077239262,-0.0149243605,0.0006556318,0.0117922908,0.0066778112,-0.0089621419,-0.0272387748,-0.0075672056,-0.0090663449,-0.0045892780,0.0172549506,0.0109148315,-0.0092835616,0.0051930175,0.0125135599,-0.0055936949,-0.0338065161,0.0036260011,0.0133088528,-0.0182010729,0.0047931090,0.0194726465,0.0215249280,0.0067087757,-0.0311083217,0.0377498694,-0.0190833219,0.0182414031,0.0076686489,0.0108694256,0.0059104012
307.0000000000,-0.0094380458,0.0094010480,-0.0034886461,-0.0090516690,-0.0024316896,0.0081251286,-0.0037172880,-0.0200633260,0.0275763976,0.0107912687,0.0028173393,0.0056892154,0.0138139390,-0.0055133548,-0.0100274731,0.0254216010,0.0144622866,-0.0241974113,-0.0199891493,-0.0295456067,0.0030153854,0.0221272149,0.0044831109,-0.0072712175,0.0032371714,0.0040787824,0.0213965319,-0.0094523515,0.0369706345,0.0086858434,-0.0047923330,-0.0031703310,-0.0163937611,0.0097073236,-0.0168613795,0.0218487163,0.0217772952,-0.0180898415,-0.0215059846,-0.0045045773,-0.0135084303,-0.0009447398,0.0226885322,0.0247628394,-0.0096642687,0.0020947899,0.0059723545,0.0069046867,-0.0264077622,-0.0121546775,0.0056594800,-0.0060307078,0.0136423531,-0.0094928744,0.0016880906,0.0158662880,0.0102687277,0.0276790503,-0.0228446840,0.0193959594,-0.0181657828,0.0040998794,0.0144118206
308.0000000000,-0.0222844338,0.0171126238,0.0028096814,-0.0036231511,-0.0051507257,0.0009119852,0.0015344006,0.0132437778,-0.0044037656,0.0146096526,0.0096375928,-0.0212879698,0.0021732463,-0.0170708419,0.0124088020,0.0349400314,0.0279628426,-0.0377044406,-0.0007998121,0.0252534638,0.0096093809,-0.0196325560,-0.0015247125,-0.0208850733,0.0221245109,-0.0095071401,0.0045004640,-0.0169604601,-0.0087283774,-0.0340603598,-0.0085326381,0.0142522378,-0.0207958105,-0.0022327490,0.0072706688,0.0264788452,0.0000857038,0.0055534063,-0.0309051626,-0.0013518705,0.0027509476,0.0003665587,0.0235290726,0.0139532951,-0.0131755891,0.0148566813,0.0078185759,0.0028382112,-0.0215147948,-0.0109495862,0.0016585659,0.0075453945,0.0075629933,-0.0072309768,0.0128425486,0.0036839444,-0.0223983734,0.0350183933,-0.0336922494,0.0051930432,-0.0226354042,0.0023154993,0.0001167843
309.0000000000,-0.0234635416,0.0133691757,-0.0318147916,-0.0082603171,-0.0205003308,0.0124306876,-0.0025780561,-0.0197755496,-0.0128160926,-0.0289841883,0.0029733189,-0.0426178389,0.0130317943,-0.0097391692,-0.0004205230,0.0494060837,-0.0001900254,-0.0203073451,0.0055853565,-0.0132291330,0.0029275525,0.0056469897,-0.0166002209,-0.0146464749,0.0103595049,-0.0150896122,0.0105463901,-0.0149537858,0.0090825574,0.0238472987,0.0107073454,-0.0008597107,-0.0092698626,-0.0093855329,0.0108917482,-0.0043819423,0.0287758956,-0.0096994499,-0.0135349632,0.0114035853,-0.0285622096,0.0053449527,0.0295630787,0.0162927400,-0.0034401929,-0.0006334634,-0.0019891285,0.0083265101,-0.0297935506,-0.0126484552,0.0022997305,0.0112114333,0.0349497454,0.0135289379,0.0283916169,0.0218777552,-0.0339100571,0.0499873980,-0.0097942010,0.0020110025,0.0116200748,0.0226056196,0.0309415162
310.0000000000,-0.0043262824,0.0182868376,0.0009089186,-0.0199269656,0.0072009740,-0.0078739923,0.0084285762,0.0042635030,0.0193630748,0.0049080356,0.0081797427,0.0006292613,0.0060523968,0.0015269215,0.0012613066,0.0353952404,0.0074028189,-0.0278646784,0.0114537565,0.0014067014,0.0077297336,-0.0138734259,-0.0029380594,-0.0093424522,0.0085477856,-0.0107143257,-0.0019704550,0.0017429871,0.0061481351,0.0069779178,-0.0213612632,0.0027568642,-0.0151433493,0.0092068473,0.0029068810,0.0138261451,0.0065114626,-0.0137584176,-0.0176128180,-0.0093873670,-0.0312825223,0.0058699304,0.0088746050,-0.0112765807,-0.0059755621,-0.0071318328,-0.0042423526,0.0074808802,-0.0252934401,0.0369499327,0.0079663227,-0.0095023640,0.0025078986,0.0004818535,0.0162607972,0.0132308479,-0.0046766917,0.0463049028,-0.0142872228,0.0032221677,0.0171973358,-0.0125597745,0.0099665835
311.0000000000,-0.0099380311,-0.0142609938,-0.0059825034,-0.0102918435,-0.0165713539,0.0139319600,0.0102251325,-0.0063351542,0.0049404723,-0.0059650126,0.0109546149,-0.0206286902,0.0226805175,0.0032962502,-0.0078474074,0.0166210339,0.0041947966,-0.0212054887,0.0139023419,-0.0148472761,-0.0142317552,-0.0127387047,0.0026568760,-0.0084809334,0.0072870165,-0.0269884446,0.0165923977,-0.0113007092,-0.0057438501,0.0353761329,0.0085992079,0.0085925178,-0.0148426755,-0.0200041696,-0.0226136356,0.0244059210,-0.0006045977,-0.0097341562,-0.0108355122,-0.0040447633,-0.0170447793,0.0090828671,0.0302423208,0.0022364459,0.0016092920,0.0215832596,-0.0035198027,-0.0124356210,-0.0121670144,0.0102635230,0.0347261966,-0.0081085378,0.0137041434,-0.0032762830,0.0152185889,0.0097100405,0.0005698912,0.0180071044,-0.0004813808,0.0179484240,0.0094756994,0.0065176538,0.0091483877
312.0000000000,-0.0115784824,0.0316969359,-0.0127283978,0.0019778755,-0.0110902184,-0.0135493508,0.0036295946,-0.0175352537,-0.0015072235,0.0078409791,-0.0026334972,-0.0183685736,0.0095091079,-0.0027883519,-0.0071495140,0.0163173852,0.0231453185,-0.0148602428,0.0195674781,0.0218062891,0.0062122578,0.0009107040,-0.0153905542,-0.0129067120,0.0049694443,-0.0189031246,0.0016958329,-0.0010967949,0.0138781350,0.0055384160,0.0064174873,0.0172092075,-0.0051535166,0.0087117425,-0.0075347095,0.0316268043,0.0013487857,0.0029399799,-0.0317123401,0.0100683765,-0.0238639167,-0.0239008339,0.0003301522,0.0195965012,0.0071493140,-0.0140708475,0.0192912892,-0.0081535927,-0.0082533686,0.0056847590,0.0087813438,-0.0099952607,-0.0103075428,-0.0062165168,0.0119609303,-0.0088378442,-0.0313214677,0.0286250781,-0.0142982884,0.0083245896,-0.0129200108,-0.0057700443,0.0282164103
313.0000000000,-0.0228971968,0.0190380974,-0.0357880286,-0.0060936544,0.0144401630,0.0080201630,0.0222616299,-0.0098619168,0.0165298378,0.0019406350,-0.0000193272,-0.0123005288,-0.0030552923,-0.0263272292,0.0140180506,0.0194224851,0.0266573710,-0.0411041078,0.0244423516,0.0102870328,0.0201755920,-0.0049464433,0.0053043107,-0.0244248597,0.0075580379,-0.0280721918,0.0109418737,-0.0165704079,0.0517116662,0.0421020512,-0.0086211749,0.0067877901,-0.0211924174,0.0250725129,-0.0047655589,0.0171980972,0.0077542840,-0.0029605003,-0.0115680905,-0.0180709808,-0.0438414199,-0.0150495249,0.0148903388,0.0204866338,-0.0156868050,0.0125439550,0.0038237493,0.0008455503,-0.0370505770,-0.0062297624,0.0234954812,-0.0008949462,0.0242549675,0.0059553202,0.0527883403,0.0190527835,0.0029813132,0.0443033788,-0.0220621080,0.0287062935,0.0337753366,0.0182845976,0.0318636835
314.0000000000,-0.0199809937,0.0121826166,-0.0182415441,-0.0109093726,0.0008709067,0.0157553926,0.0195572153,0.0137074763,-0.0007424951,-0.0170618542,0.0118597416,-0.0334836835,0.0076316662,0.0024918796,0.0100278549,0.0406529582,-0.0074696607,-0.0371828853,0.0198762792,-0.0016119154,0.0072773738,-0.0179263042,-0.0043936928,-0.0311883146,-0.0010597440,-0.0077066634,0.0055647982,-0.0226173421,-0.0052256865,0.0168744455,-0.0133752965,-0.0306068623,-0.0202016604,-0.0104026227,-0.0185847455,0.0185797217,0.0209577628,-0.0058320184,-0.0193929710,-0.0094406356,-0.0525846629,-0.0158464814,0.0050593003,0.0005522941,-0.0108245259,0.0090167273,0.0025957268,-0.0101760705,-0.0364371012,-0.0178519542,0.0094208422,-0.0101954081,0.0197831180,-0.0029258457,0.0246765737,-0.0120066413,-0.0029855651,0.0207890381,-0.0251834517,-0.0040900955,-0.0006875398,0.0129346362,0.0104038960
315.0000000000,0.0010735466,0.0232588803,-0.0196121400,-0.0238941378,-0.0057142147,0.0005166936,0.0120258213,0.0135695284,-0.0025203004,-0.0106082361,0.0325430782,-0.0245727224,0.0200344694,-0.0261847585,0.0110990088,0.0385122618,0.0086273473,-0.0098169214,0.0214911103,0.0108082654,-0.0055601156,0.0170838546,-0.0266541891,-0.0064252922,0.0199583056,-0.0030316353,0.0008761706,-0.0021453059,0.0360942564,0.0138966593,0.0019113450,-0.0159647708,-0.0205155262,-0.0022376452,-0.0101700533,0.0205948520,0.0164538027,-0.0007366521,-0.0261263125,-0.0155920286,-0.0483444111,-0.0093781758,0.0218181248,0.0126554154,0.0124792919,0.0130583393,0.0109234819,-0.0014158426,-0.0272365773,0.0120894799,0.0296128119,0.0099320087,0.0190800765,0.0102506514,0.0284488221,0.0325640975,-0.0213101782,0.0224658118,-0.0163746627,0.0030916873,0.0092472799,0.0397749901,0.0246335189
316.0000000000,-0.0023745209,0.0041505596,0.0055994221,0.0018939840,-0.0024988639,0.0039566221,0.0218935115,0.0008504476,-0.0020161751,0.0048123263,0.0312152029,-0.0171694884,0.0103005090,-0.0152406507,0.0049491990,0.0203113046,0.0036733019,-0.0063140883,-0.0055164328,-0.0126930632,-0.0039873442,0.0031089374,0.0025573710,0.0066684434,0.0160171979,0.0025449407,0.0000475363,0.0188377196,0.0062263948,0.0026144484,-0.0243633221,0.0179928371,-0.0065253850,0.0025038659,0.0213857821,0.0133474136,0.0221922164,-0.0128211450,0.0242416397,0.0001915058,-0.0125359068,0.0147792330,0.0119441505,0.0016513628,-0.0076182295,0.0049688279,0.0014058965,0.0093182730,-0.0335398168,-0.0092683323,0.0062165303,-0.0100535309,0.0107338635,0.0033401144,0.0330568759,0.0079016806,-0.0030488186,0.0299529122,-0.0009973091,0.0109983682,-0.0167002861,0.0204892765,-0.0136556134
317.0000000000,0.0155367927,0.0352807999,-0.0241696496,0.0015038508,-0.0253156593,0.0079485612,0.0081909461,-0.0007336798,-0.0069319568,-0.0250784230,0.0377382043,-0.0242273116,-0.0019305576,-0.0097366922,-0.0007489865,0.0112969908,0.0185667573,-0.0082635432,0.0090901839,0.0006586274,0.0181055535,-0.0112583577,-0.0300592957,-0.0351284740,0.0203083945,-0.0263766529,0.0002675850,-0.0181655627,0.0174660572,0.0136426437,0.0123903453,0.0082894243,0.0115900845,0.0125262847,0.0080817735,0.0293799820,0.0216450197,-0.0399034392,-0.0097558014,-0.0297977578,-0.0036287220,-0.0087449911,0.0163758219,0.0126054519,-0.0080788678,-0.0061129775,-0.0267703556,-0.0071977671,-0.0361481686,-0.0181825209,0.0028549379,-0.0234565273,0.0440763599,0.0052993799,0.0098493947,-0.0091038197,-0.0248315237,0.0078107754,-0.0319495534,0.0286238988,0.0009635332,0.0168022781,0.0147298808
318.0000000000,-0.0365937443,0.0381106016,-0.0164256539,0.0001359982,-0.0188098643,0.0255930232,0.0292463543,-0.0163830011,0.0028936650,-0.0272337738,0.0293144864,-0.0166514198,0.0007757969,-0.0105446287,0.0032453791,0.0356110147,0.0159863574,-0.0223492529,0.0110957050,-0.0037690414,-0.0164665092,0.0197646450,-0.0263457023,-0.0212070660,0.0233535042,-0.0015980341,0.0248893310,-0.0114613346,0.0321412005,0.0441674067,0.0017882017,-0.0052546746,-0.0201333474,-0.0061629697,0.0035467764,0.0078653717,0.0188456756,-0.0068499635,-0.0277563489,0.0088964980,-0.0334290291,-0.0005059459,0.0142007864,0.0441710932,0.0033269907,-0.0107318335,-0.0018501144,0.0003358977,-0.0337565800,-0.0225444493,0.0209128691,0.0034682742,0.0042933874,-0.0184512784,0.0398782657,0.0202371673,-0.0047690900,0.0442357377,-0.0140564221,0.0110320507,0.0127971746,0.0107304398,0.0258983274
319.0000000000,0.0060443907,0.0074735657,-0.0172878586,-0.0071895115,0.0027003734,0.0023629338,0.0087571293,0.0073353597,0.0067568376,-0.0232800862,0.0185675699,-0.0184480953,0.0130645795,0.0052603351,0.0156719411,0.0177775519,-0.0066461115,-0.0185551624,0.0024764983,-0.0001525752,-0.0122998791,-0.0136012678,-0.0133597903,-0.0287693429,0.0058514843,-0.0243790887,0.0070423573,-0.0219574755,0.0125988934,0.0141167565,-0.0311801506,0.0050658258,-0.0076647654,0.0064607868,0.0074841292,0.0456158355,0.0026687641,0.0082540592,-0.0194698839,0.0065551326,-0.0143977018,-0.0037281114,0.0107087610,0.0058404886,0.0132658503,-0.0086222167,-0.0030840065,0.0042350656,-0.0151554157,0.0176529218,0.0071348277,0.0037826497,0.0133749064,0.0068368616,0.0011944079,0.0005805232,-0.0195472703,0.0388814716,-0.0064922021,0.0184139502,-0.0125545539,0.0097150395,0.0105498466
320.0000000000,-0.0099426498,0.0066862667,-0.0162145637,-0.0083101788,-0.0134791839,-0.0009063997,-0.0023704171,-0.0037566884,0.0197513121,-0.0121223034,-0.0054058530,0.0004254469,-0.0049647378,-0.0173835258,0.0012537277,0.0253284245,0.0202451200,-0.0122333753,0.0049965794,-0.0189464436,-0.0094782482,-0.0065214574,-0.0229480325,-0.0203687394,0.0124225232,-0.0144855434,0.0022369801,-0.0026245568,0.0228426461,0.0418221340,-0.0148813756,0.0117975597,-0.0136669555,0.0041752874,0.0100267355,0.0140879362,-0.0005578788,-0.0031002507,-0.0276897496,-0.0203440977,-0.0241817656,-0.0050834349,-0.0091779860,0.0051023437,-0.0262471803,0.0021249599,-0.0114303398,0.0025730565,-0.0581216398,0.0061356886,0.0143678009,-0.0063144733,0.0173653548,0.0091732657,0.0411334391,0.0165467237,0.0067268535,0.0505736351,-0.0320769917,0.0034466478,0.0119881471,0.0075397120,0.0027007942
321.0000000000,0.0054414296,0.0179276795,-0.0150013923,0.0249882382,-0.0066819896,0.0195115555,0.0000515998,-0.0107841934,-0.0017565145,-0.0241447318,0.0212050486,-0.0048800703,0.0164839174,-0.0082555382,-0.0023708758,0.0159838434,0.0331150060,-0.0226415024,-0.0056001927,-0.0171964024,0.0381552132,-0.0057475333,-0.0258314877,0.0053368686,0.0102714352,-0.0009122268,0.0089640133,-0.0067716918,-0.0013814532,0.0122421050,-0.0018154414,-0.0099076028,0.0063501481,-0.0080893453,-0.0036838292,0.0439347143,0.0162158953,0.0050109665,0.0027519666,0.0143529418,-0.0232896044,-0.0110353670,-0.0090433378,0.0068960542,0.0141872240,0.0139300709,-0.0101895279,-0.0112266047,-0.0037043134,0.0221677763,0.0184069463,-0.0051396096,0.0006320024,0.0073303011,0.0307488489,-0.0172509029,0.0004079790,0.0337834482,-0.0024752958,0.0106827017,0.0327582753,0.0065357945,0.0398755871
322.0000000000,-0.0227724475,0.0315830344,0.0023792835,0.0132192911,-0.0130307623,0.0155767467,-0.0025572705,-0.0020875916,0.0270875476,0.0105276516,-0.0019563271,-0.0077389630,0.0243477554,0.0338047205,-0.0063010678,0.0318179835,0.0312194678,-0.0466142244,-0.0068663205,-0.0072023346,-0.0105669617,-0.0124241975,-0.0062879859,-0.0256983763,0.0354662908,-0.0315945866,0.0248341133,-0.0052309575,0.0110803095,0.0625202901,0.0016187020,0.0039647699,-0.0023310130,0.0166838917,-0.0000970314,0.0280998207,0.0148551760,-0.0255198481,-0.0322932496,-0.0142731546,-0.0221824752,0.0018168336,0.0359408588,0.0156269043,0.0022037272,0.0252753777,-0.0211817369,0.0091066343,-0.0380101031,-0.0066315565,0.0160014574,0.0068199474,0.0124975454,-0.0191381027,0.0299982952,0.0212400540,-0.0094991780,0.0308615180,-0.0331739476,0.0108821355,-0.0043153246,0.0192490837,0.0168933012
323.0000000000,-0.0095795411,0.0220526734,-0.0067464799,0.0079048146,-0.0277648053,0.0037942327,0.0139354361,-0.0123885340,0.0008009380,-0.0138662327,0.0231550342,-0.0344509439,0.0321572879,-0.0237612423,-0.0084457106,0.0273485064,-0.0040333548,-0.0132571768,0.0195037764,0.0138590571,0.0075568694,-0.0035197061,-0.0065279686,-0.0150829004,0.0243724894,-0.0292156853,0.0396970229,-0.0173449899,0.0332105280,0.0471786572,0.0029171078,0.0050325633,-0.0181030754,0.0064552167,-0.0002966349,0.0322039879,0.0169960277,0.0011463951,-0.0370819846,-0.0075008776,-0.0114672161,0.0065058176,0.0288192082,0.0071988837,-0.0116070686,-0.0070904091,-0.0128315676,-0.0042174611,-0.0234680428,-0.0216819939,0.0185329450,0.0195957728,0.0156740308,0.0048162868,0.0443965680,0.0256993488,-0.0157423384,0.0548583520,-0.0456094413,0.0069924091,0.0068927602,0.0285029183,0.0251572099
324.0000000000,-0.0003364232,0.0306411246,-0.0030063991,0.0210192615,-0.0023053362,0.0242165577,0.0157782292,-0.0070569310,0.0140228253,-0.0242568407,0.0007523560,-0.0122348781,0.0017899712,-0.0245927915,-0.0072396040,0.0111721459,0.0154600418,-0.0179843106,0.0015558400,0.0026904726,-0.0109760143,-0.0248154075,-0.0224226302,-0.0237796151,0.0101611632,-0.0195577555,-0.0074080621,-0.0116849690,0.0255838291,0.0198096430,-0.0014081075,0.0011555189,-0.0054853163,0.0212995046,0.0160594526,-0.0117863707,0.0250079501,-0.0035810633,-0.0225630495,0.0235382040,-0.0225186993,0.0171704139,0.0230185165,0.0065413623,-0.0062758220,-0.0006357465,-0.0000571356,0.0046810891,-0.0502711156,-0.0237649334,0.0252444674,-0.0120985484,0.0051595064,0.0059260155,-0.0002931831,0.0233329455,-0.0128836086,0.0284444140,-0.0007194032,-0.0012658386,0.0077074776,0.0299419746,0.0197260361
325.0000000000,-0.0134584822,0.0015639652,-0.0179703177,-0.0218369178,-0.0201056216,-0.0134398882,0.0065167695,-0.0124904053,-0.0082192390,-0.0251679968,-0.0143827107,-0.0097667449,0.0190255692,0.0006357202,-0.0045502555,0.0176481842,0.0092519084,0.0078685333,0.0010123445,0.0369985997,-0.0049348464,-0.0004735188,-0.0052446206,-0.0152290478,-0.0010170113,-0.0247457357,-0.0075959379,-0.0034650000,0.0088040783,0.0208398956,-0.0025674146,-0.0000978283,-0.0123835742,0.0106866447,0.0082154053,0.0214554499,-0.0289833678,-0.0022788471,-0.0198657784,-0.0159877607,-0.0028435535,0.0146292286,0.0097954985,0.0024051246,-0.0129182605,0.0056642170,-0.0183266165,0.0178477152,-0.0315934648,-0.0207434669,0.0034781389,-0.0056371950,0.0220612487,-0.0056698951,0.0106368397,0.0020224038,-0.0101207044,0.0348646168,-0.0032467738,0.0141426268,-0.0190335390,0.0135597407,0.0058632859
326.0000000000,-0.0230832818,0.0169057884,-0.0124448045,0.0142456794,0.0097335703,0.0118344096,0.0061467692,-0.0054253203,-0.0019167172,-0.0203160177,0.0100359006,-0.0256418097,0.0181836754,-0.0246640542,0.0080863310,0.0182609932,0.0162641005,-0.0366713589,-0.0086651677,0.0151363985,0.0054648166,0.0092959933,-0.0325532999,-0.0339537777,0.0339143158,-0.0252888173,0.0246693996,-0.0033581026,0.0221559115,0.0112087169,-0.0137286371,-0.0034895943,-0.0059172147,-0.0049117354,-0.0128776446,0.0256631608,0.0342103355,-0.0137239606,-0.0411026893,-0.0146795466,-0.0335264854,0.0161102231,-0.0031783328,0.0303704516,-0.0217604914,0.0150999535,-0.0086485936,0.0151049672,-0.0358350086,-0.0103688404,0.0169984154,0.0028419265,0.0285468354,0.0015233023,0.0436646883,0.0208075602,-0.0171915284,0.0144548157,-0.0166699377,0.0104425468,0.0278335548,0.0115441872,0.0429415576
327.0000000000,-0.0274901949,0.0334830407,-0.0107085566,0.0050093251,0.0034628801,0.0258466375,0.0190400854,0.0111126611,0.0239092188,0.0021394916,0.0278348760,-0.0189769607,0.0005633152,0.0084832259,0.0089234184,0.0210297185,0.0081614972,-0.0253009163,0.0065819908,-0.0094721551,0.0221246575,-0.0119013434,-0.0080768111,-0.0378730924,0.0013554795,-0.0130669766,0.0212387222,-0.0251542248,0.0181792780,0.0469843041,-0.0068201186,0.0045423451,-0.0192144582,-0.0072197004,-0.0050029216,0.0471259452,0.0061412825,-0.0087172395,-0.0388925986,-0.0358227473,-0.0535513834,-0.0036191666,0.0041401796,0.0272891352,-0.0017502962,0.0105065671,-0.0271323997,-0.0002941446,-0.0280611923,0.0034149279,0.0268751519,-0.0044924442,0.0377728178,-0.0081972236,0.0097540470,0.0058482487,0.0048861531,0.0199950876,-0.0204184874,0.0182401175,0.0300911608,0.0067602871,0.0191912830
328.0000000000,-0.0202993502,0.0166102629,-0.0124888871,-0.0045460167,0.0096178870,0.0236782164,0.0116051198,-0.0298232558,0.0168271988,-0.0076258873,0.0200524476,-0.0194415303,0.0381500919,0.0021360602,0.0055873208,0.0214345999,0.0005355516,-0.0144622380,-0.0020567942,-0.0102226662,-0.0107124027,-0.0136885183,-0.0147525452,-0.0330157116,0.0110088516,0.0121134132,0.0115175549,-0.0038777193,0.0241308526,0.0137165691,-0.0128013721,-0.0157338714,-0.0147759791,-0.0060757333,-0.0015936667,0.0101436700,0.0138951845,-0.0020362083,-0.0078785480,-0.0227293097,-0.0013427871,-0.0008376555,-0.0051910569,-0.0013029432,0.0068042706,0.0020003941,-0.0148652708,0.0140426511,-0.0189999791,-0.0159446050,0.0144316075,-0.0077028307,-0.0009257406,-0.0058538269,0.0092347235,0.0068275529,-0.0168897511,0.0075702829,-0.0218465026,0.0342849151,-0.0024001967,0.0048846195,0.0089396974
329.0000000000,0.0015425452,0.0151567986,-0.0000740798,0.0108562313,0.0091846613,0.0220182226,-0.0023736506,-0.0125605735,0.0000495458,0.0074992115,0.0188580485,-0.0151979218,0.0205593245,-0.0103960910,0.0022206257,0.0237797546,0.0132452734,-0.0309391823,-0.0044527836,-0.0094342837,0.0358003077,-0.0268339521,-0.0276486715,-0.0023993032,-0.0038209888,-0.0191683558,0.0293900798,-0.0184726307,0.0163106846,0.0213954791,0.0055629956,-0.0076415819,0.0057382507,-0.0018743244,-0.0249814687,0.0091374196,0.0059271031,-0.0132191075,-0.0129538104,-0.0015106441,-0.0178558675,0.0189756626,0.0228201212,0.0174610196,-0.0079402083,-0.0091500636,0.0079032593,-0.0083041789,-0.0190339821,-0.0258388440,0.0017943344,0.0088325993,0.0044357999,-0.0019442395,0.0177898053,0.0005350339,-0.0114421882,0.0213618849,-0.0265318785,0.0285767603,-0.0322428438,0.0084344004,0.0155436696
330.0000000000,-0.0003225462,-0.0001303742,-0.0061807417,-0.0082030466,-0.0000119740,0.0091267973,0.0187209476,-0.0094891710,-0.0028102324,-0.0075070541,0.0133809548,-0.0170775276,-0.0029242487,-0.0103628393,0.0077549342,0.0189035443,0.0191165100,-0.0277160050,0.0100082133,0.0128200924,0.0155049803,-0.0173527743,-0.0207397813,-0.0179420736,0.0196171237,-0.0008708763,0.0119195218,0.0223723360,0.0151201088,0.0241510912,-0.0263119218,0.0205855504,0.0088469729,-0.0164256396,0.0007606643,0.0328772970,-0.0048860564,-0.0028110580,-0.0038923321,0.0175275056,-0.0466907616,0.0052729669,0.0127703118,-0.0056128702,-0.0152320815,0.0152576430,-0.0157673763,0.0059723675,-0.0289429750,-0.0014940880,-0.0113315017,-0.0077875570,0.0167159006,0.0126734763,0.0142043624,-0.0115154382,0.0070113649,0.0412157510,-0.0091973307,0.0152958544,-0.0027167466,0.0380067283,0.0113458398
331.0000000000,0.0015707706,-0.0066621406,0.0112764147,-0.0040971944,-0.0265932532,-0.0022926086,0.0083412029,-0.0041092292,-0.0177205661,-0.0188245936,0.0101827301,0.0172590605,0.0000718979,-0.0041264577,0.0077940030,0.0038546555,0.0186474222,-0.0161861269,-0.0050787470,-0.0166478880,0.0192349989,-0.0185458639,0.0010031222,-0.0231703873,0.0068884304,0.0001311213,0.0083031434,-0.0271443618,0.0373085370,0.0284679865,0.0109494557,-0.0129971537,0.0013991598,-0.0164911820,-0.0164036864,0.0047391469,0.0189753361,-0.0097638352,-0.0058579158,0.0033741776,-0.0046740388,0.0086551557,0.0272784886,0.0250373468,-0.0124204809,-0.0030105221,0.0015773961,-0.0002006840,0.0018685270,-0.0410308248,-0.0027817160,0.0010064469,0.0179087820,0.0119248626,-0.0120795591,-0.0034996323,-0.0265147054,0.0028005120,0.0078152423,-0.0192483879,-0.0063084803,0.0009495345,-0.0065073706
332.0000000000,-0.0089655347,0.0215148254,-0.0190209151,-0.0181754942,-0.0038502692,0.0114430523,-0.0105794564,-0.0146927791,0.0214521665,-0.0013852455,0.0062599486,0.0013970677,0.0200450258,-0.0239004838,0.0194027881,0.0127375493,0.0015297805,-0.0020754009,-0.0127632735,-0.0060698624,-0.0211617130,-0.0008239070,-0.0413963834,-0.0282172742,0.0128609177,0.0122881501,-0.0179220471,0.0028747019,-0.0130161207,0.0129061349,-0.0102538997,-0.0161479745,-0.0047736079,-0.0084577735,0.0062965872,0.0204410320,-0.0005000779,0.0186612428,-0.0277170412,0.0196552460,-0.0242828109,-0.0200356117,0.0264031456,0.0259925854,0.0100957928,0.0129404713,-0.0024501312,-0.0013848621,-0.0104967519,-0.0150294055,-0.0002617294,-0.0093105503,-0.0068449841,-0.0016688848,0.0201550113,0.0181603953,0.0005166006,0.0287353227,-0.0091338102,0.0157370227,-0.0006315767,0.0146494685,0.0286367350
333.0000000000,-0.0051441649,0.0143870591,-0.0016919540,-0.0126540158,-0.0305657749,0.0053919742,-0.0126989728,-0.0114186523,0.0031413584,-0.0133847128,0.0087105255,0.0009295901,-0.0071103565,0.0026896297,0.0247973218,0.0234090864,0.0239017548,-0.0328304472,0.0115552911,-0.0010227258,-0.0035252558,-0.0080608491,-0.0061269297,0.0088484923,0.0099209075,-0.0239065877,0.0060921975,-0.0168187958,0.0011454349,0.0374543991,-0.0209230500,-0.0159925009,0.0006499898,0.0058791165,-0.0093594677,0.0182035133,0.0095869886,-0.0098832618,-0.0043717318,0.0065972546,-0.0047348699,-0.0214999764,0.0236978129,0.0374312784,-0.0014704338,0.0134313058,-0.0133504670,0.0047795345,-0.0215904246,-0.0032043524,-0.0030467633,0.0007310638,-0.0066155574,-0.0043601063,0.0154438656,0.0021161922,0.0050830860,0.0226549396,-0.0176012575,0.0167962560,-0.0030539029,0.0486051966,-0.0020424052
334.0000000000,-0.0010197658,0.0015758550,-0.0151092246,0.0150805631,-0.0127211794,0.0211705859,0.0064486163,0.0010119165,0.0058301329,0.0111496764,0.0079215163,-0.0133464266,-0.0065472068,-0.0154879317,-0.0007870238,0.0054590885,0.0052365865,-0.0189463270,0.0107275240,-0.0188153042,0.0056335562,0.0144441735,-0.0219105925,-0.0133445927,0.0145970293,-0.0161479660,0.0013985973,-0.0156473148,0.0076527333,0.0118643301,-0.0068106286,0.0023417775,-0.0077933910,0.0125011714,-0.0129600974,0.0149028762,0.0259232166,-0.0310069809,0.0134817837,-0.0138966943,-0.0230695847,-0.0041295348,0.0046055295,0.0251692249,0.0111322949,-0.0020203900,0.0133274924,0.0015123838,-0.0156735384,-0.0044730188,0.0309189920,-0.0067481146,0.0014218749,0.0146857782,-0.0206231642,-0.0012168118,-0.0067396798,-0.0029397179,-0.0138345775,0.0138936092,-0.0041417083,0.0228578165,0.0091170279
335.0000000000,-0.0178013233,0.0185784058,-0.0082887085,0.0022431438,-0.0145109226,0.0041347324,-0.0008241489,-0.0044394606,-0.0113852382,-0.0015514048,0.0065912889,-0.0151846740,0.0135044566,0.0038779321,-0.0075601505,0.0352073773,0.0060726926,-0.0103237957,0.0011702019,-0.0290734515,-0.0139722177,0.0012522180,-0.0085931287,0.0008294951,0.0042014042,0.0005989008,0.0173506365,0.0040736011,0.0211823685,0.0071180808,-0.0170266234,0.0107847415,0.0002942123,0.0115942196,0.0146159268,0.0210903708,-0.0077629407,0.0037069880,-0.0110578554,-0.0120521948,-0.0114839180,-0.0048140126,0.0112169320,0.0234338345,-0.0082545507,0.0118511747,-0.0135089105,-0.0029128750,-0.0062473740,0.0042750434,0.0001153463,-0.0120005756,0.0218951830,-0.0048433515,0.0047728597,0.0109662299,-0.0102263639,0.0310216229,-0.0178667631,0.0003861253,-0.0074701046,0.0338796342,0.0094769881
336.0000000000,-0.0095767913,-0.0038748838,0.0040166920,-0.0039327357,-0.0156794113,0.0190935178,0.0019237602,0.0021019080,-0.0076206343,-0.0224036143,0.0128715718,-0.0315188989,0.0016558471,0.0113204109,-0.0137386779,0.0206211776,0.0014048957,-0.0492556620,-0.0090993095,-0.0000508377,0.0082576400,-0.0164210531,-0.0053330324,-0.0355500372,0.0215975436,-0.0023027198,-0.0007912317,-0.0070447890,0.0062883283,0.0219989976,-0.0352902790,-0.0079495195,-0.0132028687,-0.0061566364,0.0372632153,0.0265883076,-0.0034662502,-0.0185923492,-0.0037779718,-0.0105282406,-0.0331349642,0.0101096087,0.0075848126,0.0083858618,-0.0152976885,0.0049240489,-0.0048235239,-0.0008735227,-0.0220151210,-0.0141706855,0.0026871466,-0.0062332709,-0.0018181032,-0.0015457054,0.0082502280,0.0065898509,-0.0082828187,0.0379243491,0.0109409903,0.0038304701,0.0086105596,0.0351176628,0.0184256923
337.0000000000,-0.0502690477,0.0067972038,-0.0080728652,-0.0003142010,-0.0083880782,0.0203596107,-0.0042457472,0.0028810219,0.0050328897,0.0029575981,0.0023175786,-0.0107537238,0.0145532330,0.0150537273,0.0105094112,0.0356765266,0.0097510225,-0.0365823477,-0.0128575981,-0.0084110170,-0.0056084686,-0.0027388046,-0.0052534909,-0.0344614107,0.0139355879,-0.0257790906,0.0191844518,-0.0183851119,0.0350820124,0.0279182402,0.0019803403,0.0124241839,-0.0152477869,0.0013107289,0.0060119289,0.0340600149,-0.0079558194,-0.0055098614,-0.0301553900,-0.0151783899,-0.0302690257,-0.0103517746,0.0316955794,0.0190375906,-0.0250227655,-0.0088801710,0.0042727774,-0.0027400510,-0.0174860085,-0.0288372136,0.0120324973,0.0030544720,0.0066946033,0.0080074527,0.0289713342,0.0169041672,-0.0142751616,0.0479751783,-0.0365860608,0.0238290454,0.0167968418,0.0130586653,0.0071478448
338.0000000000,-0.0059794059,0.0003044900,0.0002556254,0.0358141068,-0.0173970900,-0.0168743133,0.0035183956,0.0160200410,0.0080052186,-0.0084109414,0.0277349746,-0.0151885414,0.0211788021,-0.0054800820,0.0095195022,0.0069194363,-0.0116205158,-0.0365956831,0.0289516684,0.0076403012,0.0188965014,-0.0021142349,-0.0252833478,-0.0074514932,-0.0046274127,-0.0126179099,0.0023240977,-0.0196058900,-0.0096200893,0.0237399842,-0.0046695590,-0.0009312113,-0.0060809487,-0.0079379002,-0.0061721360,0.0136923868,-0.0013209846,-0.0036367758,-0.0050411876,-0.0034427822,-0.0421374186,0.0120653774,0.0256949365,0.0064020157,-0.0212877128,-0.0299483210,-0.0154222196,-0.0100937468,-0.0298518862,-0.0080101765,-0.0006268442,0.0121631770,0.0001531886,-0.0045056247,0.0165612465,0.0114194936,-0.0269214635,0.0247378465,-0.0205121080,0.0089457858,0.0221314116,0.0022805242,0.0374543771
339.0000000000,-0.0212692451,0.0198653882,0.0197785226,-0.0132805856,-0.0080294492,0.0102672156,0.0058111164,0.0010122819,-0.0041828991,0.0028009656,0.0118763344,-0.0059728259,0.0031551089,-0.0216590231,0.0055138999,0.0204454187,0.0259042764,-0.0327029153,0.0028565929,0.0001190855,-0.0005788723,0.0017092668,-0.0096122939,-0.0423751315,0.0116637578,-0.0085197822,0.0131125699,-0.0017997363,0.0346679307,0.0219466252,-0.0110226977,0.0019312947,-0.0183947942,0.0005458798,-0.0234867544,0.0025111987,0.0050416656,-0.0024481215,-0.0206304125,-0.0306459465,-0.0344948676,-0.0091502948,0.0252335757,0.0271129884,-0.0001326584,0.0045681593,0.0115351922,-0.0190451370,-0.0354931799,-0.0131079736,0.0078739835,0.0000647603,0.0244680473,0.0181921125,0.0232295517,0.0019289934,-0.0017831827,0.0257005473,-0.0104791822,0.0215191487,-0.0000091948,0.0331364896,0.0329212962
340.0000000000,-0.0339018301,0.0014061534,-0.0092439101,-0.0046061380,-0.0237631173,0.0052767968,0.0136564293,0.0051537628,0.0088412712,0.0114131673,-0.0105104293,0.0031142043,-0.0021333216,0.0030127598,-0.0002963898,0.0126876385,0.0122675821,-0.0137485577,0.0021912580,-0.0109347605,0.0184850982,-0.0020307662,-0.0146582762,-0.0207027439,0.0012145829,-0.0079585675,0.0074702485,-0.0080847314,0.0157434504,0.0202653005,-0.0124799326,-0.0211672035,-0.0335254691,0.0104462377,0.0209914003,0.0083087843,0.0089044003,-0.0065991489,-0.0098866085,0.0203149916,-0.0236567727,-0.0251398550,-0.0211115400,0.0200320982,-0.0130753784,-0.0071966857,-0.0201288864,-0.0022262065,-0.0367152002,-0.0113283067,0.0049539306,0.0067422567,-0.0011554087,-0.0191622648,0.0124648450,0.0085984336,-0.0062132031,0.0173971124,-0.0083284642,0.0070523442,0.0085599692,0.0195425482,0.0147661681
341.0000000000,-0.0133102772,0.0006212427,-0.0161633687,-0.0048665648,-0.0111469573,-0.0008566160,0.0187417674,-0.0014979148,-0.0307442745,0.0156972710,-0.0062727569,0.0073779492,0.0191749063,0.0059940548,0.0020936605,0.0276478431,0.0171202345,-0.0183383487,0.0164685776,0.0083468168,-0.0032205653,0.0266075159,-0.0047337250,-0.0065109389,0.0261857429,-0.0205055346,0.0152903545,-0.0091089220,0.0189806502,0.0106219614,0.0005505740,-0.0139301256,-0.0195568038,-0.0300164304,0.0035027504,0.0192188385,-0.0135316681,-0.0055656916,-0.0237138761,-0.0099122115,-0.0221829556,-0.0167454154,0.0084868758,0.0209970221,0.0045448915,0.0029608664,-0.0062494223,0.0333459867,-0.0214646103,-0.0004867140,0.0119905965,-0.0203261177,0.0240705525,0.0084136442,0.0299293009,-0.0042639071,-0.0146820485,0.0264963801,-0.0118070026,0.0231975975,0.0111504361,0.0218349821,0.0080914276
342.0000000000,-0.0310097770,0.0067476267,-0.0168530724,-0.0100892815,-0.0186162733,0.0285832783,0.0089522170,-0.0009810488,-0.0022031998,-0.0115388521,0.0244773220,-0.0181466816,-0.0001095061,-0.0092489776,0.0009824371,0.0124295245,0.0199988215,-0.0167273912,0.0001508455,0.0047000719,0.0067486508,-0.0202113428,-0.0106943174,-0.0485967576,0.0004780881,-0.0082598558,0.0122810568,-0.0199412425,0.0267099319,0.0202915564,0.0056210885,0.0026565394,-0.0236305819,-0.0071484025,-0.0004153008,0.0439569014,0.0051463824,-0.0072009122,-0.0339497784,-0.0119984668,-0.0341032322,0.0143314593,0.0111972292,0.0098134873,-0.0107680279,0.0018428320,0.0245174233,0.0091400881,-0.0330661318,-0.0299217245,0.0021601041,0.0281085335,0.0328575388,0.0220539834,0.0292549186,-0.0032266155,0.0086560769,0.0357405673,-0.0200169869,0.0028083972,-0.0021601203,0.0124693968,0.0181060448
343.0000000000,-0.0047470842,0.0051565691,-0.0020972642,0.0007953780,-0.0210346348,0.0334918717,-0.0286035688,-0.0083909318,0.0019998007,0.0023995087,0.0056582970,-0.0162499389,0.0158618549,-0.0405825136,0.0163015282,-0.0014190181,-0.0060317190,-0.0334996882,0.0024714101,-0.0006545609,0.0025243055,-0.0158224497,0.0127966795,-0.0272798095,0.0008357320,-0.0044630778,0.0124984160,-0.0048306574,-0.0067386922,0.0090235948,-0.0075670931,-0.0008074845,-0.0067883719,-0.0012920920,-0.0036219126,0.0058586302,0.0043075371,0.0025457797,-0.0201122145,0.0003770871,-0.0194246888,0.0017747561,0.0150405914,0.0223815811,-0.0056860659,0.0127722634,-0.0250110858,-0.0028043498,-0.0201344131,0.0080904472,0.0048297962,0.0270888259,0.0176980139,-0.0057946215,0.0200944635,-0.0036243497,-0.0058912277,-0.0080128493,-0.0111407635,0.0185396005,0.0024116786,0.0194953158,0.0040738157
344.0000000000,-0.0111578817,-0.0087585039,-0.0005936992,0.0087530418,0.0065666741,-0.0028737735,0.0159665713,0.0112335529,-0.0205693591,0.0017452239,0.0023135562,-0.0179031001,0.0216902586,0.0071402294,-0.0001454391,0.0404306344,0.0244938005,-0.0181907505,0.0172785667,-0.0008197976,-0.0024685476,0.0131172623,0.0094232201,-0.0282085422,0.0234977593,-0.0146485370,0.0077217352,-0.0260842534,0.0058296194,0.0281149988,-0.0078250027,0.0061817968,-0.0130299813,-0.0071794471,-0.0053155669,0.0288872098,-0.0006232366,-0.0011425099,-0.0339232091,0.0030770640,-0.0348465485,-0.0050290259,0.0217352358,0.0327753033,-0.0144922913,-0.0108237359,-0.0071889568,0.0158638624,-0.0177835005,-0.0049655100,0.0219175465,-0.0213676067,0.0032133939,-0.0081986371,0.0129298552,-0.0120509293,0.0163288041,0.0460366452,-0.0178511031,0.0226069963,0.0056992321,-0.0143410216,0.0101184358
345.0000000000,-0.0220919030,0.0131370904,-0.0032690956,0.0066557853,0.0020162135,0.0002058607,-0.0143437688,-0.0003580851,-0.0064734244,-0.0145603677,0.0328493094,-0.0020179666,0.0096512069,-0.0053813912,-0.0009161832,0.0230595514,0.0438039339,-0.0143229896,0.0096525779,0.0054076814,0.0035270450,0.0141678915,-0.0071139574,-0.0198867253,0.0101476545,-0.0153877586,0.0143775128,-0.0064521056,0.0213436024,0.0121447238,0.0033057066,0.0035056937,-0.0163656347,0.0026767023,-0.0089469990,-0.0087935681,0.0044006978,-0.0004411513,-0.0260901510,-0.0067270159,-0.0333907219,-0.0162189277,-0.0006219005,0.0097893825,-0.0034485251,0.0105005659,0.0160261809,0.0051673820,-0.0075861796,-0.0297790354,0.0270702423,-0.0085090935,-0.0036141324,0.0196083320,0.0109119502,0.0095015076,-0.0089089991,0.0234935307,-0.0175971403,0.0257308189,-0.0063847252,0.0174186546,0.0153100779
346.0000000000,0.0074872968,0.0276816580,-0.0189796660,-0.0230953974,-0.0271876076,0.0151804405,-0.0068922785,0.0179596051,-0.0124371584,-0.0217834997,0.0260154681,-0.0057321880,-0.0037827557,-0.0074153162,0.0137258862,0.0120770742,0.0185462577,-0.0339170466,0.0187762210,0.0323959775,-0.0024780071,-0.0229866330,-0.0125097854,-0.0041047918,0.0134118735,-0.0359337181,-0.0022131397,0.0017418344,0.0181392233,-0.0049791150,0.0027816344,-0.0001982312,-0.0139693426,0.0104194632,0.0040103856,0.0104039554,0.0120075535,-0.0127523437,-0.0449102409,-0.0120975365,-0.0241019568,-0.0023456967,0.0151985855,-0.0031454380,-0.0148525426,0.0088165396,0.0132204353,0.0123057988,-0.0191167003,-0.0101274979,0.0081971289,0.0011060458,0.0067646022,-0.0067432259,0.0241926861,0.0102775671,0.0093390072,0.0294040116,-0.0086335236,0.0139352299,0.0057227111,0.0079994317,0.0107390426
347.0000000000,-0.0077541362,0.0171675767,-0.0237647115,0.0049038911,-0.0232265304,0.0163347900,0.0080548647,-0.0240515718,0.0047035119,-0.0243169157,0.0187391701,-0.0316634088,0.0192284951,-0.0129271782,0.0060271970,0.0416964833,-0.0040539380,-0.0310420647,0.0136062583,0.0065584375,0.0060538703,-0.0134611319,-0.0226341988,-0.0251511971,0.0162736998,-0.0235172222,-0.0050251228,-0.0075981554,0.0389701219,0.0102728958,-0.0023142952,0.0102143606,-0.0079472578,-0.0225043878,-0.0024675843,0.0133355806,0.0031795342,-0.0059074046,-0.0342917269,-0.0018795754,0.0028426610,-0.0031215861,0.0156002836,0.0002755387,-0.0026764205,0.0034995775,-0.0187881072,0.0052845941,-0.0187710865,0.0057685718,0.0121009739,-0.0059306465,0.0124994021,0.0163503831,0.0121887630,0.0202786614,-0.0225657200,0.0254635524,-0.0165521823,0.0212262401,0.0136736773,0.0084394982,0.0321145072
348.0000000000,-0.0170446018,0.0107189543,-0.0152009796,-0.0204035063,-0.0267617883,0.0060033483,0.0062355992,-0.0133621118,-0.0034520318,-0.0179776159,0.0044495034,-0.0042839449,0.0117791879,-0.0128879341,0.0111943806,0.0406447794,0.0028215469,-0.0407554997,0.0366406615,-0.0004937042,-0.0046238433,-0.0154048686,-0.0219204539,-0.0351862315,0.0147289760,-0.0158341952,0.0125844824,-0.0058786174,0.0284964367,0.0561336657,-0.0376269321,-0.0010261890,-0.0237417320,0.0086057584,-0.0117294816,0.0298779244,0.0307660947,-0.0207590616,-0.0187595869,-0.0052871611,-0.0358780213,-0.0111872580,0.0274542876,0.0482743540,-0.0150596499,0.0050388500,0.0004009565,0.0062574863,-0.0260463685,-0.0101534090,0.0197371506,0.0053527150,0.0187154996,0.0077583854,0.0126953193,-0.0121066012,-0.0177998307,0.0445889722,-0.0282463101,0.0103200547,0.0174327872,0.0307754185,0.0250579955
349.0000000000,-0.0086100049,0.0029083555,-0.0196922472,0.0033830581,0.0004342492,0.0300933566,0.0080751040,0.0017419369,0.0029366223,-0.0029619465,-0.0031580667,-0.0074681508,0.0052244357,-0.0050651380,0.0058541145,0.0213724640,-0.0005180172,-0.0152439880,-0.0018756907,-0.0055212188,0.0143350995,0.0072447446,-0.0159437219,-0.0179431589,0.0027809907,-0.0033709870,-0.0051407476,-0.0199478493,0.0019114103,0.0168445213,-0.0018876586,-0.0020927897,-0.0006335729,-0.0146537993,-0.0108789029,0.0243804824,-0.0000373421,-0.0100098129,-0.0129329659,-0.0152014304,-0.0357184237,0.0104916324,0.0105013846,0.0292681347,-0.0172381252,-0.0147278287,-0.0108884673,-0.0068696986,-0.0277081006,-0.0011273749,-0.0045118702,0.0038791758,0.0059606078,0.0072788096,0.0232521325,0.0096374018,-0.0004116895,0.0141453411,-0.0281268498,-0.0004573295,0.0111910577,0.0236961572,0.0046313234
350.0000000000,-0.0019384776,0.0061230448,-0.0147702624,0.0028330301,-0.0177660424,0.0079843387,0.0096419276,0.0110686010,-0.0038099695,-0.0223464292,0.0017684196,-0.0142613162,0.0085693556,0.0208112971,0.0175956342,0.0050857793,0.0317924873,-0.0265602637,0.0008152184,0.0017678202,0.0206338577,0.0079793885,0.0025613211,-0.0188954817,0.0176873976,-0.0088008035,0.0040983130,-0.0167696112,0.0252572851,0.0257953971,-0.0096930601,0.0176036179,-0.0172773933,-0.0043022169,0.0212008854,0.0148977839,0.0086100388,-0.0108987547,0.0002522583,-0.0043905432,-0.0233704211,-0.0080621002,-0.0003073834,0.0169839831,-0.0144997921,-0.0007263705,-0.0088949970,0.0002648290,-0.0145669504,-0.0095807915,-0.0084272177,0.0041146929,0.0304802259,-0.0200212522,0.0272581870,0.0076131708,0.0168619639,0.0305555069,-0.0043319165,0.0106526811,-0.0057969087,0.0216519033,0.0041074983
351.0000000000,0.0099389870,-0.0133283058,-0.0047816477,0.0039283211,-0.0015595228,-0.0106822105,-0.0051698319,0.0008237580,-0.0028565594,-0.0044108958,0.0264140644,-0.0228179239,-0.0020857105,0.0088595101,0.0120973574,0.0137902523,-0.0083832610,-0.0255787974,0.0089524288,0.0025385116,-0.0006416936,0.0086271131,-0.0001456788,-0.0122224185,0.0035741301,-0.0078881068,-0.0055222018,0.0077627848,0.0203312216,0.0170800561,-0.0103718665,-0.0036647396,-0.0233523640,0.0083847944,0.0093203226,-0.0049458853,0.0129982231,0.0029699089,-0.0111443525,-0.0039872236,0.0020347808,-0.0160428348,-0.0144154810,0.0161202651,-0.0142732000,0.0054792104,0.0255480697,-0.0197426631,-0.0227665743,0.0164656574,0.0122318096,-0.0204572248,-0.0012198994,-0.0091397390,0.0154355756,0.0041662664,-0.0123384357,0.0184331124,-0.0144940445,-0.0021452033,-0.0059056134,-0.0008938273,-0.0009356030
352.0000000000,-0.0158076005,0.0155840280,-0.0064791540,0.0005495419,-0.0056957805,0.0179187580,0.0112703823,-0.0031742484,0.0112300226,0.0099116831,0.0057716015,-0.0066961659,0.0130301063,-0.0170582421,-0.0057172936,0.0340132869,0.0084803518,-0.0163946940,0.0148771599,0.0274156723,-0.0065425591,0.0058040688,-0.0198498882,-0.0135314206,-0.0082561580,-0.0192307266,0.0196192022,-0.0012631633,0.0051725792,0.0048742217,-0.0004341473,0.0118481201,-0.0139423951,0.0081830971,-0.0049006658,0.0188061313,0.0219068186,0.0065168626,-0.0028107031,-0.0066136162,-0.0453475893,-0.0002319502,0.0149662360,0.0208129348,-0.0072552372,0.0037559750,0.0126381633,-0.0116053755,-0.0196191439,0.0214630290,0.0188494631,0.0049507025,-0.0031099414,-0.0111126960,0.0183243089,0.0042363312,0.0064047582,0.0187915636,-0.0065663795,0.0099995178,-0.0110824533,0.0126081500,0.0187107381
353.0000000000,0.0022921616,0.0264248345,-0.0017332586,0.0069083641,-0.0085315023,0.0149391325,0.0078691493,0.0134687046,0.0089504465,0.0247898826,0.0143642343,0.0148362119,-0.0089980126,-0.0224228990,0.0131163844,0.0122279152,0.0013784023,-0.0228772982,0.0121498941,-0.0010523172,0.0034553187,-0.0019320832,-0.0098589972,0.0031592366,-0.0025971415,-0.0098608031,0.0018487126,-0.0053452370,0.0213492240,0.0367243918,-0.0043159388,0.0114264973,-0.0076446728,-0.0056152548,-0.0016113308,-0.0082415092,0.0304342588,-0.0201708811,0.0049000003,-0.0073040424,-0.0046987059,-0.0201088447,0.0269260957,0.0106442153,-0.0005884720,0.0073766219,-0.0126730699,-0.0120962696,-0.0118778657,-0.0138004520,0.0043672669,-0.0042278012,0.0138165197,-0.0222043951,0.0149150119,-0.0085977784,-0.0069457757,0.0286924849,-0.0242029925,0.0135746151,-0.0084304446,0.0105535064,0.0036800229
354.0000000000,-0.0286816809,0.0058226577,-0.0118946750,-0.0182515652,0.0027863898,0.0262415993,0.0081640069,0.0042446109,0.0134741900,0.0161341085,0.0159293439,-0.0221653377,0.0239208123,-0.0069586876,0.0004567859,0.0241091842,0.0117039538,-0.0343684372,0.0121119452,-0.0085113798,-0.0025167941,-0.0031420980,0.0017841805,-0.0076340824,0.0094587285,0.0012647998,0.0137232750,-0.0259670626,0.0195625917,0.0191160699,-0.0062666406,0.0061252149,-0.0237729096,0.0096401198,-0.0110001298,-0.0068129021,0.0194548530,-0.0072956519,-0.0079292400,-0.0022703844,-0.0293197871,-0.0086399455,0.0049572725,0.0069738301,0.0086838198,0.0028810356,-0.0149647692,-0.0030949841,-0.0416116087,-0.0042673969,0.0220009755,0.0206705979,0.0214649444,-0.0129172558,0.0414004859,0.0190936590,-0.0175050469,0.0571597655,-0.0146388248,0.0110976544,-0.0009563814,0.0287813520,0.0407497076
355.0000000000,-0.0070127183,0.0054247730,-0.0267338343,0.0198563408,-0.0130066562,0.0113460323,0.0078378349,-0.0256052644,0.0258800459,-0.0100354014,0.0060166229,-0.0123850563,0.0055746789,0.0015137371,0.0152784993,0.0287664802,0.0261322991,-0.0322818537,0.0055965067,0.0014812660,0.0116588113,-0.0148938357,-0.0039672426,-0.0084893034,0.0009179561,-0.0024044264,0.0019875564,-0.0034921173,0.0032484214,0.0130254982,0.0009944850,-0.0212798286,-0.0167577476,-0.0037064632,0.0062467836,0.0282167288,0.0176420628,-0.0051330236,-0.0245493449,-0.0058761650,-0.0382989586,-0.0258660367,0.0125227664,0.0099256768,-0.0073373775,-0.0154371702,0.0229101098,0.0285189764,-0.0344656291,-0.0017968038,0.0218385277,-0.0214748877,0.0164443376,0.0159022492,0.0225235088,0.0123525393,-0.0352295745,0.0489522559,-0.0239344425,0.0168209601,0.0005282158,0.0225757115,0.0413760339
356.0000000000,-0.0211928099,0.0280100907,-0.0008396663,-0.0072491155,-0.0097420499,-0.0135740977,0.0050237352,0.0125060578,-0.0008891485,-0.0146819198,0.0126618847,-0.0128890663,0.0064482480,-0.0135849518,0.0019181519,0.0160224200,0.0030998256,-0.0073112555,0.0016983788,0.0102893982,0.0235889002,0.0200853454,-0.0247170430,-0.0339840629,0.0105690292,-0.0170796178,0.0130477802,-0.0237470095,0.0033015002,-0.0004573707,-0.0308870751,-0.0293678218,0.0042023678,-0.0025166230,-0.0136400800,0.0196741489,0.0165933870,-0.0099414094,-0.0159526352,0.0241092512,-0.0239075391,0.0074662300,0.0106388017,0.0149687649,0.0150662163,-0.0113111557,-0.0077805329,-0.0125029635,-0.0232962713,-0.0201743308,-0.0003007187,-0.0024785177,0.0065854054,-0.0018615399,0.0449821880,0.0009923127,0.0154533449,0.0216197172,-0.0191134794,0.0165774382,-0.0013584229,0.0167112855,0.0278097464
357.0000000000,-0.0115142210,-0.0012710820,0.0011537896,-0.0186773654,0.0129132555,0.0004131568,0.0093675965,0.0067244526,-0.0130035030,-0.0093067439,0.0218983924,0.0063217704,-0.0046258091,0.0325538921,-0.0030888356,0.0102543560,-0.0048171316,-0.0162749971,0.0003689393,-0.0033879962,-0.0151966703,0.0112814612,-0.0030539187,-0.0070490386,0.0415103919,-0.0080033860,-0.0002125214,0.0089129837,0.0157642962,0.0098164370,0.0030564931,0.0121706589,0.0013969381,-0.0076361804,0.0002305893,0.0198762721,0.0047570411,-0.0041881270,-0.0086636757,0.0182413853,-0.0131009478,-0.0099124808,0.0165175941,-0.0019393940,-0.0127526913,-0.0120317821,-0.0050374110,-0.0038542823,0.0102024569,0.0340743773,0.0279171027,0.0323332231,0.0027977225,0.0127787082,0.0061548994,0.0189216191,-0.0114092728,0.0093287404,-0.0010612498,0.0011452350,0.0007842413,0.0031353000,0.0214880945
358.0000000000,-0.0212139832,0.0070211795,-0.0005578188,0.0148569739,-0.0248982927,0.0018915064,0.0282944537,0.0125073367,-0.0016246905,0.0051722900,0.0239991615,-0.0270926074,-0.0099759398,0.0145306415,0.0033250666,0.0319315705,0.0164523859,-0.0090022150,0.0155270498,-0.0174375205,-0.0070336017,0.0107065467,0.0073659819,-0.0287664703,0.0181349766,-0.0358648945,-0.0072147634,-0.0274053490,0.0149660438,0.0080035580,-0.0172699130,-0.0109160331,0.0042595445,0.0029144453,0.0114943112,0.0460271318,0.0001827599,0.0086807110,-0.0103816113,-0.0287825135,-0.0268466782,-0.0147743718,-0.0251944936,0.0154695501,-0.0064692851,0.0013227995,0.0129489277,0.0260690663,-0.0304319017,0.0034667191,0.0090863986,0.0004869714,0.0099696622,-0.0358031826,0.0303318763,0.0058044485,-0.0154912856,0.0172649091,-0.0013330371,0.0146884496,0.0031093326,0.0137332165,0.0096060808
359.0000000000,-0.0164937904,0.0217495056,-0.0208682231,-0.0069170076,-0.0016972237,0.0210107658,-0.0046556655,0.0085593257,0.0113353090,-0.0013950153,0.0083353048,-0.0004178572,0.0144083741,-0.0103424595,0.0107951750,0.0298497153,-0.0021925570,-0.0438918320,0.0076771704,-0.0110259804,0.0251915956,-0.0019328294,-0.0236452563,0.0032044728,0.0103574062,-0.0005819767,0.0059345585,0.0080709495,0.0250889090,0.0205890086,-0.0115578498,0.0225875913,-0.0181720093,-0.0043249466,-0.0110778645,0.0109140761,0.0012909272,-0.0298490539,-0.0179779149,-0.0141616495,-0.0243582181,-0.0120919312,0.0042166966,0.0028074639,-0.0233206842,0.0002343782,0.0084793226,-0.0056926393,-0.0277372547,-0.0042396782,0.0021675820,-0.0194769105,0.0020398282,0.0128091390,0.0354740530,0.0199477393,-0.0009845414,0.0319776479,-0.0123411241,0.0255352958,-0.0051596980,0.0089259578,-0.0009218952
360.0000000000,-0.0195586312,0.0115484011,-0.0336733026,0.0187093933,-0.0095647563,0.0221920868,0.0231253252,-0.0063442664,-0.0100613231,-0.0206768086,-0.0006418037,-0.0105802866,0.0469126857,-0.0059533198,0.0187461375,0.0240707873,0.0255597596,-0.0148044381,0.0032424817,-0.0153229424,-0.0225669504,-0.0107211077,-0.0173719802,-0.0038791686,0.0333650954,-0.0016359092,0.0084781495,-0.0038357101,-0.0107486879,0.0220984117,-0.0141992625,-0.0047561001,0.0036273250,0.0086061036,-0.0013894078,0.0483183007,0.0070507413,-0.0203190729,-0.0161988174,-0.0424509517,-0.0359721857,0.0265269579,0.0130339350,0.0269074067,-0.0024173457,0.0016773759,0.0001969825,-0.0015235631,-0.0335062497,0.0089685524,0.0039971301,-0.0189241747,0.0086261781,0.0381039381,0.0152422731,0.0163809173,-0.0124195473,0.0280161521,-0.0199704591,-0.0012778822,0.0031247269,0.0215897921,0.0216082522
361.0000000000,0.0003648858,0.0092102163,-0.0270568090,-0.0126438979,-0.0462444524,0.0261475213,-0.0009564146,-0.0073439983,0.0020782120,-0.0281147896,0.0008240383,0.0043096807,0.0236382318,0.0196927698,-0.0044876806,0.0124501657,0.0127226236,-0.0160097295,0.0014700781,0.0019510122,-0.0122256345,0.0046404178,-0.0031832723,0.0036721759,0.0009784047,-0.0271120780,0.0170929137,0.0009106705,0.0221024985,0.0364878217,-0.0116514064,0.0002177719,-0.0124792097,0.0023598165,-0.0024499282,0.0094074922,-0.0244827041,-0.0201872787,-0.0149674921,-0.0097987002,-0.0275582815,0.0066264611,0.0033917080,0.0098984514,0.0089164359,-0.0154172042,-0.0016172204,-0.0006016139,-0.0397123138,-0.0192852860,0.0186456532,-0.0074468636,0.0066739719,-0.0148748096,0.0220550366,0.0106105116,-0.0271430199,0.0384355083,-0.0059689335,0.0138869575,-0.0004287210,0.0201600003,0.0305330399
362.0000000000,-0.0088408780,-0.0152262753,-0.0138374878,-0.0076373606,0.0011742601,0.0073627810,0.0127427439,0.0073676727,-0.0106042642,-0.0261925225,0.0165524272,-0.0117330503,-0.0002787472,0.0006519890,-0.0117982051,0.0023237135,0.0166698041,-0.0126501394,0.0048008711,0.0051354867,0.0121115645,-0.0062186657,-0.0046113094,-0.0034515321,0.0091930002,-0.0074803816,0.0008114992,-0.0151345351,0.0235778397,0.0006038158,0.0010020129,0.0088020111,0.0039059702,-0.0116342784,-0.0124720727,0.0005273430,0.0176955425,0.0050428451,-0.0005142167,0.0229867236,-0.0029740107,-0.0187811211,0.0138315216,0.0107546417,-0.0117432460,-0.0093349740,0.0174757667,0.0150579271,0.0128838522,-0.0160864718,0.0019998093,-0.0016392943,0.0146870133,0.0227961537,0.0084877904,-0.0106017328,-0.0174756263,0.0017755589,0.0118947075,0.0137471256,-0.0033886451,0.0063947468,0.0372287267
363.0000000000,-0.0298591155,0.0256638600,-0.0108273752,-0.0175106231,-0.0134634894,0.0118901154,0.0174882628,0.0155636645,0.0109683201,-0.0006811599,-0.0031776764,-0.0263459445,-0.0029589218,0.0017676459,-0.0042104761,0.0239466714,0.0194495839,-0.0174960538,0.0029981177,-0.0031790282,-0.0066547575,-0.0183330485,-0.0055754660,-0.0415232685,0.0090220053,-0.0238995425,0.0103316031,-0.0280662382,0.0236338242,0.0362771080,0.0215035541,0.0181867767,-0.0069495874,0.0069725460,-0.0036806984,0.0308169370,0.0205064682,-0.0056154478,-0.0210134678,-0.0302121421,-0.0421813202,-0.0096307629,0.0276976832,0.0437342481,0.0043315480,0.0147145028,0.0060585147,0.0003591042,-0.0306729057,0.0053513858,0.0111339019,-0.0094741968,0.0281126340,-0.0043913355,0.0187214244,0.0001647583,-0.0066043722,0.0473171571,-0.0307993000,0.0042755812,-0.0219556920,0.0068073704,0.0419581080
364.0000000000,-0.0032198238,0.0091194181,-0.0279925179,0.0036509671,-0.0256808078,0.0082378300,0.0140629466,0.0017511296,0.0315056029,-0.0054669458,0.0359053276,-0.0197125241,0.0080326616,-0.0059448972,0.0196591964,0.0375008916,0.0198238017,-0.0047080836,-0.0103176648,0.0005232156,0.0174809556,-0.0105816843,-0.0189883268,0.0065229014,0.0083908943,-0.0323164935,0.0109574888,-0.0252509768,0.0121897873,0.0537752010,-0.0168928233,0.0005857769,-0.0181094886,-0.0127592480,0.0008899103,0.0165163712,0.0204580795,-0.0046973435,-0.0233184004,-0.0084829321,-0.0025183229,-0.0188735536,0.0237301116,0.0358305787,-0.0165525166,-0.0007593171,-0.0135296771,0.0038190650,-0.0394840025,-0.0412724970,0.0249534527,0.0104012272,0.0305264012,-0.0073014638,0.0175797441,0.0053941715,-0.0187970699,0.0402113807,-0.0184393756,-0.0057848903,0.0209717023,0.0224089861,0.0188532076
365.0000000000,-0.0122013419,0.0186099392,-0.0142198178,-0.0045920056,-0.0282168313,0.0295183366,0.0238911409,0.0091272372,-0.0092269274,-0.0059639982,0.0083601132,-0.0186295578,0.0407331010,-0.0024668353,0.0180023840,-0.0010543525,0.0195265739,-0.0177290754,0.0127502491,-0.0161207764,0.0059287950,-0.0033468269,-0.0081746963,-0.0155379575,0.0195249968,-0.0242140707,0.0031616533,-0.0130910003,0.0246018358,0.0210429114,0.0043543211,-0.0115556389,0.0196168130,0.0002112223,-0.0122769141,0.0000243052,-0.0028458106,0.0014168173,-0.0131243038,0.0000123986,-0.0240195201,-0.0095942112,-0.0049526239,0.0097656039,0.0033161794,0.0007304189,0.0079602501,0.0004269600,-0.0128636302,0.0079011001,0.0133243683,-0.0114494188,0.0122845630,-0.0096169228,0.0021328249,0.0130630293,0.0136323922,0.0175768758,-0.0296083015,-0.0058546063,0.0126003606,-0.0124965256,0.0235871629
366.0000000000,-0.0099203797,-0.0048128857,-0.0019194747,-0.0073878939,-0.0070411123,-0.0012246297,0.0196452738,-0.0205175853,0.0052262880,-0.0048108587,0.0521187218,0.0026544751,0.0047186030,0.0107555863,0.0148210803,0.0232767025,0.0043795077,-0.0213097577,-0.0069457936,-0.0080405935,0.0016295099,-0.0191210235,-0.0022861261,-0.0281381221,0.0067204273,0.0048913424,0.0073415766,-0.0323104495,0.0171155265,0.0222782851,-0.0013431149,0.0186861770,-0.0110458677,-0.0098228090,-0.0225278746,0.0246578007,0.0187521674,-0.0019672487,-0.0095239628,-0.0090556148,-0.0162795778,0.0039788418,0.0228312931,-0.0013910584,-0.0137891938,-0.0081291848,-0.0258000722,-0.0006790978,-0.0332344154,-0.0110972670,-0.0024970699,0.0065174998,0.0265471664,-0.0012259621,0.0164176125,-0.0059149115,-0.0240989009,0.0211458894,-0.0169859104,-0.0112794206,-0.0025624331,0.0215952833,0.0060942511
367.0000000000,-0.0070078448,0.0165235241,-0.0104224439,-0.0183108951,0.0171300750,-0.0007013324,0.0176322342,0.0126916163,-0.0211216280,-0.0060688122,0.0168008646,-0.0209437445,-0.0037567417,0.0044034611,0.0052847362,0.0245554034,0.0234198290,-0.0085018004,-0.0044636756,0.0006003023,-0.0187517291,-0.0148167710,-0.0159902878,-0.0174421402,0.0207165366,-0.0080502420,0.0257629817,-0.0001409485,0.0065661429,0.0335772451,0.0105317673,-0.0289748376,-0.0053086022,0.0063066630,0.0051195299,-0.0028040772,0.0060758126,-0.0100722699,-0.0308908582,-0.0035664843,-0.0373325076,-0.0016189585,0.0178363058,0.0195776785,-0.0144559120,-0.0056947445,-0.0078872638,-0.0154357250,-0.0218834701,0.0064383997,0.0098651243,-0.0139508901,0.0260745244,-0.0066961218,0.0238411749,-0.0200453058,-0.0248669908,0.0222206328,-0.0255276124,0.0183185660,-0.0011485598,0.0256435508,0.0372557253
368.0000000000,-0.0197804634,0.0176784942,-0.0302841150,-0.0219086357,-0.0077580098,0.0070052735,0.0202615975,0.0014718896,0.0052416563,-0.0163711989,0.0155749080,-0.0065255789,0.0029036666,-0.0040813493,0.0074626130,0.0362148043,0.0032517409,0.0020066580,0.0026331507,0.0002488698,-0.0154094900,-0.0104185659,-0.0053761784,-0.0426684650,0.0119486204,-0.0108683159,0.0106454534,-0.0095033490,0.0241379985,-0.0049587691,-0.0027840130,0.0154895806,-0.0082447592,0.0068909668,0.0087542095,0.0244692887,-0.0004595596,-0.0044096770,-0.0156806821,-0.0171859857,-0.0344399524,0.0186648294,0.0234088213,0.0173668893,-0.0006643801,0.0002131902,-0.0023500824,0.0184130628,-0.0275020196,0.0017000409,0.0110515299,0.0017679057,0.0051935417,0.0078493812,0.0466002815,0.0202783165,-0.0310972760,0.0244819961,-0.0249484645,-0.0023931562,-0.0008178247,0.0053237172,0.0071291053
369.0000000000,-0.0215779049,-0.0129505632,0.0020152182,0.0039813324,-0.0102155707,0.0223318827,-0.0123535707,-0.0173168064,-0.0177929867,-0.0267366061,0.0079652456,-0.0284403277,-0.0086251910,-0.0221805467,-0.0111460574,0.0240634367,-0.0002531452,-0.0158038428,0.0094724434,-0.0087567258,-0.0009462083,-0.0036042360,-0.0148131372,-0.0132705749,0.0239422351,-0.0246131702,0.0159752559,-0.0195089294,0.0210856163,0.0324988105,-0.0094135707,-0.0064009632,-0.0097285003,0.0032221984,-0.0038702108,0.0081310515,0.0122807534,-0.0262041282,-0.0110287424,-0.0080901481,-0.0188207365,0.0093491612,0.0175873601,0.0109412224,-0.0031621937,0.0018065419,-0.0040452773,-0.0062789867,-0.0365369350,-0.0128429446,0.0197993725,-0.0040668916,0.0354333337,0.0250820544,0.0304430768,-0.0079628671,0.0147216195,0.0261789731,-0.0036244237,0.0002981326,0.0318516590,0.0197524311,0.0309275286
370.0000000000,-0.0213704195,0.0321407959,-0.0225001551,-0.0046119937,-0.0251335969,0.0211908489,0.0100791044,0.0128531434,-0.0129728895,-0.0192664012,-0.0020354553,-0.0149021089,0.0252328070,-0.0064085016,0.0168510200,0.0566126148,0.0408459886,-0.0525211591,0.0229635618,-0.0112743807,0.0067885654,-0.0235679630,-0.0155299072,-0.0296051403,0.0208343254,-0.0190719898,0.0140650583,0.0120396405,0.0227767999,0.0213510655,-0.0034584104,-0.0188056935,-0.0088318302,-0.0012424961,-0.0131329367,0.0189649955,0.0133015650,0.0053908877,-0.0251218915,-0.0092984815,-0.0410356063,-0.0150410731,0.0040514805,0.0114727737,-0.0115575005,-0.0069970558,0.0076989687,-0.0315217354,-0.0644661953,0.0212037900,0.0228790325,0.0147313556,0.0344987675,0.0206833809,0.0465825367,0.0260672696,-0.0293449638,0.0432868899,-0.0214082619,0.0096991832,0.0083275527,0.0170591056,0.0117592841
371.0000000000,-0.0146884617,0.0093093149,-0.0008410228,0.0073835938,-0.0176516689,0.0170212493,0.0100061864,-0.0030326061,-0.0090846982,0.0130032195,0.0036506953,-0.0240712511,-0.0084571842,0.0050820805,-0.0031552180,0.0167421445,0.0078236565,0.0000038527,-0.0000809636,0.0084627970,-0.0087004413,-0.0022873173,0.0145499722,-0.0167798660,-0.0118440131,0.0024501047,-0.0090690704,-0.0097289389,0.0172204828,0.0218082854,-0.0123128694,0.0072617015,-0.0029090932,0.0116829479,-0.0154623332,0.0232582595,0.0400344782,-0.0068162785,-0.0188891304,-0.0321993412,-0.0423727372,-0.0126773319,-0.0226287865,-0.0013589541,-0.0224972522,0.0077974350,-0.0037253347,0.0370592087,-0.0304212143,-0.0086591229,-0.0125855709,-0.0085760292,0.0128059063,0.0087159628,0.0365433509,0.0039317103,-0.0188863172,0.0287295234,-0.0245537114,0.0053004873,0.0180304222,0.0123159216,0.0130134526
372.0000000000,-0.0154051081,-0.0001826904,-0.0132360890,0.0075844668,-0.0130479406,0.0005595081,0.0358471140,0.0300607783,-0.0112595393,0.0125315794,0.0107661409,-0.0043962939,-0.0071394045,0.0035740072,-0.0012523559,0.0050598534,0.0044074345,-0.0170047506,-0.0079256099,0.0048249244,-0.0157649526,0.0055318489,-0.0165873612,-0.0148872492,0.0230251882,-0.0099880018,-0.0052662796,-0.0056346544,-0.0031511094,0.0198989282,-0.0341865958,-0.0154639874,-0.0222348647,-0.0016008285,0.0086268112,-0.0082362860,-0.0015243228,-0.0034577300,-0.0137720697,-0.0162124180,-0.0116664758,-0.0061225588,0.0047493458,0.0147875043,0.0088055477,-0.0051392488,-0.0170318515,0.0037335456,-0.0148339783,0.0030038852,-0.0012479265,-0.0139267363,0.0164965655,0.0114508447,0.0108694387,0.0066341281,-0.0132294812,0.0261171631,-0.0046204830,0.0011292063,0.0127940797,0.0182011308,0.0110230276
373.0000000000,-0.0353960769,0.0180093285,-0.0188410394,-0.0433296723,-0.0245234750,-0.0025597008,0.0191317085,0.0122532302,0.0023136553,0.0093735419,0.0204495159,-0.0174397583,0.0143950390,-0.0177642493,0.0017810418,0.0317564304,-0.0024721331,-0.0157351476,0.0155367753,-0.0003496578,0.0188665359,0.0023192984,-0.0044124332,-0.0196728315,0.0059069793,-0.0081876044,0.0189833228,-0.0109880490,0.0055142965,0.0098002420,0.0000181631,0.0072206544,-0.0081016593,-0.0016346048,-0.0006074953,0.0064649435,0.0108034527,0.0001628394,-0.0251974049,-0.0304658435,-0.0292939533,0.0029654395,-0.0080716003,0.0062620792,0.0067776017,0.0052953733,-0.0158064051,0.0188256746,-0.0310921977,0.0051554266,-0.0021435352,0.0202015466,0.0094691213,0.0114323778,0.0018344483,0.0148170907,-0.0167755636,0.0091409549,-0.0050153541,0.0190916420,-0.0182667642,0.0134709079,0.0157880441
374.0000000000,-0.0143825700,-0.0131495566,-0.0128964440,-0.0103016883,0.0136889498,0.0189512037,0.0026065436,0.0051221870,-0.0047010412,-0.0135930179,0.0100918113,-0.0017579665,0.0168208247,-0.0018492587,0.0005673179,0.0208841774,0.0124103979,-0.0094070885,0.0029642201,0.0099498873,-0.0130988343,-0.0075023663,-0.0218854090,0.0026821040,0.0281922363,-0.0427211109,-0.0035086204,0.0023361210,0.0089250226,-0.0106728422,-0.0121930046,-0.0095264505,-0.0253581387,-0.0072256516,-0.0060674600,0.0171687779,0.0255292772,0.0195199978,-0.0165909252,-0.0059901135,-0.0204219005,-0.0006859162,-0.0139385784,0.0061397039,-0.0473967782,-0.0008730539,0.0058184248,0.0149996432,-0.0025704313,-0.0062904003,0.0053789530,0.0203362913,0.0077694420,0.0029741995,0.0088751348,-0.0141013267,-0.0177847999,0.0144213643,-0.0118216329,0.0176598249,-0.0058421821,0.0042339210,0.0332610022
375.0000000000,-0.0113598976,0.0068921786,-0.0064986039,-0.0204542986,-0.0102726519,0.0265664463,0.0129297355,-0.0075544864,0.0069104228,-0.0235758590,0.0244578146,-0.0205151273,0.0171126112,0.0041101280,0.0089926367,0.0105189309,0.0032495734,-0.0124615432,-0.0018936208,-0.0102187674,0.0325438166,-0.0121561987,0.0164509948,-0.0232209360,0.0040205691,-0.0005212256,-0.0210657060,-0.0200413220,-0.0027180675,0.0285072687,-0.0054327101,0.0037699552,-0.0247215431,0.0028967168,-0.0074700432,0.0110508110,0.0014938794,-0.0201466959,-0.0084644531,0.0034576067,-0.0316767427,-0.0106975602,0.0166601789,0.0222762292,-0.0129636940,0.0006325037,-0.0087420011,0.0027442884,-0.0316009234,-0.0218120901,0.0091268756,0.0058520345,0.0020788893,0.0072576138,0.0231786371,0.0014728240,-0.0261375204,0.0327082090,-0.0082192340,0.0067605650,-0.0091438463,0.0473985311,0.0178162936
376.0000000000,-0.0169266061,0.0033427379,-0.0017634881,-0.0217766381,-0.0005103039,0.0419400061,0.0171016261,-0.0064654056,0.0087349639,-0.0330473975,0.0331469222,-0.0173445759,-0.0018235966,0.0067439548,0.0222542266,0.0125974906,0.0150729975,-0.0554367444,-0.0142041777,0.0116125992,-0.0103270428,-0.0077374744,-0.0227582381,-0.0253202762,0.0043537660,-0.0192175895,0.0110731217,-0.0179694685,0.0164912171,0.0362036301,-0.0023767737,-0.0091285671,-0.0251970090,0.0054368674,-0.0040511533,0.0103866352,0.0172234424,-0.0154339501,-0.0304878910,0.0001173561,-0.0525106011,-0.0090133023,0.0233925433,0.0407139424,0.0160770713,0.0090539246,-0.0122177128,0.0102300485,-0.0739600296,-0.0205862330,-0.0001069906,0.0242930579,-0.0056339233,-0.0010576805,0.0169332289,0.0015372348,-0.0122373879,0.0340816245,-0.0420978728,0.0185387907,0.0202835528,0.0094791541,0.0085999841
377.0000000000,-0.0028311588,-0.0121341506,0.0082157678,-0.0004071788,-0.0331104536,0.0107761809,0.0248351241,-0.0055632651,0.0090273021,-0.0037339333,0.0204875062,-0.0279936381,-0.0137030008,0.0035807971,0.0066525743,0.0205617885,-0.0101959970,-0.0330829222,-0.0019415917,-0.0242168455,0.0062813633,-0.0055033556,-0.0073032573,-0.0191463926,0.0003714285,-0.0238871289,-0.0048514377,-0.0056672955,0.0015309180,0.0128857785,-0.0048387808,-0.0065283762,-0.0010883742,-0.0093350185,-0.0226235370,0.0279123271,0.0086387363,-0.0037266850,-0.0056452308,0.0124820842,-0.0397696157,0.0055645469,-0.0056194876,0.0115435046,0.0085146063,0.0226266909,-0.0070823447,0.0133971819,-0.0202739800,-0.0087928027,0.0118173809,-0.0051356622,0.0197012397,0.0032462015,0.0142290795,0.0196098349,0.0009041226,0.0143001530,-0.0023152062,0.0111127619,0.0232925161,0.0149843769,0.0394270560
378.0000000000,-0.0038996354,0.0013246046,-0.0059411713,0.0034964323,-0.0106551883,0.0252126608,0.0179378690,0.0029501022,-0.0147522287,-0.0007527211,-0.0095249137,-0.0241126450,0.0125181270,0.0140190476,-0.0000884961,0.0124330168,0.0136637412,-0.0144977416,0.0148235214,-0.0062973235,0.0120130068,-0.0216541996,0.0136655502,-0.0261596366,0.0254672748,-0.0229851145,0.0056538574,-0.0267194719,0.0231703591,0.0126464085,-0.0058680771,0.0011241132,-0.0001431324,0.0160747162,0.0256657875,0.0235670786,-0.0019429616,-0.0061175051,-0.0248325369,-0.0204634979,-0.0143069894,-0.0028316261,0.0096394731,0.0183621659,0.0142582377,-0.0006592265,-0.0023182796,0.0069544914,-0.0322052830,0.0131109012,0.0067597036,-0.0037120551,-0.0025517025,-0.0068923936,0.0171876799,-0.0100567270,-0.0305321059,0.0342463933,-0.0137082714,0.0029410132,-0.0125202612,0.0231643704,0.0407073188
379.0000000000,-0.0237987174,0.0178211229,-0.0038368678,0.0236913051,-0.0296619056,0.0184429753,0.0134910552,-0.0143090844,0.0095257877,-0.0117177060,0.0133181475,-0.0024483463,0.0054871802,0.0068203172,-0.0236162875,0.0389127884,0.0002981201,-0.0327178238,-0.0156921801,-0.0223648051,0.0050889844,0.0256198371,0.0001119095,-0.0285802017,0.0178493515,-0.0025894158,0.0281085794,0.0007714351,-0.0013359560,0.0120575522,-0.0138887022,0.0099987381,-0.0117275222,0.0194787294,-0.0169645226,0.0331482670,-0.0047444852,-0.0137041457,-0.0097607404,0.0054043192,-0.0171285384,0.0028288641,-0.0010694331,-0.0006587636,-0.0117329452,0.0054328897,-0.0028192376,-0.0042862329,-0.0219725895,-0.0077726845,0.0228873186,0.0260618259,0.0014330050,-0.0049058145,0.0457003288,-0.0196913846,-0.0288897932,0.0239441991,-0.0144961609,-0.0030316139,-0.0012175552,0.0143353455,0.0143073956
380.0000000000,-0.0070871442,0.0012448639,-0.0120843855,-0.0136818385,-0.0156571511,-0.0040427713,0.0237412341,-0.0198835265,0.0032592450,-0.0048007046,0.0180965520,0.0087885790,0.0276362334,0.0268639062,-0.0016867438,0.0391670849,0.0198483121,-0.0487376950,0.0219115793,-0.0011063191,-0.0037826191,-0.0098107437,-0.0220372701,-0.0093626993,0.0183367845,-0.0147433270,0.0116744014,-0.0075028010,0.0139171351,0.0290837202,0.0085343866,-0.0127059301,-0.0054360123,0.0002230184,0.0251979232,0.0377070424,0.0055578634,0.0027824037,-0.0352783458,-0.0095378943,-0.0323553119,-0.0163000470,0.0119247704,0.0170734953,0.0082037811,0.0114169055,-0.0029997529,-0.0110610768,-0.0299571795,-0.0183069616,0.0234585325,-0.0002034307,0.0211933209,0.0156464950,0.0328824965,-0.0009878192,-0.0324551524,0.0315429507,-0.0284964805,0.0075238345,0.0043292635,0.0263684117,0.0250429944
381.0000000000,-0.0062623903,0.0204369126,-0.0220740051,0.0104983842,-0.0288308872,0.0116750340,-0.0046664027,0.0018838808,0.0109551835,-0.0211238530,-0.0008715774,-0.0047706694,0.0188261270,-0.0233047931,0.0064129448,0.0268717109,-0.0050668196,-0.0143845634,0.0189805867,0.0018706117,-0.0071918112,-0.0062684118,-0.0059705139,-0.0451205737,0.0240664346,-0.0170559468,0.0271362520,-0.0034941349,0.0101734803,0.0243189660,0.0072471367,0.0092507377,-0.0307967783,0.0004012109,-0.0067630118,0.0439283267,0.0229319448,-0.0110109485,-0.0411517841,-0.0108009639,-0.0354637484,-0.0172251645,0.0107618908,0.0235410961,-0.0034335502,0.0106265599,-0.0006792249,0.0257107162,-0.0356589402,-0.0095832246,0.0042801662,-0.0076358699,0.0278225077,-0.0135761394,0.0419724462,0.0090380031,-0.0212128619,0.0356732241,-0.0341758347,0.0086647910,0.0046946145,0.0204194425,0.0442550661
382.0000000000,-0.0083426339,0.0096959716,0.0137284200,0.0095446092,-0.0333762545,0.0113941076,0.0146982174,-0.0030939365,-0.0157831595,-0.0081346336,-0.0194859907,-0.0175643040,0.0072000693,-0.0248424719,0.0124398465,0.0153776340,0.0167696151,0.0013318066,0.0111575355,-0.0010743300,0.0060688978,0.0020551718,-0.0157087299,-0.0181877627,0.0135068003,-0.0097063066,0.0206619335,-0.0038839926,0.0184930997,0.0279543881,0.0035633286,0.0130609995,-0.0007822685,-0.0003506288,0.0142840558,-0.0025244388,-0.0034220688,-0.0223225222,-0.0160277112,-0.0085567028,-0.0054004786,0.0059557819,0.0020626004,0.0135066485,-0.0055563620,0.0020674254,-0.0031028865,0.0226987326,-0.0223756710,0.0068627615,0.0052628860,0.0151866276,-0.0003535306,-0.0208295238,0.0268066307,0.0106652429,0.0016340154,0.0178691165,-0.0063379845,0.0086268849,0.0019927924,0.0226084876,-0.0005117685
383.0000000000,0.0025157674,0.0090989105,-0.0131994677,-0.0159943721,-0.0011297187,0.0126829663,-0.0119251657,-0.0149669022,-0.0119546186,-0.0133959948,0.0143924811,-0.0211716934,0.0170647426,-0.0033613794,-0.0195084227,0.0282703347,0.0214625183,-0.0206373973,-0.0036592355,0.0178778575,-0.0196847040,-0.0180777686,-0.0045888089,-0.0331366207,0.0298276843,-0.0061691871,0.0193748995,-0.0092064214,0.0249782379,0.0213064961,-0.0148453802,-0.0004373616,-0.0246275664,0.0003544164,0.0142336008,-0.0045378160,-0.0070891770,0.0067294940,-0.0237146901,-0.0046489575,-0.0296081633,-0.0348570536,0.0075116650,-0.0136793542,-0.0122438254,0.0074551116,-0.0032841586,0.0201385156,-0.0433647319,0.0068383981,0.0184311984,0.0044554475,-0.0097692698,-0.0040267535,0.0228518540,-0.0141529304,-0.0199452974,0.0160371327,-0.0104865388,0.0113594583,0.0078789094,-0.0095407507,0.0221833533
384.0000000000,-0.0185800010,-0.0007633773,-0.0061346989,-0.0205165040,-0.0169795103,0.0166015055,-0.0053863258,-0.0213201918,0.0127116486,-0.0134716436,0.0230112629,-0.0309999845,0.0154072437,-0.0076000758,0.0055105845,0.0361684661,0.0234845810,-0.0468832449,0.0160688776,0.0062035778,-0.0010688964,-0.0063239782,-0.0510787255,-0.0463792015,0.0093363873,-0.0123738520,0.0074195332,-0.0037632793,0.0430847729,0.0169280892,-0.0008689527,-0.0086210136,-0.0144598939,-0.0125346688,-0.0306558499,0.0251562535,-0.0092124284,-0.0067187249,-0.0208791335,0.0012947973,-0.0343157500,0.0005756845,0.0002010112,0.0317135299,-0.0197167527,-0.0071680771,-0.0111309252,0.0069417461,-0.0295207174,-0.0076300247,-0.0034522605,0.0009439397,0.0287764991,0.0047034807,0.0397217622,0.0107797533,-0.0068423257,0.0260108576,-0.0355085265,0.0027164668,0.0067375977,0.0109674799,0.0456047461
385.0000000000,0.0020034825,0.0258140059,-0.0153898277,-0.0102143751,-0.0108790767,-0.0017172911,0.0364691549,-0.0020219221,0.0046641611,-0.0175918280,0.0245860816,-0.0250581795,0.0085830584,0.0062653722,0.0105083239,0.0248214887,-0.0101666570,-0.0405482547,0.0010400741,-0.0207093485,0.0258861590,-0.0221622877,-0.0293208844,-0.0076746561,0.0045938937,-0.0145697561,-0.0073932765,-0.0214120314,0.0059192542,0.0180776393,-0.0162362919,-0.0182781774,-0.0233044583,-0.0015404059,0.0029165787,0.0357024070,0.0256657542,-0.0083764275,-0.0324561459,-0.0267081086,-0.0235318062,-0.0116598178,0.0072927499,0.0219999361,-0.0049005400,0.0096409101,0.0021147977,-0.0049425457,-0.0342181641,-0.0225804903,0.0122227756,0.0036147007,0.0200583406,-0.0051662140,0.0141154529,0.0198879068,-0.0120277462,0.0456848982,-0.0209842131,0.0019959792,-0.0037541722,0.0012610750,0.0168260777
386.0000000000,-0.0235340959,0.0337492491,-0.0011579021,-0.0237512051,-0.0212703689,0.0149221813,0.0061654712,-0.0072419388,0.0080834669,-0.0266353797,0.0307037556,-0.0236011896,0.0342975821,-0.0124616361,0.0237190104,0.0349016856,0.0187500491,-0.0135099252,0.0263047403,-0.0111953644,0.0029180791,0.0101274242,-0.0070302933,-0.0320240673,0.0005529109,-0.0142522556,0.0244390802,-0.0043189675,0.0115025446,0.0180404941,-0.0178366799,-0.0089884740,-0.0223311561,-0.0181344171,0.0293852201,0.0380856124,0.0098837794,0.0186492401,-0.0127234643,0.0041852487,-0.0359260564,-0.0061376696,0.0271195617,0.0438215732,-0.0033789415,-0.0060461666,0.0217894391,0.0051759842,-0.0519214911,-0.0195582877,0.0113896847,-0.0080274246,0.0155792134,0.0141774466,0.0456661861,0.0027854763,-0.0237785032,0.0112146523,-0.0434040161,0.0019885121,0.0086355706,0.0302158960,0.0392841456
387.0000000000,-0.0055265992,0.0234326243,-0.0114694893,-0.0022018118,-0.0098675877,0.0270543266,0.0043766241,0.0079033982,-0.0117777723,-0.0091340485,0.0283215475,-0.0225030170,0.0177409487,-0.0128184448,-0.0079755634,0.0294109550,0.0181862954,-0.0349178440,-0.0041078079,-0.0021009485,0.0051761555,0.0059838202,-0.0099808354,-0.0260598980,0.0269972711,-0.0342144439,-0.0041838771,-0.0176499084,0.0095317061,0.0263825444,-0.0148751614,0.0089423376,0.0273592975,-0.0099549095,0.0029882504,0.0306979743,0.0058130765,-0.0093236919,-0.0052997443,-0.0137130700,-0.0213924895,-0.0086589428,0.0130190393,0.0197562363,0.0007988805,-0.0048512552,-0.0177894000,0.0045479385,0.0050664313,-0.0203077195,0.0040909085,-0.0110176138,0.0186271725,-0.0096235212,0.0081975685,-0.0008974795,-0.0084669179,0.0440362488,-0.0343785811,0.0137681706,0.0105712779,-0.0003762012,0.0222185828
388.0000000000,-0.0183391852,0.0325759148,0.0051866804,-0.0057215248,-0.0099711488,0.0217656459,0.0010764835,-0.0074796444,0.0128887311,-0.0034641066,0.0089161920,-0.0184177338,-0.0217873464,-0.0040912592,-0.0125845774,0.0074348456,0.0134853243,-0.0147720437,0.0339961556,0.0225261569,0.0083155570,-0.0180917735,-0.0035126057,-0.0094424152,0.0155545817,-0.0070382165,0.0443261817,-0.0173032388,0.0246019873,0.0358796160,-0.0276231353,-0.0113564296,-0.0102012393,-0.0041338433,0.0101423455,0.0199348090,0.0215224373,0.0005208363,0.0023365522,-0.0235132619,-0.0168686454,0.0063260973,0.0161882415,-0.0046301242,0.0014092428,0.0141091624,-0.0088120934,0.0002424922,-0.0385273776,0.0063791822,0.0250499499,0.0014822029,0.0271972925,-0.0031740232,0.0208323443,0.0072418987,0.0101864428,0.0282996447,-0.0302211559,0.0202806072,0.0319056746,0.0389947557,0.0119048933
389.0000000000,-0.0460862139,0.0029266942,-0.0085024708,-0.0158898200,-0.0007324585,0.0155881732,0.0026515917,-0.0144673175,0.0136323413,-0.0159007984,0.0068320989,-0.0201181873,-0.0013669350,-0.0171915337,-0.0218347910,0.0176900276,0.0065760187,-0.0109396859,0.0089587705,-0.0269881128,0.0049795160,0.0062266503,-0.0111871909,0.0024412581,-0.0031971667,-0.0124833217,0.0115444646,0.0014410698,0.0212150530,0.0278562212,-0.0063357613,-0.0086214431,0.0029416196,0.0112308242,-0.0110450739,0.0186641973,0.0187375531,-0.0092452830,-0.0225798011,-0.0186707471,-0.0221053046,-0.0097695912,0.0327159046,0.0026173316,-0.0134446615,0.0061248777,0.0156996018,0.0142798659,-0.0391719985,-0.0075451106,0.0028206361,-0.0156047655,0.0299450226,-0.0023835080,0.0365331399,0.0001619291,-0.0044751154,0.0344458937,-0.0007999781,0.0068049933,0.0075406561,0.0197172958,0.0328213022
390.0000000000,-0.0087186946,0.0284645987,-0.0127685122,0.0209517665,-0.0010366590,0.0005151400,0.0209469177,-0.0233271579,-0.0030851744,-0.0190879496,0.0207879614,-0.0220014433,0.0094336784,-0.0048478581,0.0040328229,0.0099166841,0.0186808615,-0.0243903720,0.0159734063,-0.0020374408,-0.0184914373,-0.0431122065,-0.0243668440,-0.0298854715,0.0251996989,-0.0171199295,0.0081037379,0.0022339601,0.0380573504,0.0387700332,-0.0035958585,-0.0074622832,0.0058638226,0.0188678149,-0.0149765433,0.0120856115,0.0150971815,-0.0126827694,-0.0081566945,-0.0201943566,-0.0433130304,0.0136197084,0.0364446417,0.0089699364,-0.0215904394,0.0008861693,-0.0185461184,-0.0067817385,-0.0089846962,-0.0043555265,0.0013717714,-0.0238544443,0.0065366678,0.0024853058,0.0490314992,0.0130364125,-0.0160140371,0.0503092302,-0.0402297735,-0.0027800626,0.0138777786,0.0180141874,0.0213973824
391.0000000000,-0.0179452654,0.0122232762,-0.0121335023,-0.0053327311,0.0053843432,-0.0247291474,-0.0103392084,-0.0007824273,0.0053716943,0.0107501385,0.0123901667,-0.0096195198,0.0169758092,-0.0181530500,0.0003287568,0.0446915044,0.0059243821,-0.0497801304,0.0108308958,-0.0019969834,-0.0234982032,-0.0256433068,-0.0054176506,-0.0005193098,0.0183030218,-0.0047699263,0.0029081088,-0.0102082019,0.0246321316,-0.0085656616,-0.0029893409,-0.0126457820,-0.0180423983,-0.0019095215,0.0035927131,0.0247167668,-0.0029292847,-0.0330905188,-0.0382573196,-0.0106545343,-0.0579751908,-0.0008136513,0.0069357473,0.0208269265,-0.0005684968,0.0171756983,-0.0111545069,-0.0199497516,-0.0298161792,-0.0079852744,0.0198917849,-0.0246384209,0.0059026913,-0.0076737711,0.0130520871,0.0116214196,-0.0247920030,0.0415205066,-0.0156997183,0.0067344429,-0.0003256890,0.0177018727,0.0154252180
392.0000000000,-0.0191512072,0.0285707682,-0.0159487224,-0.0222558083,-0.0119278662,0.0031479452,0.0353169373,-0.0077969078,0.0299922849,-0.0267446605,0.0181031618,-0.0040469603,0.0101172418,-0.0188610363,0.0181583274,0.0381239987,0.0152913037,0.0022897403,-0.0033491739,0.0056253563,0.0051457248,0.0100857173,-0.0191578419,-0.0108317778,0.0099777786,-0.0187157700,-0.0118292262,-0.0039678428,0.0034876567,0.0320466363,-0.0151677022,0.0023280841,-0.0217025093,0.0050175881,0.0097094991,0.0261899330,0.0239231000,-0.0139090775,-0.0177766790,-0.0261232003,-0.0252495691,-0.0028747843,0.0183094216,0.0259120259,-0.0089074459,0.0099926213,0.0113770049,0.0063867514,-0.0200635366,-0.0305224744,0.0090008220,-0.0282329736,0.0165965016,0.0042800097,0.0059585608,0.0039381169,-0.0136751482,0.0291503747,-0.0416700652,-0.0070974978,-0.0127498332,0.0270907535,0.0068134508
393.0000000000,-0.0084378288,0.0267191357,-0.0127883858,0.0035536351,-0.0286099354,0.0069815540,0.0241578976,0.0121782350,-0.0052523577,-0.0178999133,0.0156596800,-0.0355073343,0.0128758354,0.0037325821,0.0042638439,0.0253763547,-0.0004645501,-0.0207407763,0.0003150334,-0.0163804233,0.0094397456,0.0090464840,-0.0263347189,-0.0032251540,0.0116476895,-0.0258871539,0.0103941818,-0.0105308056,0.0318692190,0.0204479796,0.0154578286,0.0056795534,-0.0282609669,0.0055179876,-0.0286217675,0.0150649053,0.0303747208,-0.0062357290,-0.0313509488,0.0132102412,-0.0271014380,-0.0045235113,0.0272136306,0.0227320809,-0.0019442100,0.0074256040,-0.0157688173,0.0197968749,-0.0482491767,-0.0070654951,0.0162839807,0.0158191582,0.0298318463,0.0136241328,0.0144335256,0.0234793737,-0.0084702548,0.0375483795,-0.0131610239,-0.0057918288,0.0152134427,0.0128998714,0.0187315223
394.0000000000,-0.0074644701,0.0324041813,0.0195157000,-0.0027705708,-0.0268394441,0.0024926074,0.0421543026,-0.0132387138,-0.0030152236,0.0164583492,0.0196143423,-0.0219546703,0.0193900827,0.0068873703,-0.0151586646,0.0455410739,0.0158630922,-0.0060571924,0.0178048358,-0.0116906741,-0.0018602893,-0.0122905556,-0.0003165724,-0.0241881762,0.0028810902,-0.0041686968,0.0082051204,-0.0003474019,0.0298657834,0.0445570264,-0.0265144583,0.0017179040,-0.0043203135,0.0148977365,0.0163282669,0.0246859540,0.0172585698,-0.0222221015,-0.0218907992,-0.0122500355,-0.0510896881,0.0152056966,0.0103483142,0.0266239729,-0.0166436929,-0.0129556319,0.0040251456,0.0121806457,-0.0439133684,-0.0100907691,-0.0052113802,0.0056544514,0.0262863272,-0.0151809766,0.0061629397,0.0199786218,-0.0250870423,0.0309213191,-0.0267397565,0.0088493067,-0.0236190862,0.0276150465,0.0205846517
395.0000000000,-0.0168768170,0.0139147682,-0.0224359642,-0.0163028456,-0.0091151761,-0.0047726118,0.0118298380,0.0021542515,-0.0016812373,0.0071746495,0.0534798159,-0.0137388786,0.0162122436,-0.0169866415,0.0029235803,0.0399157068,0.0201743687,-0.0158055171,0.0123564587,-0.0053098253,0.0066730680,-0.0317544278,-0.0202475505,-0.0146742138,0.0035538056,-0.0239766130,0.0187523927,-0.0019208201,0.0200152646,0.0373227701,0.0000607074,0.0246736901,-0.0043675925,0.0060182690,0.0268942352,0.0247939261,0.0150074607,-0.0154760109,-0.0286963504,-0.0210685369,-0.0429660133,-0.0011082469,0.0361277052,0.0105425079,-0.0192336451,0.0076009915,-0.0119833817,0.0173213725,-0.0322614391,-0.0086868807,0.0408862486,0.0197508544,0.0183076522,0.0126650973,0.0118490749,0.0012611952,-0.0108250236,0.0242658072,0.0051880527,0.0222656241,0.0153852678,0.0319144935,0.0049513279
396.0000000000,-0.0111889458,0.0209909546,-0.0067732076,-0.0045139726,-0.0050897557,0.0250500926,-0.0049687322,0.0176180609,0.0223394323,-0.0014139237,0.0242715316,-0.0263141233,-0.0063548168,0.0122806269,0.0128587313,0.0295827946,0.0119511452,-0.0223129452,0.0283128072,0.0003656377,-0.0012891155,-0.0037997808,-0.0290876835,-0.0028856975,0.0054950423,-0.0192667018,0.0014672346,-0.0239676752,0.0062584448,0.0118667550,0.0017991476,-0.0061224427,-0.0119477064,0.0006329415,-0.0242571021,0.0289578739,0.0332877339,-0.0162262654,-0.0301827772,0.0056543240,-0.0115963371,-0.0012853049,-0.0074133207,0.0294365801,0.0030782152,-0.0005325292,-0.0288740035,0.0112657710,-0.0368140912,-0.0140290515,0.0013281563,0.0162324483,0.0075843639,-0.0052181430,0.0174239723,-0.0080042012,-0.0159177536,0.0308337127,-0.0175759511,-0.0029514840,0.0162846213,0.0186344676,0.0303627775
397.0000000000,-0.0241134751,0.0239081298,-0.0024842250,0.0100223261,0.0034573592,0.0143508327,0.0152042636,-0.0072115432,0.0090854375,0.0042495486,0.0116178133,0.0033748267,0.0011723300,0.0114285820,-0.0014013816,0.0254177008,0.0147145609,-0.0138223939,0.0194202524,-0.0114821149,0.0008040866,-0.0060326071,-0.0116314959,-0.0126486913,0.0078925164,-0.0415749485,0.0349566501,-0.0011613752,0.0108310446,-0.0020554064,-0.0003076018,-0.0038626408,-0.0073763359,-0.0048469450,0.0013625003,0.0081837784,-0.0043971862,0.0009855938,0.0051782926,-0.0188864183,-0.0284865911,-0.0241291838,0.0084100462,-0.0010711233,-0.0077134848,-0.0096623375,-0.0146741851,0.0149940688,-0.0114787304,-0.0105177397,-0.0001455142,0.0177883501,-0.0094492582,0.0067982339,0.0126426244,-0.0008592069,-0.0080223806,0.0243877726,-0.0263466914,0.0103052137,-0.0073463008,0.0011490874,0.0122661647
398.0000000000,0.0053344672,0.0215817692,-0.0107819551,0.0021481366,-0.0178011603,0.0170964220,0.0133461585,0.0122572850,0.0258083050,-0.0072550332,0.0310085816,-0.0189995013,0.0115678222,0.0000430912,0.0077540525,-0.0019133660,0.0155321239,-0.0424679260,0.0107246161,-0.0125360322,-0.0000316253,-0.0099570819,0.0100741716,-0.0140908634,0.0249196018,-0.0298408489,-0.0053737018,0.0054839655,0.0144531938,0.0091800283,-0.0144435804,-0.0231462898,-0.0003246358,0.0177530114,-0.0082014940,0.0011774197,0.0305718323,-0.0083355127,-0.0028758857,-0.0077005392,-0.0407859994,-0.0020546717,0.0170325826,0.0116950822,-0.0091512129,0.0061434985,-0.0085086136,0.0154329672,-0.0243277567,-0.0079411548,0.0300642460,-0.0002500625,0.0168988024,-0.0053287125,0.0244320515,0.0031702989,-0.0097381344,0.0662694762,-0.0015571036,0.0156966284,0.0132395080,0.0158004704,0.0106897756
399.0000000000,-0.0028066701,0.0155191599,-0.0326794837,-0.0220647034,-0.0102690602,-0.0056045805,0.0330088114,-0.0046395192,0.0088892636,0.0012946901,0.0122942777,-0.0053918046,0.0221554678,0.0018344335,-0.0016772953,0.0329793247,0.0157403282,-0.0510586494,0.0150180478,0.0189397633,0.0236604544,-0.0028912156,0.0020422887,-0.0187189904,0.0358210810,-0.0344512739,0.0067658558,0.0163527755,-0.0022883445,0.0273269969,-0.0143177708,-0.0063435479,-0.0170218947,-0.0064450237,-0.0071414494,0.0228115932,0.0296419845,-0.0025535357,-0.0272667117,-0.0212041446,-0.0332401418,-0.0137560149,0.0343225186,0.0317208815,0.0090284206,-0.0029132819,-0.0250202104,0.0011150539,-0.0351437293,-0.0220065167,0.0095855050,0.0141220144,0.0268365860,-0.0134926909,0.0276196565,-0.0038489930,-0.0289205761,0.0337398090,-0.0229854132,0.0143481310,-0.0034095344,0.0398552155,0.0124717147
400.0000000000,-0.0086204184,0.0115934358,-0.0319397487,-0.0145112064,0.0191284129,-0.0053854247,0.0214478713,-0.0109020458,0.0180334725,0.0075281078,0.0071828596,-0.0000225186,-0.0012227092,-0.0164690140,0.0026946158,0.0157657594,0.0159918083,-0.0086264212,0.0042420024,-0.0176153768,0.0066827955,0.0089539096,-0.0193130250,-0.0120980794,0.0007592571,0.0158263213,-0.0005012998,0.0106448400,0.0219828808,0.0073830427,0.0153557886,-0.0173421475,-0.0089414418,-0.0089060004,0.0163636602,0.0027312624,0.0021938497,0.0137132310,-0.0213030487,0.0182026391,-0.0142391967,0.0022176293,0.0105188360,0.0130876552,-0.0121966262,-0.0044051735,0.0145833585,-0.0128565321,-0.0164279980,0.0006935519,0.0149959695,0.0070509092,0.0200743934,-0.0051019980,0.0077705086,0.0133825305,-0.0120805208,0.0181245052,-0.0052128729,-0.0000836159,0.0001704643,0.0040215035,0.0002635647
401.0000000000,-0.0169468279,0.0285840277,-0.0389376114,-0.0035665377,-0.0389853941,-0.0096614837,0.0162047106,0.0146253886,-0.0089377367,-0.0134938874,0.0212372689,-0.0136367489,-0.0068434876,-0.0025913358,0.0015524874,0.0126160587,0.0314317137,-0.0396140671,0.0118551856,0.0127390835,0.0018262725,-0.0077375728,-0.0300818876,-0.0088029786,0.0239259535,-0.0130927398,-0.0049026265,-0.0185653124,0.0114451074,0.0259523441,-0.0083174317,-0.0055825695,-0.0080074037,-0.0079140910,0.0064699762,0.0177202672,0.0077572508,-0.0037965281,-0.0100259266,-0.0215341435,-0.0417943109,-0.0024294415,-0.0169564230,0.0120284963,-0.0039396753,0.0040195871,0.0130509305,0.0060045341,-0.0318935266,-0.0214251744,0.0419227781,-0.0050189426,0.0143849707,0.0010664060,0.0086045220,0.0047802715,-0.0339769783,0.0148295887,-0.0107357621,0.0113106492,-0.0022049566,0.0133883680,0.0135033324
402.0000000000,-0.0219916862,0.0142981820,-0.0169661573,-0.0043721468,-0.0183079793,-0.0025280188,0.0141424915,-0.0088773001,0.0069294795,-0.0117537005,0.0075586092,-0.0225489768,0.0090573805,0.0157448277,-0.0125298014,0.0159377244,0.0132846225,-0.0103720161,0.0119439473,-0.0140090920,0.0086823465,-0.0201404159,-0.0206911452,-0.0072412592,0.0182952458,-0.0127289100,-0.0025126933,-0.0021375053,0.0257526352,0.0210041192,-0.0061099606,-0.0013724323,-0.0131373646,-0.0151968275,0.0090022024,0.0069322530,-0.0015654219,-0.0126915579,-0.0117866426,-0.0205387240,-0.0273486336,-0.0008867928,0.0100182802,0.0310547262,0.0101345354,0.0157621471,-0.0017101257,0.0165239727,-0.0296814941,-0.0070252122,-0.0039931595,-0.0123883941,0.0154235641,0.0013718166,0.0066683691,0.0081272791,-0.0104959295,0.0232592826,-0.0029846819,0.0181960301,0.0110812832,0.0134887709,0.0052539544
403.0000000000,-0.0162965726,0.0055846439,0.0182073360,-0.0062148340,0.0012882083,-0.0051734583,0.0121022164,-0.0025459398,0.0179854847,-0.0007945993,0.0177560815,-0.0050477323,0.0044799113,-0.0138442224,0.0052794000,0.0378929995,0.0006969076,-0.0253810864,0.0182047829,0.0318450755,-0.0033448290,-0.0053706257,0.0048168910,-0.0388969334,0.0012871352,-0.0020135141,0.0045992146,0.0239063916,0.0228525482,0.0370302130,-0.0092016855,-0.0020903127,-0.0182364469,0.0006536098,0.0105309380,0.0079196013,0.0375094490,-0.0031597324,0.0010981321,-0.0220033714,-0.0325340792,-0.0174905696,-0.0101125268,0.0013507451,-0.0090314436,0.0006624814,-0.0182063254,0.0214849831,-0.0297655519,-0.0207503072,0.0132851457,-0.0242365338,0.0299597047,-0.0082542919,0.0233545938,0.0078647029,0.0101930709,0.0346615511,-0.0292827025,0.0194931466,0.0140259603,0.0061543752,0.0162848655
404.0000000000,-0.0226586023,0.0071605112,-0.0203257113,-0.0155252473,-0.0125062465,0.0042857116,-0.0007630780,0.0057609948,-0.0147656942,0.0022325030,0.0279378154,-0.0158568807,0.0294498774,0.0142773125,0.0029236957,0.0409554372,-0.0075687519,-0.0168452285,0.0106237114,-0.0092848108,-0.0021595519,-0.0073327917,-0.0105753635,-0.0194132727,0.0123002265,-0.0079769684,0.0033205251,-0.0147030590,0.0398559893,0.0329169134,0.0153778566,-0.0126494885,-0.0096586590,-0.0130425320,-0.0193083044,0.0486751189,0.0199861586,-0.0199697906,-0.0162093057,-0.0012007477,-0.0296177090,-0.0012866346,-0.0240504608,0.0342847085,0.0043484085,-0.0114256723,-0.0165082380,-0.0157922382,-0.0360145055,-0.0012482324,0.0128748463,-0.0073701616,0.0237461443,0.0015556120,0.0319332218,0.0046809164,-0.0212314190,0.0267421962,-0.0147392677,0.0116585878,0.0060153346,0.0335743854,0.0190841133
405.0000000000,-0.0233158845,-0.0153904444,-0.0126920632,-0.0257709491,0.0009303402,0.0113182455,0.0002382526,-0.0054519763,0.0138450054,0.0123389865,0.0247498644,-0.0132642609,0.0110344877,0.0078354756,0.0053547711,0.0197766759,0.0193250507,-0.0172194946,0.0037373085,-0.0046507000,-0.0168527096,-0.0210628060,-0.0036953620,-0.0164275247,0.0186268590,0.0059501641,0.0070269237,-0.0160488525,0.0150642245,0.0267817158,-0.0101400418,0.0067029774,-0.0097405485,0.0069327101,-0.0206235585,0.0073093923,0.0074069573,0.0048035110,-0.0313514548,-0.0038663337,-0.0112917887,-0.0117119253,-0.0012793722,-0.0058803332,-0.0213898912,-0.0185343291,0.0067387161,-0.0091727897,-0.0258918780,-0.0006734820,0.0021365898,-0.0069661994,0.0215915048,0.0204720547,0.0323560513,-0.0084978421,-0.0111161702,0.0290660548,0.0018434251,0.0119902324,0.0275528576,0.0207107643,0.0252676403
406.0000000000,0.0026596205,0.0211709921,0.0026541190,0.0130385805,-0.0138614526,0.0116622334,0.0069386798,-0.0066726319,-0.0015509085,-0.0014568014,0.0235748692,-0.0206866114,0.0043323642,0.0088035479,0.0005400507,0.0518571238,0.0130074909,-0.0386726919,0.0293737448,0.0160514371,0.0175329940,-0.0092394025,0.0067891599,-0.0191188891,0.0054202696,-0.0398698943,0.0167975579,-0.0024011697,0.0092907854,0.0402683006,-0.0168375332,0.0172383506,-0.0086177185,0.0234901407,0.0029873281,0.0403659169,0.0238871465,-0.0104654759,-0.0162308802,-0.0189190106,-0.0318548107,-0.0149611183,-0.0001174757,0.0256076504,-0.0236746354,0.0239285020,0.0058287365,0.0073571122,-0.0278824814,-0.0076068730,0.0260724746,-0.0061666512,0.0171392135,-0.0035412511,0.0256082299,0.0171143650,-0.0156748066,0.0244476570,-0.0174150588,-0.0134713402,0.0049407924,0.0102821508,0.0123764360
407.0000000000,-0.0224713031,-0.0089054108,0.0146408640,-0.0098877215,-0.0107657906,0.0048165465,-0.0072733931,0.0000184641,-0.0190717669,-0.0019462679,0.0158575292,-0.0064006517,0.0066551193,0.0079450295,-0.0094949189,-0.0241831738,0.0118325584,0.0062336267,0.0084634723,-0.0133027280,0.0006640301,-0.0304480948,-0.0216050098,-0.0217711178,0.0131831352,-0.0066906355,0.0129134039,-0.0027680742,-0.0062557028,0.0063090838,-0.0025557417,0.0103215348,-0.0183876967,0.0042067904,0.0242237588,0.0235241587,0.0134928619,-0.0237850630,-0.0158069817,0.0054772419,-0.0063019626,-0.0088875594,0.0002904352,0.0070113681,0.0006192199,0.0168067010,-0.0124833344,-0.0119976301,-0.0125062134,0.0001173061,-0.0143785101,-0.0027998457,0.0151693682,0.0025139594,0.0276111930,0.0158481086,0.0026763326,0.0199428651,-0.0065450641,-0.0041458601,0.0107800287,0.0119374692,-0.0008129484
408.0000000000,-0.0151602991,0.0203904070,0.0061365609,-0.0116365911,-0.0143019730,0.0109398591,-0.0012390821,-0.0124407198,0.0022965555,-0.0258587853,0.0175022543,-0.0190671551,0.0017089954,0.0048513837,0.0103749347,0.0388135671,0.0094924843,-0.0243657336,0.0134633040,0.0063025226,0.0204828142,0.0041706513,-0.0210508365,-0.0122485516,0.0129161774,-0.0140302043,0.0079151048,-0.0166043687,0.0116756758,0.0117981150,-0.0251173836,-0.0004658449,-0.0492167054,0.0011051436,-0.0138372570,0.0149969504,0.0277785220,-0.0378489868,-0.0187125170,0.0047572262,-0.0569148827,0.0095707901,0.0324709678,0.0109519648,-0.0012564785,0.0104886760,-0.0023377403,-0.0157238834,-0.0360736964,-0.0093608902,0.0308265054,-0.0158799147,0.0240692631,0.0221073126,0.0217053704,0.0264235814,-0.0092273297,0.0349575382,-0.0020379507,0.0311601400,0.0139867532,0.0028032356,0.0166667778
409.0000000000,0.0002187838,0.0082179811,-0.0122028930,-0.0033753506,-0.0169604904,0.0045913637,0.0088022544,-0.0268919354,0.0069557376,0.0011296883,0.0130198170,-0.0387066608,0.0042258125,-0.0095047661,0.0141531574,-0.0112181250,-0.0023648292,-0.0139165504,0.0080760595,-0.0113496606,0.0013934508,-0.0005883937,-0.0024551610,-0.0037633231,-0.0007118260,-0.0090034461,0.0134453273,0.0151404123,-0.0034227082,0.0262740154,0.0080906542,0.0214232437,-0.0136238714,-0.0060933006,-0.0158688793,0.0243185814,0.0238959739,0.0047188422,-0.0142926952,-0.0030384536,-0.0424403510,0.0082528338,0.0080541027,0.0187203502,-0.0035639916,-0.0128103511,-0.0201853147,0.0181328481,-0.0407720739,-0.0150570256,0.0219730082,0.0171751378,-0.0071110055,0.0255637199,0.0092862561,-0.0140609556,-0.0181446012,0.0307035617,-0.0183409818,-0.0009728344,-0.0030114783,0.0091098197,-0.0048503597
410.0000000000,-0.0446720747,0.0229558629,-0.0119356802,-0.0244361808,-0.0032090504,0.0049952094,0.0059840138,-0.0052764579,0.0102217846,-0.0063340888,0.0266479644,-0.0100186121,0.0263096805,-0.0041373704,0.0037031794,0.0153861164,0.0440693189,-0.0338124066,0.0080766827,-0.0068349612,0.0099449795,0.0085338982,-0.0030192225,-0.0084351900,0.0147608782,-0.0165113327,-0.0017522911,-0.0075283593,0.0123791967,0.0241372226,-0.0166724969,0.0053993604,-0.0277973948,-0.0015481229,-0.0256552822,0.0371010699,0.0163320338,-0.0105339182,-0.0509684112,-0.0257309835,-0.0447726974,-0.0113118736,0.0226657811,0.0473657936,-0.0042913046,0.0170591599,-0.0006507567,0.0250477257,-0.0563563251,-0.0174911790,0.0117676915,0.0085111437,-0.0037000768,0.0126159312,0.0174370100,0.0194168825,-0.0147927147,0.0445000244,-0.0244276769,0.0166439406,-0.0077814376,0.0127189791,0.0270043216
411.0000000000,-0.0026820726,0.0341425673,-0.0180403452,0.0031368688,0.0116078011,0.0124799864,0.0203688201,-0.0000238864,0.0104146513,0.0224392150,0.0128885271,-0.0059201115,0.0065537721,0.0040510670,0.0135936380,-0.0052549776,-0.0096770906,-0.0242528527,0.0063192522,-0.0121756612,-0.0200750479,-0.0147949655,-0.0150419840,-0.0055686681,-0.0079974960,-0.0249680876,0.0169164851,0.0065950064,0.0337936995,0.0061276504,-0.0172236181,-0.0005732084,-0.0096313087,0.0003617466,0.0091320160,0.0162597221,0.0140597269,0.0002019381,-0.0288720784,0.0119819341,-0.0056783684,-0.0179458568,-0.0046688493,0.0357454262,-0.0010424996,0.0197557752,-0.0059052892,0.0051231667,-0.0145617261,-0.0159293133,0.0027789504,0.0045973759,-0.0075669695,-0.0006997584,0.0165510693,-0.0082357104,-0.0259550253,-0.0068251823,-0.0403742971,-0.0051710464,-0.0139628060,0.0238626584,0.0103303987
412.0000000000,-0.0240301584,-0.0052100807,-0.0221016269,0.0060841670,-0.0012675347,0.0219369406,0.0159588582,0.0041232802,-0.0089195240,-0.0051484826,0.0224463680,-0.0342147649,0.0129370567,-0.0011810134,0.0186327556,0.0532259507,-0.0063830796,-0.0216419285,-0.0002257535,-0.0228571178,-0.0170014325,-0.0038956391,-0.0335304151,-0.0148831137,-0.0059273039,-0.0132825304,0.0158675097,0.0108778270,0.0195332518,0.0266146671,-0.0011733515,0.0034113307,-0.0173509267,0.0062715588,0.0134469203,0.0170643665,0.0283469391,-0.0094038322,-0.0185573568,-0.0085414762,-0.0296371903,-0.0017842087,0.0119223913,0.0226587142,-0.0037719645,0.0074256597,-0.0095288419,0.0022784019,-0.0276224587,-0.0056915729,0.0231752227,-0.0038174018,-0.0132896411,0.0106198134,0.0188217804,0.0121944751,-0.0115065282,0.0176495853,-0.0162144929,-0.0065856766,0.0172678346,0.0104850345,0.0371978674
413.0000000000,-0.0171040126,-0.0060996179,-0.0089680225,0.0039200758,-0.0149550584,-0.0009566142,-0.0074029129,0.0049958179,0.0077677046,0.0252970783,0.0108370423,-0.0152653550,0.0055601750,-0.0045323337,0.0018050842,0.0361335787,0.0116321357,-0.0249890454,0.0002552285,0.0066273814,0.0066308401,0.0019743127,-0.0126471577,0.0095095538,0.0069603105,-0.0143148465,-0.0000860802,-0.0294801436,0.0245698323,0.0205679035,-0.0143699300,-0.0075642256,-0.0013996921,-0.0159806584,-0.0231959038,0.0244775523,0.0050927346,0.0034759954,-0.0188085032,-0.0143211284,-0.0230272986,-0.0101457327,0.0137290511,0.0192206157,-0.0115933331,0.0317546087,0.0068310485,-0.0096472424,-0.0435336793,-0.0106840647,0.0075367329,-0.0304326587,0.0220055948,-0.0031202919,0.0142622901,0.0052409436,-0.0021700252,0.0335935675,-0.0035821444,-0.0071400310,-0.0083866678,0.0218281141,0.0101250536
414.0000000000,-0.0205353893,0.0104760726,0.0229690982,-0.0135782323,-0.0182781744,0.0031358241,-0.0006868784,0.0031939725,-0.0158041550,-0.0144030293,0.0107571236,-0.0062081131,0.0108197859,-0.0136586419,0.0011833747,0.0396007384,0.0343072276,-0.0191162665,0.0012099274,0.0170641194,0.0056458297,-0.0103692018,-0.0118616771,-0.0384700822,0.0097361547,-0.0174038190,0.0267429688,0.0031069369,0.0266338057,0.0132109682,-0.0081298556,0.0066454306,-0.0230300761,0.0003358013,0.0071352344,0.0226185585,0.0419232586,-0.0154407046,-0.0243717618,-0.0419113149,-0.0326332218,-0.0161807690,0.0300608109,0.0253671606,-0.0163805695,-0.0141605775,-0.0037151750,0.0015810433,-0.0047614549,-0.0027773725,-0.0051248100,-0.0046627502,0.0308837234,0.0047190702,0.0059242296,0.0071619591,-0.0341054160,0.0324291834,-0.0229033388,0.0233361579,0.0133619545,0.0094216911,0.0196389507
415.0000000000,-0.0093581248,0.0036530434,-0.0186993510,0.0104392830,0.0031856600,0.0263483010,-0.0083198309,0.0214424256,0.0110960460,-0.0221883496,0.0353063601,-0.0112991965,-0.0035269383,0.0180025218,-0.0073882305,-0.0022080394,0.0142414446,-0.0212462945,-0.0038305230,-0.0094612952,0.0099271673,-0.0181373588,-0.0280919714,-0.0080121392,0.0191112024,-0.0090616124,-0.0029706227,0.0061888443,0.0270824653,0.0161041934,0.0004413546,-0.0057435828,-0.0020476633,-0.0110738373,-0.0185869215,0.0159508852,0.0054575588,-0.0212486113,-0.0277769017,-0.0101073570,-0.0162035965,0.0082407071,0.0088270072,0.0229055544,-0.0110056463,-0.0029702606,-0.0013609859,0.0009947854,-0.0322203286,0.0062388651,-0.0083534806,-0.0065419623,0.0133136444,0.0109844510,0.0655303140,0.0097945031,-0.0093339663,0.0470335476,-0.0110108338,-0.0041167743,0.0206534624,0.0023120860,0.0033256633
416.0000000000,-0.0302112948,-0.0114515806,-0.0173751145,-0.0104921065,-0.0073390444,0.0227787539,0.0140733445,-0.0115824265,-0.0279539198,-0.0114376994,0.0089699155,-0.0144553599,0.0005327281,0.0137621364,-0.0049505044,0.0262689770,0.0017452228,-0.0066237299,0.0310137334,-0.0016674171,-0.0067099303,-0.0113020250,-0.0168901510,-0.0010090382,0.0118476694,-0.0037689499,-0.0065028611,-0.0180922529,0.0126485895,0.0225685317,-0.0062630082,0.0156784409,-0.0108797629,0.0139266986,-0.0100650839,0.0390293327,-0.0016994737,-0.0084221890,-0.0068813483,-0.0226550409,-0.0151480213,-0.0136437650,0.0125878455,0.0073051839,0.0065580109,-0.0008797792,-0.0149671639,-0.0084214070,-0.0375664274,0.0037750597,0.0040286453,-0.0056387705,0.0222717006,-0.0165190910,0.0173524652,0.0053466626,-0.0266777366,0.0278036862,-0.0208648196,0.0216737307,0.0234071475,0.0088502438,0.0062545127
417.0000000000,-0.0249147551,0.0007172907,-0.0214425203,-0.0111645276,-0.0213120250,0.0157215873,0.0144583176,-0.0108597391,-0.0149616180,-0.0174620026,0.0079468183,-0.0040600008,-0.0039892054,-0.0098611066,0.0120118788,0.0134132981,0.0336471727,-0.0247080842,0.0047526506,-0.0082906671,-0.0042299139,0.0107880171,-0.0205029170,-0.0044573465,0.0251054512,-0.0107177547,0.0097697473,-0.0112332623,0.0013382995,0.0203305178,0.0117486169,-0.0114823983,-0.0181576313,0.0046895941,-0.0130610606,0.0468222224,0.0032949187,-0.0183779760,-0.0249549545,-0.0174306502,-0.0331142722,-0.0143481919,0.0043068066,-0.0032157780,0.0117376272,-0.0071124983,0.0117850060,0.0235774455,-0.0316872463,0.0033517720,0.0253861295,0.0005952051,0.0191112865,0.0107911314,0.0276660438,0.0044975642,-0.0245227004,0.0347566965,-0.0173549720,0.0147191789,0.0192124469,0.0007161992,0.0231217334
418.0000000000,-0.0212921728,0.0034839320,-0.0086258941,-0.0140794474,0.0083682883,-0.0089912576,0.0391540067,-0.0213902915,-0.0108339944,-0.0211054524,0.0355633631,-0.0159905980,0.0018986182,0.0042631043,0.0235829627,0.0176882088,0.0139754712,-0.0141487949,-0.0198219718,-0.0248121865,0.0167067996,-0.0291587984,-0.0114414661,-0.0289016719,0.0120602455,-0.0347717711,-0.0137946545,-0.0143001193,0.0207741906,0.0207549037,-0.0001249647,0.0034832542,0.0199359046,0.0089129040,0.0005514446,0.0114477457,0.0210284548,0.0060085542,-0.0130367769,0.0038830868,-0.0250170636,-0.0086068473,0.0081228140,0.0139308917,-0.0120291325,0.0149785534,0.0019593291,-0.0014918498,-0.0180879325,-0.0272876523,0.0253246852,-0.0174630426,0.0029965072,-0.0010090186,0.0211977648,0.0053888002,-0.0218736948,0.0139732889,0.0029106455,0.0312687120,0.0253468079,0.0204740119,0.0206945538
419.0000000000,-0.0039678035,0.0120189835,0.0107559130,0.0076567095,-0.0075782286,0.0015787987,0.0060289886,-0.0061131534,0.0014955595,0.0020105315,0.0163266029,-0.0148798481,0.0071825150,0.0006329754,0.0141320770,0.0387776058,0.0023082637,-0.0285434726,0.0199398521,0.0145421200,-0.0098079013,0.0023729869,-0.0326845915,-0.0069289286,0.0130872139,-0.0175625575,0.0174728087,-0.0076588666,0.0144242304,0.0188780165,0.0238595932,-0.0140390790,-0.0135575329,0.0302720765,-0.0030325786,0.0092706180,0.0128090825,-0.0181415114,-0.0167541481,0.0046150065,-0.0337511032,-0.0216479712,0.0139523246,-0.0032340524,-0.0110191319,0.0050191850,0.0078011894,0.0058450987,-0.0295766714,0.0040172924,0.0110546168,-0.0098359056,0.0062572674,0.0290180378,0.0091379953,0.0137389071,-0.0102174554,0.0252908866,-0.0418655245,-0.0000956373,0.0026168041,0.0290233768,-0.0016303129
420.0000000000,-0.0313711510,0.0153060435,-0.0153511579,-0.0116617597,-0.0211797628,-0.0020014405,0.0162456224,-0.0072465664,-0.0122882587,-0.0261280086,-0.0001833739,-0.0260869605,0.0133824898,0.0219268614,0.0324820274,0.0109594283,0.0070145037,-0.0226210725,0.0013915131,-0.0143855295,0.0075363767,-0.0062671321,0.0034626146,0.0067169547,0.0440701934,-0.0042108348,0.0111291324,-0.0065292973,0.0162925392,0.0391575511,0.0001437766,0.0050591702,-0.0088112997,0.0045112408,0.0017268992,0.0039436494,0.0156514818,-0.0021329876,-0.0211293561,-0.0046579089,-0.0309880690,-0.0262518568,0.0067837452,0.0277492352,-0.0073903618,0.0136978790,-0.0144526175,0.0020737935,-0.0234503705,-0.0068545725,0.0173021526,-0.0121703718,0.0324569832,0.0209526164,0.0218499280,-0.0023943971,-0.0096218595,0.0126017013,-0.0304402581,0.0013252205,0.0193540605,-0.0081015111,0.0108936981
421.0000000000,-0.0131269132,0.0245360185,-0.0163114274,-0.0149054203,-0.0227907549,0.0184861850,-0.0126138870,-0.0028856225,-0.0017348243,0.0025396944,0.0318817946,-0.0242145733,0.0171729460,-0.0147663764,0.0093764172,0.0169873130,0.0122878943,-0.0428287381,0.0283494457,0.0127241974,0.0056136519,-0.0194004042,-0.0064807227,-0.0408762686,0.0085453329,-0.0043660726,0.0218939791,-0.0106107148,0.0330700736,0.0338034380,-0.0152977504,-0.0275803448,-0.0024708845,0.0090342540,-0.0168937684,0.0183227839,0.0119355151,-0.0153830142,-0.0292658435,-0.0151874819,-0.0363204508,0.0148102328,0.0135218342,0.0169603357,-0.0151606347,0.0096449145,0.0110557150,0.0016513310,-0.0526411476,-0.0227046738,0.0357286000,-0.0190528219,-0.0014893848,0.0000449884,0.0237919719,0.0221054460,-0.0192375905,0.0018190168,-0.0174589269,-0.0046858398,0.0254851190,0.0115143516,0.0295955900
422.0000000000,0.0071045418,0.0028170639,-0.0131957378,-0.0052426216,-0.0025994172,0.0143471744,0.0030111188,0.0153588758,-0.0035750334,0.0099541380,-0.0139975304,0.0060893196,0.0156042860,0.0213650006,0.0356704573,0.0055706147,0.0105239689,-0.0100160894,0.0002280826,-0.0180955267,0.0123117447,-0.0361784492,-0.0156750749,0.0016386296,0.0095848715,-0.0124326505,0.0145800147,0.0067346013,0.0106710687,0.0408584413,-0.0011070724,-0.0060789584,-0.0102562379,-0.0070502889,-0.0030757494,0.0193334986,0.0054150428,0.0089351451,-0.0082801636,-0.0090957580,-0.0193834914,-0.0109758291,-0.0071545721,0.0068931088,-0.0097644199,0.0090379298,-0.0031631376,0.0042055614,-0.0252054656,0.0037564213,-0.0184760375,0.0010097380,0.0121783690,0.0049924574,0.0208894969,0.0013556443,-0.0171836355,0.0112823223,0.0046926612,0.0142373129,-0.0036622652,0.0121228501,0.0157397068
423.0000000000,-0.0133618500,-0.0092856880,-0.0221733544,-0.0124037538,-0.0165846284,-0.0118859434,0.0088519475,-0.0053553847,-0.0025364898,0.0035477397,0.0145328876,-0.0016808052,-0.0147871272,0.0139078159,0.0156309367,0.0405832557,0.0066934244,-0.0286454760,0.0086704689,0.0100502375,-0.0097992787,-0.0068620478,-0.0084473076,-0.0210501182,0.0258528445,-0.0137954195,-0.0069971872,0.0185329129,0.0122009940,0.0174384037,-0.0027552718,0.0093587616,0.0043898336,-0.0083034138,0.0021553236,0.0309703468,0.0304855935,-0.0011608265,-0.0126200505,-0.0144394475,-0.0536872732,-0.0108731829,0.0112091618,0.0050942602,-0.0027849009,0.0042224751,0.0140520355,-0.0024253276,-0.0143981464,-0.0065601009,0.0177920591,-0.0233607013,0.0269073116,0.0033423675,0.0380815972,0.0066226248,-0.0073247378,0.0145367745,0.0097205048,0.0133039271,0.0013829949,0.0191767054,0.0128860253
424.0000000000,-0.0107088447,0.0039681531,-0.0105859134,-0.0034804917,-0.0135859349,0.0044950836,0.0109857684,-0.0092055499,-0.0013695673,-0.0051338289,0.0087357546,-0.0170852643,-0.0030962220,-0.0151292923,-0.0014625774,0.0109914893,0.0090886327,0.0038949288,0.0105910801,-0.0069821374,-0.0090888982,-0.0072684879,0.0059826435,-0.0088028957,0.0045803974,-0.0053454891,-0.0012017919,-0.0037985173,-0.0057689372,0.0323694675,-0.0135196065,0.0110698419,-0.0121790730,-0.0083774586,-0.0171309262,0.0264693824,0.0146549293,-0.0170927929,-0.0169604103,0.0022335313,-0.0055584112,-0.0104318404,0.0089542502,-0.0072791757,-0.0040667118,0.0105670816,-0.0147082144,-0.0023072305,0.0121392467,-0.0080826409,0.0041674128,0.0040590765,0.0231593587,0.0280359737,0.0157325540,0.0037146936,-0.0080097605,0.0447731047,0.0039601932,-0.0028311710,-0.0243678077,-0.0068089667,0.0250050320
425.0000000000,-0.0275724607,-0.0070851730,-0.0247970364,0.0044634405,-0.0201703396,0.0232924234,0.0052751384,-0.0069767793,0.0051328052,-0.0089083675,0.0188523911,0.0019471024,-0.0080030711,-0.0072396802,-0.0166734816,0.0175665252,0.0328220461,-0.0342778051,0.0204512893,-0.0128476563,-0.0122574765,0.0014746545,-0.0049960963,-0.0312208837,0.0105705982,-0.0336057957,0.0135425281,-0.0186673001,0.0283359550,0.0350275244,-0.0029221441,-0.0051921991,-0.0127427361,-0.0120106129,-0.0149464060,0.0271566458,0.0199801342,-0.0102791484,-0.0256407343,-0.0023853833,-0.0279801474,-0.0274273512,-0.0172989600,0.0075621543,0.0272068447,0.0077683139,-0.0021032221,0.0133439249,-0.0170155646,0.0106595026,0.0304239745,0.0165851711,0.0185604436,0.0020903061,0.0201084257,0.0216010799,-0.0062017088,0.0318372781,-0.0247881889,0.0051784636,0.0085747572,0.0188307627,0.0123417495
426.0000000000,0.0082067934,0.0142166980,0.0115660407,0.0166000524,-0.0205202563,-0.0038203092,0.0169761224,0.0251093926,-0.0021326618,-0.0114599270,0.0196379648,0.0031225953,0.0244286332,-0.0121031055,0.0056906028,-0.0073852775,-0.0025254619,-0.0130155544,-0.0171025808,-0.0290207316,0.0064345166,-0.0180889522,-0.0014326865,-0.0012050505,-0.0012174410,-0.0174789165,-0.0086635270,0.0008833559,-0.0010375162,0.0286448667,-0.0076026485,-0.0120463402,-0.0060183506,0.0207373006,-0.0225603230,0.0336189281,0.0091406345,-0.0019853028,-0.0118085431,-0.0033353459,-0.0142697504,-0.0203207906,0.0052360540,0.0061460261,0.0011028895,-0.0051036022,0.0025896726,-0.0079082242,-0.0068397930,0.0100530136,-0.0053909387,-0.0157984846,-0.0155236641,0.0132364813,0.0242518166,0.0216506647,0.0090048240,0.0082991571,0.0048304598,-0.0007954032,-0.0041590202,0.0214422140,0.0071799675
427.0000000000,-0.0072320981,0.0204932273,-0.0508045541,-0.0057212851,-0.0030608344,0.0352765458,0.0163309031,-0.0145386483,0.0004189297,-0.0154249745,0.0175216879,-0.0256879055,0.0167076711,-0.0061668718,-0.0053151254,0.0145783244,0.0006318309,-0.0340307330,0.0151762357,0.0006466533,-0.0146885789,-0.0079218035,-0.0160224152,-0.0069144179,0.0204782929,-0.0102986873,-0.0050986673,-0.0169516172,0.0257329536,-0.0008459495,-0.0121629454,0.0074689813,-0.0094977667,0.0036729365,-0.0025617055,0.0114545962,0.0200750916,-0.0180713460,-0.0127711217,0.0188875507,-0.0428134094,-0.0143618754,-0.0008954210,0.0015017866,-0.0128239845,0.0221375889,-0.0067852187,-0.0007896362,-0.0311927727,-0.0013340930,-0.0024026326,0.0171572924,0.0158270144,0.0261264785,-0.0021766905,-0.0023816978,-0.0199326740,0.0217894425,-0.0013100595,0.0031366878,0.0176578506,0.0121539118,0.0253539888
428.0000000000,-0.0042769746,0.0139164145,-0.0067102294,0.0085390672,-0.0021753400,-0.0019386037,0.0323650875,0.0126866520,0.0102858192,-0.0068697322,0.0200235660,-0.0169987750,0.0061172486,-0.0340031290,0.0154636985,0.0264587019,0.0276933434,-0.0254875930,0.0116905702,-0.0096029973,-0.0214154316,0.0034854389,-0.0192287751,-0.0176290157,0.0042149553,-0.0139142027,0.0259545917,0.0092431582,0.0227750777,0.0231012070,0.0013113489,-0.0134872313,0.0150863828,0.0091627201,-0.0116060256,0.0087059607,-0.0042151574,-0.0114621048,-0.0425917531,-0.0213688742,-0.0278604868,-0.0161098416,0.0088179210,0.0047361993,0.0055276726,0.0211034210,-0.0049722102,0.0011937434,-0.0097376299,-0.0083633898,0.0003496538,-0.0040784236,0.0215241085,0.0173560243,0.0318270019,0.0134751303,-0.0053560034,0.0298625054,-0.0036342161,0.0054983689,-0.0014020518,0.0264696245,0.0080204132
429.0000000000,-0.0235912065,0.0088942294,-0.0038924404,0.0172206310,-0.0149730317,0.0203512555,0.0141435672,0.0113241455,-0.0009866474,-0.0109037264,0.0085590424,-0.0178082936,0.0434299684,0.0153471212,-0.0021915586,0.0489644864,0.0268252907,-0.0335957294,0.0157578157,-0.0120225661,0.0155586384,-0.0055874384,-0.0108772227,-0.0135557364,0.0138297340,-0.0163214464,0.0181190898,0.0097196985,0.0241175829,0.0361529789,-0.0132220293,0.0096310647,-0.0090036943,0.0171010005,0.0047740571,0.0340610675,-0.0116351212,-0.0114042664,-0.0404089501,-0.0120224075,-0.0145318342,0.0072125003,0.0014207813,0.0070219919,-0.0022647346,0.0049958626,-0.0233987445,0.0032375670,-0.0210488122,-0.0137939776,0.0128366895,0.0048485189,0.0266796489,0.0031693819,0.0038134660,0.0075665535,0.0016226828,0.0275654891,-0.0274665461,0.0080640432,0.0090785727,0.0097493552,0.0254189380
430.0000000000,-0.0168888187,0.0133112786,0.0067901106,-0.0043058247,-0.0237029264,0.0000496355,0.0059086408,-0.0074107648,0.0239150105,-0.0027465953,0.0122379586,-0.0024030674,0.0037217787,0.0180298259,0.0279176272,0.0052032144,0.0188995788,-0.0324914610,0.0235694271,0.0211345414,-0.0086886684,-0.0222502450,-0.0090913889,-0.0271180640,-0.0014588179,-0.0189907051,-0.0052771499,-0.0406626091,-0.0233720194,0.0006109447,-0.0077801953,0.0016037992,-0.0086592978,-0.0161196952,0.0008606113,0.0125822484,-0.0055601655,-0.0096676623,-0.0456462489,-0.0142724150,-0.0300874766,0.0076452931,0.0147905760,0.0280571337,-0.0042711032,0.0111302808,0.0100213125,0.0079432695,-0.0005945413,0.0097400378,-0.0024243351,-0.0045104670,0.0224409691,-0.0051678850,0.0057919851,0.0142334787,-0.0023542032,0.0017978719,-0.0016071465,0.0215451285,0.0178741897,-0.0036235408,0.0010713832
431.0000000000,-0.0167193115,0.0016730687,-0.0157451466,0.0160928273,-0.0136373850,-0.0105151919,0.0031243272,0.0075458186,0.0132573863,-0.0137322738,0.0227252084,-0.0153088348,0.0035132255,-0.0164482836,-0.0115448462,0.0232239818,-0.0114299034,-0.0248653860,0.0118583592,0.0080877224,0.0210960967,-0.0011500792,-0.0057165291,-0.0218225187,-0.0281533824,-0.0122549389,0.0194699982,0.0012233211,0.0264733655,0.0206926821,-0.0125932741,-0.0181963585,0.0070195352,0.0160624368,0.0023095643,0.0039606303,-0.0035510647,-0.0058997125,-0.0029098810,0.0051393762,-0.0281343960,-0.0240769027,0.0016432715,0.0116711898,-0.0143133279,-0.0086650720,-0.0119481636,-0.0105265792,-0.0250547306,-0.0155818462,-0.0022123041,0.0023001678,0.0172662658,0.0020413903,-0.0058468390,-0.0074414818,-0.0068292817,0.0147427363,-0.0265164314,0.0042387196,0.0081989975,0.0028150539,0.0193647938
432.0000000000,-0.0327250383,0.0282669728,-0.0036330295,-0.0169313699,-0.0054761110,-0.0032650069,0.0055742486,-0.0024779375,-0.0046476966,-0.0203658421,0.0241807787,-0.0208881116,0.0282386549,-0.0115104294,0.0210202547,0.0121131220,0.0062529287,-0.0215689821,-0.0015396199,-0.0001576783,-0.0065609108,-0.0034058754,-0.0230940270,-0.0265142009,0.0138013478,-0.0327580710,0.0277658159,-0.0333156941,0.0141062794,0.0364983173,-0.0273340863,0.0244816724,0.0077257863,0.0015595122,-0.0103402908,0.0487889118,0.0161770490,-0.0004451829,-0.0388176176,0.0024603513,-0.0510450574,-0.0010146566,0.0213867951,0.0171499652,0.0044599993,-0.0047654483,-0.0018853967,0.0029018026,-0.0418029251,-0.0088025679,0.0230077516,0.0187973895,0.0233329704,0.0009750455,0.0241298889,0.0121109268,-0.0319729826,0.0423348241,-0.0184702447,0.0027135982,-0.0143027107,0.0284039192,0.0427780382
433.0000000000,-0.0013404273,0.0202285956,-0.0237190740,0.0010485693,-0.0270692229,0.0214435287,0.0086748315,0.0045945282,-0.0190870480,0.0061245471,0.0045058908,0.0036033408,-0.0171613107,-0.0110235806,0.0123507963,0.0207561056,0.0168532701,0.0200146108,0.0031094832,-0.0016687013,-0.0047257314,-0.0014423082,-0.0294227042,-0.0121878024,0.0142691376,-0.0073779120,0.0015162804,0.0071954168,0.0112407037,0.0149732538,0.0135033429,0.0292951428,-0.0039488404,-0.0056561710,0.0122846625,-0.0020992289,0.0050116443,-0.0033427560,-0.0182814101,0.0031750484,0.0092130400,-0.0038095103,0.0161427824,0.0275982413,-0.0269870633,-0.0153233678,0.0115967477,0.0234335324,0.0000026942,0.0118320349,0.0048763183,-0.0006312374,0.0086860100,-0.0070973665,0.0087229102,0.0128537463,0.0025194343,0.0298862968,-0.0056470921,-0.0174199861,-0.0115555634,-0.0201975618,-0.0070668987
434.0000000000,-0.0051320921,0.0135642005,0.0006713697,-0.0163021020,-0.0134552625,-0.0071639938,0.0127661418,-0.0083079415,0.0156335395,-0.0068374690,0.0016343027,-0.0116688855,-0.0037279356,0.0034592759,0.0010830724,0.0000222488,0.0061132298,-0.0101860850,0.0157874796,-0.0231615117,0.0012396455,-0.0024152327,-0.0149158788,-0.0301780149,0.0170734226,-0.0203193949,0.0126502475,-0.0117078434,0.0019421885,0.0231464214,-0.0007108880,0.0013060094,0.0069061994,0.0052577493,0.0142133688,0.0032121973,0.0294449946,-0.0067367840,-0.0147944827,-0.0315229822,-0.0115600254,0.0140916820,0.0260944277,0.0185601845,0.0044392022,0.0125151333,-0.0035503738,0.0007921048,-0.0208980711,-0.0169834944,0.0153969688,0.0137519630,0.0334169421,-0.0034615801,-0.0032927212,-0.0131657077,0.0014724111,0.0249932087,-0.0111434340,0.0088819504,0.0133792832,-0.0083677148,0.0196991477
435.0000000000,-0.0071496100,-0.0046247618,-0.0137959151,-0.0009168783,0.0066921787,-0.0043716191,-0.0004152688,0.0057239366,0.0206335685,-0.0260563255,0.0155039474,0.0121238453,0.0073481363,-0.0006386544,0.0094600918,0.0222017101,-0.0120966198,-0.0466944077,0.0185282697,0.0060622785,-0.0099253803,0.0056678232,-0.0061708312,-0.0091219180,0.0044982004,-0.0246613667,0.0062244740,-0.0099082219,0.0287350400,0.0182898830,-0.0064143603,0.0168472944,-0.0131301268,0.0124758426,0.0250250713,0.0267425248,0.0141749526,-0.0016915099,-0.0290820154,-0.0185549153,-0.0205208680,0.0262647517,-0.0031643056,0.0093858564,0.0011720611,-0.0021648722,0.0107434883,-0.0008893503,-0.0216481833,-0.0111477634,0.0038844275,-0.0147626250,0.0162683124,0.0035329303,0.0293568891,0.0045658999,-0.0186828991,0.0350927566,-0.0305999022,0.0166593298,0.0019412716,0.0131502072,0.0273896398
436.0000000000,-0.0223376792,0.0336221227,-0.0049937122,0.0120291743,-0.0169080131,0.0380630512,0.0161120546,-0.0076529252,0.0102066730,0.0058989341,0.0067713725,-0.0122280916,0.0229010131,0.0038765330,-0.0091911279,0.0236605939,0.0165876054,-0.0241750129,0.0179664945,-0.0052148544,-0.0204487527,-0.0078435110,0.0151789355,-0.0125549833,0.0317950542,-0.0410378761,0.0102754718,-0.0191109797,0.0282902314,0.0198802183,-0.0087609591,0.0087528740,-0.0148497054,-0.0134360751,-0.0212181025,0.0418533442,0.0019107955,-0.0121883105,-0.0226352470,0.0082027509,-0.0380874838,-0.0068411654,0.0158812805,0.0093629432,-0.0095127102,0.0058969108,0.0049203766,-0.0050523510,-0.0272535174,-0.0169057607,-0.0137422880,-0.0030251076,0.0094094441,-0.0117752320,0.0367218196,0.0158818031,-0.0105204433,0.0187494561,-0.0187590863,0.0152883276,-0.0117498897,0.0052303704,0.0381037911
437.0000000000,-0.0082645329,0.0363504923,0.0101096834,-0.0022038586,0.0019178178,-0.0005733927,-0.0076194131,-0.0175224261,0.0059847780,0.0109492505,0.0129774032,-0.0313019216,0.0092655324,-0.0097823784,-0.0240577427,0.0158329760,0.0267063396,-0.0174511059,0.0031031347,-0.0147983905,-0.0038483425,0.0016543119,0.0099100409,-0.0199301391,-0.0159199350,-0.0192887384,0.0030877741,0.0102585154,-0.0081124154,-0.0032134800,-0.0205503880,-0.0186476781,0.0163005769,-0.0101785913,0.0224153902,0.0149944506,0.0013597616,-0.0033917841,-0.0089904629,-0.0247477564,-0.0143826354,0.0031482869,0.0008335100,0.0095448691,-0.0057034465,-0.0110460390,-0.0070680671,0.0015861245,-0.0245048366,0.0046277390,-0.0071125809,0.0076750915,0.0173780749,-0.0111395120,0.0086362214,-0.0111809155,-0.0289282338,0.0110659500,0.0123376540,0.0120163585,0.0396086399,-0.0035857712,0.0193760059
438.0000000000,-0.0082638742,0.0095042026,-0.0129623861,-0.0108182288,-0.0412495547,-0.0015064321,0.0028744968,0.0039258805,0.0163726450,-0.0025693096,0.0129460147,-0.0114291463,-0.0025386647,0.0007240908,-0.0126928071,0.0182331244,-0.0106593528,-0.0280899771,0.0111135233,-0.0259176920,-0.0028326973,-0.0050928699,-0.0112777522,-0.0163821291,0.0329623249,-0.0509069583,0.0233648670,-0.0140223436,0.0135612842,0.0325896464,-0.0169799539,-0.0036245818,0.0074456449,0.0069287021,0.0035422101,0.0336073129,0.0110909535,-0.0007087912,-0.0197479980,-0.0211814382,-0.0320863733,-0.0185696722,0.0099613214,0.0142549758,-0.0022137456,0.0109120814,-0.0116181475,0.0103102490,-0.0395811858,0.0049647028,0.0347207868,-0.0044894197,0.0064442134,-0.0116276896,0.0008270590,-0.0013555118,-0.0006154330,0.0269667637,-0.0375002985,0.0251724047,0.0007510167,0.0069526969,0.0138821491
439.0000000000,-0.0158718940,0.0087607067,0.0086572163,-0.0063950250,-0.0118163309,0.0018890376,0.0128058606,0.0210330832,-0.0001303646,-0.0068311723,0.0202132620,-0.0257220418,0.0116145096,0.0025984590,0.0064882363,0.0469669436,0.0102435516,-0.0272948864,-0.0066373985,-0.0112887761,0.0168795389,0.0030464181,-0.0043429431,-0.0229310257,0.0196742054,-0.0027219528,0.0132475489,-0.0053958904,0.0107367009,0.0382942721,-0.0077291023,-0.0133985503,-0.0184402706,0.0152607688,0.0021535003,0.0122617032,0.0280246462,-0.0146841255,-0.0372420519,-0.0223910575,-0.0569205125,-0.0112780216,0.0211764970,-0.0096041067,0.0069363054,-0.0082966515,-0.0086213573,0.0195027242,-0.0111550977,0.0105572769,0.0170497703,0.0005469580,0.0262684131,0.0130837747,-0.0017669357,-0.0020097313,-0.0145175950,0.0400208310,-0.0111799263,-0.0071490128,-0.0118980237,0.0213127556,0.0166088994
440.0000000000,0.0051822020,0.0181457204,-0.0059885094,-0.0111863597,-0.0250654304,0.0017350303,-0.0064197570,-0.0150656877,-0.0008240924,0.0060594219,0.0176115770,-0.0062289704,-0.0091866698,-0.0005137461,-0.0270560068,0.0207687779,0.0141630493,-0.0405621722,0.0173136974,0.0159987325,-0.0418208869,0.0038990362,-0.0101971097,0.0040683827,0.0081894272,-0.0272064608,0.0138056003,-0.0041734451,0.0309219437,0.0284749388,-0.0192925766,0.0023797545,-0.0076424327,0.0241927055,-0.0066418589,0.0339922706,0.0053690380,-0.0087661619,0.0044498601,0.0043090426,-0.0020314925,0.0000975305,0.0102317231,0.0159319990,0.0017621229,0.0024407864,-0.0093901363,0.0205085834,-0.0249996670,-0.0125491654,-0.0128892687,0.0159775264,0.0166853394,0.0124147876,0.0156319639,-0.0122804492,-0.0226038917,0.0274079426,0.0048458264,0.0207510066,0.0078145428,0.0192822856,0.0060024445
441.0000000000,-0.0235905589,0.0033683893,0.0006336501,-0.0071883610,-0.0345689233,-0.0081749107,-0.0008902374,0.0168905890,0.0080035026,0.0114740659,0.0005307335,-0.0144746821,0.0022267154,0.0107829312,-0.0014997959,0.0273397483,0.0016096903,-0.0122139795,-0.0122284051,-0.0008307208,-0.0273366142,0.0090054814,-0.0222696045,-0.0239905047,-0.0075014502,-0.0020558350,0.0027779666,0.0088062444,0.0128434396,-0.0103292705,-0.0109012978,0.0198992907,0.0055885541,-0.0015957191,-0.0117359069,0.0324006751,0.0001432929,0.0039082750,-0.0135951240,-0.0037484528,0.0099772455,-0.0165636654,0.0285127727,0.0235778668,0.0238724390,0.0054872630,-0.0073106596,0.0102782164,-0.0216834050,-0.0259488445,0.0220120734,-0.0044301497,-0.0115327554,0.0000158818,0.0196609254,-0.0076386263,0.0139120829,0.0164675557,0.0051069154,0.0058693724,0.0025215050,-0.0138217014,0.0131530549
442.0000000000,-0.0263370360,0.0107355607,-0.0270326714,-0.0106557892,-0.0138169034,-0.0083542592,0.0090104376,-0.0023576756,0.0058312895,-0.0095118320,0.0320493337,-0.0047442771,0.0214702931,-0.0013476180,0.0187325047,0.0281903038,0.0260001289,-0.0313602435,0.0077861899,0.0052687318,0.0086353141,-0.0115346004,-0.0163526317,-0.0289406634,0.0345595068,-0.0219887875,-0.0051621651,-0.0216670020,0.0171627685,0.0038696500,-0.0030458338,-0.0051367435,-0.0083457239,0.0099598757,-0.0177003307,0.0107155344,-0.0078483423,0.0078296293,-0.0220532959,-0.0129763487,-0.0161656338,-0.0109428768,0.0126096534,0.0192774228,-0.0130531259,-0.0087141827,-0.0035012476,-0.0067736011,-0.0301703561,-0.0067637665,0.0067345396,-0.0064443780,0.0265536304,-0.0107161313,0.0249506452,0.0076771473,0.0036347427,0.0414586356,-0.0251091468,0.0058055610,0.0068688391,0.0099835448,0.0466361058
443.0000000000,-0.0149868290,0.0164379612,-0.0176434070,0.0014618110,-0.0101759254,0.0170838093,0.0205404284,-0.0154148064,-0.0034023059,-0.0046974039,0.0108042690,-0.0099279254,0.0117316512,0.0021294882,0.0161590186,0.0300906852,0.0231289024,-0.0188912570,0.0224536533,0.0093004327,-0.0222343861,-0.0229712192,-0.0157136719,-0.0311204347,0.0062371251,-0.0248596729,0.0235564076,-0.0082264813,0.0098715410,0.0166593085,-0.0183105279,0.0072530528,-0.0279624825,0.0224937994,-0.0204645599,0.0185167827,0.0126872466,-0.0013407604,-0.0257740262,-0.0218366721,-0.0370219899,-0.0118172968,0.0256851537,0.0099332847,-0.0185341289,0.0111323925,0.0145021961,0.0063102868,-0.0299426799,-0.0057184678,0.0311300652,0.0042118474,0.0185071481,0.0070295424,0.0211660336,0.0314118507,-0.0256403219,0.0240785279,-0.0141537786,0.0252056308,0.0082656738,0.0267047833,0.0042889405
444.0000000000,-0.0210406678,0.0263302888,-0.0065667143,-0.0097646837,-0.0127384773,-0.0112633501,0.0157732732,-0.0010367562,-0.0106534582,-0.0021264160,0.0175873335,-0.0101713814,0.0054795516,-0.0043369119,-0.0191319011,0.0073624474,-0.0041131401,-0.0186419031,0.0034386658,-0.0006409937,0.0097931784,-0.0025362748,-0.0114050386,0.0096981288,0.0116630476,-0.0225954782,0.0222241641,-0.0043067990,0.0367921621,0.0436340808,0.0008653387,-0.0042773748,0.0012115388,0.0140318952,-0.0258610965,0.0012976278,0.0141054186,-0.0067688100,0.0036885705,-0.0298166748,-0.0215770070,-0.0073915886,0.0236424877,-0.0023845006,-0.0134962707,0.0049512331,-0.0092154802,-0.0049271806,-0.0231145218,0.0054196847,-0.0051212011,0.0137194347,0.0127234037,-0.0239443809,0.0139226499,0.0023395745,0.0059651120,0.0212021245,-0.0170928344,0.0008582584,-0.0163254029,0.0168943674,0.0001842238
445.0000000000,-0.0313847952,0.0230811825,-0.0200713995,0.0013736820,-0.0167246569,0.0111062500,0.0052654988,-0.0149894447,-0.0049282601,-0.0249183544,0.0258356158,-0.0329921184,0.0112511355,-0.0083294708,0.0060040677,0.0408915655,0.0144474074,-0.0210357736,-0.0132641512,-0.0128625759,0.0050398805,-0.0072083892,-0.0178773172,-0.0137222416,0.0085928696,-0.0362096632,0.0216683167,-0.0251795315,0.0030862960,0.0399526715,-0.0320747541,0.0015972239,-0.0169515262,-0.0042078614,-0.0102512419,0.0393740807,0.0298346613,-0.0159721473,-0.0309009143,-0.0390384460,-0.0258298865,0.0132757604,0.0069072626,0.0264430931,-0.0153202464,0.0063209234,0.0131452774,0.0047996754,-0.0462985441,-0.0101495220,0.0190447960,0.0098871101,0.0270950744,-0.0053625108,0.0124272520,0.0218290327,-0.0136339272,0.0318477938,-0.0299261597,0.0130125208,-0.0010408342,0.0244235429,0.0290099010
446.0000000000,0.0042823932,0.0112032836,-0.0049948160,-0.0319042662,-0.0028608158,-0.0026494672,0.0067140996,0.0125107977,0.0081544871,-0.0137635389,0.0099513520,-0.0142135041,0.0154940360,-0.0061056178,-0.0066080103,0.0244400410,0.0103036748,-0.0056942772,0.0057689845,0.0133319155,-0.0075092326,-0.0126763649,0.0019911115,-0.0289686758,-0.0041816920,-0.0100990405,0.0115235052,0.0073278526,0.0053566289,0.0109910100,-0.0296916135,-0.0077522377,0.0003516307,0.0098136030,-0.0056668687,0.0166156398,-0.0038692395,-0.0169684620,-0.0104993632,0.0126403174,-0.0064190166,0.0030322481,-0.0212887280,-0.0039026907,0.0020422374,0.0200659448,0.0081289995,0.0108953126,-0.0093816193,-0.0109958138,0.0172398781,0.0071976945,-0.0023190334,-0.0101093323,0.0094705152,0.0132897280,-0.0251477188,0.0054367612,-0.0085969804,0.0108533113,0.0255908418,0.0086952777,0.0175484169
447.0000000000,-0.0105408050,0.0190971062,-0.0018102343,-0.0221545532,-0.0034828117,0.0108458317,-0.0037260588,0.0007422241,0.0080875081,0.0076588872,0.0141985047,0.0089150731,-0.0157111589,-0.0013338873,-0.0088338071,0.0112480388,0.0191538431,-0.0108566972,0.0033939493,0.0124900096,0.0024306523,0.0004876058,-0.0120216316,0.0140501196,0.0194209930,-0.0106152105,0.0162663920,-0.0099446292,0.0127031764,0.0275261673,-0.0146191591,-0.0187624923,0.0049873508,0.0004374672,-0.0139844301,0.0162857963,0.0173360775,-0.0013866199,0.0038330607,0.0053554137,-0.0036794309,-0.0093350370,-0.0085099476,0.0118300986,0.0065229215,0.0056840500,0.0115139838,-0.0065861942,-0.0123271234,-0.0108438595,0.0009107791,0.0086377535,0.0035064896,0.0000273351,-0.0075392019,0.0093283699,-0.0132279609,0.0168248635,-0.0058357296,-0.0084840954,-0.0127175380,0.0204538770,-0.0039135195
448.0000000000,-0.0197019875,0.0087068606,-0.0076149853,0.0068659724,-0.0146746756,0.0005920277,-0.0167272053,0.0103171503,-0.0026998664,-0.0286207975,0.0240235906,-0.0207901408,-0.0138379194,0.0031714108,0.0013986503,0.0015585075,0.0054210850,-0.0167862069,-0.0057834279,0.0010458957,-0.0110288433,-0.0192964902,-0.0103012345,-0.0294527221,0.0063203124,-0.0128541786,0.0071157592,0.0062959295,0.0158269770,0.0362536123,-0.0192196736,-0.0101992165,-0.0233727761,-0.0160659902,-0.0084917551,-0.0025266041,-0.0000875349,0.0227505342,-0.0194930778,-0.0035413885,-0.0115141427,-0.0023516466,0.0054598661,0.0024641916,-0.0028489567,0.0084508761,-0.0170977314,-0.0014683181,-0.0381256799,-0.0033246455,0.0076360071,0.0272888081,0.0012557262,-0.0128820959,0.0205489986,0.0042222851,-0.0125935014,0.0217572806,-0.0061740974,0.0014350716,0.0024405108,0.0265661216,0.0289386401
449.0000000000,-0.0132040464,0.0425189021,-0.0223055594,0.0001521841,-0.0042708190,0.0239879052,0.0038597660,0.0098251174,-0.0159918900,-0.0116725148,0.0176789726,-0.0281438165,-0.0104605823,-0.0093636499,-0.0008926091,0.0102015371,0.0055997729,-0.0464492317,0.0012569838,0.0126799100,-0.0142611710,-0.0078113256,-0.0168594349,-0.0115087280,0.0114353795,0.0137060178,0.0023670396,0.0058666098,0.0252941960,0.0000139652,-0.0107063645,0.0046066293,-0.0059952466,-0.0176977101,0.0185022248,0.0251342795,0.0249913613,-0.0287848240,-0.0106849081,-0.0177742619,-0.0361001494,-0.0005311253,0.0077152175,0.0051845001,0.0025025098,-0.0293121649,0.0031721579,-0.0112859026,-0.0312230754,-0.0157297067,0.0271063813,-0.0001707262,0.0201477602,-0.0056897694,0.0276994426,-0.0021958945,-0.0075320981,0.0440239300,-0.0140032117,0.0294375998,0.0087524405,0.0032400758,0.0273682011
450.0000000000,-0.0038899913,0.0040299968,0.0051272372,0.0032380419,-0.0270173895,0.0090466803,0.0269499763,-0.0103388731,0.0021696184,-0.0191726286,0.0379482497,-0.0149193444,0.0053002607,0.0152045005,0.0126511384,0.0147925573,0.0083670952,-0.0067250038,0.0170025755,-0.0009916163,0.0017201816,-0.0011745493,-0.0217614521,-0.0170981346,-0.0020139331,-0.0067847197,0.0138711773,0.0008389672,0.0114795485,-0.0032934040,0.0137148345,-0.0045606331,-0.0057585204,-0.0161416255,-0.0002623330,0.0170917085,0.0335193391,-0.0188484693,-0.0211171251,-0.0048053014,-0.0420160853,-0.0007392371,0.0072480834,0.0204509087,-0.0161478180,0.0076881055,-0.0029277638,0.0165824277,-0.0287603605,0.0123539380,-0.0178497957,0.0004208967,0.0242710653,0.0005909810,0.0177197068,-0.0058480634,-0.0138037716,0.0288242261,-0.0221905921,0.0152064188,0.0056008478,0.0084248619,0.0206459385
451.0000000000,-0.0107898337,0.0000673024,-0.0107882981,0.0070806948,-0.0095473485,0.0256448136,0.0098209546,-0.0010048184,-0.0012429995,-0.0154175865,0.0260977416,-0.0087037322,-0.0047793446,0.0177302887,0.0094442653,0.0056414661,0.0083364686,-0.0024051197,0.0034615572,-0.0166246493,0.0073844838,-0.0162185762,0.0003400496,-0.0336381561,-0.0037694692,-0.0061033245,0.0139560431,-0.0100762843,0.0248141422,0.0183341486,-0.0259139784,-0.0097409981,-0.0310214339,-0.0123770773,0.0158762571,0.0308646895,0.0123588217,-0.0071748678,-0.0240381794,0.0205131187,-0.0089435755,-0.0114062738,0.0089211311,0.0162743866,0.0008228511,0.0137925715,-0.0048927970,0.0005867106,-0.0130726257,-0.0052127231,0.0223045900,0.0151090263,0.0093040239,-0.0004997208,0.0173422636,0.0022139877,0.0003171143,0.0100013326,-0.0216087724,-0.0064967864,-0.0116820775,0.0144962738,-0.0152073079
452.0000000000,-0.0146944958,0.0079636528,-0.0076394421,-0.0012156095,-0.0140970381,0.0149787246,0.0223205094,-0.0032851333,0.0179272174,-0.0162056195,0.0163909213,-0.0100885357,-0.0096043417,0.0041895391,0.0107621318,0.0046650132,0.0081871901,-0.0027670754,-0.0056784482,-0.0065824988,0.0134377772,0.0187280959,-0.0236740843,0.0007442053,0.0010675118,-0.0371426807,0.0052486472,-0.0154146939,0.0314299445,0.0203521932,-0.0001985627,-0.0035769930,-0.0118487234,0.0132196293,-0.0091736718,0.0203586036,0.0152896978,-0.0060660834,-0.0128760950,-0.0168964438,-0.0150582032,-0.0145135370,-0.0021495111,0.0098817660,0.0126397004,0.0112664399,-0.0043460526,0.0072294271,-0.0125249727,-0.0213142041,0.0119404486,-0.0061842654,0.0319811706,-0.0011474258,0.0238514249,0.0190754904,0.0090003797,0.0237833546,-0.0272626772,-0.0034108445,-0.0119733156,0.0273961162,0.0176729361
453.0000000000,-0.0094052004,0.0024866556,-0.0083132072,0.0050684788,0.0078016510,0.0031658202,-0.0132891401,-0.0245582671,-0.0090778535,0.0006182199,-0.0074938156,0.0181283568,0.0004874555,-0.0188928413,0.0027011269,0.0268329665,-0.0163649869,0.0123889113,-0.0005447618,-0.0223549740,0.0086705032,-0.0076019413,-0.0105509156,-0.0088656371,-0.0191203228,-0.0206200358,0.0049730410,0.0172993493,0.0011869558,0.0259892765,-0.0025342818,0.0066439624,-0.0075868715,-0.0053036218,-0.0071325714,0.0056093453,0.0078674979,0.0025090443,-0.0025620633,-0.0049097541,-0.0322592068,-0.0247001725,0.0416584790,-0.0221470407,0.0014945124,-0.0167103922,0.0017112675,-0.0055071423,-0.0111068511,-0.0081783331,-0.0070692306,-0.0037788851,0.0025187093,-0.0176859339,0.0163351840,0.0072298977,-0.0320398085,0.0218695085,-0.0172144416,-0.0106285709,0.0082848913,0.0095575825,-0.0055608209
454.0000000000,-0.0006028179,0.0125978182,-0.0233206171,-0.0153436521,-0.0269493346,-0.0104090095,0.0164801588,0.0139524039,0.0078366536,-0.0010133098,0.0274387505,-0.0375086911,0.0252230540,0.0075163611,0.0266383354,0.0191460001,-0.0092572754,-0.0326965397,0.0279488422,-0.0178065738,-0.0057672444,0.0026626865,-0.0108949385,-0.0322813161,0.0121210307,-0.0172579609,0.0008727516,-0.0074852224,0.0263948567,0.0319653286,0.0146283485,0.0167581089,0.0055155617,0.0098136887,-0.0120993247,0.0262114885,0.0028885483,-0.0232021427,-0.0223873963,0.0120178251,-0.0476152823,-0.0120139005,0.0133010160,0.0099757998,-0.0057811659,-0.0111533205,0.0112658976,0.0157912450,-0.0487054465,-0.0059119277,0.0066414267,-0.0093806307,-0.0245265777,-0.0005698681,0.0110669038,0.0065579589,-0.0319542842,0.0227614171,-0.0075547188,0.0198820182,-0.0111563682,0.0029449646,0.0164564248
455.0000000000,-0.0108450026,0.0204929698,-0.0008959722,-0.0021011888,0.0053126477,0.0173084091,0.0077505527,0.0023056114,-0.0029002622,0.0116262560,0.0282156593,0.0126556020,0.0119453040,0.0090366577,0.0061976593,0.0197293938,0.0139206837,-0.0240178079,0.0079308107,-0.0022891353,0.0088705451,-0.0126365459,-0.0035688353,-0.0172655910,0.0038905052,-0.0023304853,0.0174912258,0.0021538844,-0.0012704189,0.0210461721,-0.0132708408,0.0208365898,-0.0035867519,0.0037901654,-0.0042557234,0.0223860304,-0.0017041148,-0.0084180079,-0.0201187923,-0.0157439500,-0.0172348518,-0.0057270733,-0.0082167499,0.0309164019,-0.0030689559,-0.0109098852,0.0048108973,0.0211176566,-0.0267143301,-0.0136310794,0.0180314974,0.0169424272,0.0099368634,-0.0113223344,0.0344908568,-0.0052113834,-0.0064185469,0.0282604660,-0.0209752964,0.0020967280,0.0019134274,0.0299908349,0.0134724276
456.0000000000,-0.0218062561,0.0175666690,-0.0099556253,0.0188025959,-0.0101540703,0.0172888039,0.0258119536,0.0051195794,0.0057267178,-0.0398494533,0.0114389869,-0.0356910890,0.0090174930,-0.0106105958,0.0187234628,0.0326293754,0.0254052588,-0.0228997227,0.0010317814,0.0154431523,-0.0023708052,-0.0114632408,-0.0225559415,-0.0168996987,0.0297599520,-0.0171298492,0.0033102550,-0.0038598559,0.0152198910,0.0092310895,-0.0123029993,-0.0086756767,-0.0355221561,-0.0154403099,0.0163761887,0.0115220523,0.0097096748,-0.0086788896,-0.0155283050,0.0057275680,-0.0297310514,-0.0036487046,0.0045810317,0.0200740363,-0.0142998966,0.0162217501,-0.0033532605,-0.0103514031,-0.0487258364,0.0013417183,0.0062536513,0.0188038539,0.0109135176,0.0032468947,0.0175536130,-0.0016650329,-0.0281016338,0.0317387571,-0.0266991090,-0.0124123679,0.0068829103,0.0375716457,0.0137594137
457.0000000000,-0.0079464241,0.0393710922,-0.0120865657,0.0215760108,0.0103396858,0.0137064344,0.0162623051,-0.0040554758,-0.0069559025,-0.0131835016,0.0214422149,-0.0100020258,0.0109620946,0.0053352491,-0.0043495286,0.0311457547,-0.0010180836,-0.0346254488,0.0444776660,-0.0222583785,-0.0072418799,-0.0078191038,-0.0252247981,-0.0050067123,0.0156205586,-0.0184769692,0.0062388751,-0.0135633069,0.0184272488,0.0146091854,-0.0140169482,0.0138775585,-0.0007877536,0.0118779130,-0.0105716490,0.0357221666,0.0154936562,-0.0170365688,-0.0067076093,-0.0055741742,-0.0391476191,0.0007856997,0.0139082854,0.0093447941,-0.0059193634,0.0179688049,-0.0123047125,0.0014698531,-0.0203676605,0.0035106108,-0.0000809216,-0.0070390872,0.0290551274,0.0001139757,0.0211511517,-0.0052013586,-0.0005587194,0.0266411181,-0.0180125408,0.0192656754,0.0148807966,0.0344799918,0.0182147442
458.0000000000,-0.0139928290,0.0191450968,-0.0118163870,-0.0023721183,-0.0061462528,0.0049410288,0.0216216154,0.0025396307,0.0277220920,0.0056922343,0.0171130527,-0.0315817392,-0.0186682586,0.0020173733,-0.0218634787,0.0196044552,0.0255755567,-0.0318015941,-0.0029821196,-0.0175490682,0.0171619857,-0.0060495833,-0.0292530680,-0.0326030498,0.0031406222,-0.0205984176,0.0118577412,-0.0067426302,0.0151835323,0.0088424083,-0.0359749621,-0.0069122534,-0.0115518505,0.0074005063,-0.0007451444,0.0055665674,0.0162982374,0.0076272541,-0.0257997740,-0.0080409087,-0.0220346368,-0.0040523905,0.0157791806,0.0266257115,-0.0201101337,-0.0055114024,0.0105267986,0.0179992220,-0.0033176803,-0.0096570790,0.0160230201,-0.0072727868,0.0115412508,0.0112023068,0.0248210635,-0.0000481345,-0.0147870722,0.0325522560,-0.0089382513,0.0197500115,0.0149009196,0.0141731876,0.0162556040
459.0000000000,-0.0091246827,0.0069094568,-0.0112455351,-0.0003829949,0.0132182757,0.0129864511,0.0019299232,-0.0101671796,-0.0109069721,-0.0065601342,0.0128265690,-0.0106469579,0.0469758882,-0.0071150052,-0.0173044669,0.0302813308,0.0273079665,-0.0192419435,-0.0011432568,0.0077920822,0.0058209530,0.0019727010,-0.0068852966,-0.0143602671,0.0033482669,-0.0072966141,0.0118299125,-0.0100963537,0.0076971251,0.0051293870,-0.0178155640,-0.0041729071,-0.0024784433,-0.0071738989,0.0140605267,0.0281113015,0.0157825580,-0.0014178549,-0.0120925744,-0.0047178985,-0.0339627989,-0.0212596282,-0.0110436003,0.0104875418,0.0090495736,0.0359914360,-0.0135125118,-0.0096034480,-0.0181515066,-0.0159726343,0.0020171257,-0.0189406230,0.0092356375,0.0133809130,0.0387634019,0.0133264958,-0.0066419990,0.0166943335,0.0025043433,0.0140861437,-0.0041165886,0.0201828739,0.0221952384
460.0000000000,-0.0056972886,0.0123301653,-0.0211563465,0.0011093835,-0.0240519759,0.0076407460,0.0184881713,0.0140269145,-0.0252894070,-0.0291898281,0.0152505336,-0.0207268947,0.0348939403,0.0014808032,0.0001424487,0.0314532564,0.0036471687,-0.0305092936,0.0080649221,-0.0116314416,-0.0328920818,0.0037791717,-0.0060557237,-0.0234713827,-0.0068135960,-0.0020670245,0.0013096718,-0.0115037534,0.0125535339,0.0424856008,-0.0128528246,0.0099465896,-0.0028438529,-0.0065692566,0.0001683580,0.0263645542,0.0161652161,0.0129897538,-0.0141697492,-0.0014023702,-0.0071308485,0.0049072393,0.0024240304,0.0155281103,-0.0044310513,0.0094855476,-0.0117813231,-0.0016260907,-0.0326943577,-0.0113687968,0.0010806588,0.0198826961,-0.0091653965,-0.0019766972,0.0073344997,-0.0037362770,-0.0299650312,0.0268009944,-0.0134769571,-0.0111418916,0.0055363873,0.0113420931,0.0079696600
461.0000000000,-0.0204580777,0.0201882672,-0.0168852058,-0.0146651671,-0.0110320262,0.0094880807,-0.0056428312,0.0042887466,0.0055897242,0.0209684077,-0.0042780884,-0.0166306607,0.0079123603,-0.0340490010,0.0012556447,0.0135798013,-0.0101607216,-0.0088892849,0.0077970441,-0.0161537580,-0.0254115671,-0.0221617932,-0.0055654175,-0.0108456203,-0.0020366774,-0.0108120089,0.0148218426,0.0037117687,0.0060899426,0.0152815804,-0.0130098720,0.0200116383,-0.0133542832,-0.0139581896,0.0150813512,0.0245632793,-0.0026324555,-0.0011933667,-0.0192725982,-0.0171966803,-0.0242602415,-0.0184428932,0.0054667361,0.0089018805,-0.0198758139,0.0162130501,-0.0029558434,0.0176905697,-0.0234275354,-0.0084381377,0.0152170855,0.0021369104,0.0058378163,0.0132534375,0.0049468167,0.0042535926,-0.0276631469,0.0394101989,0.0004633496,0.0103504872,0.0165278493,0.0093997537,0.0215259969
462.0000000000,-0.0118426329,0.0209860642,0.0160363604,0.0023554535,-0.0260677962,0.0097151090,0.0212976861,-0.0185995605,0.0373674454,0.0125446457,0.0342292367,-0.0084160423,0.0109937947,0.0013521796,-0.0094950572,0.0369212056,0.0006759917,-0.0064573582,0.0210494410,-0.0057839071,-0.0027944668,-0.0177256249,-0.0154639789,-0.0148667625,0.0255860073,-0.0149870163,0.0189291638,-0.0058670612,0.0123579750,0.0184161344,-0.0013676920,0.0024780211,-0.0044343066,-0.0112477899,-0.0197448789,0.0141902632,0.0191194872,-0.0314109586,-0.0185521716,-0.0022793164,-0.0240406765,0.0030341575,0.0250623794,0.0137807900,-0.0133537517,0.0176788651,0.0127489586,0.0156415618,-0.0547757557,-0.0084102992,0.0244207004,-0.0045197583,0.0153572486,-0.0044516095,0.0240286741,0.0082156757,-0.0213744042,0.0284408809,-0.0282383735,-0.0259428949,0.0113692080,0.0237546427,0.0314672989
463.0000000000,-0.0128268326,0.0027899684,0.0048162317,-0.0042341563,-0.0131939697,0.0080133813,0.0124393751,0.0195714863,-0.0144690577,-0.0066371664,0.0153762010,-0.0060903902,0.0060387831,0.0022226039,0.0152304571,0.0323113057,0.0090563802,-0.0262633813,0.0123800275,0.0125183561,0.0117672582,0.0004077784,-0.0102161088,-0.0354988798,-0.0017109603,-0.0143253074,0.0033805599,-0.0158317672,0.0186149378,0.0038528284,0.0053255333,-0.0011839197,-0.0104444744,-0.0056278092,-0.0144669061,0.0106155082,0.0143302904,-0.0014826661,-0.0344027481,-0.0083874739,-0.0328495679,-0.0105300678,0.0001963116,0.0160473832,-0.0047863460,-0.0171963330,-0.0171903879,-0.0142299738,-0.0087760885,-0.0079662166,0.0183102527,-0.0061126716,0.0237915705,-0.0271319558,0.0406721839,0.0038294440,-0.0058041597,0.0265229588,0.0021455327,0.0066430700,0.0045001126,0.0271973663,0.0132234451
464.0000000000,-0.0161680741,0.0213568452,0.0118123128,0.0023084235,-0.0070835502,-0.0255555873,0.0081429103,-0.0058983573,0.0130522461,-0.0264986258,0.0253146755,-0.0131114802,0.0062207205,0.0284351606,0.0211887193,0.0214942375,0.0021241428,-0.0453919936,0.0278518798,-0.0077977188,-0.0222263529,0.0071484869,-0.0094029465,-0.0104817465,0.0283878761,-0.0244332803,0.0007046409,-0.0278432482,0.0180455307,0.0339804600,-0.0031290876,0.0082437741,-0.0044605637,0.0091054581,-0.0007314030,0.0417114330,-0.0058205756,-0.0053174518,-0.0133734669,0.0187302897,-0.0256072368,0.0030020742,0.0174343730,0.0244747910,-0.0026627704,0.0057202683,-0.0077633514,-0.0135429217,-0.0472600367,-0.0117488716,0.0012845162,-0.0172431459,0.0102388383,-0.0105617194,0.0220000955,-0.0060779051,-0.0110275605,0.0460490100,-0.0201621904,0.0224475275,-0.0088073331,0.0234082946,0.0203100744
465.0000000000,-0.0153355469,0.0138120566,0.0051668814,0.0184626237,-0.0187142956,0.0020990022,0.0138463443,-0.0168474953,0.0199804437,-0.0093119115,0.0123025049,-0.0048117050,-0.0071822440,0.0031897628,0.0051530295,0.0046112067,0.0109916491,-0.0295403550,0.0222102828,0.0226609191,-0.0024084553,-0.0060228339,-0.0087290013,-0.0151416977,0.0179618143,-0.0138296430,-0.0028081538,-0.0004374026,0.0193495950,0.0227020546,-0.0146371247,0.0133952666,-0.0057611638,0.0176410303,-0.0038712672,0.0155978151,-0.0078449914,0.0024434157,-0.0225544698,-0.0232395128,-0.0076013154,-0.0041041920,0.0033754958,0.0098339885,-0.0128785713,-0.0048753523,-0.0106883222,0.0034334521,-0.0090400780,-0.0252041405,0.0227550396,-0.0108230012,0.0012636055,0.0041382336,0.0073588702,0.0012816788,-0.0109580155,0.0364048535,-0.0179176256,0.0171220203,0.0123595742,0.0117178810,-0.0065706368
466.0000000000,-0.0054484414,-0.0008839804,-0.0087818343,0.0150764729,0.0000808393,-0.0049204682,0.0096464658,0.0082984043,0.0029407722,-0.0163406744,0.0150744344,-0.0287336908,0.0139320234,-0.0087944012,-0.0026783870,0.0306226711,0.0232087181,-0.0358904207,0.0254671488,-0.0061903855,0.0029537305,-0.0077724208,-0.0050103152,-0.0311671269,0.0189035014,0.0052945572,0.0308552559,-0.0112001395,0.0136098883,0.0119302077,-0.0074300818,-0.0005355574,-0.0037611885,0.0068470022,-0.0054332083,0.0268658504,0.0217769786,-0.0014590474,-0.0290520203,-0.0041078236,-0.0456586412,-0.0310778216,0.0200712172,0.0304148690,0.0192147286,0.0101036493,-0.0059300345,0.0070150008,-0.0480442449,-0.0079732567,0.0212169152,-0.0031743049,0.0183697405,0.0058248458,0.0181406365,0.0068908775,-0.0269433732,0.0497870690,-0.0232534030,0.0265333774,0.0149030833,0.0373262761,0.0386412336
467.0000000000,-0.0178480819,0.0202408200,-0.0036510616,-0.0032433437,-0.0128277282,0.0116747607,0.0082526380,0.0083302781,0.0044264543,-0.0000968432,0.0034077709,-0.0046638090,0.0047519514,0.0183903176,0.0038269341,0.0212523801,0.0203816931,-0.0169906002,-0.0072141453,-0.0137742406,0.0084435754,0.0034820330,0.0193047051,-0.0029975813,0.0157928841,-0.0164601911,0.0077654020,-0.0021254081,0.0153777441,0.0283390216,-0.0234202570,0.0126681798,-0.0016527415,-0.0139539293,-0.0100802172,-0.0017953616,0.0218268418,-0.0174134538,-0.0132695289,0.0109962181,-0.0314013627,-0.0136496441,0.0111914934,0.0253073104,-0.0033965494,-0.0020682861,0.0035353239,0.0048837504,-0.0184743158,-0.0157390226,0.0103573122,0.0004332234,-0.0015735495,-0.0048579903,0.0135828385,0.0110930148,-0.0029724104,0.0128039113,-0.0243661898,-0.0085224116,-0.0179949670,0.0331271542,0.0029925906
468.0000000000,-0.0324618247,0.0030841044,-0.0057507360,-0.0148433386,-0.0084143933,-0.0021853539,0.0258045285,-0.0036192210,0.0024400981,-0.0187033343,0.0387751069,-0.0347786826,0.0049365427,0.0034707606,-0.0012107355,0.0212935991,0.0096110781,-0.0344618333,-0.0104918996,-0.0141781425,0.0012404687,-0.0326120325,-0.0248263072,-0.0146085281,0.0027790887,-0.0301638097,0.0215998019,0.0164695830,0.0323695909,0.0418272113,-0.0138591255,-0.0213665984,-0.0099459213,0.0056980014,0.0425517875,0.0295236695,0.0166128679,-0.0125210697,-0.0209115389,-0.0158281571,-0.0456283470,0.0230202383,0.0318823911,-0.0015040096,0.0028875085,0.0010652524,-0.0047232788,0.0151494951,-0.0276307424,-0.0181993610,0.0077029713,-0.0112068258,0.0302389985,-0.0015346388,0.0370077203,0.0109604514,0.0029574998,0.0430399923,-0.0042419298,0.0025147306,-0.0005306498,0.0379909451,0.0328135872
469.0000000000,-0.0109855939,0.0041443333,0.0056619327,-0.0031445578,0.0114048814,-0.0011738576,0.0040336227,-0.0203588462,0.0021762095,-0.0106349513,0.0235639583,0.0024395966,0.0066926024,0.0079934514,0.0044870220,0.0125349308,0.0186937057,-0.0377145981,0.0169234135,-0.0053857405,-0.0013715764,0.0000400447,0.0146547641,-0.0079957794,-0.0017283594,-0.0296687781,0.0106896872,-0.0165850472,-0.0067556577,0.0133756946,-0.0073159523,-0.0096532142,-0.0315386067,-0.0049383466,-0.0222783612,0.0040835622,0.0103838582,-0.0026552576,-0.0132981005,0.0035028912,-0.0363594073,-0.0167315647,0.0075981820,0.0196113346,-0.0084188309,0.0401351816,-0.0083719344,0.0055559024,-0.0197424514,-0.0048704919,0.0181164137,-0.0210055834,-0.0032792661,0.0075876731,0.0180632209,0.0087021883,-0.0002925646,0.0162742177,-0.0048326999,-0.0195214172,0.0185768932,0.0365716499,0.0114862298
470.0000000000,-0.0159557514,-0.0038408755,-0.0163582910,0.0205050456,0.0002068867,0.0101963488,0.0128728897,0.0086496903,-0.0044578065,-0.0054646271,0.0139063074,-0.0066268203,0.0298170713,-0.0051007678,-0.0039971387,0.0127061203,-0.0076271484,0.0110945486,-0.0033979073,-0.0154921979,-0.0064483030,0.0040755493,0.0009133752,-0.0180296313,0.0299679915,-0.0334522367,0.0100150456,0.0004597772,0.0088136209,0.0012838188,0.0010765282,0.0048310561,-0.0174996000,-0.0055340244,-0.0119319629,0.0368668693,0.0041590784,-0.0115572028,-0.0183151323,0.0192927463,-0.0025924565,-0.0003869870,-0.0049562751,0.0210010414,-0.0043999161,-0.0082100511,0.0118709643,0.0024361996,-0.0199058545,0.0152826360,0.0258300014,0.0079946490,0.0011042257,0.0123600081,0.0243747485,-0.0048428805,-0.0005493396,0.0177761415,-0.0093852744,0.0017048160,0.0199406263,0.0078855545,0.0091828639
471.0000000000,-0.0152979662,0.0032277591,-0.0167818155,-0.0050142474,-0.0042686884,0.0052525875,0.0209188939,0.0145595389,0.0107620580,-0.0131560260,0.0199837449,-0.0262960863,0.0269727749,0.0069474632,-0.0106681502,0.0151684892,0.0002028059,-0.0384823034,-0.0147703801,0.0023889194,-0.0073960231,-0.0209668157,-0.0343569227,-0.0206814865,0.0160003384,-0.0191448819,0.0072613287,0.0112652317,0.0198973726,-0.0076597653,0.0032704386,0.0059026069,0.0112047943,0.0042409045,-0.0121026929,-0.0028520265,0.0024120452,-0.0196254044,-0.0264063640,-0.0051428587,-0.0274628310,-0.0050119352,0.0078566281,0.0309320593,-0.0061026162,0.0126435371,-0.0043245415,-0.0009903918,-0.0320140009,-0.0231655813,-0.0018936104,-0.0122676797,0.0401330495,-0.0032498774,0.0006976496,-0.0070327626,-0.0268141216,0.0304230844,-0.0024186057,-0.0050986361,-0.0038407980,-0.0029928160,0.0183561549
472.0000000000,-0.0208150378,-0.0062890825,-0.0112223265,-0.0055578606,-0.0039440199,-0.0065595649,0.0036838610,0.0082109946,0.0002416417,-0.0194123174,0.0042160361,-0.0333754736,0.0253611614,-0.0033184128,-0.0015005932,0.0096391195,0.0196066013,-0.0166070579,-0.0036328187,-0.0195014145,-0.0015817932,-0.0251230715,-0.0310119231,0.0012928058,0.0104128561,-0.0062917149,-0.0050491089,0.0048857643,0.0138710751,-0.0005875086,-0.0077394700,-0.0024034233,0.0087600564,0.0048983520,-0.0059060156,0.0240850249,0.0283701228,0.0103705144,-0.0190337053,-0.0214558410,-0.0171362257,-0.0289294039,-0.0134994530,0.0234418546,-0.0071974714,0.0035057512,-0.0260781075,0.0084871401,-0.0190836814,-0.0175458907,0.0139921345,-0.0181095692,0.0203129953,0.0266280028,0.0126758999,-0.0074349002,-0.0119700698,0.0307652690,-0.0141490324,0.0052677328,-0.0148616746,0.0020746134,0.0165240522
473.0000000000,0.0014807184,-0.0067871790,-0.0008310274,0.0061410246,-0.0211183932,0.0106293838,0.0084034076,-0.0023084031,0.0057588492,-0.0122870449,0.0124135689,-0.0170661378,0.0317004432,0.0225226420,0.0122998921,0.0290925638,0.0152900963,-0.0201821497,0.0157608719,0.0096984391,0.0135135076,-0.0067535365,-0.0342920950,-0.0011498097,0.0335368770,-0.0114979963,-0.0061858892,-0.0279919092,-0.0118980714,-0.0029506722,-0.0271912856,0.0032056660,-0.0072444277,-0.0110597388,-0.0168669432,0.0182089038,-0.0026360591,0.0146010661,-0.0086205964,-0.0052200030,-0.0155296305,0.0124368392,0.0281706532,0.0129269991,-0.0257638743,0.0188801980,-0.0188064192,0.0034653645,-0.0458414781,-0.0136740210,0.0111366558,0.0241944932,0.0140961287,-0.0013508827,0.0257167883,0.0117494831,-0.0050695886,0.0304999916,-0.0181496297,0.0184235773,0.0143469590,0.0075824232,0.0148800981
474.0000000000,-0.0207469699,0.0057081462,-0.0212112139,0.0126526324,-0.0085774213,-0.0046109602,-0.0050434051,-0.0020770839,0.0031181700,-0.0036356524,0.0294946662,-0.0113658585,-0.0064834322,-0.0072582705,0.0002072423,0.0032693942,0.0313356212,-0.0142619771,0.0079872142,-0.0217842572,-0.0095523335,-0.0059701391,0.0088284557,-0.0024888832,0.0045234368,-0.0097955569,0.0156364373,-0.0205052490,0.0102695874,0.0173025780,0.0134235256,0.0207817522,-0.0130006227,-0.0029527583,-0.0104481376,0.0051725833,0.0109180148,-0.0025563888,-0.0110519681,-0.0103166217,-0.0163226961,-0.0044223885,-0.0034461420,0.0330380632,0.0006051805,0.0070845246,-0.0149058782,-0.0086158863,-0.0147846284,-0.0009317437,-0.0059407999,-0.0035464914,0.0082381228,-0.0087174253,0.0000702819,0.0066015211,0.0010780526,-0.0055107559,0.0049344516,-0.0104769560,0.0031218347,0.0132387349,0.0162100127
475.0000000000,-0.0198357959,0.0090865278,-0.0046128321,0.0026403895,-0.0092414346,0.0077748022,0.0058312091,-0.0069476144,-0.0016322596,0.0078929413,0.0141309631,-0.0307160894,-0.0008270937,-0.0053944565,0.0176714604,0.0006861723,0.0044098367,-0.0130770025,0.0186417298,0.0056671710,-0.0124242184,0.0138061725,-0.0077967012,-0.0021947207,0.0368527152,-0.0154807096,0.0140130784,-0.0156356465,0.0204725021,0.0066377582,-0.0048765193,0.0161365585,-0.0120249063,0.0027163900,-0.0221975192,0.0064698965,-0.0018895026,-0.0078311795,0.0017312320,-0.0185393238,-0.0211176266,-0.0081521458,0.0027265945,0.0112988939,-0.0031387369,-0.0166504695,0.0204458053,0.0067782798,-0.0139555544,-0.0183308508,0.0068256187,0.0056166470,0.0204002062,0.0155793056,-0.0028160205,0.0105420771,0.0146168108,0.0219051424,-0.0146434285,0.0073106418,-0.0078797334,0.0249258210,0.0036521755
476.0000000000,0.0024826310,-0.0022375933,-0.0139656931,-0.0147279073,0.0065027396,0.0064120063,0.0076240526,0.0209220640,0.0019631762,0.0036582132,-0.0084245450,-0.0007156794,0.0206727840,0.0221744710,0.0158225141,0.0094291840,-0.0143804719,-0.0048369231,0.0032888127,-0.0179856580,0.0029491612,0.0185726044,0.0057102019,-0.0198500621,0.0336326899,-0.0154539350,0.0209000256,0.0074481462,-0.0113184266,0.0164399209,-0.0075994518,-0.0062874031,0.0090513886,0.0044109142,-0.0212053783,0.0050222160,0.0120421101,-0.0049913786,-0.0226089504,-0.0125974402,0.0112245190,-0.0269093760,0.0098522932,0.0032017192,0.0030084708,0.0027437335,-0.0063006856,0.0027094812,-0.0227273146,0.0114805715,0.0116219558,-0.0063943661,0.0151172273,0.0192676255,0.0153346068,0.0006959747,0.0248235691,-0.0021591907,-0.0213023392,-0.0116578755,-0.0003717539,0.0012978464,-0.0086433828
477.0000000000,-0.0159459922,0.0031602925,-0.0164916261,-0.0077266539,-0.0111578234,-0.0009011692,0.0125325732,-0.0074523941,0.0206267366,0.0013061933,0.0300970606,-0.0115544869,-0.0163341253,0.0024552228,-0.0108702179,0.0007709563,0.0040761829,-0.0205539067,-0.0043284841,-0.0052322670,-0.0257558671,0.0067019169,-0.0205441908,-0.0049679235,0.0144118509,-0.0036932948,0.0188617583,0.0030380879,0.0226404119,0.0165895012,-0.0097327938,0.0213326204,-0.0225831484,-0.0188198959,-0.0225809347,0.0029095267,-0.0135229152,0.0077188323,-0.0234764821,-0.0148440893,-0.0422311787,0.0057328674,0.0219938230,0.0333065571,0.0035488847,0.0098596612,-0.0159424639,-0.0042359046,-0.0231964789,-0.0021532075,0.0131084080,0.0048338113,-0.0125678336,0.0059880882,0.0315395729,0.0180891353,-0.0017500353,0.0321612925,-0.0041306980,0.0372608065,0.0132782228,0.0075125511,0.0235094651
478.0000000000,0.0028718171,0.0073477678,-0.0201054018,0.0123917829,-0.0108677010,-0.0049123771,0.0146488049,-0.0193171149,-0.0159164497,-0.0111619035,-0.0080822800,-0.0011821527,-0.0134869834,-0.0017981381,0.0192351110,-0.0014978104,0.0008258172,-0.0122258100,0.0042313787,0.0177000717,-0.0282080597,0.0153676862,-0.0032300288,-0.0098520155,0.0181007791,-0.0134323480,-0.0089293856,-0.0213913096,0.0005089768,-0.0204798237,-0.0118890707,0.0297241937,-0.0065962903,-0.0176970942,-0.0138454830,0.0131900061,0.0204917862,0.0055563063,-0.0010248780,-0.0045510954,-0.0100135343,0.0018523708,0.0087596985,0.0031220920,-0.0035316510,0.0143299904,0.0041721396,-0.0126959636,-0.0223666036,-0.0159955442,0.0302420144,-0.0050039916,0.0296467541,0.0086072875,0.0125745807,-0.0154823573,-0.0093692916,-0.0061878225,0.0068390177,0.0103478663,0.0182824232,0.0012284246,-0.0078300001
479.0000000000,-0.0115465211,-0.0039270361,-0.0057574520,-0.0001965598,-0.0124963421,0.0000583434,-0.0062002042,0.0184334647,-0.0046340586,0.0126935248,0.0085926020,0.0159786194,-0.0234159501,0.0012557512,0.0042925929,-0.0004895666,-0.0070734423,-0.0048670363,0.0171122879,-0.0178310792,-0.0152421633,0.0046851842,-0.0109163737,-0.0177720293,0.0148505262,-0.0037738620,-0.0175062605,-0.0191324097,0.0182047194,-0.0038468743,0.0096255352,-0.0063036578,-0.0202979567,0.0005189726,-0.0005294139,-0.0005236662,-0.0131281185,0.0075175243,-0.0134145202,-0.0153466332,-0.0226540228,0.0097394120,-0.0088506051,0.0046874871,-0.0022900670,0.0019479447,0.0021853302,-0.0061628860,-0.0098658815,-0.0005843045,0.0158790613,0.0218155272,0.0153681151,-0.0160552172,0.0077113374,0.0216625920,0.0085262652,0.0023745050,-0.0113700051,0.0107716795,0.0110192559,0.0092342208,0.0123145848
480.0000000000,-0.0043707324,0.0264851495,0.0134712757,-0.0202852558,-0.0282413844,0.0012090538,0.0072468814,-0.0246242337,0.0033183118,0.0055138981,0.0228012349,-0.0132559208,-0.0167601493,0.0086989498,0.0025625677,0.0265921236,0.0067464909,-0.0340139672,-0.0020127897,0.0174688147,0.0056211302,0.0096510893,-0.0241288221,-0.0095831597,0.0108507355,-0.0267991875,0.0111573560,-0.0378090557,0.0294873854,0.0115506035,-0.0087300471,0.0184864375,-0.0194675107,0.0033348826,-0.0033024163,0.0085877937,0.0220759628,0.0015987617,-0.0356431645,-0.0116503572,-0.0377053139,0.0081903007,0.0139501980,0.0155893423,-0.0156516977,0.0052598979,0.0008000800,-0.0040537406,-0.0438793006,-0.0085742922,0.0168394628,-0.0052067748,0.0213269769,-0.0092241723,0.0402392011,0.0046472834,-0.0242202157,0.0164634955,-0.0045495610,0.0113377292,-0.0095080724,0.0187823014,0.0055377780
481.0000000000,-0.0180880191,0.0010472346,-0.0006199545,-0.0103586279,0.0003370831,0.0117211862,0.0258473411,-0.0081146532,0.0246459043,0.0036695864,0.0228206683,-0.0116191312,0.0051851437,0.0186848665,0.0052730525,0.0381713243,0.0174678199,0.0068975036,-0.0032923794,-0.0053164889,0.0077406702,-0.0161357594,-0.0219349633,-0.0220515389,0.0053423578,-0.0188085240,0.0099172020,-0.0162573287,0.0058639833,0.0258048684,-0.0152693957,0.0042026880,-0.0235892220,0.0087633419,-0.0002929125,0.0420017148,0.0279632030,0.0208016382,-0.0144911263,-0.0135428703,-0.0433892628,-0.0032118770,0.0080371049,0.0137008859,0.0098281124,-0.0054704104,-0.0005471080,0.0093217193,-0.0334449346,-0.0042964530,0.0247026115,-0.0016536571,0.0150037046,0.0057079293,0.0210028916,-0.0001863551,-0.0300504780,0.0293367084,-0.0220605427,0.0094531885,0.0101764605,0.0070671029,0.0301278082
482.0000000000,-0.0034197517,0.0117712201,0.0051900372,-0.0114413769,0.0087845801,0.0264218310,0.0039001477,-0.0058797611,0.0051998534,-0.0175010912,-0.0018693697,-0.0204776315,0.0296087188,-0.0177376273,-0.0023488786,0.0161180136,-0.0019191623,-0.0330936826,0.0168322425,-0.0201999465,-0.0086890341,0.0021698995,-0.0220647350,-0.0173769884,0.0368725968,-0.0310775145,-0.0020205498,-0.0095288997,0.0066573015,0.0514119516,0.0007197666,-0.0012183864,-0.0204586830,-0.0004995369,-0.0046241035,0.0241654307,0.0150387002,-0.0173161325,-0.0312747499,-0.0225655310,-0.0244941884,-0.0017916201,0.0311908679,0.0132408984,-0.0169015815,0.0042547605,0.0230328642,0.0019393678,-0.0469038783,0.0037150006,0.0053986103,0.0059201056,-0.0012394723,0.0144476262,0.0248940821,-0.0008754050,-0.0154694422,0.0586895214,-0.0333896369,0.0044757259,-0.0125410962,0.0143384621,0.0273747190
483.0000000000,-0.0008171363,0.0218182168,-0.0039961529,-0.0002999913,0.0104679450,0.0265392782,-0.0023261732,-0.0034447252,0.0010981045,-0.0043471323,0.0164463499,0.0012178978,0.0075757111,-0.0003970939,0.0031467313,0.0112033798,0.0183794210,-0.0218610836,-0.0213969877,-0.0041180049,0.0064619683,0.0118589323,-0.0122960617,-0.0067794230,0.0172298656,-0.0140196791,0.0101478240,0.0131184014,0.0122472454,0.0172832485,-0.0092158868,0.0183478336,0.0043521280,-0.0150327226,0.0260749629,0.0151675663,0.0017503610,0.0057590938,-0.0276912032,-0.0047368434,-0.0050046198,0.0197646534,0.0165661331,0.0258965130,0.0034476225,0.0033313775,0.0060817540,-0.0153142855,-0.0143891530,-0.0068707481,0.0143671923,-0.0090003433,0.0125774288,-0.0155442125,0.0195659904,0.0038240395,-0.0096624389,0.0076605180,0.0111526604,0.0105537914,0.0165209981,0.0084694562,0.0259896296
484.0000000000,-0.0094825125,0.0231598523,0.0134285641,-0.0082876999,-0.0032038218,-0.0041752060,-0.0036056389,-0.0127284958,0.0162449534,-0.0000628394,0.0276339875,0.0095192669,0.0248922312,0.0145820059,-0.0000356805,0.0314859958,0.0121626716,-0.0106092441,-0.0106177002,-0.0025090514,0.0118057671,-0.0249768821,0.0075055748,-0.0054609106,0.0096430076,-0.0228537236,0.0267452946,-0.0040436443,0.0121080213,0.0353550604,-0.0142224263,0.0222828414,0.0042006799,-0.0062900826,-0.0134880714,0.0170952133,0.0202618170,-0.0172764205,-0.0233404802,-0.0272420754,-0.0258101622,-0.0076816197,0.0075688301,0.0050261079,0.0016438145,-0.0103971386,-0.0056779094,0.0054301098,-0.0168464873,-0.0121437113,0.0141947131,0.0063215307,-0.0011257159,0.0152496369,0.0057700903,0.0095056350,0.0090438646,0.0351239108,-0.0116205490,0.0364048304,-0.0045402407,-0.0150259777,0.0107296094
485.0000000000,-0.0340207693,0.0045661305,-0.0027596367,0.0069190952,-0.0139309263,0.0071751013,0.0003707637,-0.0030582441,0.0130929387,-0.0228898407,0.0287905029,-0.0234349702,-0.0031213723,-0.0028867159,-0.0050827626,-0.0096217606,0.0144000229,-0.0231411940,-0.0014945269,0.0033158935,-0.0161024787,0.0051051849,-0.0257800293,-0.0297092382,-0.0034123186,-0.0083151505,-0.0163466942,-0.0148418790,-0.0124666757,0.0189579428,-0.0057746751,-0.0093139512,0.0021837101,-0.0106306658,0.0267125579,0.0113299522,0.0162780697,0.0048006329,-0.0252137634,-0.0021476784,-0.0036780451,0.0014992982,0.0166548955,0.0077591725,-0.0106748492,-0.0095185420,-0.0102465445,-0.0025166183,-0.0350060477,-0.0208087676,0.0105375348,0.0116767267,0.0019506060,-0.0108082069,0.0081139336,0.0173867282,-0.0187531898,0.0343339034,-0.0214594166,0.0028402522,-0.0094361460,0.0114211544,0.0257623899
486.0000000000,-0.0135618325,0.0225471609,-0.0064288716,-0.0064593355,-0.0120874329,-0.0092491406,-0.0103251088,-0.0163054894,-0.0125318070,0.0083265229,-0.0038055860,-0.0195668873,-0.0175605236,-0.0021333059,-0.0032933399,0.0047695420,-0.0013244679,-0.0247766932,0.0275439416,-0.0002061692,-0.0011836698,-0.0046986897,-0.0050133640,0.0073518146,0.0069703860,-0.0097650130,0.0005616325,0.0178842421,0.0116178322,0.0179843389,-0.0177498482,0.0053369636,0.0049882411,-0.0240661068,-0.0143206569,0.0106453984,0.0054904700,-0.0047778377,-0.0046332769,0.0009231366,-0.0153144845,-0.0048680248,-0.0020995375,0.0117015185,-0.0025274412,0.0097015724,0.0167519444,-0.0093632767,-0.0207789071,0.0050840240,0.0135140315,-0.0153591055,0.0102553290,0.0202682945,0.0200548044,0.0006597596,-0.0028534339,0.0078960493,-0.0122710608,0.0180364693,-0.0030070934,0.0259430535,0.0170767104
487.0000000000,-0.0335147646,0.0127032342,0.0100839703,-0.0011705689,0.0064689140,0.0180452544,0.0131254652,-0.0246476256,-0.0177557236,-0.0015653670,0.0138594735,-0.0162983908,0.0399833264,-0.0067338923,-0.0151373928,0.0345657957,0.0064840534,-0.0311382625,0.0239681781,0.0016391903,0.0015167181,-0.0125823800,-0.0149666700,-0.0270054098,0.0046155296,-0.0280909963,-0.0069760167,-0.0028809342,0.0082066794,0.0231103746,-0.0230356835,0.0036953888,-0.0219858568,-0.0163338975,-0.0083584028,0.0461761188,0.0081680056,-0.0206840597,-0.0305088211,-0.0034310199,-0.0078401493,-0.0365273550,0.0236625780,0.0015268950,-0.0077251383,-0.0026964431,-0.0021578509,-0.0009577962,-0.0459716997,-0.0013809245,0.0181583232,-0.0012604323,0.0146812016,0.0397957699,0.0203443343,0.0064811204,-0.0231169029,0.0361081680,-0.0174917135,0.0024726246,0.0047462503,0.0186648254,0.0136903371
488.0000000000,-0.0038123260,0.0091448391,-0.0252853329,-0.0039946010,-0.0222781551,0.0051495704,-0.0059144596,0.0044820444,-0.0195085733,-0.0279511077,0.0222910671,-0.0010886428,0.0170646357,-0.0039896660,0.0226983990,0.0150615825,0.0176980331,-0.0364683761,0.0263278908,-0.0005852582,-0.0162589285,0.0139823575,-0.0193393608,-0.0215876615,0.0225211438,-0.0108495144,0.0215695413,-0.0005416192,-0.0000288336,0.0379189047,-0.0023050845,-0.0089226780,-0.0013615218,0.0066896105,-0.0058132731,0.0222349471,0.0192394555,-0.0227716025,-0.0217968185,-0.0255044469,-0.0261043753,-0.0061141738,-0.0039979351,0.0166654727,-0.0062880515,0.0052696010,0.0081821046,0.0187073713,-0.0304249510,-0.0258562493,0.0050160824,-0.0016957460,0.0063302383,-0.0121559796,0.0294062472,0.0043705337,-0.0090924576,0.0276999410,-0.0140487110,-0.0066671954,-0.0024964964,0.0294804878,0.0096922277
489.0000000000,0.0077426258,0.0055640869,0.0004060069,0.0133491384,-0.0182463712,0.0290327040,0.0080671232,0.0146122476,-0.0044907234,0.0032354613,0.0040503591,-0.0325366984,0.0003623478,0.0111872181,0.0107038222,0.0348831182,0.0193312704,-0.0204876075,0.0186076992,-0.0016917785,-0.0133834813,0.0063726428,-0.0136523533,-0.0007797983,0.0223827702,-0.0077873041,0.0118539156,-0.0044416504,0.0279752654,0.0234563618,-0.0142182672,-0.0022040471,-0.0131864583,0.0054832713,-0.0044114829,0.0236495147,-0.0008406239,-0.0064956317,-0.0193766339,0.0026041583,-0.0320470509,-0.0066588156,-0.0085266083,0.0180054036,-0.0055757145,0.0031148397,0.0013429204,-0.0105425812,-0.0093195258,-0.0121356988,0.0151161011,0.0002679367,0.0131897178,0.0020847144,0.0168938219,-0.0061253566,0.0153270171,0.0312105609,-0.0293592373,0.0057007480,-0.0013937874,0.0211316095,0.0224458784
490.0000000000,-0.0127561403,-0.0088873082,0.0071859859,0.0046504822,-0.0117534814,-0.0011366728,0.0152365854,0.0029331595,-0.0000407706,-0.0079261676,0.0166531890,-0.0035559430,0.0203442779,0.0048900880,0.0270075840,0.0435686152,0.0126986925,-0.0155000077,0.0098023784,-0.0101072531,-0.0111672414,-0.0056858201,0.0172310442,-0.0099315397,-0.0053925231,-0.0040069539,0.0068827367,-0.0038106912,0.0038531291,0.0213201866,-0.0030875931,-0.0062600779,-0.0006509404,0.0059826092,-0.0093261165,0.0151583015,-0.0170672999,-0.0088008342,-0.0218802359,-0.0165062556,-0.0395808837,-0.0020285273,0.0138429080,-0.0092766895,0.0115721939,-0.0048790745,0.0078507645,-0.0186188945,-0.0327637202,0.0104034386,0.0166068659,-0.0027812538,0.0214468468,0.0050019269,0.0143873621,0.0066896003,-0.0118653724,0.0399338865,-0.0028532663,0.0247170520,0.0033000672,0.0201175469,0.0240885568
491.0000000000,0.0023185660,-0.0145491931,-0.0179140039,-0.0222721862,0.0020730106,0.0029783290,-0.0001394355,-0.0057504562,0.0444450800,0.0004578968,0.0019531571,-0.0099859778,0.0218344774,-0.0140224525,-0.0074371678,0.0273995073,-0.0286889719,-0.0390674878,0.0111769882,-0.0319009306,0.0129357430,0.0124047205,-0.0158112316,-0.0179066932,0.0132403773,-0.0021290715,0.0072549807,-0.0093254861,0.0070206509,0.0009266423,-0.0254458939,-0.0077130887,-0.0255158991,-0.0020224807,-0.0122531233,0.0183665540,0.0236346600,-0.0189174348,-0.0225464199,-0.0184285121,-0.0258349127,0.0094556240,0.0000582170,-0.0012552437,-0.0090727313,0.0052536490,-0.0061924760,0.0021252142,-0.0449998697,-0.0029284474,0.0304618982,-0.0074167007,0.0216766362,0.0031053392,0.0242984365,-0.0046834613,0.0075126051,0.0153984899,0.0013311385,0.0316753797,-0.0114959769,0.0287958033,0.0074902747
492.0000000000,-0.0034409404,0.0000643617,-0.0005281688,-0.0104315141,-0.0068636290,0.0100066912,-0.0126817335,0.0180030385,0.0228738334,-0.0137869326,0.0012227506,-0.0193651207,-0.0080190089,-0.0369468862,-0.0037597323,0.0105778381,0.0050270751,-0.0324154243,-0.0096635333,-0.0072385449,-0.0055931467,0.0175103110,0.0042673567,-0.0106940076,-0.0110658059,0.0141806446,0.0041036722,-0.0094760604,0.0140601377,-0.0090196128,0.0040075328,0.0000710217,-0.0049907589,-0.0111473314,-0.0194247829,-0.0063120863,0.0022713913,0.0154083857,-0.0141522015,-0.0037333402,0.0035720834,-0.0200505145,-0.0072396824,0.0274898933,-0.0069104626,0.0084694372,-0.0124713241,0.0127662371,-0.0110408204,-0.0067987925,0.0124059518,0.0049943246,-0.0039828164,0.0202634207,0.0233811314,0.0134284342,-0.0085721976,0.0154728653,-0.0183948121,-0.0010851437,-0.0182782084,0.0032501212,0.0167582593
493.0000000000,-0.0181542195,0.0154396720,-0.0140414058,0.0067179848,-0.0338244970,0.0080547473,-0.0053556832,0.0056593520,-0.0049504324,-0.0106500881,-0.0069818032,-0.0184157462,0.0136183151,0.0125195725,0.0131050773,0.0389840726,-0.0032994465,-0.0121664481,0.0170761164,-0.0216388418,0.0089704062,-0.0184135279,-0.0163342192,-0.0173996974,-0.0035304124,-0.0308561226,0.0052667484,0.0045938999,0.0103474607,0.0303379142,-0.0139880305,-0.0124245782,0.0005659628,0.0149080141,-0.0035003810,0.0333735175,0.0067529469,-0.0064176369,-0.0146092461,-0.0017196937,-0.0298415320,0.0126913405,0.0110895354,0.0189506512,0.0121526656,0.0075854553,-0.0123731449,-0.0227794892,-0.0370773973,-0.0301403629,0.0182238447,-0.0015814056,-0.0062430371,0.0003858628,0.0134313138,0.0218370277,-0.0211956902,0.0338318467,-0.0196987583,-0.0123797143,0.0025659625,0.0117658100,0.0076018669
494.0000000000,-0.0080461592,0.0128263366,0.0136692683,0.0133488959,-0.0059944168,-0.0109546373,-0.0041002541,-0.0149264871,-0.0069600197,0.0044188457,-0.0201627975,0.0031869344,0.0144287707,0.0054055543,0.0116169378,0.0116141186,0.0221499254,-0.0187842117,-0.0300016238,0.0165508391,-0.0135396935,-0.0127510192,-0.0001827895,0.0149896606,0.0043457061,-0.0203528315,0.0057311931,0.0055792732,0.0146933267,0.0297525839,-0.0098812999,-0.0096213041,-0.0203578995,-0.0010783810,-0.0238394037,0.0240089385,0.0291548655,0.0216541126,-0.0046635813,-0.0120166274,-0.0088751340,-0.0181826756,0.0123218128,0.0176455732,-0.0284037354,-0.0015412873,-0.0218122384,-0.0143284223,-0.0172736521,0.0151267199,0.0043557542,-0.0131249824,0.0160326722,-0.0044865576,0.0170882271,0.0056343050,0.0179222069,0.0337058139,-0.0180816251,0.0098894775,0.0110675772,0.0172449940,0.0218658335
495.0000000000,-0.0215678732,0.0196210834,0.0002158721,-0.0137986990,-0.0225265570,-0.0112393958,0.0039784567,-0.0176720233,0.0043018903,-0.0001359948,0.0035091758,-0.0218287486,0.0106026607,0.0093196174,-0.0088366531,0.0142582708,0.0017373999,-0.0162151969,0.0008050750,0.0056353419,-0.0089553118,-0.0238854199,-0.0144538109,-0.0179195055,0.0115004919,-0.0169308197,0.0212624727,-0.0194022062,0.0044136211,0.0047394054,0.0072289586,-0.0083958749,-0.0194036787,-0.0068158278,-0.0074129237,0.0089505410,0.0206032696,-0.0157102602,-0.0052746855,0.0011912973,-0.0179748271,0.0107116759,0.0064011880,0.0215037995,-0.0011368522,-0.0217692341,0.0025873532,0.0073673069,-0.0144698602,-0.0065182308,0.0166901215,0.0016104463,-0.0051593819,-0.0233372387,0.0030218047,0.0281389582,-0.0136084990,0.0016356297,-0.0050080856,0.0098436450,0.0086298314,-0.0066027557,-0.0034435542
496.0000000000,-0.0114692388,0.0066724757,0.0005912776,-0.0050632533,-0.0021840393,-0.0116819346,-0.0009875650,-0.0087655921,0.0057558838,0.0005531606,0.0094658009,0.0014763332,0.0275819925,-0.0083362160,0.0057912944,0.0282090381,0.0337038658,-0.0049750211,0.0134634461,0.0110890932,-0.0193240031,0.0005327714,-0.0144552282,-0.0252341697,0.0117090149,-0.0156000074,0.0076969394,-0.0044217887,0.0121913708,0.0221663726,-0.0104025832,0.0242097528,-0.0175614324,-0.0041884247,0.0206081412,-0.0016997478,0.0154382635,-0.0228945499,-0.0307019949,-0.0104503745,-0.0229713845,0.0010808632,0.0120000388,0.0302617464,-0.0113622014,-0.0377406465,0.0251852448,-0.0069572567,-0.0246538678,-0.0072557260,0.0176323227,-0.0039378943,0.0123333972,-0.0079429601,0.0315567477,0.0063386182,-0.0262497485,0.0322189045,-0.0136385888,0.0003068071,-0.0101406053,0.0040477257,0.0142103405
497.0000000000,-0.0060349126,0.0039959289,-0.0040073038,-0.0029757693,-0.0346840742,0.0106417127,0.0004867035,-0.0246841294,-0.0019296439,-0.0156759435,-0.0105480703,-0.0308995750,0.0145150629,-0.0118483825,0.0240925806,0.0408375813,0.0115667213,-0.0313456619,0.0168086451,-0.0106414945,-0.0120581491,0.0134433264,-0.0075734409,-0.0168100351,0.0248794954,-0.0309320369,0.0208833492,-0.0003882763,0.0268632858,0.0346070469,-0.0041166366,0.0164253486,-0.0287037896,-0.0047161789,-0.0107871027,0.0171644740,0.0214856970,0.0044254752,-0.0139071992,0.0195289552,-0.0192897238,-0.0180398869,0.0094891724,0.0084302331,-0.0175307716,-0.0145193677,-0.0026811862,0.0095086869,-0.0315577481,0.0033071199,0.0188934315,0.0020948375,0.0116390167,0.0157835779,0.0160936075,0.0289167695,-0.0562171524,0.0377889795,-0.0176352216,0.0036065756,0.0178293018,-0.0064622199,0.0252873207
498.0000000000,-0.0184069037,0.0029364818,-0.0051149914,0.0121118236,-0.0136204908,0.0015139157,0.0290539033,-0.0195133679,0.0067699236,-0.0241515468,0.0013752597,0.0077504851,0.0150854079,0.0005860662,0.0172013532,0.0359868867,0.0128108924,-0.0314682097,0.0158032244,0.0071491799,0.0037224387,0.0069671803,-0.0034763729,-0.0248997947,0.0177794269,-0.0339303108,0.0028720095,0.0120324667,0.0134396691,0.0217259074,-0.0146259493,0.0025204850,-0.0016786100,0.0050631783,-0.0068699366,0.0250063596,0.0196175806,-0.0060504033,-0.0208099410,-0.0044219991,-0.0414293912,0.0015031763,0.0055151101,0.0234897333,-0.0002755249,0.0025336902,0.0155886931,0.0229656096,-0.0262613897,0.0067018451,0.0200353841,0.0102883090,0.0147501268,0.0185753113,0.0279431972,-0.0023915051,-0.0029579830,0.0105778501,-0.0034951289,0.0119198229,0.0029316199,0.0246522329,0.0144880119
499.0000000000,-0.0020305940,0.0220940231,0.0002383208,0.0028337253,-0.0102811817,-0.0015850348,0.0155355086,0.0061839884,0.0028053858,-0.0283590134,0.0087961191,-0.0073945459,0.0093348985,-0.0190590146,-0.0145889621,0.0223045342,-0.0068942669,-0.0222595450,0.0093448628,-0.0070213658,-0.0114689614,0.0041563360,-0.0211274206,-0.0067065580,0.0115646468,-0.0200199039,0.0139743994,-0.0022093136,0.0023460089,0.0191945583,-0.0091704371,0.0002497613,-0.0101597841,0.0110124581,0.0123421359,0.0119441955,0.0151619299,-0.0112674268,-0.0074616801,0.0050483847,-0.0193626431,0.0045880299,-0.0030743720,0.0123332122,0.0052535688,-0.0003934363,0.0047911499,-0.0043913144,-0.0254192944,-0.0001420440,-0.0039317522,0.0123897725,0.0087731253,0.0055071078,0.0025451122,-0.0139666944,-0.0024241022,0.0036440484,-0.0070394693,0.0162533480,0.0007309459,0.0167227409,0.0047231356
500.0000000000,-0.0088208612,0.0125398747,0.0063885168,-0.0008042670,-0.0274482593,0.0118056068,0.0152659606,0.0067101007,-0.0126895651,-0.0198093610,0.0095973433,-0.0229643375,-0.0040287265,-0.0110164108,0.0027865890,0.0354627503,-0.0049806166,-0.0264832633,-0.0057059105,-0.0193345979,0.0217658729,-0.0083549358,-0.0154097262,-0.0042612117,0.0042101570,-0.0083111277,-0.0010830818,-0.0186351264,0.0387703639,0.0102865007,-0.0179893871,0.0105677111,-0.0068918107,-0.0020169823,0.0139268297,0.0177413088,0.0070352262,-0.0023561949,-0.0152607584,-0.0229918119,-0.0427593961,-0.0069292946,0.0230281059,0.0286205269,0.0011166715,-0.0041488473,-0.0135580140,0.0049817820,-0.0339321121,0.0161862934,0.0081563751,-0.0099950267,0.0162513150,0.0162738100,0.0072706789,0.0105832719,-0.0143057151,0.0328733920,-0.0206868079,-0.0030939262,0.0238114413,0.0209281075,0.0109978772
