1.0000000000,-0.0138683375,0.0024356984,-0.0105725866,-0.0084149779,0.0483280191,0.0128049558,0.0074355163,0.0195023181,0.0046682751,-0.0068832826,0.0185488537,0.0015045947,-0.0196647382,-0.0032886996,0.0037637643,0.0080084818,-0.0305539518,0.0064772906,0.0234878702,0.0157890689,0.0131731209,0.0406016920,0.0245843831,-0.0002590132,0.0033688935,-0.0076643632,-0.0194943553,-0.0069330959,-0.0039894814,0.0088494669,0.0137204882,0.0176697333,0.0067039595,0.0295000797,0.0285111027,0.0207443949,-0.0245497313,0.0143061822,0.0072940903,-0.0299518708,-0.0014315335,-0.0011576752,0.0077370069,0.0065993672,0.0030354277,-0.0124156623,-0.0198144205,-0.0075808287,0.0034954315,-0.0173201528,-0.0010942934,0.0105261966,0.0039932285,-0.0241181922,-0.0252541536,0.0010434661,-0.0171107958,0.0306810542,-0.0214564971,-0.0343722881,0.0151298671,-0.0058959616,0.0206811025
2.0000000000,0.0000881538,0.0081454805,-0.0049903872,0.0123985550,0.0710891052,0.0092211610,0.0143815000,0.0098647526,0.0193844243,-0.0496099636,0.0353244880,0.0212089127,-0.0195317814,0.0220452827,0.0270189807,0.0435214042,-0.0208581041,0.0137925440,0.0263260159,-0.0263782195,0.0261355246,0.0040167616,0.0065787107,-0.0193602055,0.0026648995,-0.0136674799,-0.0234183536,0.0074369803,0.0081167592,0.0181475274,-0.0279494509,0.0240234231,0.0214618874,0.0266180288,0.0126730544,0.0171615475,0.0058923977,0.0185635642,-0.0077481906,-0.0524689656,0.0047106321,-0.0229839478,0.0129916468,0.0078055518,0.0171027721,0.0070686936,-0.0164012560,-0.0258535403,0.0118839643,-0.0458033448,0.0047505646,0.0111294346,0.0050831183,-0.0151693699,-0.0257923589,-0.0161504878,-0.0054752860,0.0227030204,-0.0061994670,-0.0045660707,0.0269623938,0.0069540781,0.0421170638
3.0000000000,-0.0051865191,-0.0043778370,0.0016510486,0.0096281283,0.0314327588,-0.0011793991,0.0063203725,0.0027234543,0.0167980474,-0.0189931099,-0.0097751044,-0.0074578700,0.0093765012,0.0050584565,-0.0184678897,0.0100273961,-0.0210805649,0.0115420920,0.0146075876,-0.0116268232,0.0167585686,0.0204663541,-0.0032290506,-0.0067021906,-0.0002188978,0.0030752854,-0.0205987601,-0.0132814522,-0.0123658432,-0.0099956787,-0.0077410290,-0.0030271716,-0.0026655479,0.0167447952,0.0106446235,0.0036313288,-0.0035380281,0.0025114196,-0.0047888037,-0.0121739279,-0.0064245287,0.0045718800,-0.0074225175,-0.0092549585,0.0003925606,-0.0161996075,-0.0076520732,-0.0066916204,-0.0182279773,-0.0015887179,-0.0105810970,-0.0126788392,0.0254328056,0.0062194650,0.0073499362,-0.0149774643,-0.0060515913,0.0015685313,0.0156080350,-0.0033415998,0.0075802646,-0.0015158005,0.0230615356
4.0000000000,-0.0195999881,-0.0027785562,0.0065831848,-0.0033441881,0.0181514799,0.0117075933,-0.0084187868,0.0169994689,-0.0071307808,-0.0041382383,0.0157668219,-0.0187935618,-0.0170366844,0.0220136246,0.0000582347,0.0395354154,-0.0093651769,-0.0043502117,0.0281032838,0.0072096094,0.0138612095,0.0265431637,0.0119678997,-0.0197746248,-0.0093413810,-0.0143211693,-0.0287094085,0.0150063285,-0.0059564300,0.0174137177,-0.0154998936,-0.0103880435,0.0089116347,0.0089460929,-0.0003778233,0.0139552575,-0.0128041339,0.0184067731,0.0055491114,-0.0057039012,0.0040578573,-0.0175782963,0.0115621527,0.0081357973,0.0260315331,-0.0060569973,-0.0203009017,0.0059112637,0.0014937728,0.0022231593,0.0061304296,0.0454364605,0.0214459588,-0.0190330083,0.0138203768,-0.0265071494,-0.0229877528,0.0258611626,-0.0013169588,-0.0141749196,0.0114890677,0.0025357936,0.0090996604
5.0000000000,-0.0236627459,-0.0028670157,0.0131208656,-0.0001290078,0.0302387866,-0.0068331136,0.0075298839,0.0206463127,-0.0185367311,-0.0265630963,0.0270801540,-0.0238698170,-0.0194253089,-0.0066083936,-0.0095246689,0.0036340440,-0.0030327607,-0.0133447857,0.0019983390,0.0041368139,0.0070433914,0.0222232054,0.0019297705,0.0029197118,-0.0109464878,-0.0067900392,0.0038762563,-0.0177183731,0.0004563726,0.0049519065,-0.0111756635,-0.0243144633,0.0116198796,-0.0047086161,0.0127511187,-0.0058319451,0.0076611198,-0.0044344021,-0.0196039053,-0.0222570548,0.0037745576,0.0060518140,0.0122627905,0.0236735437,-0.0074903901,0.0079982785,-0.0193342370,-0.0081910804,0.0079838438,-0.0147385900,-0.0124406925,0.0120507471,-0.0035943868,-0.0189245863,-0.0105439484,-0.0009653807,-0.0000500931,-0.0042343806,-0.0056634011,-0.0017067945,0.0262855440,0.0154222184,0.0076810582
6.0000000000,-0.0140739874,0.0150781635,-0.0173016061,-0.0068268233,0.0355695472,-0.0103924905,0.0074639515,0.0009731178,0.0207632944,-0.0219086602,0.0136858483,0.0069120289,-0.0061866985,0.0149631086,-0.0101235060,0.0326816929,-0.0136404084,-0.0060723421,-0.0068657231,-0.0215508391,-0.0025265173,0.0123618677,0.0183076871,0.0031921011,-0.0070824517,-0.0311959788,0.0056076320,0.0060083041,-0.0124041726,0.0111168997,0.0037205499,0.0132491463,0.0128610514,0.0151637899,-0.0038425589,-0.0134707202,0.0064847521,-0.0015746118,0.0355176875,-0.0134399393,-0.0131427333,0.0029563614,0.0274807516,0.0087823860,0.0016611744,0.0075625703,-0.0089221112,0.0124346194,-0.0031782014,-0.0127173670,-0.0211502344,0.0200181558,-0.0000428470,-0.0271002277,-0.0256114940,-0.0367348804,0.0296798837,0.0366383349,0.0039830811,-0.0078194520,0.0227621059,-0.0029542337,0.0099573503
7.0000000000,-0.0065437874,-0.0025365324,0.0247289855,-0.0225589459,0.0256390721,0.0098852186,-0.0007700109,0.0044122759,-0.0116783784,-0.0128262556,0.0140634428,-0.0169816658,-0.0099570089,-0.0170420725,-0.0009603972,0.0071948056,-0.0214271456,0.0083322770,0.0428636932,0.0129687075,0.0201338324,0.0054489692,-0.0093342583,-0.0062840637,0.0014670821,-0.0042511323,-0.0114228739,0.0051389517,-0.0053581944,0.0062498323,-0.0007856132,0.0245662072,0.0073503297,0.0099669748,0.0261125812,0.0162625721,0.0069733700,-0.0073138261,-0.0232524647,-0.0169933745,-0.0134199726,-0.0023740106,0.0029232822,0.0194793783,-0.0150136606,-0.0151288677,-0.0188352772,0.0033519487,0.0105877261,0.0031042648,0.0012403436,-0.0092633542,-0.0220179689,-0.0234526757,-0.0115185159,-0.0290883754,0.0226337058,0.0031489096,-0.0072893884,-0.0205055562,0.0178804420,-0.0101567310,0.0249811986
8.0000000000,0.0019432624,0.0114973256,0.0134332854,0.0036457363,0.0280158896,0.0006048786,0.0126221515,0.0059850744,0.0163608979,-0.0022727426,0.0160992635,0.0198688652,-0.0011540201,-0.0010334017,0.0123706252,-0.0133070074,-0.0084645345,-0.0026306988,0.0203322877,-0.0180922342,0.0133486575,0.0065245266,-0.0088816141,0.0046439966,-0.0016583409,0.0008514894,-0.0297219802,0.0082180261,0.0130323967,-0.0094248980,-0.0299791373,-0.0020528751,0.0091251212,-0.0198689539,-0.0024347697,-0.0163144573,-0.0053992204,-0.0039588410,-0.0116658264,-0.0266326620,-0.0149248726,0.0020709650,0.0191159655,0.0059405312,0.0082080765,-0.0136544692,-0.0088985316,0.0006402415,0.0153641272,-0.0247936421,0.0076470822,0.0223889877,-0.0052727473,-0.0228686670,0.0085777318,-0.0069315133,0.0000826660,0.0024914579,0.0175283689,-0.0083497474,0.0063536914,-0.0265632993,0.0069449396
9.0000000000,0.0094426982,0.0225426520,0.0132027862,0.0092719864,0.0323533039,0.0138810441,-0.0131677715,0.0014244273,-0.0130884776,-0.0018451508,0.0193786589,0.0021460051,-0.0289920370,0.0221486232,0.0137574549,0.0061850583,-0.0225572806,0.0017376487,0.0194274596,-0.0293488319,0.0121838187,0.0155664126,-0.0077086638,-0.0287757176,-0.0146160351,-0.0023963654,-0.0023477088,-0.0009547312,-0.0031098607,0.0212348849,-0.0303724830,0.0117706836,0.0259254291,-0.0022797556,0.0143953990,-0.0057134412,-0.0189486442,0.0172264675,-0.0036663107,-0.0134569748,-0.0045262523,-0.0349662095,-0.0074533563,0.0279545531,0.0186638970,0.0060593815,-0.0055320583,-0.0038620726,0.0175762640,-0.0212877743,0.0091188946,0.0468092620,0.0011308595,-0.0150176299,-0.0133379474,-0.0113915184,-0.0155785421,0.0147299933,0.0070397275,-0.0168747738,0.0384016606,0.0117633932,0.0245141225
10.0000000000,-0.0043194161,0.0152130843,0.0017748548,0.0035658575,0.0546332351,-0.0021900936,0.0100421537,-0.0116365995,-0.0039059375,-0.0074048152,0.0199574148,-0.0007384968,-0.0020963107,0.0076332962,0.0018144262,0.0243122627,0.0004813844,-0.0127580398,0.0075147401,0.0001417883,0.0101209743,0.0110677311,-0.0037371405,-0.0256873968,-0.0109149426,0.0052691833,-0.0076154044,-0.0168849475,0.0240111499,-0.0097278012,0.0080595695,0.0001222991,-0.0127243331,0.0183885199,0.0228054164,0.0099509769,-0.0248268393,-0.0094003993,-0.0137809565,-0.0229477458,-0.0069855178,-0.0006878445,-0.0109424800,0.0194481402,-0.0146360847,-0.0056905144,0.0103494524,0.0162696394,0.0179148558,-0.0127567806,-0.0152411600,0.0102021109,-0.0117491033,-0.0239776401,0.0105891515,-0.0285415566,0.0029850969,0.0127159483,-0.0073555986,-0.0099019915,0.0171413203,-0.0162287321,0.0203214155
11.0000000000,-0.0206322976,-0.0030860402,-0.0102272367,0.0081781498,0.0418444309,0.0147675213,0.0099019902,0.0038004484,-0.0046066406,-0.0186666910,-0.0016583815,-0.0205141253,-0.0097584614,-0.0250578026,0.0115028724,0.0410524639,-0.0353147582,0.0190770961,0.0228610249,-0.0063992782,-0.0085737905,0.0145087583,0.0038050211,-0.0277848407,0.0222932677,-0.0128546846,-0.0012945153,-0.0025746589,-0.0025835424,0.0518375907,-0.0031066449,-0.0120470916,-0.0001536060,0.0201052173,-0.0027373917,0.0156474077,-0.0033298876,-0.0113992865,0.0143105208,-0.0327017200,-0.0306699415,-0.0128794931,-0.0026477357,0.0129054208,-0.0138906235,-0.0229944850,-0.0080658156,0.0221428681,0.0065086817,0.0042498461,-0.0074478791,0.0220215278,-0.0142612976,-0.0156042139,-0.0189678919,-0.0295244228,-0.0230526374,0.0237411264,0.0084734800,-0.0273483820,0.0023385703,-0.0161449451,0.0202963485
12.0000000000,-0.0054272564,0.0069723645,-0.0264410764,0.0183028455,0.0351715179,0.0219078443,-0.0259792692,0.0034522355,-0.0118221800,-0.0165696996,0.0148748287,0.0052676125,-0.0250808945,0.0060415479,0.0085971563,-0.0051710565,-0.0184052302,0.0007636594,-0.0074952361,-0.0159969876,0.0314058432,0.0031271723,-0.0015257480,0.0026525862,0.0054168768,-0.0028347332,-0.0090376393,0.0179867623,-0.0036467180,0.0214390500,0.0010577833,-0.0059949152,0.0166968358,0.0064177221,0.0084276483,0.0177101022,-0.0053865045,0.0121707917,-0.0021013937,-0.0459489278,-0.0068831641,-0.0014395957,-0.0066985019,0.0125256170,-0.0061393124,-0.0084167280,0.0072677124,-0.0063948540,-0.0138287427,-0.0127846018,-0.0184526436,0.0112755185,0.0142036214,-0.0001067771,-0.0228472765,-0.0077788644,-0.0182712951,0.0299056539,-0.0121401472,-0.0272791690,0.0249663717,0.0051519176,0.0125578310
13.0000000000,-0.0068102040,-0.0053455696,-0.0046968168,0.0266960509,0.0296236268,0.0207309562,-0.0113688576,0.0121588029,-0.0109871400,0.0065673528,-0.0038120335,-0.0031122373,-0.0292495625,0.0023097069,-0.0088213428,0.0146767461,-0.0008081174,0.0102285354,0.0094103027,-0.0020436199,0.0225253751,0.0337195372,0.0320420617,-0.0145383091,0.0223136370,-0.0048478397,-0.0192508159,0.0110017257,0.0214503081,-0.0088599007,0.0026745922,0.0171617212,0.0189305071,0.0220508200,0.0174669637,0.0148868433,0.0160699171,0.0089614765,-0.0275681754,-0.0398298702,0.0304829212,-0.0102728049,-0.0108035914,0.0097020560,-0.0116132517,0.0067934179,-0.0016459960,-0.0181968311,0.0159808475,0.0040135195,0.0054775318,-0.0046771901,-0.0221981492,-0.0171449833,-0.0224743425,-0.0026263808,-0.0017208451,0.0111449072,0.0092553629,-0.0265420547,-0.0005159408,0.0064269263,0.0059399946
14.0000000000,-0.0208519644,0.0036189408,0.0039628113,0.0022006936,0.0008501410,0.0131254270,0.0026255946,0.0157025427,0.0043841159,-0.0087815877,0.0148440983,-0.0137876389,-0.0053499390,-0.0028547621,-0.0207880075,0.0228926682,-0.0302534743,0.0071060487,0.0001803617,0.0256487403,-0.0067995085,0.0039262267,0.0034904545,-0.0051464693,0.0170793157,-0.0136335313,-0.0022411836,-0.0028785326,0.0002298146,-0.0026176791,0.0017753573,0.0170486230,0.0041739990,0.0206621621,0.0100678862,0.0253751238,-0.0019229097,0.0264898734,0.0085102289,-0.0140041888,-0.0078312645,-0.0145012075,-0.0121190949,0.0088013008,0.0273589908,-0.0095298936,0.0015470567,-0.0002391977,-0.0083628571,0.0099511765,-0.0064678004,0.0170705249,0.0070080027,-0.0073102525,-0.0042211355,-0.0261451379,0.0070726052,0.0210083828,-0.0048203002,-0.0153613750,0.0171064856,-0.0041727557,0.0057113762
15.0000000000,-0.0284965299,0.0183598730,-0.0117087795,-0.0123127248,0.0336496894,0.0055615206,0.0005580900,0.0509136970,0.0099084102,-0.0082206788,0.0098867505,-0.0260156835,-0.0127801433,0.0002930265,0.0010296784,0.0008921631,-0.0039102800,-0.0154404806,0.0202600257,-0.0041735900,-0.0083754361,0.0176526521,-0.0092901123,-0.0033590464,0.0026062122,-0.0262468201,-0.0161394711,0.0098050135,0.0135665256,0.0072962054,-0.0121942021,0.0055289874,0.0032829238,0.0128818957,-0.0103854819,0.0039165793,0.0098136346,-0.0044233094,-0.0123964521,-0.0092780571,-0.0302384950,0.0022326371,0.0009585990,-0.0171539570,0.0149044148,-0.0039691186,-0.0035271160,-0.0056639465,-0.0074927329,0.0039060473,-0.0099408327,-0.0037605225,-0.0150943854,-0.0240246901,0.0071367872,0.0020133887,-0.0114153242,0.0167271810,-0.0103740996,-0.0144292220,0.0319705190,-0.0038290976,-0.0088478755
16.0000000000,-0.0074957345,0.0246215946,0.0182970075,0.0191723121,0.0218756908,-0.0015187019,0.0195779223,0.0153702911,-0.0088435315,-0.0104429380,0.0193836214,0.0155182269,-0.0125061898,-0.0219650062,-0.0021867992,0.0145979452,-0.0281102514,0.0007042205,0.0011624340,-0.0241192474,-0.0003657941,0.0245062801,-0.0029297418,-0.0098532624,0.0106341773,-0.0042637467,-0.0259345293,0.0095274202,-0.0021547237,0.0094988652,0.0042171310,0.0201078257,-0.0016226786,0.0308595305,-0.0020926624,0.0121785755,-0.0096242844,0.0201691386,-0.0023166887,-0.0172236626,0.0126467129,-0.0386043565,0.0152749682,-0.0046419211,-0.0100965922,-0.0086948379,-0.0264625851,-0.0238425588,0.0049303509,0.0067657282,0.0115198403,0.0339643834,-0.0113341288,-0.0156572172,-0.0053102459,-0.0037495527,-0.0081704070,0.0146018813,-0.0176897335,-0.0211274270,0.0295068970,0.0094434490,0.0270923355
17.0000000000,-0.0214396363,0.0181125762,0.0120912239,-0.0013212707,0.0268434314,0.0003877738,0.0139081377,0.0082837498,0.0046277894,-0.0329181804,0.0093293049,0.0139209417,-0.0031446741,-0.0061416105,0.0036002375,0.0272120360,-0.0057833731,0.0302685976,0.0187610813,-0.0008573232,0.0066158204,0.0309247749,-0.0133759734,0.0043234177,-0.0005614121,-0.0177409031,-0.0074494291,-0.0073914418,-0.0157634768,0.0007345445,0.0078736814,0.0000765212,-0.0176542421,0.0003273281,-0.0040406458,-0.0008241218,0.0019320220,0.0081638861,0.0152683018,-0.0167696725,-0.0077223192,-0.0221128884,-0.0083370736,0.0331031852,0.0037825669,-0.0103527291,-0.0214328759,0.0109720172,0.0260730556,-0.0160809385,-0.0072643589,0.0262440636,-0.0036966929,0.0051545343,0.0112266220,-0.0408143925,-0.0046215425,0.0166962607,-0.0045165193,-0.0285775630,0.0065146494,-0.0117996400,0.0040521241
18.0000000000,0.0012389633,0.0261728988,-0.0061251597,0.0086401602,0.0296116920,0.0130487871,0.0447915486,0.0120654256,-0.0100913932,-0.0224977038,-0.0044674312,-0.0023253016,-0.0159284917,-0.0046501504,-0.0115436225,0.0113329899,-0.0205270935,-0.0072968907,0.0084276618,-0.0061573119,0.0163591587,0.0147607921,0.0106722737,-0.0000066470,0.0122578803,-0.0016702405,0.0011178782,-0.0036364123,0.0066679938,-0.0028596756,-0.0014060439,0.0147333941,0.0145640355,0.0113766509,0.0097853379,-0.0174357200,0.0087848126,-0.0030069608,-0.0147201519,-0.0108734018,0.0098048333,-0.0325172827,-0.0261925760,0.0196308378,-0.0137326497,-0.0077530411,0.0090921504,0.0029151088,-0.0114841598,-0.0212739096,-0.0117847491,0.0398721877,-0.0048059221,0.0005444324,-0.0134242944,-0.0060557544,-0.0247769251,0.0330411212,-0.0126039444,-0.0100790780,0.0056052053,-0.0000816778,-0.0226967538
19.0000000000,-0.0141338497,-0.0281859895,-0.0042150108,-0.0012821077,0.0167918734,0.0084894510,0.0131399971,0.0084965849,-0.0046324548,-0.0245583863,0.0408415467,-0.0037603254,-0.0193550858,-0.0057613361,-0.0025069334,0.0121990745,-0.0009436387,-0.0021970506,0.0101791751,0.0042396319,0.0202127187,0.0176357044,0.0138299596,0.0094965604,0.0143165911,-0.0000585009,0.0065522228,0.0068154427,0.0100627640,-0.0165917871,-0.0089381276,0.0093349894,0.0093719002,0.0210087365,-0.0125657460,-0.0028319988,0.0054352891,0.0077478649,-0.0003618999,-0.0112438089,-0.0217241620,-0.0109836075,-0.0133905157,0.0049876705,-0.0123980459,0.0041258114,0.0073602711,0.0194611234,-0.0041233494,-0.0055037642,-0.0120385085,0.0203178907,0.0061959583,-0.0181235911,-0.0082120554,-0.0325117778,0.0135264376,0.0102911239,-0.0009710670,-0.0197906998,0.0172592208,0.0067024896,0.0022897852
20.0000000000,0.0054982204,-0.0067792374,0.0090348999,-0.0060715007,0.0301206759,0.0121018520,-0.0172534444,0.0364809581,0.0117954666,-0.0088435438,0.0130511127,0.0036307244,-0.0285749368,-0.0133377571,-0.0215932438,0.0162098337,-0.0188303710,-0.0164359374,0.0302780362,-0.0189176319,0.0341922367,0.0155274599,-0.0023966058,0.0306157745,-0.0036413674,-0.0121080260,-0.0098780397,-0.0120856852,-0.0156063883,0.0121245617,-0.0162523975,0.0042900911,-0.0055478991,0.0152903827,0.0144614409,0.0118736157,0.0099228271,0.0279105437,-0.0017316554,-0.0334002104,-0.0264205111,-0.0218121087,-0.0104816089,0.0301660681,0.0142636554,-0.0218654947,0.0090677202,0.0054160522,-0.0083214407,-0.0341062221,-0.0191039455,0.0481234450,0.0004734155,-0.0138970372,-0.0330745403,-0.0331906907,0.0071368336,0.0321262812,-0.0178841565,-0.0302090941,0.0067237241,0.0014705218,0.0246617601
21.0000000000,0.0042329704,-0.0037108081,-0.0098237810,-0.0021770093,0.0158608996,-0.0102222158,0.0275232761,0.0091607816,0.0034034718,-0.0165475708,-0.0026988612,0.0124262857,-0.0200663555,0.0281238509,-0.0227632969,0.0124404844,0.0010463977,-0.0024176250,0.0000784769,0.0240024308,-0.0141929830,-0.0094334463,0.0220426020,0.0046392647,-0.0003871338,-0.0144392911,0.0001655301,0.0121876423,0.0189088067,-0.0112123289,-0.0042572990,0.0007419155,0.0081888830,-0.0097652401,-0.0135196974,-0.0026116955,-0.0136491234,0.0018949750,-0.0041677164,-0.0101000642,-0.0096277040,0.0003786328,0.0045155936,-0.0067613402,0.0333267499,-0.0084805654,0.0071775511,0.0136601065,-0.0008547663,-0.0072949795,-0.0070039271,0.0003142851,0.0042253073,-0.0090420538,0.0037837519,-0.0303759156,0.0077337139,0.0159867216,-0.0137264318,-0.0032983791,0.0129324153,0.0150028850,0.0194106322
22.0000000000,0.0068074326,-0.0009726949,0.0047857037,0.0155581389,0.0434154419,-0.0133916082,0.0296481554,0.0048470214,-0.0032438251,-0.0208336228,0.0127943717,0.0260054587,-0.0358137496,0.0008069963,-0.0023390462,0.0283935609,-0.0185676323,0.0192053567,0.0198768960,-0.0266431842,0.0254664374,0.0345559638,-0.0162429060,-0.0041427469,0.0157406792,-0.0164555772,-0.0175416250,0.0031501880,-0.0179739729,0.0111819863,0.0022878136,0.0205805696,0.0096161106,0.0227678172,0.0232423750,0.0170023249,0.0144086007,0.0174809222,-0.0152522834,-0.0302451171,-0.0129356369,-0.0242140356,-0.0154485614,-0.0034606897,0.0169830828,0.0107299217,-0.0028817894,0.0098721839,0.0086053183,-0.0132033001,-0.0081265556,0.0398154775,0.0171372427,-0.0172552883,-0.0397358732,-0.0237638763,0.0094563540,0.0267272199,0.0006943943,-0.0195957444,0.0210947607,0.0228419590,0.0400172429
23.0000000000,0.0092765121,0.0087216552,0.0209640929,0.0014972757,0.0395549123,0.0218029507,-0.0024806283,0.0089012285,-0.0065746308,-0.0109805857,0.0100554329,-0.0027043147,-0.0181496606,-0.0029024598,0.0163479758,0.0087683148,-0.0034395779,-0.0016993554,0.0060579702,0.0009225346,0.0041697639,0.0063381729,-0.0036333218,0.0108222689,0.0105356286,0.0091926745,-0.0209066114,0.0273390560,0.0126338508,-0.0018305713,-0.0004365590,0.0215011028,0.0157890965,0.0129696255,-0.0044746620,-0.0065917322,-0.0008903915,0.0261031931,-0.0086813313,-0.0098300261,0.0074882768,0.0025627663,-0.0016873165,0.0064984367,0.0081120957,0.0083433281,-0.0014829407,0.0000448804,-0.0012344429,-0.0191608192,-0.0053816298,0.0407629528,0.0056640863,-0.0089142796,-0.0097996592,-0.0268314390,-0.0161209185,0.0020925613,-0.0216182866,-0.0237246805,0.0325034092,-0.0163621054,0.0414170388
24.0000000000,-0.0167219519,0.0082013836,-0.0015028169,0.0051057949,0.0439084028,0.0206817007,0.0147532639,0.0114459719,0.0063507390,-0.0086284340,0.0408574372,-0.0034925973,-0.0234484488,0.0021993647,0.0127042791,0.0073697886,-0.0362948063,0.0061905875,0.0206286054,0.0039492665,0.0288933664,0.0104382994,-0.0011501118,-0.0224535025,0.0173641230,0.0024525672,-0.0034385504,-0.0046675491,-0.0035647779,0.0107625636,-0.0121852172,0.0255591772,-0.0185575218,0.0060280056,0.0100074005,0.0182357360,-0.0056629574,0.0141323669,0.0146946304,-0.0232273084,-0.0099674886,-0.0019361207,0.0077816507,0.0168969747,0.0222770951,-0.0150816442,-0.0121641204,-0.0063109003,0.0203142000,-0.0180842980,-0.0046259840,0.0171455191,0.0142482031,-0.0150360214,-0.0255425852,-0.0320087289,-0.0046185196,0.0262561346,0.0070286345,-0.0022945965,0.0060773899,0.0209834653,0.0065105011
25.0000000000,-0.0158407728,-0.0068612951,-0.0058163312,0.0060460097,0.0241979957,0.0090782752,-0.0025452975,0.0126116187,0.0034298207,-0.0019458145,0.0157218867,-0.0046867553,-0.0094972536,-0.0065026584,-0.0113442456,0.0158072368,-0.0131909940,0.0021285459,0.0083801445,-0.0154297933,0.0220784298,0.0258152435,0.0051888274,-0.0257206010,-0.0077138476,-0.0174660481,0.0085756359,-0.0083535664,0.0091544312,0.0065265325,0.0020023069,0.0191974233,0.0327123734,0.0204115414,0.0182400709,-0.0006399274,-0.0078662128,0.0145403793,0.0043262140,-0.0120224418,0.0141950479,0.0211100909,0.0022505956,0.0107968657,-0.0090999638,0.0163555809,-0.0018714338,0.0004704659,0.0103276963,-0.0111973132,-0.0019036862,0.0241224135,-0.0107890604,-0.0063573808,-0.0232855328,-0.0052195496,0.0022543191,0.0072733848,0.0233537201,-0.0089410836,0.0081816419,-0.0091105082,0.0193426221
26.0000000000,-0.0017860513,0.0086961031,0.0106339865,0.0182670998,-0.0019183269,0.0092919376,0.0003701162,-0.0029000672,0.0188213001,-0.0064771252,0.0209507519,0.0090334601,0.0015557636,-0.0034900836,-0.0029783399,-0.0072430782,-0.0144842829,-0.0168567226,-0.0131868003,0.0038412546,-0.0144969751,0.0096082475,-0.0020014471,-0.0097588298,-0.0155749236,-0.0015301106,-0.0115270518,-0.0061139067,-0.0052368830,0.0208567797,0.0172316299,-0.0013230340,-0.0058837223,0.0213629208,0.0006221572,-0.0007405119,0.0017159442,-0.0028919156,-0.0055655856,-0.0104744739,-0.0082425948,0.0109987169,-0.0066608209,0.0077983891,-0.0019101186,-0.0020091869,0.0044314837,-0.0049602844,0.0206495076,-0.0207667636,-0.0104236748,0.0092892809,0.0079470886,-0.0322655135,0.0139781547,-0.0175341507,0.0021659648,-0.0291139672,-0.0019255006,0.0088314969,0.0107231461,0.0016153351,-0.0087914413
27.0000000000,-0.0216341945,-0.0017222849,0.0079999143,-0.0286586459,0.0184092456,-0.0053374108,0.0108984963,0.0124159269,-0.0204564689,0.0154730689,-0.0005901887,-0.0045385841,-0.0485629440,-0.0102044058,-0.0135241866,0.0094790768,0.0166290821,-0.0126768319,0.0012642928,-0.0085237326,0.0022565304,-0.0010849229,-0.0007948090,-0.0091369725,-0.0072783011,-0.0162948836,0.0050552205,-0.0109591703,0.0131332466,0.0103794453,-0.0030375604,0.0028103569,-0.0040776068,-0.0086385468,-0.0189340384,-0.0025817238,-0.0026032252,0.0248063328,0.0163525845,-0.0193160072,-0.0281156246,-0.0321799791,-0.0129257620,-0.0076073854,-0.0004579880,-0.0201368982,-0.0206823025,-0.0224408116,0.0027712681,0.0105763322,0.0076594431,0.0183308664,0.0027288153,0.0070227026,-0.0117452407,-0.0158727614,-0.0220453108,0.0121213583,-0.0008873982,0.0030350140,0.0229650207,-0.0049585853,0.0201618451
28.0000000000,-0.0116119564,0.0128624258,0.0080455913,0.0034702642,0.0317463008,-0.0074558653,0.0016660669,0.0253735088,-0.0137401783,-0.0166928097,0.0026945559,0.0088053615,-0.0301118797,0.0108205747,0.0219803518,0.0118908088,0.0086738625,-0.0036323194,0.0067107782,0.0072226922,0.0288491829,0.0084405916,-0.0013709620,-0.0158074003,0.0096053629,0.0078037543,-0.0223066397,0.0279487899,0.0237576613,0.0217002012,-0.0272532415,0.0162167168,0.0159456708,-0.0032881415,-0.0072189183,0.0113877579,0.0083682094,-0.0052691756,0.0146826306,-0.0152035464,-0.0074843713,-0.0032061873,-0.0124627101,0.0060872333,0.0006445735,0.0149898282,-0.0033075476,-0.0176089233,0.0265224529,-0.0140295606,0.0028641372,0.0213705256,0.0109114857,-0.0280200280,-0.0166866888,-0.0076654782,0.0056402217,0.0094011455,0.0013359682,-0.0190812972,0.0227665932,0.0111651237,0.0288854993
29.0000000000,-0.0043062599,-0.0060283738,-0.0261040255,-0.0073423365,0.0557640534,-0.0014942784,0.0085003751,0.0328689039,0.0121804433,-0.0188235241,0.0195396719,0.0114824381,-0.0300652292,-0.0045473981,-0.0011982603,0.0217730515,-0.0136614352,-0.0038456712,0.0084570266,-0.0012707483,0.0249234579,-0.0027949042,-0.0117735904,-0.0100689319,0.0160169023,-0.0111320178,-0.0065492344,-0.0071190589,0.0006203793,0.0113289145,0.0036498061,-0.0240322836,0.0419991531,0.0222994434,0.0265830682,-0.0047462450,-0.0148253390,-0.0148147086,-0.0005106857,-0.0465952635,-0.0071441829,-0.0187961653,0.0107280829,0.0082704878,-0.0023571766,-0.0189822510,-0.0083443831,-0.0019180706,0.0074686503,-0.0263374445,-0.0019125757,0.0157530773,-0.0126806011,-0.0210529320,-0.0061221714,-0.0014983527,0.0009881506,0.0169621635,-0.0244364532,-0.0052349023,0.0168459537,0.0093129467,-0.0061835846
30.0000000000,-0.0159941897,-0.0172270501,-0.0097796039,0.0081189191,0.0108893435,-0.0070730370,0.0149445026,0.0221868857,0.0024593250,-0.0282575033,0.0181267829,0.0091601707,-0.0160398708,-0.0096615092,0.0117132707,0.0004614365,-0.0140818195,-0.0020759300,-0.0006260827,0.0093935637,0.0174629500,-0.0070177855,-0.0229635585,0.0198424462,-0.0031032285,0.0119115990,-0.0072546480,-0.0037327125,-0.0061450861,-0.0016878260,0.0145761199,0.0205363798,-0.0029935535,0.0269985393,0.0209011928,0.0018210775,-0.0054534898,-0.0008722059,0.0143058076,-0.0028232474,-0.0207252730,-0.0104886254,-0.0014138603,0.0130016762,0.0025494476,0.0170452609,-0.0135525636,-0.0049620139,-0.0090246610,-0.0110911007,0.0232027192,0.0246114497,-0.0079743985,-0.0010350694,0.0011029736,-0.0013819133,-0.0123779988,0.0048711157,-0.0163658226,0.0006320142,0.0136448407,-0.0132433686,0.0069237582
31.0000000000,-0.0180175602,0.0067182267,0.0104706294,0.0041976239,0.0191573746,-0.0015633404,0.0155804258,0.0061695177,0.0231984515,-0.0289023549,0.0040948320,-0.0019601169,-0.0265161757,-0.0083629602,0.0118430602,0.0159920692,-0.0066862429,0.0277801988,0.0196722960,-0.0077382008,0.0180025313,0.0012000465,0.0005248287,-0.0007564472,-0.0145572403,0.0187939017,-0.0198385802,0.0061789834,-0.0068357845,0.0172083998,-0.0257779542,-0.0031722383,0.0114154743,0.0135439068,0.0205046393,0.0077934735,0.0046953917,0.0137290708,-0.0049834573,-0.0328039246,-0.0091105933,-0.0162820046,0.0018799824,0.0112517676,0.0147940047,0.0028255663,-0.0167561383,0.0013738328,0.0100653103,-0.0092699027,0.0037468699,0.0271105822,0.0250875371,-0.0087772509,-0.0260944868,-0.0202807331,0.0218736845,0.0109083326,0.0047867060,-0.0306816258,-0.0087947822,0.0095816281,0.0055375819
32.0000000000,-0.0107781468,0.0205806585,0.0019705415,-0.0004359997,0.0218134419,-0.0202685356,-0.0157544524,0.0089203472,-0.0031327661,-0.0035377919,0.0210048132,-0.0055173111,-0.0202611472,-0.0126962114,-0.0039393858,0.0401230625,-0.0141052731,-0.0076926753,-0.0023067036,-0.0010976435,0.0149927745,-0.0021802237,0.0016314311,-0.0084542583,0.0108338106,-0.0058933234,0.0015979718,-0.0012500454,0.0132536701,-0.0126066986,0.0080622098,-0.0118105107,0.0077349313,0.0168599671,0.0057101832,0.0002693737,-0.0082006605,0.0232456998,0.0205062871,-0.0126149938,0.0079041672,0.0139940825,0.0113765149,0.0025148019,0.0019724316,0.0024887323,-0.0011533896,-0.0137472781,0.0123759714,0.0045438543,-0.0227011372,0.0040967437,-0.0098003321,0.0044438943,0.0001959371,-0.0063207198,-0.0147497303,-0.0220823401,0.0059094960,-0.0122512868,0.0048361082,-0.0036399466,0.0278175083
33.0000000000,-0.0066455642,0.0097286065,0.0004403721,0.0004891070,0.0232395113,0.0010983828,0.0027548742,0.0357279991,-0.0025885891,-0.0266935818,0.0277334734,-0.0006845067,-0.0209028945,-0.0046089150,0.0025959898,-0.0052207624,-0.0252050755,-0.0187217242,0.0302757183,0.0198214661,0.0173437811,0.0127851360,0.0199500800,0.0077279924,0.0091958550,-0.0232870489,0.0224160580,0.0059632462,0.0059002874,0.0034826579,-0.0189732593,0.0137997370,0.0114192738,0.0212822332,0.0158030349,0.0167222155,0.0138279918,0.0229519686,0.0058832813,-0.0304962132,0.0109078693,-0.0260154610,0.0119539578,0.0161209269,0.0094120250,0.0064535289,-0.0138406973,-0.0043677227,-0.0108924627,-0.0211820588,-0.0067182383,0.0087095418,0.0072620959,-0.0347013374,-0.0199153984,0.0030976539,-0.0001895286,0.0237299483,-0.0103306375,-0.0142495548,0.0100648472,0.0160724757,0.0291337762
34.0000000000,-0.0141171242,0.0011331646,0.0049576528,0.0137738175,0.0471836763,0.0015657782,-0.0030694329,0.0082529810,-0.0036893231,-0.0219011490,0.0145745601,0.0001167788,0.0189954825,0.0016524357,0.0081578085,0.0105784652,-0.0151643855,-0.0060721905,0.0176292022,0.0012665983,0.0119807332,0.0011930777,-0.0013796831,-0.0087370398,-0.0057876399,-0.0247607381,-0.0119905486,-0.0136854461,0.0011020028,0.0061761403,0.0050802101,-0.0108374278,-0.0002454659,0.0144814816,-0.0001031665,-0.0195194190,0.0026964844,-0.0033106362,0.0030669749,-0.0030209018,0.0151145556,-0.0021449218,0.0145614918,0.0272528348,-0.0040073418,-0.0221099906,-0.0078125048,0.0158810664,0.0014564842,-0.0402809386,0.0188545512,0.0305388372,0.0275445190,-0.0133560226,-0.0126361390,-0.0049251141,-0.0136556713,0.0078462486,-0.0097323038,-0.0250388046,0.0055334049,0.0063150479,-0.0030404089
35.0000000000,-0.0106166581,-0.0032228060,-0.0011085430,0.0017447536,0.0275345475,0.0013094434,0.0032239580,-0.0151482726,0.0006128305,0.0078107248,0.0138667506,-0.0171398485,-0.0132117702,0.0129216408,-0.0026896082,0.0322935013,-0.0065505140,-0.0143311192,0.0051419171,-0.0205395699,0.0006058880,0.0031811176,-0.0131197063,-0.0265731175,0.0048961098,-0.0162617648,-0.0105899372,-0.0045295570,0.0105518154,0.0310851565,-0.0046879721,0.0135317929,-0.0181561280,0.0267343819,-0.0048490953,0.0195758289,-0.0123183170,0.0117929298,0.0243251162,-0.0239688602,0.0024176236,-0.0215412763,-0.0327848037,0.0106581341,-0.0015936960,-0.0007441888,-0.0201887634,0.0152796368,-0.0165680982,0.0004828960,-0.0121743357,0.0211280892,-0.0109178377,-0.0331031942,-0.0010215715,-0.0166327994,0.0023371154,0.0165184524,-0.0108287373,-0.0048167098,0.0156911388,-0.0004351202,0.0185071906
36.0000000000,-0.0143531887,0.0152489842,0.0043847342,0.0064529744,0.0406097805,-0.0144022812,0.0222298283,0.0271819709,0.0022476913,-0.0078955503,0.0156193336,0.0026979815,-0.0318059618,0.0206447475,-0.0157285236,0.0038065137,-0.0191906218,-0.0010739903,0.0109020099,0.0084651108,0.0202712751,0.0149726112,0.0071845553,-0.0006800368,0.0233034532,0.0195381748,0.0116974512,0.0025630086,-0.0000893577,0.0249307813,-0.0005341875,0.0179888266,-0.0034022449,0.0082611781,0.0330453987,0.0079820671,-0.0035368070,0.0076060900,-0.0063262368,-0.0370457316,-0.0186491473,-0.0012390322,0.0016725388,0.0216133114,-0.0076211163,0.0029187391,-0.0213128108,0.0087372821,0.0324668349,-0.0091229754,-0.0144943430,0.0420415783,-0.0273204456,-0.0081612808,-0.0110529635,-0.0168009433,0.0152943539,0.0116805751,-0.0280019676,-0.0142976872,0.0140241825,-0.0075365528,0.0193783999
37.0000000000,-0.0150192696,-0.0225001737,0.0037376814,-0.0072297839,-0.0020631382,-0.0080673706,-0.0056789723,0.0175991632,0.0236830496,-0.0081133955,0.0250044544,-0.0097114816,-0.0029708748,0.0148699376,0.0118520938,0.0261598864,-0.0069905758,0.0045100515,0.0159532482,-0.0036405624,0.0128914088,0.0150024285,0.0057758226,0.0069301338,-0.0197132568,-0.0254720484,-0.0013686561,0.0108994995,0.0112230296,-0.0122572223,0.0145886399,0.0223337295,0.0081437927,-0.0078704213,0.0259154780,0.0272209912,0.0022971216,-0.0072119227,0.0048836709,-0.0350593596,-0.0123474376,0.0132328057,0.0075329272,-0.0041314880,-0.0024948419,-0.0105249583,-0.0307718318,-0.0012675344,-0.0120473852,0.0049364739,0.0105523223,0.0126572312,0.0123745806,0.0044885501,-0.0003634083,-0.0134730029,0.0144872871,0.0157537918,0.0094826091,-0.0053753894,0.0095947038,-0.0087488927,0.0287311529
38.0000000000,-0.0060348751,0.0051084245,0.0135722940,0.0149631465,0.0412059829,0.0014156425,-0.0058950159,-0.0090231313,-0.0026315298,-0.0153132215,0.0081919705,0.0217771679,0.0070916187,0.0000546738,0.0172415535,0.0146981893,-0.0081438775,-0.0139630959,-0.0014259883,-0.0110953641,0.0069814286,0.0098479525,0.0240178042,-0.0055905096,-0.0028002982,-0.0068974687,0.0027435673,0.0073535015,-0.0013589179,-0.0061703066,-0.0051929581,0.0120834599,0.0082217791,0.0288444695,0.0276229165,0.0095123135,0.0005434719,-0.0039501651,0.0211640029,-0.0167621702,-0.0064936160,0.0098577859,0.0018621184,0.0197428745,-0.0157885138,-0.0268343100,-0.0392469386,-0.0162840610,-0.0144426023,-0.0027299895,-0.0029905875,0.0278395833,0.0011307687,0.0087709620,-0.0112052564,-0.0198688560,0.0073407340,0.0222785013,-0.0070649937,-0.0225979674,0.0183553282,-0.0177820321,0.0198671247
39.0000000000,-0.0156119409,0.0074652460,-0.0101526085,0.0023419587,0.0372957767,-0.0095695427,0.0210510479,-0.0110698907,-0.0004077788,-0.0183083244,-0.0113783888,0.0256903257,0.0040303688,0.0116362175,-0.0048773885,0.0303976864,-0.0024432503,-0.0099392392,0.0168906782,-0.0142422821,0.0354160016,0.0138951490,0.0216802175,-0.0084639069,0.0058275216,-0.0080643440,-0.0285023468,-0.0003067526,0.0255449768,0.0141796227,-0.0141659879,0.0245038770,0.0074263173,0.0262808839,0.0141800806,0.0142093424,-0.0127257541,-0.0175043461,-0.0110510946,-0.0196060886,-0.0085427677,-0.0001667681,0.0249090264,0.0058688317,0.0044499513,-0.0119045187,-0.0124786705,-0.0001632532,-0.0027962080,0.0063581852,0.0009969279,0.0279218690,0.0096142119,-0.0057409159,-0.0260351835,-0.0134301887,-0.0036012251,0.0354751659,-0.0185030479,-0.0000021330,0.0211876665,0.0165296821,0.0151213569
40.0000000000,0.0039011866,0.0004558031,0.0217300432,0.0017883742,0.0206665159,-0.0148173742,0.0163211832,0.0082440673,0.0042896038,-0.0231236732,0.0106609881,-0.0040961529,-0.0046413058,-0.0108091633,-0.0082741894,0.0035292105,-0.0194153187,0.0052491008,0.0042296440,-0.0319677449,0.0141089189,0.0162805986,-0.0014051772,-0.0131007885,0.0062546552,-0.0191842444,-0.0139816915,0.0041682188,-0.0030241347,0.0107917784,-0.0319229726,0.0424754214,0.0017476658,0.0025544986,0.0191048301,0.0220960660,0.0085610614,0.0111453600,0.0178276105,-0.0143998483,0.0041070180,0.0251387573,0.0061703878,0.0154152118,0.0048143637,0.0013061690,-0.0064618996,-0.0071702364,0.0072756767,-0.0053029870,0.0058812216,0.0382021976,-0.0024784602,-0.0113886375,-0.0188191525,0.0060889658,0.0215821271,0.0144056427,-0.0080327255,-0.0117389381,0.0061143053,-0.0066609784,0.0256777932
41.0000000000,-0.0088514948,0.0174263484,0.0097370092,0.0113455528,0.0333282913,0.0076295838,0.0114777069,0.0124470794,0.0090404213,0.0050513586,0.0171679358,0.0157371812,-0.0073773454,0.0036600295,-0.0009807222,0.0133026986,-0.0237537623,0.0047689349,0.0255189391,-0.0045402214,0.0185902050,0.0334940789,0.0111932513,-0.0174337111,-0.0080391295,-0.0409042172,-0.0102383634,-0.0139439797,-0.0057960373,-0.0317328558,-0.0008731266,0.0144290953,-0.0021579526,0.0090667125,0.0083773829,0.0124179590,0.0032717999,0.0111678624,-0.0046152119,-0.0415422687,-0.0009561719,-0.0128593077,-0.0164747266,0.0297861741,0.0075994252,-0.0219933495,-0.0189077033,0.0192017118,0.0036972396,-0.0475465354,-0.0003541457,0.0462222624,0.0096352633,-0.0159190245,-0.0034068074,-0.0225093562,-0.0139663804,0.0065958505,0.0087348666,-0.0265248897,0.0260279223,-0.0141565094,0.0179357434
42.0000000000,-0.0017878740,-0.0060598547,0.0289189880,0.0193356577,0.0291808956,-0.0146222634,-0.0013230675,0.0154663164,0.0038259706,-0.0128623020,0.0108350768,0.0020965199,-0.0285198689,-0.0061453633,-0.0000614696,0.0266438247,-0.0102756048,0.0225970894,-0.0105783376,0.0093820348,0.0313074904,0.0000629458,0.0062598279,-0.0063818635,0.0047868482,-0.0160489331,-0.0070514935,0.0086427992,0.0102227234,-0.0041798695,-0.0123109184,-0.0095192246,0.0013606239,-0.0031511732,0.0009282081,-0.0149427008,0.0031900996,0.0108498659,-0.0002885590,-0.0152628217,0.0089750553,-0.0030456058,-0.0178596211,0.0026314313,-0.0051489888,0.0100800509,0.0033322511,-0.0038999342,0.0125615838,-0.0172924488,-0.0164786134,0.0149963048,0.0081907529,-0.0076099214,0.0124039015,0.0051208466,0.0006291939,-0.0094107719,-0.0029983726,-0.0167191575,0.0031218328,-0.0042660747,0.0105508039
43.0000000000,-0.0211123642,-0.0072303768,0.0064082338,0.0205280313,0.0409614296,0.0140031493,0.0169532613,0.0128086452,-0.0011143328,-0.0145880439,0.0141293957,0.0177657166,-0.0128720337,-0.0215272348,0.0268685534,0.0158250273,-0.0241778814,0.0106879196,0.0260700712,-0.0180767902,0.0324629101,0.0302658111,-0.0119994268,0.0073748818,0.0162470663,0.0014368335,0.0006027373,-0.0049404718,-0.0014939723,0.0115303073,-0.0195163613,0.0054426805,0.0165397155,0.0035047453,-0.0060130406,0.0186496647,0.0080386602,-0.0007233620,0.0059443135,-0.0122136048,-0.0118505485,-0.0037526210,0.0034767327,0.0285080227,-0.0029459059,-0.0119898166,-0.0090147743,-0.0087554026,-0.0018546343,-0.0416002746,-0.0025012545,0.0298205757,0.0191320515,-0.0034046336,0.0071625279,-0.0236948311,-0.0108788884,0.0250510834,0.0204636713,-0.0294995746,0.0080661674,0.0014208748,0.0212939878
44.0000000000,-0.0084178555,0.0147616753,-0.0050938967,0.0064070626,0.0215151907,0.0085354382,0.0180394968,0.0188929685,-0.0007096048,-0.0104494993,0.0137881869,0.0147316222,-0.0067837174,0.0095224050,0.0167022856,0.0094708015,-0.0140583067,-0.0071268454,0.0037069394,-0.0123464945,0.0253351109,-0.0019647686,0.0065817338,0.0277879726,-0.0002532402,-0.0026683098,-0.0131852709,0.0250428966,0.0138882807,0.0061743680,0.0044899479,0.0248497457,0.0147795897,0.0091616114,0.0083317156,0.0039849078,0.0021749745,0.0134780533,0.0088584664,-0.0188783861,0.0080610266,-0.0022774588,0.0181839060,0.0290669600,0.0080282478,-0.0111737668,-0.0136974698,0.0181940925,0.0140628498,-0.0362506953,0.0148250799,0.0319260191,0.0101445127,-0.0287504957,-0.0050217393,-0.0210635618,-0.0095477970,0.0487722348,0.0028857027,-0.0215864136,0.0095772820,0.0046172081,0.0080802957
45.0000000000,0.0014256141,-0.0284418390,0.0103667683,-0.0152492494,0.0104954398,0.0075056254,0.0096866314,0.0060846572,0.0171028999,-0.0004195300,-0.0104196578,-0.0031771524,-0.0058620328,-0.0085148832,-0.0084191624,0.0136815738,-0.0204588920,-0.0114179754,0.0089455834,-0.0099069654,0.0017351675,0.0037650656,-0.0191909341,0.0108284322,0.0092792204,-0.0088859500,-0.0175680098,0.0135374050,-0.0229444966,-0.0107483426,-0.0196763911,-0.0153687980,-0.0021271672,0.0105461934,-0.0094901360,0.0078092683,0.0154185016,-0.0049968051,-0.0155467995,0.0106257784,-0.0111262990,0.0152539338,-0.0002738389,-0.0083439161,-0.0180203571,0.0006083076,-0.0055744675,-0.0065446415,0.0224290041,-0.0003475805,-0.0037244937,0.0198801101,0.0142592176,0.0077777451,-0.0034298186,0.0051988492,-0.0094787994,0.0046903158,0.0061875595,-0.0020355726,0.0044775644,0.0010185112,0.0122317375
46.0000000000,0.0047403103,0.0071252511,-0.0166106031,-0.0027156165,0.0287261416,0.0121595296,0.0079233750,0.0179448807,-0.0072837027,-0.0154757152,0.0042621756,0.0173216456,-0.0214940656,0.0058688354,0.0097357171,0.0030567736,-0.0303485217,-0.0057596537,0.0077610342,-0.0002173934,-0.0126421307,0.0045860618,0.0067771433,-0.0098106352,0.0120652433,0.0068627573,-0.0164762388,0.0009998604,-0.0132613065,-0.0048149517,-0.0195571988,0.0119169375,0.0105014600,0.0076909160,0.0012125460,-0.0051892742,0.0193922173,0.0107379489,0.0230685892,-0.0054905935,0.0155577440,-0.0187538505,-0.0122696613,0.0067656061,-0.0133374262,-0.0064283493,-0.0182005367,0.0171409656,0.0052502834,-0.0205706375,-0.0072516100,0.0020996899,0.0035205482,-0.0100029009,-0.0058430894,-0.0155819400,0.0001374347,0.0117733948,-0.0063693628,-0.0145237119,0.0091878308,0.0084852757,-0.0013502538
47.0000000000,-0.0059249558,0.0073001080,0.0124885913,0.0078970472,0.0407774986,-0.0004053814,0.0012676293,0.0104859027,-0.0101320114,-0.0072354584,0.0087326035,-0.0081720586,-0.0284728065,0.0220759685,0.0085461048,0.0319947694,-0.0074644693,0.0048923021,0.0268478776,-0.0019032751,0.0000461754,0.0138203112,0.0012426081,0.0112789881,-0.0002156922,0.0037809892,-0.0136066528,-0.0049915242,-0.0104615210,0.0119865804,-0.0349316782,0.0069503130,0.0126931349,0.0244486792,0.0157618669,0.0219810040,-0.0035111489,0.0087739096,-0.0074491114,0.0063648266,-0.0104504048,-0.0020327586,-0.0030818608,0.0239274273,0.0213664503,-0.0160143656,-0.0229026729,-0.0141976195,0.0061193442,-0.0496721700,-0.0037333188,0.0373452871,0.0093825465,-0.0269103553,-0.0121920268,-0.0183871037,-0.0162450992,0.0090521072,0.0061617514,-0.0219477567,-0.0087280659,-0.0070893681,0.0118093358
48.0000000000,-0.0060641786,0.0230968245,-0.0021284123,-0.0074115191,0.0206881415,-0.0112597359,-0.0028590770,0.0339604347,0.0209898477,-0.0076343996,0.0398437163,0.0058031689,-0.0127395682,-0.0043026587,-0.0167337925,0.0190577954,-0.0181636151,-0.0041971928,0.0055359381,-0.0172839283,0.0179818891,0.0047899165,-0.0010585098,-0.0100503355,-0.0048225936,-0.0177494535,-0.0249180176,-0.0151354682,-0.0037115918,0.0076433082,0.0069912078,0.0043427988,-0.0047700600,-0.0110478729,-0.0133144067,0.0125081676,0.0115208189,0.0022673723,0.0080465771,-0.0209756502,-0.0042607137,-0.0182832380,0.0024681967,0.0252175653,-0.0167941497,-0.0000293001,-0.0142660447,-0.0127225543,0.0172844136,-0.0081120207,0.0179157994,0.0265549042,-0.0057509491,0.0062820964,0.0083737245,-0.0079397854,-0.0040685622,0.0392227812,-0.0151728356,-0.0144847677,0.0224463499,-0.0086712594,0.0052056918
49.0000000000,-0.0286181927,0.0033873835,-0.0016345196,-0.0056967924,0.0285035466,0.0047909417,0.0088761441,0.0286133695,-0.0135028668,-0.0081280990,0.0288874018,-0.0014792709,-0.0272072937,-0.0061316819,0.0214895755,0.0167416928,-0.0212544832,-0.0014629355,0.0127243478,-0.0179973774,0.0169499142,0.0363108401,0.0118665735,-0.0054085258,-0.0018060912,-0.0088078070,-0.0223080110,-0.0098178558,-0.0038320718,-0.0015597773,-0.0201601599,0.0139538128,-0.0155976433,0.0351758479,0.0025335856,0.0043515546,0.0241041073,-0.0244668563,0.0141148005,-0.0022621255,0.0060048541,-0.0192179346,-0.0079900938,0.0232761256,0.0147250622,-0.0116654827,-0.0138919844,-0.0025672668,0.0232363054,-0.0235614166,-0.0051351592,0.0210331952,0.0001907735,0.0115025737,-0.0145925979,-0.0210362196,-0.0111891178,0.0134380820,0.0000897645,-0.0210489026,0.0191961114,0.0135185180,0.0206872027
50.0000000000,-0.0141539926,-0.0315778241,0.0023932898,-0.0024392977,0.0380642739,0.0122285572,0.0192271596,-0.0032484917,0.0217341861,-0.0051620754,0.0299368507,-0.0134514824,-0.0244249671,0.0172580765,0.0370114249,0.0294080917,0.0054763621,0.0283645145,0.0088507290,-0.0101452575,0.0130163689,0.0097603437,0.0013857854,-0.0115006621,0.0034427552,-0.0100938381,0.0084145178,-0.0201369717,-0.0112984690,-0.0002814369,-0.0136200667,0.0091523023,0.0099439276,-0.0037623471,-0.0077335313,0.0121743340,0.0023314168,0.0091909093,0.0047980749,0.0096334047,0.0081438374,-0.0198095065,0.0006193330,0.0052254902,0.0158732549,-0.0048803766,-0.0049267142,0.0035139206,-0.0005156643,-0.0136784297,0.0182433380,0.0162978206,0.0120865478,0.0106388460,-0.0088704035,-0.0104271836,-0.0050401108,-0.0040781018,0.0099504364,0.0017297075,0.0079398485,0.0059190714,0.0058651468
51.0000000000,-0.0130344491,-0.0064560084,0.0176084208,0.0219734234,0.0506171234,0.0180728988,0.0249555189,0.0215379692,-0.0034476402,-0.0237196594,0.0464263524,-0.0113768978,-0.0209419637,-0.0184539454,0.0009820550,0.0128736836,-0.0309374056,0.0167639750,0.0191554198,-0.0037127051,0.0170157048,0.0063716133,0.0209596817,-0.0021703355,0.0218017953,-0.0080295484,-0.0245971444,0.0000878581,-0.0185218730,0.0095043694,0.0049783934,0.0050250853,0.0080196929,0.0265472949,0.0006055737,0.0186059565,-0.0010204577,-0.0015942252,0.0123051448,-0.0306455904,-0.0152428527,-0.0067190178,-0.0171811062,0.0108581797,0.0066319719,-0.0095640639,-0.0119386105,-0.0029226583,0.0035322587,-0.0053312062,0.0105435866,0.0287274601,0.0099172620,0.0020066355,-0.0125929605,-0.0201996608,0.0073554957,0.0159626675,0.0186134594,-0.0169858205,-0.0037310852,-0.0020615121,0.0331854866
52.0000000000,0.0066722064,0.0023163597,0.0086703275,0.0032289415,0.0360944091,-0.0139591170,0.0007738709,0.0050470263,-0.0204172023,0.0064354949,0.0224414523,-0.0001817331,-0.0041828903,0.0015261215,-0.0150510454,0.0147365643,0.0068279303,-0.0109217678,0.0102626241,-0.0208466285,0.0322139187,0.0087877268,-0.0280078269,0.0038386046,-0.0039138137,-0.0085773243,-0.0180758671,0.0159094572,0.0208935216,0.0114634954,-0.0112401333,0.0101047123,0.0081274445,0.0257207540,0.0293541701,0.0155456326,0.0108233755,0.0083039450,-0.0024195785,-0.0221234970,-0.0014075336,-0.0022064729,-0.0001995710,0.0042132397,0.0006317075,-0.0130885576,0.0007168195,0.0070617229,-0.0073996301,0.0006896180,-0.0172221615,0.0288117183,-0.0154711248,-0.0234194926,-0.0114313296,-0.0057192343,0.0208507081,0.0075952958,-0.0033365384,-0.0387060073,0.0383942884,0.0091436102,-0.0140555346
53.0000000000,-0.0051385815,-0.0156552110,0.0018957560,-0.0011588675,0.0489642912,0.0228911751,0.0188190431,0.0322069369,-0.0119059396,0.0054200096,0.0308678536,0.0110874164,-0.0203735858,-0.0192908831,0.0065821765,0.0151159172,-0.0231006191,-0.0259292819,0.0172157674,-0.0176935605,0.0259879941,0.0147387669,-0.0232750211,0.0265199502,0.0262004420,-0.0138524962,-0.0257272689,-0.0129360248,0.0345188092,0.0160558810,-0.0123436035,0.0251997756,0.0324650816,0.0144239319,0.0320438603,0.0168527729,0.0039552252,0.0325709413,0.0076912489,-0.0191826779,-0.0213414380,0.0082732622,-0.0187719953,0.0011986433,-0.0006929515,-0.0057821055,-0.0025156512,0.0180632800,0.0120040022,-0.0335922991,-0.0211315377,0.0328061454,-0.0081032848,0.0023636269,-0.0160699314,-0.0160807146,-0.0068480646,0.0172986939,0.0131685276,-0.0225848692,0.0061147016,0.0021189327,0.0199091515
54.0000000000,-0.0062676563,-0.0188011751,-0.0062960673,-0.0111431845,0.0375780342,0.0030190897,0.0166506635,0.0095331556,-0.0037996949,-0.0215289895,0.0167225176,0.0179486986,-0.0305620524,0.0081885022,-0.0220559324,0.0259151964,-0.0178330282,0.0061548056,0.0242191422,-0.0265084301,0.0041657892,0.0160450176,-0.0044859368,-0.0296662441,0.0148752320,-0.0089928743,-0.0035609927,0.0078989707,-0.0100045694,0.0001218506,0.0187803716,0.0143070959,0.0285245363,0.0117462884,0.0187064902,0.0129167955,0.0000731573,0.0080906818,-0.0041742312,-0.0227796954,-0.0035905371,-0.0051534491,0.0090907823,0.0137336787,0.0052031589,0.0019302266,-0.0173200521,0.0176780401,-0.0078438515,-0.0150609872,-0.0014881928,0.0192939616,0.0140751704,-0.0053716889,-0.0236946127,0.0007145444,0.0135163039,-0.0001456863,0.0003814895,-0.0196567238,0.0228172994,0.0084773509,0.0119539327
55.0000000000,-0.0188447550,-0.0032519037,0.0312966336,-0.0155672121,0.0395827123,0.0231766441,0.0088373585,0.0048279458,0.0016307034,-0.0155564336,0.0063848267,-0.0022663945,-0.0256516986,0.0026899977,-0.0126299469,0.0253129620,0.0023276603,-0.0118460227,0.0419906069,-0.0052914095,-0.0110156864,0.0198017121,-0.0074971802,-0.0185989459,-0.0065539664,-0.0134534163,-0.0194124450,-0.0126001814,0.0028556859,0.0182890178,-0.0015189654,-0.0054675603,0.0010461676,-0.0012224792,0.0299544720,-0.0108769693,0.0033981754,0.0044162297,0.0017037265,-0.0354472542,-0.0067789476,-0.0100966930,-0.0217533623,0.0128374902,-0.0119428047,0.0010333978,-0.0114306634,0.0307504846,0.0242394484,-0.0121924795,-0.0154835770,0.0240682689,0.0094448188,-0.0004012430,-0.0080029618,-0.0241529499,0.0160221424,0.0188229712,-0.0047612316,-0.0293199752,0.0038978831,-0.0261483599,0.0151577658
56.0000000000,-0.0084924735,-0.0044338526,-0.0144947811,0.0111916425,0.0126785593,0.0063217073,0.0173764243,0.0043667452,0.0012741985,-0.0357838923,0.0068946012,0.0385142669,0.0015064182,0.0021258065,-0.0072112250,0.0066533971,-0.0165379385,-0.0039214161,0.0082491446,0.0071581615,0.0096357450,0.0076622231,-0.0049021691,-0.0108019252,0.0023671512,0.0007338395,-0.0102527354,0.0037518815,0.0054974223,0.0076475531,-0.0020542169,0.0117283403,-0.0036571979,-0.0067276188,0.0046852347,-0.0003253119,-0.0217232936,-0.0030435166,0.0076772142,-0.0112951099,-0.0292036302,-0.0187462717,0.0071824441,0.0042132178,0.0052987267,-0.0206618109,-0.0093553314,0.0150382956,-0.0012651979,-0.0211288842,-0.0189605627,0.0096077351,-0.0107808788,-0.0276756274,-0.0140881700,-0.0423899304,-0.0021113061,0.0011665380,-0.0078784741,-0.0226798051,0.0274800251,-0.0205251170,0.0005479143
57.0000000000,-0.0101868396,-0.0006305436,-0.0001301713,0.0131948509,0.0321869492,0.0148092142,-0.0055681425,0.0255261314,0.0062404355,-0.0110587877,0.0258040307,0.0389089362,-0.0122922238,0.0147838287,-0.0112108215,0.0088080365,-0.0235545946,0.0194396738,0.0036986826,-0.0111447879,0.0195109882,0.0129708158,0.0003649653,0.0177385357,-0.0212771209,-0.0178874879,0.0028417622,-0.0046498043,0.0107935810,-0.0115276161,-0.0095717874,-0.0224762318,-0.0132125680,-0.0119350285,0.0127507289,0.0159993931,-0.0382384349,0.0140284218,-0.0141801447,-0.0131859007,-0.0280585482,-0.0136709543,-0.0292332578,0.0134501547,-0.0093060181,0.0023458660,-0.0069235909,0.0042391878,0.0082430186,-0.0189750248,-0.0152970438,0.0192000159,-0.0054704601,-0.0155487161,0.0210552891,0.0059414477,0.0140453210,0.0106937261,-0.0139246171,-0.0320347414,0.0149157252,0.0110291866,0.0075859965
58.0000000000,-0.0251988248,0.0015301909,-0.0082469008,0.0098098299,0.0199656065,-0.0134000139,0.0031099507,0.0043625536,0.0101942025,-0.0179435435,0.0228859769,-0.0151370443,-0.0107170491,-0.0075343512,0.0080901655,-0.0067319609,-0.0108307176,-0.0372329600,0.0094373382,-0.0155359856,0.0108335359,0.0324242521,-0.0030539837,-0.0141427352,0.0183400303,-0.0110918286,0.0028306227,-0.0219266579,0.0057267851,0.0208275858,0.0191487192,0.0067277965,-0.0119298086,-0.0062503688,0.0100752673,0.0186986991,-0.0067746647,-0.0089066120,-0.0013112333,-0.0286904506,-0.0402873760,-0.0166866961,-0.0145212118,0.0332616264,0.0023823464,0.0040482009,-0.0223702228,-0.0040987577,-0.0075591087,-0.0131250659,0.0071609984,0.0067279101,-0.0062064553,-0.0057289143,-0.0307570211,-0.0106180592,-0.0066351820,0.0285584029,-0.0182023376,-0.0200768945,0.0245053903,0.0029092228,-0.0007396199
59.0000000000,-0.0064694299,0.0003618352,-0.0149070889,-0.0068914894,0.0570676316,-0.0045791239,0.0125190746,0.0080932912,0.0077692412,-0.0367680818,0.0167405071,0.0135454698,-0.0297587650,-0.0168377271,0.0177394438,0.0050471035,-0.0178316962,0.0113932794,0.0245573426,0.0177457717,0.0152063555,0.0014583524,0.0130927146,-0.0190587085,-0.0017788627,-0.0144587020,-0.0214956782,-0.0010984094,-0.0249706243,0.0012025481,0.0067013202,0.0155497912,0.0242686007,0.0068257792,-0.0162184109,0.0057789676,0.0085173707,0.0113712694,-0.0054936002,-0.0203771812,0.0128807373,-0.0404625183,0.0017967147,0.0111211389,-0.0016913041,-0.0052720018,-0.0193554242,0.0024703468,-0.0039463091,-0.0179009467,0.0001637710,0.0422321026,0.0051830600,-0.0236500614,-0.0177138677,-0.0369722683,0.0003359298,0.0119616101,-0.0101518492,-0.0136616936,0.0111161619,0.0025044851,0.0237633124
60.0000000000,0.0094689995,-0.0034344237,0.0159235991,0.0038144094,0.0019102118,-0.0071479434,-0.0216057368,0.0088224761,0.0073936700,-0.0331736976,0.0489147738,-0.0048098323,-0.0303787293,0.0157559205,-0.0006773675,0.0228900290,-0.0167908444,-0.0265228854,0.0036831065,0.0218335858,0.0078439275,0.0003767285,0.0098135000,-0.0195087202,0.0242395498,0.0050484449,-0.0032180229,0.0251925118,0.0087881990,0.0017398660,0.0079988717,0.0188530337,-0.0083041936,0.0120701905,0.0208115946,0.0071846327,0.0152649179,-0.0033579141,-0.0139082750,-0.0284840553,0.0108637179,0.0134045967,-0.0093755349,-0.0100821872,0.0058022769,0.0036660816,-0.0203993448,-0.0107290555,0.0044052910,-0.0274938544,-0.0056239967,0.0179621809,-0.0150449821,-0.0175840076,-0.0020753705,-0.0195893569,-0.0001790965,0.0240321200,-0.0101312506,-0.0229406190,0.0274253984,-0.0151482951,0.0090995862
61.0000000000,-0.0056629607,0.0167178983,0.0018778438,0.0110277889,0.0398885883,-0.0053342789,0.0092081076,0.0107224688,-0.0168942057,-0.0048303235,0.0234376611,-0.0016040238,-0.0225520746,0.0054606300,-0.0126549798,0.0031006571,-0.0091822893,0.0236593202,0.0096276031,0.0095583836,0.0187644198,0.0063966831,0.0158193992,0.0084268804,0.0117987864,-0.0028288947,-0.0408038898,0.0007657214,0.0130385603,-0.0109594668,-0.0133303361,0.0016537320,0.0231849362,0.0247644536,-0.0003277742,0.0063850548,0.0022348258,0.0115037502,-0.0034818997,-0.0285787647,-0.0073645455,-0.0337266529,-0.0024757027,0.0049556604,-0.0015119911,-0.0086134018,0.0021625490,0.0021148267,0.0024384701,-0.0006988315,-0.0021327274,0.0080025354,0.0123406547,-0.0330673289,-0.0149670416,-0.0394571590,-0.0185697722,0.0211007915,-0.0082592835,-0.0150083257,0.0094729710,0.0217048115,0.0238896042
62.0000000000,-0.0029985574,-0.0289872332,-0.0077527837,0.0111306656,0.0577638693,0.0200768018,0.0165826296,0.0003083963,-0.0106346021,-0.0199560486,0.0189892039,0.0299513552,-0.0336812641,-0.0104941775,0.0009600642,0.0279761442,-0.0456527877,-0.0007020237,0.0337400852,-0.0034670015,0.0290877670,0.0124966841,-0.0058538151,0.0064796268,0.0276541803,0.0014969479,-0.0366791000,0.0036716373,-0.0053652574,0.0265288451,-0.0001326943,0.0054106410,0.0092106949,0.0197336006,0.0068519158,0.0122144737,-0.0175567422,0.0225909869,0.0232354421,-0.0186232492,0.0219300299,-0.0375208172,-0.0075980725,0.0133362346,0.0064142142,-0.0060322050,-0.0153071183,0.0076518440,0.0299939284,-0.0252828553,-0.0101599045,0.0138262328,0.0019176800,-0.0256992271,-0.0014088490,-0.0444672589,-0.0252905296,0.0013230873,-0.0104016808,-0.0485370155,0.0026833927,-0.0107836328,0.0039788397
63.0000000000,-0.0082634693,-0.0043024147,-0.0012641103,0.0139578106,0.0700398073,0.0229480031,-0.0033105192,-0.0064109380,-0.0181498282,-0.0290010919,0.0055720243,0.0014717283,-0.0255309671,0.0310896283,0.0144081837,0.0056126859,-0.0095230363,0.0240114693,0.0078264792,-0.0038563499,0.0179867099,0.0120127490,-0.0169661597,0.0060130427,0.0048026026,-0.0161346665,0.0124081865,-0.0035384925,-0.0067309833,0.0073154010,-0.0098597516,0.0250573492,0.0110594794,0.0098833026,0.0143904905,-0.0103832079,0.0055647045,0.0268351362,-0.0109593034,-0.0375846515,-0.0032615967,-0.0112216530,-0.0093029385,0.0135787694,-0.0045498216,-0.0274163333,-0.0236744677,-0.0050203028,0.0145896934,-0.0128824493,-0.0051843975,0.0122094705,0.0385218388,-0.0077416504,-0.0281800431,-0.0335261594,-0.0130475066,0.0245831063,-0.0197774567,-0.0281075443,0.0138282880,0.0222857277,0.0134106745
64.0000000000,-0.0088894941,-0.0046162540,-0.0052808495,0.0158947620,0.0215567939,0.0057933822,-0.0100261068,0.0005619247,0.0161616684,-0.0014236505,-0.0082763265,0.0066785362,-0.0122281483,0.0137712673,0.0319636011,0.0058973110,-0.0340409124,0.0044528612,0.0228681806,0.0033250897,0.0400327631,0.0300120566,-0.0029069531,-0.0010346464,0.0068267320,0.0131922686,0.0055432597,-0.0079247821,-0.0047097182,0.0137173990,-0.0072758210,0.0011462868,-0.0148262907,-0.0206426848,0.0099812704,0.0256654989,0.0076496714,0.0020639981,-0.0086546590,-0.0375088087,-0.0274380106,-0.0075877326,0.0020518960,0.0454894058,0.0005267526,-0.0019395447,-0.0094914477,0.0150663473,-0.0072463406,-0.0213354523,-0.0022352190,0.0261764339,-0.0009595135,-0.0125427928,-0.0218074801,-0.0075879350,-0.0051391812,0.0125672017,0.0001554171,-0.0232815029,-0.0012076731,0.0209551389,0.0196714239
65.0000000000,-0.0076874049,-0.0091469043,0.0044258168,0.0074473729,0.0320494040,0.0044494106,0.0221323711,0.0246816233,0.0063720264,-0.0181625181,0.0403758243,0.0012393490,-0.0201109257,0.0105510479,-0.0040630778,0.0064435888,-0.0389280332,0.0003167945,0.0073914326,-0.0071266620,0.0174920093,0.0192712636,0.0050716658,-0.0033422965,0.0007363339,0.0097871931,-0.0166522665,-0.0121681396,0.0081202165,0.0363004501,-0.0089127837,-0.0010037577,0.0157797093,0.0222405965,-0.0093546225,-0.0109793390,-0.0011870076,-0.0028759483,0.0041192856,-0.0136236522,-0.0105722702,-0.0094640508,-0.0260963743,0.0252186216,-0.0023900057,-0.0098376194,-0.0161933716,0.0040259535,-0.0025749072,-0.0193178213,0.0245270467,0.0352848891,0.0150853778,-0.0095415728,0.0076705992,-0.0409916218,0.0157726410,0.0026759513,-0.0143005173,-0.0023053693,0.0303810422,0.0254813830,0.0077932624
66.0000000000,-0.0083749914,0.0195241238,-0.0092021294,-0.0096908873,0.0173214568,-0.0030126224,-0.0013609968,0.0142501594,0.0035299100,0.0012733888,0.0118982268,-0.0002707601,-0.0302270062,0.0035540953,0.0162696218,0.0200067531,-0.0243703969,-0.0260485715,0.0192191332,0.0137562977,0.0133956299,-0.0120051919,0.0170657532,0.0044561325,0.0079890778,0.0024129244,-0.0176240426,-0.0048727078,0.0162425126,0.0152854055,0.0209516686,0.0132905116,-0.0028989525,0.0234072015,0.0111585291,-0.0050112588,0.0017771775,-0.0098689391,0.0134288113,-0.0257514007,0.0131949835,0.0021661522,0.0031726699,0.0053894069,-0.0222048683,-0.0009318822,-0.0018256815,0.0018197700,0.0172543779,-0.0021661753,0.0215690961,-0.0013413437,0.0127274403,-0.0038290487,-0.0050144994,-0.0115456302,0.0157024638,0.0240263974,-0.0049832605,-0.0111752041,0.0096274450,-0.0065173274,0.0137360984
67.0000000000,-0.0013563016,0.0254950148,0.0013984742,-0.0060766417,-0.0065186763,0.0057655085,-0.0075967711,0.0038472095,-0.0024713717,0.0133536307,0.0139655824,-0.0140838503,0.0242176298,0.0117346090,-0.0073607575,0.0016452906,-0.0186944626,-0.0112842873,-0.0219492055,-0.0253493681,0.0076037974,-0.0029251748,0.0114488804,0.0032079437,0.0096436310,-0.0042081763,-0.0026757019,-0.0094549163,0.0070015424,0.0179399064,0.0074294563,0.0150701846,-0.0097036837,0.0000620495,0.0199261788,-0.0056122237,0.0019684410,-0.0032956408,-0.0155722947,-0.0145778340,-0.0094820117,0.0113940339,-0.0076100309,-0.0022625376,0.0045856851,0.0043688151,-0.0095948671,-0.0016356815,0.0113927296,0.0057505145,-0.0107087229,0.0056653995,0.0027229153,-0.0027700146,-0.0043212343,0.0057724229,-0.0012923908,0.0136715466,-0.0056690660,0.0011465252,0.0119736967,-0.0117303999,-0.0023765739
68.0000000000,-0.0015045513,0.0079970541,-0.0030205989,0.0055732462,0.0218755803,-0.0105339878,-0.0144291219,0.0072745201,-0.0013674904,-0.0049904908,-0.0015544688,0.0096717017,-0.0260316386,-0.0142480947,0.0036425649,0.0097085900,-0.0257035431,-0.0021724136,-0.0052622384,-0.0190956081,0.0113629503,-0.0054982229,-0.0026318790,-0.0055527501,-0.0200415430,-0.0050780165,-0.0311991977,0.0023704251,-0.0027895441,-0.0021563691,-0.0184522114,0.0221037584,-0.0088915816,-0.0087663767,0.0003116725,0.0096981567,-0.0175103846,0.0127609265,-0.0171416975,-0.0141702525,0.0170107713,-0.0073358592,0.0073069857,0.0300735941,-0.0116422590,0.0226433535,0.0001734093,0.0020612281,0.0113021676,-0.0275579267,-0.0023802883,0.0181117466,-0.0011032511,-0.0191826690,0.0020926826,-0.0066401964,0.0063294515,-0.0014280040,-0.0212373539,-0.0245282436,-0.0102784420,0.0071529716,0.0255272321
69.0000000000,-0.0093820595,0.0009528120,-0.0116489239,0.0164250893,0.0069682338,0.0075067580,-0.0025592689,0.0002707528,0.0062942386,0.0066601307,0.0242269161,-0.0135519956,-0.0216434612,0.0086906778,-0.0028850118,-0.0169427062,0.0019039263,-0.0125809735,-0.0102430808,-0.0188603885,0.0018417655,-0.0102452938,-0.0052986282,-0.0109218628,-0.0090774035,-0.0119516934,-0.0087135844,0.0027719931,0.0278421752,0.0018823050,-0.0116894115,0.0006348016,-0.0024585637,0.0027658515,0.0136846684,0.0260216428,-0.0215012180,0.0064349672,0.0090727674,0.0008393623,-0.0008917475,-0.0188707393,0.0052394332,-0.0052868127,-0.0081878634,0.0131703671,0.0126708986,-0.0055358503,-0.0041883934,-0.0082486307,-0.0244897547,0.0222601193,0.0012219502,0.0025809986,-0.0119957604,-0.0154064185,-0.0100425541,0.0014956485,-0.0122148349,0.0224317081,-0.0023481553,-0.0073007353,0.0221814426
70.0000000000,-0.0173660194,-0.0032751739,-0.0027514711,0.0006415691,-0.0022786482,0.0192986966,-0.0055418674,-0.0046090141,0.0100610966,-0.0254737022,0.0260839895,0.0251817483,-0.0068041180,-0.0086465179,-0.0014878166,0.0095185052,-0.0007288472,-0.0104984272,0.0027826561,-0.0046068920,-0.0075645031,0.0043393768,-0.0225373918,0.0104374604,0.0001718203,0.0163049085,-0.0101892006,-0.0093904998,0.0126503583,0.0051068362,0.0038560629,-0.0112607010,0.0000569705,0.0233876909,-0.0298644363,0.0009925994,-0.0259969546,-0.0030158472,0.0191367147,-0.0139811630,-0.0011108915,-0.0113766647,0.0021126108,0.0388971613,0.0033433343,-0.0048417019,-0.0021719613,0.0087405116,0.0270920518,-0.0139193223,-0.0095005312,0.0436587189,0.0160211080,-0.0188787099,-0.0091906196,-0.0385855629,0.0159948399,0.0064007650,0.0005071630,-0.0214199319,0.0149222010,0.0202922617,0.0097539672
71.0000000000,0.0006446754,-0.0100407694,0.0071643083,0.0086862775,0.0171237418,0.0060015895,0.0052288163,0.0112272310,0.0018645539,-0.0143140221,0.0150532794,0.0057721943,-0.0093841123,-0.0148872077,-0.0087880197,0.0144919263,-0.0199896799,0.0123074322,0.0077426219,-0.0076694744,0.0022417953,-0.0076382500,0.0027139513,-0.0007723460,0.0023804539,0.0150953716,-0.0399118075,0.0168461293,0.0210190491,0.0077934997,-0.0193435228,0.0130798215,0.0020634446,0.0017034774,-0.0179645914,0.0139702403,0.0013779272,-0.0045628465,-0.0092218186,-0.0089949383,-0.0023398948,-0.0174460307,0.0029855133,0.0082548713,0.0216079389,0.0079151365,-0.0048243917,-0.0059392337,0.0337999501,-0.0030865080,-0.0203567924,0.0357586946,-0.0007758231,-0.0100407502,-0.0392473832,-0.0197677303,-0.0180449725,0.0055438881,-0.0230152761,-0.0265396792,0.0281247727,-0.0060743914,0.0293225641
72.0000000000,0.0138461754,0.0045194439,0.0289373122,0.0231636489,0.0292670668,0.0093405121,-0.0028345192,0.0064971787,0.0134695223,-0.0019515331,0.0168122682,-0.0023479512,-0.0055164812,-0.0002246166,-0.0099589482,0.0226633910,-0.0366959088,-0.0072631173,0.0401219021,-0.0199963342,0.0221926434,0.0238832558,0.0011876605,0.0140833916,-0.0153313624,-0.0158636098,-0.0357014852,-0.0108833454,-0.0025114268,0.0121688548,0.0011967756,0.0044681791,0.0147536369,0.0158166805,0.0184409082,0.0145055737,-0.0000636614,-0.0098018984,-0.0088462167,-0.0400199692,-0.0065813023,-0.0105126471,0.0010610196,0.0344581048,-0.0041270173,0.0208432736,-0.0153482384,-0.0084601921,0.0200045012,-0.0120389759,-0.0149981131,0.0282622442,0.0144673357,-0.0133773909,-0.0193242667,-0.0267335129,0.0020016788,0.0158201353,-0.0054000825,-0.0204122119,0.0290187377,0.0119667623,0.0273675245
73.0000000000,0.0070352009,0.0164914516,0.0094299718,-0.0291050905,0.0246154288,-0.0213837093,0.0012933390,0.0121978631,0.0040433156,-0.0266270274,0.0259521331,0.0218695575,-0.0084166672,0.0054990070,0.0075988225,0.0253573964,-0.0355572655,-0.0077635721,0.0172531053,-0.0083805433,0.0407206168,0.0060543771,0.0101308461,-0.0226861968,-0.0179513238,0.0014952461,-0.0072316150,-0.0113166159,0.0139975895,0.0183388680,0.0082391978,0.0058981130,0.0206088800,0.0160062836,0.0021071160,0.0121292101,-0.0105487859,-0.0003026512,-0.0189982059,-0.0275839257,0.0148374183,0.0129343709,0.0057258012,0.0236581652,0.0083406321,-0.0071081180,-0.0083697335,0.0204135380,0.0039841178,0.0032473694,-0.0174266459,0.0350799028,-0.0008329028,-0.0073589071,-0.0120551798,0.0040930033,-0.0070394214,0.0083677031,-0.0072432051,-0.0135075135,0.0115043783,0.0077674948,0.0211922278
74.0000000000,-0.0132514724,-0.0095698194,-0.0057877324,0.0163772172,0.0322221962,0.0033535235,0.0069780915,0.0165407687,-0.0039699148,-0.0125765600,0.0215097696,0.0212714140,-0.0035489100,0.0089205020,-0.0009146359,0.0076282118,0.0064292218,-0.0018346075,0.0013147908,-0.0074511208,0.0163422209,0.0048386466,0.0177980766,0.0046384262,0.0005477263,-0.0063846940,0.0045103819,0.0049569992,0.0020991487,0.0009236739,-0.0189852898,-0.0117868797,-0.0001150569,0.0000017477,-0.0028850050,0.0116147524,0.0083160659,-0.0154131338,-0.0195302707,-0.0134988450,-0.0085518577,-0.0018473382,0.0033235372,0.0055430510,-0.0037313418,-0.0011443528,-0.0043325082,-0.0123369843,0.0295008715,-0.0155372148,-0.0008478605,0.0386716680,0.0125554265,-0.0083230522,-0.0243115412,-0.0197432308,-0.0036259114,-0.0071338981,0.0101496911,-0.0078508852,0.0065305984,0.0069960706,0.0136237891
75.0000000000,-0.0128173058,-0.0063395323,0.0008970585,0.0272847288,0.0235807393,-0.0002986447,0.0133249362,-0.0001444167,0.0166605380,-0.0166063264,0.0222801541,0.0007469340,-0.0129457576,-0.0230953529,-0.0060404566,0.0054815044,-0.0164220889,0.0038189693,0.0307781510,-0.0058736194,0.0093105162,0.0067975815,-0.0189702878,-0.0063442520,0.0011609326,-0.0001524875,-0.0179567546,0.0141031363,0.0151186830,0.0053783976,0.0161657233,0.0257371421,0.0387102565,0.0059299709,0.0003057977,0.0056391920,0.0129571213,0.0043473082,0.0122321227,0.0004360331,-0.0186949051,0.0080926583,-0.0063272597,0.0083999945,0.0111155865,-0.0024486845,-0.0199040019,-0.0072174121,-0.0013469276,-0.0152055480,-0.0042012188,0.0270947144,0.0101032797,-0.0094116138,-0.0248838774,-0.0294469404,-0.0005472541,-0.0008254897,-0.0127076652,-0.0370433420,0.0263011564,-0.0070299145,-0.0001905115
76.0000000000,0.0125948548,0.0109258455,0.0117399139,-0.0082727733,0.0328404753,-0.0044594156,-0.0002830737,-0.0106707153,0.0153413853,-0.0221316819,-0.0030457150,0.0038767642,0.0048554289,-0.0142525223,-0.0062989721,0.0191995096,-0.0031210645,0.0156021347,0.0124336718,-0.0062836639,-0.0064317990,0.0036035968,0.0028044471,0.0006326135,0.0027367375,-0.0011476459,-0.0231228803,0.0080772624,0.0015250513,0.0096003338,0.0090693667,-0.0038573282,0.0048562941,-0.0051436585,-0.0149434860,0.0196453224,0.0247630512,0.0175315233,-0.0224989533,-0.0146535568,-0.0089189369,0.0124703844,-0.0009858057,0.0156640162,0.0020279138,-0.0107217787,-0.0169702760,-0.0122341468,-0.0146958004,0.0031489279,-0.0136088983,-0.0044558794,0.0175300823,-0.0230162506,0.0047251115,-0.0132769933,-0.0104929428,-0.0086562076,0.0238041154,-0.0211081246,0.0062183087,0.0018412163,-0.0004872468
77.0000000000,-0.0165688445,0.0181611990,0.0036108610,0.0063142941,0.0537430718,0.0076956466,0.0312230467,-0.0053932704,-0.0066586705,-0.0116544501,0.0041607206,-0.0005353260,-0.0002955868,-0.0052986216,-0.0016615388,0.0227352628,-0.0204635632,-0.0012179028,-0.0023408467,0.0101126665,0.0205371735,0.0286363709,0.0075961433,-0.0271596824,0.0173289146,-0.0000847124,-0.0306278598,0.0073878142,-0.0036741975,0.0083611452,0.0136561216,0.0238174550,0.0107505795,0.0184437416,0.0157562566,0.0182691836,-0.0025053756,-0.0050271594,0.0170541603,-0.0190014525,-0.0037762840,-0.0123321063,-0.0190640282,0.0182298489,0.0109745602,-0.0022565221,-0.0037934949,-0.0029509344,0.0000184114,0.0005027060,0.0065486737,0.0385640654,-0.0026381167,0.0048100591,-0.0098285251,-0.0080237350,0.0275457428,-0.0057171780,-0.0096974044,-0.0049110158,0.0213283786,0.0140646024,0.0063475423
78.0000000000,-0.0024467944,0.0148594720,0.0048094838,-0.0003569395,0.0349977186,0.0212209612,-0.0065365606,-0.0009158219,-0.0013560296,-0.0062719311,0.0258858504,-0.0051530019,-0.0247669642,-0.0139526367,0.0045320487,0.0474255698,-0.0264752145,-0.0072459959,0.0062174476,0.0300837429,0.0215725943,0.0151271222,-0.0029179088,-0.0074897650,0.0042537195,-0.0062311777,-0.0030034521,0.0008400916,0.0113551558,0.0055977208,-0.0242260479,0.0048800534,0.0178473039,0.0300695183,0.0056853763,0.0140639369,0.0016283992,0.0002169021,0.0000301669,-0.0311670768,-0.0116562055,0.0003215993,0.0168644401,-0.0007366706,0.0136560532,-0.0219968608,-0.0067936612,0.0058046660,0.0303816265,-0.0199177314,0.0037188292,0.0383472931,-0.0029356461,-0.0118683715,-0.0291496793,-0.0262052908,0.0172301464,0.0237437493,-0.0096009894,-0.0434054845,0.0143884051,-0.0085291702,0.0294936935
79.0000000000,-0.0090835766,0.0038143780,-0.0063339390,0.0030287435,0.0239222903,0.0263552285,-0.0067173432,0.0043063851,0.0050527630,-0.0104798409,0.0063925386,0.0093196037,-0.0183936788,0.0233076320,0.0107754094,-0.0032048923,-0.0003863638,-0.0057245349,0.0017383513,-0.0097785980,-0.0046844824,-0.0091511937,0.0068253308,0.0044896513,0.0217541423,0.0117768856,-0.0094505867,-0.0035423607,-0.0070407152,0.0113801684,0.0115041152,-0.0044469697,0.0033320333,-0.0011011739,0.0014437456,0.0080010230,0.0326848806,0.0159339017,-0.0210551533,-0.0297411539,0.0023366336,-0.0133354986,0.0027574232,0.0033769229,0.0059656878,-0.0297220602,0.0140108026,-0.0119426801,0.0102586161,-0.0011089596,-0.0188627644,0.0074938432,0.0118660399,-0.0150948432,-0.0218510030,-0.0043367279,-0.0173116946,0.0224904266,-0.0032559445,-0.0121081772,0.0293363559,0.0075881448,-0.0019151087
80.0000000000,-0.0042797875,0.0024552088,0.0050150203,0.0013746583,0.0369875275,0.0167146122,0.0260165178,0.0102983116,-0.0011870113,-0.0223638526,0.0157003195,-0.0049308974,-0.0445363731,-0.0233721013,-0.0213437265,-0.0024118923,-0.0436381552,0.0081965582,0.0212709099,-0.0098901353,0.0117674131,0.0228364808,0.0052982261,-0.0054200851,0.0073905270,-0.0000357530,-0.0043413221,0.0029856081,-0.0053062190,0.0056419318,-0.0029806056,0.0078761786,-0.0125845374,0.0184213841,0.0109292052,0.0187648878,-0.0265201808,0.0180608483,0.0051176247,-0.0085416884,0.0038611943,-0.0207208468,-0.0068588272,0.0094333474,0.0021881899,-0.0124873566,-0.0006730954,0.0249638963,0.0009627031,-0.0082987332,0.0045305074,0.0339990422,0.0059662417,-0.0163611692,-0.0180200871,-0.0279193530,-0.0118438538,0.0154976314,-0.0064290893,-0.0259142667,0.0145063724,-0.0013561649,0.0112162755
81.0000000000,-0.0167734545,0.0066164929,0.0172132273,0.0190564766,0.0099464936,0.0045379928,0.0065332663,0.0201891502,-0.0044339545,0.0054040809,0.0277083625,0.0109778578,-0.0198425175,0.0129161339,-0.0229391266,0.0226577966,-0.0213018923,-0.0228726938,0.0054548168,-0.0106979485,0.0070144194,0.0042840383,-0.0151839180,-0.0257960643,0.0002017434,-0.0345189117,-0.0162647754,0.0010763154,-0.0066398379,0.0129787973,0.0019340116,0.0117158468,0.0298693633,0.0093551257,0.0149496882,0.0281272586,0.0133714887,0.0001474468,0.0042834784,-0.0313200773,-0.0073477442,-0.0114108987,0.0163940450,0.0054423697,0.0205042949,-0.0077431511,-0.0109117584,-0.0046004885,0.0083089472,-0.0014605907,0.0129689928,0.0287997611,-0.0248573003,-0.0112445317,-0.0014081167,-0.0104450208,0.0044528852,0.0222543145,0.0004498666,-0.0091733864,0.0473912267,0.0183300972,0.0127152095
82.0000000000,-0.0075264038,-0.0114786275,-0.0027959584,-0.0005808180,0.0479332702,0.0087340022,0.0079476237,0.0050435622,0.0127572795,0.0087732699,-0.0113371966,0.0029267800,-0.0188724563,0.0062188633,-0.0047263991,0.0219565603,-0.0029421176,0.0013665628,0.0120336289,-0.0128025795,0.0089751661,-0.0173488616,0.0090964412,-0.0106394385,-0.0013188836,0.0077460223,-0.0134285128,0.0099575794,0.0253262217,0.0063174377,0.0182593201,0.0043424682,0.0050562675,-0.0008212240,-0.0040669262,0.0249842636,-0.0206436191,-0.0008158254,-0.0225393743,-0.0233383195,-0.0193250396,-0.0160144371,-0.0088546688,0.0091093938,-0.0047849003,0.0091831308,-0.0216401575,0.0141842936,0.0203325211,-0.0026578403,-0.0318312870,0.0277922725,0.0009799239,-0.0144787050,0.0036565368,-0.0227533124,-0.0009597891,0.0303131159,0.0146537938,-0.0065538701,0.0328752557,0.0157978204,0.0307771620
83.0000000000,-0.0014649969,-0.0150462102,0.0093155667,0.0194038809,0.0379380259,0.0043166193,0.0016289269,0.0233726808,-0.0030865476,-0.0178832785,0.0279877127,0.0246540608,0.0010262732,-0.0021527014,0.0341297042,0.0162428445,-0.0442350583,-0.0026557115,0.0178873585,-0.0169854804,0.0178422776,0.0030489461,-0.0022472291,-0.0251208665,0.0106732299,-0.0075593224,-0.0071560091,0.0016277917,0.0088054519,0.0025299938,-0.0154390989,0.0030697723,0.0085312212,0.0140873452,0.0033841834,0.0011419216,0.0007942164,0.0215425766,-0.0036638610,-0.0177385621,-0.0131662689,0.0029728583,-0.0025394445,0.0139790980,-0.0056916117,0.0082033069,0.0009966254,-0.0071809270,-0.0192677743,-0.0201884357,-0.0057695499,0.0206983779,0.0029249081,-0.0451166521,0.0270253313,-0.0231824917,0.0062576404,0.0188717668,-0.0016260231,-0.0115087643,0.0229269589,0.0036296330,0.0217885124
84.0000000000,-0.0085987646,0.0282105028,-0.0053171387,0.0027736410,0.0545142039,0.0171013862,0.0117380222,0.0324268759,0.0113001649,-0.0137705774,0.0085268002,0.0080449452,-0.0321243823,0.0066589542,0.0094705470,0.0290327376,0.0003444253,-0.0112866301,0.0221860035,0.0143584881,0.0291419364,0.0313169990,0.0128890531,-0.0065316054,0.0142281972,-0.0271614403,-0.0069112009,0.0022360559,-0.0094487366,-0.0048709577,0.0187382277,0.0258618537,0.0035673642,0.0136086195,0.0154792384,0.0211088865,0.0099734700,0.0157319774,-0.0034098857,-0.0170602440,0.0115401762,-0.0148537351,0.0211334826,0.0048982359,0.0015764157,-0.0185739360,-0.0024472925,-0.0043038010,0.0214939853,-0.0361073050,-0.0109442787,0.0375243117,0.0040984466,-0.0317277599,-0.0237798010,-0.0227722439,-0.0056205980,0.0213636058,-0.0028024223,-0.0344849669,0.0372567262,-0.0149518569,0.0359857706
85.0000000000,-0.0168979340,-0.0137394537,-0.0043935214,-0.0078374305,0.0515989449,0.0159894759,0.0030571491,0.0026377403,-0.0008016526,-0.0325915277,0.0292905021,0.0039771115,-0.0179426645,0.0083186493,0.0064825165,0.0121985679,-0.0109272777,-0.0022444273,0.0159476217,-0.0037674487,0.0209892630,0.0117125807,0.0041656537,-0.0121392932,0.0112245019,0.0145232601,-0.0276032584,-0.0044289022,0.0125862127,-0.0056236837,-0.0258878109,0.0132491463,0.0106925169,0.0148112771,-0.0083237288,-0.0004481335,0.0183431610,0.0069801601,0.0018547602,-0.0105853696,-0.0066181866,-0.0245089240,-0.0016905987,-0.0030854112,-0.0074666073,0.0204519816,-0.0175725265,0.0023247422,-0.0086722531,-0.0180709118,0.0101654179,0.0301349640,-0.0079872169,-0.0060930564,-0.0141881565,-0.0114381712,-0.0051924159,0.0107601375,0.0009849246,-0.0233350003,0.0528285788,-0.0028460879,0.0312581342
86.0000000000,0.0039527787,-0.0120452433,-0.0264919614,-0.0047288699,0.0241165594,-0.0016029157,0.0114466459,0.0130060892,0.0113359455,-0.0011629617,0.0257735030,0.0017008006,-0.0157348436,-0.0016887786,-0.0089638109,0.0206778173,0.0114506742,-0.0043203922,0.0164790764,0.0048879313,0.0337671136,0.0218543778,0.0176028532,-0.0051503996,0.0042972277,-0.0137957957,0.0053313243,0.0105344012,0.0154263886,0.0045763532,0.0180008774,0.0016187589,0.0146335353,0.0208479858,0.0062436520,0.0350061844,0.0095688169,-0.0024148630,-0.0264295872,-0.0397048963,0.0036407401,-0.0018382836,0.0221408373,-0.0116405736,-0.0086359991,-0.0061906383,-0.0321345423,0.0028049387,0.0202793500,-0.0165667240,-0.0093127883,0.0212850294,0.0230000041,-0.0142789019,-0.0197192125,-0.0238343260,-0.0152875256,0.0055059741,0.0045190924,0.0059161138,0.0346590679,0.0096282137,0.0553572764
87.0000000000,-0.0080004214,0.0153682737,0.0034380893,0.0076616492,0.0216994520,0.0064437959,0.0119534021,0.0283173095,0.0129086639,0.0134167314,0.0282041054,0.0190538793,-0.0251062346,0.0031844567,-0.0027977361,0.0130095713,-0.0529775733,0.0026079719,0.0152774665,-0.0075579269,0.0153231249,0.0003850641,-0.0066878237,-0.0003120104,-0.0036594946,0.0139800268,-0.0014760442,-0.0060419180,0.0025166532,0.0046589235,-0.0100385042,0.0048398730,-0.0171086156,0.0203245237,0.0226842598,0.0184099484,0.0089629572,-0.0076344777,0.0047266298,-0.0155624891,0.0084047382,-0.0159559836,-0.0119037410,-0.0002337117,0.0122802128,0.0014161004,0.0002626949,-0.0040197362,0.0036963096,-0.0283877189,-0.0165141168,0.0140168019,0.0173395442,-0.0106010375,-0.0016907725,-0.0073355457,-0.0105884889,0.0175784666,0.0000305672,-0.0185286350,-0.0010560501,-0.0011644498,0.0138267285
88.0000000000,0.0070734421,-0.0030069023,-0.0009154737,0.0012196476,0.0163447098,0.0050080231,0.0070746388,0.0178090510,-0.0126020214,-0.0190902601,0.0148227850,-0.0127054913,-0.0134588836,0.0061653169,-0.0031396330,0.0242650178,-0.0000805125,0.0038635886,0.0168563877,-0.0087501031,0.0172737477,0.0037040659,0.0145805604,-0.0097744588,0.0121651872,0.0010061483,-0.0208977419,0.0071284847,0.0146700420,0.0115815362,0.0118312357,-0.0097333059,-0.0207004048,0.0026385445,0.0137260787,0.0198763872,0.0038865657,0.0027048472,-0.0104645090,-0.0095702598,-0.0262447826,0.0028916315,-0.0059895395,-0.0103803264,0.0051351219,-0.0033912012,-0.0175201742,-0.0175893102,0.0082930517,-0.0172498499,0.0032375290,0.0169889426,0.0075925563,-0.0195987190,-0.0008620899,-0.0159146981,0.0077133070,0.0135383251,0.0072959794,-0.0017875730,0.0080917363,-0.0011154771,0.0151348027
89.0000000000,-0.0037537995,0.0035666584,-0.0021379018,0.0278841778,0.0401719458,0.0032732640,0.0193057890,0.0089690864,0.0327280565,-0.0224492385,0.0380344448,0.0085497264,-0.0226692546,-0.0132837406,0.0244762752,0.0226213470,-0.0193750040,-0.0120832761,0.0113308179,0.0038765981,0.0166593214,0.0107970480,0.0026041198,-0.0199929773,0.0128599788,-0.0224698709,-0.0183229865,0.0129468638,-0.0126078170,-0.0100265041,0.0151316500,0.0127215679,0.0152233337,0.0026453165,0.0056523708,0.0275428759,-0.0332545343,0.0161020874,0.0059647804,-0.0445527421,-0.0021820222,-0.0136612866,-0.0154027094,0.0139510334,-0.0026388137,0.0213501954,-0.0145453341,0.0094655461,0.0064393070,-0.0010771887,-0.0093467667,0.0168028643,-0.0018992273,-0.0100445209,-0.0017442486,-0.0374127677,-0.0169543740,0.0077249534,0.0003457888,-0.0208874966,0.0128813725,0.0020082664,0.0422514716
90.0000000000,-0.0080757021,0.0063153763,-0.0104071006,0.0117685272,0.0325067131,0.0093737702,0.0113499966,-0.0023928906,-0.0091549284,0.0079139981,0.0025081603,-0.0192698577,-0.0123656204,0.0092335646,0.0027927030,0.0286574921,0.0011194185,0.0003841115,0.0108456903,-0.0017628867,0.0041624260,0.0083811426,0.0062019937,-0.0243801635,0.0201547152,-0.0027117353,-0.0040046020,0.0025294444,0.0154083951,-0.0026691724,-0.0337425187,0.0135013757,-0.0071119383,-0.0062407497,0.0084489814,0.0024848544,-0.0039984938,0.0006375504,-0.0157475605,-0.0172431072,0.0035258531,0.0083758394,0.0087497490,0.0089654916,-0.0036744239,0.0095682772,-0.0144269191,0.0025953516,-0.0003918741,-0.0133693362,-0.0048201064,0.0033773324,-0.0034692224,0.0152660038,-0.0050976191,-0.0085196050,0.0008439883,0.0153662677,-0.0354231022,-0.0090575757,0.0031429836,-0.0030649362,-0.0183406913
91.0000000000,-0.0215551021,0.0069663115,-0.0013442009,-0.0102118161,0.0084617693,0.0010718168,-0.0097117416,-0.0006806982,0.0044041134,-0.0108662752,0.0278205934,0.0140689651,-0.0174717110,-0.0028817920,0.0236357018,0.0007742925,-0.0019401327,0.0038725857,0.0206245333,-0.0063992858,0.0280154976,-0.0032062827,-0.0196078247,-0.0075483671,0.0126494254,-0.0095582698,-0.0192873598,-0.0015349868,-0.0061258242,0.0093311580,0.0017176486,-0.0133743020,0.0225958859,-0.0114655045,0.0263909603,0.0162386626,-0.0068441743,-0.0057478784,-0.0101363449,-0.0010084851,0.0116660816,-0.0103605653,-0.0045683649,0.0090284486,-0.0026727970,0.0010060217,-0.0123364616,-0.0033234615,0.0145698829,-0.0247040961,-0.0109290012,0.0347815318,-0.0243190649,-0.0221133163,-0.0115811994,-0.0162992366,0.0079054318,0.0037005082,-0.0173421533,-0.0057972997,0.0058824462,-0.0052928682,0.0074212245
92.0000000000,0.0014730322,0.0012977456,0.0165697672,-0.0083744280,0.0397761606,0.0270398840,0.0029927914,0.0019780627,-0.0039658925,0.0098690527,0.0240184729,0.0018725504,-0.0187878809,0.0118034532,0.0094662114,0.0179410542,-0.0066157797,0.0021467362,0.0056910170,-0.0144288986,0.0374072493,0.0047944626,-0.0091325852,0.0022817408,0.0205990081,-0.0174308431,-0.0050730679,0.0127382070,0.0105838187,0.0111007776,0.0099887441,0.0127044098,0.0192851266,0.0101384655,0.0012040410,0.0317614293,0.0258066346,-0.0277023277,-0.0272245451,-0.0151370003,-0.0005824476,0.0056311028,0.0018131739,0.0183978932,0.0008589741,-0.0254979005,-0.0160600664,-0.0171533873,0.0145587587,-0.0006715988,-0.0090697675,0.0241040497,-0.0128362286,-0.0316616565,0.0290440279,0.0040616044,-0.0174473096,0.0209556947,0.0052476893,-0.0100936458,0.0044177778,-0.0013255047,0.0104602363
93.0000000000,-0.0081006055,0.0251270982,0.0196180598,-0.0001113935,0.0253637891,0.0007020231,0.0193789647,0.0143270960,-0.0088981762,-0.0208332219,0.0316186229,0.0063532417,-0.0212775365,0.0021988316,0.0019780537,-0.0009706609,-0.0117594440,-0.0182112973,-0.0057143335,-0.0008382033,0.0072376537,0.0027794261,0.0095852467,-0.0119681403,0.0092706106,-0.0076254676,-0.0240559349,-0.0118936917,0.0174833041,0.0068347853,0.0039961953,-0.0074293800,0.0079961733,0.0044068875,0.0262428559,0.0017834767,-0.0050943038,0.0004219535,0.0022731731,-0.0080438994,-0.0005114916,-0.0106273701,-0.0211242179,0.0314005998,-0.0000795194,-0.0035759512,-0.0193679130,-0.0046066988,0.0119613985,-0.0158002867,0.0073704558,0.0363250655,0.0011452055,-0.0248911806,-0.0095272519,-0.0379755835,0.0219957644,0.0138973523,0.0006103263,-0.0290762589,0.0130412991,-0.0288889592,0.0108124614
94.0000000000,-0.0227846668,-0.0104984673,0.0157563713,0.0390910520,0.0339917031,-0.0042171136,0.0010953238,0.0196529006,0.0093872269,-0.0114487765,0.0276225961,-0.0047867791,-0.0170734165,-0.0076282583,-0.0215521004,0.0080969258,-0.0145317527,-0.0128646610,0.0137400746,0.0138503292,0.0072997129,0.0402597427,-0.0015706214,-0.0115123488,0.0102428796,-0.0193390975,-0.0264205262,0.0091631471,0.0008654723,-0.0010898653,-0.0183343019,0.0036232894,-0.0079578537,0.0139633936,0.0224746555,0.0103673558,-0.0065295502,-0.0028023228,-0.0120058750,-0.0079478547,-0.0058792407,-0.0203305593,0.0070023821,0.0158087453,0.0069692652,-0.0021256892,-0.0064418754,-0.0084859505,-0.0149893379,-0.0142688391,-0.0102710635,0.0543546363,-0.0192579600,-0.0089519583,-0.0058202875,-0.0110793485,0.0271066374,-0.0051579207,-0.0069482037,-0.0210704829,0.0204725119,0.0031206247,0.0246649970
95.0000000000,-0.0148499076,-0.0018407182,0.0031935746,0.0041552945,0.0588307447,0.0215792019,0.0017334318,0.0186542866,0.0065505484,0.0031329473,0.0329849252,-0.0019146044,-0.0116034313,-0.0013661708,-0.0045837651,0.0359193533,-0.0349054612,-0.0039157631,0.0120492099,-0.0126757748,0.0100838236,0.0069662946,0.0054802280,0.0144224280,0.0292913314,-0.0107244361,-0.0253913143,0.0108220922,-0.0138806327,0.0176571297,0.0142006031,0.0184993413,0.0059721338,0.0113410912,0.0078880413,-0.0090617928,-0.0080371743,0.0268983093,0.0040779504,-0.0208129640,0.0092414441,0.0171470853,0.0134954162,0.0073137792,-0.0216004369,-0.0098826422,-0.0249007648,-0.0152622115,0.0264688081,-0.0267469849,-0.0170434314,0.0316132187,0.0118009518,-0.0133062081,-0.0049177715,-0.0292302020,-0.0209252436,0.0003517472,-0.0157740718,-0.0309271674,0.0165654327,-0.0020162552,0.0132424523
96.0000000000,0.0192779946,0.0258033219,0.0045823707,0.0000215101,0.0439261252,0.0010092407,-0.0005489252,0.0091724241,0.0051794770,-0.0123029116,0.0101547922,0.0118244933,-0.0075967802,-0.0104751480,-0.0137348538,0.0227407579,-0.0291328152,-0.0103607512,0.0273732648,-0.0024398951,0.0094055497,-0.0045375503,0.0312067515,-0.0051744421,0.0231981467,-0.0121359094,0.0021372039,0.0035395964,0.0107176593,0.0050517538,-0.0101233317,0.0075401703,0.0135693579,-0.0088620203,-0.0099693187,0.0052689574,0.0084917226,0.0040071539,0.0019102584,-0.0316886071,-0.0171752232,0.0068110711,-0.0006390329,0.0173489078,-0.0000327868,0.0034106613,-0.0077509544,0.0246791230,-0.0000775932,-0.0225924764,-0.0144976455,0.0025530235,-0.0071135177,0.0094835462,-0.0102365718,-0.0195208892,0.0060606373,-0.0188105862,-0.0057184108,-0.0196783044,0.0303115991,-0.0123417154,0.0155372278
97.0000000000,0.0152460965,0.0126140895,0.0117341619,0.0021474686,0.0307632288,0.0134669744,-0.0025800191,0.0095134546,-0.0012168930,0.0019518780,0.0221546371,0.0119670464,-0.0362919361,-0.0132134704,0.0039171994,0.0101666059,0.0067691006,0.0056507820,0.0145483794,-0.0084716727,0.0237338875,0.0064123994,0.0053705992,0.0151285944,0.0084812930,-0.0062382704,-0.0237279861,0.0041444648,-0.0032844527,0.0259116405,-0.0124260216,0.0057995004,0.0073809915,0.0243513607,0.0058116313,0.0079444182,-0.0039517108,0.0168202282,0.0101727944,-0.0235965314,-0.0165124214,-0.0143643783,-0.0107510830,-0.0036078735,0.0052920991,0.0051492412,-0.0267802360,-0.0000013887,0.0035118604,-0.0249182643,0.0133822235,0.0288278779,-0.0176168331,-0.0117535992,-0.0131306595,-0.0170569573,-0.0205464191,0.0149917646,-0.0070076851,-0.0054692302,0.0275995021,0.0112815074,0.0061078359
98.0000000000,-0.0068789530,-0.0068916074,-0.0007485620,0.0150551556,0.0224996908,0.0120347875,0.0040520323,0.0030997632,-0.0258402200,-0.0036312137,0.0217248823,0.0230103585,-0.0364494149,0.0088893608,0.0013238864,0.0139495346,-0.0179571247,-0.0049420766,0.0167849937,-0.0228200008,0.0151699673,0.0044378544,0.0089979430,-0.0000135394,0.0038140044,-0.0121606659,-0.0037239080,-0.0012877243,0.0233429907,0.0121679945,-0.0018883631,0.0081729474,0.0181712651,0.0087501412,-0.0079403062,0.0192532862,0.0067158370,0.0154112596,-0.0035998406,-0.0388348953,0.0029036441,-0.0273797196,0.0093473901,0.0081830860,-0.0044358916,-0.0011521261,0.0050918361,0.0077968074,0.0109536347,0.0047404453,-0.0123112430,0.0228578839,-0.0008003558,0.0012795747,-0.0120271719,-0.0133187258,-0.0043504270,-0.0155616909,-0.0032834097,-0.0197217906,-0.0025462619,-0.0089848333,0.0063618774
99.0000000000,-0.0179113727,0.0237852191,-0.0009232119,-0.0005262267,0.0400653878,0.0243925644,0.0123771053,0.0368237267,0.0001745901,-0.0096681864,-0.0128620904,0.0118037508,-0.0177226625,-0.0190533012,0.0012209370,0.0051473763,-0.0057550666,-0.0092163929,0.0159899269,0.0003898767,0.0157501931,0.0167385916,0.0115960658,-0.0045198133,-0.0129596363,-0.0050719754,0.0128521972,-0.0104416029,0.0025428775,0.0146358370,-0.0250899365,-0.0173474679,0.0102465339,0.0223427419,0.0012566437,0.0141611124,-0.0084353543,0.0115821967,-0.0195417807,-0.0137959114,-0.0050276030,0.0059655907,-0.0030431576,0.0088043519,0.0050392414,-0.0031393187,-0.0085975909,-0.0188652661,-0.0031253815,-0.0162554860,-0.0196661549,0.0256371600,0.0172683933,-0.0110977081,-0.0079512910,-0.0227121706,-0.0231199355,0.0173074247,-0.0085581324,-0.0125719423,0.0225505942,-0.0061293945,0.0157133340
100.0000000000,0.0031521025,-0.0224202973,0.0044922491,0.0130787359,0.0551630706,-0.0004726301,0.0181566354,0.0083488646,0.0059805007,-0.0217731018,0.0228444789,0.0025183564,-0.0159463119,-0.0144687150,-0.0143819965,0.0239469368,-0.0184862841,0.0106170580,0.0160921037,-0.0023250866,0.0314224017,0.0088355432,0.0056842520,-0.0008015535,0.0078361778,-0.0138908652,-0.0034996893,-0.0230638164,-0.0066720436,0.0000697188,0.0058048323,0.0053533293,0.0121383911,0.0340908036,0.0213058472,0.0152824470,0.0067393501,0.0014650934,-0.0035770862,-0.0194591590,-0.0346520724,-0.0264483213,0.0041671675,-0.0075402893,0.0071269596,0.0055667384,-0.0135575930,-0.0097465951,0.0085176377,-0.0026969640,-0.0025267232,0.0103074007,-0.0034012555,-0.0180340170,0.0043950149,-0.0354949111,0.0431115582,0.0146752844,-0.0012027007,-0.0204660516,0.0391728361,-0.0218012814,0.0176880368
101.0000000000,-0.0188610479,0.0132978221,0.0103786526,0.0191551359,0.0480356059,0.0090479055,0.0272841038,0.0068457843,0.0225098450,-0.0079724134,0.0089343436,-0.0024395132,-0.0365798927,0.0010977119,0.0174644973,0.0144620652,-0.0258655568,-0.0026820420,0.0121364009,0.0019513679,0.0216454285,0.0268403258,-0.0053189411,-0.0120064043,-0.0101716375,0.0000630622,-0.0271440562,-0.0163465410,0.0075724993,0.0142185403,0.0100039890,0.0115050128,0.0139720962,0.0013290769,0.0082106328,0.0207533593,0.0408484393,0.0037272135,-0.0190843071,-0.0430828970,0.0072946294,-0.0255810821,-0.0053823049,0.0052987536,0.0026801430,-0.0081364457,0.0051666142,-0.0036997893,0.0095100632,-0.0176013539,-0.0182083713,0.0143457818,-0.0067362294,0.0001420152,-0.0128326675,-0.0222468483,-0.0049406858,0.0259921492,-0.0122552643,-0.0098341892,0.0037773544,0.0226181218,0.0390807188
102.0000000000,-0.0121559727,0.0293089655,-0.0043894274,0.0045641943,0.0181860039,0.0063798661,0.0105931686,0.0335302390,0.0086392786,-0.0023770725,0.0143708592,-0.0104920528,-0.0137908216,0.0022363704,-0.0216922749,0.0091195334,0.0072229054,-0.0177312763,-0.0071896239,0.0137470728,-0.0077656801,0.0210614060,0.0105652767,-0.0138481899,-0.0060144088,-0.0130320375,-0.0183156850,-0.0139351404,-0.0040103825,0.0080220703,-0.0145643691,0.0064988945,0.0109006327,0.0163453679,-0.0019689539,0.0266230404,-0.0108492375,0.0060397780,-0.0030245654,-0.0125505667,-0.0088903624,-0.0237912817,0.0097240832,0.0229591382,0.0031380939,0.0173773194,0.0046906551,-0.0065164193,-0.0017318363,-0.0039709567,-0.0073545335,0.0070805882,0.0029852236,0.0063851640,0.0097172599,0.0024540890,0.0133028139,0.0165961752,0.0075922132,-0.0168753500,-0.0037452300,0.0032496848,0.0135988280
103.0000000000,-0.0099379274,0.0136799240,-0.0073794746,0.0135378138,0.0144307723,0.0134761715,-0.0098990642,0.0552758814,0.0046420570,-0.0060978873,0.0278434950,-0.0023416561,-0.0263528495,0.0042130652,-0.0231613243,0.0201439818,-0.0176590813,0.0057251036,0.0326975453,-0.0096991769,0.0238962557,0.0064298123,0.0036929630,-0.0300128130,0.0036091844,-0.0326682435,-0.0111950751,-0.0021164917,0.0182872795,0.0125315404,-0.0259886410,0.0050930274,0.0173580240,0.0184303571,-0.0010838493,-0.0095596746,0.0151855700,0.0047621852,-0.0223128015,-0.0033550563,-0.0114602422,-0.0138280700,-0.0089059232,0.0243142382,0.0027067954,0.0035455215,-0.0161025889,-0.0076866234,0.0029649423,-0.0031371761,0.0127169510,0.0410845881,0.0173569372,0.0042361799,-0.0226288547,-0.0350967497,0.0038690702,0.0219347646,0.0125290759,-0.0187197101,0.0209885642,-0.0028310304,0.0287948919
104.0000000000,-0.0260508906,-0.0015737575,0.0066750745,0.0088875473,0.0326983060,0.0081192605,0.0127111951,0.0056047783,0.0080247230,-0.0379357387,0.0325701653,0.0234967207,-0.0308760010,0.0059898669,0.0056099189,0.0381223435,-0.0231374483,0.0014266837,0.0241611070,-0.0234902689,0.0016539695,0.0197139557,-0.0229446507,-0.0207278005,0.0138477043,-0.0167067735,-0.0156016950,-0.0142280390,-0.0107062080,0.0179457122,0.0023447125,0.0030165266,-0.0067338901,0.0161319528,0.0198914552,0.0075372500,0.0256751656,0.0135217329,-0.0070921394,-0.0329745286,0.0074956961,-0.0057331831,0.0122494392,0.0306353517,-0.0073882839,0.0032381595,-0.0011261699,0.0057922728,0.0049741975,-0.0120096250,-0.0097617914,0.0281376134,0.0245841722,-0.0134426708,-0.0254425034,-0.0573666982,-0.0010878531,0.0199534329,-0.0098930189,-0.0241912240,0.0446040343,0.0098376049,0.0177559710
105.0000000000,-0.0211610030,-0.0034627043,-0.0153942081,0.0194290485,0.0457057564,0.0069762781,-0.0006219487,0.0167915470,-0.0001477416,-0.0129856866,0.0258145355,0.0074608210,-0.0221622779,-0.0070208825,-0.0169832748,0.0270732542,-0.0022689150,-0.0121636113,0.0300276399,-0.0003255784,0.0268865601,0.0061222191,0.0107752589,-0.0305306053,0.0144632730,-0.0184962532,-0.0175285575,0.0050118317,0.0284911604,0.0103439909,0.0073015282,0.0187297584,0.0044868788,0.0102809261,-0.0108450941,0.0083407189,0.0055525239,-0.0047964932,-0.0159126789,-0.0319440186,-0.0010419562,0.0098312916,-0.0086067075,0.0136543013,-0.0003473026,-0.0150629455,-0.0008306441,-0.0309374954,0.0149391503,0.0011467779,0.0092774741,0.0313462968,0.0118835933,-0.0005745351,-0.0068142013,-0.0239825061,-0.0092065639,0.0123568670,0.0025540500,-0.0052042149,0.0105302822,-0.0049317740,0.0049857534
106.0000000000,-0.0344279377,-0.0090148445,0.0054568143,0.0165933547,0.0746370223,0.0215071233,0.0018594518,0.0077082150,0.0152633722,-0.0224958625,0.0336900930,0.0053378103,-0.0269684568,-0.0083338400,-0.0140665781,0.0096922272,-0.0207671790,-0.0175976212,0.0227888064,-0.0051761600,0.0136400386,0.0163463003,-0.0069557223,-0.0223373559,0.0237687244,-0.0215760941,-0.0132987593,0.0029281083,0.0064742960,0.0098779160,-0.0097219561,0.0072290302,0.0095647540,0.0149091598,0.0098139596,0.0031437544,0.0043285654,0.0106100386,0.0177134162,-0.0155221815,-0.0136504653,-0.0044290733,0.0044313304,0.0153646150,0.0218988277,-0.0087244883,-0.0030810406,0.0008529585,0.0069116158,-0.0372853226,-0.0043086107,0.0298532108,-0.0041027175,-0.0318679180,0.0012918709,-0.0051644174,0.0006810613,0.0185140208,-0.0051379884,-0.0374573766,0.0170329813,0.0077162565,0.0203059802
107.0000000000,-0.0084275669,0.0096420946,-0.0046130153,0.0109590622,0.0224039900,0.0157732298,0.0056013120,-0.0049074044,-0.0080262755,-0.0287233857,0.0105117801,0.0140988265,-0.0072936681,0.0239287493,-0.0141273498,0.0064247175,0.0037463432,-0.0161936034,0.0127857125,-0.0093386169,0.0099801688,0.0076124170,-0.0073132327,-0.0017497075,0.0121462975,-0.0140172082,-0.0155659497,0.0244686565,0.0019969327,0.0139703801,-0.0028475142,0.0044418152,0.0082309800,-0.0080943455,0.0084030017,0.0237046336,0.0099937540,-0.0037476265,0.0102009761,0.0013305245,0.0064511992,-0.0110164028,-0.0030263443,0.0124331836,-0.0079398706,-0.0061202162,0.0133475591,0.0207037433,0.0119087225,-0.0129614729,0.0092919961,0.0178534748,-0.0098984141,-0.0074101441,-0.0009468300,-0.0180259966,0.0080957090,0.0035959809,-0.0113348486,0.0021407683,0.0268492331,0.0035576445,0.0028349215
108.0000000000,-0.0183216297,0.0085390054,0.0056441836,-0.0040342125,0.0187215208,0.0084020303,0.0085704609,-0.0015997527,-0.0010288236,-0.0042314459,0.0023229296,0.0221914033,-0.0105622851,-0.0162024624,0.0062226809,0.0168393051,0.0017673003,0.0045711118,0.0163832729,-0.0107528273,0.0210331463,0.0157381120,-0.0082852299,0.0043338752,0.0009315656,-0.0115061870,-0.0034693434,-0.0036567352,-0.0203718497,-0.0109196702,0.0138636602,0.0126143671,0.0223510513,0.0015121526,-0.0016066964,-0.0099388667,0.0009447373,0.0056007336,-0.0005539886,-0.0214340502,-0.0201265272,-0.0166112247,0.0024810917,-0.0436435295,0.0053107884,0.0028537835,0.0096507781,0.0023743297,0.0176620112,-0.0102581086,-0.0011562685,0.0254763264,-0.0014748513,-0.0082697595,-0.0179732301,-0.0188028809,-0.0114789295,0.0137749320,-0.0043516307,-0.0091417608,0.0185807684,-0.0111295651,0.0051356445
109.0000000000,-0.0107626572,0.0123484371,0.0330876258,0.0013046965,0.0296039409,0.0078840763,0.0035615380,-0.0104604286,0.0010588802,-0.0260428448,0.0047937225,-0.0005745137,0.0083722105,0.0238651713,-0.0041663479,0.0048136282,-0.0060516387,0.0044551346,0.0041597436,-0.0389541833,0.0259623661,0.0080272831,-0.0048343510,-0.0143952760,0.0080019063,-0.0108335410,-0.0033052318,-0.0012355945,-0.0039375134,0.0287485737,0.0136154219,0.0129196595,0.0013461727,-0.0251457919,-0.0036551454,0.0136918115,0.0162243250,0.0096281975,-0.0088653113,-0.0363270086,-0.0135800116,0.0030635922,-0.0003966390,0.0189430873,-0.0182742434,-0.0216011723,-0.0231670082,-0.0058292390,0.0210098467,-0.0158264453,0.0018522337,0.0122478683,0.0091855251,-0.0162444108,-0.0118234580,0.0133693705,-0.0161839500,0.0164773382,0.0132702662,-0.0189980046,0.0154295226,-0.0057893692,0.0018378665
110.0000000000,-0.0148153614,-0.0012213052,-0.0140888124,-0.0057286838,0.0415860113,0.0175075754,0.0006374332,0.0155591002,0.0061761854,-0.0241892481,0.0276679632,0.0070240860,-0.0118827851,0.0085891310,0.0094162353,0.0337053143,-0.0413472459,-0.0108557833,0.0072163209,-0.0090442334,0.0180678801,0.0133235198,0.0005617737,0.0005177337,0.0153268447,-0.0122628303,-0.0109505315,0.0073660807,-0.0037470215,0.0079704368,0.0026688276,0.0128287708,0.0111693012,0.0078036997,0.0009856919,-0.0032621630,0.0210907855,0.0016035156,-0.0253752439,-0.0424770751,-0.0041667538,-0.0207669883,-0.0049566446,0.0251715440,0.0057400419,-0.0231540755,-0.0325844639,-0.0056285288,0.0162891998,-0.0332206710,0.0013449546,0.0175322236,0.0143538820,-0.0323794412,-0.0288513309,-0.0150582563,0.0008888258,0.0360195319,0.0138073351,-0.0269561149,0.0143831102,-0.0068659239,0.0213316708
111.0000000000,-0.0230606171,-0.0124009211,0.0172055334,0.0133213575,0.0237629971,0.0078723473,0.0058175956,-0.0189894742,-0.0042873087,-0.0173987676,0.0353799623,-0.0059722892,-0.0199851169,-0.0013429992,-0.0128074339,0.0347923229,-0.0033764331,0.0174518033,0.0159758039,0.0115135198,0.0135440642,0.0204814063,0.0093474097,-0.0129164341,0.0310141495,-0.0082584229,-0.0202900695,-0.0088674763,0.0224031115,0.0169394670,-0.0000428622,0.0015700574,0.0069824120,0.0223589640,-0.0153934791,0.0170890138,-0.0145552631,0.0193149880,0.0008080041,-0.0071785104,0.0048479390,-0.0039633271,-0.0131721059,0.0223318752,-0.0073165667,-0.0057835156,-0.0196455307,0.0046044306,0.0076183966,-0.0156721243,0.0155678017,0.0306849756,0.0041474407,-0.0328842164,0.0060413659,-0.0336098710,-0.0109038366,0.0295746442,-0.0038452985,-0.0260389399,0.0003285501,0.0356273263,0.0290369059
112.0000000000,-0.0212129718,0.0234203651,-0.0090749878,-0.0217662596,0.0142018507,0.0060515593,-0.0047816052,-0.0042526129,0.0067364509,-0.0140193115,0.0289606618,0.0002855226,-0.0065840334,-0.0241209792,-0.0046070323,0.0315035073,-0.0391658246,0.0105866075,0.0310119028,0.0192902286,-0.0124047493,-0.0068779443,-0.0031323946,-0.0141723731,0.0116103308,0.0020118066,-0.0305338044,-0.0002354909,0.0020281878,-0.0117186337,-0.0169828113,0.0094768440,0.0025787355,0.0159820823,0.0085765402,0.0103494739,0.0015449062,-0.0063447900,0.0020407086,-0.0247872765,0.0123926817,-0.0008594865,0.0056789050,-0.0183678802,-0.0022028398,0.0202218472,-0.0017088500,0.0035130965,0.0049443807,0.0001527779,-0.0040733451,0.0232370773,0.0102930630,0.0041793898,-0.0080822126,-0.0167378097,0.0182676007,0.0036997969,-0.0179578257,-0.0131001981,0.0114569788,0.0080297505,0.0239483218
113.0000000000,-0.0038918952,0.0104369546,0.0194819222,-0.0127948195,0.0427329382,0.0078372670,0.0059351435,0.0040500327,0.0154599506,-0.0165830227,0.0047366164,0.0283723289,-0.0059215584,-0.0223030930,-0.0136988008,-0.0049868310,0.0008857154,-0.0137389890,0.0101603281,-0.0058742064,0.0483532334,0.0307354575,0.0016390548,-0.0131323814,0.0105290785,-0.0053579439,-0.0203663139,0.0032327640,-0.0027891952,-0.0017216697,-0.0153969209,0.0131048995,0.0147607007,0.0087418810,0.0066033069,0.0146923030,0.0040505905,0.0070947816,0.0168578707,-0.0094897762,0.0136209371,-0.0198981802,-0.0080071059,0.0272344093,0.0019124574,-0.0001724999,-0.0186104266,-0.0080545316,0.0059486813,-0.0201807939,-0.0180603175,0.0489950704,-0.0096269998,-0.0068108872,-0.0075730498,-0.0081802029,-0.0121658189,-0.0037765617,-0.0078316521,-0.0116810944,-0.0001171761,-0.0090790662,0.0229259997
114.0000000000,-0.0201091772,0.0075238997,-0.0147004228,-0.0034598819,0.0183312011,-0.0066344331,0.0041274138,-0.0000702179,0.0001888308,-0.0055403990,0.0235624026,-0.0063194138,-0.0219076632,-0.0038447932,-0.0081386986,0.0049038872,0.0041927733,-0.0006549702,0.0119352122,-0.0148529609,0.0210275684,0.0195766206,0.0193031523,-0.0068015401,0.0104193305,-0.0116362395,-0.0009632668,0.0073202915,0.0101673301,0.0057731676,0.0104929636,0.0139258848,0.0064524387,-0.0070703132,-0.0207055566,0.0014446602,0.0013559841,0.0065727527,-0.0006482266,-0.0050037125,0.0180861340,0.0060464552,0.0211584951,0.0170927266,0.0060894886,-0.0054744195,-0.0055590950,0.0096797848,0.0013628512,0.0096595804,-0.0085735639,0.0355274395,0.0160186472,-0.0182021552,-0.0010515233,-0.0116252028,0.0006773838,0.0060154233,-0.0260686742,-0.0030942740,0.0423210901,-0.0065903903,0.0085441069
115.0000000000,-0.0229851653,0.0096428443,0.0018310329,0.0180223099,0.0773838108,-0.0021619703,0.0051820370,0.0115007964,0.0207326796,-0.0374391500,0.0424305897,0.0073595902,0.0054207349,-0.0094214637,-0.0088523696,0.0405685640,-0.0412458037,0.0074569276,0.0059865303,-0.0188941023,0.0228120712,0.0406871529,0.0019804277,-0.0182629742,0.0063457022,-0.0249849207,-0.0428275957,0.0456679315,-0.0091969726,0.0349480155,0.0024863239,0.0049497597,0.0184926159,0.0160701517,0.0136145201,0.0193402295,-0.0246795784,0.0330245309,-0.0158524876,-0.0199297550,-0.0018469841,-0.0200055904,-0.0053992288,0.0180887630,-0.0091152752,0.0037720989,-0.0156440702,-0.0126123393,0.0179739991,-0.0173848093,0.0046184735,0.0484238774,0.0156506992,-0.0285998241,-0.0064333447,0.0003816716,-0.0128685941,0.0101770319,0.0058298021,-0.0293488882,0.0449217731,-0.0000512307,0.0386186917
116.0000000000,0.0012379693,0.0119656352,-0.0162001475,0.0197060127,0.0324201230,0.0132073559,0.0060686136,0.0031449948,0.0090250179,-0.0246025927,0.0147398476,0.0026962816,-0.0401435885,0.0073921346,-0.0061149696,-0.0016813016,-0.0012028467,-0.0129691084,0.0462320905,0.0074510902,0.0110657652,0.0147111856,-0.0094859738,-0.0167900811,0.0051290281,-0.0122587314,0.0101555017,0.0039540592,0.0165641251,-0.0011897888,-0.0100817580,0.0035612249,0.0037017341,0.0059388788,0.0046685520,0.0187135246,-0.0008258605,-0.0014151002,0.0073074945,-0.0112833228,-0.0147439314,-0.0110759691,0.0170504704,0.0109940681,0.0027819630,-0.0058936027,-0.0073781007,-0.0032179199,0.0283883810,0.0053208361,0.0162221410,0.0195620748,0.0185919389,-0.0231356471,-0.0065241262,-0.0257306243,-0.0011711555,0.0068566023,-0.0052478864,-0.0095167315,0.0283032544,0.0158895284,0.0226652935
117.0000000000,-0.0059090411,-0.0049444650,0.0058242434,0.0060992342,0.0437948142,0.0120177308,-0.0024300253,-0.0014709308,-0.0106916135,-0.0238412439,0.0248071836,0.0059392955,-0.0178091072,-0.0138863707,-0.0100364283,0.0005500102,-0.0281846851,0.0122848921,0.0037525060,0.0079834865,0.0074160308,0.0104161208,0.0028572514,-0.0144749103,0.0024522381,-0.0190538601,0.0065907915,-0.0069239720,0.0044577672,0.0007960585,0.0020356670,0.0206456059,0.0175645637,0.0111665574,0.0249667472,0.0133919781,0.0068618908,0.0228480294,-0.0102860705,-0.0277188012,0.0068983868,-0.0140760442,-0.0007379355,0.0163871974,-0.0095718985,-0.0199019925,0.0007118618,-0.0064135937,0.0017744260,-0.0280081057,-0.0120806329,0.0188120916,-0.0071641556,-0.0389153308,-0.0117683330,-0.0215964540,-0.0035137852,0.0210957104,-0.0101595888,-0.0140823883,0.0133255227,-0.0071799225,0.0239954891
118.0000000000,-0.0179513541,-0.0041825691,0.0010356789,0.0018674943,0.0364450168,-0.0131977025,0.0110389788,0.0210741310,0.0093191048,-0.0051527853,0.0163263611,0.0078928603,-0.0445343052,0.0130923410,0.0007118083,0.0265637211,-0.0276834947,-0.0136668511,-0.0140905075,0.0020903236,0.0147476015,0.0154093072,0.0200887743,-0.0013022970,0.0079534533,0.0020963886,-0.0306381476,0.0224463038,-0.0171459569,0.0168951100,0.0091127936,0.0166294661,0.0113314888,0.0131761693,-0.0055955870,-0.0096182860,-0.0036178872,0.0121902939,0.0077561198,-0.0264722633,-0.0128481186,-0.0132051799,0.0138250382,0.0042013847,-0.0069630626,-0.0043501189,-0.0022890710,-0.0156420757,0.0034917682,-0.0116123138,0.0077335437,0.0245706561,-0.0027463821,-0.0307973872,-0.0085164903,-0.0138376484,0.0159479809,0.0151232242,-0.0201446300,-0.0277239565,0.0262854300,-0.0132000419,0.0139242018
119.0000000000,-0.0204593456,-0.0040400951,0.0104788942,0.0258677555,0.0529869201,0.0097860791,0.0098961177,0.0236196875,0.0192215061,-0.0194634012,-0.0047118277,0.0110027558,-0.0286988111,-0.0087065408,-0.0075106327,0.0283617582,-0.0342535233,-0.0234543993,0.0092169850,-0.0104057122,0.0108444071,0.0025778824,0.0021909807,-0.0171295354,-0.0118916662,-0.0018357138,-0.0010527793,0.0110773130,0.0010842319,0.0189137367,-0.0249737003,0.0088410997,0.0278982163,-0.0004137659,0.0027489923,0.0048469558,-0.0035919386,0.0303737474,-0.0321919650,-0.0237224654,0.0088965094,0.0046459483,0.0146444984,0.0228535311,0.0052305500,-0.0000360622,-0.0241500259,0.0118141257,-0.0036155337,-0.0240584873,-0.0135382033,0.0292185104,0.0058239528,-0.0186858897,0.0101739985,-0.0401669336,0.0075339911,0.0201062665,-0.0248624901,-0.0450038608,0.0147490643,0.0080639345,0.0349969518
120.0000000000,0.0032143203,-0.0033164178,-0.0132941198,0.0100200404,0.0302526248,0.0107580069,0.0122965593,0.0146448915,-0.0005620001,-0.0112778230,0.0218842735,-0.0126040663,-0.0080688590,-0.0026416924,-0.0051713585,0.0212245720,-0.0007354193,-0.0166367952,0.0110464648,-0.0057693540,0.0110439736,0.0076431444,-0.0010218127,0.0118893710,-0.0043817762,-0.0341447572,-0.0164968151,0.0197955017,-0.0076999708,0.0134572050,-0.0093737394,0.0247712733,0.0049569382,0.0042891008,-0.0033912404,0.0077844124,0.0170554511,0.0209902119,0.0250379805,-0.0207593269,-0.0035123236,-0.0005072343,0.0174909776,0.0248800515,-0.0139662529,0.0053066439,0.0177160203,0.0062933897,-0.0079633354,-0.0190406379,-0.0040146909,0.0039863756,-0.0102953714,-0.0161587547,-0.0191870595,-0.0092552997,0.0032260555,0.0194441233,-0.0184641645,-0.0268559790,0.0036385516,-0.0043208358,0.0216156764
121.0000000000,-0.0202468692,-0.0034628606,-0.0135242608,0.0109829463,0.0383350138,0.0229667689,0.0128112422,0.0004591739,0.0020299305,-0.0227240302,0.0463927617,0.0069066372,-0.0022690662,0.0128430727,-0.0163426079,0.0182251983,0.0037840554,0.0021330199,-0.0075895548,-0.0099156003,0.0142763178,0.0173178310,-0.0038551289,0.0027442145,-0.0091243213,-0.0013525261,-0.0014320673,-0.0003974961,0.0022993627,0.0079130567,0.0110803054,0.0242878178,0.0228667722,0.0088996141,0.0094443886,-0.0183402953,0.0254588108,0.0237875375,0.0225042925,0.0012790264,-0.0064469860,-0.0038964204,-0.0099172634,0.0174519497,0.0122985206,-0.0056895014,0.0009749154,-0.0196203598,-0.0015456543,-0.0031371797,0.0147733075,0.0392012336,0.0070122849,-0.0221120933,-0.0052690685,-0.0226766381,0.0066266342,0.0167709354,0.0000911143,-0.0029578268,0.0205197111,0.0150689954,0.0276094160
122.0000000000,0.0036815974,-0.0135375652,0.0024672180,-0.0104835280,0.0494783611,-0.0042077683,0.0236188821,0.0237429126,-0.0009337572,-0.0031795173,0.0271860690,0.0000428543,-0.0143312392,-0.0008015712,-0.0048007813,0.0316275915,-0.0205655128,-0.0197263379,0.0157084338,-0.0091079826,0.0141260737,0.0133001133,-0.0038323299,0.0105225401,0.0007378606,-0.0100683580,0.0024273608,-0.0022998488,0.0033544149,-0.0090872228,0.0099116044,0.0026931174,0.0099987630,0.0091901431,0.0009708197,0.0320079686,0.0070414600,0.0094966834,0.0043856491,-0.0193977758,0.0052713412,0.0008946578,0.0040549421,-0.0000897557,0.0030252910,-0.0008037240,0.0020885957,-0.0041587970,0.0165691940,-0.0362300476,0.0157942215,0.0484830002,0.0106597248,-0.0038691159,-0.0202801230,-0.0128067395,0.0093881595,0.0234955431,-0.0213483775,-0.0247238727,0.0113787364,-0.0025366849,0.0062429757
123.0000000000,-0.0153341880,0.0049520819,0.0196300715,-0.0051371013,0.0671474964,0.0019468178,0.0071783607,0.0241590267,0.0220828179,-0.0274510232,0.0095762018,-0.0015471103,-0.0234893493,-0.0030062343,0.0072585687,0.0502186428,-0.0021795417,0.0126942376,0.0381068614,-0.0085506554,0.0073768346,-0.0032543857,-0.0168409151,-0.0121158201,0.0113236570,-0.0265877714,-0.0179875006,0.0000980911,0.0222374767,-0.0028688512,-0.0025298113,0.0200124752,-0.0028996184,0.0195427348,-0.0070110222,0.0253227723,-0.0128946417,0.0227907316,-0.0249072606,-0.0434125347,-0.0171023734,-0.0219453842,0.0233294797,0.0074859198,-0.0032495708,-0.0115770800,-0.0322927861,-0.0084407923,0.0071724779,-0.0340409438,-0.0000237013,0.0365131379,0.0266780837,-0.0322129375,-0.0236732950,-0.0195808811,0.0117960039,0.0319870324,-0.0332063015,-0.0211653810,0.0261817030,0.0196427925,0.0135448874
124.0000000000,-0.0126342706,0.0192530968,0.0172632296,0.0304293851,0.0555958330,-0.0029093282,-0.0181570730,0.0041156526,0.0017798841,-0.0330806343,0.0062476736,0.0136210007,-0.0184537751,0.0066418591,0.0157522120,-0.0019680268,-0.0306083966,0.0089460484,0.0170509214,-0.0183879107,0.0213012316,0.0244920163,0.0045456646,0.0010555700,0.0141982207,-0.0151748146,-0.0307526836,-0.0161107902,0.0155175280,0.0135325849,0.0015714338,0.0136504598,0.0216486331,0.0204351875,-0.0090243944,0.0277353531,-0.0190180727,0.0097648921,-0.0060745102,-0.0417804135,-0.0161934654,-0.0078676605,0.0177443111,0.0215980770,-0.0048318318,0.0097258117,-0.0201811085,-0.0088483082,-0.0104971997,-0.0386999977,0.0043946121,0.0221865271,0.0238853376,-0.0067273974,-0.0098019486,-0.0221309112,-0.0167954106,0.0167705965,-0.0016177248,-0.0190375228,0.0258364762,-0.0187573433,0.0344514320
125.0000000000,-0.0318161300,0.0154565949,0.0090384298,0.0032672951,0.0418819433,0.0036674627,0.0167245709,0.0128135145,0.0288769622,-0.0174688613,0.0272302370,0.0012733794,-0.0219234584,0.0013929627,0.0037232612,0.0294888542,-0.0234249560,0.0135400186,0.0174736446,-0.0126981126,0.0351780747,-0.0003995761,0.0182806516,-0.0179800768,0.0153065647,-0.0069152046,-0.0141496031,0.0041883167,0.0236436829,0.0003126010,-0.0192871795,0.0033466306,0.0151698007,0.0167573549,0.0261539292,0.0148736472,-0.0036713170,0.0058340763,-0.0222402597,-0.0422127041,0.0156050571,-0.0059900080,-0.0045672622,0.0175266763,0.0059474159,-0.0214267576,-0.0034793960,0.0093223650,0.0223922677,-0.0166052029,0.0057693602,0.0345370469,0.0295486911,-0.0141322827,-0.0134884280,-0.0140482155,0.0043188558,0.0128817231,-0.0324982881,-0.0200768406,0.0171324556,0.0034301329,0.0383126226
126.0000000000,-0.0306940617,-0.0004294080,0.0072309633,0.0074429143,0.0508138401,0.0219159457,0.0055092123,0.0100397393,0.0093419716,0.0036253138,0.0147880849,0.0012573922,-0.0140086622,0.0084067014,0.0056335621,0.0066590087,-0.0205743965,-0.0001209659,0.0056041175,-0.0026705895,-0.0043901419,0.0397702932,-0.0045037090,0.0013248964,0.0058303072,-0.0007427727,0.0170830506,-0.0006949153,0.0001807471,-0.0038240282,-0.0064233898,0.0029421896,0.0205996943,0.0219114679,-0.0001704017,0.0125215704,-0.0104527584,0.0214143132,0.0121030650,-0.0271046326,-0.0045472160,-0.0338033377,-0.0227729286,0.0159199939,0.0140551401,-0.0015855483,-0.0210956505,-0.0059616063,0.0287404409,-0.0122501165,-0.0073300798,0.0316138925,0.0060451349,-0.0106780010,-0.0099897807,-0.0400980606,-0.0023023914,-0.0041953991,-0.0035744614,-0.0179756461,0.0083100717,0.0247084504,0.0139402895
127.0000000000,0.0027886203,0.0044964770,-0.0010662483,0.0175593349,0.0390788972,0.0042339724,0.0140804210,0.0178120075,0.0037473800,-0.0142981570,-0.0017891054,0.0093403946,-0.0188909201,0.0004502624,0.0123673527,0.0103472487,-0.0010524720,0.0231880728,0.0031194011,-0.0076999493,0.0083942711,-0.0226477660,-0.0150087577,0.0111341656,-0.0312371466,-0.0095274420,-0.0001477319,0.0185477528,-0.0018156592,0.0016824843,0.0055169078,-0.0143431266,0.0195711836,-0.0134666528,-0.0222869017,0.0129659354,0.0063690999,-0.0039801862,-0.0044334496,-0.0141806654,-0.0055696938,-0.0258174311,-0.0101991341,0.0138500121,0.0136393951,0.0106220557,0.0218740106,0.0144059336,0.0150837405,-0.0098716052,-0.0102019110,0.0267610578,-0.0019942877,0.0330822951,-0.0001616380,-0.0032000872,0.0064108608,0.0126432217,0.0056424569,-0.0143536427,-0.0022964572,0.0091517011,0.0009464618
128.0000000000,-0.0264058889,0.0021956626,0.0023842504,0.0082039510,0.0284937735,0.0089840569,0.0182617441,-0.0099295572,-0.0048680911,-0.0040102244,0.0320462770,0.0023296462,-0.0176779641,0.0262590343,-0.0033185710,0.0192478014,-0.0054591745,0.0021582681,0.0174808716,0.0075856461,0.0197430770,0.0104947031,-0.0074563465,0.0045767721,-0.0065893055,-0.0175992007,-0.0115117121,0.0100114702,0.0024711544,-0.0032389743,0.0121165042,0.0029252329,0.0252034901,0.0107978109,0.0018423496,0.0281108078,-0.0057851417,0.0114636492,-0.0111488872,-0.0270202654,-0.0079397068,-0.0108722333,0.0002695651,0.0206129678,-0.0119199791,0.0036052476,-0.0219985076,-0.0031337685,0.0017083623,-0.0306917429,-0.0130155392,0.0183970711,-0.0039413615,-0.0177133759,-0.0082994158,-0.0102422557,0.0044653084,0.0070674840,0.0050689555,-0.0102873096,0.0242577872,-0.0054486805,-0.0045315193
129.0000000000,-0.0114584054,-0.0012613131,0.0075108962,0.0080081304,0.0261259911,0.0019990404,0.0204953350,0.0125795477,-0.0094923737,-0.0139747173,0.0202967895,-0.0148983292,-0.0013893611,-0.0145227835,-0.0036250859,0.0100318493,-0.0200865766,-0.0113655173,0.0163888655,0.0051058815,0.0237199533,-0.0088945759,0.0167044055,-0.0102219964,-0.0037685939,-0.0222997570,-0.0158591357,-0.0080986748,-0.0025119862,-0.0010814426,0.0017681257,0.0027736294,0.0256085329,0.0296731895,0.0058738371,0.0103276578,-0.0104726664,0.0013107866,0.0097319521,-0.0243233940,0.0085083375,-0.0005014541,-0.0015726046,0.0101420619,-0.0054643906,-0.0101594304,-0.0007452647,-0.0285237896,0.0314350862,-0.0170324309,0.0002810997,0.0156350377,0.0090682156,0.0117275088,-0.0083849283,-0.0215604150,0.0225355391,0.0204042165,-0.0119091036,-0.0288242731,0.0102595996,-0.0015208714,0.0056066478
130.0000000000,-0.0014025242,-0.0114061325,-0.0004102230,-0.0008669509,0.0445698437,-0.0042860872,0.0085517439,0.0107099210,-0.0135884404,-0.0219345531,0.0243675443,0.0057779108,-0.0138906504,0.0124343142,-0.0251807552,0.0269859354,-0.0266231458,0.0089543006,0.0134860027,0.0177995083,0.0088491868,0.0103975279,0.0026034826,0.0089496143,0.0118732220,-0.0076084539,-0.0117434121,-0.0003819102,0.0093390437,0.0168286423,0.0005349113,0.0066424550,0.0098124077,0.0145014339,-0.0019470685,-0.0011346900,-0.0090591440,0.0221115337,-0.0047719686,0.0089336194,-0.0046431349,-0.0138438596,0.0125975908,0.0186836223,-0.0086973800,-0.0184250957,-0.0035348323,-0.0106581741,-0.0108172346,-0.0215006863,0.0113419746,0.0239553400,-0.0258498351,-0.0162087130,-0.0358017689,-0.0005575205,-0.0065012877,0.0356786598,-0.0123500529,-0.0391700712,0.0189464294,0.0075091356,0.0209186383
131.0000000000,0.0020812316,0.0170298751,-0.0198316668,-0.0285433048,0.0276395927,0.0049334432,-0.0058697913,-0.0110190814,-0.0195647717,-0.0036837335,0.0315210191,0.0024288391,-0.0004360494,0.0203594704,-0.0046291617,-0.0027333325,-0.0020242868,-0.0177131769,0.0083883553,-0.0123146781,0.0115548513,-0.0037190106,0.0084192867,0.0161437958,-0.0103659272,-0.0020816575,0.0118219283,-0.0024734130,0.0224126070,-0.0075951593,0.0049751888,-0.0049364215,0.0008245413,0.0030291867,-0.0086821554,0.0041508208,-0.0124403379,-0.0050418893,0.0151702135,-0.0281977017,0.0080248848,-0.0150735289,0.0073060649,0.0028375253,0.0121336635,-0.0060736629,-0.0126089368,0.0184906608,-0.0032124340,-0.0273871138,0.0030913431,0.0047151905,0.0003461280,-0.0276864120,-0.0172518319,-0.0207580878,-0.0073317326,-0.0087405255,-0.0073903439,-0.0088797850,-0.0238647861,-0.0123622258,0.0245870091
132.0000000000,-0.0105266572,0.0029631073,-0.0004934138,0.0185142481,0.0451039851,0.0231664524,-0.0112549911,0.0325556078,-0.0053942994,-0.0255195281,0.0546951326,-0.0140513243,-0.0151385654,-0.0211691683,-0.0089592235,0.0122220757,-0.0273481750,-0.0115237226,0.0109679440,0.0027904848,0.0387550881,0.0173693754,-0.0001593431,-0.0065835234,-0.0074323231,-0.0111423666,-0.0304684153,-0.0077277086,-0.0076520547,0.0106367164,-0.0244323504,0.0378813095,0.0152051478,0.0043392124,0.0282197596,0.0253225662,0.0041279759,0.0198622971,-0.0037881366,-0.0252323082,0.0093101382,-0.0298912823,-0.0049979312,0.0390717353,0.0055881261,-0.0108163608,-0.0274328605,-0.0113443658,0.0042633865,0.0043903687,0.0131182881,0.0227365470,0.0162734783,-0.0056700382,0.0006447425,-0.0417320415,0.0014113380,0.0260890866,-0.0234983967,-0.0001231503,0.0266956788,0.0125544889,0.0322612040
133.0000000000,0.0034779621,0.0002297503,0.0187951824,0.0010073687,0.0282504200,0.0243695929,0.0097968427,0.0201348282,-0.0229696488,-0.0040469257,-0.0023900283,0.0181433440,-0.0207329018,-0.0028173929,0.0190980458,0.0119766914,-0.0188935686,-0.0106302223,0.0234712695,-0.0118733857,-0.0046306363,0.0352706867,0.0166469369,-0.0088684933,0.0130667144,0.0131330871,-0.0172061683,0.0084566898,0.0059595501,-0.0038952947,0.0051653255,0.0259111073,-0.0202389465,0.0086431980,0.0050778306,0.0078995491,-0.0020929030,0.0067837371,-0.0089536387,-0.0320105974,0.0041142497,-0.0006630483,-0.0025752751,-0.0062739616,0.0140216196,0.0107506468,0.0146585005,0.0006818009,-0.0050198731,-0.0148171397,-0.0105130043,0.0521376780,-0.0052063231,0.0127527114,-0.0336514775,-0.0149672338,-0.0079654059,0.0322393024,-0.0109510187,-0.0144349306,0.0137574730,0.0181060949,0.0229793917
134.0000000000,-0.0054007951,0.0073028546,0.0084620098,0.0031517924,0.0235863929,0.0138536567,0.0160964499,-0.0033935127,0.0177698316,0.0015071748,0.0189158326,-0.0150081100,-0.0011585600,0.0117871548,0.0117862309,0.0168629285,-0.0182552407,0.0263144780,0.0208183667,-0.0097161198,0.0276598636,0.0102065179,-0.0031342592,-0.0066769001,-0.0011738566,-0.0054148134,0.0070752279,-0.0240598426,0.0107791062,0.0101820888,-0.0025651194,0.0068380294,-0.0002468456,-0.0078062468,0.0076241224,0.0098622656,-0.0204682127,-0.0009339526,0.0121934314,-0.0210832544,0.0075413880,0.0091970629,0.0129878332,0.0142357186,0.0013979356,0.0014443770,-0.0199341892,-0.0054449680,-0.0141512502,-0.0078489684,-0.0169468689,0.0279578045,0.0000410180,-0.0062955916,-0.0134836257,-0.0184398425,0.0062018003,0.0177290468,-0.0120989447,-0.0175375003,0.0235405226,0.0181168414,0.0258352281
135.0000000000,0.0045438179,-0.0006016425,-0.0075199503,-0.0050165197,0.0348386525,0.0082998076,-0.0042069715,0.0137150409,-0.0110832076,0.0023739976,0.0024906650,0.0028519512,-0.0165421134,0.0153876298,0.0043806720,0.0016842766,-0.0113524888,0.0009925150,0.0140748449,0.0135901101,0.0215049126,0.0294980618,-0.0267797737,0.0015737256,0.0095319345,-0.0208285932,-0.0211891736,-0.0170446834,0.0160653040,-0.0118995605,0.0070906180,0.0129843613,0.0224028775,-0.0098794544,0.0154480900,0.0036138782,-0.0132539603,0.0170676519,-0.0003707456,0.0022478495,0.0071699451,-0.0190460565,0.0066372689,-0.0057173120,0.0274008761,-0.0076712177,-0.0153086608,0.0077123316,-0.0004156989,-0.0144242780,0.0143961004,0.0220097670,-0.0185426994,-0.0160956553,-0.0182184923,0.0023616038,-0.0044791528,0.0226519714,-0.0034475554,0.0091183795,0.0012115131,0.0067662337,0.0151419010
136.0000000000,-0.0149454620,0.0024856623,0.0236714135,0.0077498688,0.0194969742,-0.0044333776,0.0183278352,-0.0073455950,0.0162405508,0.0182056002,0.0000931200,0.0235011495,-0.0258573364,0.0048991822,-0.0176866164,0.0060609401,0.0069942351,-0.0067888660,-0.0027115088,-0.0032390824,0.0248954559,0.0050995052,-0.0061744201,0.0003006346,0.0245122020,-0.0181291432,-0.0179844930,0.0224309724,-0.0102987247,0.0074819368,-0.0141979143,0.0089043033,0.0202151084,0.0083704195,-0.0012483644,-0.0077374498,-0.0009468253,0.0004441301,-0.0112636267,-0.0028248621,-0.0135354870,-0.0011288877,0.0044397762,0.0018505616,0.0038678910,-0.0078580553,-0.0101395388,-0.0284108522,0.0238966605,-0.0034804622,0.0048721571,0.0135307487,0.0075104288,-0.0004074738,0.0077654222,0.0010684316,-0.0212838040,0.0038119982,-0.0044393125,-0.0132884264,0.0137985970,0.0247203651,-0.0040969813
137.0000000000,-0.0027533154,0.0121286360,0.0020893739,0.0181000810,0.0295624462,-0.0006505369,-0.0114094785,-0.0054733943,0.0102272136,-0.0192117737,0.0201267593,0.0026519873,-0.0059062311,0.0180277074,0.0065573251,0.0367134752,-0.0569321402,0.0114751854,0.0201496944,-0.0045117422,0.0040069829,0.0309956182,0.0067040266,0.0121887411,0.0073118688,-0.0195748214,-0.0292959786,-0.0189086513,0.0204263191,0.0254121642,-0.0034348928,-0.0055404924,0.0158384843,0.0166472310,0.0112254106,0.0000179905,-0.0071015871,0.0087943056,0.0114127821,-0.0290250798,-0.0046119496,-0.0325944169,-0.0047974104,0.0235427825,0.0070679876,-0.0032755656,-0.0150487025,0.0286825834,0.0076824865,-0.0172427654,0.0132984718,0.0366138939,-0.0173955210,-0.0190876605,0.0106010205,-0.0186075315,-0.0046955930,0.0430066790,-0.0252867080,-0.0353026612,0.0081147575,-0.0108752843,0.0011780237
138.0000000000,0.0155677292,0.0065014396,-0.0073409324,-0.0113338318,0.0359467361,0.0087333047,-0.0066480522,-0.0111345876,-0.0050709436,-0.0119485764,0.0211378916,-0.0093999515,-0.0223256354,0.0236644494,0.0033207612,0.0149064533,-0.0167819083,-0.0109575079,0.0333695099,-0.0022909710,0.0232322268,0.0052676047,0.0050734643,0.0110684182,-0.0002240889,-0.0250156449,-0.0070654034,0.0122373563,0.0083672474,0.0054825800,-0.0070402273,0.0021289756,0.0032562574,0.0080796618,0.0075930182,0.0336474784,-0.0009969967,0.0030916712,-0.0180497110,-0.0208671631,-0.0180584924,-0.0185632989,-0.0012436676,0.0170922818,0.0062234814,-0.0175460458,-0.0064275347,0.0002271223,0.0022497680,-0.0267391050,-0.0034138096,0.0194927784,0.0084923654,-0.0195236689,-0.0070996229,-0.0163011105,-0.0017864507,0.0126710949,0.0017286263,-0.0234228790,0.0009613501,-0.0078788235,0.0108513584
139.0000000000,0.0023687127,0.0110478362,0.0119206460,0.0051672297,0.0125208916,0.0037528093,0.0155362872,0.0183118033,0.0247453403,-0.0146145615,-0.0110275422,0.0179715024,-0.0198495054,-0.0085435798,0.0029055836,0.0112995719,-0.0059464986,-0.0228596997,-0.0089716384,-0.0096957079,0.0079519511,0.0072193458,-0.0132682452,0.0003631051,0.0153070866,-0.0027599091,-0.0222291042,0.0052888104,-0.0006110677,0.0115411907,-0.0187258650,0.0146200440,0.0104545597,-0.0076336184,0.0115070283,-0.0003162606,0.0028249672,-0.0001312241,-0.0125619270,0.0047841783,-0.0005396878,-0.0103880528,0.0057779879,0.0190339325,-0.0143133353,-0.0035563195,0.0157659297,-0.0055381320,0.0047971883,0.0061531915,0.0179737368,0.0288877720,-0.0002871666,0.0151782482,-0.0048857187,-0.0039489138,0.0086786813,0.0115965507,-0.0043621209,0.0045680063,0.0078901233,0.0070800017,0.0111800324
140.0000000000,0.0014403594,-0.0144956476,0.0002797949,0.0074581126,0.0168428898,0.0103136701,0.0152152861,-0.0018606224,-0.0198700727,-0.0016932295,0.0004297162,0.0090672892,-0.0088301949,-0.0051752855,-0.0057204327,0.0381034696,-0.0244641836,0.0128260488,-0.0118977008,0.0036377607,0.0075038345,0.0108038775,0.0098608210,-0.0084398506,0.0179176582,0.0096819070,0.0065266553,0.0089442022,-0.0149306236,0.0065510788,-0.0076223628,0.0212045318,0.0000102706,-0.0088032368,0.0067357544,-0.0022194063,0.0111391246,0.0043799610,0.0197095253,-0.0210315082,-0.0120308357,-0.0032570437,0.0088411612,0.0182401147,0.0029471948,-0.0113602770,-0.0202771667,-0.0180441843,-0.0046482769,-0.0050901469,0.0147331774,0.0182032825,-0.0136181199,-0.0112690776,-0.0177785651,-0.0103540880,-0.0103577828,0.0033500518,0.0046918276,-0.0082230640,0.0092364361,-0.0206268361,0.0280318133
141.0000000000,-0.0027137495,0.0160540674,0.0081395263,0.0033056659,0.0126401397,0.0249782481,0.0035922122,-0.0042367341,0.0008263441,-0.0124186366,0.0075717916,-0.0018822760,-0.0231518026,0.0023154129,0.0037905709,0.0062182944,-0.0313618980,-0.0080373637,0.0158143516,-0.0003374545,0.0080166363,0.0003473274,-0.0032442344,0.0139216023,0.0288410150,-0.0251273203,0.0029951827,0.0181962526,0.0141852481,-0.0156113157,-0.0025889148,0.0069897048,0.0041178280,0.0099237356,0.0027232151,0.0060300892,0.0042925711,0.0009063069,-0.0011885328,-0.0074190457,0.0003766821,0.0021129565,-0.0063185326,0.0013214568,0.0049585643,-0.0035786537,0.0334716954,-0.0145996594,0.0150649518,-0.0214898839,-0.0005919870,0.0183872610,0.0091887716,-0.0148020593,-0.0046149915,-0.0188342817,0.0020296655,0.0235116560,0.0052319973,-0.0319261506,0.0186193324,0.0106983456,-0.0022975049
142.0000000000,-0.0035508279,0.0109472854,-0.0032994421,0.0105061372,0.0218292263,-0.0036691572,0.0223017060,0.0273938066,0.0109260421,-0.0215259212,0.0219951639,0.0005613199,-0.0170660950,-0.0290941277,0.0020408143,0.0196757945,-0.0186856756,-0.0003943919,0.0218254033,0.0053901512,0.0260814937,0.0367453381,0.0172410580,-0.0146637134,-0.0117838486,-0.0425149977,-0.0380459260,-0.0086220893,0.0056657508,0.0034517056,0.0041662662,0.0156915151,0.0006695365,0.0262763251,0.0041403842,0.0204889110,0.0154953731,0.0239994571,0.0163066550,-0.0158546169,0.0219380836,0.0068079479,0.0048622634,0.0070371758,-0.0072175101,-0.0185281196,-0.0318625353,-0.0134345511,0.0130626789,-0.0136415376,0.0010765812,0.0253847545,0.0193134793,-0.0158705755,-0.0147438000,-0.0181403335,-0.0314112915,0.0139166056,-0.0258161097,-0.0457942584,0.0083576511,-0.0129132454,0.0299012773
143.0000000000,0.0075061763,0.0027386289,0.0184493238,0.0043514552,0.0356227722,0.0207171781,-0.0004431704,0.0057766734,-0.0186557162,-0.0076910560,0.0162169166,-0.0063699231,-0.0258454897,-0.0060100497,0.0039338784,0.0168634809,-0.0261031353,0.0057282625,0.0159254256,-0.0085023742,0.0075671530,-0.0097322884,-0.0188978981,-0.0328629919,0.0210146791,-0.0060373563,-0.0244532145,-0.0052746505,-0.0012903849,0.0127563475,-0.0006075682,0.0121176500,-0.0029495712,0.0018846148,0.0207881547,0.0176676348,0.0138957676,0.0064404251,-0.0280261288,-0.0321056864,0.0020209629,-0.0134405857,0.0011944073,0.0054193974,-0.0207743941,-0.0089106389,-0.0081956155,-0.0043110136,-0.0110483029,-0.0169643069,0.0232095564,0.0305929148,0.0053984332,-0.0224428712,-0.0173633707,-0.0157520989,0.0111324733,0.0346840524,-0.0039742093,-0.0104007841,0.0233903081,-0.0224093606,0.0016561833
144.0000000000,0.0064969235,0.0102102580,0.0062950789,0.0185711163,0.0332651754,-0.0107134234,0.0104317580,0.0090549218,0.0143843313,0.0162920518,0.0173953520,-0.0009012016,-0.0249071771,-0.0050095889,-0.0106103586,0.0165333038,-0.0041302536,-0.0127100064,0.0020244012,0.0391483309,0.0255885895,-0.0242075725,0.0072138752,0.0124256705,0.0000111782,-0.0056377404,-0.0161447158,-0.0089779338,0.0047814817,0.0189778206,0.0000513598,0.0120856518,0.0070020552,0.0148715159,0.0262816708,-0.0065423723,-0.0029703653,-0.0134153615,0.0103537208,-0.0110879704,-0.0005182482,-0.0083773528,0.0057376977,0.0048747202,-0.0036487761,-0.0103757242,-0.0139803103,0.0106356183,-0.0083812732,-0.0119705755,0.0080893440,0.0266894577,0.0182195131,-0.0032848094,-0.0000579406,-0.0119084241,0.0030178868,0.0013026036,-0.0128429084,-0.0443213622,0.0190453724,0.0208817861,0.0322155414
145.0000000000,0.0137104030,-0.0041734345,-0.0010388621,0.0086700612,0.0401944221,0.0100852409,0.0028144429,-0.0130526181,0.0203254538,-0.0038914995,0.0122565358,-0.0235183087,-0.0153179945,0.0066110016,-0.0090406137,0.0258858642,-0.0235106063,0.0023477948,0.0321111927,-0.0043224031,0.0073035613,0.0068580224,-0.0286126465,-0.0106026533,-0.0226061496,-0.0195371150,-0.0226218559,-0.0152105189,-0.0043570171,-0.0109055899,0.0117531815,0.0060587787,0.0008238454,0.0094899147,0.0166881568,0.0078136059,-0.0148022169,-0.0178797085,-0.0117183769,-0.0124051168,0.0156894237,-0.0154912233,-0.0101808457,0.0171154129,0.0118456495,-0.0112167459,-0.0169115135,-0.0020082105,-0.0061349462,-0.0346775120,0.0189205608,0.0156512157,0.0089023320,0.0063567938,-0.0274098890,-0.0140426111,0.0128743171,0.0095226716,0.0130286847,-0.0120458496,0.0207770551,0.0000359709,0.0493855065
146.0000000000,-0.0159908471,-0.0082700541,-0.0015101239,-0.0034238365,0.0421432814,-0.0166328348,0.0272666649,0.0202570904,-0.0001745101,-0.0022136522,0.0199672540,-0.0196082749,-0.0221003760,0.0018880656,0.0066280456,0.0312348625,-0.0260695776,0.0343238808,0.0044814010,0.0012527138,-0.0027712843,0.0258193471,-0.0032406625,-0.0049971472,-0.0014347421,-0.0198487619,-0.0178944415,-0.0075768337,-0.0013926025,0.0069116363,0.0084407544,0.0028503280,0.0001889283,0.0091239822,0.0204891431,0.0291292993,-0.0015795068,0.0280534578,0.0056222958,-0.0228287757,-0.0369776526,-0.0215691058,0.0135134398,0.0032576467,0.0038343277,-0.0291552367,-0.0124521175,0.0068294203,0.0071480859,-0.0049014111,-0.0102946948,0.0214473607,0.0331157170,0.0029765899,-0.0080381691,-0.0255900167,-0.0042382587,0.0016226880,-0.0021613715,-0.0249134952,0.0097680478,0.0051158928,0.0110278732
147.0000000000,-0.0210737404,-0.0087674977,-0.0031553025,-0.0006045937,0.0086869501,0.0004960277,0.0122917026,0.0057782410,-0.0160247324,0.0089364125,0.0058298052,0.0045684174,-0.0127901780,0.0084359027,0.0116857235,0.0159048911,-0.0020504885,0.0076355278,0.0063314669,-0.0172205238,0.0271919745,0.0029348374,-0.0096340779,-0.0180610157,-0.0011043785,0.0051364371,-0.0119780570,0.0285600269,0.0064215312,0.0033273169,0.0035801178,-0.0114993340,0.0064899767,-0.0176943848,-0.0082089667,0.0160185161,-0.0276424773,0.0093187558,-0.0015127370,-0.0105914700,-0.0093800135,-0.0118836238,-0.0022779957,0.0196944910,-0.0089880612,-0.0066279222,-0.0116376581,-0.0230591545,0.0120246496,-0.0094193029,-0.0351070743,0.0073549533,0.0019988799,-0.0096519050,-0.0098445788,-0.0050297758,-0.0038148604,0.0202755943,0.0137892056,0.0116630113,0.0114337707,-0.0020651071,0.0165228566
148.0000000000,0.0014427281,-0.0092435532,-0.0035428593,0.0174217713,0.0334284751,0.0137514791,0.0260795434,0.0156148366,0.0093339739,-0.0441436345,0.0252910023,-0.0045680673,-0.0263344482,0.0008957520,0.0054305740,0.0094410438,-0.0181778731,0.0099905486,0.0151135732,-0.0118879838,0.0134406103,0.0140302013,-0.0156331343,0.0073218809,0.0050927920,-0.0080576304,-0.0245529113,0.0088802735,-0.0077242821,0.0083090975,0.0209727519,0.0052227804,-0.0034050121,0.0063250640,0.0106014536,0.0271813531,-0.0219957645,0.0221972941,-0.0103323946,-0.0119806786,0.0008955120,-0.0000633914,-0.0079230990,0.0268668675,0.0013797248,0.0021991865,0.0079990896,0.0094734333,0.0040444741,-0.0111427232,0.0092987968,0.0244999030,0.0111465957,-0.0251850955,-0.0081668200,-0.0137555959,0.0062897963,0.0120968350,0.0033273992,-0.0207370569,0.0277338265,0.0053056533,0.0164960239
149.0000000000,0.0152457642,0.0102301937,-0.0052368468,-0.0194905483,0.0474940978,-0.0076021225,0.0140980254,0.0145375751,0.0063004940,-0.0041483232,-0.0027545910,0.0195659360,-0.0131674532,-0.0013789634,-0.0102407060,0.0177774344,-0.0018094121,0.0019188936,-0.0194982754,0.0169930193,0.0067165624,0.0323711837,-0.0130176963,-0.0021240060,-0.0131879155,-0.0280246769,0.0002744789,-0.0103076972,0.0215465180,0.0076860999,-0.0034493676,-0.0087495252,-0.0110501369,0.0001750563,-0.0101699471,-0.0038836349,-0.0001526132,0.0250336146,0.0212723585,-0.0173855523,-0.0104082473,-0.0161042991,0.0100519011,0.0212722310,0.0208544046,0.0018874783,-0.0084626022,-0.0038207433,0.0050959555,-0.0325138832,-0.0000258052,0.0186951554,-0.0060318775,-0.0259571551,0.0115921824,-0.0349206064,-0.0076256872,0.0123818581,-0.0171686692,-0.0131056747,0.0136851893,0.0043983139,0.0095869175
150.0000000000,-0.0016852601,0.0182145343,0.0277892452,-0.0184800539,0.0471382345,0.0026895879,0.0105844076,0.0219442830,-0.0129139843,-0.0207385419,0.0154462163,0.0087231309,-0.0145455074,-0.0086912967,0.0140160542,0.0300968522,-0.0286457485,-0.0027637190,0.0168232945,-0.0275254288,0.0144647392,0.0021099737,0.0100662081,-0.0005720460,-0.0231671319,-0.0065974553,-0.0301573619,0.0119247908,-0.0002044485,0.0035302999,-0.0323411491,-0.0046651676,0.0141775976,-0.0024628434,0.0111674396,0.0067528427,0.0079812356,0.0107993140,-0.0031901955,-0.0214901965,-0.0110932669,-0.0202957232,-0.0154902682,0.0038669061,0.0120055970,0.0015775847,-0.0074096115,0.0081057084,0.0006036856,-0.0446119240,-0.0153956168,0.0186048579,-0.0031265898,-0.0286783416,0.0137624420,0.0020190560,0.0120463687,0.0366598773,0.0126935613,-0.0222879301,0.0344829167,0.0109120174,0.0248768958
151.0000000000,-0.0064803974,0.0038216939,-0.0002291194,0.0094188304,0.0477456248,0.0213099007,0.0303153064,0.0135803394,0.0070281189,-0.0053328253,0.0333826018,0.0062893248,-0.0286770446,0.0046071604,0.0025992362,0.0312349895,-0.0168449293,0.0117276788,0.0197198215,0.0046943240,0.0284085849,0.0220004031,0.0130640870,-0.0098866671,0.0137911690,-0.0241397888,-0.0041972187,-0.0045337521,-0.0074453852,0.0057776192,-0.0042569508,0.0176201880,0.0028754009,-0.0044358621,-0.0019487078,0.0177974208,0.0074022845,0.0021358939,0.0147003189,-0.0360789631,-0.0096422542,0.0046144172,0.0036883011,0.0198750405,0.0164972774,-0.0188405030,-0.0280557170,-0.0041624021,0.0170467820,-0.0139616966,-0.0265570556,0.0374244039,0.0128013417,-0.0115750763,-0.0066100980,-0.0302369048,-0.0024308174,0.0319774852,-0.0111902772,-0.0302611154,0.0289952441,0.0029600715,0.0385808875
152.0000000000,-0.0022056045,-0.0131191387,0.0144602056,0.0071889064,0.0688089542,0.0127940288,0.0114519621,0.0135011118,0.0183993257,-0.0234049389,0.0043400435,0.0015983735,-0.0248994579,-0.0082882856,-0.0185971906,0.0478600427,-0.0109330843,0.0033678113,0.0234061056,-0.0106324138,0.0255935634,0.0060062481,-0.0052533706,0.0040435731,0.0113971190,-0.0376906068,-0.0047247811,-0.0007073537,0.0106299500,0.0177483081,-0.0063756952,0.0167854878,0.0108918655,-0.0022370593,0.0104456877,0.0155754522,-0.0058441008,-0.0011658977,0.0108600279,-0.0226789915,0.0069122576,-0.0067956669,-0.0007825146,0.0090214986,0.0295568209,-0.0000056920,-0.0269000716,-0.0061774876,-0.0043946139,-0.0025857880,-0.0069719442,0.0420822841,0.0082611133,-0.0096300782,-0.0211722238,-0.0060471372,-0.0164076680,0.0348166809,-0.0304623726,-0.0108242859,0.0246897680,-0.0229786284,0.0025641500
153.0000000000,-0.0199727580,-0.0121397766,0.0016559766,0.0009297276,0.0257113587,-0.0028068407,0.0157127966,0.0013641914,0.0164907810,-0.0159906976,0.0151142001,-0.0004553867,-0.0006647334,0.0032688124,0.0094206840,0.0037026014,-0.0081151437,-0.0061392954,-0.0088399225,-0.0015022749,0.0399972349,0.0051723737,-0.0002653490,0.0029712568,0.0031348940,-0.0141594149,-0.0144027148,0.0106390001,-0.0094170827,0.0191720666,-0.0038836140,0.0109618176,-0.0061687131,0.0139539469,0.0010016591,-0.0068194798,0.0117864558,0.0242717866,-0.0066977674,-0.0373459053,-0.0180173346,-0.0322001495,0.0001889204,0.0354631500,-0.0091900586,-0.0083799397,0.0029747649,0.0102196669,0.0107370753,-0.0243896378,-0.0062183292,0.0338302814,0.0002191551,-0.0088830317,-0.0249300901,-0.0350858102,0.0221709006,0.0235484655,0.0081024859,-0.0129406633,0.0080968002,0.0195828498,0.0151880756
154.0000000000,-0.0001024567,0.0039446335,0.0078589214,-0.0044698561,0.0409674817,-0.0102527059,-0.0142075348,-0.0100773853,-0.0005054173,-0.0120991999,0.0032337028,0.0126657504,-0.0298514369,-0.0053327372,0.0181320290,0.0084587406,0.0004560580,-0.0020485317,-0.0118944931,0.0161246733,-0.0239929652,0.0118521696,-0.0159377461,0.0030796653,0.0322378998,-0.0020102847,-0.0036011911,-0.0011090321,-0.0087196747,0.0058354382,0.0011374552,0.0235678070,-0.0136786257,0.0026479950,-0.0119460709,-0.0039853694,-0.0060212573,0.0171351822,-0.0068583191,0.0037397450,-0.0320491039,0.0005085805,0.0137034938,0.0210090674,-0.0083439510,-0.0233406528,-0.0173661076,0.0141228736,-0.0128568389,-0.0061572484,-0.0081489186,0.0206243725,0.0179732530,0.0040721023,0.0049615000,0.0212478647,-0.0335372819,0.0047982992,-0.0071557122,0.0101577233,0.0040472768,0.0084990805,-0.0027482545
155.0000000000,-0.0185645491,0.0149127967,0.0204795828,-0.0010201250,0.0422615365,0.0308618388,0.0045888914,0.0032621243,0.0136222460,0.0013671081,0.0257450730,0.0144601015,-0.0170786063,-0.0071724520,0.0169580377,0.0595362029,-0.0307732971,-0.0055281326,0.0157505944,-0.0202727409,0.0252405936,-0.0034909127,0.0063294802,0.0099222969,0.0315132435,-0.0274815200,-0.0328045408,0.0188223593,0.0324254056,0.0397089758,-0.0041202454,0.0180818959,0.0188534054,-0.0015313378,0.0056851670,0.0123065428,0.0113917568,0.0177470288,0.0057610968,-0.0464608374,-0.0025794489,-0.0186079883,-0.0004486776,0.0149783769,0.0064489585,-0.0040591849,-0.0091829196,-0.0034410992,0.0146115712,-0.0406164674,-0.0279889954,0.0402884404,-0.0018874985,-0.0118014784,-0.0021543295,-0.0315693340,0.0135255137,0.0328785882,-0.0071640180,-0.0344544486,0.0234850556,-0.0012934074,0.0489407579
156.0000000000,0.0089652538,0.0111407073,0.0102046989,0.0172729923,0.0494039415,-0.0171680955,-0.0025554337,-0.0042722113,-0.0049186721,-0.0066521867,0.0155830311,0.0082293832,0.0026180812,-0.0052256623,0.0060268578,0.0112464310,-0.0177205784,-0.0077739879,0.0311980131,0.0011239093,0.0154326078,0.0279691160,-0.0040616417,-0.0142655038,0.0155383282,-0.0207716114,-0.0160218340,-0.0088942681,0.0070080783,-0.0084709014,-0.0107239638,-0.0006283536,0.0285834545,0.0113905161,0.0065486584,-0.0089801061,-0.0021754409,-0.0131114120,-0.0068851526,-0.0436414581,0.0104734761,0.0150874936,-0.0231068219,0.0056974515,-0.0151154373,-0.0122564266,-0.0153106890,-0.0016992589,0.0148270946,-0.0219958690,-0.0073086097,0.0283705201,0.0287058116,-0.0109148265,-0.0146874460,-0.0137391634,-0.0093607930,0.0181189701,-0.0210761285,-0.0287161827,0.0327405649,0.0071975148,-0.0040685220
157.0000000000,-0.0176055312,0.0105594519,0.0382769464,0.0135503259,0.0382756606,0.0105621950,-0.0157742224,0.0072488935,-0.0196235619,-0.0029329682,0.0018602770,0.0017292458,-0.0220811446,-0.0038145431,0.0034765355,0.0219771121,-0.0127113522,-0.0085040497,0.0211557809,0.0112079281,0.0037830056,0.0280253917,0.0007944196,-0.0076500819,0.0099891657,0.0059709593,-0.0093135885,-0.0113699142,0.0007452130,-0.0000184159,-0.0015476381,0.0294918020,-0.0041524161,0.0172726227,-0.0037189469,0.0119756956,-0.0025823114,-0.0019898211,0.0231009769,-0.0139823178,-0.0044392091,-0.0178093643,0.0158931738,0.0127270973,-0.0015902276,-0.0073864736,0.0211054305,-0.0129834551,-0.0010242166,-0.0218874733,0.0058253221,0.0181460488,0.0123188560,0.0082954488,-0.0004437754,-0.0024014754,-0.0084773748,0.0093742344,-0.0087672492,-0.0145228809,0.0168320905,-0.0056017027,0.0096913535
158.0000000000,-0.0217899799,-0.0021053082,-0.0033822880,0.0062080318,0.0306605412,0.0013196303,-0.0128998187,-0.0071421022,0.0056975154,-0.0047214312,0.0350671682,-0.0034568108,-0.0068909417,0.0138515851,-0.0021829764,0.0075129867,-0.0066668369,0.0054645835,0.0360606522,-0.0139880875,0.0290233192,0.0089624194,0.0078627598,-0.0201451822,0.0208331866,-0.0109292736,0.0048414727,-0.0090588392,-0.0010621615,0.0048986370,0.0137834289,0.0012093632,0.0114603218,-0.0113608549,0.0055345445,0.0104086735,0.0005156936,-0.0143462127,0.0006101274,-0.0121477452,-0.0104738792,-0.0006744918,0.0083536632,-0.0071285659,-0.0197201241,0.0139882612,-0.0288303126,-0.0128370832,0.0225907494,-0.0320231326,-0.0035918507,0.0047520741,0.0099123118,-0.0081938321,-0.0168427084,-0.0133728340,-0.0178085007,0.0148992857,-0.0110899474,0.0103685028,-0.0017397513,0.0030173298,0.0144827719
159.0000000000,-0.0206575117,0.0062901212,0.0280987462,0.0218574655,0.0523001066,0.0066003435,-0.0025175250,0.0030456158,-0.0171977219,-0.0321638839,0.0281325321,0.0036914006,-0.0076491429,0.0130582728,-0.0185784269,0.0135868849,-0.0173459204,-0.0052142940,0.0215008492,0.0149113901,0.0084140222,0.0100203947,0.0021226276,-0.0079892189,0.0251314784,-0.0134013709,-0.0196314517,0.0054569257,-0.0012241383,-0.0047582771,-0.0076064976,0.0121707385,0.0019001719,0.0164113235,0.0161477456,-0.0046237611,0.0063863047,-0.0026047798,0.0000038384,-0.0179146861,0.0104932767,-0.0315662477,-0.0007959407,0.0490804293,0.0048959515,-0.0092387481,-0.0113924136,0.0017447611,0.0084185336,-0.0207727898,0.0038880622,0.0353853904,-0.0158925835,0.0027606120,-0.0036764497,0.0032345940,-0.0288477061,-0.0012273956,-0.0085648014,-0.0297580079,0.0356618593,-0.0166086910,0.0337451519
160.0000000000,-0.0023344130,0.0042544310,0.0007563618,0.0025171970,0.0360353364,0.0052959624,0.0224354556,0.0172519791,0.0169741093,-0.0085107848,0.0152753142,-0.0103682213,-0.0034838491,-0.0077221761,-0.0161713018,0.0099891324,-0.0016483586,0.0082694152,0.0144725657,-0.0116744597,-0.0164456770,-0.0021503819,0.0080833106,0.0027052185,0.0124826989,-0.0275470250,-0.0141865689,-0.0097850784,-0.0005172725,0.0083932029,-0.0124161276,-0.0002884440,0.0034250558,0.0280801385,-0.0085074708,-0.0008029176,-0.0288391046,0.0263734581,-0.0106291611,-0.0217260886,0.0189648237,-0.0289000139,-0.0130195958,0.0228671334,0.0085999799,-0.0204236665,-0.0132701725,-0.0056424991,-0.0069237410,-0.0144506285,0.0093483848,0.0223225901,0.0182068421,-0.0267258643,-0.0150005932,-0.0057518942,-0.0038418681,0.0067194312,0.0014332393,0.0108999692,0.0176401426,0.0086489684,-0.0057599272
161.0000000000,0.0025611064,0.0051486852,-0.0141527970,-0.0015855232,0.0152882678,-0.0087255992,-0.0024336824,-0.0137546337,0.0056081027,-0.0261506366,0.0243541177,-0.0035400347,-0.0100644966,-0.0072496282,-0.0064103389,0.0319551490,-0.0258559059,-0.0437172356,-0.0055380426,0.0052937725,0.0075488434,0.0140740695,0.0022711000,-0.0227091742,-0.0010502753,-0.0106094111,-0.0351438738,0.0117272812,0.0202250846,-0.0072225894,0.0006381007,0.0162485117,0.0133148493,0.0119858028,0.0273377244,-0.0013975837,0.0224643340,-0.0129964761,-0.0305563265,-0.0023971961,-0.0041923701,-0.0000698610,0.0114377779,0.0028281167,-0.0041771570,-0.0125241591,-0.0268607547,-0.0188364875,0.0097256415,-0.0396317166,-0.0032863264,0.0060631686,0.0085047443,-0.0292386349,-0.0054032362,-0.0138596918,-0.0017282279,0.0227516445,0.0195822533,0.0009061857,0.0078396209,0.0004304807,0.0104073321
162.0000000000,0.0000749961,0.0230835745,0.0045585530,0.0165710027,0.0300626179,0.0167989013,0.0115203797,0.0261673856,0.0118449613,-0.0486788669,0.0312083287,-0.0055854579,-0.0024749173,-0.0023984516,-0.0206223539,0.0254108515,-0.0052352586,0.0045317880,-0.0190071407,0.0001521216,0.0127456088,0.0062602757,-0.0043569388,-0.0051916840,-0.0043772570,-0.0020597382,-0.0079771441,0.0002817985,0.0219599197,-0.0071525521,-0.0060827452,0.0063101790,-0.0019781159,0.0274601473,0.0370217058,0.0207450631,0.0279596956,-0.0080483224,0.0040366777,-0.0120808094,-0.0154255208,-0.0113970123,-0.0079714993,0.0006861633,-0.0111013343,-0.0078819906,-0.0054734317,-0.0132682130,0.0098815944,-0.0250841062,-0.0012111514,0.0297300474,0.0255913493,-0.0266567813,-0.0164366771,-0.0114979134,0.0232899811,0.0064116323,0.0053030261,-0.0117915838,0.0085914340,-0.0039742906,0.0197397877
163.0000000000,-0.0146153315,-0.0033885162,0.0034675365,-0.0040193757,0.0103259176,-0.0073594747,0.0238141521,0.0126556168,-0.0077122859,-0.0170742179,0.0120576617,-0.0076516557,-0.0097022547,-0.0038955074,0.0004269330,-0.0101078012,-0.0018931911,0.0057041776,-0.0013198460,-0.0205999591,0.0047325001,0.0133891373,-0.0015211427,-0.0275288742,0.0072020574,-0.0193559988,-0.0254169791,-0.0061404725,0.0064661839,0.0103477288,-0.0187943575,-0.0083300047,0.0139347373,0.0184591791,0.0028000396,0.0201973411,0.0117457930,0.0130003031,-0.0090420947,-0.0125743926,-0.0152305140,-0.0124089104,0.0023315836,0.0137239122,0.0070431323,-0.0096653884,-0.0008200757,-0.0075773687,0.0340090480,-0.0049617227,-0.0002132830,0.0066063935,0.0264340172,-0.0146909230,0.0039345875,0.0023091434,-0.0171194145,0.0335527157,-0.0187452374,-0.0146628048,0.0266722223,-0.0037274660,0.0201917548
164.0000000000,-0.0326205539,0.0040153547,0.0086902716,0.0027757026,0.0166680020,0.0082407780,0.0057018594,0.0017543531,-0.0008320978,-0.0221222459,0.0159998255,0.0099258583,-0.0181283757,0.0029553961,0.0042578961,-0.0110122581,0.0095003873,0.0015954561,0.0249795500,-0.0208002143,-0.0007618068,0.0008282715,-0.0115336495,0.0064518801,0.0051510016,-0.0176827166,-0.0039427006,0.0010750549,0.0196709922,0.0143384129,-0.0148363816,-0.0024770277,0.0013556610,0.0309424792,0.0096198596,0.0162065886,0.0041574757,0.0003429632,-0.0141483920,-0.0137390203,-0.0034722247,-0.0038020208,0.0208696302,0.0118053178,0.0052452405,0.0076802869,-0.0015003419,0.0029771575,0.0196571536,-0.0155972185,0.0001738939,0.0328111171,-0.0055620598,-0.0098650596,-0.0200519287,-0.0039384269,-0.0016434613,0.0262021166,-0.0147855759,-0.0027357823,0.0060292413,-0.0137609710,-0.0022097742
165.0000000000,-0.0083565732,0.0107442985,0.0099584967,-0.0094417998,0.0359585374,-0.0138027176,0.0169767949,0.0175123375,0.0196442013,-0.0128818902,0.0059908068,-0.0180309143,-0.0086169471,0.0050406001,0.0030801993,0.0212147110,-0.0234571051,-0.0114227279,-0.0090425161,-0.0057235412,0.0205320888,0.0276438584,0.0002752922,-0.0085269142,0.0290340537,-0.0091182596,-0.0113493159,0.0104778735,0.0135897147,0.0407477372,0.0009229157,0.0187164572,0.0229759575,0.0050005298,0.0124639824,0.0204356512,-0.0082924961,0.0089238389,-0.0168753900,-0.0288971076,0.0097022516,-0.0176130399,-0.0057775856,0.0279070288,0.0033881631,-0.0034318888,0.0019737272,-0.0181016463,-0.0075724568,-0.0163272290,0.0034876065,0.0163455057,0.0221967288,0.0178554511,-0.0153802308,-0.0268729394,-0.0070110748,0.0091341252,-0.0124997503,-0.0123191361,-0.0076820995,0.0055271771,0.0175824128
166.0000000000,0.0066974969,-0.0110027142,-0.0006841954,0.0171658361,0.0124268209,-0.0102788273,0.0150911200,0.0055988430,-0.0066113209,-0.0346476312,0.0271819083,-0.0038377229,-0.0200803828,-0.0268829325,0.0016733039,0.0208034090,-0.0200597205,-0.0065852369,0.0181568173,-0.0155493453,0.0145719285,0.0048399711,0.0106932813,-0.0015720290,0.0078923593,0.0163362103,-0.0159990889,0.0056047301,0.0308382682,-0.0042066262,0.0135866325,-0.0055778102,0.0222130549,0.0249467152,0.0138990878,0.0110709208,0.0038705668,0.0120293216,0.0115951369,-0.0333639152,-0.0097921928,0.0157828169,0.0050447916,0.0234425326,0.0127144433,-0.0057897514,0.0012940757,-0.0007887832,0.0052627233,0.0008803550,-0.0058081580,0.0246941194,0.0099929368,-0.0096563063,-0.0170262770,-0.0040853729,0.0197899155,0.0206897394,0.0022601527,-0.0181952525,0.0121069332,0.0267141256,0.0197886389
167.0000000000,-0.0290174770,0.0014064999,-0.0156926503,-0.0016235138,0.0327114575,0.0173980324,-0.0028759062,0.0087993835,-0.0063040404,-0.0272784367,-0.0076937892,-0.0023338996,-0.0042132858,-0.0078743251,0.0007558888,0.0209631828,-0.0222027636,-0.0077166393,0.0161543744,-0.0159715598,0.0389273101,0.0033402835,0.0005374406,-0.0054894221,0.0033433576,-0.0099639818,-0.0124013426,0.0044695634,0.0034962797,0.0098780435,0.0030565807,0.0055358837,-0.0035468422,0.0136116265,0.0091009686,0.0018031903,-0.0022374633,0.0064198075,-0.0083095803,0.0016004456,0.0014845262,0.0030046861,0.0126627894,0.0113782036,0.0028656276,-0.0003901520,-0.0125968660,0.0029600828,0.0241197660,-0.0150475473,0.0080272414,0.0394837720,0.0206509660,0.0018567589,-0.0071354135,-0.0053659704,0.0031929665,-0.0053347442,0.0121954413,-0.0020986374,0.0090982864,0.0080010369,0.0024920612
168.0000000000,-0.0276721156,0.0110924760,0.0016444184,0.0258309151,0.0638016214,0.0048781132,0.0074584935,0.0191214084,0.0058873704,-0.0308937678,0.0368472636,0.0233036432,-0.0227004539,-0.0058432382,0.0090342471,0.0022393641,-0.0008750999,0.0022608557,0.0100854736,-0.0038376810,0.0222823926,0.0157860237,-0.0235551190,0.0021786405,0.0100264252,-0.0208633358,0.0020125433,0.0185671776,-0.0100041863,0.0238106597,-0.0046219030,0.0033887599,0.0106635597,0.0194335921,0.0346758007,0.0118906153,-0.0027185905,0.0095766104,0.0140081530,-0.0305476857,-0.0133156381,-0.0037170541,-0.0099053634,0.0095969337,0.0062014056,0.0067397146,-0.0019619107,0.0033759499,0.0253201730,-0.0100625288,-0.0108495185,0.0461339301,0.0104524861,0.0001291863,-0.0139581459,-0.0200385193,-0.0181655662,0.0195286018,-0.0214828800,-0.0132394315,0.0149990935,0.0150961145,0.0076537096
169.0000000000,0.0091845503,-0.0174665749,0.0005485518,0.0104197558,0.0044404498,0.0215823334,0.0026788541,0.0134047688,0.0034419675,-0.0354601686,-0.0139400677,0.0067603064,0.0055807641,0.0222322002,0.0064814100,0.0100671897,0.0223684903,0.0009086736,0.0152639542,0.0236857128,-0.0112657298,0.0104568195,0.0101738580,-0.0221094137,0.0095703708,0.0237471645,0.0084202405,-0.0131553382,0.0078228470,0.0012875803,0.0236438874,-0.0053988348,0.0053823377,0.0274359039,-0.0157384292,-0.0056044386,-0.0189994511,-0.0178202252,0.0085944296,-0.0178211744,-0.0011402423,-0.0119459443,-0.0060095478,-0.0152284209,0.0066827179,0.0018106907,-0.0019436727,-0.0204054526,0.0200944650,-0.0022488747,-0.0194004222,-0.0059459162,0.0121755720,0.0138256121,0.0029851953,-0.0043773790,0.0288319688,-0.0113634950,-0.0079806357,-0.0055001972,0.0115000286,0.0137569055,0.0006252825
170.0000000000,-0.0147787997,0.0099581546,-0.0002670828,-0.0201508400,0.0484790767,0.0082484073,0.0223790787,0.0140471191,0.0123756278,-0.0286149334,0.0241756798,-0.0090750975,0.0067355541,-0.0182296184,-0.0090818193,0.0419226509,-0.0402413840,-0.0156584883,0.0382806904,-0.0233291054,0.0175461828,0.0194823221,0.0059197140,-0.0139326097,-0.0107457331,-0.0272049736,-0.0004707376,-0.0048208695,0.0140697483,0.0213040422,-0.0172886207,0.0033182891,0.0189995948,-0.0179865750,0.0159178926,0.0333924682,-0.0080246716,0.0028069393,-0.0144391127,-0.0028288592,-0.0031400084,-0.0059523620,-0.0076931745,0.0174280563,-0.0002820867,0.0105832417,-0.0275124207,-0.0028580214,0.0224555931,-0.0316398641,0.0030266153,0.0217603666,0.0306131840,0.0014448799,-0.0117173060,-0.0043373914,-0.0170371953,0.0335033404,0.0115385453,-0.0315338803,0.0048770862,-0.0047130774,0.0318432237
171.0000000000,0.0100855351,-0.0025253241,-0.0177295980,0.0037448998,0.0384812118,0.0249332944,0.0029094352,0.0079683513,-0.0023397120,-0.0208217992,0.0321018379,0.0024617960,-0.0247400187,-0.0139507983,0.0185308269,0.0186500406,-0.0308828508,0.0007262994,0.0125855130,-0.0006950780,0.0239720607,0.0209870720,-0.0162322240,0.0150170597,0.0199582882,-0.0007602835,0.0030266710,-0.0079472555,0.0187135866,0.0179199220,-0.0404014926,0.0239109448,0.0052366905,0.0223684330,0.0085487092,0.0157784540,-0.0140572624,0.0109983013,-0.0018383575,-0.0167677807,0.0010569385,-0.0153942387,-0.0060993882,0.0101897792,-0.0132124558,-0.0042173954,-0.0071921707,-0.0174285839,0.0056317940,-0.0268214679,0.0124955353,0.0180301757,0.0018448111,0.0074363428,-0.0184290292,-0.0112291093,-0.0264389242,0.0130831328,-0.0056882122,-0.0501569063,0.0335885646,0.0172452408,0.0151247595
172.0000000000,0.0002220251,-0.0021444138,0.0021414372,0.0256687108,0.0140840819,0.0044808713,0.0130569799,0.0127446260,-0.0075833877,-0.0045803412,-0.0122796457,0.0004798433,0.0322645367,-0.0123949732,0.0213338028,0.0032230140,-0.0139939133,0.0085832138,-0.0241938187,-0.0049420685,0.0163923197,0.0087121712,0.0051987865,-0.0046145005,0.0166468804,-0.0046146298,-0.0015845102,-0.0183412983,0.0002625224,0.0038691458,0.0112042732,0.0088769863,-0.0025780988,-0.0263647097,-0.0086541578,-0.0184594136,0.0195523521,0.0035674594,-0.0179903636,-0.0144171576,-0.0093513414,-0.0103889254,0.0016691266,0.0218681833,0.0146939237,-0.0103356908,-0.0056016758,0.0052354690,-0.0047242417,-0.0092810810,-0.0101382463,0.0049915252,0.0131461961,-0.0353756076,-0.0001565064,0.0010790249,0.0187298977,-0.0036896417,0.0064587632,-0.0224934738,-0.0040386905,-0.0113006081,0.0059989715
173.0000000000,-0.0013495460,0.0304084898,0.0006722977,-0.0103545882,0.0232716776,0.0046850866,0.0245240954,0.0227787318,-0.0120685975,0.0009286093,0.0241538926,-0.0209898641,-0.0151883983,0.0162909434,0.0002549011,0.0418304669,-0.0100182824,0.0270456115,0.0327420396,-0.0180261045,0.0187566851,0.0318393959,0.0148391967,-0.0260815975,-0.0080410256,-0.0081579499,-0.0275447466,0.0050086518,0.0095200936,0.0017844156,-0.0240000873,0.0044095648,-0.0094534235,0.0069423461,-0.0102258499,-0.0045075118,-0.0143528773,-0.0047238761,-0.0100423132,-0.0246425560,-0.0060910845,-0.0160130336,0.0006123542,-0.0227549795,-0.0052583064,-0.0124564694,-0.0179366480,-0.0021761336,-0.0028563626,0.0039102517,-0.0049134760,0.0266065087,0.0057496039,-0.0231112199,-0.0025603567,-0.0143940629,0.0030314843,0.0202233957,0.0060979779,-0.0170076693,0.0268406634,-0.0048954022,0.0099228663
174.0000000000,-0.0276458230,0.0412258598,0.0055129244,0.0074460712,0.0379911918,0.0008873314,0.0172531531,0.0044950024,-0.0093740784,-0.0247029126,0.0122230385,-0.0035198470,0.0091308215,0.0052948872,-0.0024504175,0.0385691578,-0.0188729666,0.0202540545,0.0036669980,-0.0304020041,-0.0187659288,0.0074288907,0.0027783379,-0.0033493864,0.0209694855,-0.0089902807,-0.0012792945,-0.0076916881,0.0047795969,0.0068642799,0.0028323597,0.0161845683,0.0062605821,-0.0021042945,-0.0162789332,-0.0130346560,-0.0153949664,0.0191901987,0.0042246930,-0.0151164438,-0.0099751150,-0.0308889555,-0.0021391207,-0.0009699311,-0.0059744715,0.0004520778,0.0038881208,0.0003516340,-0.0050972734,-0.0030581278,0.0190366399,0.0106389041,0.0059115439,-0.0134742502,0.0073718006,0.0048414484,-0.0070402646,0.0021186588,-0.0083566922,-0.0191986603,0.0206031792,0.0176246908,0.0440951369
175.0000000000,-0.0140146843,-0.0235267781,0.0161187836,0.0087648968,0.0150665231,-0.0209995008,-0.0014987222,0.0158955781,-0.0027776472,-0.0207299211,0.0228473065,-0.0006084887,-0.0076055993,0.0119686307,0.0009325584,0.0029822309,-0.0131329498,0.0035184432,0.0239889019,-0.0144294937,0.0164990874,-0.0128743207,0.0030379645,-0.0024551282,-0.0118139559,0.0150657949,-0.0047544098,0.0018317988,0.0035769970,0.0005634980,-0.0157070653,-0.0215329218,0.0036393697,0.0086269044,0.0160011744,0.0209292651,0.0066151693,0.0003251655,-0.0234544374,-0.0132545866,0.0127697646,0.0096918807,-0.0077301770,0.0007471444,0.0022167836,-0.0193058430,-0.0178118637,0.0123560165,-0.0005112250,-0.0079750729,0.0019961178,0.0126509382,0.0077872968,-0.0196628873,-0.0144275162,-0.0099794786,0.0079434223,0.0117071139,-0.0068637733,-0.0201684893,0.0202820211,0.0024809713,0.0201545220
176.0000000000,-0.0105977196,0.0037456495,-0.0109634381,-0.0024779732,0.0263055102,0.0131511558,-0.0022678096,0.0140733758,-0.0122405397,-0.0170307559,0.0101212448,-0.0113784014,-0.0141060238,0.0184062832,0.0019268147,0.0039995007,-0.0269451978,-0.0168339407,0.0086156381,0.0168361572,0.0054460186,0.0127911901,-0.0045983575,-0.0349241394,0.0076047689,-0.0098753961,-0.0206945674,0.0125619817,0.0188130528,0.0140263698,-0.0120253156,-0.0079745093,0.0216754247,0.0192038707,0.0096777773,0.0159845996,-0.0043217803,-0.0062031793,-0.0080896072,-0.0356698770,0.0066264151,-0.0043919089,-0.0031082150,0.0043890635,0.0067963160,0.0011618517,-0.0029909791,-0.0103947919,0.0136121204,0.0072987785,0.0211969120,0.0358204818,-0.0165563417,-0.0114297711,-0.0078389507,-0.0181556517,0.0011833245,0.0240003280,-0.0146006511,0.0012391511,0.0194872098,-0.0021395838,0.0130769897
177.0000000000,-0.0092518350,0.0013459895,0.0047588374,0.0109583994,0.0312227940,0.0089936687,-0.0075047363,-0.0044016945,-0.0229948305,-0.0068013072,0.0252204352,-0.0054774282,-0.0061620313,0.0024828162,0.0077522637,0.0358682035,-0.0089438914,-0.0028281810,0.0171145513,0.0120446408,0.0176521046,-0.0081433394,0.0084763709,-0.0012286226,0.0180372972,-0.0081221725,-0.0063385643,-0.0125686901,0.0059107846,0.0120369084,0.0195518432,0.0047330793,0.0268787504,0.0062292506,-0.0060982362,0.0165414467,-0.0102539182,0.0265742101,0.0019621625,-0.0197991811,-0.0029679494,-0.0201027076,0.0014845112,-0.0052240016,0.0243711681,-0.0235884233,-0.0115965148,0.0017324408,-0.0130445404,0.0013079787,-0.0049548988,0.0221948689,0.0165481026,0.0026704741,-0.0142966144,-0.0145347590,-0.0079482495,0.0144192886,-0.0008251257,-0.0250343017,0.0001476594,-0.0089849180,0.0116841539
178.0000000000,-0.0166999658,0.0073924402,0.0023504393,0.0173357542,0.0875398689,0.0050536214,0.0290831607,0.0085216635,0.0077932979,-0.0322480221,0.0233659637,-0.0195132014,-0.0172842553,-0.0019773919,-0.0116125517,0.0126914195,-0.0181044277,0.0081421718,0.0376790484,-0.0134538258,0.0348428708,0.0191083738,-0.0136582964,-0.0170059967,0.0043336474,-0.0079295843,-0.0228020010,0.0112349655,-0.0087063449,0.0098377854,0.0013568873,0.0098724842,0.0181193787,0.0209246388,-0.0061611000,0.0204984223,0.0178173506,0.0058204435,0.0104443996,-0.0408883377,0.0120656790,-0.0186625263,-0.0029464020,0.0192598052,-0.0013556768,-0.0058485282,0.0226886388,0.0223558196,-0.0194123228,-0.0187337500,-0.0224505871,0.0291235834,0.0139451021,-0.0176167844,-0.0289998560,-0.0250197897,-0.0149313710,0.0070911011,-0.0035667313,-0.0342389924,0.0060239749,0.0046275083,0.0234714132
179.0000000000,-0.0110530761,0.0032965317,0.0205377705,0.0301747841,0.0246561707,0.0085322748,-0.0053180912,0.0184870020,0.0048883500,-0.0119781922,0.0368164156,0.0001169469,-0.0020425617,0.0190876389,0.0029152637,0.0172925138,-0.0289101291,-0.0021355031,0.0217823130,0.0016776894,0.0037912184,0.0164536223,-0.0021095099,-0.0104681622,-0.0052236893,-0.0113824859,-0.0315491825,0.0009622052,0.0226735331,-0.0047205278,-0.0031239249,0.0151723679,0.0218270617,0.0273467251,0.0134791844,0.0220993127,-0.0007808376,0.0111001588,0.0118929337,-0.0520594343,-0.0022421651,-0.0116947908,0.0273286496,0.0040912584,-0.0220285113,0.0040275945,-0.0017010824,-0.0223730924,0.0000718108,0.0071426799,-0.0012503482,0.0280635252,-0.0047509239,-0.0011475699,-0.0208167006,0.0001958565,-0.0036201845,0.0255349199,-0.0118452993,-0.0265429896,0.0257535715,0.0163584429,0.0287497399
180.0000000000,-0.0292432259,-0.0125818313,0.0157943586,0.0144934366,0.0541803175,0.0105581028,0.0183981908,0.0134500286,-0.0067937578,-0.0379948728,0.0087898028,0.0021107690,-0.0116590186,-0.0069278119,-0.0090784957,0.0354271039,-0.0090151115,-0.0153595868,0.0127702729,-0.0258822589,-0.0035482471,0.0250433756,0.0139022260,-0.0047117229,0.0250499113,-0.0282008780,-0.0379645622,-0.0002409400,0.0014684008,-0.0029629198,0.0074141388,0.0110382462,-0.0110928598,0.0160577193,-0.0008592715,0.0047995466,0.0105710826,0.0265985277,-0.0036920161,-0.0402992897,-0.0006761932,-0.0251892750,0.0274842912,-0.0179668903,0.0049673112,-0.0039363701,-0.0213864861,0.0083050050,0.0267820390,-0.0224714797,0.0049045370,0.0237646756,0.0104439730,-0.0157999010,-0.0040453685,-0.0126665586,0.0050921373,-0.0005265151,-0.0192776948,-0.0147014076,0.0153132875,0.0003137568,0.0050351508
181.0000000000,-0.0073564066,0.0010543119,0.0049185661,0.0176417503,0.0390348303,-0.0175936622,0.0042106991,0.0225090273,0.0095098533,-0.0466149682,0.0309028766,0.0093379869,-0.0194727051,0.0106826895,0.0075657947,0.0373481969,-0.0126861952,0.0063091285,0.0284093219,-0.0062144403,0.0188472440,-0.0013394567,-0.0173938836,0.0085902161,0.0237867309,-0.0008905945,-0.0225823849,-0.0008060556,0.0092551983,-0.0053047532,-0.0201268955,0.0049244162,0.0073561080,0.0267273040,0.0218340063,0.0129212476,-0.0119757829,0.0026678675,0.0040969873,-0.0403914705,0.0042066689,-0.0026000471,-0.0052937243,0.0139756322,-0.0107722072,0.0001182887,-0.0106591797,-0.0128267551,0.0218699590,-0.0199539600,0.0010109489,0.0289639696,0.0093121693,-0.0053130865,-0.0098308383,-0.0117458676,0.0031620276,0.0298816087,-0.0004013650,-0.0343786784,0.0162283433,-0.0021960568,0.0144901450
182.0000000000,-0.0222860327,0.0133586084,0.0101690656,0.0045073309,0.0285476189,0.0094638966,0.0082756776,0.0000811759,0.0116185224,-0.0155017165,0.0083280370,0.0005338830,0.0104350443,-0.0031999719,-0.0049231240,0.0050521583,-0.0049233348,-0.0017170929,0.0259908835,-0.0070709603,0.0119935841,0.0156732315,-0.0032803094,-0.0097476457,-0.0068762070,0.0098055205,-0.0032200757,-0.0052118488,0.0006693140,0.0204520616,0.0017979945,-0.0166001766,-0.0009402745,0.0193273538,0.0180314924,0.0046351636,0.0139311896,-0.0123813186,0.0156618868,0.0001315761,0.0127008448,-0.0399919194,0.0126824571,-0.0041117676,-0.0049027231,-0.0132111276,-0.0154164474,0.0142847740,0.0005124097,-0.0074063635,-0.0200748492,0.0210768541,0.0001306049,-0.0007298609,-0.0095931185,-0.0210248035,0.0083596474,0.0236313487,-0.0056242535,0.0033602249,0.0207066618,0.0088098088,0.0005393089
183.0000000000,0.0056182618,-0.0026234839,-0.0063253538,0.0031952920,0.0098129673,0.0152058345,0.0139413392,-0.0175648044,0.0196434283,0.0058098685,0.0166590065,0.0086874920,-0.0093954274,0.0196864522,0.0007180332,-0.0026191427,-0.0266840678,0.0032596640,0.0159584340,-0.0172320368,0.0209494707,0.0030114708,-0.0025683398,-0.0015372527,0.0155262802,-0.0294841449,-0.0430068494,0.0096243130,0.0164856356,-0.0136016430,-0.0384673216,-0.0077321769,0.0190386241,0.0254572631,0.0157968125,0.0043385965,-0.0171542822,0.0192071818,-0.0150846354,-0.0355706073,-0.0165150629,0.0022282399,0.0109742311,0.0075300755,-0.0028324325,0.0062706526,-0.0085250306,0.0048918574,0.0056375624,-0.0064862440,0.0023258063,0.0345412604,0.0048778846,-0.0145930536,-0.0131374257,-0.0017585321,0.0027416746,0.0259617058,-0.0147501863,-0.0014149229,0.0185708957,-0.0075439406,0.0212723977
184.0000000000,-0.0100413287,0.0250332270,0.0023455982,0.0162252757,0.0481304089,0.0060851776,0.0131864322,-0.0069470864,-0.0013909345,-0.0175857677,0.0270515186,0.0066898971,-0.0069309736,-0.0029165867,0.0092460636,0.0212279598,-0.0040881559,-0.0082940695,0.0121176052,0.0099948078,0.0093745083,0.0059009590,-0.0025491365,0.0021357870,-0.0120336073,-0.0196839122,0.0053475099,-0.0174409635,-0.0048545937,0.0191542802,-0.0146190575,0.0029891923,0.0162080443,0.0041894205,-0.0019151429,0.0197594042,-0.0205906444,0.0181784883,0.0174085474,-0.0283311867,-0.0086912126,-0.0122020142,0.0003537559,0.0211037189,-0.0148482253,-0.0213539418,0.0133646442,-0.0074382617,0.0134037869,0.0010005481,0.0025479398,0.0417226922,0.0069221254,-0.0073489318,-0.0282962197,-0.0107515948,0.0163125453,0.0328115772,-0.0182642112,0.0021412075,0.0105987371,0.0099343754,0.0209559370
185.0000000000,-0.0104179305,0.0119444548,0.0000718256,-0.0268972200,0.0229337142,0.0106440107,0.0062290016,-0.0156577908,0.0025060460,-0.0141704543,0.0320126657,-0.0225757463,-0.0055100286,0.0116875661,-0.0101124719,0.0005000059,-0.0218325702,-0.0058242294,0.0334289764,-0.0083006107,0.0328271437,0.0011526580,-0.0139898660,-0.0358362385,-0.0000792085,-0.0007665376,-0.0063234286,-0.0103496204,0.0013377259,-0.0074546220,0.0115396866,-0.0134935608,0.0015032760,0.0263731262,-0.0042727653,-0.0126541829,0.0121451946,0.0038827752,0.0002814544,-0.0024139585,-0.0192584728,-0.0089621664,-0.0211460558,-0.0027762005,-0.0037846900,-0.0120960937,-0.0206816114,0.0059137469,-0.0091664701,-0.0076178930,-0.0135710833,0.0173520523,-0.0049071569,0.0090581390,-0.0080202638,-0.0155835364,-0.0080621347,0.0048352546,-0.0102535942,-0.0176602957,0.0075453746,0.0020688242,0.0082231106
186.0000000000,-0.0172877674,-0.0050590156,-0.0051429941,0.0037788840,0.0322569497,0.0264094008,0.0159053910,0.0267607976,0.0009376703,-0.0094267244,0.0294245294,-0.0035893793,-0.0349591735,-0.0151114241,-0.0034411869,0.0320652375,-0.0285093567,-0.0166924099,0.0222186324,0.0023690093,-0.0059139320,0.0130878137,0.0023364253,-0.0010098997,0.0211915699,-0.0181037480,-0.0196198567,0.0014190309,0.0141803547,-0.0152176080,-0.0044860408,0.0090284143,0.0055427491,0.0236896150,0.0182376203,0.0075908671,-0.0005822459,0.0129126370,-0.0275110830,-0.0264851484,-0.0040076103,0.0111628299,0.0057683856,-0.0042913180,0.0011213797,0.0085390012,-0.0002176176,-0.0011487778,0.0148007680,-0.0238397373,-0.0236780310,0.0398022511,0.0183288132,-0.0030208308,-0.0280210323,-0.0155742214,-0.0088263220,0.0245702828,-0.0073866216,-0.0379189188,0.0277207175,0.0138499802,0.0375237015
187.0000000000,-0.0119860803,0.0132501082,0.0077333119,0.0133189095,0.0256447076,0.0059491765,0.0277117156,0.0251657127,0.0066644583,-0.0083518995,-0.0029806485,0.0084561793,-0.0076184817,0.0106389559,0.0222164716,0.0164187128,-0.0050961047,0.0135615041,0.0096310707,-0.0079134627,0.0273250532,0.0130667598,-0.0127538575,-0.0127794709,-0.0070691742,-0.0012792306,0.0016494063,-0.0036759439,0.0089359477,0.0035281633,-0.0016050741,-0.0085746907,0.0201718963,0.0036890443,0.0053871494,-0.0162884939,-0.0056231139,-0.0155744395,-0.0013238113,-0.0242309563,0.0040467900,-0.0120258333,0.0237833112,0.0173920301,-0.0062582538,0.0226598141,-0.0205135929,0.0108339638,-0.0012747050,-0.0204198570,0.0072279726,0.0234529438,0.0144191217,-0.0072701328,-0.0133092202,-0.0250693945,0.0000649490,0.0019622760,-0.0025047584,-0.0199812795,0.0164477562,-0.0272150349,0.0113756058
188.0000000000,-0.0177690491,-0.0010878780,-0.0117533824,-0.0063506744,0.0152182533,-0.0017004121,-0.0023540944,-0.0029418878,0.0147153429,-0.0175397488,0.0168739759,0.0241471129,-0.0188372645,-0.0150138859,-0.0075185310,0.0259237628,-0.0084512168,-0.0124804882,0.0106766195,-0.0231601593,0.0232855423,0.0022900358,0.0101767347,-0.0020919411,-0.0054180335,0.0198870651,0.0064285347,0.0087671693,0.0196347189,0.0208312813,-0.0091120351,0.0058963430,-0.0230856530,0.0260540699,0.0033767066,0.0285421257,0.0023165517,0.0051515636,-0.0301094963,-0.0266826204,0.0169210339,-0.0113728894,-0.0038475192,0.0191240488,0.0063245430,-0.0221819393,0.0084131300,0.0042243817,0.0087748410,-0.0290371828,-0.0070397553,0.0071747467,-0.0063781468,-0.0218880074,-0.0019295847,-0.0177656748,0.0152992551,0.0194576113,0.0127160341,-0.0127091079,0.0182549987,0.0056834568,0.0160990969
189.0000000000,0.0024750641,-0.0014638129,-0.0050644946,0.0046951626,0.0596050096,0.0107417926,0.0204276099,0.0100639542,0.0142912334,-0.0081196781,0.0285209660,0.0033654749,-0.0115493560,0.0007533237,0.0237058663,0.0020085238,-0.0436768190,-0.0013608111,0.0212542199,-0.0176404845,0.0401118383,0.0231448937,-0.0089175132,-0.0143068767,-0.0046535508,-0.0049726500,-0.0116137662,-0.0190482776,-0.0121686859,0.0287275126,-0.0077567106,-0.0053506636,-0.0033275431,0.0164410457,0.0145649799,0.0079110025,0.0158052350,0.0050813384,-0.0093590788,-0.0142160590,-0.0049754330,-0.0061650195,0.0044176089,0.0275290798,0.0058799652,0.0120162900,-0.0078039373,-0.0067255316,-0.0018509391,-0.0185674075,-0.0025075524,0.0385273938,0.0113873662,-0.0091484435,-0.0195072427,-0.0329245645,0.0059021706,0.0243901289,-0.0140295238,-0.0100787992,-0.0032247486,-0.0025510246,0.0161098228
190.0000000000,0.0009511763,0.0189149106,0.0079648040,0.0003084575,0.0205218993,0.0179377273,-0.0031347990,0.0117654849,0.0194320763,-0.0133378712,0.0144483622,0.0120408366,-0.0140867983,-0.0064421764,0.0067689362,0.0212694939,0.0133063655,0.0011314907,-0.0005780349,-0.0044120853,0.0053124060,0.0348068348,-0.0256011716,0.0043980345,-0.0248259016,-0.0020950428,-0.0100029149,-0.0154619232,0.0308249620,0.0004893666,-0.0235132269,0.0019788498,-0.0182716219,0.0231751276,0.0032518105,0.0086289741,0.0229633095,-0.0009430538,-0.0040313753,-0.0161094925,-0.0296526838,-0.0124350733,0.0159567259,0.0201303442,0.0130469667,0.0042574671,-0.0305524208,-0.0038969718,-0.0126994567,-0.0135366907,0.0021189466,0.0343594111,0.0121365708,-0.0171621773,0.0032165929,0.0018198889,0.0052838416,0.0330383277,0.0070572514,-0.0125771046,0.0190026212,-0.0103822649,0.0163567856
191.0000000000,-0.0071612158,0.0083794617,0.0071946250,0.0251899967,0.0176690176,-0.0161806643,-0.0026037921,0.0032556545,0.0071959270,0.0144138388,-0.0085238551,0.0059263231,-0.0294788388,0.0057339043,-0.0063238736,0.0263144279,-0.0118576452,-0.0164234410,0.0245157661,-0.0065767819,0.0020710825,0.0072655702,0.0008494610,-0.0313498190,-0.0017246446,-0.0042896674,0.0093653442,-0.0117284096,-0.0125084671,0.0119672717,0.0056150336,-0.0055681295,0.0002529447,0.0135027483,0.0119367606,-0.0070149032,0.0114518510,0.0267130581,-0.0032280182,-0.0090024790,-0.0146466689,0.0005744633,-0.0128149094,0.0008747330,-0.0071970067,0.0050298048,0.0200094301,0.0197078479,0.0390430901,-0.0020254449,0.0074717364,0.0142480705,-0.0280628587,-0.0120825627,-0.0155810034,-0.0141304524,-0.0044408681,-0.0123274341,-0.0173395512,-0.0171699138,0.0008832057,-0.0114041168,0.0127660445
192.0000000000,0.0005405680,-0.0140142150,0.0055947611,0.0078326595,0.0446763217,0.0216927931,0.0050681099,0.0171065833,0.0000469068,-0.0203846367,0.0371887668,-0.0063184216,-0.0423910253,-0.0149248823,-0.0110534791,0.0258884163,-0.0613266545,-0.0088680375,0.0304215375,-0.0191433382,0.0142724641,0.0260753302,0.0177487050,-0.0292768275,-0.0218813382,-0.0125422342,-0.0245840946,0.0030733052,-0.0027331685,0.0216125700,-0.0126976831,0.0227963308,0.0092061376,0.0272650202,0.0078590184,-0.0037913080,-0.0004882151,0.0113817555,-0.0186081606,-0.0262300048,0.0064577386,-0.0003520528,0.0169907129,0.0074132822,-0.0029111604,-0.0085123193,-0.0170936846,0.0113607940,0.0137919316,-0.0211851478,-0.0038997718,0.0343785228,0.0048049401,-0.0307330995,-0.0130017487,-0.0256213361,0.0109700649,0.0217529018,0.0039424635,-0.0268635437,0.0198711734,-0.0037597776,0.0253196594
193.0000000000,0.0025581002,0.0085634860,0.0058596082,0.0094133013,0.0216523792,0.0221099150,-0.0010606969,0.0155547016,-0.0018552191,-0.0220086667,0.0014290464,0.0061216766,-0.0063619885,-0.0083453063,-0.0144343544,0.0289665782,-0.0071102220,-0.0104781729,0.0052377354,-0.0229882887,0.0216793231,0.0157790947,-0.0060593247,-0.0115908400,-0.0028398806,-0.0166138961,0.0081597725,0.0109691321,0.0315347690,-0.0116487479,0.0081211649,0.0242791054,-0.0075978841,-0.0123588553,0.0178454649,0.0061117686,-0.0223463419,0.0051706936,-0.0001204719,-0.0116885016,0.0155704224,0.0226677476,-0.0009117909,-0.0015533642,-0.0054214540,-0.0087922115,0.0109329522,-0.0113833597,0.0192009943,-0.0165839678,-0.0075656936,0.0235701225,0.0043321522,0.0040103074,-0.0031208288,-0.0326663504,0.0274000207,0.0086918428,-0.0283054523,0.0074994062,0.0102015919,0.0130971574,-0.0001109477
194.0000000000,-0.0144838455,0.0235323721,0.0200083130,0.0076833912,0.0274940105,0.0007522722,0.0039690956,0.0185115405,0.0050369330,-0.0024057096,0.0196671981,0.0122961634,-0.0234055748,-0.0066609890,-0.0085492757,0.0139342223,-0.0305977740,0.0042663205,0.0126195500,0.0063210524,-0.0045844642,0.0083923684,0.0180239630,-0.0070440239,-0.0126777599,-0.0109077372,-0.0261398040,0.0274000004,-0.0106481040,0.0136154476,-0.0118382487,0.0054976611,0.0114759817,0.0090719407,0.0206792834,-0.0208190371,-0.0068255297,0.0094712118,-0.0025321345,-0.0236833752,-0.0134457748,-0.0232426205,0.0025935971,-0.0108713242,-0.0092057378,-0.0135802484,0.0029313456,-0.0013273465,-0.0025868809,-0.0161842501,0.0064736925,0.0366087626,0.0171947983,-0.0496967630,-0.0056637227,-0.0215946496,-0.0012221932,0.0119567125,-0.0057002074,0.0025374601,0.0266450060,0.0085504171,0.0129123880
195.0000000000,-0.0111585138,-0.0170147043,0.0127532528,0.0116848806,0.0229514885,0.0207454799,-0.0045652998,-0.0002799426,-0.0031675566,-0.0243699161,0.0375322412,-0.0135341190,-0.0316276239,-0.0098514309,-0.0140328975,0.0360720120,-0.0288222603,0.0070193137,0.0249948358,0.0090015211,0.0115083674,0.0106272812,-0.0135125739,-0.0036324349,-0.0197989680,-0.0023047940,-0.0089498606,0.0020754350,-0.0180121833,-0.0051630937,-0.0122838804,0.0162316073,0.0285363524,0.0008804918,0.0006861384,0.0240345754,0.0215479442,0.0283277359,0.0171122601,-0.0338786024,-0.0281116143,-0.0199177466,-0.0198161473,0.0188474602,0.0083889921,0.0224745184,-0.0002111590,-0.0029089660,0.0014448784,-0.0177263205,0.0126557179,0.0240810761,-0.0221050166,-0.0122732996,-0.0098303600,0.0024907704,0.0123599865,0.0081404358,-0.0115516637,-0.0286933165,0.0061053817,0.0069201125,0.0119661146
196.0000000000,0.0148323663,0.0024949183,0.0112258443,0.0031467091,0.0281097981,0.0161879765,-0.0074107774,0.0278985122,0.0201577437,-0.0005903309,0.0125859214,0.0031007086,-0.0122285239,0.0074694788,-0.0013129927,0.0347532606,-0.0051702306,-0.0033800381,0.0433599551,0.0085984571,0.0234130754,0.0014758810,-0.0237425058,-0.0168661665,0.0272366382,-0.0151234708,-0.0128809528,0.0006406956,0.0058224807,0.0082752507,0.0153816971,0.0114059502,0.0106030416,0.0046237722,0.0074514129,0.0029415249,0.0094354809,0.0103914709,-0.0081593235,-0.0118683499,0.0007181094,0.0008258839,0.0146955840,0.0080509084,-0.0035801764,-0.0144215017,-0.0024405333,0.0001064872,0.0174145406,-0.0022717357,0.0151717513,-0.0031416992,-0.0192982754,-0.0382829381,-0.0149994923,-0.0148033432,0.0071392312,0.0024948950,-0.0044599637,-0.0110558716,-0.0029017861,0.0151941092,0.0026972000
197.0000000000,-0.0229521179,0.0077955423,-0.0210977841,-0.0151269564,0.0441143470,0.0267223463,0.0212961516,0.0104984128,-0.0084599398,-0.0227638702,0.0083787201,-0.0114066990,-0.0037966523,-0.0154311170,0.0278735968,0.0509894302,-0.0267499325,-0.0042286295,-0.0058057275,-0.0012575598,0.0098111578,0.0122767272,-0.0152950143,-0.0113958719,0.0222460640,-0.0152411169,0.0027738287,0.0091199396,0.0150146922,-0.0055155537,0.0009318432,0.0004729536,0.0063638125,0.0256406382,-0.0076786463,0.0102788418,0.0004393362,0.0376902778,-0.0062661081,-0.0464710637,-0.0078360100,-0.0382290007,-0.0137771362,0.0008847627,0.0011555195,-0.0148789011,0.0049792028,-0.0076148489,0.0104742677,-0.0165988091,0.0225866941,0.0168101365,0.0006458088,-0.0188823711,0.0037508556,-0.0094779271,-0.0122239383,-0.0064617320,-0.0215812183,-0.0032479807,0.0146207472,-0.0024594176,0.0280991006
198.0000000000,0.0005917780,-0.0018470365,0.0135218784,-0.0073554584,0.0126462630,0.0075789504,0.0203298661,0.0189625462,-0.0031487930,-0.0213639617,0.0250986487,0.0113749117,-0.0268284570,-0.0099716291,0.0133706183,0.0246006721,0.0060387633,0.0020520088,0.0107688389,-0.0058449435,0.0100956908,0.0120521667,0.0198824065,0.0111351314,0.0065065238,0.0328540298,0.0186572026,-0.0108121807,0.0115285961,-0.0161165221,0.0213381053,0.0050253146,0.0199661806,0.0308308423,-0.0098337107,0.0161838803,-0.0003376353,0.0288838172,-0.0091719560,-0.0297148223,0.0001017392,0.0213213667,0.0037661938,-0.0020488794,-0.0042835874,0.0118845195,-0.0130097792,-0.0216999510,0.0094705947,0.0046916413,0.0195831972,0.0070220295,0.0339530171,-0.0176194165,-0.0088803791,-0.0009343707,-0.0047147573,-0.0128771144,0.0076918879,-0.0099895949,0.0186343273,0.0247151306,0.0091536872
199.0000000000,-0.0020413215,0.0076048975,0.0283034229,0.0071605118,0.0397757550,0.0352244534,0.0154863017,0.0089409514,-0.0006311322,-0.0264145481,-0.0010039981,0.0018689329,-0.0243896272,0.0048720981,0.0125855386,0.0271179037,-0.0186157851,0.0033715194,0.0052025466,-0.0052465873,0.0199639291,0.0394598477,-0.0003622877,-0.0239325353,-0.0000161167,-0.0216545112,0.0074336221,-0.0090148262,0.0042821215,0.0034142651,-0.0302974822,0.0093298723,0.0103155488,0.0102937755,0.0233611333,0.0172502939,0.0087376679,0.0178619681,-0.0122419986,-0.0135421212,-0.0171260757,-0.0271899711,0.0003772045,0.0137761078,-0.0118613639,0.0055009424,0.0215236680,-0.0117660221,0.0398134901,-0.0301838186,0.0106995267,0.0129415945,0.0088038823,-0.0007620148,-0.0344050126,-0.0102843487,0.0222038761,0.0090965706,-0.0084064381,-0.0372440671,0.0217782328,-0.0001162434,0.0117051519
200.0000000000,-0.0041534774,0.0069236310,0.0256478591,0.0014580361,0.0294462228,0.0125338422,-0.0015810761,0.0114239602,0.0134684983,0.0024743250,0.0316317448,0.0136073535,-0.0066311734,-0.0011790568,0.0008115620,0.0068166788,-0.0054831016,-0.0065926949,0.0019943953,-0.0013646880,0.0134059395,0.0354759719,-0.0020630698,-0.0200464055,-0.0304184936,-0.0144224917,-0.0136034933,-0.0049640559,-0.0002806608,0.0243673101,-0.0007884634,0.0045257484,-0.0143222686,0.0104075864,0.0111860621,-0.0008095584,0.0072166684,0.0228758269,-0.0024933812,-0.0255978692,-0.0163940702,-0.0179296289,-0.0099445563,-0.0002197016,0.0093669410,0.0055484468,0.0002730892,-0.0100726585,0.0118517206,-0.0038482951,0.0072534687,0.0481372514,0.0078189003,-0.0055311264,-0.0240969701,-0.0139535451,0.0103266288,0.0000706621,-0.0210368112,-0.0271452648,0.0031637553,0.0052978921,0.0134998552
201.0000000000,0.0182735196,-0.0034906599,0.0135591821,0.0103049713,0.0591220734,0.0060531570,0.0096123526,0.0059523154,0.0132017471,-0.0269416825,0.0271869192,0.0109183975,-0.0171532953,0.0177153394,0.0100082701,0.0177199237,-0.0179052741,0.0153947580,0.0045179211,-0.0242053353,0.0220007220,0.0199148123,0.0242571123,0.0015929035,0.0096838867,-0.0115406915,0.0183329784,0.0315623982,-0.0118609226,0.0100499939,-0.0022447537,0.0088592444,0.0092559196,0.0091370908,0.0277609002,-0.0071911279,0.0079903727,-0.0024823641,0.0090879146,-0.0293176141,0.0077099180,-0.0121076250,0.0099663032,0.0387810902,-0.0008425007,0.0049697478,0.0014925656,0.0140342723,-0.0021151504,0.0110978376,-0.0035520523,0.0177741141,0.0281909690,-0.0037115092,-0.0042041558,-0.0060201095,-0.0046035380,0.0187113556,0.0112912161,-0.0040260294,0.0234087418,0.0035425636,0.0041486265
202.0000000000,-0.0160612290,0.0034927475,0.0399174849,0.0182574721,0.0595662116,-0.0100518462,0.0080390429,0.0201757046,-0.0015673319,-0.0208826381,0.0126028630,0.0128667016,0.0046922569,0.0013856466,0.0075891117,0.0243758159,-0.0127185658,0.0028562571,0.0067876120,-0.0084834706,0.0343963941,0.0165982377,-0.0061095058,-0.0143519882,0.0097873895,-0.0205027709,-0.0238191798,-0.0035353566,-0.0080234706,0.0057875484,0.0082648398,0.0038945388,-0.0137257129,0.0356677952,0.0017642418,0.0029182588,-0.0043309253,0.0093438216,-0.0150246555,-0.0212752358,0.0138679361,-0.0050424876,-0.0139561827,0.0092412799,0.0011690326,-0.0123678073,-0.0270305548,0.0035939523,0.0021103931,-0.0284471462,-0.0279619020,0.0386994194,-0.0009432641,-0.0116691743,-0.0153594837,-0.0101760118,0.0071485845,0.0284249283,0.0141571067,-0.0288579496,0.0085134510,-0.0088452042,0.0292539785
203.0000000000,-0.0233427365,0.0176752543,0.0149496516,0.0077358003,0.0459071079,0.0071843708,0.0015006302,0.0185444298,0.0109594630,-0.0078101302,0.0004110842,-0.0094177071,-0.0302757907,0.0172124037,0.0012881009,0.0151576795,-0.0019495184,-0.0011642142,-0.0002669391,-0.0230363212,-0.0064395552,0.0145990777,0.0213652759,0.0052687673,0.0075613310,-0.0184136098,-0.0048896315,0.0093622498,0.0096479343,0.0074610522,-0.0149907758,0.0045036839,0.0104675773,-0.0019344733,0.0125456988,-0.0119574685,0.0000696839,0.0060542695,-0.0004975079,-0.0227259738,-0.0000692186,-0.0100788292,-0.0020807528,0.0102571589,-0.0018009132,0.0057241347,-0.0049195476,0.0070039422,0.0054331228,-0.0207675766,-0.0111165662,0.0071093111,0.0142444618,-0.0169637819,0.0075882641,-0.0024293141,0.0086505507,0.0145695935,-0.0044344085,-0.0148822338,-0.0076725140,0.0109702537,0.0136137338
204.0000000000,-0.0024374288,-0.0175536941,0.0084933317,-0.0061276782,0.0146997621,0.0381666946,-0.0133337564,0.0302507622,-0.0036732159,0.0050218579,0.0031376264,0.0118788999,0.0096049665,0.0030438756,0.0098259732,0.0222058315,0.0007459684,-0.0033396177,0.0255788465,-0.0069892341,0.0052905958,0.0091279765,0.0026577814,-0.0136064290,0.0091052506,0.0012054701,-0.0207103391,-0.0114663356,-0.0024806621,0.0139411841,0.0069878824,0.0171398726,0.0046666560,-0.0032897520,0.0146838689,0.0042172128,0.0169027765,0.0174671041,0.0037044348,-0.0182429898,-0.0188532673,-0.0067144479,-0.0169827417,0.0099615335,0.0004522637,-0.0169985975,0.0114575069,0.0055078865,0.0235250255,0.0014156349,0.0145388485,0.0082218122,0.0052983682,-0.0187445276,-0.0253548543,-0.0034021781,-0.0208473912,0.0149020501,-0.0057828048,-0.0175905160,0.0177871139,-0.0119442202,0.0224293400
205.0000000000,-0.0169658980,-0.0129826461,-0.0014076911,0.0275572145,0.0215508494,-0.0013410485,0.0097763977,0.0009239934,0.0065007454,0.0226463294,0.0089414700,0.0048827272,-0.0001976837,-0.0021034199,-0.0053678515,0.0153646850,0.0207205559,0.0323157854,-0.0156759852,-0.0072259458,-0.0017934958,0.0137050756,-0.0075362873,-0.0130002473,-0.0213977326,0.0001718204,0.0038103082,-0.0037123398,0.0164063261,-0.0002880855,-0.0165693876,0.0216546806,-0.0059951051,-0.0065678512,0.0090334924,0.0058046210,0.0044390708,0.0096369868,-0.0119028302,0.0003388876,-0.0009475655,0.0082342917,-0.0110535575,0.0110469934,0.0031182243,-0.0025257215,-0.0026162683,-0.0082130578,0.0040756513,0.0002571901,0.0118763967,0.0122398342,0.0092326624,-0.0204774607,-0.0281213128,-0.0095865947,0.0022680081,0.0019785735,0.0043080769,-0.0342128393,0.0116776356,0.0185118780,-0.0174020612
206.0000000000,0.0226162596,-0.0012325954,-0.0046718194,0.0187407449,0.0241848713,-0.0080259405,0.0010989375,0.0150759215,0.0209647734,-0.0231959727,0.0404141691,-0.0074141094,-0.0136194646,0.0021333709,0.0026580117,0.0250205341,-0.0055517156,-0.0089681192,0.0378734500,0.0210822014,0.0102982001,0.0213458290,0.0043984070,-0.0067952101,0.0032020747,-0.0031369631,-0.0045808221,0.0203582173,0.0172014349,0.0136291523,0.0111806894,0.0157739203,-0.0121624709,0.0287657274,0.0072155460,-0.0017234395,0.0087478067,0.0075811263,0.0262528142,-0.0050693062,-0.0151471159,-0.0088141919,-0.0033399500,0.0245207780,0.0279210597,0.0032393764,-0.0311538659,-0.0009306024,0.0004049800,-0.0134856618,0.0125650680,0.0316603358,0.0059347962,-0.0039787503,-0.0359451560,-0.0123988135,0.0154127792,0.0303917264,-0.0153079383,-0.0106819766,0.0359285291,-0.0064772789,0.0319054731
207.0000000000,-0.0134360082,0.0047349091,-0.0092393888,0.0059139686,0.0108328425,-0.0175736981,-0.0064511516,0.0093738679,-0.0101759480,-0.0042550335,0.0029723006,-0.0031283027,-0.0080492039,0.0014345859,-0.0013022019,0.0232138132,-0.0277165275,0.0024812984,0.0185572412,-0.0186162648,-0.0006365623,-0.0111346491,-0.0028641914,0.0207166422,0.0076738792,-0.0227452484,-0.0289634242,0.0038991797,-0.0004515891,0.0258018071,-0.0091673477,0.0055775271,0.0375695272,-0.0074938562,0.0028392230,0.0066811628,-0.0205794553,0.0133461721,0.0021401453,-0.0000350376,-0.0064803128,-0.0001206439,-0.0112963129,-0.0123842696,-0.0146879433,0.0153427212,-0.0159920736,-0.0150934107,-0.0060968549,-0.0285673242,-0.0096542153,-0.0108590034,-0.0080489800,-0.0013836311,-0.0005114546,-0.0210131811,0.0069921957,0.0245061894,-0.0001001815,-0.0098454681,-0.0058245806,0.0038652456,0.0041468448
208.0000000000,-0.0166033620,0.0053757601,0.0212494260,0.0337370882,0.0570783111,0.0154234724,0.0071311952,0.0305630929,-0.0095042455,-0.0019716416,0.0355833424,0.0102504518,-0.0211434701,-0.0106835770,-0.0047614141,0.0177359433,-0.0524893199,-0.0010366659,0.0206329124,-0.0213862164,0.0360045956,0.0353608545,0.0009752758,-0.0191468484,0.0037672333,-0.0069637655,-0.0601241983,-0.0022650766,-0.0016328536,0.0153625804,-0.0148475333,0.0094862940,0.0121795968,0.0175751432,0.0049354773,0.0016661526,-0.0118845110,-0.0072564856,0.0065113851,-0.0098863552,0.0176625404,-0.0218665434,0.0193708926,0.0019369457,-0.0063320566,-0.0171042203,-0.0238242449,0.0358337279,-0.0070584800,-0.0350877177,0.0062939785,0.0441879699,0.0087861040,-0.0114037536,-0.0207381179,-0.0263094155,-0.0119758149,0.0229583140,-0.0074062430,-0.0320391220,0.0165243315,0.0053111136,0.0233000753
209.0000000000,-0.0092007092,0.0161165078,0.0005179609,-0.0053530205,0.0015699126,0.0145798896,-0.0048416143,0.0259012108,0.0048645223,0.0045780806,-0.0047669712,-0.0031732877,0.0030280327,0.0016368356,-0.0005460666,0.0107974162,-0.0300960879,0.0077954128,0.0284404380,-0.0134300038,0.0141701348,0.0068125761,-0.0166726342,0.0002543754,0.0152387793,-0.0206762534,0.0138805254,0.0000915927,-0.0068350164,-0.0130008208,0.0037087400,-0.0087648240,0.0161226764,0.0008013443,-0.0273976476,0.0039200035,-0.0085735592,0.0132903720,-0.0028222757,-0.0015182335,0.0107922789,0.0197250159,0.0085110584,0.0143878903,-0.0090006140,0.0012457492,0.0043515912,-0.0101674851,-0.0033399892,-0.0093581348,0.0150400655,-0.0062137133,-0.0050466526,-0.0180366789,0.0107514617,-0.0099464182,-0.0035512371,0.0075503877,0.0000872029,0.0022278848,0.0080916684,-0.0084381452,0.0077646590
210.0000000000,-0.0209280008,0.0026904385,-0.0101105855,-0.0118879551,0.0549726785,-0.0012463500,0.0164458125,0.0346279408,-0.0005349955,-0.0092190853,0.0108772190,0.0118201111,-0.0115761904,-0.0075151299,-0.0074958746,0.0361580433,-0.0275589173,-0.0086440925,0.0069597988,-0.0073186549,0.0118843888,0.0226328309,-0.0057811180,-0.0152638876,0.0087686973,-0.0096707394,-0.0048920177,0.0129123123,0.0107493251,0.0164874755,0.0130790052,0.0108287539,0.0093657255,0.0243958417,0.0223051911,0.0299855084,0.0169960387,0.0107542104,-0.0203830640,-0.0276122876,-0.0128248794,-0.0120563485,-0.0136180998,0.0320876136,-0.0097757181,-0.0109336769,-0.0031356588,0.0066608381,0.0096752100,-0.0161532403,0.0106530805,0.0319022312,-0.0199482689,-0.0278550613,-0.0314352433,-0.0101060231,-0.0165338452,0.0208028156,-0.0280952046,-0.0177566034,0.0316337233,-0.0023068043,0.0101651702
211.0000000000,0.0083760221,0.0105097469,-0.0002779761,0.0151675755,0.0392399796,0.0034596130,0.0077550908,0.0144247772,-0.0157697093,-0.0394524887,0.0242594331,-0.0047187963,-0.0109348773,-0.0012730163,0.0082960841,0.0145279393,-0.0216572745,-0.0044693829,0.0115277943,0.0182997968,0.0248040088,0.0196346767,-0.0027897956,0.0057352431,0.0125451389,-0.0249487123,-0.0216450143,-0.0101196568,0.0010894724,-0.0047015417,-0.0152987419,0.0059114200,0.0215671666,0.0202950041,0.0349605239,0.0132503003,-0.0132027766,-0.0053392718,0.0015263684,-0.0339465997,-0.0044552500,-0.0122752881,0.0019730296,0.0167132193,-0.0223555508,-0.0113345449,-0.0119161763,0.0076046277,-0.0033292583,-0.0190635716,0.0010563895,0.0286000785,-0.0072091242,-0.0000153126,-0.0113317680,-0.0044603823,-0.0111710884,0.0180169958,-0.0107436303,-0.0129702608,0.0102544508,0.0053135514,0.0041103457
212.0000000000,-0.0093299917,-0.0046111047,-0.0201480240,0.0151873622,0.0320712823,-0.0029750018,-0.0040006550,0.0194820128,0.0177598864,-0.0117042096,0.0120132713,0.0104402613,-0.0163959090,-0.0010646067,-0.0049972878,0.0184519494,-0.0243339117,0.0083850492,0.0301985138,-0.0311780044,0.0405270409,0.0246930773,-0.0032255737,0.0282589175,-0.0060825749,0.0025108334,-0.0140616241,0.0059985109,-0.0049892994,0.0040544226,-0.0128554654,0.0230392361,0.0194864189,0.0036881822,0.0097262846,0.0092981458,0.0121129910,-0.0016289960,0.0070462626,-0.0259742363,-0.0079902250,-0.0086907183,-0.0026420343,0.0204068736,-0.0017780642,-0.0307518890,0.0039210508,-0.0034019544,0.0156652058,-0.0345096130,-0.0082854418,0.0204820616,-0.0052888273,-0.0012853801,-0.0109629873,-0.0242048010,-0.0219484060,0.0168243057,-0.0293044722,-0.0228676852,0.0095289975,-0.0041900428,0.0291815695
213.0000000000,-0.0125876136,0.0198137551,-0.0197970597,0.0160652075,0.0167385657,0.0075990082,0.0010356019,0.0220552791,0.0072438116,-0.0167205743,0.0021311566,0.0123785757,-0.0092204757,-0.0003231715,0.0084016833,0.0310290964,-0.0132021462,0.0029576653,0.0228829268,0.0031373694,0.0054020357,-0.0043646821,-0.0055954140,-0.0060849427,0.0324629043,0.0006351276,-0.0051504291,-0.0149340002,-0.0098949348,0.0034005617,0.0009554213,0.0178992655,0.0052484599,0.0024984983,0.0177255804,0.0025808469,-0.0007483728,0.0025855454,0.0047416297,-0.0175238798,-0.0279547148,0.0076463173,0.0022478196,0.0102327262,0.0083637516,-0.0125193029,-0.0064751311,0.0175327491,0.0079744467,-0.0039130500,-0.0049497743,0.0218655238,0.0033328989,0.0041655406,0.0020458353,-0.0083383590,-0.0104840015,0.0124568546,-0.0128111458,-0.0090777557,0.0095239996,-0.0031925520,0.0313640932
214.0000000000,0.0007398244,0.0143706395,-0.0047115381,-0.0033411286,0.0268780861,0.0288593924,0.0147615350,0.0053847751,-0.0090279033,-0.0178312117,0.0108181573,-0.0114229698,-0.0202724578,0.0146768975,-0.0038936817,0.0016289498,-0.0323703126,-0.0074178740,-0.0040807432,-0.0215949983,0.0248435704,0.0114174068,-0.0043663410,-0.0207597147,0.0176493844,-0.0230460702,-0.0141183483,-0.0071552826,0.0078633811,0.0025826601,-0.0130565478,0.0052735869,0.0177767812,0.0023709754,-0.0073805236,0.0171825838,0.0017171599,0.0078162172,0.0021239604,-0.0114078568,-0.0015623951,-0.0000650783,-0.0006044622,0.0215895807,0.0134575952,0.0038560152,-0.0150822432,-0.0054516864,0.0023980696,-0.0205998194,0.0093389162,0.0246728296,0.0309638662,-0.0218549955,0.0003254264,-0.0084319968,0.0202816538,0.0163208099,-0.0131764064,-0.0195245651,0.0246464995,0.0034508094,-0.0252420625
215.0000000000,0.0001759782,0.0080041511,-0.0053475419,0.0253177624,0.0110897287,-0.0044431311,-0.0002388599,0.0194951786,-0.0054036071,-0.0210598987,0.0165589284,0.0313501035,-0.0066487244,0.0105365731,0.0125300493,0.0099209006,-0.0224990857,-0.0117839229,0.0310215441,-0.0265535447,0.0018509109,-0.0032560636,-0.0129085581,0.0110043899,-0.0002778925,-0.0187695413,-0.0266646653,0.0202077497,-0.0011476986,-0.0010245863,-0.0084604110,-0.0158124604,-0.0071858966,0.0107024022,0.0301800012,-0.0051217866,0.0026507105,-0.0106179200,0.0070813256,-0.0246015446,-0.0046714820,-0.0106832319,-0.0016002508,0.0298864536,0.0152270447,-0.0011738049,-0.0297633856,-0.0051967766,0.0056090741,-0.0245495874,-0.0028939337,0.0289091739,-0.0250539675,-0.0075813304,-0.0168823145,0.0029857566,0.0077474704,0.0010464980,-0.0012871045,-0.0269956228,0.0149331036,-0.0092634734,0.0109363933
216.0000000000,-0.0081715310,0.0269922186,0.0091688770,0.0110680059,0.0393864785,0.0026728779,0.0041391147,0.0036921381,0.0106474229,-0.0052170288,0.0190234732,0.0009040100,-0.0190602940,0.0178307249,0.0087094552,0.0252566089,-0.0272019448,-0.0183800851,0.0228794325,-0.0104761495,0.0044250478,0.0143188489,-0.0071302891,0.0053382693,0.0077674197,-0.0204467195,-0.0106595647,0.0096460641,0.0213615602,0.0089451487,-0.0296112560,0.0071993153,0.0270169941,0.0259225742,0.0117271402,0.0133153638,0.0099325148,0.0333293033,0.0013869259,-0.0209433700,-0.0056866659,-0.0107180498,0.0091143932,0.0140282747,0.0097285924,-0.0015820108,-0.0226083823,-0.0082152108,0.0145099427,-0.0219722241,0.0112754774,0.0456144832,0.0026907251,0.0114835561,-0.0170901389,-0.0215363664,-0.0056498000,0.0215548868,-0.0151668903,-0.0336338120,0.0293460262,0.0166498749,0.0191432232
217.0000000000,-0.0100006293,0.0004020859,-0.0059144240,0.0327213693,0.0168125798,-0.0280408752,0.0092743024,0.0076250978,0.0013380118,-0.0293499314,0.0148686863,0.0231522229,-0.0234347444,-0.0134521367,-0.0086017455,0.0037450889,-0.0267667662,-0.0039480345,0.0172816372,-0.0097417799,0.0034768230,0.0252371092,-0.0045290175,0.0068648140,0.0268635308,-0.0262507926,0.0033006006,-0.0006391135,-0.0094885216,0.0154194219,0.0047102227,0.0057420242,-0.0010452605,-0.0041277917,-0.0010604256,0.0044899993,-0.0177771258,0.0214104279,0.0108761280,-0.0422449213,0.0107637772,-0.0095770395,-0.0091072665,0.0206345686,-0.0062331538,-0.0064589051,-0.0076776489,-0.0149484855,0.0127566768,0.0061219251,-0.0187411567,0.0193915527,-0.0057169721,-0.0042876157,-0.0081443014,-0.0214120344,0.0083586780,0.0093800272,-0.0064791718,-0.0102310980,-0.0046166478,-0.0003669824,0.0173136625
218.0000000000,0.0081439143,0.0018762344,0.0119350319,-0.0025094892,0.0276566215,0.0032715927,0.0101841169,-0.0263165736,-0.0015272894,-0.0144369004,0.0163714306,0.0058046249,-0.0031139064,-0.0171060896,-0.0044097479,0.0296759687,-0.0290049479,0.0147938658,0.0061732845,-0.0242411298,0.0109686052,0.0165859132,0.0081553124,-0.0127518616,0.0079296979,-0.0180290629,-0.0095444361,0.0065922963,-0.0072278070,-0.0006564538,-0.0019635084,0.0079631948,0.0189446887,0.0124205631,0.0050684151,0.0022029149,0.0058811317,0.0031524043,-0.0083468825,-0.0131878879,-0.0146384377,0.0013500820,0.0045778880,0.0348213560,0.0000435824,-0.0250541642,-0.0110960797,0.0186146255,0.0175286878,-0.0055496525,0.0041331437,0.0187706942,0.0113917853,-0.0036784132,-0.0010340931,-0.0260505865,0.0257955705,-0.0068395727,-0.0095757797,-0.0096344136,0.0288794895,0.0049905344,0.0150450270
219.0000000000,0.0021053898,0.0240595831,-0.0113717103,0.0096962297,0.0387737048,-0.0024237832,0.0101081413,0.0250715809,0.0043167602,-0.0124844311,0.0063496808,-0.0062499153,0.0041604457,-0.0007877235,0.0018506717,0.0159168863,-0.0423882498,-0.0121478230,-0.0061874124,-0.0080400467,0.0004640547,0.0036434840,-0.0025155877,-0.0212437286,0.0072155266,0.0071652952,-0.0146708097,-0.0090049555,0.0269567896,0.0038657102,-0.0331818156,-0.0075743900,0.0127552939,0.0068105909,0.0051560761,0.0141029673,-0.0123776015,0.0061567298,-0.0093628193,-0.0304376209,0.0097772338,0.0050375475,-0.0217342488,0.0165353068,-0.0072854389,-0.0134589276,0.0026606786,-0.0155062691,0.0252702659,-0.0222810804,-0.0052247961,0.0305554146,-0.0060699933,-0.0136844437,0.0005647075,-0.0183611362,0.0092793493,0.0037536988,-0.0066611002,-0.0267315985,0.0109251761,0.0104569947,0.0117482893
220.0000000000,-0.0119307278,-0.0114509486,-0.0123923875,-0.0105927223,0.0378936536,0.0082533163,0.0254059662,0.0036357729,0.0054461623,-0.0258838320,0.0268186994,-0.0012993804,-0.0052417900,0.0112511689,-0.0047271719,0.0214402270,-0.0118721773,-0.0070433122,0.0058884658,0.0028213062,0.0188600166,-0.0058664554,-0.0027806729,0.0052839971,0.0016258066,-0.0155115301,-0.0001197714,0.0000274452,-0.0140572785,0.0177365956,-0.0170749911,-0.0021905951,-0.0009481417,-0.0005398895,0.0137189275,0.0031019815,-0.0112552485,0.0063022150,0.0169752526,-0.0203507521,-0.0054241405,-0.0039854221,-0.0097997470,-0.0046502493,0.0268061443,-0.0211215093,0.0029365887,-0.0031491759,-0.0119361188,-0.0109881000,0.0027092209,0.0390939133,0.0034389357,0.0144914621,-0.0029149222,-0.0067007626,-0.0078892074,0.0133064811,0.0049221727,-0.0088429570,0.0070330120,0.0019910941,0.0198501794
221.0000000000,0.0131042283,-0.0031678518,-0.0119003943,-0.0339647448,0.0394433297,0.0233356017,0.0152005964,-0.0110729349,0.0004971980,-0.0220526310,0.0347806548,0.0304980423,-0.0276763507,0.0128010546,-0.0178030486,0.0292017772,-0.0169437181,0.0192027278,0.0239216102,0.0092419488,0.0060805873,0.0188212819,-0.0067104157,-0.0062213187,-0.0038733430,-0.0063904146,-0.0074498148,0.0052218585,-0.0084633890,0.0009779895,-0.0260665368,-0.0024295662,0.0022114780,0.0182460049,-0.0165241731,-0.0169604283,0.0057837054,-0.0057917597,-0.0045022182,-0.0276995395,0.0010286719,0.0015825406,-0.0000893028,0.0131577118,0.0000654678,-0.0043900661,0.0232597239,-0.0066847053,-0.0167697061,-0.0100570106,0.0002711489,0.0544669878,-0.0030515651,-0.0024802912,-0.0227382794,-0.0293085912,-0.0098685512,0.0208113539,-0.0234953959,-0.0220047593,0.0173455052,0.0064348453,0.0246045401
222.0000000000,-0.0041710358,0.0078732438,-0.0190329068,0.0136759193,0.0262707479,0.0164702378,0.0118709988,-0.0095511205,0.0173874853,-0.0105588774,0.0143453861,0.0091287603,-0.0156082128,0.0074762264,0.0143126625,0.0107890607,-0.0028171914,0.0161957297,0.0107479725,-0.0088233350,0.0251698856,0.0117383769,-0.0115807806,0.0129461324,-0.0156816076,0.0171313813,-0.0062166730,-0.0146231440,0.0122718248,0.0228821045,-0.0081323275,0.0040791739,-0.0107609769,0.0077871649,-0.0076280016,0.0189728714,0.0132899917,0.0320076883,-0.0024231989,-0.0182008549,0.0115651173,-0.0169096922,0.0116419296,0.0080938312,0.0070809806,-0.0103029988,0.0049097654,0.0034301394,-0.0011832022,0.0098179143,0.0185173278,0.0119217510,0.0094930300,0.0076506570,0.0050764338,-0.0095430706,-0.0171437009,0.0033104869,-0.0081524349,-0.0214786847,-0.0128895659,0.0014438297,0.0157556740
223.0000000000,0.0008337834,-0.0147268696,0.0110059947,-0.0007713447,0.0182677513,-0.0044604028,0.0119980819,-0.0042395065,-0.0124149508,-0.0184205180,0.0090314460,-0.0303765764,-0.0180299175,-0.0131181042,-0.0032021947,-0.0006147849,0.0233464322,0.0025869835,0.0004930648,0.0238399120,0.0076145954,0.0232722203,0.0041830325,-0.0045977840,0.0126482871,-0.0026036432,-0.0012236329,0.0058808389,0.0083955190,-0.0026517600,0.0119677226,-0.0130336720,-0.0060415260,0.0264604640,0.0167746322,-0.0034732094,-0.0002714315,0.0206250336,-0.0117931042,-0.0147010350,0.0142492632,-0.0021389196,0.0017641621,-0.0046788333,-0.0112482604,-0.0020070829,0.0155994593,-0.0096067259,-0.0003396289,-0.0264686784,-0.0000839649,0.0229530316,-0.0022886685,-0.0177153733,-0.0037885164,-0.0240965040,-0.0121457686,-0.0017122361,-0.0323600893,-0.0078153252,0.0206365474,0.0147394465,-0.0023439672
224.0000000000,-0.0136971444,-0.0043326919,0.0284571798,-0.0234586551,0.0286404464,0.0069340652,0.0107996692,0.0271500971,-0.0221536866,-0.0022112580,0.0284838772,-0.0088241824,-0.0113857237,0.0064990226,-0.0051764935,0.0065549501,-0.0343432733,-0.0027239031,0.0115803330,-0.0099723372,0.0272554962,0.0009919112,0.0035803829,0.0012585656,0.0103186916,-0.0349870578,0.0000948409,-0.0069346976,0.0201884217,-0.0006005622,0.0047621177,-0.0012267795,-0.0060643721,0.0013829733,0.0177563572,-0.0177896794,0.0264013368,0.0114051218,-0.0052028527,-0.0099944491,0.0186025202,-0.0114128413,-0.0072756270,0.0048560775,-0.0205660918,-0.0201281845,-0.0237397377,0.0052736103,0.0065963826,-0.0403786011,-0.0013016874,0.0383976494,0.0010101797,-0.0214020791,-0.0145020586,-0.0325201833,-0.0289245540,0.0228467984,-0.0301322219,-0.0091578357,0.0202674329,0.0042510466,0.0212122870
225.0000000000,-0.0318635753,-0.0003046684,0.0171978876,-0.0034505156,0.0402566904,0.0200691688,0.0186269249,0.0421033288,-0.0135237107,0.0148516223,0.0258354241,0.0178889309,-0.0178591467,-0.0215498647,-0.0132655618,0.0231479770,-0.0326971563,-0.0001191131,-0.0158040116,0.0211595275,0.0067718810,0.0108991369,0.0100700858,-0.0014272507,0.0152903971,-0.0299337775,-0.0147202008,0.0085457218,0.0096400060,0.0118130340,-0.0037881854,0.0168402066,0.0151316176,0.0059632810,0.0080472441,0.0177287197,0.0025908847,0.0226177529,0.0154653892,-0.0311857132,-0.0185369540,-0.0250955461,0.0036161046,0.0196292874,-0.0130089329,-0.0161540591,0.0090136341,-0.0051088597,0.0091284857,-0.0414336695,-0.0216097090,0.0358527893,0.0068476266,-0.0312391013,-0.0072797929,-0.0247946676,-0.0150279046,0.0154793306,-0.0167045695,-0.0287831627,0.0145780303,-0.0115988523,0.0204906878
226.0000000000,0.0006041647,0.0042032026,-0.0079446073,0.0046471733,0.0263925295,0.0023526694,0.0127201877,0.0034177241,0.0173456940,-0.0009734424,0.0331622766,-0.0114516927,-0.0283058147,0.0003177043,-0.0077094442,0.0244423994,-0.0106096212,0.0108234896,0.0171213420,-0.0113364612,0.0083029950,0.0087274411,0.0152860663,-0.0115774550,0.0230995964,0.0081242623,0.0052878907,-0.0061752576,0.0000809588,-0.0072615915,-0.0118405402,0.0084399300,0.0030794911,0.0242741439,0.0176890007,0.0077969885,-0.0008469527,0.0272153741,0.0020675834,-0.0153846133,0.0233720885,0.0074606144,-0.0054377049,0.0032787626,0.0000809480,0.0096192042,-0.0351256866,-0.0029778192,-0.0039818138,-0.0370734047,0.0094543351,0.0227088835,-0.0156430478,-0.0126749638,-0.0182839325,-0.0169888508,-0.0060938011,0.0009832510,0.0044897717,0.0039280774,-0.0006334323,-0.0067677687,0.0085518832
227.0000000000,-0.0194166201,-0.0182968402,-0.0198755771,0.0171382952,0.0316159766,0.0031644076,0.0136951070,0.0020435008,-0.0018628204,-0.0248151895,0.0132108156,0.0082412336,-0.0127708241,-0.0224231584,0.0008825688,0.0088613425,0.0197334615,0.0044731783,0.0251163755,0.0134440481,0.0133638713,0.0192754365,-0.0027059653,0.0000799456,0.0194811358,-0.0079502750,-0.0328671430,-0.0075418938,0.0066994487,0.0128174926,0.0136879343,0.0126785036,0.0175510383,0.0153488290,0.0119227697,0.0154108137,0.0033179881,0.0337196126,-0.0201907293,-0.0206429056,-0.0089558736,-0.0195924151,-0.0086146010,0.0018394964,-0.0005993991,-0.0053637121,0.0270609347,0.0044246220,0.0019560922,-0.0027209295,0.0052355495,0.0399325802,0.0023691752,-0.0054249165,-0.0087198214,-0.0021057453,-0.0047749303,-0.0141862509,-0.0036173056,-0.0211751516,0.0142580149,-0.0155673934,0.0260290779
228.0000000000,-0.0275403953,0.0047662465,0.0159474744,0.0027767959,0.0474949606,-0.0131047620,-0.0075938929,0.0147012638,0.0122614095,-0.0294922934,0.0452406410,0.0098880423,-0.0268992192,-0.0114745959,0.0033521494,-0.0143907526,-0.0414390637,-0.0130909807,0.0244724404,-0.0128174753,0.0018731290,0.0176879247,-0.0002159872,0.0015240721,0.0126759541,0.0034994710,-0.0265137254,0.0078297700,-0.0080504159,0.0024598498,0.0002423301,0.0023830732,0.0095380897,0.0005516588,0.0032085290,0.0165858600,-0.0241422607,0.0050184789,0.0219930314,-0.0403356655,-0.0067312575,0.0032132939,0.0135021405,0.0054645277,-0.0035903910,-0.0103274572,-0.0128092928,-0.0156840685,-0.0011820040,-0.0162596504,-0.0090209322,0.0162986799,-0.0063692693,0.0103571852,-0.0359386653,-0.0206086830,0.0040212905,0.0091287885,-0.0079060754,-0.0253121797,0.0295880849,0.0207096981,0.0252949382
229.0000000000,-0.0046083206,0.0070656653,0.0118910673,-0.0013837205,0.0324369638,-0.0025903338,-0.0046648836,0.0040758793,0.0120665121,-0.0014112556,0.0136267127,0.0144369228,-0.0038388676,-0.0081351684,0.0082518450,0.0209575355,-0.0051728768,0.0208648402,0.0252266309,-0.0045092920,0.0110768830,-0.0024028453,-0.0117869851,-0.0193740387,-0.0107405308,-0.0306477255,0.0046095622,-0.0080370596,0.0060159585,0.0165841751,-0.0010666816,0.0109359502,-0.0094064642,-0.0090214771,0.0011665388,-0.0055880405,0.0171040829,0.0241505490,0.0152694333,-0.0187929744,-0.0300391401,0.0004228989,-0.0066694799,-0.0059237575,-0.0054092927,-0.0101455607,0.0045893728,-0.0057778196,0.0214925556,-0.0184175517,-0.0161861297,0.0154871163,0.0243631423,-0.0099474832,-0.0133156986,-0.0123782222,0.0059295817,0.0206291175,-0.0075859345,-0.0068825586,0.0363399866,-0.0033176853,0.0042154464
230.0000000000,-0.0034257015,-0.0146395761,0.0321274815,-0.0121914599,0.0066142523,0.0291929892,0.0244568623,-0.0160194902,0.0100011408,-0.0221823271,-0.0015626509,-0.0119975933,0.0012122804,0.0082363026,-0.0046061071,0.0042567884,-0.0018612456,-0.0000590562,0.0242945474,0.0113058704,0.0105856902,0.0115901449,-0.0133059149,-0.0125483424,-0.0053261405,-0.0167666295,-0.0127093847,0.0046457575,-0.0125229326,0.0107662742,0.0064169268,0.0226724634,0.0105694864,0.0071755700,-0.0009547701,0.0038847706,0.0122836613,-0.0320842849,0.0035001185,-0.0147551292,0.0048276345,-0.0213160879,0.0195352301,0.0116616580,0.0022045050,0.0000311455,-0.0058901040,0.0174995688,-0.0017749155,0.0125195292,-0.0039359400,0.0313406566,0.0007794952,0.0133006044,0.0009828568,-0.0068065560,0.0022821826,0.0249108143,-0.0179993305,-0.0116675548,0.0178571377,0.0093950326,0.0072755172
231.0000000000,-0.0120682741,-0.0020328888,0.0075803283,0.0059094879,0.0151483316,0.0105594687,0.0086645417,0.0045512604,0.0001663502,-0.0076003118,0.0061171936,0.0193509485,-0.0150211110,-0.0136611789,0.0028284711,0.0085913827,-0.0159909548,-0.0197136556,-0.0007235182,-0.0246904608,0.0093705776,0.0170239175,0.0071227031,0.0084194109,0.0042548267,-0.0151443994,-0.0252978761,0.0102029804,-0.0075390481,0.0015868641,0.0061824501,0.0225842613,-0.0159952474,0.0204200356,0.0057358976,0.0181707210,-0.0117050800,0.0186631300,-0.0161272774,-0.0086495025,-0.0034404263,-0.0284458973,-0.0104601905,0.0065388274,-0.0230606817,-0.0210931601,-0.0194999984,0.0004731383,-0.0043423684,-0.0057154153,0.0121932225,0.0580607556,0.0233130623,0.0013072319,-0.0048971282,-0.0161604946,-0.0307054573,-0.0100765226,0.0052191671,-0.0150668163,0.0126538733,0.0101003236,-0.0058928937
232.0000000000,-0.0204770557,0.0026017279,0.0057670447,-0.0118326520,0.0363473862,0.0042469586,0.0063967077,0.0050820966,-0.0062666623,-0.0195685006,0.0144578464,-0.0046172891,-0.0177818853,-0.0169504257,0.0067188535,-0.0098100200,-0.0021106835,-0.0173565622,0.0134051969,0.0216239116,0.0154600302,0.0190369911,0.0047114537,-0.0150049791,0.0118040995,-0.0216036523,-0.0077339021,0.0111570596,0.0074951045,0.0052023413,-0.0058007294,0.0030024053,-0.0094231671,0.0052758491,-0.0022347413,0.0027400636,-0.0051067428,0.0067704393,-0.0086823360,-0.0009538140,0.0161918735,-0.0141775735,0.0014520095,0.0102213058,-0.0036552538,-0.0202713500,0.0016015655,0.0205295939,0.0098156637,-0.0176108871,0.0101634412,0.0352481243,0.0034138873,-0.0084572493,0.0071405805,0.0158309405,0.0047787564,0.0216552704,-0.0183889139,0.0111460912,0.0332644328,-0.0116081068,0.0094493793
233.0000000000,-0.0024502127,-0.0161247058,-0.0032323955,-0.0025457450,0.0480352453,0.0098507402,0.0195987236,0.0209248782,-0.0067638307,-0.0152996236,0.0031769181,-0.0150791500,-0.0304921070,0.0158637460,0.0048603495,0.0300735462,-0.0267999472,0.0185795565,0.0149107165,-0.0181719793,0.0204227376,-0.0139029208,0.0068720061,-0.0068090245,-0.0041377180,-0.0254961197,-0.0033038993,0.0131366749,0.0061194624,0.0048756587,0.0018633977,0.0264943536,0.0155685244,0.0111389801,0.0099901300,0.0081259110,-0.0017102379,-0.0170028886,-0.0154913026,-0.0294944589,0.0080082296,-0.0165863758,-0.0052869405,0.0239016946,-0.0104074329,0.0081606983,-0.0228371512,-0.0080621388,0.0055393982,-0.0055038967,0.0018522852,0.0343350095,-0.0123500775,-0.0096230254,-0.0132781447,-0.0139419371,0.0014331786,0.0153721898,0.0054836690,-0.0097705901,-0.0116915812,0.0152785058,0.0147762415
234.0000000000,0.0093840762,0.0140544736,-0.0007246995,0.0197546135,0.0066250771,0.0160540618,-0.0057930555,-0.0036814088,-0.0082683043,0.0086993992,0.0072797715,0.0316699618,-0.0085225839,-0.0175670401,-0.0212089273,0.0234706238,-0.0135834306,-0.0096677301,-0.0155839117,-0.0122399343,-0.0085398589,0.0090771397,-0.0013463899,0.0115074526,0.0014549765,-0.0050255315,0.0153737745,-0.0134540719,-0.0010448681,-0.0016862647,0.0125702114,0.0099920375,0.0055737018,0.0173835979,0.0058028609,0.0163534043,-0.0070033914,0.0061830621,-0.0107756568,-0.0010653086,0.0131383423,0.0014873199,-0.0040879315,0.0106357843,0.0027833486,0.0186480523,0.0004058651,-0.0063200076,0.0145986165,-0.0118800268,-0.0147023618,0.0095259860,-0.0144819038,0.0037994221,-0.0289033801,-0.0149610825,-0.0037322737,-0.0073674786,0.0114371543,-0.0054133050,0.0050418750,0.0062683841,0.0099958795
235.0000000000,-0.0179586446,-0.0020169863,0.0041393009,0.0216653105,0.0503591163,-0.0011522230,0.0063266052,0.0221602190,0.0103809696,-0.0323198328,0.0182635359,0.0145960658,-0.0212051780,-0.0101344974,-0.0025893107,0.0293195300,-0.0232113484,-0.0024845703,0.0193195828,-0.0218942364,0.0069902046,0.0194716907,0.0207620006,-0.0048458142,-0.0157597916,-0.0070282074,-0.0329711544,-0.0084929456,0.0107574774,0.0039086023,-0.0033074026,-0.0039382792,-0.0039700003,0.0189184953,-0.0122885204,-0.0006578646,0.0070486661,0.0163016686,0.0022307889,-0.0375368155,-0.0049915697,-0.0080111492,0.0025581860,0.0322856115,-0.0054081985,0.0007159914,-0.0172370858,0.0105411556,0.0062089627,-0.0118024974,-0.0222891797,0.0338303190,0.0177547550,-0.0104550803,-0.0189698050,-0.0295133481,0.0155085218,0.0248268709,-0.0038644335,-0.0206755875,0.0166457867,0.0087502447,0.0216411972
236.0000000000,0.0066583895,0.0065194883,0.0175583928,-0.0055363528,0.0413425217,0.0048865524,0.0228728333,0.0128764152,-0.0167579871,-0.0189445448,0.0339099110,0.0005956595,-0.0272779721,0.0080236405,-0.0029647309,0.0155645315,-0.0413862216,0.0092993196,0.0229535137,-0.0080409011,0.0034866851,0.0102426545,0.0026587182,-0.0017355575,-0.0269172366,-0.0029912265,-0.0145647560,0.0218195387,-0.0066564218,0.0106669233,0.0005303963,0.0161342473,0.0036466740,0.0211893948,0.0133716910,0.0227279571,0.0068208356,0.0195958087,0.0058633846,-0.0264642651,-0.0088266888,-0.0262598187,0.0056041406,0.0138781746,-0.0055751307,0.0058522383,-0.0110396537,-0.0017078124,0.0163949242,-0.0235274411,-0.0073707628,0.0411660157,0.0234064251,0.0082852018,-0.0147081749,-0.0422994469,-0.0083769828,0.0056682306,-0.0038856495,-0.0065634077,0.0175973796,-0.0050505026,0.0160492432
237.0000000000,-0.0029143385,0.0166497668,0.0214974617,0.0054312159,0.0309546830,0.0233186202,0.0155036720,0.0173709916,0.0331420961,-0.0210201185,0.0114093745,0.0088577512,-0.0308858258,-0.0050919321,-0.0025115605,0.0233039088,-0.0237417112,-0.0063052077,0.0119761159,0.0071788156,0.0026556411,0.0264482323,0.0052972588,-0.0141136055,0.0076965910,-0.0140810659,-0.0020486731,0.0033212745,-0.0242767477,-0.0205555047,-0.0068278382,0.0078824630,0.0023267468,-0.0032949216,0.0242013148,0.0051905725,-0.0078961680,0.0227531569,0.0041234518,-0.0024335187,-0.0196651406,-0.0018253749,0.0121034453,0.0132700558,0.0099404936,-0.0299422829,-0.0187008199,0.0130881750,-0.0101184371,-0.0140237591,-0.0152128434,0.0308888062,0.0238704667,-0.0191781889,-0.0163189916,-0.0048888503,0.0163830472,0.0239046579,-0.0021989813,-0.0209062969,0.0084316718,-0.0008751647,0.0173033783
238.0000000000,-0.0164131693,0.0132413446,0.0030947331,0.0060846122,0.0475103737,-0.0075390000,-0.0088843811,0.0202468159,0.0011200459,-0.0160019077,0.0286688729,-0.0111869270,-0.0089647135,-0.0014915202,-0.0229820979,0.0262743668,-0.0129018516,0.0042737662,0.0137564654,0.0115540343,0.0210082492,0.0094809338,0.0150168070,-0.0160237343,0.0052450143,0.0024070174,-0.0217023135,0.0003669045,0.0115637241,-0.0047808762,-0.0030952930,-0.0042563286,0.0249607724,0.0331767779,-0.0036895921,0.0115697050,0.0071394799,0.0149482818,-0.0065642607,-0.0108416364,-0.0260835799,-0.0041381407,0.0084107540,0.0289753096,-0.0027562806,-0.0213871043,-0.0046757356,0.0154667056,0.0036723231,-0.0157234156,-0.0021521259,0.0147133575,0.0092382416,-0.0160614961,0.0071939315,-0.0491635478,0.0059132697,0.0154938795,-0.0129824679,-0.0138478930,0.0212973064,-0.0097203099,0.0286342390
239.0000000000,-0.0027364890,0.0255693363,0.0110385314,-0.0049722114,0.0230515196,0.0182570506,0.0001309619,0.0236968551,0.0181567764,-0.0123813902,0.0229039417,-0.0053344593,-0.0208784130,0.0214236849,0.0179526557,0.0312467604,-0.0168460681,0.0045209591,0.0077577919,0.0048855599,0.0460943788,0.0188144509,0.0069434399,0.0002097509,0.0132256376,-0.0257574429,-0.0211489691,-0.0135156813,-0.0033498567,0.0246386755,-0.0089480910,0.0092731924,0.0044638626,0.0321733675,0.0156238185,0.0141557494,-0.0133897222,0.0098218561,-0.0003513473,-0.0251441164,0.0019847434,-0.0100631664,-0.0096823744,0.0267511507,-0.0033874092,-0.0049771094,-0.0262383491,0.0054541637,-0.0091608284,-0.0301191521,-0.0221112659,0.0568093668,0.0258427632,-0.0058629884,-0.0005881128,-0.0561012271,0.0036433201,0.0608866753,0.0047515844,-0.0310580473,0.0055408524,-0.0182116167,0.0085937973
240.0000000000,-0.0146660042,-0.0129836512,0.0085079485,-0.0034458447,0.0663598833,0.0044344862,0.0084835711,0.0185683299,0.0079727983,-0.0117801828,0.0376529704,-0.0035119920,-0.0259283835,0.0063341000,0.0039393922,0.0130696919,-0.0269989056,0.0144129166,0.0348469661,0.0010438899,-0.0009648582,0.0306500308,0.0112508938,-0.0015423388,-0.0140890831,-0.0137484121,-0.0185805655,0.0135641521,0.0202846213,0.0043593050,-0.0002372416,0.0106042207,0.0046320706,0.0264517542,0.0248053485,0.0097494781,0.0021553289,-0.0128946561,-0.0038340295,-0.0223602690,-0.0019591545,-0.0026102658,0.0073286393,0.0122354956,0.0248544891,-0.0147013568,0.0003102438,0.0059630133,0.0037697860,-0.0512339576,-0.0067825374,0.0191618681,0.0022610992,-0.0010702784,-0.0173380009,-0.0107217346,-0.0117677007,0.0274302392,-0.0151590325,-0.0198325311,0.0511683730,0.0080826345,0.0262598272
241.0000000000,-0.0038416028,-0.0056038349,0.0128896690,-0.0240553013,0.0147952953,-0.0128479771,0.0028076724,-0.0115820254,0.0133576502,0.0099252989,0.0150199781,0.0179176466,-0.0263951086,0.0132070637,0.0014319519,0.0039660845,-0.0270549797,-0.0069253390,-0.0222990841,0.0121065090,0.0272849935,0.0130356233,-0.0094316776,-0.0226529714,0.0097860000,0.0055298447,-0.0167895027,0.0085523217,-0.0106681913,-0.0096962025,-0.0173570747,-0.0174448323,0.0246627157,0.0031651616,0.0198265080,-0.0110253283,0.0091873853,0.0073261712,0.0032384809,-0.0062585425,-0.0102432290,0.0008248831,-0.0006811700,0.0064091305,-0.0055942088,0.0094378218,-0.0194807800,-0.0035000517,0.0075066778,-0.0093609138,-0.0010145044,0.0163203203,0.0084038235,-0.0190232292,-0.0239900809,-0.0127563780,0.0048898274,-0.0143765713,-0.0013421488,-0.0042232025,0.0118089312,0.0124945235,-0.0228366548
242.0000000000,-0.0271897172,-0.0104553479,0.0128998644,0.0186060027,0.0174333856,0.0057989126,0.0009287951,0.0347672242,0.0070608340,0.0005805745,0.0103637593,0.0069279437,-0.0017240316,-0.0013135781,-0.0109274372,0.0058109836,-0.0067862198,0.0088508252,0.0150869060,-0.0058346601,0.0072754253,0.0039416582,0.0095522103,-0.0186698534,0.0040679781,-0.0001702088,-0.0033871194,-0.0136206702,0.0085762684,0.0135107940,0.0001549020,0.0026869625,0.0066197232,-0.0006956597,0.0065704891,-0.0061382616,-0.0120598374,0.0163939961,0.0165909092,0.0015640201,-0.0004336821,0.0080211349,-0.0030530612,0.0033267641,0.0034361572,-0.0070802838,0.0202323465,0.0146011686,-0.0114719237,-0.0110100262,0.0223683191,0.0412130425,-0.0031588178,0.0081065459,-0.0144380366,-0.0115589379,0.0062615574,0.0070611793,-0.0144659961,-0.0158568277,0.0116409246,-0.0019728885,0.0096705819
243.0000000000,-0.0006702837,-0.0207144661,0.0037301446,-0.0025805214,0.0246244009,0.0220076060,0.0172087712,0.0103739906,0.0009035500,0.0025326105,0.0144065067,-0.0106591433,-0.0069847076,-0.0106727508,0.0215603720,0.0316268137,-0.0157137042,-0.0029845779,0.0029272930,0.0036143641,0.0091806180,0.0029202503,0.0029564932,0.0159146574,0.0030630413,-0.0041456285,-0.0062432519,0.0021485712,0.0022964497,-0.0054028862,0.0052350348,0.0219387474,-0.0175949842,-0.0098743128,-0.0006652411,-0.0047092191,-0.0029960401,0.0058593554,-0.0053759664,-0.0211249046,0.0024703340,-0.0132321140,0.0009412150,0.0173552879,-0.0013102999,-0.0141078217,-0.0248577094,-0.0249550082,0.0028395048,-0.0238295862,-0.0024334847,0.0390265951,0.0034347718,-0.0131489068,-0.0143883403,-0.0051476036,0.0063183643,0.0066952679,-0.0165160612,-0.0171051636,0.0341892503,0.0070869174,0.0232136720
244.0000000000,0.0005997252,0.0203440734,0.0139610390,0.0115322144,0.0246009095,-0.0092877006,0.0021315257,0.0267557157,0.0003793711,-0.0082339314,0.0287729642,0.0111247056,-0.0156263870,-0.0021318899,0.0146007373,0.0483816232,-0.0096593607,-0.0126818825,0.0198415624,-0.0045068992,0.0090877939,0.0197580693,-0.0203358396,-0.0067512360,0.0265879362,-0.0058494402,-0.0061397023,0.0119919479,0.0109843664,-0.0284027943,-0.0056132634,0.0060361710,0.0020409593,0.0241606889,0.0137398916,0.0064985200,0.0102680810,0.0156959758,-0.0127597545,-0.0272310161,-0.0119731174,-0.0022542385,0.0101616384,0.0139765885,-0.0135442234,0.0014285727,0.0078974880,-0.0006115634,-0.0070683936,-0.0012474979,-0.0104289239,0.0283956648,0.0113327100,-0.0066304217,-0.0040615614,-0.0014607927,-0.0114145447,0.0260166927,0.0060063095,-0.0153017507,0.0212145877,-0.0017548122,0.0304982182
245.0000000000,-0.0186303211,0.0132096730,-0.0066347815,0.0120940159,0.0349127380,-0.0017683331,0.0114707927,0.0068760416,0.0027179311,-0.0119184841,-0.0011940605,0.0080500966,-0.0167466251,0.0112139359,-0.0045704307,0.0062429198,-0.0343509154,0.0009665134,0.0087088266,0.0101278157,-0.0078986160,0.0255348503,0.0038980459,0.0013725846,-0.0036608043,-0.0390179358,0.0025642607,0.0053906430,0.0115352448,0.0170399751,-0.0082597897,0.0159435222,0.0106494723,0.0158545822,0.0051902157,0.0150653645,0.0207752697,0.0162531909,0.0102375594,-0.0331203587,-0.0114092704,-0.0174208026,0.0034966133,0.0193553062,0.0243889282,0.0064152133,0.0042006416,0.0203209459,0.0004849057,-0.0328187709,0.0022825462,0.0198731001,-0.0031401429,-0.0145657863,-0.0118418145,-0.0319255674,0.0159982929,-0.0014401635,0.0044411994,-0.0224669473,0.0189437587,0.0011727109,0.0047298141
246.0000000000,0.0008563255,0.0159054062,0.0100661552,0.0081905511,0.0245945768,-0.0164252889,-0.0234607269,-0.0053361031,0.0004894855,-0.0054510330,0.0069614484,-0.0004992522,-0.0093465255,0.0010588974,0.0245691825,0.0076052899,-0.0335110044,0.0195260535,0.0347142910,-0.0152326236,0.0294914550,-0.0047626869,-0.0204752995,-0.0161643825,0.0030113915,-0.0155700650,-0.0046754072,0.0210654406,0.0167918602,0.0096131188,0.0088355021,0.0079266132,-0.0022317348,-0.0020470062,-0.0127379641,0.0144894465,-0.0049514336,0.0017506698,0.0132735994,-0.0168440489,0.0008713075,-0.0023561824,-0.0143380422,-0.0048518595,-0.0071079494,0.0011016577,-0.0029998653,0.0218248696,-0.0163721517,-0.0203472903,-0.0198993547,0.0176774212,0.0008183841,-0.0134217196,-0.0257883726,-0.0232591503,0.0034613703,-0.0059927995,-0.0167971482,-0.0093357655,0.0109784592,0.0278465294,0.0077048372
247.0000000000,-0.0103774291,0.0233717076,-0.0057491749,0.0101262755,0.0282198289,-0.0171747014,-0.0018976366,0.0093160790,-0.0051493752,-0.0250204477,0.0129484569,-0.0222278533,-0.0114944293,-0.0203416577,0.0001585033,0.0201255778,-0.0025476687,-0.0143842040,0.0228401891,-0.0088786140,0.0148942806,0.0247939398,0.0276539823,-0.0102413295,0.0126842705,-0.0289403529,-0.0160540121,-0.0050627993,0.0018455099,0.0197319052,-0.0094209072,0.0132770926,0.0101684878,0.0016824243,0.0182268405,-0.0101911933,0.0068542416,0.0152982458,0.0108171818,-0.0144317182,-0.0151101179,-0.0157923506,-0.0142708645,0.0257850528,-0.0086392816,0.0091647410,-0.0116735330,-0.0144640112,-0.0141867182,-0.0074843637,0.0086691347,0.0057997760,0.0106741042,-0.0092153289,-0.0142086825,-0.0380448665,0.0064268666,0.0172285322,-0.0174723673,-0.0196307377,0.0000683984,0.0050013547,-0.0086147226
248.0000000000,-0.0182350162,-0.0103589584,0.0074211330,-0.0113339046,0.0111122067,0.0045163897,0.0230959241,0.0044673720,0.0092336526,-0.0244006518,0.0142251433,-0.0327479012,-0.0169360746,-0.0038952501,-0.0020892372,0.0111123300,-0.0094149475,0.0093207165,0.0052616185,-0.0222724275,0.0292790889,0.0038186675,-0.0187678197,-0.0021730217,-0.0172516197,-0.0136825007,-0.0115201334,-0.0021750558,0.0104365153,-0.0054440425,-0.0158654041,0.0146188840,0.0069742654,0.0199301738,0.0011022363,0.0076234488,0.0123686569,0.0121542202,-0.0028999684,-0.0251056476,-0.0091580922,0.0014963484,-0.0043844757,-0.0081737562,0.0023238878,0.0082668060,-0.0256735998,0.0026285282,-0.0057381125,0.0020347079,-0.0154534281,0.0004035510,0.0115966328,-0.0163322187,-0.0019756382,-0.0102064824,-0.0155079767,0.0063907570,0.0137560410,0.0049240344,-0.0027877504,0.0004789789,0.0063678417
249.0000000000,-0.0009132605,0.0031925576,-0.0091493261,0.0013184954,0.0310515804,0.0050555236,0.0035481529,0.0008487550,-0.0129539486,-0.0044777730,0.0173132295,-0.0093915738,-0.0153914300,0.0236867381,-0.0191201695,0.0082075748,-0.0253694289,0.0048783410,0.0067484819,-0.0031120279,0.0257522655,0.0080096819,0.0276844101,-0.0066119316,0.0210930513,-0.0204763621,-0.0505483027,0.0238949829,0.0005756454,-0.0018927282,0.0048832869,-0.0023181300,0.0121141830,0.0154419915,-0.0120466089,-0.0074276284,0.0127529242,0.0231459587,0.0106407959,-0.0146209937,0.0044300925,0.0131029950,-0.0052285716,0.0010216450,0.0103023945,0.0059059332,-0.0178926967,0.0152609261,-0.0125568364,-0.0118740841,-0.0192945209,0.0362480017,0.0175178253,-0.0224829673,-0.0236826641,-0.0088417487,-0.0087532579,0.0365817565,-0.0055858028,-0.0267620377,0.0119993077,0.0124394283,0.0023674904
250.0000000000,0.0183170572,-0.0160932885,-0.0031839563,0.0049655554,0.0318061178,-0.0021652369,-0.0032214987,-0.0057723081,0.0015614503,0.0054294538,0.0070680733,0.0065306125,-0.0006267732,-0.0014230365,0.0044160707,0.0127596604,0.0005288518,0.0117154407,0.0265774445,0.0041406306,0.0226176511,0.0069047911,0.0034431877,0.0014311809,0.0001058005,-0.0060890216,-0.0025976924,-0.0112316901,-0.0111848813,0.0158381002,0.0161649055,-0.0059593841,0.0108722895,-0.0128489817,0.0066417005,-0.0037625996,0.0167658990,0.0263776589,-0.0127235214,-0.0215443331,-0.0016532226,-0.0128158166,0.0080973042,-0.0215626708,-0.0131670374,-0.0024670570,-0.0075087437,-0.0008280229,-0.0058576393,-0.0020659632,0.0194025718,0.0077037535,-0.0087633003,-0.0034751206,0.0027050635,-0.0197942470,-0.0017210831,0.0105415262,0.0033488115,-0.0229432372,-0.0045701954,0.0005572608,0.0025944006
251.0000000000,0.0133132786,-0.0070286501,0.0132556005,0.0084894566,0.0273751760,0.0024190775,-0.0055210548,0.0042488263,-0.0082418585,-0.0151976882,-0.0110538721,0.0142325623,-0.0135897213,0.0184307939,-0.0077307409,0.0061632610,-0.0176369861,-0.0110614237,-0.0114189397,-0.0001554183,-0.0005438459,-0.0029830419,-0.0031322785,-0.0030711813,0.0012770163,0.0034926419,-0.0109121301,-0.0030847791,-0.0091443995,0.0336325407,-0.0072734303,0.0062001039,-0.0173887519,-0.0018881066,0.0046306875,-0.0025033375,-0.0088173345,0.0055260581,0.0102522073,-0.0148027593,0.0066470331,0.0111186559,0.0036390840,-0.0115602072,-0.0177300163,-0.0118157935,-0.0114518533,0.0037399088,0.0200566720,-0.0139885592,0.0088218501,0.0167051585,0.0071643132,-0.0141415459,0.0147577156,-0.0284093958,-0.0032973718,0.0147014913,-0.0201379116,0.0173003350,0.0162830595,-0.0009606055,0.0187996766
252.0000000000,-0.0056004746,0.0258225191,0.0141124587,0.0009485427,0.0280229998,0.0145551457,0.0283040031,-0.0028762585,0.0051273560,0.0073175508,0.0093291757,0.0043342707,0.0076652700,0.0035758711,-0.0007700380,0.0114076040,-0.0139701545,0.0185146549,0.0089562703,-0.0030230819,0.0134618690,0.0153089312,-0.0034328764,0.0058182496,-0.0152664743,-0.0243306306,0.0030001543,-0.0014813826,0.0208126423,0.0140971517,0.0009060532,-0.0022447930,0.0188022956,0.0046799752,-0.0209922046,-0.0222303369,-0.0128089791,0.0103605438,-0.0042702247,-0.0127984148,0.0106721215,0.0006989098,0.0000460500,0.0102667071,0.0336923935,-0.0072117619,0.0023125429,-0.0045829713,0.0325123780,-0.0173235902,-0.0051814835,0.0122433685,-0.0086027695,-0.0042116030,-0.0042300821,-0.0146587973,-0.0044390778,0.0024505543,0.0085385284,-0.0061528414,0.0000530545,-0.0039280010,0.0254249697
253.0000000000,0.0171602535,-0.0086425778,0.0148199945,0.0055928832,0.0267803650,-0.0161141111,0.0276757305,0.0121541863,-0.0021515445,-0.0123094833,0.0449537114,0.0025715377,0.0067822163,-0.0277123775,0.0191467343,0.0052997916,-0.0226354327,0.0124983133,0.0209969737,-0.0282809788,0.0153720727,0.0151767349,-0.0103663745,-0.0129466460,0.0146241205,-0.0019990259,-0.0019997233,0.0039788330,0.0028944760,-0.0033629512,-0.0073461634,-0.0017722202,0.0186664110,0.0157041785,0.0109800667,-0.0029108919,0.0022148735,0.0010500571,-0.0086103945,-0.0283863022,-0.0067076141,0.0031245538,0.0006172676,-0.0043581551,-0.0053578729,-0.0000059895,-0.0086728534,-0.0223145335,-0.0213978598,-0.0048602945,0.0048782787,0.0315222004,-0.0061940421,-0.0015125821,-0.0044264953,-0.0218992205,-0.0056661142,0.0283109194,-0.0106754488,0.0089562724,0.0124641368,-0.0011164488,0.0138133510
254.0000000000,-0.0092114928,-0.0042235759,0.0210727427,0.0121581555,0.0524332806,0.0086844833,0.0114861027,0.0085614980,0.0022417269,-0.0199566584,0.0033353102,-0.0106840406,-0.0062973153,-0.0051743178,0.0005163918,0.0109361958,-0.0129698235,0.0082290916,0.0396963620,-0.0070457618,0.0381384034,0.0259530955,-0.0104089568,-0.0035140614,0.0026761639,-0.0022884277,-0.0094274161,0.0133952212,0.0116092969,0.0227039012,-0.0008254122,0.0139622077,0.0081653037,0.0312150884,0.0115651593,-0.0040495877,0.0029281148,0.0261178865,0.0033883324,-0.0344105461,0.0128242423,-0.0366079134,-0.0256863641,0.0283460540,0.0061361393,-0.0094086661,-0.0284918020,0.0001812301,-0.0071896337,-0.0219634869,0.0267462682,0.0431705605,0.0025773845,-0.0511449341,-0.0067479233,-0.0147288970,0.0131113822,0.0168534396,-0.0106864626,-0.0277799423,0.0162612380,-0.0038816528,0.0251017512
255.0000000000,-0.0122555501,0.0055469096,0.0073956806,-0.0115904090,0.0104250167,0.0033527219,0.0114720570,-0.0045963486,0.0101762351,0.0040168835,0.0103575924,-0.0002570145,-0.0090029308,0.0007096075,-0.0054997949,-0.0029346879,-0.0186215224,-0.0088391693,0.0232168043,0.0011984553,0.0038641791,0.0259185046,-0.0121555063,-0.0224771299,0.0102271409,-0.0087268337,-0.0030280322,-0.0091377712,-0.0273608413,-0.0207569729,-0.0128646737,-0.0061243830,0.0232735447,0.0004257720,0.0062396720,-0.0039198041,-0.0172015815,0.0000549618,-0.0101085150,-0.0242254230,-0.0064322745,-0.0211385388,-0.0203682768,-0.0113034357,-0.0046425612,-0.0258999178,0.0033567580,-0.0048284671,-0.0037726985,-0.0184507105,0.0039139279,0.0261176349,0.0085394994,-0.0258835753,0.0107539500,-0.0234056024,0.0020142134,0.0021791224,-0.0102610176,-0.0108606192,0.0213816835,-0.0064288276,0.0333044774
256.0000000000,-0.0200756290,-0.0033760315,-0.0147548346,0.0120193149,0.0792061122,0.0282723088,0.0392507083,0.0132009251,0.0060564310,-0.0147368067,0.0462404097,0.0052392257,-0.0096241291,0.0190485675,-0.0014934409,0.0412093077,-0.0054984717,-0.0002796956,0.0190211220,0.0003516473,0.0194116555,0.0312719998,-0.0057202841,-0.0085210915,0.0030316963,-0.0093402860,-0.0104232998,-0.0039330593,0.0160882561,-0.0030786837,-0.0069674784,0.0196908850,0.0378146752,0.0058936600,0.0136493080,0.0344390831,-0.0082597048,-0.0164754675,0.0044776392,-0.0345530167,0.0243996103,-0.0095738235,-0.0072591414,0.0061894267,-0.0080804573,0.0044663759,-0.0197045957,0.0090400419,0.0086540697,-0.0220385203,-0.0051924662,0.0695591086,0.0217805712,-0.0220234015,-0.0119906280,-0.0371830479,-0.0048298580,0.0239008827,-0.0433375529,-0.0049825475,0.0202141859,0.0391337749,0.0052901405
257.0000000000,0.0020842787,-0.0040224451,-0.0053722435,0.0183982926,0.0327435256,0.0129621722,0.0092554249,-0.0073990626,-0.0107181834,-0.0160471734,0.0143235602,-0.0120482933,-0.0020637361,-0.0209540343,0.0060270861,0.0115841667,-0.0327054055,0.0053569124,0.0156787862,-0.0112719511,0.0388847022,0.0272001147,0.0151113499,-0.0178964702,0.0044621933,-0.0005561913,-0.0128709431,-0.0084162882,0.0058816901,-0.0064641438,0.0021389565,0.0118066562,0.0223843663,-0.0128066526,0.0024685223,-0.0004299785,0.0031910222,-0.0052518008,-0.0080395313,-0.0246697094,0.0022767662,-0.0123703998,0.0097724303,0.0063345572,-0.0052652476,0.0021419309,-0.0082664912,-0.0011216339,-0.0182882268,-0.0273349502,0.0130040367,0.0142800290,0.0139546889,-0.0123473508,-0.0066914817,0.0014453782,-0.0010731022,0.0220840726,0.0112476769,-0.0131977469,0.0158436374,0.0046521179,-0.0043605871
258.0000000000,0.0123043334,-0.0042054692,-0.0045565728,0.0041145548,0.0193925147,0.0250766486,0.0228690971,0.0053709171,0.0018278422,-0.0291590788,0.0321781550,0.0201142811,-0.0206346664,-0.0015130736,0.0095209001,0.0277086519,-0.0375308977,0.0081569019,0.0154714144,0.0203529766,0.0227119604,0.0001825851,0.0159845661,-0.0076839766,0.0041055538,-0.0133403886,-0.0083114944,0.0086402639,-0.0006264436,0.0224322205,-0.0139981113,0.0062147569,-0.0072240363,0.0116069341,-0.0003671830,0.0080770088,0.0155236093,0.0213859986,0.0051261202,-0.0380714757,0.0106719867,-0.0000187295,0.0056342874,0.0289905560,-0.0125168690,0.0216161499,-0.0021340829,-0.0066652614,0.0016991069,-0.0106091326,0.0126700423,0.0122458664,0.0072873633,-0.0043861494,-0.0027530897,-0.0051078717,0.0059415423,0.0134101658,0.0010242154,-0.0256786567,0.0137512583,0.0184918677,0.0279930818
259.0000000000,-0.0052745672,-0.0130541038,0.0138260282,0.0030596029,0.0221587592,-0.0058459394,0.0134661296,-0.0089933796,-0.0302031638,-0.0368280088,0.0196554717,-0.0011224355,-0.0157068055,-0.0209792895,-0.0082557099,-0.0066606704,-0.0099682661,-0.0128189476,-0.0032053828,-0.0276706302,0.0214704371,0.0260026067,0.0015918413,0.0062473293,-0.0056322237,-0.0022983439,-0.0232550906,0.0199478631,0.0307978295,-0.0236425555,0.0026181250,0.0002859747,0.0059349658,0.0235848595,0.0037077751,0.0046805016,0.0091657390,-0.0089846780,0.0022711996,-0.0293924218,-0.0173653122,-0.0148904558,0.0104506390,0.0102897364,0.0111072479,0.0013291910,-0.0033729194,-0.0154828167,0.0051246101,-0.0224938722,0.0352771983,0.0186871904,0.0063143872,-0.0015945235,-0.0249253521,-0.0069823999,0.0111423777,-0.0007098732,-0.0107702801,-0.0129133952,0.0071056283,-0.0203772486,0.0167457307
260.0000000000,-0.0113869460,0.0170829595,0.0041209745,0.0241413405,0.0385500345,0.0151131415,-0.0076784108,0.0124003268,0.0089532702,-0.0102995022,0.0338986758,0.0002494161,-0.0321825635,-0.0076031290,-0.0000987299,0.0264648710,-0.0119775847,0.0032252766,0.0210147975,-0.0058150481,0.0087120426,0.0198487723,-0.0153060496,-0.0103502475,-0.0059430777,0.0005261187,-0.0007755699,0.0082357225,-0.0177881891,-0.0125868451,-0.0046784862,-0.0097334523,-0.0113443655,0.0012671503,-0.0035926052,0.0129295443,-0.0009541575,0.0073900890,-0.0125121042,-0.0369592586,-0.0083976003,-0.0221648341,0.0069428397,-0.0115312689,0.0107192734,0.0102683153,-0.0096386711,0.0039826888,-0.0007053099,-0.0208575412,0.0021120543,0.0331420670,0.0075041320,-0.0258763215,-0.0258304946,-0.0111550630,-0.0186151170,0.0256351566,-0.0192398421,-0.0086885456,0.0154919850,-0.0151127387,0.0204661807
261.0000000000,-0.0030189696,0.0157053885,0.0290967445,0.0200980628,0.0330865965,-0.0246830729,0.0013829339,0.0067312754,-0.0142297440,-0.0236834795,0.0177370178,0.0111804001,-0.0227787682,0.0098652557,-0.0135058540,-0.0167113058,-0.0074057943,0.0249324896,0.0032365446,-0.0228244243,0.0171302538,0.0206990983,-0.0049551139,-0.0074519922,0.0118933825,-0.0198314551,-0.0261721603,-0.0172416275,-0.0025719264,-0.0066178321,-0.0155310967,0.0162018597,-0.0029164564,0.0222764882,0.0154765903,0.0010543813,0.0139797866,0.0022321356,0.0275436595,-0.0209250979,-0.0081979109,-0.0195244832,0.0147202188,-0.0002756082,0.0143235256,0.0152560367,-0.0037459183,-0.0014364799,0.0012585927,-0.0246031122,0.0209788089,0.0152983969,0.0197024674,-0.0045829156,-0.0345158370,-0.0176353235,0.0025626247,0.0166235472,-0.0165602412,-0.0392313108,0.0025610631,-0.0102994566,0.0036166067
262.0000000000,-0.0043757083,0.0191316081,0.0053025379,0.0164982504,0.0187775765,0.0416719847,0.0350204980,-0.0029090675,0.0199949012,-0.0195088179,0.0027480392,0.0120069493,-0.0227728387,0.0034244230,-0.0148145789,0.0158026440,-0.0413200655,0.0004723965,0.0225998511,-0.0197807504,-0.0007489006,0.0023081532,-0.0068218693,-0.0164547615,0.0053265459,-0.0183883702,-0.0284329089,-0.0034601461,0.0095998681,0.0044147800,-0.0329533337,-0.0164687925,0.0172256372,0.0067257345,0.0065146145,0.0249568622,-0.0109767189,0.0311760015,0.0014119746,-0.0225817311,-0.0027483445,-0.0010856015,0.0076360018,0.0075576167,0.0189245547,-0.0177960491,-0.0229796232,-0.0067369239,0.0127010485,-0.0316207251,0.0055283965,0.0145544634,0.0147336949,-0.0345374463,-0.0079290090,-0.0123429583,-0.0102621141,0.0318052454,-0.0023245086,-0.0257687818,0.0190010556,0.0023253457,0.0250981320
263.0000000000,-0.0275864967,-0.0172083936,0.0232023431,0.0312914768,0.0685226732,0.0053899579,0.0060140512,0.0343072361,-0.0011245791,-0.0342939127,0.0283090325,-0.0263187408,-0.0114146275,-0.0091158741,0.0004380818,0.0554543276,-0.0172259985,0.0108111972,0.0370632487,0.0016691105,0.0298418435,0.0188881148,-0.0006423715,-0.0159383892,0.0042634357,-0.0131098728,-0.0136390033,0.0004560009,-0.0022296188,0.0103531022,-0.0074971050,-0.0035703337,0.0144450380,0.0197626563,0.0005425299,0.0225770446,0.0033105654,-0.0011732677,-0.0113914134,-0.0389250457,0.0019913490,-0.0179358488,0.0042650119,0.0380968935,0.0128678231,-0.0074289311,-0.0160472425,0.0003559544,0.0130757728,-0.0150705962,-0.0290481169,0.0308926515,-0.0177211761,0.0010239366,-0.0370931192,-0.0192981491,0.0129721329,0.0265639766,-0.0141779710,-0.0199413845,0.0302336276,0.0294083350,0.0240120575
264.0000000000,-0.0039670272,-0.0162242884,-0.0046700688,-0.0013757557,0.0504546634,0.0042831354,-0.0016680935,0.0204392017,0.0029697044,-0.0197591071,0.0353001807,0.0129089769,-0.0015419716,0.0012282032,-0.0067061562,0.0267062317,-0.0478759684,-0.0007333151,0.0202489064,-0.0108852026,0.0177378091,0.0259838316,-0.0008625743,-0.0181553535,0.0056407972,-0.0228170467,0.0026093502,-0.0113766623,0.0091274303,0.0067884538,-0.0290341379,0.0166575628,0.0081461959,0.0163042676,0.0049537571,0.0139069092,0.0045123945,-0.0057221693,-0.0231488121,-0.0341845017,0.0248737707,-0.0176152956,0.0078276992,-0.0032799929,0.0043447151,0.0060165652,0.0091274445,-0.0022453367,0.0062997411,-0.0039904524,-0.0198047614,0.0270671268,0.0206749513,-0.0273403641,-0.0127930549,-0.0172724084,0.0110624549,0.0138573397,-0.0001048939,-0.0239785588,0.0386365940,0.0138468318,0.0118407717
265.0000000000,-0.0015450714,0.0064008032,-0.0221355474,0.0029871094,0.0335685041,-0.0113552643,0.0274288416,0.0028159075,0.0092283622,-0.0199940660,0.0272485551,0.0053325681,-0.0128690685,-0.0265476126,-0.0018821299,0.0230636345,-0.0143673156,0.0176217405,0.0051173309,0.0068564287,0.0318689953,0.0177774284,-0.0006167383,0.0120823759,0.0382900223,-0.0125740264,-0.0235916526,0.0108931405,0.0162993488,-0.0075468707,-0.0004041150,-0.0034576272,0.0015920029,0.0211324525,0.0087099151,0.0167171349,-0.0112029949,0.0000317298,0.0047071584,-0.0060198309,-0.0232834649,-0.0016061177,-0.0278927007,0.0279711231,0.0221841874,-0.0068915497,0.0053534398,-0.0050203254,0.0182272654,-0.0469921062,-0.0089926867,0.0078584826,-0.0042494737,-0.0349923043,-0.0103252236,-0.0267800282,-0.0352118974,0.0006294306,-0.0112908909,-0.0471866537,0.0248100292,0.0017736284,0.0145143775
266.0000000000,-0.0216099303,-0.0018441379,-0.0037689027,0.0050996779,0.0227586002,0.0255040832,0.0158437877,0.0094604383,0.0003926025,-0.0317302485,0.0119556653,0.0062534763,-0.0075101102,-0.0154355725,-0.0060240865,0.0176892584,0.0086468262,-0.0060592282,0.0036768092,-0.0182424082,0.0004315713,-0.0131873650,0.0098347865,-0.0002900750,-0.0159792254,0.0109338313,-0.0201704506,-0.0238111834,-0.0158623506,0.0210108450,0.0016658794,0.0067811730,0.0199078100,0.0205053016,-0.0013234170,0.0254129225,-0.0018464948,0.0079149102,-0.0094332368,-0.0223877891,-0.0114571139,0.0138179913,-0.0115518129,0.0036396149,-0.0210920172,0.0138684381,-0.0414303584,-0.0024572811,0.0028317523,-0.0179134998,0.0028871526,0.0162621754,-0.0166908127,-0.0127100777,-0.0008746867,-0.0191030991,0.0033049629,0.0118467076,-0.0154306572,-0.0014875155,0.0091866747,-0.0006073184,0.0088027561
267.0000000000,0.0159138015,0.0238233629,0.0130945162,0.0006235420,0.0358511524,-0.0058756835,0.0013425546,-0.0098851188,-0.0045778917,-0.0157263145,0.0056144079,0.0081307977,-0.0014171693,0.0066051595,-0.0055932548,-0.0051229306,-0.0442281396,-0.0109599580,0.0129110379,0.0034688668,0.0270459884,0.0250337735,0.0093335538,0.0029724228,-0.0000547241,-0.0049420037,-0.0141389237,0.0001708960,0.0205525223,0.0197687263,0.0029428193,0.0158344603,-0.0003002105,0.0175998605,-0.0003957956,0.0016227397,0.0212556796,0.0155818747,0.0127821734,-0.0213342249,-0.0142718287,-0.0017945326,0.0086118901,0.0263779093,-0.0046789026,-0.0073772968,-0.0185880434,-0.0079544248,0.0034129847,-0.0050812246,0.0036063551,0.0426036461,0.0252429299,-0.0178649744,0.0090565336,-0.0245541289,0.0213709675,-0.0012437623,-0.0125522921,-0.0366894618,0.0404830062,0.0071844130,0.0184473591
268.0000000000,-0.0046466198,-0.0051373159,-0.0073962252,0.0064973548,0.0510723140,0.0090814561,-0.0036354581,0.0163651989,0.0033604161,-0.0321847205,0.0332669092,-0.0171115959,-0.0227479646,-0.0133222176,0.0030162918,0.0173718310,-0.0359756896,-0.0267041090,0.0423205454,-0.0130662853,0.0327305281,0.0201145074,-0.0122027000,0.0073091322,0.0037774745,-0.0131322712,-0.0189044124,-0.0151319107,-0.0173122615,0.0181022284,-0.0161163010,0.0136349772,0.0138279902,0.0124279402,0.0347222412,0.0102470526,0.0135418712,0.0176051008,0.0138820045,-0.0410084608,-0.0061649921,-0.0039713730,0.0103514353,0.0220693853,0.0073061851,0.0008857089,-0.0189407239,0.0042844211,0.0036715536,-0.0452956325,0.0066548272,0.0400353216,0.0054007404,0.0038553183,-0.0220614475,-0.0206596915,-0.0144304501,0.0188208842,0.0038337066,-0.0318628026,0.0344655146,0.0141953760,0.0371035806
269.0000000000,-0.0235580963,0.0213387684,0.0242199508,0.0068565773,0.0277055484,-0.0103811472,-0.0130479776,0.0076264415,0.0070035082,-0.0097838914,0.0197261506,0.0060724187,-0.0273805592,0.0085841223,0.0071009518,0.0257555819,-0.0254915600,-0.0033153591,0.0087281174,-0.0183012234,0.0299668048,0.0009684614,0.0110806334,0.0119418104,0.0270576203,-0.0036675503,-0.0054750438,0.0053994582,-0.0220544424,0.0285009792,-0.0223386578,-0.0045911830,0.0036099535,0.0028306720,0.0210486414,0.0109817100,-0.0035131752,0.0045662394,-0.0031450204,-0.0091260794,-0.0092838484,-0.0152087733,0.0186702512,0.0248902103,0.0151597324,0.0136464204,-0.0195498726,-0.0059045788,0.0125374151,-0.0169972454,0.0131544493,0.0279349140,-0.0200625984,0.0047210966,0.0119899028,-0.0240237131,0.0022901091,0.0308427733,-0.0169365170,-0.0059707010,0.0152893950,-0.0121292628,0.0112251907
270.0000000000,-0.0147993019,0.0105614356,-0.0036921501,0.0294044274,0.0510012876,0.0213207182,0.0054596574,0.0373190969,0.0156424919,-0.0351101395,0.0288432532,0.0271455936,-0.0371983276,0.0177425123,-0.0166263533,0.0116777276,-0.0130129296,-0.0012767153,0.0141432140,-0.0004395094,0.0262787387,0.0126778931,-0.0027326961,0.0088456753,0.0045672580,0.0041993318,-0.0119659475,-0.0114237415,0.0044030826,0.0099448297,0.0074743996,0.0030910528,0.0048002604,0.0177797908,0.0074320740,0.0005674180,-0.0044624600,0.0271411949,0.0020234543,-0.0230091999,-0.0048967722,-0.0319407799,-0.0130679964,0.0343796443,0.0081489238,-0.0106432166,-0.0230961593,0.0136867739,0.0280622009,-0.0166988132,0.0078027507,0.0087477964,-0.0019132560,-0.0209816814,-0.0076379850,-0.0365487971,0.0022536311,0.0352269217,-0.0240038228,-0.0099105279,0.0315874631,-0.0106481649,0.0231863192
271.0000000000,-0.0402414663,-0.0091842322,-0.0224554826,0.0227554415,0.0334865707,0.0222233798,0.0002475291,0.0288982131,0.0003825916,-0.0204861503,0.0080295542,0.0159607481,-0.0021564102,-0.0008674450,0.0168694539,0.0017609106,-0.0139127175,0.0065988893,0.0111487472,0.0177867979,0.0406923055,0.0040128901,0.0008842366,0.0016966181,0.0049860993,-0.0058934979,-0.0110998127,0.0023292146,0.0126552684,0.0115082583,0.0152967089,0.0223403349,0.0187681327,0.0272032702,-0.0000282449,-0.0030358142,-0.0204857266,0.0187498612,0.0042520732,-0.0178900234,-0.0185894250,-0.0158368796,0.0155981096,0.0230440958,0.0067415724,-0.0077008909,-0.0354878543,0.0066886341,0.0102714445,-0.0226253951,0.0167348680,0.0195598001,0.0099448134,-0.0264198156,-0.0221763520,-0.0337698145,0.0092069274,0.0339325661,-0.0120983170,-0.0327358311,0.0152481168,0.0043965139,0.0259893073
272.0000000000,0.0114708967,0.0088317872,0.0222121697,0.0190228968,0.0457743435,0.0029427023,0.0072189919,0.0245915567,-0.0071045354,-0.0215629705,0.0149867850,-0.0101881660,-0.0066358506,0.0092067449,-0.0023544619,0.0077190209,-0.0029679320,0.0102936872,0.0280859306,-0.0004473674,0.0318859801,0.0240892535,0.0072439774,-0.0057409928,0.0124816459,0.0012014212,-0.0099270299,-0.0175060534,0.0021603208,-0.0285944708,-0.0217346293,0.0175180722,0.0040254692,0.0205479843,0.0089590725,-0.0044085678,0.0068891271,-0.0083208589,-0.0131166784,-0.0296472304,-0.0092786392,-0.0001520574,0.0097202888,0.0148782528,0.0074413301,-0.0059011246,-0.0057887296,-0.0165321742,0.0002712649,-0.0237555320,0.0286530642,0.0137548208,0.0180531520,0.0075846776,-0.0280624242,-0.0136076840,-0.0257945346,0.0150651698,-0.0121355367,-0.0051304228,0.0026507341,-0.0003885625,0.0134039906
273.0000000000,-0.0101296176,0.0046512458,-0.0015176566,0.0108430347,0.0153567134,0.0161758690,0.0141211285,0.0165402743,0.0122291275,-0.0162649232,0.0156119998,-0.0097367755,-0.0035333900,0.0074653623,0.0354991554,0.0215620922,-0.0122679589,0.0027550812,-0.0029748498,0.0094739313,-0.0188579914,0.0117574517,-0.0078705016,-0.0120269484,0.0088383339,-0.0043225993,-0.0010777036,0.0064723310,0.0196380875,0.0037868896,-0.0102577424,0.0312791893,-0.0039981642,-0.0055074799,-0.0039973480,-0.0039250910,0.0107569494,0.0029238412,-0.0070903149,0.0006084011,-0.0041427790,-0.0006589909,-0.0101403881,0.0223405030,0.0029453192,-0.0231858304,0.0011121330,0.0052036006,0.0079324696,-0.0273483128,-0.0388985798,0.0232744692,0.0138058054,-0.0332441894,0.0017846437,-0.0348878383,-0.0100765732,0.0106627510,-0.0157224885,-0.0293229762,0.0004674074,-0.0027995067,0.0098276212
274.0000000000,-0.0060323329,-0.0150416090,-0.0115529700,0.0219423221,0.0429372716,0.0022120142,-0.0046314868,0.0048014406,0.0098564469,-0.0233380656,0.0274478218,0.0061350269,-0.0103106108,-0.0052155950,0.0096348786,0.0215947538,-0.0258907626,0.0104903371,0.0145520961,-0.0139209137,0.0373226313,0.0273908764,-0.0050564612,-0.0284834966,0.0000726794,-0.0177777597,-0.0369801823,0.0115587677,0.0057094067,-0.0156017316,-0.0223811814,0.0064234165,0.0136355977,0.0229334896,0.0033890763,0.0063269683,-0.0187002689,0.0001044648,-0.0051799534,-0.0109998900,0.0073477847,-0.0244901190,0.0001002921,0.0053521845,-0.0048732360,0.0254122346,-0.0225498009,0.0284088117,-0.0069931357,-0.0108167545,-0.0177756679,0.0496413560,0.0200008781,-0.0257004639,0.0035967076,-0.0490219465,0.0039522139,0.0084264926,0.0019507592,-0.0029873683,0.0030176159,0.0010392074,0.0179798157
275.0000000000,-0.0087752329,0.0300114622,-0.0061332321,0.0123226854,0.0360587881,-0.0055694336,0.0207813777,-0.0085784478,0.0067064113,-0.0021045943,0.0094776595,-0.0015511528,-0.0116798493,-0.0147373720,0.0093969778,0.0260504944,-0.0180564659,-0.0093153926,-0.0024845436,0.0200889836,-0.0015771101,0.0219455708,0.0117806565,-0.0125121835,0.0292491422,-0.0134593689,-0.0167969456,-0.0236199835,0.0175562273,0.0063736329,0.0057697070,0.0175613970,0.0035505030,0.0312217998,-0.0021023235,0.0082894119,0.0004087289,0.0025972134,-0.0148019875,-0.0140835565,-0.0013707040,-0.0083956391,0.0284816492,0.0104734148,0.0144347088,-0.0123569074,0.0010912920,0.0008077155,0.0060215987,0.0030180182,0.0088514908,0.0125190818,0.0153737920,-0.0303082720,0.0008867183,-0.0140167025,0.0109689518,0.0288081841,-0.0176546616,-0.0142190797,-0.0035108942,0.0066616013,0.0236977078
276.0000000000,0.0238054937,0.0050261174,0.0079217767,0.0003748554,0.0294599156,-0.0130607196,0.0262154136,0.0182732493,0.0119649997,-0.0167224971,0.0179205118,0.0012077616,0.0020236604,-0.0081964269,0.0214362244,-0.0027148912,-0.0009748275,-0.0087298072,0.0061749783,0.0126809347,-0.0128727042,0.0109943576,0.0061433385,0.0261074883,0.0207400353,-0.0037504363,-0.0285811352,-0.0150569272,0.0078485358,0.0118263619,0.0037600024,0.0159455428,0.0042552862,0.0031450616,0.0039598204,0.0169138764,-0.0159968197,-0.0116384737,-0.0045432730,-0.0079365753,-0.0181495229,0.0045029301,-0.0145674522,-0.0118126398,0.0016107452,-0.0158110071,-0.0034956826,-0.0099584303,-0.0019314926,-0.0009175783,0.0092424398,0.0186638218,-0.0112539924,-0.0116548679,-0.0095274285,-0.0233327037,-0.0065719590,0.0259340472,-0.0186461835,-0.0162591126,0.0003867338,0.0211074954,0.0042002511
277.0000000000,-0.0059242123,0.0212194969,0.0104475696,0.0107837008,0.0389760098,0.0053243964,0.0116695299,0.0007283959,-0.0083446082,0.0042351402,0.0262610033,0.0008894492,-0.0031976862,0.0006317676,-0.0148711596,0.0112909030,-0.0222020521,-0.0101579389,0.0109152068,0.0255031087,0.0025721576,-0.0057741101,-0.0013305535,0.0115470532,0.0149525193,-0.0029842682,-0.0266732988,0.0097985199,-0.0224926068,0.0093563000,-0.0177352111,0.0033519617,0.0181322328,0.0180961370,-0.0109341705,0.0129620080,0.0076708462,-0.0024373535,0.0239256581,-0.0189118747,-0.0077292373,-0.0082335500,-0.0027180086,0.0031021045,0.0221212818,-0.0094541441,-0.0016883884,-0.0127111765,-0.0037169187,-0.0071461333,0.0037662594,0.0129533722,-0.0008727406,-0.0206201727,-0.0139187037,-0.0056022252,0.0067436573,0.0160717326,-0.0149179955,-0.0211825431,0.0078243402,0.0113408187,0.0247484747
278.0000000000,-0.0103357054,-0.0091580723,-0.0080722339,0.0133167016,0.0380707660,-0.0188083914,0.0027652835,-0.0116024619,0.0030128193,0.0016291649,0.0098042682,0.0155596358,-0.0285614772,-0.0035499459,-0.0042324712,-0.0058764174,-0.0237399507,-0.0157608035,0.0089406341,0.0084155062,0.0127600469,0.0038861499,0.0055327638,0.0005043389,-0.0020446190,-0.0161995082,0.0065794592,-0.0056440449,-0.0035426463,0.0060455662,-0.0043510379,0.0009032030,-0.0040155373,0.0205450718,0.0018789223,-0.0007541168,-0.0150859054,0.0216569097,-0.0130716808,-0.0153574614,0.0087447263,-0.0106008321,-0.0084622228,-0.0068124326,-0.0113105213,0.0020393501,-0.0272374018,0.0060712876,0.0141040996,-0.0024082097,-0.0083231945,0.0249596942,0.0183302405,0.0074751432,-0.0071905575,-0.0261707478,-0.0162030585,0.0140212327,-0.0062021769,-0.0187793022,-0.0009076710,-0.0011570431,0.0042853258
279.0000000000,0.0018301083,0.0132367324,-0.0007515564,-0.0033355088,0.0553051604,0.0321438889,0.0048515305,0.0019345655,0.0064002037,-0.0103479766,0.0254081483,0.0047421243,-0.0107272441,0.0070718385,-0.0008728245,0.0122609061,-0.0180386166,0.0102607499,0.0127280132,-0.0103830185,0.0161352726,0.0154233052,-0.0075991861,-0.0058879804,0.0038454302,-0.0186726327,0.0077764829,0.0005331745,0.0266885574,-0.0083863367,-0.0137608843,0.0209015605,0.0063359438,0.0219199806,0.0094044255,-0.0021261331,0.0031144767,0.0113445293,-0.0293679000,-0.0195234599,0.0109379407,0.0031858422,-0.0061009795,0.0184101176,-0.0112150255,-0.0279087649,0.0253783216,-0.0057570947,-0.0148175375,-0.0126023096,-0.0028255765,0.0216847342,0.0136076838,-0.0168107838,-0.0215174512,-0.0440612463,-0.0022010628,0.0096415563,-0.0079839230,-0.0216093249,0.0046093288,-0.0118641824,0.0032724128
280.0000000000,-0.0189076792,0.0132772097,-0.0027934505,0.0169064834,0.0332269786,0.0300799213,0.0164848388,0.0205522463,0.0196981383,-0.0243772820,0.0153615332,0.0147475962,-0.0185547479,-0.0030225544,-0.0029914896,0.0407923080,-0.0118357303,-0.0008863346,0.0067070429,-0.0183894838,0.0226320628,0.0091552584,-0.0054198291,-0.0022908879,-0.0141942033,-0.0137553689,-0.0221666985,-0.0214868656,-0.0010992752,0.0101966338,-0.0296489272,0.0225256431,0.0228019709,-0.0035593730,0.0111762767,0.0051930520,0.0048940739,0.0061395177,0.0134480950,-0.0137180673,0.0056096271,-0.0047280634,0.0006708102,0.0150374074,-0.0064023338,0.0169091910,-0.0147312557,0.0042115100,0.0092010413,-0.0165867367,-0.0029509303,0.0315226254,0.0205131328,-0.0107234955,-0.0183336664,-0.0180716212,-0.0187028623,0.0343737649,-0.0114932125,-0.0210872051,0.0301139824,0.0136158330,0.0336117464
281.0000000000,-0.0246111653,0.0067521508,-0.0130725595,0.0113931459,0.0354141258,0.0085119820,0.0007425026,0.0276701070,0.0054990462,-0.0030655658,0.0242407365,-0.0068832320,-0.0132275332,0.0010981105,-0.0073613366,-0.0007690047,-0.0209624939,0.0019969864,0.0067612925,0.0024839473,0.0121616523,0.0078034133,-0.0087317178,-0.0116396887,-0.0025596565,0.0031694334,0.0065169531,-0.0014244307,-0.0018458098,0.0041805167,-0.0132510230,0.0046095530,0.0069020590,0.0034370351,-0.0002908666,0.0012657848,0.0062788740,0.0309534355,-0.0088923511,-0.0204035944,-0.0088768365,-0.0170538358,0.0004080598,0.0271579402,-0.0209103195,0.0079734053,-0.0076664784,-0.0056947863,0.0086637813,-0.0090010787,-0.0050285068,0.0298255544,-0.0004251885,-0.0137007150,-0.0145830227,-0.0242074515,0.0057591892,0.0350580643,-0.0042494296,-0.0066022332,0.0090984239,0.0161728211,0.0264537350
282.0000000000,-0.0218665347,0.0021452897,-0.0006168411,-0.0104532986,0.0004947452,0.0095757437,0.0147741725,-0.0006718599,-0.0077375493,-0.0261824245,-0.0042575773,0.0155467878,0.0133769183,0.0159367132,-0.0014912092,0.0173619505,-0.0081349069,0.0226112575,0.0280186080,0.0117553796,0.0081771876,-0.0000294849,0.0067108411,-0.0063880809,-0.0018876158,0.0092190762,-0.0236247121,-0.0071354492,0.0015042051,-0.0002043649,-0.0100564690,0.0010224139,-0.0048118965,-0.0023635968,0.0048313877,0.0245312723,0.0164844689,0.0092183474,-0.0027462343,-0.0172200197,0.0050716363,0.0067749498,-0.0008038325,-0.0084590531,-0.0119074495,-0.0028023273,-0.0067744633,0.0210989055,-0.0036345415,-0.0027323010,-0.0014583701,0.0283802301,0.0360132375,-0.0079442851,-0.0017115618,0.0121051546,-0.0147926534,-0.0111657018,-0.0055116492,-0.0153056372,-0.0043216472,-0.0005065972,-0.0074446677
283.0000000000,0.0164386076,-0.0007007128,0.0084588480,0.0055713093,0.0185062840,-0.0067339369,-0.0052945441,-0.0025110487,0.0059908864,-0.0177616444,0.0102714643,-0.0019033914,-0.0205449779,0.0173020987,0.0056126228,0.0041134938,-0.0152518609,-0.0082885816,0.0174128155,-0.0070353424,-0.0120355129,0.0146997314,-0.0185146512,0.0070951011,0.0046337072,-0.0231351727,-0.0037672050,0.0061743758,-0.0011405080,0.0075310968,0.0161003684,0.0186763307,0.0200607252,0.0235338902,-0.0095001521,0.0075555114,0.0076820815,0.0146072434,-0.0012286016,-0.0287261979,-0.0096327115,-0.0094467378,-0.0101402106,0.0245861803,0.0039524334,0.0047207935,-0.0119569797,-0.0043059761,0.0044427248,-0.0203560184,-0.0170575127,0.0002948124,0.0224095376,0.0045337419,-0.0043303801,-0.0269870216,0.0088150353,0.0249784811,0.0200029795,-0.0092159492,0.0069331075,0.0101249374,-0.0050858232
284.0000000000,0.0115035387,0.0093448811,0.0118822127,0.0240616102,0.0537807338,-0.0116217251,0.0143441927,-0.0070776291,-0.0228230070,-0.0284805012,0.0083377003,0.0055805886,-0.0158282759,0.0142391452,-0.0041097526,0.0140866036,-0.0213464961,-0.0163606413,0.0213219260,0.0120547744,0.0441345132,0.0219298592,-0.0011735624,-0.0017514012,-0.0058713285,-0.0067276412,-0.0423757000,-0.0042168979,0.0044495711,-0.0018009858,-0.0044185697,0.0152525296,-0.0094491202,0.0055127721,0.0172809048,0.0081161395,0.0096911622,0.0183974091,-0.0005653628,-0.0424507093,0.0003119665,-0.0067233695,0.0047381274,0.0183930563,-0.0103777555,0.0149330783,-0.0034666738,0.0013990898,0.0076655050,-0.0269713697,0.0057117599,0.0036620462,-0.0067302932,-0.0173251635,-0.0003631366,-0.0229831111,-0.0066833812,0.0007136532,-0.0095933690,-0.0144660932,0.0235785899,-0.0011252775,0.0260874689
285.0000000000,-0.0111116005,0.0049976163,0.0115920764,0.0113880769,0.0434011132,0.0123147313,0.0080245280,0.0103623129,0.0300008491,-0.0089111429,0.0230675243,0.0041246089,-0.0123956379,-0.0204361716,-0.0086174443,0.0026785466,-0.0211280714,0.0048674733,0.0199976812,-0.0124694407,0.0069858284,0.0008739298,0.0207673665,-0.0089032557,-0.0004843482,0.0039599030,-0.0260732633,0.0213541459,0.0052185941,0.0329338881,-0.0133901837,0.0118232760,0.0144367607,0.0190314626,-0.0120892307,-0.0014594579,-0.0275976682,0.0170114913,0.0022779421,-0.0184637646,-0.0177977382,-0.0046246244,-0.0171836094,0.0100196367,-0.0005253871,-0.0043056860,-0.0186837718,0.0062433641,-0.0028556490,-0.0155233020,-0.0016747187,0.0224879354,-0.0045079471,-0.0125594835,-0.0108308840,-0.0110595197,-0.0007162519,0.0350286088,0.0096398399,-0.0147065669,0.0232235289,0.0033739823,0.0203828641
286.0000000000,-0.0141780287,0.0174916442,0.0045880810,0.0201440306,0.0423140657,0.0010505148,0.0077464689,0.0213783706,0.0073387534,-0.0082079966,0.0108873439,0.0123087087,-0.0018321832,0.0056242208,0.0097396157,0.0393445988,-0.0218916541,0.0212180667,0.0352770685,0.0149286565,0.0134238396,0.0070212782,0.0172017459,-0.0298476657,0.0095147333,-0.0315579631,-0.0118293684,0.0195271606,-0.0004538078,-0.0054489097,-0.0068607977,-0.0029084270,0.0261592941,0.0085439466,0.0137163729,0.0099799228,0.0062713040,-0.0114562493,0.0082341455,-0.0242507338,-0.0121844526,0.0069976212,-0.0058384067,0.0306748674,-0.0046210216,0.0119678472,-0.0119614939,-0.0004859963,0.0110669373,-0.0289279495,0.0072510350,0.0396300431,-0.0085686986,-0.0018510320,-0.0090167793,-0.0442044179,0.0000534270,0.0266377978,-0.0180145534,-0.0450638894,0.0113907653,-0.0110282067,0.0236211473
287.0000000000,-0.0114512095,-0.0132730631,-0.0079351193,0.0200059654,0.0541635865,0.0001159678,0.0101512084,0.0315047982,-0.0233295742,-0.0268439121,0.0091588850,-0.0031843621,-0.0309161841,0.0129557427,0.0160237907,0.0216218468,-0.0275601083,-0.0087453667,0.0056232524,-0.0176969837,0.0124378748,0.0242151132,-0.0049873164,-0.0005336385,0.0101649090,-0.0135212462,-0.0140959228,0.0058999423,0.0007918756,-0.0025532771,-0.0130652746,0.0137120559,0.0094218739,0.0056561740,0.0123241270,0.0067401028,-0.0063901818,0.0324631231,0.0000749514,-0.0315344463,0.0117036316,-0.0121522942,0.0038111839,-0.0149023168,-0.0070860561,0.0025784625,-0.0344905613,-0.0194800852,0.0107879779,-0.0267373802,0.0017449796,0.0151318072,0.0087076214,-0.0313442839,-0.0290231985,-0.0105495922,0.0058264986,0.0354389877,-0.0141933128,-0.0219406684,0.0277931822,0.0042609112,0.0094233495
288.0000000000,-0.0232017050,-0.0190869906,-0.0059470586,-0.0035394751,0.0205497184,0.0084277302,0.0331265814,0.0163649640,-0.0030898828,-0.0315568263,0.0275318729,-0.0115829504,-0.0060084217,0.0057612647,0.0061809990,0.0118381700,-0.0159641358,-0.0057519494,0.0117838734,0.0070061960,0.0040399543,-0.0028344511,-0.0135701923,-0.0101038583,0.0064987987,-0.0326050110,-0.0125621663,-0.0031322696,0.0012409334,0.0012330551,-0.0077096187,0.0131653458,-0.0063918975,0.0177962077,-0.0103146851,0.0083707707,-0.0006576081,0.0337400647,-0.0158702378,-0.0375426607,0.0176467144,-0.0302013381,0.0026397428,0.0117599376,0.0128941484,-0.0172094918,0.0022497653,0.0137941925,-0.0025974054,0.0094669439,-0.0052361231,0.0203691752,0.0316406300,0.0037853212,-0.0139228397,-0.0197829625,-0.0265393380,0.0148274569,-0.0210573049,-0.0311146961,0.0263945244,0.0078755183,0.0239767349
289.0000000000,-0.0254941512,-0.0058626140,0.0079070693,0.0199869400,0.0338024558,-0.0072168217,0.0069821942,0.0036837441,0.0070125889,-0.0130622601,0.0017286919,0.0302060828,-0.0041858255,0.0046469125,0.0040052443,0.0138378230,-0.0107399364,-0.0208367820,0.0195740398,-0.0099379720,0.0153086215,0.0026249134,0.0107032273,0.0097844383,-0.0091424887,0.0155227577,-0.0285312988,0.0015949588,0.0001280753,0.0027887625,-0.0036313995,-0.0193134344,0.0165842367,0.0184975078,-0.0073461813,0.0181253203,0.0000427771,0.0098715488,0.0154489669,-0.0220009946,-0.0103384067,0.0051186712,-0.0187956741,0.0282905648,-0.0194441671,0.0096312872,-0.0149381949,0.0106808897,0.0214789541,-0.0117484082,-0.0149051047,0.0170023330,-0.0193091430,-0.0304502246,0.0094980261,0.0023002188,-0.0027844603,0.0115422072,-0.0127127345,-0.0196347519,0.0147493962,0.0016307943,0.0163277287
290.0000000000,0.0235901383,0.0074513811,0.0214685330,0.0083431806,0.0257723808,0.0198334977,0.0043535274,-0.0110843841,0.0105483186,-0.0069359830,-0.0000384551,-0.0062860280,0.0127362706,-0.0346635320,0.0086830400,0.0160374380,-0.0269621034,0.0103850598,0.0108200491,0.0110936200,0.0165501448,0.0264659093,-0.0137612704,0.0090088923,0.0243603230,0.0103427494,-0.0258584690,0.0211557182,0.0214207842,0.0244744415,0.0077473997,0.0265849922,-0.0120942825,-0.0071394533,0.0043109412,0.0163812698,0.0051608404,0.0110564118,-0.0027922696,-0.0165925766,0.0025596478,0.0065634154,-0.0004703356,0.0104818749,-0.0143213309,-0.0029486277,-0.0119020041,-0.0027381767,-0.0118443084,-0.0049418145,-0.0019324838,0.0130694537,0.0019938484,-0.0066548668,0.0164063904,-0.0145267085,-0.0073133995,0.0052919496,-0.0112371114,-0.0043811281,0.0166909221,0.0063992923,0.0163737537
291.0000000000,-0.0191961307,0.0369028864,0.0162650365,0.0049691922,0.0486140990,0.0059661756,0.0241578348,0.0029230916,0.0020608847,-0.0108072491,0.0315371554,0.0232093093,0.0000136571,-0.0112650147,0.0083459574,0.0092530260,-0.0218873140,0.0059129832,0.0247736985,0.0097390501,0.0175615478,0.0165202407,0.0147053113,0.0025576810,0.0170339062,-0.0172830849,-0.0325154568,0.0144488094,0.0026613320,0.0151407866,-0.0129378484,0.0184731113,0.0140089335,0.0162446051,0.0019634180,0.0048816505,0.0135827525,0.0221530910,0.0010532715,-0.0137935659,-0.0215871368,-0.0016644439,0.0012239307,0.0054825217,0.0075244439,0.0060528721,-0.0115462036,-0.0029112915,0.0101311181,-0.0169769468,-0.0223186148,0.0433598849,0.0233951801,-0.0232338850,-0.0102162511,-0.0075281220,-0.0034603913,0.0240158089,-0.0097849048,-0.0208758440,0.0024039061,0.0021654895,0.0312853329
292.0000000000,-0.0126085636,0.0122704451,0.0150101451,0.0055315644,0.0365090446,0.0129112431,0.0187146220,0.0097941307,-0.0303911298,-0.0266791688,0.0205434011,-0.0106983409,-0.0083757931,-0.0106146050,0.0165665453,0.0114486924,-0.0335281822,-0.0055659074,0.0276021889,-0.0020929101,0.0346609179,0.0127706646,0.0249101606,0.0177227247,0.0215972105,0.0000236286,-0.0075194675,0.0057303049,0.0027280590,-0.0023094502,-0.0239633498,0.0100411357,0.0186722653,0.0210623882,-0.0027102385,0.0177142919,0.0118366615,-0.0115184716,-0.0042085930,-0.0120598860,0.0090683822,0.0041542363,0.0114871237,0.0125779256,0.0243486019,0.0040628025,-0.0082088346,0.0046080051,0.0065956886,0.0067553166,-0.0124367876,0.0274478796,0.0335041750,-0.0310319564,-0.0204090655,-0.0208416384,-0.0130384874,0.0035383629,-0.0058643393,-0.0319181012,0.0066253307,-0.0040437527,0.0110906073
293.0000000000,-0.0019796719,-0.0076671100,-0.0031193515,-0.0015732941,0.0320914574,0.0109159392,0.0065283085,0.0048036242,0.0128340791,-0.0057078304,0.0175414483,0.0147417688,-0.0330206294,0.0029116834,-0.0019251007,0.0180279813,-0.0152042193,-0.0145753231,0.0186193363,0.0116044454,0.0116426177,-0.0145301676,-0.0321919175,0.0104280236,0.0100668213,-0.0041918232,-0.0131726691,0.0059570693,0.0048971143,0.0073562703,-0.0059718576,0.0163561987,0.0251571501,0.0099580446,0.0117657290,-0.0116273860,0.0019377418,0.0126047796,0.0035792244,-0.0189960303,-0.0097411183,0.0254466156,-0.0219421641,0.0079316215,-0.0061577565,-0.0236532741,-0.0031612668,-0.0095488217,0.0145026685,-0.0032533160,-0.0055112261,0.0328383921,-0.0020758299,-0.0175351270,0.0006457316,0.0022533984,-0.0195320871,0.0051871779,-0.0025604436,-0.0055388558,0.0307499638,0.0090619932,0.0138447578
294.0000000000,-0.0062524910,0.0043544948,0.0108555747,0.0200232847,0.0281379957,-0.0126836527,0.0288988691,0.0028148382,0.0096600125,0.0051528575,0.0035007788,-0.0134358381,-0.0105051599,-0.0160931958,0.0184667784,0.0206465119,-0.0026215445,-0.0078554962,0.0242899600,-0.0079412398,0.0002717105,0.0161088510,0.0118214207,-0.0068779904,0.0146047426,-0.0153427007,0.0001636693,0.0210153195,0.0242893026,0.0298868885,0.0176998591,0.0092721599,0.0239015085,0.0066503496,-0.0005510184,0.0124520717,-0.0099332071,0.0051553270,0.0084025033,-0.0174019263,-0.0000094711,0.0061807517,0.0021642946,0.0461685274,-0.0189519529,-0.0108688118,-0.0098642195,-0.0107030657,0.0177144651,-0.0171694448,-0.0163550027,0.0322566275,-0.0110856529,-0.0030543604,-0.0106282358,0.0090013333,0.0033569834,0.0083106048,0.0099661391,0.0033841346,0.0047478488,0.0109897618,0.0126069148
295.0000000000,0.0032197263,-0.0159830763,-0.0187312889,0.0074192141,0.0330121554,0.0036781859,0.0098828742,0.0177385250,-0.0138535998,-0.0094671764,-0.0024858901,0.0079504541,-0.0107291849,-0.0002693874,-0.0037973794,0.0056622695,-0.0206448716,0.0124413127,0.0102834539,0.0095820913,0.0081092632,0.0105331972,-0.0013812610,-0.0212939520,0.0020380516,0.0123905356,-0.0035597882,0.0109561177,0.0068240524,0.0162184244,0.0044333351,0.0057530121,0.0106964597,0.0356957231,0.0186411284,0.0107941547,0.0061186121,-0.0100778918,-0.0209317091,0.0083803679,0.0054661820,0.0052699987,-0.0089164212,0.0016679086,0.0184809449,0.0080924728,0.0045887489,0.0112390148,0.0135870217,-0.0201079962,0.0048086253,0.0325617271,0.0110423569,0.0015889083,-0.0154621628,0.0140293147,-0.0017905726,0.0217897296,-0.0132996138,-0.0069259779,0.0177865987,-0.0080947995,0.0248011018
296.0000000000,-0.0113090581,0.0167591549,-0.0016018671,0.0271165872,0.0303759724,0.0129471445,0.0108071534,0.0167351093,0.0141299580,-0.0332505175,0.0192725189,-0.0118699944,-0.0059981364,0.0086326190,0.0048879813,0.0203024331,-0.0268051982,0.0035077381,0.0209650713,-0.0057382112,0.0280380423,0.0248257220,-0.0071673145,-0.0053646055,0.0230911615,-0.0033648540,0.0050593398,0.0021492279,-0.0026501904,-0.0005897437,-0.0054182330,0.0054430854,0.0169895079,0.0230969256,-0.0003360597,0.0024286939,0.0117949087,0.0148056038,0.0016452604,-0.0188467633,-0.0115248923,0.0030278497,0.0118434154,0.0152289892,-0.0110830550,-0.0320010634,-0.0089511237,-0.0170167940,0.0141897560,-0.0143372625,0.0016182149,0.0275506045,0.0081057469,-0.0051461594,0.0192582412,-0.0451159026,0.0120996811,0.0319085243,-0.0182170170,-0.0293185732,0.0177749991,0.0003527621,0.0246854467
297.0000000000,-0.0069465692,0.0175177843,0.0030033684,-0.0092728835,0.0310047877,0.0152456324,0.0040354956,0.0269194669,-0.0088666555,-0.0222185256,0.0054697858,0.0283367386,-0.0264840460,0.0138648242,-0.0184918784,0.0095872653,-0.0218333991,0.0118573733,0.0039059853,-0.0014986282,0.0134487692,0.0053890873,0.0072775475,-0.0050915240,0.0167316431,0.0172261566,-0.0111056154,0.0042061220,0.0063659966,0.0044338375,0.0047826330,-0.0019404479,0.0201152236,0.0340406196,0.0093837836,0.0213079049,-0.0004473323,0.0029537876,0.0098734348,-0.0123310857,-0.0129811765,0.0047246724,0.0072711818,0.0368091065,-0.0128854183,-0.0195421825,0.0051785144,-0.0013650076,-0.0016444766,-0.0197929588,-0.0248993966,0.0306013566,0.0182142148,0.0136263454,-0.0025186360,-0.0079915809,0.0033235422,0.0213997865,0.0147671736,-0.0219981086,0.0239015398,0.0005437802,0.0208521460
298.0000000000,0.0234038531,0.0105466641,-0.0000672316,0.0245135554,0.0272386896,0.0176020141,-0.0033351712,0.0212325918,-0.0142171749,-0.0197228083,0.0145082320,0.0155440986,-0.0152601648,0.0195372481,-0.0080678977,0.0263031005,-0.0375604787,0.0104899410,0.0325935504,-0.0074308657,0.0079849804,0.0023038569,0.0031467123,0.0010585080,0.0115012313,-0.0186978411,-0.0173357482,-0.0036985733,0.0043260836,0.0036474688,-0.0096319858,0.0017663137,0.0195537371,0.0179949068,-0.0128496529,0.0076736658,-0.0007595786,0.0285428449,-0.0279354949,-0.0217142403,-0.0114840889,-0.0250493144,-0.0080727864,0.0095663340,0.0055956164,-0.0060930181,-0.0167770918,-0.0151659452,0.0130676641,-0.0033072702,-0.0266367768,0.0498542730,0.0120132920,-0.0060879610,-0.0121482441,-0.0235430545,0.0137601238,0.0048372263,-0.0145606606,0.0052347710,0.0003701207,-0.0076902484,0.0520625120
299.0000000000,0.0136298422,-0.0020107399,-0.0047257889,0.0286325391,0.0335115062,0.0239018313,0.0091017127,0.0215607251,-0.0066779817,-0.0095984817,0.0283277119,0.0035619422,-0.0036538303,-0.0046268760,-0.0217621400,0.0118169605,-0.0018045585,-0.0136580435,0.0303941307,0.0055792000,-0.0010223994,-0.0042752689,-0.0030487132,-0.0079205504,-0.0126196539,-0.0221448856,-0.0021274831,0.0126568504,-0.0020726138,-0.0005655913,-0.0078655042,0.0007587937,-0.0025404563,0.0029666285,0.0069725034,0.0061715276,-0.0177790133,0.0056520248,-0.0058333482,-0.0253737920,-0.0039178563,-0.0319091963,-0.0145358136,-0.0001094869,0.0047686959,0.0160576845,-0.0231391924,-0.0088757573,0.0006057713,-0.0159931669,0.0107888169,0.0354049601,0.0103736939,0.0004966534,-0.0235546441,-0.0245059207,-0.0065007603,0.0004446992,0.0019688010,-0.0452676762,0.0027297976,0.0024212686,0.0204889459
300.0000000000,-0.0064955150,0.0194766877,0.0186719606,-0.0005981461,0.0399788685,-0.0108566194,0.0185448247,-0.0080199826,0.0078887912,-0.0040059962,0.0086978902,0.0088557097,-0.0055854745,-0.0035920839,0.0160093460,0.0296666879,-0.0103747888,0.0285142235,0.0231257418,-0.0013299668,0.0079393454,0.0153544951,-0.0021358482,0.0024221052,0.0124742509,-0.0199079888,0.0060163985,0.0114262605,0.0089465966,-0.0172925858,0.0072118702,0.0009793969,0.0149036857,-0.0006318242,-0.0124770556,0.0029743660,0.0144604693,0.0020128789,0.0169996939,-0.0356601752,0.0189144993,-0.0088487478,-0.0042608201,0.0021374729,0.0066521689,0.0078421383,-0.0086805471,0.0002401595,0.0040645757,-0.0068468130,0.0087342084,0.0384384806,-0.0051756503,0.0042413813,-0.0381304635,0.0111473400,-0.0133236064,0.0012563121,-0.0158017006,-0.0139692819,-0.0012612096,0.0019070109,0.0087035196
301.0000000000,-0.0253950338,0.0211106321,0.0122449435,-0.0120382324,0.0281713933,0.0199029170,0.0042152364,0.0080376001,-0.0034580535,-0.0126947669,0.0205188174,-0.0000876567,-0.0215674356,0.0051322088,-0.0178150565,0.0492998256,-0.0186076861,0.0046740954,0.0245618305,0.0084678013,0.0245443285,0.0262557844,0.0078591587,0.0017749101,0.0059908276,-0.0354204786,-0.0535539298,-0.0029163738,0.0109274659,0.0265781374,0.0268014536,-0.0040898420,0.0084808909,0.0222360256,0.0039764355,0.0075574196,-0.0149523429,0.0126730373,-0.0269910684,-0.0378455521,-0.0235744661,-0.0177647748,-0.0025743542,0.0028596303,0.0051286069,-0.0009230209,-0.0191563724,-0.0205584516,0.0033420519,-0.0277857526,-0.0162539040,0.0185455439,0.0043141683,-0.0129991274,-0.0135357886,-0.0024001514,-0.0153959025,-0.0041295435,-0.0146947686,-0.0115029734,0.0120090736,0.0000336260,-0.0032637628
302.0000000000,-0.0006542283,0.0106699311,-0.0171675751,-0.0064478830,0.0291150742,0.0119279612,-0.0036194370,-0.0030409689,-0.0080168620,-0.0217444601,0.0218884932,-0.0014507922,0.0023023370,-0.0112915677,0.0019027314,0.0132271425,-0.0131483805,0.0041270944,0.0144332769,0.0038023218,0.0129746664,0.0082177238,0.0108540259,-0.0056921466,0.0206536341,-0.0080350908,-0.0222369135,-0.0023160357,-0.0092475018,0.0117238754,-0.0071761627,0.0268408151,0.0035477572,0.0216704632,-0.0035091505,0.0282697855,0.0169044511,-0.0080992599,0.0032771364,0.0045384642,-0.0023585250,-0.0261657359,-0.0143815006,0.0222414782,-0.0042760605,-0.0091596932,0.0008301027,-0.0237628332,0.0163388472,-0.0037349335,-0.0075178284,0.0285802641,0.0125571027,-0.0180305289,0.0042785938,-0.0033394936,-0.0182245320,-0.0014420795,-0.0061547962,-0.0196837790,0.0173557841,0.0075954814,0.0220474376
303.0000000000,0.0010131012,-0.0006717707,0.0042453682,-0.0151186081,0.0356139685,0.0169520320,0.0071573132,-0.0102979921,0.0355170510,-0.0329338954,0.0159051420,0.0205772250,-0.0207629055,-0.0149888707,-0.0239487505,0.0323964630,-0.0070871039,0.0119183285,0.0312555795,0.0061105975,0.0220766203,-0.0008587211,0.0089956428,-0.0069504622,0.0039611985,-0.0172385544,-0.0324281181,0.0311739776,-0.0083712018,0.0119146168,-0.0077638221,0.0025385411,0.0069085009,0.0159441530,0.0124284442,0.0105805084,0.0078324134,0.0136896084,-0.0050340206,-0.0222661809,-0.0067290591,-0.0149085812,0.0014157246,0.0154002755,-0.0160821053,0.0048444613,-0.0062405304,-0.0115464441,0.0085095797,-0.0179008565,0.0050251058,0.0199915657,-0.0212901456,-0.0079024686,-0.0147619645,-0.0022720667,-0.0170721647,0.0276115852,-0.0110216661,-0.0262626304,0.0339453472,-0.0112023242,0.0094619663
304.0000000000,-0.0178183569,0.0169514620,-0.0051064058,0.0232797794,0.0379068786,-0.0007550896,0.0062328273,0.0101303856,-0.0047970744,-0.0008039280,0.0226905530,0.0094259035,-0.0163439182,-0.0022520868,-0.0067612629,0.0083935432,0.0020258590,0.0317410025,0.0114667814,0.0119397109,0.0004825937,0.0096110277,0.0180740868,0.0024637019,0.0280938564,-0.0039235440,-0.0046291175,-0.0011287338,0.0060720568,0.0052328158,-0.0046428688,0.0104269133,0.0113240180,-0.0099685022,-0.0023848095,0.0008225561,-0.0037980880,-0.0050175507,0.0135711359,-0.0334799648,-0.0010150150,-0.0126809187,0.0117898752,0.0004152958,-0.0303235827,0.0061523921,-0.0124921206,0.0098763659,0.0075733251,-0.0365399894,0.0031570662,0.0138964444,-0.0113760888,-0.0354685773,-0.0101344469,-0.0259838450,-0.0213085261,0.0182125939,0.0043281042,-0.0170218872,0.0121893721,0.0014237511,0.0127821130
305.0000000000,-0.0137872168,0.0028830299,0.0055235993,-0.0245767365,0.0183720854,0.0213258330,0.0111243644,0.0382584166,0.0146487746,-0.0068390163,0.0097695284,-0.0088018913,-0.0307679126,-0.0074567376,-0.0020799829,0.0045943265,-0.0060997998,0.0131655654,0.0148881498,-0.0187518304,0.0159999864,0.0168152692,-0.0063646908,-0.0066792961,0.0003923930,-0.0017683918,-0.0103834898,0.0356244452,0.0170026195,-0.0057485391,-0.0110619248,0.0084752047,0.0229446920,0.0110425315,-0.0009867615,-0.0072024056,0.0025260256,-0.0074864459,0.0140247077,-0.0252533440,-0.0103564769,0.0007186891,0.0023114784,0.0189041156,0.0128686118,-0.0034200280,0.0128549117,0.0028695062,-0.0249206501,-0.0166485585,-0.0037129104,-0.0011353391,0.0309123837,-0.0017518652,-0.0130079734,-0.0157499173,0.0189714492,0.0024271268,0.0027097395,-0.0374162844,0.0211300621,0.0192427687,0.0146291719
306.0000000000,-0.0129919938,0.0103310444,-0.0065502993,0.0071718471,0.0370889607,0.0112579113,0.0225902194,0.0032831664,-0.0139859922,-0.0082884932,0.0186834812,0.0025074520,-0.0201805707,0.0039750047,0.0080449485,0.0004866011,0.0105180686,0.0122193304,0.0209217955,-0.0035458774,0.0051783941,0.0178559712,0.0153846140,-0.0118603557,0.0070068406,-0.0085505698,-0.0067147127,-0.0002850401,0.0029914196,0.0190881206,-0.0092185444,0.0031616804,-0.0108596810,0.0150905900,0.0137884898,0.0048398071,0.0059273038,0.0005685333,0.0136449785,-0.0217853717,0.0000516340,-0.0019382327,-0.0162857676,0.0227857217,0.0313198297,-0.0107339527,0.0077590928,0.0019951523,0.0082734071,-0.0157926748,-0.0191041962,0.0127377330,-0.0018282856,-0.0049294522,-0.0052823047,-0.0348232375,-0.0134251003,0.0011232370,0.0111209500,-0.0268782204,0.0217119153,-0.0168225103,0.0038713527
307.0000000000,0.0102841931,-0.0057688624,0.0093630704,0.0045773599,0.0280215754,-0.0109601346,0.0019901337,0.0092255912,0.0119885457,-0.0215481399,0.0169700080,0.0237204007,-0.0090848635,0.0094097874,0.0235060297,0.0025934357,-0.0040488297,0.0081967673,0.0066268087,0.0045366276,0.0316190480,0.0243234718,-0.0002274692,0.0002750932,0.0041862894,-0.0370175242,-0.0314685356,0.0019415392,0.0023771335,-0.0050786288,0.0034723701,0.0098456332,0.0251264079,0.0034898936,0.0019391543,0.0203185593,-0.0071508377,0.0339135363,0.0211572193,-0.0318729438,-0.0018425629,-0.0078339678,-0.0016781421,0.0051759505,0.0093861942,0.0037314281,0.0076019522,-0.0139186175,0.0248207134,-0.0050075529,-0.0028977598,0.0291978864,0.0127051043,-0.0194829406,-0.0013045700,-0.0399507980,0.0027046174,-0.0009871686,-0.0055889710,-0.0112315799,0.0241271664,0.0078149641,0.0100155007
308.0000000000,-0.0262176123,-0.0099276959,-0.0072058661,0.0115605454,0.0305817939,0.0027891964,-0.0106934730,-0.0023011220,-0.0044723577,-0.0211289439,0.0299080270,0.0259897708,-0.0304333712,-0.0089218586,-0.0019144091,0.0117311973,-0.0024655629,-0.0159120417,0.0093517712,-0.0147172019,0.0162379034,0.0129595815,-0.0138475197,-0.0185864499,0.0061195361,-0.0024359752,-0.0096738903,0.0107325069,0.0014220872,0.0156588485,0.0158649605,-0.0032763886,0.0194250623,0.0301104298,0.0049230182,0.0086185764,-0.0138065821,0.0020847890,-0.0168733516,-0.0453802085,0.0087098909,-0.0061456995,-0.0239914334,0.0195666082,-0.0025366732,-0.0068796562,-0.0199380375,-0.0090239825,0.0066557036,-0.0140487667,-0.0022597009,0.0214337291,0.0004950819,-0.0138814162,-0.0140069511,0.0013831904,0.0258906647,-0.0021722381,-0.0010080328,-0.0285015672,0.0126979408,-0.0129922301,0.0151352913
309.0000000000,0.0041944017,0.0085397908,0.0077914362,0.0230577917,0.0532086451,0.0206927331,0.0443483447,0.0072514392,-0.0070471229,-0.0431800192,0.0234973360,0.0024384694,-0.0150086970,-0.0028140048,-0.0252252577,0.0228199376,-0.0117063676,0.0132692515,0.0092762959,0.0033196743,0.0175924079,0.0262786665,-0.0338617629,-0.0072719807,-0.0034355049,-0.0286863719,-0.0069062820,0.0037124011,0.0149348287,0.0306268083,-0.0172259554,0.0161554134,0.0113076712,0.0172804214,0.0031175401,-0.0053332378,-0.0113469910,0.0120392939,0.0285470276,-0.0175293835,-0.0034549427,-0.0336365591,-0.0044303764,0.0265437309,0.0058593087,-0.0040041570,-0.0120260010,-0.0043255813,0.0007271643,-0.0233382738,0.0136497543,0.0407697153,0.0247585741,-0.0019403911,0.0022841143,-0.0173178079,-0.0061617252,0.0194832529,-0.0150315722,-0.0089024637,0.0252895079,-0.0222659533,0.0099723044
310.0000000000,-0.0076597130,-0.0100173273,0.0090571581,0.0007538512,0.0093814237,0.0219731160,-0.0178329876,0.0113364343,0.0186664450,-0.0132557895,0.0129935447,-0.0076032187,0.0080655726,-0.0117283600,-0.0011281302,0.0307380232,-0.0146821521,-0.0231388275,-0.0163096587,-0.0198760482,0.0096421055,0.0183516030,-0.0076502707,0.0038425774,0.0222120940,-0.0256354007,-0.0106934653,-0.0179485969,0.0275507923,0.0079850609,-0.0148041454,0.0139930213,0.0067876162,0.0121134383,0.0195794002,0.0063118148,-0.0108426584,-0.0138980612,-0.0158926904,-0.0279714961,-0.0117118185,-0.0159009487,0.0056686964,-0.0085477924,-0.0040181691,0.0119585355,-0.0107128063,-0.0059197095,0.0435835337,0.0151172017,0.0002229885,0.0281585008,0.0047813925,-0.0166291407,-0.0009601866,-0.0160536493,-0.0221814390,-0.0052508284,0.0095894421,0.0201272687,0.0091547300,0.0105595876,-0.0005210292
311.0000000000,-0.0276514800,0.0161283488,-0.0066390748,0.0262826304,0.0223349448,0.0155089811,-0.0031740468,0.0216192539,0.0163555081,-0.0346788712,0.0109780629,0.0003953240,-0.0219540478,0.0092831961,-0.0003063849,0.0275171105,-0.0115597117,0.0002948234,0.0250073307,0.0181239716,0.0098401595,0.0219729847,-0.0025275745,-0.0065805825,0.0328030850,-0.0050414768,-0.0097332592,0.0001813215,-0.0012449283,0.0170428321,0.0002549766,-0.0096304320,0.0063265861,0.0219686812,-0.0085810985,-0.0085137431,0.0164710754,0.0235698341,0.0006175137,-0.0230812452,0.0095554786,0.0219617989,0.0143628731,0.0182125204,0.0045343946,0.0205055940,-0.0274025712,-0.0006116102,0.0043034819,-0.0122256814,-0.0330910333,0.0111491640,-0.0009652461,-0.0169494392,0.0070711802,-0.0090676693,-0.0121858379,0.0263386402,-0.0088529465,-0.0135808230,0.0209287802,-0.0044721371,0.0301985295
312.0000000000,0.0012330828,-0.0030653488,-0.0018518261,0.0126928331,0.0133476707,0.0093235426,-0.0024349036,0.0026161785,0.0015328705,-0.0095173460,0.0083840266,0.0053338822,-0.0312641464,0.0069259342,0.0129900280,0.0162402332,0.0023109965,0.0162464141,0.0067554826,-0.0083748517,-0.0044768540,0.0083447244,-0.0068925808,-0.0296317092,0.0096790730,-0.0025652501,0.0229501016,-0.0094477984,0.0082079588,0.0261015375,-0.0094569753,-0.0067982594,0.0089178812,0.0362818793,0.0003034150,0.0078982575,-0.0093858902,0.0171716524,0.0042385898,-0.0382299150,0.0086265498,0.0023951897,0.0095603469,0.0145330004,-0.0020466545,-0.0163027877,0.0060290117,0.0018445329,0.0064858724,-0.0026713692,-0.0107565298,0.0167358290,-0.0088622159,-0.0168108803,0.0115198226,-0.0173890030,-0.0073575780,0.0104398669,0.0112755522,-0.0109376335,0.0049689782,-0.0269925985,0.0105278154
313.0000000000,-0.0019796091,0.0073478224,-0.0028983234,0.0070185339,0.0545307546,0.0045013246,0.0097876060,0.0057245255,-0.0158570898,-0.0186455274,0.0175638495,-0.0003100161,-0.0341509265,-0.0020707767,0.0132467641,0.0217069807,-0.0268631578,0.0081692716,0.0264424636,0.0072996406,0.0233423376,0.0220623693,-0.0121424095,0.0008849100,0.0183171912,-0.0399928002,-0.0127712070,-0.0026835716,0.0140258072,-0.0054764576,-0.0113632639,0.0001142593,0.0087584547,-0.0125969413,0.0178943133,-0.0109171657,0.0008119549,0.0130939649,0.0137624247,-0.0314727944,-0.0302293969,0.0169576610,0.0004303414,0.0343893338,-0.0063233925,0.0115757048,0.0069855286,0.0105659316,0.0315001377,-0.0151576076,0.0211030656,0.0314403294,0.0087880244,-0.0134853349,0.0180642191,-0.0207483940,0.0002081260,0.0352780166,-0.0179790450,-0.0285998362,0.0319116659,0.0066399836,0.0163701537
314.0000000000,-0.0166075764,-0.0146056284,0.0173463697,0.0069046209,0.0253950179,0.0245840351,0.0095372751,0.0200902721,0.0224616091,-0.0385309551,0.0173857860,0.0025735277,-0.0056399328,-0.0020295721,0.0299912105,0.0116566172,-0.0172656330,-0.0212031197,0.0368055790,-0.0155838035,0.0133521413,0.0273237647,0.0039021760,-0.0262195307,0.0102009168,-0.0114254964,-0.0104357979,-0.0047300519,0.0072054810,-0.0004772142,-0.0224923553,0.0060591101,0.0108800767,0.0158464070,-0.0059660974,0.0251914036,0.0016235494,0.0054836892,-0.0109636856,-0.0277020782,-0.0178755403,-0.0049502673,-0.0076521002,0.0072727807,-0.0030250720,0.0111236023,-0.0172197370,0.0086922571,0.0042997924,-0.0190073595,-0.0194326300,0.0280137504,-0.0042846155,-0.0047589479,-0.0183500774,-0.0047247159,-0.0081347140,0.0211352106,-0.0070953304,-0.0159874042,0.0031844604,0.0292211274,0.0086575208
315.0000000000,-0.0370376786,-0.0044596798,0.0045064089,-0.0103243917,0.0547740009,0.0145414002,0.0230702613,0.0148959075,0.0107625278,0.0043469250,0.0406913702,0.0101508106,0.0006684725,0.0322850966,-0.0084590961,0.0014622771,-0.0196464609,-0.0171047975,0.0305251718,0.0087538968,0.0211466333,0.0132506219,0.0050745310,-0.0126410665,0.0228706230,-0.0341446567,-0.0277095964,0.0150821361,0.0001664555,0.0037229480,-0.0115847718,0.0245315408,0.0221694595,-0.0007552124,-0.0021858590,0.0002465484,0.0149783224,0.0077113209,-0.0112746271,-0.0285862187,-0.0030423001,0.0089653454,-0.0201215195,-0.0028772505,0.0053482897,-0.0089556137,-0.0061696832,-0.0049106650,0.0015449265,-0.0101770327,-0.0104112595,0.0254941866,-0.0007388220,-0.0235268827,-0.0148694313,-0.0260162790,0.0057287198,0.0247038480,-0.0335578300,-0.0105161462,0.0175839239,0.0160801720,0.0048034162
316.0000000000,-0.0018921740,-0.0069947283,-0.0134949510,0.0084951459,0.0136954269,0.0118681859,0.0160185187,-0.0047942903,0.0152535516,-0.0172031172,0.0429553047,0.0098471715,-0.0075083551,-0.0057637049,0.0168275860,0.0084844499,-0.0182464305,0.0031251867,0.0123215824,0.0225394295,0.0116975260,0.0176803240,0.0224659996,-0.0107953482,-0.0084973927,-0.0039530537,-0.0132563360,-0.0075580328,0.0170520882,0.0007740251,0.0108781326,0.0183671849,0.0036871771,0.0072895866,0.0098307804,0.0235679174,-0.0235356173,-0.0083892994,0.0189863744,-0.0253305357,0.0017117796,-0.0131338929,0.0158163579,0.0027793393,0.0166564300,0.0105946745,0.0032367933,0.0173644078,0.0109067673,-0.0098207697,-0.0097272545,-0.0066240804,-0.0064311929,0.0076130944,-0.0019841507,-0.0118999098,-0.0087192582,0.0061854163,0.0014991738,-0.0213872993,0.0018265717,0.0112105073,0.0093919057
317.0000000000,-0.0027681650,-0.0023481424,0.0137454506,0.0055589944,0.0337497930,0.0083712577,0.0063824456,0.0081155917,0.0284011013,-0.0222159702,0.0335209733,0.0279671002,-0.0200217133,0.0216308441,-0.0228197790,0.0251560185,-0.0138187716,0.0031590413,0.0181002179,0.0069013070,0.0093088958,0.0216688137,-0.0085104737,-0.0053255035,-0.0017415161,-0.0135079929,-0.0128088110,0.0101413028,-0.0091152196,-0.0007304892,0.0022600846,0.0044565957,0.0096178642,0.0188907272,0.0005875111,0.0154302420,-0.0017603199,0.0163953656,0.0057236467,-0.0194672256,0.0028352318,0.0053119893,0.0003506718,0.0157073321,-0.0055545379,-0.0199032287,-0.0278485354,0.0034379837,0.0251646902,-0.0031917703,0.0070697670,0.0264201639,0.0117249058,0.0098700652,-0.0183979838,-0.0089756321,-0.0015295779,0.0097309238,-0.0043851089,0.0047050818,0.0324894878,0.0055786441,0.0078426129
318.0000000000,0.0017252644,-0.0041368667,0.0144044449,0.0004695718,0.0279357678,0.0100501057,0.0097818225,-0.0013948412,0.0053808655,-0.0146353628,0.0324428994,-0.0003186552,-0.0425101225,0.0195802657,0.0153326800,0.0126745568,-0.0167588669,-0.0146322674,0.0340511319,-0.0119964916,0.0242327967,0.0214571557,0.0025782749,-0.0078367319,0.0100233288,-0.0183540242,-0.0224118564,0.0052369262,-0.0060067891,0.0078785744,-0.0028059082,0.0082965735,-0.0134165291,0.0005965773,0.0059830740,0.0208046843,-0.0018973898,0.0110120092,0.0073232762,-0.0232501250,-0.0123644844,-0.0001391838,0.0100334233,0.0264742096,0.0074382731,-0.0204864893,-0.0014041433,0.0096665704,-0.0035068695,-0.0114067846,0.0076661620,0.0244950839,0.0060686109,-0.0039773676,-0.0062992985,-0.0474001549,-0.0238708290,0.0128059380,-0.0038457997,-0.0038513194,0.0188627744,0.0210679807,0.0045279324
319.0000000000,-0.0046221059,0.0074957105,0.0143156630,0.0227258014,0.0298434108,0.0083602217,-0.0100478147,0.0039391037,-0.0009630175,0.0025630638,0.0294423231,0.0222627533,-0.0375369773,0.0229237148,0.0164736736,0.0381868244,-0.0419370126,-0.0132003952,0.0186442290,-0.0128299215,0.0090684425,-0.0130755635,-0.0056053315,0.0034383287,0.0132630490,0.0011869409,-0.0286899534,-0.0075071500,-0.0108008014,-0.0213435946,-0.0008161913,-0.0179224066,0.0236093311,-0.0072821519,-0.0017368338,-0.0025357829,0.0045901058,-0.0037118154,-0.0075006340,-0.0130608674,-0.0003752092,-0.0098027746,-0.0068022125,0.0202559133,0.0063420768,0.0083722754,-0.0293291263,-0.0020809773,0.0276331730,-0.0026049532,-0.0062667411,-0.0000704866,-0.0097471095,-0.0119263341,0.0003133162,-0.0001809252,-0.0038940734,0.0304423038,0.0052375839,-0.0086934912,0.0175791845,-0.0188026741,0.0030431381
320.0000000000,-0.0008724723,0.0130190925,0.0095618371,-0.0083423166,0.0479170820,0.0067542444,0.0008824343,0.0280883361,0.0083799057,-0.0363363512,0.0404338254,-0.0127234661,-0.0264777164,-0.0298747746,-0.0235823885,0.0109948298,-0.0326341524,0.0012736159,0.0256530310,-0.0104641188,0.0321281752,0.0174901110,0.0088653361,-0.0155814735,-0.0059567565,-0.0127042116,-0.0307403808,-0.0067347617,-0.0063667196,0.0059665549,-0.0205112407,0.0207046394,-0.0046484087,0.0116750324,-0.0011987232,0.0224329057,0.0052745238,-0.0050186086,-0.0046864629,-0.0484038343,-0.0307348671,-0.0058705299,0.0097218108,0.0091315579,0.0019887139,-0.0131531167,-0.0241419391,0.0110677441,0.0015812731,-0.0241037518,0.0027632810,0.0051895473,0.0058408408,-0.0247552737,-0.0002242864,-0.0108215758,-0.0041408427,0.0013655197,-0.0008402347,-0.0104607128,0.0140683866,-0.0164461363,0.0172772414
321.0000000000,-0.0211936115,0.0064982368,0.0148550598,-0.0079119508,0.0225284599,0.0029975832,0.0208301679,-0.0016765301,0.0147952362,-0.0368059972,0.0048250245,0.0274576598,-0.0090924038,0.0226946682,0.0051090776,-0.0022359091,-0.0157004434,0.0084472679,0.0337738598,-0.0023917191,0.0238445088,0.0015739307,0.0259440937,-0.0153004772,-0.0021735378,0.0173085014,-0.0104947384,0.0146809524,0.0029707626,-0.0002184813,-0.0053108927,-0.0138697782,0.0052621769,0.0130734851,-0.0047544299,-0.0015143650,0.0008474583,0.0215198953,-0.0049996606,-0.0025805762,-0.0094906149,-0.0101157587,-0.0108959470,0.0005343769,0.0110525107,-0.0099356176,0.0118358196,0.0140678656,0.0083684477,-0.0005918758,-0.0147955583,-0.0000837354,0.0081138165,-0.0007413743,-0.0341994158,-0.0095742100,0.0191096306,-0.0179527622,-0.0123203577,-0.0052349496,-0.0149763224,0.0260923260,0.0238111525
322.0000000000,-0.0240139336,0.0190775128,0.0067262839,0.0143655540,0.0621433097,0.0047403198,0.0079973752,0.0213997974,0.0038119258,-0.0232598274,0.0313976025,-0.0082171429,0.0024793918,-0.0218038146,0.0060453651,0.0118649762,-0.0287363468,-0.0177219200,0.0262044460,-0.0015385232,0.0139645377,0.0217797671,-0.0254351564,0.0063468665,0.0225693258,-0.0035716590,-0.0159857532,-0.0033574581,0.0113127989,0.0182690427,-0.0075875160,-0.0023147724,0.0119591371,0.0123852332,0.0082208204,0.0084032350,-0.0066264506,0.0232274342,-0.0041219877,-0.0112232247,-0.0272701380,-0.0037779383,-0.0162843875,0.0021147897,-0.0104603409,-0.0208449900,-0.0290795303,-0.0049922322,0.0064622895,-0.0267808571,-0.0058421722,0.0403425645,-0.0012713133,-0.0148760755,0.0078118957,-0.0262053887,-0.0200618580,0.0333101716,-0.0062860495,-0.0133092711,0.0153071226,-0.0169775295,0.0196007176
323.0000000000,-0.0127199392,-0.0100616314,0.0192540394,0.0066630614,0.0406987214,0.0033722962,-0.0016023019,0.0181886885,0.0108378446,-0.0220266809,0.0444903258,-0.0070681724,-0.0299563729,-0.0012625038,-0.0066724337,0.0454000277,-0.0235944524,0.0122491490,0.0318143016,0.0109049505,0.0254078912,0.0205623005,-0.0041251486,-0.0374057965,-0.0061980598,-0.0128753445,-0.0321706954,-0.0113250913,-0.0216974625,0.0009184821,-0.0050743370,0.0029468770,0.0000630483,0.0130584529,0.0207675186,0.0072945104,0.0353397445,0.0263587075,-0.0074080148,-0.0349075416,-0.0159122918,-0.0155573742,-0.0046298792,0.0157493344,0.0042267423,-0.0015703146,-0.0102794661,-0.0115265161,0.0142532857,-0.0130607882,-0.0091195116,0.0178205244,0.0087350490,-0.0153708629,-0.0152203147,-0.0349776356,-0.0012927241,0.0547165916,-0.0111576962,-0.0202225068,0.0338427069,0.0155203048,0.0366148961
324.0000000000,0.0073783691,-0.0040878286,0.0006939927,0.0043681167,0.0493217356,0.0189564563,0.0416910938,0.0137756933,0.0018120871,-0.0324941156,0.0348789729,0.0024418023,-0.0055289570,-0.0085165697,-0.0085965050,0.0038004312,0.0047716402,0.0075333165,0.0236155692,0.0072852827,0.0261284936,-0.0088673315,-0.0110264257,-0.0085175774,0.0099482600,-0.0107089968,0.0007078514,0.0071653396,0.0165367985,-0.0139279847,0.0087803561,-0.0111498227,0.0150939840,0.0089232388,-0.0026423716,0.0011198503,-0.0028671510,0.0143513431,-0.0075885107,-0.0357351310,-0.0207577008,-0.0145371376,0.0098047826,0.0121994257,-0.0107114448,-0.0165134672,-0.0234843796,-0.0110449117,0.0260507280,-0.0158153227,-0.0148151974,0.0007240139,0.0239097633,-0.0318100663,-0.0233267410,0.0048679028,-0.0040707764,-0.0073743901,-0.0007834107,-0.0280279518,0.0252973432,0.0023937602,0.0058594020
325.0000000000,-0.0104024235,0.0008877648,-0.0104758596,0.0140653329,0.0216498455,-0.0059211485,-0.0005198252,0.0104896815,-0.0109676088,0.0031692428,0.0066154270,-0.0027504843,-0.0011787988,0.0032292723,0.0016063365,0.0175718371,-0.0254096870,-0.0075884778,0.0073497085,-0.0082562561,0.0084386715,0.0122595644,-0.0170945652,-0.0289974745,-0.0137417295,0.0186213665,-0.0002282144,-0.0123881355,0.0140161032,0.0193415719,-0.0151665707,0.0000990767,-0.0114231328,0.0089168301,0.0102451762,0.0164563599,-0.0117049465,0.0107949086,0.0124131420,-0.0095605881,0.0073216663,-0.0040618293,-0.0222577332,0.0145936513,-0.0024676017,-0.0095471839,-0.0033356798,0.0005581116,0.0054282889,-0.0307705625,0.0181891949,0.0079312101,0.0200123760,-0.0186701371,-0.0123990157,-0.0206956548,-0.0078081575,0.0142099253,0.0104275749,-0.0014101523,0.0124746897,0.0051889875,0.0074752912
326.0000000000,-0.0019205399,-0.0261112474,0.0071253387,0.0007196831,0.0319297425,0.0064674117,0.0238721654,0.0204301945,0.0140156850,-0.0261697935,-0.0005549947,0.0046977223,-0.0288951019,0.0004773477,-0.0021463003,0.0149084962,-0.0554297885,0.0051780226,0.0378388929,-0.0004146572,0.0290168899,0.0315108456,0.0017776173,-0.0030688466,-0.0078354331,-0.0165822920,0.0024778378,0.0195176780,-0.0031055392,0.0024538243,-0.0035936091,-0.0171088306,0.0165003796,0.0153989086,0.0006443848,-0.0041902377,-0.0076305779,0.0002496970,0.0027010694,-0.0319178145,0.0164993785,-0.0141150156,0.0267777212,0.0046387409,-0.0112268874,-0.0030160128,0.0055211260,-0.0169943655,0.0144184261,-0.0400868603,0.0114094460,0.0224362751,0.0126051563,-0.0113608200,-0.0160489790,-0.0106865849,-0.0018987186,0.0125444763,-0.0059130609,-0.0270993952,0.0087690235,0.0241863916,0.0034585498
327.0000000000,-0.0116740977,0.0145147475,0.0263173723,-0.0241451410,0.0353452964,0.0053234894,0.0109925909,0.0077584800,0.0023728103,-0.0237788014,0.0396633234,0.0049797074,-0.0323499465,-0.0217630551,-0.0101903099,0.0138265222,-0.0011518189,-0.0002312371,0.0262024077,0.0022227678,0.0046133995,0.0245319543,0.0138035924,-0.0031761876,0.0108373597,-0.0238947137,-0.0097582991,0.0112989464,0.0040168197,0.0045253427,-0.0068243063,-0.0004450548,0.0332894130,-0.0011150667,-0.0090245220,0.0049731701,0.0249447714,0.0111660413,0.0084339658,-0.0376969396,-0.0182422822,0.0100680398,-0.0366057292,0.0189761559,0.0062838122,-0.0227107475,-0.0319239934,-0.0066498339,0.0184184495,-0.0169461235,0.0084682808,0.0322653820,-0.0001207987,-0.0124061038,-0.0083403552,-0.0227313174,-0.0164379849,0.0181276361,0.0018794838,-0.0526537302,0.0349577212,0.0149614836,0.0151873439
328.0000000000,-0.0108025815,-0.0119520999,-0.0147058509,0.0112090222,0.0139636359,0.0260015099,0.0002711898,0.0223764415,0.0034984203,-0.0272425482,0.0055586180,-0.0201364722,0.0019812763,0.0163620740,-0.0060966373,-0.0063728124,-0.0116197277,-0.0011869940,0.0100676460,0.0105346700,0.0176144874,0.0029816796,0.0254990720,-0.0057767708,0.0023668451,-0.0096707717,-0.0015150277,-0.0113479120,0.0055264281,-0.0114040053,-0.0105461646,-0.0004196022,0.0164577252,-0.0006303297,0.0178977544,0.0157784842,0.0046764788,0.0079316198,0.0085858204,-0.0368846202,0.0131883101,0.0116955700,0.0070235720,0.0079064829,-0.0020774307,-0.0094824448,-0.0192569457,-0.0102000351,0.0134913573,-0.0136909687,0.0042588298,0.0147602881,0.0027294045,0.0015773988,-0.0023540173,0.0011643607,0.0206498983,0.0007116453,-0.0069881937,-0.0430959574,0.0332053873,-0.0065759371,0.0012106304
329.0000000000,-0.0076980952,0.0097176946,-0.0023845621,0.0208877129,0.0436235841,-0.0045262929,0.0077962157,0.0174038590,0.0095556655,-0.0247012350,0.0105128471,-0.0253927859,-0.0095549048,0.0196088666,-0.0031741470,0.0166143943,-0.0163685865,0.0025748198,0.0081328057,-0.0076497396,0.0099705707,0.0016009996,-0.0145247355,0.0064229676,-0.0087074216,0.0027481825,-0.0247693059,-0.0179954800,0.0084623608,-0.0017078213,-0.0069621171,0.0121781854,0.0084577722,0.0285605818,0.0002056501,0.0024307844,-0.0000310217,-0.0187260372,0.0127151091,-0.0061817187,0.0044692395,-0.0168457100,0.0091716176,0.0306078761,0.0057449604,-0.0090349387,-0.0236488173,0.0082120631,-0.0007746486,0.0028478731,-0.0056209021,0.0176179659,0.0033600147,0.0057473034,-0.0061366490,-0.0194162095,0.0154944141,0.0162309035,-0.0077918758,-0.0247915903,-0.0111162197,0.0036076072,0.0206237078
330.0000000000,-0.0266712792,0.0184553413,0.0076189999,0.0109845733,0.0302106765,0.0174458215,0.0125117259,0.0197801860,0.0063909058,0.0064858441,-0.0023866768,0.0105297897,0.0006946227,-0.0009473622,-0.0111603071,0.0169249861,-0.0124999140,-0.0058843465,0.0204244284,-0.0069752423,0.0024725716,0.0089540001,0.0055991391,0.0014246998,-0.0162198551,-0.0226157704,0.0071862421,-0.0031315277,0.0013293911,0.0249606627,-0.0260490443,-0.0034549266,0.0177543490,0.0192870560,-0.0157606483,-0.0128538822,-0.0209698808,-0.0069579191,0.0051104334,-0.0281972305,0.0180747098,0.0065036845,-0.0002787347,0.0192298487,-0.0327022560,0.0017406166,0.0099727404,-0.0098555383,0.0465332250,0.0076619623,-0.0405875188,0.0176186270,0.0075553935,0.0041861575,0.0089683370,-0.0146693808,-0.0202461138,0.0139188206,-0.0018637928,-0.0211330970,0.0019430310,-0.0092383893,0.0240609921
331.0000000000,-0.0033448748,0.0006070563,-0.0030618893,-0.0029238881,0.0244553827,-0.0043331777,0.0082701406,0.0268962205,0.0044052542,0.0127287071,0.0370203397,0.0063515001,0.0010349651,0.0142597317,-0.0002475173,-0.0079810328,-0.0033616141,0.0053520379,0.0014742779,0.0119121978,0.0047264582,-0.0013536714,0.0130467539,0.0093567004,0.0061802806,-0.0067119189,0.0069853960,-0.0140779203,-0.0024107071,0.0104100545,-0.0150408926,0.0048143207,0.0077620802,0.0082196361,0.0029460940,0.0210416809,-0.0013761020,0.0005118419,0.0190513471,-0.0052197033,0.0018682285,-0.0108575719,-0.0145513645,-0.0071005857,0.0000547211,-0.0096913508,-0.0276939533,-0.0131500697,0.0010134888,-0.0289825724,-0.0149090235,0.0223813830,0.0102642663,-0.0220104192,-0.0168868496,0.0035033594,-0.0098107841,-0.0057239641,-0.0269883354,-0.0100229988,-0.0001798113,0.0133514089,0.0058051376
332.0000000000,-0.0260826104,0.0091622592,0.0099368347,0.0082377438,0.0114316445,0.0238648794,-0.0227934918,0.0168951802,-0.0089384042,-0.0050590561,0.0386770924,-0.0080722792,-0.0022381395,0.0018943716,-0.0014132760,-0.0059079624,0.0008595086,-0.0011610399,0.0296801052,0.0077926097,0.0098468787,0.0082270565,0.0226668692,-0.0025688277,0.0076178226,0.0041804684,0.0046751527,0.0034825121,0.0189530357,0.0102123835,-0.0120064969,-0.0184322384,0.0175862089,0.0161747705,-0.0030858650,0.0065343582,0.0000371530,0.0070209830,0.0070506748,-0.0056456910,-0.0196815464,0.0062013474,-0.0175440076,-0.0012689681,-0.0243221870,-0.0178132857,-0.0131399003,-0.0077956768,0.0010064329,-0.0023656950,-0.0034888822,0.0053529173,0.0001863109,-0.0242650587,-0.0087070918,0.0002196731,-0.0144610367,0.0104382566,0.0070628899,-0.0071084623,-0.0012401452,0.0073495898,0.0101972106
333.0000000000,0.0095307667,0.0111174646,0.0006666226,-0.0048250096,0.0091388936,-0.0110467914,-0.0074947580,0.0022106630,-0.0010308213,-0.0084147038,0.0061964836,0.0007622196,-0.0220388689,-0.0194340302,-0.0025981331,0.0115388940,0.0000304967,-0.0094509360,-0.0103175136,-0.0310154273,-0.0008810105,0.0301912085,0.0013411862,0.0013255593,-0.0051820943,-0.0065566275,-0.0179100984,-0.0221856573,0.0064990966,0.0154731870,0.0232927736,0.0050740722,0.0019955457,0.0101007177,0.0133351733,0.0194854539,-0.0035271988,0.0113600654,-0.0107541276,-0.0206288991,0.0090664830,0.0171238094,-0.0187376632,0.0134493603,-0.0096606910,-0.0082923747,-0.0242951503,-0.0071056256,0.0206109355,-0.0048358972,-0.0067684931,0.0093981076,0.0034356054,-0.0046617636,0.0007158702,-0.0185781560,0.0122550036,0.0149134387,-0.0099874242,-0.0164242138,0.0159681425,-0.0072293705,-0.0018743964
334.0000000000,0.0137726764,0.0015000567,0.0065129990,0.0130998089,-0.0021646332,-0.0029845213,0.0179858810,-0.0132753922,0.0142639863,-0.0077883716,0.0063312224,-0.0148457425,-0.0270668870,0.0037132841,0.0033535721,0.0198579279,0.0005757953,0.0035163289,0.0060201889,-0.0277454898,0.0058920990,0.0114323474,0.0100546335,-0.0121322496,0.0208638183,0.0120437140,-0.0172772893,0.0027203024,0.0038466725,-0.0105357463,-0.0011557364,-0.0160176877,0.0204301128,0.0046028751,0.0293465896,0.0251434154,-0.0101999304,0.0061196161,0.0101499757,-0.0126540571,0.0150814784,-0.0136176722,-0.0204827653,0.0023714517,-0.0114763284,-0.0144138880,-0.0185010716,-0.0202302509,-0.0043919157,-0.0048273674,0.0202222660,0.0459780935,0.0117689919,-0.0048079731,-0.0100590627,-0.0166469000,0.0092949608,-0.0098236023,0.0125263341,-0.0129813349,-0.0135907960,-0.0163406787,0.0151420964
335.0000000000,-0.0248201752,0.0099144901,0.0304208703,0.0236201195,0.0289836990,-0.0116587943,-0.0010035045,0.0052473318,0.0108200781,-0.0068091942,0.0183901272,0.0069151605,-0.0131505318,-0.0053404228,-0.0057497557,0.0166626758,-0.0193682795,-0.0166823515,0.0043961880,-0.0064128855,-0.0044773848,0.0203022882,0.0203308593,-0.0079205577,-0.0084699263,-0.0122410383,-0.0029754410,-0.0072083134,-0.0007015697,0.0198822846,0.0043267702,0.0107416451,0.0073585009,0.0217958750,0.0171797501,0.0219980215,0.0051235347,0.0271746218,-0.0140307073,-0.0218149273,0.0154131053,-0.0010416902,-0.0245176924,0.0099760691,0.0075471186,-0.0019610008,-0.0108298467,-0.0125165304,0.0040654144,-0.0292634196,-0.0088333115,0.0076426538,0.0109303618,-0.0169889503,-0.0014931039,-0.0280046262,0.0144055730,-0.0062347309,-0.0197991645,-0.0161253090,-0.0036578793,-0.0024401484,0.0209695971
336.0000000000,0.0020719621,-0.0041882205,-0.0035076072,0.0182973943,0.0277497060,-0.0026893160,-0.0112716168,0.0188535410,0.0177744847,-0.0017393044,-0.0044323631,0.0066050286,-0.0161145016,0.0159868098,-0.0183362918,0.0283294099,-0.0171928410,0.0133373100,0.0217307087,-0.0071019955,0.0040113183,0.0345707274,0.0018746326,-0.0086414798,-0.0040219126,-0.0155212442,-0.0069045895,-0.0089739747,-0.0016591703,-0.0040876140,-0.0045183179,0.0016926811,0.0162272987,0.0103983751,0.0027410433,0.0089636990,0.0083806516,0.0130769510,-0.0026344942,-0.0113716685,0.0039237204,-0.0263415339,0.0120470468,0.0221539397,-0.0016268740,-0.0179284442,-0.0200077688,-0.0011472420,0.0165584763,-0.0347002090,0.0119900537,0.0314624613,-0.0088684663,-0.0128405386,0.0068178475,-0.0151993713,0.0052430532,0.0373950839,0.0035067520,-0.0108922713,0.0197134155,0.0150286452,0.0243995465
337.0000000000,-0.0056268600,-0.0055933357,0.0126999440,0.0003002756,0.0499943961,0.0058463725,0.0055818931,0.0201448595,-0.0078826884,-0.0327890204,0.0408868465,0.0146636183,-0.0089467621,0.0019924708,0.0050405773,0.0145096224,-0.0114132038,0.0154406896,0.0382174433,-0.0041520215,0.0220589192,-0.0011840546,-0.0067048776,0.0039639138,-0.0097343288,-0.0208312508,-0.0198880812,-0.0303904159,-0.0086688587,-0.0005521798,0.0107244781,0.0236030152,0.0153108884,0.0134234870,-0.0041483153,0.0129868918,-0.0053991976,0.0117757454,-0.0125211316,-0.0061545322,-0.0209692622,-0.0085946966,-0.0331923986,-0.0088310569,0.0360050005,-0.0162198406,-0.0207781127,-0.0000429024,-0.0025118083,-0.0033364061,-0.0181528776,0.0338285610,-0.0083129175,-0.0164498915,-0.0228441059,-0.0448677495,0.0206511180,0.0048952528,-0.0185968065,-0.0023338208,0.0231535948,0.0016826177,0.0227836654
338.0000000000,-0.0110870109,0.0143775512,0.0107000652,0.0172433818,0.0233978682,-0.0101509283,-0.0180660815,0.0137196218,-0.0005562149,-0.0150623029,0.0186742533,0.0078707283,-0.0006721213,0.0091983393,0.0002503225,0.0177969259,-0.0199548975,-0.0067796143,0.0168787809,0.0242971869,0.0205278610,0.0036114186,0.0106777983,0.0006505073,0.0011771182,0.0086491572,-0.0101124866,0.0139983630,0.0040130542,-0.0073726074,-0.0073849482,-0.0156277810,-0.0064147658,0.0114678301,0.0068178572,0.0048236070,-0.0141722374,0.0170393029,0.0252846869,-0.0209344230,-0.0161577457,-0.0022548949,0.0079979853,-0.0083660623,-0.0135978037,-0.0068261596,-0.0335564873,-0.0148760887,0.0069032967,-0.0124274113,-0.0209439111,0.0292975742,0.0001284602,-0.0082700696,0.0004515347,-0.0218583559,0.0157190328,0.0077120679,0.0045091014,-0.0229785608,0.0079629200,-0.0077144637,0.0145691839
339.0000000000,-0.0304172942,-0.0079024604,0.0017775045,0.0051213408,0.0467729294,0.0092034199,0.0006130717,0.0014030774,0.0078501352,-0.0391380247,0.0194884073,0.0062465025,-0.0157869743,-0.0140805277,-0.0084097555,0.0263671517,-0.0238069358,0.0124469801,0.0109218491,0.0067237942,-0.0019491481,0.0354683053,0.0030752223,0.0088582018,0.0199144507,-0.0033926536,-0.0366636723,-0.0016421687,0.0142859243,0.0298318907,-0.0080272284,0.0117596200,0.0131167439,0.0015558502,0.0035345021,0.0292579755,-0.0269883534,0.0197260580,-0.0111394671,-0.0293106077,-0.0031431511,-0.0209063276,0.0035514363,0.0021607567,-0.0044605721,-0.0172448355,0.0062663085,0.0059311752,0.0124301932,-0.0207561784,0.0112717524,0.0363792397,0.0035766826,-0.0178087623,-0.0191542206,-0.0364120894,-0.0037196376,0.0181108005,-0.0046154597,-0.0067711970,0.0179991303,0.0097022618,0.0179765821
340.0000000000,-0.0113652931,-0.0000253953,0.0145736920,0.0044490430,0.0166944746,-0.0005499417,-0.0016767962,0.0080263783,0.0070017332,-0.0117065442,0.0218295171,-0.0271091837,-0.0216883063,-0.0239256447,-0.0088751270,0.0180114098,0.0032305956,0.0159533561,0.0145402089,-0.0057192311,0.0089992489,-0.0187304281,-0.0224213369,-0.0196446853,-0.0052751329,0.0098921647,0.0063125621,-0.0167831676,-0.0119803322,0.0139262973,-0.0013612608,0.0019583913,-0.0153455104,0.0119149599,0.0042860330,-0.0056368788,-0.0085521933,0.0282038848,-0.0013292853,-0.0289152539,0.0124680270,-0.0022657521,-0.0177551380,-0.0056791492,0.0014138966,0.0007225786,-0.0111402043,-0.0079066132,-0.0148579399,-0.0263748273,0.0027045354,0.0168674639,0.0147518887,-0.0241651850,-0.0183801765,-0.0072186713,-0.0058288272,-0.0177763487,-0.0226783546,-0.0216322750,0.0308581728,-0.0269933767,0.0091693435
341.0000000000,-0.0012424791,-0.0140371293,0.0012569106,0.0132290247,0.0442016766,0.0065688242,0.0202184082,-0.0093705799,0.0104251184,-0.0157874936,-0.0008476504,-0.0018178525,-0.0178379848,0.0009301953,-0.0117970391,0.0165788245,-0.0201954379,0.0110688116,0.0224941425,-0.0269952273,0.0116108194,0.0082598121,0.0181205483,-0.0030338907,-0.0018087679,-0.0140284374,-0.0040406651,0.0206959574,0.0210805478,0.0092199003,-0.0267189869,-0.0015767152,0.0223973371,0.0179346252,0.0039279951,0.0101663960,-0.0069728846,0.0102744451,-0.0024946590,-0.0300586080,-0.0350945172,-0.0106432322,-0.0011391309,-0.0081107827,-0.0329010867,0.0096329531,-0.0202210469,0.0143981931,0.0024404023,-0.0371873013,-0.0034307048,0.0161782807,0.0009219543,-0.0150220456,0.0064476605,-0.0235347438,-0.0157900039,0.0297902798,-0.0041669581,-0.0043142308,0.0065370705,0.0100607524,0.0097336862
342.0000000000,-0.0149608936,0.0011573888,-0.0174304266,0.0164126477,0.0415005504,0.0257806008,0.0199998820,0.0156047968,0.0158628440,-0.0080222711,0.0286724982,0.0025109074,-0.0438652771,-0.0032861143,-0.0021729416,0.0002059258,-0.0334560729,-0.0114223967,0.0340513795,-0.0199583970,0.0078522945,0.0270408109,-0.0050019597,-0.0302419790,0.0007460445,-0.0076223724,0.0006341343,-0.0161099329,0.0070346327,0.0080739442,-0.0144414356,0.0250822584,0.0249245241,0.0271189944,-0.0002007677,0.0027336263,-0.0012014540,0.0353055788,0.0204564603,-0.0148103776,-0.0393106369,-0.0035829278,0.0090938092,0.0208872804,0.0035257714,-0.0229825749,0.0008318769,-0.0197529518,-0.0101288714,-0.0274499127,-0.0117713026,0.0183653798,0.0049157764,-0.0232739490,-0.0058997988,-0.0267852599,0.0121048899,0.0222536825,-0.0201159985,-0.0246510865,0.0025034304,0.0169452775,0.0125218691
343.0000000000,-0.0058699227,-0.0209898660,0.0147290888,0.0154351385,0.0291161881,0.0062140655,0.0075147012,0.0087234355,-0.0010471553,-0.0044695216,0.0295272842,0.0014250789,-0.0056914043,-0.0051107703,0.0179862477,0.0150913492,-0.0171372670,0.0156051812,0.0184910421,0.0131182488,-0.0173590199,0.0067359504,-0.0149838793,0.0386768888,-0.0028434354,-0.0249601514,-0.0320212784,-0.0117416354,0.0138144893,0.0184644684,0.0017348398,0.0116000707,-0.0024489821,0.0216137883,0.0060272364,0.0054958095,0.0006896307,-0.0008023375,-0.0012709217,0.0070367980,-0.0065693280,-0.0106104789,-0.0047460197,0.0234788745,0.0067766788,-0.0157124804,-0.0220304840,-0.0088598792,0.0256725789,-0.0062930906,0.0043615346,0.0318447960,-0.0030920959,-0.0363199909,-0.0204963633,-0.0061383243,0.0230806773,0.0096738084,-0.0015824220,-0.0135609663,0.0086870136,0.0267496707,0.0189479072
344.0000000000,-0.0107976372,0.0004780452,0.0166861118,0.0066147305,0.0362679933,0.0024541078,0.0170768565,-0.0061318905,-0.0090512907,-0.0369701268,0.0135181895,0.0023515800,-0.0052453999,0.0083980953,-0.0116933890,0.0336666922,-0.0466007327,-0.0026279782,0.0278386920,-0.0018030623,0.0216209016,0.0155309001,-0.0086874884,0.0022119611,-0.0142201098,0.0045103820,0.0014754576,-0.0063757271,0.0054213005,0.0197769073,-0.0049376787,0.0017146832,0.0227813464,0.0167644396,-0.0045329067,0.0404259869,-0.0265100144,0.0076409397,0.0030582656,-0.0195563323,0.0023792715,-0.0169735900,0.0008281616,-0.0072668543,0.0058241626,0.0115508353,-0.0112870092,-0.0176356036,0.0111846638,-0.0223563026,0.0014025394,0.0340382025,0.0378733818,0.0000221033,0.0008570082,-0.0158685105,0.0081919837,0.0132122527,-0.0092661496,-0.0287548773,0.0181793176,-0.0089054603,0.0037225073
345.0000000000,0.0204271058,0.0066138769,0.0255782156,0.0216439283,0.0362419213,-0.0066919839,0.0012080411,0.0046836718,-0.0207039911,-0.0190695787,0.0083318073,0.0044619326,-0.0292658274,-0.0257428060,0.0128761882,0.0090790461,-0.0368534013,0.0155494409,-0.0001383739,-0.0131649805,0.0212955380,0.0301769088,0.0077996890,-0.0175056213,0.0004165774,-0.0099024882,-0.0073960460,0.0115049792,-0.0039406868,-0.0084905991,-0.0065656742,0.0095366641,0.0347067178,0.0094294406,-0.0157747441,0.0272840967,-0.0329730456,0.0050893653,-0.0009724906,-0.0145966794,-0.0196440669,0.0016335353,0.0013134348,0.0043138364,-0.0145293360,-0.0250311972,-0.0014066863,0.0165456039,0.0105392786,-0.0169861080,-0.0106318577,0.0290639190,0.0204098264,-0.0130738326,-0.0013366862,0.0010157703,0.0177467634,-0.0028658695,0.0004248074,-0.0105367871,0.0180891437,-0.0156265057,0.0214392464
346.0000000000,-0.0080967406,0.0101067118,0.0052196434,0.0090919873,0.0447592643,-0.0178334864,0.0282761799,0.0164540640,0.0068989214,-0.0277730712,0.0203973255,-0.0074446827,-0.0199368683,-0.0352513296,0.0007249715,-0.0098584807,-0.0340151306,-0.0061781726,0.0281425475,-0.0204278966,0.0160579004,-0.0048771477,-0.0005448173,-0.0213717873,0.0195014066,-0.0080939363,-0.0174304574,-0.0131091546,0.0134445405,0.0251048697,-0.0329226477,0.0079587707,0.0042880780,0.0211698869,-0.0074179126,0.0039649766,-0.0038711571,-0.0009785761,0.0007168402,-0.0195817381,-0.0026093966,-0.0010724209,-0.0372943518,0.0054497850,-0.0219672795,-0.0176876628,-0.0234736068,-0.0043456146,0.0260879314,-0.0307295554,0.0122299569,0.0363059598,0.0025911290,-0.0145892513,-0.0212810646,-0.0061850828,-0.0046779818,0.0129361646,-0.0133526226,-0.0278935705,0.0154317524,0.0157787555,-0.0042967341
347.0000000000,-0.0198907159,-0.0073845758,-0.0084962213,0.0098063961,0.0482761539,0.0175956895,0.0072936651,0.0091570027,-0.0031798514,-0.0240311727,0.0199108738,0.0126013794,-0.0160002339,0.0094615894,0.0078382887,0.0245914070,0.0068338771,0.0053021186,0.0062443302,-0.0065637818,0.0200730330,0.0090700822,0.0108496054,-0.0286196333,0.0020414853,-0.0252922415,-0.0029229505,-0.0096457888,0.0022956030,0.0084339280,0.0020119868,0.0018654320,-0.0022796722,0.0096489386,0.0004097431,0.0296854979,-0.0076598504,-0.0063319856,0.0053322188,-0.0177173926,-0.0065475795,-0.0117416907,0.0035301677,0.0222635930,-0.0005431264,-0.0141324598,0.0027494537,-0.0163984878,-0.0034753295,-0.0187584911,0.0155775296,0.0203184055,-0.0103779623,-0.0141028665,-0.0314040968,-0.0284610251,-0.0251566226,-0.0115294896,0.0050912487,-0.0087764727,-0.0122502377,-0.0232284928,0.0459839669
348.0000000000,-0.0209197365,-0.0008444433,0.0086989965,-0.0030628667,0.0598149171,0.0067995300,0.0012958857,0.0454410981,0.0086274431,-0.0260107350,0.0460091655,-0.0009728513,-0.0360668269,-0.0061319678,0.0046781269,0.0351729608,-0.0426910153,0.0027356690,0.0082622538,-0.0356587424,0.0286163367,0.0178780913,-0.0132854444,-0.0238487042,-0.0034209016,-0.0164968429,-0.0203365795,0.0023997974,-0.0149698788,0.0243637253,-0.0084190117,0.0235117279,0.0009103966,0.0134821139,0.0219153378,0.0195235005,0.0125286651,0.0048192979,-0.0048103396,-0.0300477454,-0.0035326645,-0.0178714812,-0.0010438986,0.0109845564,0.0071267652,0.0190082179,-0.0140604805,-0.0128981831,0.0113386822,-0.0412229814,-0.0038779129,0.0373551065,0.0021297732,-0.0260816047,-0.0303741679,-0.0347917214,-0.0024749985,0.0175052673,-0.0207654719,-0.0232686664,0.0093018656,0.0098399638,0.0442771788
349.0000000000,0.0205311853,-0.0156900857,-0.0032842112,0.0096172094,0.0052362942,0.0064134732,0.0275426701,0.0056212297,0.0014826591,-0.0178258001,0.0006288072,-0.0098159585,0.0067309027,-0.0129144406,0.0200499822,0.0275846209,0.0190246653,-0.0054616788,0.0130555346,-0.0124086277,0.0254975892,0.0112194625,-0.0090317840,0.0033483184,0.0115354865,-0.0163192190,-0.0177977514,-0.0030038009,-0.0020893501,0.0140619599,-0.0098659508,0.0092825638,-0.0090962754,0.0212492342,0.0020463618,0.0041468489,-0.0005813439,0.0319625144,-0.0031120823,-0.0129464887,0.0001209683,0.0048250682,0.0065551063,0.0130686425,0.0140116041,0.0135473954,0.0051773172,-0.0135314397,-0.0224947523,0.0006231665,0.0019242613,0.0143678013,0.0209328068,-0.0103365264,0.0062443366,-0.0228566165,0.0140159231,0.0093436195,-0.0081675167,-0.0107985172,0.0087688706,0.0108204402,0.0132605051
350.0000000000,0.0003852526,-0.0025297355,-0.0041902451,-0.0015589222,0.0184661959,0.0335386960,0.0022959470,0.0104764919,-0.0028559717,-0.0162449421,0.0176974606,0.0057013756,-0.0125850147,0.0152147778,0.0130816811,0.0267943474,-0.0164073531,-0.0044503075,-0.0080726963,-0.0085798769,0.0131002204,0.0113483636,-0.0012411860,-0.0289431415,0.0050846483,-0.0185911170,-0.0118676770,-0.0193791950,-0.0030380001,-0.0109454211,-0.0061694038,-0.0051756628,0.0088556069,0.0200609372,-0.0177893600,0.0071690542,0.0190046883,-0.0011921366,-0.0206579243,-0.0182982092,-0.0024386585,-0.0478903309,0.0011427986,0.0049554009,0.0023441038,-0.0100236577,0.0063893424,-0.0010141715,-0.0033069608,-0.0056421891,-0.0006103575,0.0032193741,-0.0131813067,-0.0183793834,-0.0046876536,-0.0359262721,0.0015292782,0.0141084161,-0.0062541268,-0.0156620848,0.0101488324,-0.0081813337,0.0240537645
351.0000000000,-0.0078613168,-0.0003369316,0.0062639029,0.0304468002,0.0326810446,0.0057929111,0.0151079999,0.0224636370,0.0035826180,0.0028772111,0.0251758394,0.0040444613,-0.0074295475,-0.0047632323,0.0035148719,-0.0022241414,-0.0131084900,0.0053311398,0.0076587573,-0.0004971818,-0.0054779105,0.0141309661,0.0099688920,-0.0211415615,0.0102862579,-0.0074898990,-0.0021063022,-0.0254272460,-0.0097316472,-0.0016379830,0.0029822674,-0.0080401495,0.0335064696,0.0226255482,0.0074959511,0.0096671954,0.0256251018,-0.0025471519,-0.0106137374,-0.0254318719,-0.0172459405,-0.0209323869,-0.0109961880,0.0347370513,-0.0087465366,-0.0098075729,0.0090681562,-0.0130186447,-0.0087778908,-0.0150342476,-0.0084396331,0.0051871001,0.0038498590,-0.0103830500,0.0053704033,-0.0097259635,-0.0014961045,0.0157607865,-0.0161609642,-0.0226380580,-0.0097403743,-0.0060193435,0.0069984717
352.0000000000,-0.0000931504,0.0066945624,0.0055888781,-0.0095285815,0.0227598093,0.0185702005,0.0051637572,0.0103028659,0.0248697919,-0.0196172336,0.0068542209,0.0006472269,-0.0144547456,0.0140331884,-0.0161208488,0.0305912571,0.0011478614,-0.0223677718,0.0047389673,0.0026021575,-0.0007330505,0.0076563414,-0.0112264183,-0.0015109210,0.0104413711,-0.0208420398,-0.0176167500,0.0115098985,-0.0089937634,0.0060982932,0.0106180529,-0.0096759024,0.0216008383,0.0135470127,-0.0134644108,0.0190540114,0.0013260458,0.0333018261,-0.0116232914,-0.0159445453,-0.0152793211,-0.0164843219,0.0147080377,0.0092771065,0.0023905695,-0.0186954869,-0.0009633510,-0.0101302775,-0.0165234393,-0.0427002278,0.0027565828,0.0106781816,0.0154129257,0.0022440026,-0.0208409109,-0.0151136066,0.0104463554,0.0089698691,0.0001676999,-0.0002548163,0.0095337289,0.0306008182,0.0092346904
353.0000000000,-0.0247278917,0.0073115529,-0.0090183863,0.0253811026,0.0259099886,0.0210354686,0.0072642464,-0.0001195774,0.0012801541,-0.0284640763,0.0228995545,0.0160686392,-0.0083378439,-0.0065719707,0.0012046067,0.0107206110,-0.0262156876,0.0068298302,0.0299949079,0.0116792512,-0.0035143823,-0.0030228861,0.0109978046,0.0125303347,0.0181539736,-0.0108625813,-0.0003367506,-0.0151094623,0.0051091703,0.0079151901,0.0063398510,0.0149469839,-0.0071310181,0.0154855143,0.0145071570,0.0062196507,-0.0032863987,0.0192362804,0.0043779877,-0.0152707881,0.0033275166,0.0082653265,-0.0184013512,0.0242010487,-0.0035859086,0.0096792006,-0.0181946314,-0.0030816060,0.0068188490,-0.0122035606,-0.0123362654,0.0348940629,-0.0090865816,-0.0115741327,-0.0058671064,-0.0150657198,-0.0120284969,0.0146040328,0.0093276522,-0.0082435227,0.0035376841,0.0041412957,0.0103049977
354.0000000000,-0.0240534410,0.0050421933,-0.0167661798,0.0048695601,0.0299416157,-0.0099231102,-0.0059199633,-0.0001063992,-0.0027670194,0.0028175668,0.0395870404,0.0011177797,-0.0125167473,-0.0126932567,-0.0003061585,0.0062275057,-0.0298280140,0.0024806614,0.0298767413,0.0061971804,0.0210146841,0.0291823728,0.0072367260,-0.0311901974,0.0034955994,-0.0205275527,-0.0123694627,0.0107817549,0.0189456213,0.0128255346,0.0129276649,0.0078402539,0.0160325007,0.0205324044,0.0215638115,-0.0150693095,-0.0029578665,0.0066795671,-0.0166889921,-0.0115400120,0.0022087612,-0.0218411243,0.0036576637,0.0068497904,0.0061549108,-0.0141763531,-0.0027699161,0.0008814795,-0.0063157094,-0.0081675000,0.0044664837,0.0258598992,0.0004543123,-0.0107257736,-0.0061137399,-0.0041712844,-0.0040181542,0.0241617743,-0.0220149348,-0.0099555896,0.0211158044,0.0196536338,0.0268933290
355.0000000000,-0.0372150820,0.0055891199,-0.0038681978,-0.0032789108,0.0457348373,0.0087922082,0.0142462033,0.0046995478,0.0064888672,-0.0061340386,0.0241228417,-0.0089762789,-0.0412062436,0.0118038137,-0.0032743082,0.0197122726,-0.0256681602,-0.0034686733,0.0002115630,-0.0016601988,0.0357274578,0.0094796883,0.0192922581,-0.0041062782,-0.0113392206,-0.0148490911,-0.0189188241,-0.0013480941,-0.0095936769,0.0210030433,-0.0000328955,-0.0014511851,0.0037682401,0.0036340222,0.0053411282,0.0375518934,0.0000645116,0.0161995175,0.0160612791,-0.0254189625,0.0035424287,-0.0048703203,-0.0132089327,0.0039614331,-0.0050002405,0.0203361715,-0.0012801332,0.0004190067,0.0229671860,-0.0163171030,-0.0162839860,0.0427316414,-0.0000796565,-0.0123281206,-0.0077586775,-0.0290342705,-0.0153953981,0.0251680348,-0.0088648120,-0.0219141432,0.0122356485,0.0154579536,0.0198597719
356.0000000000,0.0097814822,-0.0047771656,-0.0042166919,0.0062257773,0.0188257298,0.0219802268,0.0144446695,0.0010548206,0.0069039485,-0.0009697607,0.0166749195,0.0158498190,0.0048222758,0.0031212127,-0.0086799041,0.0154528618,-0.0127583187,-0.0043509275,0.0008788529,-0.0020736688,0.0267186122,0.0182939540,0.0071890897,-0.0240258314,-0.0148539318,-0.0126985238,-0.0174934336,-0.0031091377,0.0183296833,-0.0116155024,-0.0001437803,-0.0146033731,0.0065498410,-0.0008620322,-0.0093881703,0.0044932797,0.0048027090,0.0113844151,-0.0178321450,0.0096375294,-0.0181309779,-0.0128167555,-0.0150368705,0.0085927008,0.0162958468,-0.0197294688,-0.0113725713,0.0162828555,0.0031660377,-0.0138340685,0.0093975460,0.0330542334,0.0167615266,-0.0021661092,-0.0126758160,-0.0352320265,0.0005587555,0.0050124554,-0.0152070081,-0.0270431865,0.0069563229,-0.0047959994,0.0062703977
357.0000000000,0.0087770442,-0.0129025338,0.0142964407,-0.0234074323,0.0238907057,0.0044626532,0.0144769474,0.0090278625,0.0057452318,-0.0216860370,0.0076334334,-0.0018569682,-0.0147103553,-0.0033477549,-0.0016891421,-0.0069032384,-0.0200914513,0.0046203115,0.0243716849,0.0097429818,0.0022062727,0.0241045123,0.0238832217,0.0042345437,0.0162644019,-0.0190491549,-0.0152077894,0.0106389035,0.0015222226,0.0003929393,-0.0050438268,-0.0160985517,0.0201271724,0.0302256854,0.0151559070,-0.0179459032,0.0049460611,0.0089667630,-0.0166100849,-0.0196138806,-0.0080079579,0.0022010215,0.0111171204,0.0141728122,0.0087083214,-0.0089033578,-0.0087386736,0.0025034902,-0.0049895913,-0.0203158621,0.0109663667,0.0361894456,0.0232071978,-0.0309148454,0.0166127203,-0.0176391307,-0.0025353613,0.0209869805,0.0214518625,-0.0218050563,0.0167355437,0.0032542296,-0.0085282677
358.0000000000,-0.0119415336,-0.0026187807,-0.0081048493,-0.0011085512,0.0258890238,0.0328194097,0.0322933697,0.0161168805,0.0070170892,-0.0209455699,0.0182740755,0.0039311898,-0.0134557039,0.0163187561,-0.0087761525,0.0138646275,-0.0211341290,0.0038924192,0.0276888283,-0.0089183105,0.0277817296,0.0111407112,-0.0035946215,-0.0135920147,0.0127065793,-0.0018620636,-0.0308376526,0.0165645944,-0.0257498527,-0.0046845712,0.0002211225,-0.0102562823,0.0288965683,0.0227950167,0.0314226400,-0.0010731485,-0.0033939777,-0.0053792253,0.0066926691,-0.0255024580,0.0035517685,-0.0366550232,0.0027101647,0.0157054897,-0.0019085538,-0.0108973476,-0.0164492392,-0.0173195244,0.0045436759,-0.0126736148,0.0133795471,0.0258135190,0.0038883670,-0.0250443604,-0.0046964283,-0.0081479585,-0.0013681866,0.0007929015,0.0158365785,-0.0242005783,0.0346134252,-0.0156339753,0.0081996699
359.0000000000,-0.0078608044,0.0222560211,0.0036235215,0.0133430982,0.0279881499,-0.0006553953,0.0084974092,0.0171419747,-0.0067191306,0.0086323891,0.0225871856,0.0129601943,-0.0255024484,-0.0250339011,-0.0042638269,0.0053245885,0.0013726409,-0.0039161865,0.0214848350,0.0200920612,0.0252202885,0.0167314711,0.0058725813,-0.0155093670,0.0133241739,-0.0139780673,-0.0125060117,0.0238905526,0.0078293863,-0.0055474419,-0.0095786921,0.0112847906,0.0025142925,0.0077512317,0.0119140881,-0.0011684245,0.0044405297,-0.0240498751,-0.0010239304,-0.0052170952,-0.0039603588,-0.0196336215,0.0030251964,0.0150698990,-0.0238940820,0.0011925284,-0.0156842656,0.0077604434,0.0008622029,-0.0274278235,-0.0056490562,0.0213084880,0.0018270204,-0.0490346128,-0.0110556420,-0.0241360223,0.0133263676,0.0281603692,-0.0248964423,-0.0074123740,0.0251236141,0.0063056240,0.0190119924
360.0000000000,-0.0137932295,0.0237075213,0.0258367937,0.0085704723,0.0251708932,0.0271421708,0.0038576943,-0.0085978008,0.0127997928,-0.0094475975,0.0134100915,0.0089475449,-0.0235821224,-0.0093282370,-0.0104351706,0.0210546490,-0.0520889846,0.0184046278,0.0167134679,-0.0145675731,0.0055110347,0.0314919431,0.0033520441,-0.0039418432,0.0162503528,-0.0187168716,-0.0070677550,0.0106878994,-0.0031420053,0.0238228237,-0.0030695242,0.0116668821,-0.0104681769,0.0218311831,0.0180495176,-0.0042721914,0.0088697792,-0.0046701510,-0.0023460226,-0.0049880304,-0.0075818931,-0.0294211319,-0.0119124581,0.0303039791,0.0317980241,-0.0145426623,-0.0315756109,0.0213925148,0.0193976370,-0.0297631082,0.0082429457,0.0555590755,0.0148442309,-0.0249285666,-0.0143602595,0.0021901492,0.0099710091,0.0087952742,-0.0104826788,-0.0337455249,0.0050182311,0.0016141958,0.0100516128
361.0000000000,-0.0059548993,0.0178398228,-0.0035986599,0.0036045375,0.0402794373,-0.0021303973,0.0109697896,0.0139211291,0.0185289328,-0.0147907054,0.0098743071,-0.0023647705,-0.0053501298,0.0307829543,0.0034038451,0.0052419118,-0.0181253563,0.0034229929,0.0310127713,-0.0051328932,-0.0088651516,0.0232755600,0.0158565244,0.0153242496,0.0117995218,0.0022302057,-0.0227561776,0.0059547271,0.0142902609,0.0302040120,0.0033601978,0.0027268003,0.0155950039,0.0078319445,-0.0003222410,-0.0004510658,0.0148787376,0.0204052907,-0.0115894891,-0.0422310428,-0.0128748984,-0.0107829024,-0.0110853401,0.0014065964,-0.0155845204,-0.0181854508,0.0008381311,0.0123559896,-0.0015089565,-0.0186267605,-0.0134019355,0.0058938893,0.0063869520,-0.0165014077,-0.0152937309,-0.0151329457,-0.0139044765,0.0191735404,0.0025854511,-0.0232371757,-0.0074674166,-0.0193228259,0.0204098732
362.0000000000,-0.0240545221,-0.0082626240,-0.0028937061,-0.0138003876,0.0344031101,-0.0127191384,0.0199879503,0.0055449396,-0.0028636326,0.0118612499,0.0044804544,-0.0146527655,0.0013867582,0.0011135978,-0.0055198687,0.0262116202,-0.0464832425,-0.0082888923,0.0116575983,0.0028819603,-0.0018995521,0.0015004795,-0.0103070648,-0.0082378977,0.0038360523,-0.0140990347,-0.0236992591,-0.0119309492,-0.0065649691,0.0082775318,-0.0165558948,-0.0192898992,-0.0102453886,0.0159953389,-0.0073571001,0.0064445623,0.0136270006,-0.0016323138,0.0126055441,-0.0238056400,-0.0165480437,0.0044398823,-0.0076401951,0.0138205448,0.0084114007,-0.0170267889,-0.0339174046,-0.0103197603,0.0007942868,-0.0113518893,-0.0009232172,0.0322420742,0.0057933498,0.0016207246,-0.0041778968,-0.0035338157,0.0095290780,-0.0231161170,0.0052833937,-0.0112492889,0.0008527289,0.0065551024,-0.0045025664
363.0000000000,-0.0260615778,-0.0195656006,0.0264140943,-0.0249245141,0.0487419079,0.0186137903,-0.0003292190,0.0083072760,0.0038773426,-0.0225762672,0.0447190460,0.0147724000,-0.0164211653,-0.0127824691,-0.0071290620,0.0157948335,-0.0179584763,0.0154008577,0.0291517699,0.0009066601,0.0159970107,-0.0037292499,-0.0221167494,-0.0002548584,0.0207665286,-0.0245762091,-0.0229368120,0.0043658305,0.0173556918,0.0073519787,-0.0124338019,0.0029261717,0.0160314347,0.0166463033,-0.0078140658,0.0266354902,0.0272568482,0.0286033142,-0.0017050771,-0.0636302857,-0.0204564926,-0.0150102212,-0.0174074083,0.0232892888,0.0013679745,-0.0103351737,-0.0057334957,0.0064029794,0.0030788243,-0.0197903883,-0.0071605881,0.0521319612,0.0060444131,-0.0057198331,0.0056051346,-0.0224225432,0.0111198884,0.0435535451,-0.0051471307,-0.0166483248,0.0398870426,0.0054484332,-0.0010237635
364.0000000000,-0.0161704574,-0.0036725863,0.0065645448,-0.0025400960,0.0278251503,-0.0051034718,-0.0013926314,0.0209928657,0.0009225969,-0.0040121678,0.0401420784,0.0131867392,-0.0402033098,0.0067821583,0.0015539918,0.0140407346,-0.0424510622,-0.0032382162,0.0198267652,-0.0128025651,0.0337574704,0.0170580078,-0.0126919568,0.0151260607,-0.0054475606,-0.0066503644,-0.0140701480,-0.0211150257,0.0052349127,0.0101696678,-0.0252680174,0.0059402066,0.0084611657,0.0304168341,0.0197680986,0.0130070054,-0.0033966719,0.0029374588,0.0082107549,-0.0247412510,-0.0112841191,0.0011935037,-0.0090722109,0.0210755298,-0.0142635401,-0.0073506558,-0.0253678734,-0.0014687245,-0.0042629322,-0.0263914659,-0.0029383517,0.0303652608,0.0068092143,-0.0038151925,-0.0051444064,-0.0103583554,-0.0050614594,0.0168263340,-0.0061397293,-0.0127137879,0.0133238504,0.0055576703,0.0261482202
365.0000000000,-0.0105697084,-0.0063518978,-0.0027120310,-0.0011758742,0.0343227542,-0.0164536166,0.0023964948,-0.0214817293,0.0232924716,0.0081953918,0.0106963358,-0.0074755480,-0.0028751679,0.0134769763,-0.0229575981,-0.0069504575,0.0104742062,-0.0187874771,0.0019890380,-0.0084791477,-0.0028872790,0.0021120970,0.0002489099,-0.0026915501,-0.0002563144,0.0082067949,-0.0245123848,0.0082515842,-0.0159521816,0.0078452100,0.0042298172,0.0148915777,0.0213816566,0.0033494222,0.0161416541,-0.0028780968,-0.0229139325,0.0020618816,0.0227121685,-0.0050962784,0.0014357604,-0.0301326892,0.0155862528,0.0091563133,0.0047904187,0.0072101707,0.0134599916,0.0111914630,0.0189304157,0.0174537908,-0.0083353599,0.0303764970,-0.0089912293,-0.0103998865,0.0014598030,-0.0347253316,-0.0165355835,0.0038826530,-0.0161123699,-0.0118572889,0.0380613549,-0.0018274035,0.0110013054
366.0000000000,-0.0158260264,0.0031317105,0.0218946543,0.0084249766,0.0397285114,-0.0013045543,0.0068682453,0.0068139753,0.0249197580,-0.0224166991,0.0040682827,0.0210488018,-0.0195307275,-0.0119492779,0.0045661515,-0.0019105932,-0.0341626467,0.0048901216,0.0158201818,-0.0205898413,0.0156300613,0.0069726823,-0.0043083445,-0.0014379799,0.0219434190,-0.0007629413,-0.0312071463,0.0143370867,0.0041138463,0.0100320721,-0.0117330824,0.0277101410,0.0164499945,0.0078289037,-0.0129124813,-0.0119141805,-0.0123507006,0.0138453168,-0.0013431711,-0.0190919565,-0.0100899019,-0.0364069255,-0.0064620469,0.0204985902,-0.0121494122,0.0102503114,-0.0170742129,0.0018695071,-0.0139048779,-0.0137120728,0.0135071745,0.0478682593,-0.0305568025,-0.0058618718,-0.0019799524,-0.0081161781,0.0030913060,0.0072260776,0.0011309071,-0.0032078179,0.0090810673,-0.0018424426,0.0184986412
367.0000000000,-0.0165416480,-0.0121448690,0.0114383249,-0.0088568335,0.0286619978,0.0251893440,0.0106055668,0.0000235502,0.0073754969,-0.0267833920,0.0201417008,0.0121223232,-0.0142466333,-0.0018623710,0.0009182404,0.0269353940,-0.0334107417,-0.0142270146,0.0176819415,-0.0115481082,0.0300359939,0.0238411625,0.0029516727,-0.0154071152,0.0160038426,-0.0077456251,-0.0060234141,-0.0079749935,0.0085766899,0.0323001893,0.0061090487,0.0145841451,0.0171884791,0.0023320840,0.0203276095,0.0210382559,-0.0104297740,-0.0044256083,-0.0011836164,-0.0286283728,-0.0037521372,0.0092480461,-0.0054258772,0.0174238115,0.0115035213,-0.0046143507,-0.0075128191,-0.0109862683,0.0102046339,-0.0185255869,0.0083144109,0.0487287920,-0.0022418955,-0.0060052762,0.0078299715,-0.0258980855,-0.0099280248,0.0277518883,-0.0111563391,-0.0099943890,0.0204361964,-0.0088950661,0.0183844072
368.0000000000,-0.0115899150,0.0024779108,0.0148003300,0.0246669806,0.0309417744,0.0108048292,0.0065755716,0.0087406963,-0.0044241660,-0.0168685832,0.0265641381,-0.0079340071,-0.0135109338,-0.0210516454,-0.0295213140,0.0310742569,-0.0157754836,-0.0027936399,0.0160557718,-0.0064710794,0.0076842941,0.0011587598,-0.0086995480,0.0119840431,-0.0075792041,-0.0086416282,-0.0049842713,0.0010199161,0.0052729785,0.0115321263,-0.0113861118,0.0054441070,0.0157789322,0.0075648586,-0.0132658957,0.0110448281,0.0028104875,0.0078643013,-0.0143088887,-0.0116901484,-0.0007933902,0.0004726118,0.0105224233,0.0169326515,-0.0118682591,-0.0244000037,-0.0071250931,0.0013897023,0.0166352846,-0.0105682747,0.0235062254,0.0240006382,0.0174644659,-0.0035071481,-0.0214725577,-0.0299440307,-0.0109797033,0.0134488380,-0.0214432778,-0.0293353709,0.0320834604,0.0070405539,0.0232893195
369.0000000000,0.0103874540,0.0016345827,0.0173810022,0.0162725104,0.0018249494,0.0074887989,-0.0069927427,0.0187347103,-0.0000842459,-0.0195964414,0.0451340098,-0.0109632644,-0.0040223158,0.0114640216,0.0173441812,0.0270922855,-0.0380599373,-0.0143629152,0.0132724698,-0.0023184841,0.0075637637,0.0100657694,0.0171510989,0.0200374530,-0.0012911113,-0.0112603373,-0.0061913100,0.0160115267,0.0098294138,0.0062715116,-0.0020682073,-0.0095612903,0.0051029631,0.0035716440,0.0031504184,0.0280062059,-0.0040482212,0.0166221253,-0.0073584112,-0.0193278078,0.0071716334,-0.0139045350,0.0145627955,0.0154368586,0.0020202245,0.0165242647,0.0018916745,-0.0092976929,0.0100190188,-0.0411187514,0.0150834183,0.0292211519,0.0054442166,-0.0288865178,0.0075512513,-0.0247037713,0.0336913328,0.0042862641,-0.0081224162,-0.0096845047,0.0149823441,0.0005221594,0.0163435540
370.0000000000,-0.0130276928,0.0030900686,-0.0104569025,0.0054039492,0.0420293586,0.0163464124,0.0016678685,0.0353790176,-0.0161580229,-0.0431010022,0.0242188455,0.0096640854,-0.0244845019,-0.0162902246,-0.0056953080,0.0083693445,-0.0297941200,-0.0081389517,0.0084092429,0.0024891316,0.0261703437,0.0284299773,0.0081795412,-0.0092365392,0.0192394942,-0.0150970266,-0.0283675030,0.0173242702,0.0072180681,0.0067208048,-0.0231524967,0.0155476606,0.0118647577,0.0176575443,0.0064804583,0.0223641187,-0.0150635999,0.0019575282,0.0036023228,-0.0181654597,-0.0202255218,-0.0196483179,0.0024384791,0.0201993162,0.0149269441,0.0071204680,-0.0217526279,-0.0115436027,0.0113799051,-0.0163125425,0.0013240624,0.0435972966,0.0078211012,-0.0061431713,0.0031594486,-0.0442500334,-0.0095858825,0.0116059603,-0.0332984939,-0.0292231361,0.0102102902,-0.0090678787,0.0388039901
371.0000000000,-0.0229299837,0.0110143124,0.0137214265,0.0158109544,0.0425856656,0.0017883763,-0.0063000634,0.0206352399,0.0135903695,0.0123619967,0.0253587914,-0.0024109902,-0.0065419675,0.0058045586,0.0088215151,0.0231922428,-0.0338960841,0.0131797802,0.0275003852,0.0059325699,0.0043205496,0.0120932230,-0.0073065671,-0.0085542625,0.0045699595,-0.0196463941,-0.0266129022,-0.0059381986,0.0171441927,0.0115196780,0.0026145700,0.0013566397,0.0341443720,0.0115992653,0.0031624030,0.0022061389,0.0014395418,0.0025147355,-0.0046361811,-0.0146084898,0.0021811712,-0.0277305926,-0.0024205041,-0.0055032843,-0.0235119425,0.0008101323,-0.0166273816,0.0325022633,0.0029452106,-0.0169120544,0.0048529138,0.0157221638,-0.0058325724,-0.0240177999,0.0191334593,-0.0212134953,-0.0027036121,0.0179501027,-0.0263904540,-0.0035984314,0.0364073424,-0.0073487547,0.0052649360
372.0000000000,0.0014343381,0.0050920991,-0.0089199782,-0.0034043838,0.0196943476,0.0112963116,0.0070167095,-0.0116046285,-0.0082129767,-0.0100524387,0.0114182480,0.0114939646,0.0122793119,0.0397553772,-0.0023716032,-0.0044798415,-0.0334293628,-0.0095234022,0.0104522346,-0.0029259810,0.0122830536,-0.0042229225,-0.0157943533,-0.0129884065,-0.0038763195,-0.0048268727,0.0006314802,0.0011531505,-0.0121621274,-0.0058459269,0.0039036365,-0.0094391736,-0.0087148228,0.0059476123,-0.0035673570,-0.0126449748,0.0061136870,0.0098898557,-0.0044596183,-0.0082986648,0.0015335538,-0.0049624671,0.0012299207,0.0139282164,0.0200363061,-0.0029105812,0.0047798227,-0.0241781079,-0.0201069782,0.0073447359,-0.0099639198,0.0097426294,-0.0049178051,-0.0245266121,-0.0296052025,-0.0038795203,-0.0100967230,0.0028498841,-0.0108509062,-0.0265455786,0.0331452286,0.0045609900,0.0081897593
373.0000000000,-0.0072406900,-0.0059186123,-0.0024795526,-0.0112566591,0.0207799149,0.0119522073,0.0120851824,-0.0027276317,0.0061129965,0.0030098509,0.0161722652,0.0030859468,0.0098527991,-0.0115301511,-0.0080125317,0.0194320630,0.0073846226,-0.0005305107,0.0119117323,0.0133397950,0.0122608876,-0.0040024123,-0.0055007214,-0.0036917360,-0.0025261337,-0.0326320682,-0.0117524922,0.0157187064,0.0076962593,-0.0040689802,0.0014337120,0.0034484725,-0.0042416758,-0.0056232670,0.0153106848,0.0251869758,-0.0059614253,-0.0063112888,0.0050577385,-0.0022258506,-0.0116219651,-0.0184725264,0.0010786948,-0.0091560210,-0.0109149659,-0.0226063326,-0.0241741381,-0.0048744311,0.0136872158,-0.0143762052,-0.0072987881,0.0018761949,-0.0056130103,0.0003863878,0.0012271493,-0.0053455406,-0.0216515485,0.0200735350,-0.0078628939,-0.0246525723,-0.0005093401,-0.0089864431,0.0162522429
374.0000000000,0.0065733985,0.0085961598,0.0130753562,0.0190924353,0.0213177286,0.0131316060,0.0096248919,-0.0153353972,0.0064222169,0.0001845614,0.0057190986,-0.0063176166,0.0140985020,-0.0146115609,-0.0088590727,-0.0012976866,-0.0159109430,-0.0166945349,0.0030067590,-0.0009264398,0.0193973900,0.0103120263,0.0070208243,-0.0036343676,0.0128023294,0.0070917748,0.0098704334,-0.0043351442,0.0188710175,0.0228477599,-0.0039520410,0.0040101508,-0.0114083110,0.0127071813,-0.0024340997,0.0267742799,-0.0056672220,0.0186607443,0.0185348866,0.0186857575,-0.0206949634,-0.0082100155,0.0017175342,0.0156781647,0.0103857380,-0.0070853840,-0.0169533095,-0.0035799010,-0.0132790128,-0.0212191315,-0.0004206957,0.0024062434,0.0106996760,-0.0234413451,-0.0089688077,-0.0195026691,0.0035989850,0.0382359765,-0.0192100785,-0.0161583296,0.0302923258,0.0253801239,-0.0039971912
375.0000000000,-0.0231174922,-0.0252921265,0.0079335697,0.0117212435,0.0197576046,-0.0162533414,0.0075760882,-0.0025852831,0.0094160668,-0.0109292608,0.0053343693,-0.0011478168,-0.0318149680,-0.0005057261,0.0064541194,0.0181106403,-0.0281836686,-0.0011901305,0.0117797481,0.0013497320,0.0210979364,0.0130639035,0.0163326155,0.0056842371,-0.0092565794,-0.0064406372,-0.0156390529,0.0267671036,-0.0255975358,-0.0050679091,-0.0262155834,0.0036955046,0.0167290844,0.0397752223,0.0169127299,0.0167801969,0.0153189810,0.0064978128,-0.0011310319,-0.0110314525,-0.0208580920,-0.0087738238,0.0112625596,0.0323283302,-0.0084161491,0.0036957912,-0.0194776629,-0.0097076682,0.0096954164,-0.0065835258,0.0062186324,0.0313964694,-0.0068021651,-0.0140900768,-0.0062589311,-0.0338069858,-0.0215000657,0.0169163145,-0.0205608039,-0.0331621407,0.0345087324,0.0216681364,0.0175192550
376.0000000000,-0.0158186577,0.0047886098,0.0250190780,0.0225296350,0.0278700422,-0.0029829506,0.0126587601,0.0180861386,0.0160493657,-0.0260307233,0.0431054671,-0.0071929100,-0.0298900350,0.0037621361,-0.0170268704,-0.0010569766,-0.0139182497,0.0333273992,0.0109519628,-0.0121784860,0.0182674148,0.0213454776,0.0127413740,-0.0105050093,0.0003891886,0.0071934407,-0.0209313865,-0.0006309265,0.0133547094,0.0173978379,0.0005966785,0.0007488136,0.0193132243,0.0187130707,0.0040137275,0.0290585567,0.0085320977,0.0013263429,-0.0165128216,-0.0646514536,0.0019110064,-0.0186600332,-0.0002954893,0.0148509393,0.0017902233,0.0003120521,-0.0216595739,0.0140893312,0.0099127037,-0.0279949859,-0.0158589441,0.0320380367,0.0009870860,-0.0133604048,-0.0041317450,-0.0289602316,-0.0149019215,0.0166905211,-0.0026540056,-0.0366743468,0.0325811640,0.0251850398,0.0239198337
377.0000000000,0.0152138941,0.0016970318,-0.0144906143,-0.0162337221,0.0293334576,-0.0257500578,-0.0063813151,0.0109572273,0.0004947445,-0.0012398426,0.0355498202,0.0051406029,-0.0241387259,0.0068322584,0.0038392073,0.0007687042,-0.0345869217,-0.0119941834,0.0195564235,-0.0117219912,0.0082212750,0.0148661191,0.0083444065,0.0107671642,0.0167336081,-0.0062976572,-0.0169489437,0.0143770809,-0.0162527097,0.0086411474,0.0005475974,0.0065919613,0.0008534769,0.0137356285,0.0005320853,0.0103757289,0.0102185449,-0.0072030251,0.0009051215,-0.0033652750,0.0112300285,-0.0172874730,-0.0030944755,0.0009931593,-0.0136198926,0.0019285802,0.0031480437,-0.0069425251,0.0054884969,-0.0005824215,0.0014531908,0.0320452483,0.0018369084,0.0005477992,-0.0015573338,-0.0035337125,0.0093808158,0.0069705769,-0.0199048476,-0.0260157564,0.0161328735,-0.0171924447,-0.0043006652
378.0000000000,-0.0108516715,0.0064137069,0.0055143072,0.0049212143,0.0256302453,-0.0032404505,0.0060781077,0.0253737966,-0.0046625285,-0.0071578735,0.0020461524,0.0116568918,-0.0294593984,-0.0009879541,-0.0020091946,0.0262137572,-0.0201500423,-0.0111391322,0.0217643159,0.0089785966,0.0098907521,0.0121529612,-0.0036771375,-0.0105777490,0.0158972228,-0.0256662168,-0.0248914666,-0.0038137822,0.0004733686,0.0280268104,-0.0052711873,-0.0021282205,-0.0032106782,0.0466443695,-0.0067009515,0.0166768582,0.0045858094,-0.0184174243,0.0119821515,-0.0375099771,-0.0126228792,-0.0258952947,-0.0064127181,0.0211050659,0.0171010680,0.0102300877,0.0029304259,-0.0085062453,0.0084849100,-0.0234613317,-0.0066007738,0.0141516703,-0.0035242823,-0.0178106629,-0.0017223958,-0.0290343240,-0.0010320604,0.0227191450,-0.0271861279,-0.0024027205,0.0298380857,0.0100253149,0.0248152914
379.0000000000,0.0342072409,0.0034884573,0.0174254565,0.0185991814,0.0352609578,0.0163826272,0.0041728481,0.0145746479,-0.0144530137,-0.0046403351,0.0080058093,0.0233572534,-0.0211547896,-0.0054168729,0.0105291993,-0.0107792255,-0.0184966825,0.0031502942,0.0261329696,0.0109110475,0.0413962772,0.0062811276,0.0097859327,0.0085028068,0.0090550117,-0.0321543827,-0.0191191496,0.0096604693,0.0199397349,0.0026134542,-0.0034618931,0.0001726118,0.0164259727,0.0147761552,0.0115943121,0.0292007856,-0.0046097081,-0.0138045415,-0.0122375540,-0.0121159999,-0.0094520514,-0.0123508523,0.0046021183,0.0014174293,0.0097617884,0.0059737647,-0.0210041172,-0.0066194482,-0.0019814094,-0.0224937417,0.0153325058,0.0262443541,0.0125608450,-0.0204347521,-0.0004463323,-0.0184215895,-0.0015248730,0.0157678993,-0.0268059704,-0.0043505936,0.0314251142,-0.0008833155,0.0111236733
380.0000000000,0.0078967704,0.0013359044,0.0027611255,-0.0025937653,0.0253886815,-0.0069345818,0.0206229577,0.0324969780,-0.0028224062,-0.0100307895,0.0183809177,0.0185275595,-0.0127087679,-0.0052569535,-0.0012718149,0.0097503302,-0.0237619966,-0.0052426553,0.0307925746,-0.0048015729,-0.0070978517,0.0225564313,0.0091737495,0.0032207389,0.0235427745,-0.0202758023,-0.0057511316,0.0283975461,0.0069883472,0.0018738390,-0.0011040106,0.0096133080,0.0092411757,0.0083591572,0.0219896974,0.0113977782,-0.0023263326,0.0274181605,-0.0231362578,-0.0168185329,0.0034455261,-0.0258746620,0.0001665276,0.0218808115,0.0068953170,-0.0084729425,-0.0182678123,-0.0099982733,-0.0121599458,-0.0143538476,0.0025358993,0.0272311073,0.0036095846,-0.0079794156,-0.0070610788,-0.0268419625,0.0011403511,0.0229604241,-0.0238954124,-0.0181258331,0.0325970063,-0.0075409665,0.0174506143
381.0000000000,-0.0032793437,0.0130013322,-0.0219056745,-0.0021673936,0.0471521532,0.0058690335,0.0221609356,0.0120100578,-0.0069323483,-0.0273562634,0.0386521046,0.0054837992,-0.0305440528,-0.0062543422,-0.0006555907,0.0552919585,-0.0270234697,-0.0066425503,0.0346364618,0.0178122930,0.0421240592,0.0272721146,0.0148763717,-0.0423454039,-0.0078858324,-0.0052779455,-0.0070086276,0.0113391148,0.0322085257,0.0043946555,-0.0049845617,0.0108104770,0.0028061522,0.0233215080,-0.0005854118,-0.0053631326,-0.0000257028,0.0005406071,-0.0061434180,-0.0536290565,-0.0224657540,-0.0166659546,-0.0139681478,0.0184544200,-0.0124296560,-0.0131550898,-0.0186406911,0.0028675468,0.0021651476,-0.0158157940,-0.0073499344,0.0516972715,0.0078613965,-0.0355790787,-0.0199433169,-0.0197995527,-0.0061474912,0.0376268688,-0.0129179719,-0.0234636332,0.0168685588,-0.0113242108,0.0342171637
382.0000000000,0.0143356575,-0.0047410172,0.0023878186,0.0230287777,0.0487709491,0.0243406656,-0.0092793681,0.0166351971,-0.0334705756,-0.0203320906,0.0274893970,0.0173278637,-0.0070244595,-0.0082782713,0.0058078507,0.0250538699,0.0020651642,0.0142820166,0.0183145087,-0.0001519345,0.0011069183,0.0072774125,0.0102890924,-0.0166269011,-0.0013906782,-0.0224210112,-0.0221635003,-0.0119282147,0.0276343499,0.0147571826,-0.0114749282,-0.0121560520,0.0168680042,0.0182208364,0.0096223156,0.0115806955,0.0244155688,-0.0108231414,0.0000210340,-0.0300412430,-0.0371440033,-0.0229793034,0.0020801456,0.0012779764,-0.0014445519,0.0035403340,-0.0331024165,0.0108462940,0.0104477263,-0.0004907128,-0.0223467169,0.0281991927,0.0082652406,-0.0101385147,0.0108407846,-0.0125699651,-0.0056771549,-0.0071719493,0.0074715262,-0.0130046290,-0.0014326444,0.0000002209,0.0095066406
383.0000000000,0.0029884894,-0.0239032655,0.0191659848,0.0058483646,0.0301110810,0.0125602726,0.0181258777,0.0023668919,-0.0084100283,-0.0026904558,-0.0014721771,0.0193435591,-0.0250512905,-0.0129797716,-0.0082390204,0.0300796413,0.0046387830,0.0074936137,-0.0066918134,0.0011413487,0.0181825114,0.0197801788,-0.0094114712,-0.0056092903,0.0022555260,0.0137519414,-0.0212396972,0.0070913476,-0.0087186350,0.0038096220,0.0088518196,0.0066535247,0.0047268419,0.0047946077,-0.0047887955,0.0055057937,0.0090782432,0.0064218648,0.0078552361,-0.0202219164,-0.0022638805,-0.0228981840,0.0188214672,0.0139496418,-0.0085165318,-0.0043177975,-0.0106029403,0.0144063346,0.0112136263,-0.0161516948,0.0039996878,0.0360135928,0.0093144979,-0.0013107358,-0.0253285040,-0.0070401279,-0.0066016516,0.0206111582,-0.0166978785,-0.0034181830,0.0189783210,-0.0098779520,0.0225439960
384.0000000000,-0.0191214963,-0.0064704747,0.0123314974,0.0102723339,0.0349237663,0.0071739632,0.0116267332,0.0182858550,0.0092025911,-0.0076130940,0.0313830892,0.0008275789,-0.0053312042,0.0072996540,0.0213762739,0.0198433350,-0.0243434192,-0.0047835086,0.0267010095,-0.0110829919,0.0231591795,0.0235322473,-0.0148171842,-0.0152546407,0.0069167694,-0.0185349521,-0.0092352583,-0.0013240443,0.0356064914,0.0259317780,-0.0248181001,-0.0187716985,0.0013864555,0.0166016788,0.0236950495,0.0131171972,0.0134502944,0.0496167113,0.0209037361,-0.0288567688,-0.0105965650,-0.0155825677,0.0081558813,0.0386923118,0.0059135628,-0.0028777938,-0.0344021375,-0.0102682273,0.0125167084,-0.0221278968,0.0114110679,0.0333755617,0.0229094979,-0.0155619516,0.0004144431,0.0043661298,-0.0057657705,0.0180021100,0.0114576506,-0.0067278083,0.0277518429,0.0131408748,0.0173916969
385.0000000000,0.0020965917,-0.0113779752,-0.0032912998,0.0075840468,0.0563697672,-0.0115169273,0.0051368479,0.0131732385,-0.0097519378,-0.0217429045,0.0215265365,0.0001853534,-0.0170621423,-0.0105082379,-0.0080060224,0.0260241470,-0.0221643893,-0.0084150214,0.0164819897,-0.0152288795,0.0107884271,0.0352634081,-0.0306868209,-0.0130076299,0.0140130526,-0.0082474931,-0.0211302232,-0.0061592581,0.0096722276,-0.0020285033,-0.0071350986,0.0079750998,0.0034943438,0.0148942796,0.0055511813,0.0278295257,0.0041710973,0.0129525189,0.0022449583,-0.0278512601,0.0032307267,-0.0323714642,-0.0045659790,0.0369105527,-0.0068552839,-0.0053450468,-0.0404305836,0.0197738590,0.0114641675,-0.0445631064,0.0059134939,0.0295944410,0.0287356535,-0.0093642404,-0.0148498105,-0.0158140505,-0.0104100231,0.0322611165,-0.0251328820,-0.0349030953,0.0160008339,-0.0002250399,0.0111981557
386.0000000000,-0.0299763405,-0.0018142041,0.0021029455,-0.0058162061,0.0358433147,0.0147301365,-0.0049581020,0.0186211911,0.0022665432,-0.0118745392,0.0085937900,0.0140170823,-0.0231767370,-0.0088422873,0.0007533332,0.0393933683,-0.0326548176,0.0082347391,0.0167861269,-0.0350203959,0.0155458825,0.0202316275,0.0131163574,0.0037211364,0.0124941162,-0.0203293201,-0.0183433675,0.0041178185,-0.0087365821,0.0028733067,-0.0068855815,0.0164840002,0.0205068523,0.0192795628,0.0119820248,0.0125579286,0.0053220711,0.0274458011,-0.0109805901,-0.0202352806,-0.0100542844,-0.0117966707,-0.0034252647,0.0239184601,0.0033198625,0.0023251818,-0.0338730379,-0.0173561413,0.0242095437,-0.0264178437,0.0087314376,0.0360032355,0.0004112525,-0.0073046791,-0.0030512390,-0.0229090162,0.0143061384,0.0447640495,-0.0168972064,-0.0063801718,0.0452940514,0.0247389871,0.0257166632
387.0000000000,-0.0091567610,-0.0053007255,0.0162265466,0.0193320058,0.0258853515,0.0139527304,0.0216508012,0.0105202032,-0.0100791335,-0.0132545755,0.0287199226,0.0048941192,-0.0030815031,-0.0031445735,-0.0011704823,0.0126684111,-0.0142596872,0.0105698593,0.0271956771,-0.0122511910,0.0076510906,0.0162107421,0.0138640877,-0.0111485704,0.0214434159,0.0147092919,-0.0318736968,0.0214969157,0.0191196171,0.0283113108,0.0091549542,0.0005362908,0.0096925962,0.0101914222,-0.0032950032,-0.0196242235,-0.0009508413,0.0069942878,-0.0171876875,-0.0006834182,0.0094088136,-0.0218609825,-0.0166388457,-0.0007854549,0.0100108256,-0.0099880728,-0.0032256396,0.0243737411,0.0005675747,-0.0291921017,-0.0185673206,0.0343093979,0.0396144763,-0.0245225123,-0.0121155067,-0.0383870080,0.0095950165,0.0178172456,0.0047138276,-0.0301710316,0.0307423737,0.0065433090,0.0280671704
388.0000000000,0.0056910061,-0.0067010011,-0.0017488232,0.0064893457,0.0444269365,0.0158667248,0.0134737683,0.0160442119,-0.0002028573,-0.0148848765,0.0058449941,-0.0091100991,-0.0149200065,0.0183338229,0.0115391758,-0.0040907685,-0.0080564949,0.0005293296,0.0132220620,-0.0072132655,0.0248441450,0.0214207626,0.0102682740,-0.0065685139,-0.0012735050,-0.0131525040,-0.0129806222,-0.0146321425,0.0170768197,0.0228031914,0.0019709162,0.0087995341,-0.0097062734,0.0117224151,0.0084661868,0.0329709416,0.0053264825,0.0097182223,-0.0051725043,-0.0273030631,0.0013453736,-0.0040582510,0.0074046892,0.0309673520,0.0213955454,-0.0114958836,-0.0095524023,-0.0087427235,0.0071745189,-0.0193108444,-0.0131408189,0.0325001775,0.0018650662,-0.0083583267,-0.0085379126,-0.0126934337,-0.0095605995,0.0077202625,0.0148085594,0.0075094931,0.0207924245,-0.0068610276,0.0033045891
389.0000000000,-0.0002749541,0.0210922893,-0.0030203319,0.0231710923,0.0199106313,-0.0260586101,0.0357641677,0.0251921148,-0.0097517780,-0.0127096199,0.0343240189,0.0000388201,-0.0132601444,0.0262075642,-0.0143426543,0.0285173255,-0.0319747239,-0.0013252172,0.0155384067,0.0120248621,0.0423888553,0.0075101886,-0.0079257483,-0.0023831839,0.0246424451,-0.0393120949,-0.0069000656,-0.0134721162,-0.0049207203,0.0258431634,-0.0077982656,0.0187982504,-0.0129874038,0.0206564755,-0.0012188867,0.0260106039,-0.0117684269,0.0050872820,0.0114667868,-0.0286050863,-0.0085458379,-0.0056281526,-0.0081971539,0.0125612483,0.0095523860,0.0181693384,-0.0102967441,0.0190849132,0.0063275802,-0.0030473265,0.0088930559,0.0383132446,0.0050985479,0.0021649332,-0.0083465275,-0.0067267429,-0.0015392098,0.0124426750,-0.0044936444,-0.0185488191,0.0307959511,-0.0098744759,0.0377610786
390.0000000000,-0.0276814295,0.0017364345,0.0085918424,0.0012186384,0.0532143293,-0.0126312988,0.0103048250,0.0215691567,0.0015401840,-0.0165408882,-0.0016119659,-0.0195333197,-0.0109723239,-0.0081581066,-0.0135050116,0.0182439528,-0.0335387459,-0.0085379992,0.0198028980,0.0181226540,0.0235375298,0.0202989058,-0.0011430569,-0.0017607050,-0.0159514402,-0.0188516675,-0.0074484568,0.0029052124,0.0148370692,-0.0070416357,-0.0006524856,0.0068991774,-0.0024614479,0.0034254210,-0.0051142474,0.0098979017,0.0180458211,0.0240397107,-0.0041196529,-0.0388796373,-0.0155335005,-0.0099789363,-0.0026358696,0.0123643234,0.0187055104,-0.0180745842,-0.0077922547,-0.0142842048,-0.0030525959,-0.0208290878,-0.0177004846,0.0417047595,-0.0006189455,-0.0191808694,-0.0162165634,-0.0051276518,-0.0198989722,0.0106643077,-0.0133531575,-0.0085494214,0.0158721257,0.0060341701,0.0078608680
391.0000000000,-0.0067667849,-0.0010225474,-0.0048810941,0.0188871943,0.0302279543,0.0042099960,-0.0014181503,-0.0191615951,0.0099049926,-0.0269006364,-0.0030753992,0.0056210503,0.0031408019,-0.0009723448,-0.0029050353,0.0155418081,-0.0236266407,-0.0086806155,-0.0002633635,-0.0034778507,0.0088342685,0.0162542346,-0.0106791945,0.0030973369,0.0014870642,0.0039994628,-0.0186636593,-0.0094296114,-0.0088179467,0.0175967473,-0.0119679228,0.0125259840,0.0269117057,0.0217509329,0.0024809978,0.0066226533,-0.0100376572,0.0393169495,0.0003383302,-0.0389109526,-0.0189170797,-0.0105839344,0.0054266373,0.0117881359,0.0241309389,0.0266215294,-0.0054805949,-0.0017441450,0.0146715208,-0.0199756589,0.0014349693,0.0155008765,-0.0011589136,0.0015840232,-0.0017532320,-0.0425918347,0.0034408689,0.0359384026,-0.0069647888,-0.0452374837,0.0060443281,0.0158147305,0.0246570451
392.0000000000,-0.0029907018,0.0180764048,-0.0014737936,0.0065205870,0.0461719978,0.0204544815,0.0082489470,0.0290276751,0.0086838090,-0.0196568965,0.0126935744,-0.0031348939,-0.0116277078,0.0017200044,-0.0060388468,0.0016454347,-0.0520900376,0.0225771131,0.0226359200,0.0258904787,0.0237513538,0.0095263831,0.0012244776,0.0045020991,0.0199810149,-0.0269792591,-0.0076729160,0.0094760283,0.0045797008,0.0072823445,0.0024288457,0.0103857544,-0.0026349505,-0.0018867407,0.0085194413,0.0109084191,-0.0116385236,0.0063820119,0.0027447691,-0.0104792545,-0.0134607057,-0.0180365761,0.0148946441,0.0206838892,0.0057294857,-0.0212902471,0.0086223554,0.0035867947,-0.0177851487,-0.0160698887,0.0130242277,0.0266510955,0.0144143915,-0.0134587631,-0.0328087133,0.0001548414,0.0054553711,0.0213512478,-0.0001671184,-0.0435631867,-0.0188822747,0.0186850689,0.0336376065
393.0000000000,-0.0308181994,-0.0077987024,-0.0154314631,0.0123664021,0.0323611456,0.0212757266,0.0039620077,0.0076505533,0.0184494213,-0.0299602542,0.0239837646,0.0076033950,-0.0316365478,-0.0097167983,0.0129534340,0.0458134863,-0.0224002774,-0.0029522211,0.0059483076,-0.0112604263,0.0133408896,0.0086279184,0.0155321744,-0.0125696302,0.0102608208,-0.0260272537,-0.0004955555,0.0106636383,-0.0104698864,0.0232070655,-0.0203956953,0.0154834577,0.0107542472,0.0199483786,0.0018235253,0.0083519136,0.0187526672,-0.0023816098,-0.0054082606,-0.0448210879,0.0105680686,-0.0165016906,0.0354961147,0.0183115803,-0.0089343947,-0.0163905784,-0.0236813341,0.0004500425,0.0142449187,-0.0128232656,0.0050282090,0.0289865421,-0.0032145297,-0.0028732102,-0.0267087269,-0.0255731310,0.0033042283,0.0057859730,-0.0132680640,-0.0181006195,0.0324701355,0.0159587591,0.0281298183
394.0000000000,-0.0039693345,0.0122512879,-0.0047628966,0.0062481109,0.0502249843,0.0269849354,0.0100375813,0.0299395465,-0.0161899184,-0.0221870201,0.0157564866,0.0140435437,-0.0232123391,0.0078488145,0.0048472203,0.0316067424,-0.0007499347,0.0170312683,0.0116535936,-0.0099096001,0.0371730901,0.0387793458,0.0020529023,-0.0077775208,0.0204317431,0.0063139222,-0.0212125323,-0.0065780740,0.0059049710,0.0282632459,-0.0062375764,-0.0082570616,0.0309895672,-0.0069755956,0.0075301624,0.0123631393,-0.0132161396,0.0271122428,0.0060800343,-0.0440308807,0.0011786579,0.0042180806,-0.0116130192,0.0189401236,0.0213715603,-0.0162255726,-0.0034774418,0.0038816756,0.0095357219,0.0175260638,0.0172668427,0.0482160356,-0.0049941234,-0.0143859309,-0.0197968140,-0.0376298635,-0.0132055155,0.0350309895,-0.0012302074,-0.0392207063,0.0125385946,0.0230783731,0.0070705299
395.0000000000,-0.0036724038,0.0062573238,-0.0018155176,0.0193929163,0.0424065363,-0.0131009811,0.0271729910,0.0249422370,0.0237131209,-0.0226874773,0.0370749394,0.0123256066,-0.0323580709,-0.0041853003,-0.0157147109,0.0361714692,-0.0323551250,0.0138940305,0.0456462486,0.0155276260,0.0164362752,0.0174534260,0.0001054075,-0.0169723612,0.0248507207,0.0105910093,0.0066448240,0.0119839612,0.0272890185,0.0154235201,-0.0181377264,0.0098816412,0.0055515808,0.0256627301,0.0274018150,0.0075149274,-0.0245001403,0.0299955928,0.0200984264,-0.0374315073,0.0024795345,-0.0234615537,-0.0044918755,0.0360031156,0.0004292794,-0.0055150762,0.0057499820,0.0005941563,-0.0182639142,-0.0347565235,0.0063900378,0.0448478008,0.0183657208,-0.0045718081,-0.0265551060,-0.0264113553,-0.0011438521,0.0191965354,-0.0103629491,-0.0243856081,0.0189358456,0.0210745988,0.0141398363
396.0000000000,-0.0085189088,-0.0015625091,-0.0161158989,-0.0037463373,0.0258861139,-0.0094906116,0.0049100854,-0.0106052012,0.0094722999,-0.0159684683,0.0514317822,0.0068468569,-0.0172714520,-0.0043382169,-0.0288374363,0.0309871518,-0.0117846704,-0.0098921924,0.0207279635,-0.0211195093,0.0077096186,0.0077333966,0.0199873114,-0.0144841242,0.0098015600,-0.0052225037,0.0023302207,0.0058328838,0.0043939541,-0.0052249300,-0.0032184096,0.0161910208,-0.0196519704,0.0366340335,-0.0054684286,0.0084352171,-0.0065732544,0.0447112977,-0.0174067786,-0.0335375121,-0.0151398698,-0.0199797152,-0.0047672663,0.0103399505,-0.0080787057,-0.0014685177,0.0150243155,-0.0198687347,0.0137772911,-0.0245614096,0.0051444268,0.0191407803,0.0206612881,-0.0133243151,-0.0138059318,-0.0235396987,0.0315395487,0.0317140457,0.0198947121,-0.0202840791,0.0168286553,-0.0023849016,0.0083780080
397.0000000000,0.0161118714,-0.0018024627,-0.0030442068,0.0219714513,0.0295225395,0.0019034947,0.0338657094,0.0057632962,-0.0011095038,-0.0284448030,0.0222556867,0.0239049760,-0.0143462714,0.0069724221,0.0194432171,-0.0036325931,-0.0112418947,-0.0097305470,0.0253261710,-0.0015957838,0.0443188188,0.0058516563,0.0098163683,-0.0140499514,-0.0144381912,-0.0073151688,-0.0038708663,0.0101148026,0.0004810266,0.0158349367,0.0129290840,-0.0035863798,0.0091659983,0.0215385387,0.0187552717,-0.0239661845,0.0038265425,0.0065670331,0.0000074689,0.0065900791,0.0133631935,0.0047416400,0.0004897157,0.0110982121,0.0112565689,-0.0128648569,0.0176585982,-0.0000868511,0.0217266887,-0.0104376295,0.0077633633,0.0418681898,-0.0095237035,-0.0104719357,-0.0200738149,-0.0240590771,0.0131738713,0.0346565635,-0.0088676402,0.0027994602,0.0034284243,-0.0175293250,0.0201506898
398.0000000000,-0.0327544031,0.0072871208,-0.0071339188,0.0184670810,0.0313337438,-0.0082774402,0.0159287532,0.0252538822,0.0140602819,-0.0300785393,0.0085695885,-0.0028392328,-0.0052067217,0.0100022652,0.0023432173,0.0162612995,-0.0096786115,0.0025496814,0.0210456953,-0.0157126561,0.0125896591,0.0158682386,0.0027512695,0.0066054329,0.0218358294,-0.0316668643,-0.0175665819,0.0149675208,0.0180502482,0.0186800626,0.0048011468,0.0126669309,-0.0010687753,0.0210209062,0.0126961272,-0.0085077497,-0.0207224248,0.0169649656,-0.0262500326,0.0118468767,-0.0037613664,-0.0231036430,-0.0137573773,0.0076403281,-0.0051787537,-0.0093447799,0.0017896795,0.0083922231,0.0083887396,-0.0123857977,0.0070100367,0.0168018229,0.0028503725,-0.0159962984,-0.0231012461,-0.0065973892,-0.0163587607,0.0122336237,0.0000124792,-0.0190226528,0.0230833271,-0.0113184389,0.0195470450
399.0000000000,-0.0179942717,0.0125977715,-0.0025031044,-0.0094205558,0.0455181965,0.0113748137,0.0085389229,0.0218670019,0.0144354838,-0.0303123451,0.0032366390,0.0012709237,-0.0422188387,0.0126062506,0.0319953464,0.0210681638,-0.0268336618,0.0022840150,0.0195245324,-0.0061788521,0.0179703922,0.0115707482,-0.0078966155,-0.0138114590,0.0082787698,-0.0017422749,0.0021149677,0.0113284182,0.0420234108,-0.0071400120,0.0053468278,-0.0103866731,0.0001251851,0.0075464557,0.0040589596,0.0009484014,0.0089409268,-0.0105928774,0.0092142643,-0.0332487893,0.0124235543,-0.0201466593,0.0026533905,0.0013683422,0.0137140577,-0.0242138397,-0.0333953807,-0.0122811642,0.0151000328,-0.0123601760,-0.0167742741,0.0170485104,-0.0034755619,0.0034673129,0.0015894066,-0.0275013976,-0.0052201265,0.0001003691,-0.0067764028,-0.0396791012,0.0246629361,0.0004941630,0.0290077436
400.0000000000,0.0083988435,-0.0155668455,0.0020365555,0.0151253977,0.0313324354,-0.0010150489,0.0065094341,0.0151146806,-0.0000758601,0.0039271312,0.0008137489,0.0071443962,-0.0172666077,-0.0110614608,-0.0022074580,0.0057676355,-0.0114038816,0.0075793955,0.0166868197,0.0181756047,0.0142516982,0.0066167707,-0.0078342813,-0.0161813823,0.0068511243,-0.0175310773,-0.0109724604,-0.0094401277,-0.0021767600,0.0044136505,-0.0193305405,-0.0026771289,0.0195210182,-0.0017284548,0.0055025254,0.0092022410,0.0078369147,0.0171333162,-0.0040284232,-0.0179181373,0.0036696745,-0.0023798112,-0.0056497941,0.0265745484,-0.0168623008,-0.0122554430,-0.0109150467,0.0134334610,0.0041427701,-0.0182699487,0.0038883541,0.0118512673,0.0113813169,0.0069212883,-0.0217238479,0.0053202019,-0.0083366367,0.0159649311,-0.0135919542,-0.0097998256,0.0291325211,-0.0157930590,0.0007909733
401.0000000000,0.0030975333,0.0086601986,0.0054991128,-0.0104571754,0.0516042200,0.0076139238,0.0176333392,0.0269481574,-0.0121565601,-0.0091205841,0.0126884997,-0.0006808289,-0.0097755642,-0.0162480682,0.0126694120,0.0322023181,-0.0063849072,0.0062821960,0.0142047487,-0.0199856664,0.0071387839,0.0296266563,-0.0045784828,-0.0160193930,-0.0158276775,-0.0111943439,-0.0085049555,0.0073246431,-0.0015571448,-0.0168985990,-0.0128214650,-0.0077143339,0.0073738491,0.0247484587,0.0230565429,-0.0127949286,0.0038565103,0.0000058421,0.0056557718,-0.0394878705,-0.0100369244,-0.0024404077,0.0101229442,0.0156591793,-0.0102215813,0.0076541913,-0.0101195646,0.0108532142,0.0078752824,-0.0210153953,-0.0016433695,0.0318928827,-0.0033039433,0.0072923410,-0.0019097082,-0.0304668798,0.0006452632,0.0349963788,-0.0056716241,-0.0227254137,0.0254845759,-0.0121318545,0.0008183711
402.0000000000,0.0077676927,-0.0154542353,-0.0125616653,0.0100100002,0.0279444682,0.0059739468,-0.0011496084,0.0039946266,-0.0023377824,-0.0148430447,0.0321054147,0.0019605128,-0.0019185274,-0.0068019963,0.0002355725,0.0166194890,-0.0134898452,-0.0292082440,0.0041264649,-0.0055068402,0.0104821164,0.0149761790,-0.0062242640,-0.0117313889,0.0134579073,-0.0188307502,-0.0185911673,0.0002100004,-0.0038644433,0.0141833210,0.0027020966,0.0158809235,0.0112969553,0.0142780276,0.0092071076,-0.0008631258,-0.0036173787,0.0143389829,0.0172793673,-0.0073855515,-0.0085458845,-0.0179748994,-0.0030958045,0.0285786283,-0.0045031592,0.0120371841,0.0056373997,0.0011472959,0.0173925469,-0.0131125027,0.0058357686,0.0187419740,0.0229769128,-0.0058550544,-0.0184678582,-0.0089242226,-0.0045060036,0.0136088411,0.0009364598,-0.0186797250,0.0069878804,-0.0095444586,0.0051128408
403.0000000000,-0.0138891440,-0.0027222672,-0.0031107658,0.0175956970,0.0456879024,0.0133477744,0.0409486752,0.0061487414,0.0187260869,-0.0156931406,0.0167765414,-0.0057219734,-0.0192069373,-0.0016641640,-0.0038942723,0.0146152635,-0.0066561681,0.0277573441,0.0109920434,0.0134815724,0.0142841836,0.0013416350,-0.0204194536,-0.0154226140,0.0214710369,0.0021824663,-0.0088528143,0.0147892756,0.0123260738,0.0265370995,-0.0040182301,0.0017993722,0.0179661083,0.0075924253,-0.0041581605,0.0130532887,-0.0003663959,0.0332661336,-0.0217801225,-0.0129159391,-0.0098000929,-0.0001420512,0.0051996126,0.0139930936,-0.0036935419,-0.0084218696,0.0022706617,-0.0196490364,-0.0185356171,-0.0063249747,0.0136392059,0.0269984741,-0.0118836258,-0.0194582673,-0.0001482973,-0.0187939615,-0.0115177064,-0.0074773344,-0.0324191890,-0.0067624438,-0.0044793010,0.0113935230,0.0142587467
404.0000000000,0.0015099006,0.0001542116,0.0049866167,-0.0018484541,0.0425248233,-0.0028185734,0.0218968060,0.0022852913,0.0237656265,-0.0201416797,0.0358020024,0.0076939730,-0.0287405664,0.0113138946,-0.0165392100,-0.0066587389,-0.0285425051,0.0205775385,0.0087367290,-0.0137075272,0.0279621583,-0.0097702123,-0.0012985559,-0.0134966235,0.0240748083,-0.0325327454,-0.0372641034,0.0040958504,0.0017640410,-0.0104566615,-0.0166998221,-0.0016668799,-0.0035988353,0.0036586029,-0.0026613769,-0.0020683771,0.0215051404,0.0100478162,0.0155483736,-0.0237545692,-0.0122403325,-0.0232030447,0.0053036462,0.0169579139,0.0025163487,0.0032899168,-0.0008268747,-0.0005354635,0.0113435322,-0.0278391890,-0.0108806011,0.0477733045,0.0027266801,-0.0071915663,-0.0216316751,-0.0176359316,-0.0040675874,0.0173766717,-0.0217364829,-0.0074989187,0.0074952749,0.0037740901,0.0308007916
405.0000000000,-0.0148711907,0.0007342752,-0.0036761129,-0.0073170285,0.0285190064,-0.0010671340,-0.0072866772,0.0162260895,-0.0135406644,-0.0363288772,0.0172721930,-0.0081124397,-0.0008703241,0.0233682056,0.0149372059,0.0093186226,-0.0284137199,0.0075641703,0.0223330554,-0.0103209947,0.0132463487,0.0102461213,0.0027961900,-0.0081294968,-0.0162040928,0.0213606389,-0.0383862041,-0.0298844046,0.0151156782,0.0057962809,-0.0206202127,-0.0181807849,0.0050230476,0.0275849251,0.0147015073,0.0151891141,0.0079992143,0.0036582875,-0.0099712111,-0.0171179044,-0.0138220876,-0.0151823960,0.0003214172,0.0174362412,0.0096819441,0.0084291824,-0.0015531178,-0.0320933177,-0.0011846190,-0.0437267058,-0.0049223844,0.0318357668,-0.0058304773,-0.0116431360,-0.0220620045,-0.0123571749,-0.0070739091,0.0166929096,-0.0024775941,-0.0181016927,0.0193815761,-0.0052846045,0.0269784543
406.0000000000,-0.0080666480,0.0068499124,-0.0103335017,0.0070917350,0.0371953508,0.0061483383,-0.0115358199,0.0104217870,-0.0046667567,-0.0417108274,0.0318039425,-0.0153829238,-0.0172771632,0.0084125731,-0.0090569426,0.0246990010,-0.0237950181,-0.0170266429,0.0208539400,-0.0073405659,0.0263706593,0.0133093967,0.0034412369,-0.0208871107,0.0039112780,-0.0062734899,-0.0048320217,0.0117743943,0.0004398615,0.0018642244,-0.0327304290,0.0086516451,0.0277579104,0.0135222830,-0.0083974637,0.0198954910,0.0049919035,0.0123704611,0.0159721864,-0.0339466306,-0.0067126065,-0.0205974227,-0.0004581911,0.0123729001,0.0171418790,-0.0010110953,0.0102692276,-0.0040286278,0.0151361271,-0.0222342320,-0.0042927679,0.0187399876,-0.0203612942,-0.0113732158,-0.0171167252,-0.0286354058,-0.0233810492,0.0184483184,0.0031989866,-0.0468266671,0.0153267563,0.0370187735,-0.0102580001
407.0000000000,0.0166776885,0.0069526659,0.0142824465,0.0254360631,0.0101312374,0.0155945534,-0.0143464542,-0.0019171898,-0.0057070872,-0.0096914865,0.0098562479,0.0019489669,-0.0058228646,-0.0006444481,0.0084302275,0.0098179599,0.0033173710,-0.0098355627,-0.0043003628,0.0036948309,0.0121208761,0.0045623376,-0.0048797325,-0.0075878910,-0.0017189745,-0.0235127877,-0.0048452317,-0.0003001602,0.0123639997,-0.0075951365,-0.0121655241,0.0136878506,0.0282289971,-0.0093078815,0.0080200603,-0.0013871759,-0.0006526374,0.0169940556,0.0008913540,-0.0255654951,0.0172578292,-0.0026392600,0.0047028607,0.0120252941,0.0042996053,0.0150068646,-0.0063927801,-0.0135686324,-0.0033522597,-0.0116291698,-0.0169993415,0.0220848745,0.0121273742,0.0007264638,-0.0218572885,-0.0055594676,-0.0003277182,0.0169017569,0.0001465069,-0.0113750014,0.0158157702,-0.0007490199,0.0016347345
408.0000000000,-0.0119235762,0.0065876653,0.0112589496,0.0058701885,0.0448532832,-0.0000098846,0.0026147024,0.0112895289,-0.0026772380,-0.0226272803,0.0429329077,0.0053485070,-0.0195797966,-0.0074825617,-0.0031388504,0.0074691842,-0.0004299669,-0.0054945407,0.0086669471,-0.0066333193,0.0099577926,0.0160192615,0.0004707039,0.0096274212,0.0138769511,-0.0039697329,-0.0230590852,0.0145183470,0.0154396191,0.0332306221,-0.0161503911,0.0022011542,0.0060576813,0.0245514353,0.0073421432,0.0038806622,0.0096099315,0.0024761882,-0.0027324817,-0.0338361877,-0.0206307767,-0.0189236451,-0.0138597757,0.0103068840,-0.0085744216,0.0071996981,-0.0021307708,-0.0169010536,0.0148068738,-0.0215164445,-0.0186772826,0.0256674937,0.0141336779,-0.0144133810,-0.0058815449,-0.0300964796,-0.0086469526,0.0274709866,-0.0032445379,-0.0164878029,0.0303655297,0.0057171676,0.0184068396
409.0000000000,-0.0021376953,-0.0239777744,0.0122166499,0.0096680654,0.0260961553,-0.0057692768,0.0297840040,0.0190300029,0.0022201380,-0.0321249149,0.0284391511,0.0130800233,-0.0344008832,0.0015970475,-0.0034268712,0.0131207738,-0.0085015491,0.0225128881,0.0061009889,0.0061627200,-0.0012351299,0.0183101649,-0.0078975216,0.0069528651,0.0130723814,-0.0051049406,-0.0317195690,-0.0114502152,-0.0010726964,-0.0105363083,0.0083878575,0.0014982367,0.0160250096,0.0032098346,-0.0016147975,0.0234783248,0.0076661968,0.0132207157,-0.0234654657,-0.0521413879,-0.0013988686,0.0137908383,-0.0018316285,0.0279193571,0.0016007170,-0.0200583975,0.0113800247,0.0000876751,0.0119199141,-0.0264749270,0.0136238052,0.0237766985,0.0143978100,-0.0204365326,0.0024916313,-0.0233958903,0.0020158326,0.0229726045,-0.0049356986,-0.0303868969,0.0233920848,0.0160743423,0.0123977704
410.0000000000,-0.0054162109,-0.0137589124,-0.0109449215,0.0190691756,0.0497441463,0.0079018334,0.0280768707,0.0069456838,0.0180223000,-0.0158296659,0.0318822711,0.0019109228,-0.0400634855,-0.0084418341,-0.0026959907,0.0286034943,-0.0414422019,-0.0074532322,0.0167914627,-0.0011073320,0.0115506007,0.0274005864,0.0113584883,0.0165534144,-0.0000137180,-0.0134169077,-0.0319674549,0.0001220657,0.0126409024,-0.0059181859,-0.0109483940,0.0095777119,0.0189604321,0.0210742112,-0.0185504144,0.0059521029,0.0157865984,-0.0020166256,0.0080255738,-0.0278282915,-0.0012823758,-0.0108509360,0.0141471392,0.0314232839,0.0136841758,-0.0145789557,-0.0105509916,0.0109221344,0.0195517022,-0.0194067483,-0.0088299004,0.0112632979,0.0224595171,-0.0051279128,-0.0241142145,-0.0171877199,0.0153068767,0.0271139555,-0.0231282732,-0.0377324196,0.0154760253,-0.0061371709,0.0213235473
411.0000000000,-0.0241614542,0.0072114035,0.0157063833,0.0060008213,0.0314363331,-0.0033485744,0.0078524273,-0.0036566294,0.0235666550,-0.0119996012,-0.0072678269,0.0073552795,-0.0069548793,0.0155028775,0.0000846400,-0.0003482472,-0.0171649306,0.0200544010,0.0063401172,0.0136829652,-0.0017681233,0.0168998773,-0.0036530133,-0.0030567577,0.0077230934,-0.0073722154,-0.0068398538,0.0115443371,0.0088515406,0.0192082848,-0.0391826711,-0.0298350032,-0.0047417630,0.0130690918,0.0072394081,0.0120024722,-0.0080492356,0.0083781084,-0.0071365807,-0.0271242407,-0.0011924284,0.0175826824,0.0018937922,0.0159124783,-0.0071267323,-0.0033986127,-0.0326514875,0.0250007368,0.0251925176,-0.0079290613,0.0025612156,0.0302765981,-0.0054346777,0.0054757516,-0.0017788785,-0.0089887524,0.0065480149,0.0139690322,-0.0231374946,-0.0205377299,0.0064460657,-0.0041547381,0.0107995290
412.0000000000,-0.0114982579,0.0058341401,0.0214133063,0.0048841743,0.0477993384,-0.0064162973,-0.0011999613,0.0199626653,0.0068367694,-0.0269003345,0.0238303551,0.0013270361,-0.0092211547,-0.0121600448,0.0108787599,0.0069006555,0.0010192475,-0.0156704841,0.0192678881,-0.0149217821,0.0181606802,0.0195448801,0.0023809922,-0.0013680874,0.0004990742,-0.0183522049,-0.0153260801,0.0134058848,-0.0121132748,0.0023604481,0.0008011343,0.0139352671,0.0002407835,0.0146085426,0.0248175670,0.0006450336,-0.0122374658,-0.0105933114,-0.0040533127,-0.0011227455,-0.0082546348,-0.0031680197,-0.0100466147,0.0326264969,0.0060925834,-0.0206218138,-0.0300440377,0.0095457114,-0.0077800700,-0.0062471439,0.0048342697,0.0270990319,-0.0032473450,-0.0093034120,-0.0010777912,-0.0091299508,-0.0091589331,0.0016899715,0.0024467711,-0.0176401642,0.0317587590,0.0205367208,-0.0056416363
413.0000000000,-0.0151146357,0.0165512203,0.0045483940,-0.0031417993,0.0413304208,0.0127336622,0.0041468887,0.0048199199,0.0074620429,-0.0160031150,0.0286251420,0.0222945675,-0.0034100665,-0.0355266790,0.0030029361,0.0041981615,-0.0187418747,0.0098005460,-0.0063897605,0.0118020027,0.0276750966,-0.0013157102,0.0116516496,-0.0373729638,-0.0055507838,0.0070703736,-0.0175740040,0.0184124278,-0.0033399000,0.0033088119,-0.0159460843,0.0260130003,0.0222693238,-0.0050060681,0.0054481811,0.0033253484,-0.0094682414,0.0164885146,0.0100837563,-0.0291565274,-0.0070849539,-0.0101578552,-0.0119547817,0.0023258912,0.0080336324,-0.0223022607,0.0103287468,-0.0091396006,0.0114458067,-0.0083381334,-0.0028428354,0.0224664305,0.0329579069,0.0082458507,-0.0267731321,0.0003835178,0.0021176857,0.0128064885,0.0075301361,-0.0069705439,-0.0076975918,0.0062050341,0.0297363363
414.0000000000,-0.0106986514,0.0085038674,0.0141210319,0.0127056338,0.0418993503,-0.0087595426,0.0120246355,0.0283866385,-0.0155908358,-0.0142402871,0.0308696225,0.0002477462,-0.0230562292,-0.0264174132,-0.0224815913,0.0400116405,-0.0197792812,0.0294596123,0.0135842646,-0.0143605260,0.0106967408,0.0209692080,-0.0139499761,-0.0202536867,0.0191308573,-0.0303811517,-0.0301972385,0.0095570865,-0.0189218601,0.0018277720,-0.0019072792,0.0066110253,0.0177622460,0.0008414668,0.0101267040,-0.0188185985,0.0065409830,0.0036980529,0.0043152246,-0.0184012598,-0.0077859833,-0.0097151920,0.0061166633,0.0265147655,-0.0099010154,-0.0145510268,-0.0100604535,-0.0055848466,-0.0041335952,-0.0081228150,-0.0226303369,0.0392164872,0.0307857467,-0.0141277581,-0.0231839940,-0.0214715190,-0.0113980389,0.0147147979,-0.0082174240,-0.0239570645,0.0317946544,-0.0062539713,0.0026864221
415.0000000000,-0.0118337384,0.0054204775,0.0096491260,0.0119825883,0.0275758625,0.0030893142,-0.0108042712,0.0095587325,0.0076309989,-0.0377371577,0.0041117353,-0.0096311943,-0.0217146522,-0.0021318481,-0.0023908701,0.0148124246,-0.0104526917,-0.0019866884,0.0192465674,-0.0113407503,0.0106265060,0.0012909879,0.0083141504,-0.0305689358,-0.0071385956,-0.0049451328,0.0052063243,0.0025737589,0.0293309355,0.0163944025,0.0167464869,-0.0080299988,0.0130647693,0.0043146976,0.0048925895,-0.0064966773,0.0081738473,0.0166724029,-0.0055183045,0.0049805614,0.0113247223,0.0054886962,0.0183406462,0.0103051455,-0.0021388704,-0.0079288140,-0.0110075639,0.0381026433,-0.0196336668,-0.0083713160,-0.0165173416,0.0413168854,0.0005572346,-0.0158538221,-0.0299778262,-0.0291412690,0.0004518759,0.0127963431,0.0143981693,-0.0280800966,0.0085891211,-0.0035036845,0.0113627283
416.0000000000,-0.0039158670,-0.0132774073,0.0364744394,0.0166950054,0.0270617119,0.0098415611,0.0029868033,0.0001224961,0.0171168934,-0.0206595473,0.0189098786,-0.0104110034,-0.0060079919,-0.0027552941,-0.0033515337,0.0273558682,-0.0213281096,-0.0089322436,0.0272700504,-0.0015139646,0.0040245074,-0.0040811720,-0.0035424704,-0.0023545225,0.0132753608,-0.0225501738,-0.0108269143,0.0004434969,-0.0103156886,0.0117464556,-0.0378227899,0.0001063966,0.0033658339,0.0109643087,-0.0009775382,0.0166708501,0.0020980499,0.0180570205,0.0081538460,-0.0011137370,0.0066619481,0.0044278297,-0.0042911339,0.0058118729,0.0158092239,-0.0147331141,-0.0111519379,0.0047796848,-0.0039277724,-0.0185576535,-0.0062826510,0.0445900617,0.0086784562,-0.0012135898,-0.0196079716,-0.0186497985,0.0131939864,-0.0036513429,-0.0145351872,-0.0435921563,0.0117205406,0.0112609172,0.0063137816
417.0000000000,-0.0048233793,0.0013417741,0.0062701523,0.0110112846,0.0437483854,0.0147608777,0.0174663409,0.0003709710,-0.0003478532,-0.0312221148,0.0360305205,0.0157874100,-0.0126959351,0.0397298533,-0.0105337336,0.0185607901,-0.0243293612,0.0086433928,0.0282992620,-0.0024022391,0.0003109987,0.0285392015,0.0033762298,0.0118164353,0.0144222089,0.0071923043,-0.0059578698,-0.0038172994,0.0082098626,0.0200397212,-0.0066120792,0.0087671705,0.0089366611,0.0104999565,0.0050901185,0.0027842112,0.0238453717,0.0022007982,-0.0174971026,-0.0233007527,-0.0219430316,-0.0246072839,0.0198623984,0.0269864157,-0.0115937399,-0.0298985203,-0.0292683947,0.0049398553,-0.0075613109,-0.0273001161,-0.0117759745,0.0093266764,0.0131951909,-0.0115574011,-0.0180229952,-0.0181522833,0.0068077377,0.0164587811,-0.0141021367,-0.0087006380,0.0254102408,0.0078750499,0.0054633551
418.0000000000,-0.0141197372,-0.0011198610,0.0029818841,0.0414854939,0.0327107467,0.0034025236,0.0014248555,0.0103020505,0.0102865054,-0.0031223190,0.0221896559,-0.0055922329,-0.0352529107,0.0001857612,0.0161666609,0.0311413025,-0.0249224431,-0.0061221250,0.0291740828,0.0077572281,0.0120157216,0.0139710161,-0.0093542572,0.0113530902,0.0124005297,-0.0149134855,-0.0245425729,0.0049911093,0.0102043746,0.0178138253,0.0154572938,0.0193659519,0.0051460897,0.0245291729,0.0200610165,0.0079445418,0.0053934972,0.0167773191,-0.0180147353,-0.0420522209,-0.0213471820,-0.0049528396,-0.0148728009,0.0189643961,-0.0096938625,0.0021397091,0.0007876620,0.0228162563,-0.0039214454,-0.0321672500,0.0095763781,0.0295203426,0.0062125768,-0.0389595499,-0.0135628600,-0.0288771719,-0.0087843448,0.0099270317,0.0064754604,-0.0198234229,0.0232778166,-0.0065669173,0.0342544101
419.0000000000,0.0000473462,-0.0134553153,-0.0064225751,-0.0054607485,0.0303523487,0.0136184582,-0.0017888940,-0.0121093741,-0.0109590703,-0.0034301381,0.0069438456,-0.0118462568,-0.0224159384,0.0167755951,-0.0234091067,-0.0020987285,0.0061452290,-0.0231959287,0.0232896898,-0.0084918448,0.0107420655,0.0064597026,0.0038033009,-0.0076998210,0.0012003323,-0.0061588655,-0.0101877899,-0.0218440046,0.0025556677,0.0152162880,-0.0152653100,0.0232020606,-0.0158065965,0.0082572080,-0.0076290301,0.0173943124,0.0017969899,0.0021236461,-0.0205105584,-0.0396314434,0.0047353634,-0.0023608667,-0.0176464989,-0.0102165745,0.0181790860,0.0037835023,-0.0048860338,-0.0166918985,0.0006657821,0.0123065899,0.0333883663,0.0196220290,-0.0069873299,-0.0056474285,-0.0140167248,-0.0068760950,0.0170213772,0.0357804542,-0.0058247873,-0.0015274312,-0.0212394217,0.0262962883,-0.0005454867
420.0000000000,-0.0053132122,-0.0050055494,0.0016934021,0.0113818813,0.0331317688,-0.0008385931,0.0229710968,-0.0149849840,0.0022392155,-0.0169709238,0.0037870154,0.0202521714,-0.0194739649,0.0081578655,-0.0039793359,0.0300171884,0.0072089922,0.0009402326,0.0167957720,-0.0018146090,0.0015092272,0.0091919395,-0.0003134794,-0.0033278565,0.0120070151,-0.0317927783,0.0002950015,0.0039408271,0.0028468451,-0.0012170881,-0.0178997036,0.0223263046,0.0090332365,0.0254067589,0.0171805357,-0.0010622918,-0.0088781535,0.0127066201,0.0042584781,-0.0329073524,-0.0005168874,-0.0102996793,0.0143930451,0.0052162810,-0.0018609242,-0.0082044027,-0.0199521748,0.0089880395,0.0041020103,-0.0118358974,0.0146414084,0.0292743002,0.0004088686,-0.0104364179,0.0005848672,-0.0119825619,-0.0026686002,0.0479904959,0.0088358517,-0.0128871291,0.0046967645,-0.0074544622,0.0073385869
421.0000000000,-0.0169310631,-0.0040176933,0.0176343675,-0.0002446423,0.0475735088,-0.0183563041,0.0144805819,0.0173082100,0.0036720040,-0.0141095746,0.0508074780,-0.0201062985,-0.0204211413,0.0203475889,0.0000983448,0.0191276623,-0.0258920714,-0.0091174209,0.0413197535,0.0016921313,0.0029964558,0.0380960838,-0.0111499352,0.0140704792,-0.0130095042,-0.0020833504,-0.0419426744,-0.0115938489,0.0049345257,0.0063363549,0.0066264049,0.0034254291,-0.0148172905,0.0102256697,0.0008871491,0.0105945909,-0.0132752498,0.0149020723,0.0072049535,-0.0293140576,0.0015799913,0.0182005874,-0.0105424715,0.0153130897,-0.0001115949,-0.0149833933,-0.0040500027,0.0160423484,0.0067123625,-0.0119458124,0.0017098348,0.0125130801,0.0106088009,-0.0093807052,-0.0053964088,-0.0072578757,-0.0051580172,0.0330868303,-0.0071435399,-0.0138212742,0.0363518644,0.0039298752,0.0159466462
422.0000000000,0.0071573132,0.0048710778,-0.0028808155,-0.0072061025,0.0119505041,-0.0077716688,0.0065566223,0.0065895492,-0.0006703200,-0.0080780836,0.0050933479,-0.0041313142,-0.0186513331,0.0072995863,0.0105026473,0.0167184396,-0.0119310006,-0.0081728308,0.0095198894,-0.0141868210,0.0146072787,-0.0128389332,-0.0032885429,0.0056178530,-0.0102286090,-0.0065167212,-0.0008902410,-0.0089626349,0.0101274563,-0.0110193437,-0.0047849845,-0.0038812233,0.0103740740,0.0043304172,0.0342034057,-0.0017995510,0.0086803592,0.0214005797,0.0113910760,-0.0268138588,0.0113430177,-0.0162239830,-0.0173882016,0.0150361430,-0.0130930540,-0.0005515173,-0.0176215222,0.0133223412,0.0069393786,-0.0085564153,0.0041849554,-0.0051276693,0.0098291022,-0.0139558820,0.0064854818,0.0002457795,-0.0055771839,0.0218311793,-0.0002017229,-0.0118133471,0.0080346882,0.0115627024,0.0130464598
423.0000000000,-0.0140961077,-0.0004051558,0.0171916278,0.0167211640,0.0168508887,0.0369409425,0.0220583921,0.0100717479,-0.0013062095,-0.0362513011,0.0099456859,-0.0073478523,-0.0190598555,-0.0102983383,-0.0136538495,0.0188556222,-0.0077786178,-0.0001046493,0.0130583143,-0.0063694986,0.0015118476,0.0173200489,-0.0117151063,-0.0172864072,0.0084098356,-0.0211330235,-0.0035920848,0.0029678693,0.0101565271,-0.0082474394,-0.0020422769,0.0018628897,0.0123539421,0.0095227520,0.0038644936,0.0021945672,-0.0077409813,-0.0049993702,0.0242480691,-0.0138732038,-0.0202494838,0.0114121506,-0.0001388035,0.0040280707,0.0298702055,-0.0167318460,0.0124654694,-0.0036966980,0.0031698320,-0.0094060876,-0.0006279181,0.0137141285,-0.0102345398,-0.0168582955,-0.0180932152,-0.0044151052,-0.0294318233,0.0281729755,-0.0154468371,-0.0409715838,0.0133670421,0.0003879212,0.0182184507
424.0000000000,0.0046532375,-0.0003324859,-0.0155650475,0.0049395191,0.0329770185,0.0082702805,0.0149961188,0.0242246653,0.0030027256,-0.0112698517,0.0001120745,-0.0031995056,-0.0091203886,-0.0001501150,0.0059004489,0.0231813167,-0.0248595178,0.0150209692,0.0275469366,-0.0004767428,0.0054707314,-0.0081138651,0.0156685060,0.0081580204,0.0312760419,0.0199010515,0.0084282787,-0.0040483161,0.0159349372,-0.0006240683,0.0159460717,0.0042685654,-0.0134903789,-0.0118678440,0.0056304746,0.0349123125,-0.0014773093,0.0083215689,0.0065060613,-0.0138504879,0.0104889161,0.0164280563,-0.0056438643,0.0132791672,0.0048774626,-0.0137830657,-0.0009207082,0.0210006915,0.0086724077,-0.0090351251,0.0048471660,0.0163614712,0.0177186227,-0.0216093081,-0.0350433487,-0.0116968740,0.0194019811,0.0187243966,-0.0221356977,-0.0196234155,0.0158345553,0.0007185961,0.0136897688
425.0000000000,-0.0444350802,-0.0133876453,-0.0119824879,-0.0125693801,0.0132778663,0.0013527596,-0.0030841936,0.0052488281,0.0279335957,-0.0277117041,0.0312395290,0.0058685338,-0.0159526331,-0.0177521696,0.0134029440,0.0284115946,-0.0127488218,0.0162654343,0.0088513856,-0.0004187388,0.0088239921,0.0500635626,0.0178551447,-0.0315292053,0.0164725385,-0.0317652406,-0.0437428940,0.0178005471,0.0139265787,0.0042042016,0.0113200821,-0.0168886648,0.0230681752,0.0066631379,-0.0139990627,-0.0063618221,0.0004773462,0.0073877969,-0.0009823745,-0.0242502188,-0.0088949979,-0.0110628269,-0.0106555415,-0.0063959197,0.0049066969,-0.0042185628,-0.0279012153,-0.0038304204,0.0171685891,-0.0109307376,-0.0125126526,0.0509865321,0.0101289209,-0.0140232442,-0.0157637267,-0.0037186728,-0.0260167818,0.0170144386,-0.0137297084,-0.0208559410,0.0176702219,-0.0008498831,0.0061302208
426.0000000000,0.0191369543,0.0142873146,0.0039072064,0.0150521395,0.0158700759,0.0157128891,0.0013795627,0.0264131209,0.0087747189,0.0056253842,-0.0064222391,0.0014421556,-0.0176757298,-0.0049711472,0.0074175470,0.0090562363,-0.0064469011,0.0078755723,-0.0109202401,0.0107209734,0.0036695020,-0.0118993781,0.0095588562,0.0207479771,0.0029554933,-0.0143739608,-0.0127779227,-0.0183005674,0.0131253401,0.0078569914,-0.0136305613,-0.0096481385,-0.0151326800,0.0367347018,0.0214827695,0.0067394776,0.0023340513,0.0144301791,-0.0009398218,-0.0011652337,0.0052918054,-0.0107417700,0.0043655141,0.0241496924,-0.0046736787,-0.0223396991,-0.0032962308,-0.0035529396,-0.0088185461,-0.0226141573,0.0148705638,0.0106853503,0.0315180409,-0.0024273607,-0.0111326334,0.0043825442,0.0052432542,0.0075216631,0.0078080824,0.0149607586,-0.0035888458,0.0101304146,0.0200216474
427.0000000000,0.0075716128,0.0128367071,-0.0064641671,0.0003696209,0.0360522239,-0.0097717736,0.0021080851,0.0124364071,0.0048362085,-0.0256285615,0.0057177241,0.0003388919,-0.0144712665,0.0032400468,-0.0201865237,0.0055987398,-0.0101513653,-0.0150777997,0.0120673974,-0.0124747914,0.0021918372,-0.0055475263,0.0018546339,-0.0152574130,0.0021576114,-0.0036335009,-0.0217243556,0.0124330074,0.0031635063,0.0189568790,-0.0075757329,-0.0112216388,0.0100297755,-0.0035117245,0.0147912878,-0.0056764626,0.0119182499,0.0344961479,-0.0111244822,-0.0092544253,-0.0202505529,0.0020593987,-0.0154326063,-0.0048618658,0.0137028935,-0.0030378817,-0.0091239210,-0.0011734927,-0.0006058481,0.0006255305,-0.0088832001,0.0244675874,0.0077477220,-0.0005708435,-0.0242329229,0.0033806095,0.0063577474,0.0094997214,-0.0164679043,-0.0365792552,0.0246777758,-0.0073627284,0.0112542018
428.0000000000,-0.0223926471,-0.0137770159,0.0044026508,0.0044544271,0.0530245081,0.0045949827,0.0093479498,0.0283306934,0.0155517899,-0.0187238739,0.0215974180,0.0061516036,-0.0290895965,0.0145538894,-0.0183724406,0.0085908792,-0.0033726160,0.0218736049,0.0087690701,-0.0101844074,0.0110677766,0.0204142855,-0.0122823362,0.0031755143,0.0135621256,-0.0173197525,0.0017696343,-0.0220754799,-0.0021629211,-0.0060588986,-0.0020121281,-0.0012301088,-0.0115358309,0.0140399262,0.0019469847,0.0118363741,0.0209002587,0.0018157687,-0.0076167143,-0.0058428258,-0.0080713594,-0.0106742887,0.0097984352,0.0195709691,0.0155169902,-0.0011564883,-0.0269878924,0.0044018766,0.0190510406,-0.0021040838,0.0054237822,0.0138878199,-0.0044303024,-0.0186316539,-0.0164587255,-0.0047048631,0.0006636318,0.0066076208,0.0077905480,-0.0147267292,0.0155627428,-0.0121562727,0.0129856012
429.0000000000,-0.0057494812,0.0141734734,0.0079441100,0.0108957383,0.0474159746,0.0021010657,0.0071236804,0.0235989173,0.0187295624,-0.0008694305,0.0320591849,0.0118412964,-0.0191888937,0.0041442857,0.0075135631,0.0079057179,-0.0280399871,0.0059082895,0.0165207656,0.0060798152,0.0192892067,0.0162032275,-0.0187874353,-0.0164794128,0.0203663655,-0.0117179107,-0.0307569846,0.0069088082,-0.0047061372,0.0127431341,-0.0330980081,0.0117345719,0.0228658246,0.0417685570,0.0150346300,0.0198267838,0.0087964127,0.0190381026,-0.0031008036,-0.0305073516,-0.0100252982,-0.0041378958,-0.0124967094,0.0281270230,0.0112584251,-0.0177724621,-0.0224694317,-0.0037961425,0.0188017139,-0.0143209229,0.0041298601,0.0077687470,-0.0094612013,0.0013636807,-0.0159207282,-0.0177286202,-0.0059293822,0.0201506417,-0.0237174656,-0.0045439994,0.0464295304,0.0068742946,0.0333249599
430.0000000000,0.0170352388,0.0126506620,0.0035918738,0.0042669097,0.0266250047,-0.0029030033,0.0331896312,-0.0064510302,0.0082514377,-0.0389237382,0.0193998242,-0.0197137046,-0.0181648024,0.0024077770,-0.0020967134,0.0303769303,-0.0013442497,-0.0015066272,0.0195866416,0.0078676541,-0.0012686645,0.0002923232,-0.0020259913,-0.0065049357,0.0018698891,-0.0254750669,-0.0286869061,-0.0075578046,0.0204129382,-0.0198643555,-0.0250618604,0.0033526445,0.0363784293,-0.0063270651,0.0142394525,0.0070147073,0.0072782062,-0.0033601633,0.0103748034,-0.0320922873,0.0114595353,0.0033153525,0.0102354793,0.0145392801,-0.0062349006,0.0030717263,-0.0129893017,-0.0213386174,0.0064042623,0.0049693484,0.0060244049,0.0273865817,0.0075240636,-0.0311015312,0.0051103305,-0.0313238246,-0.0042256045,-0.0040000754,-0.0066280653,-0.0245102182,0.0080913255,0.0076281261,0.0117341774
431.0000000000,-0.0075592438,0.0138461006,-0.0012208545,-0.0058162415,0.0088619990,0.0121187548,0.0074047180,0.0058949976,0.0018960694,-0.0197066840,0.0102621159,0.0191994815,-0.0191181006,-0.0030588191,-0.0295724824,0.0101461683,-0.0082931311,0.0215079041,0.0286821006,0.0098418125,0.0126895941,0.0105557575,-0.0027857193,0.0002079217,0.0215080965,-0.0163628853,-0.0085174481,-0.0000898521,-0.0137130967,-0.0120350565,0.0060868431,0.0098242409,0.0032071930,-0.0055490743,-0.0075911975,0.0058038274,-0.0085673946,-0.0013059463,-0.0112888611,-0.0373216973,-0.0101136504,-0.0271017208,-0.0095608115,0.0077448715,-0.0134113820,-0.0031417555,0.0141191833,0.0024028491,0.0158620788,-0.0164542176,0.0020018151,0.0309416532,0.0186835655,-0.0056580345,-0.0121969113,-0.0402991192,-0.0043111719,0.0034662815,-0.0241144764,-0.0064912426,0.0088787521,0.0084559183,0.0063839136
432.0000000000,-0.0059641644,0.0050132399,0.0202833108,0.0154986398,0.0471548866,0.0113263509,0.0108423376,0.0034056373,0.0018504394,0.0060116555,0.0233082185,-0.0217621501,-0.0295566788,-0.0029768468,0.0055309696,0.0233791174,-0.0257453711,-0.0163787465,0.0045625035,0.0024302371,0.0357792713,0.0213785953,-0.0034008849,-0.0047171314,-0.0041370774,-0.0290472312,-0.0180661901,-0.0128442265,0.0055544218,0.0083122011,-0.0235225704,0.0210208236,0.0280211122,0.0179027575,0.0098193135,0.0237912797,0.0021090691,0.0226265371,-0.0160607532,-0.0228939016,-0.0198029491,-0.0207400431,0.0007862185,0.0374464405,-0.0103312951,-0.0021786800,-0.0205211382,-0.0015255900,0.0121341356,-0.0429262080,-0.0016055336,0.0278313903,-0.0014182100,-0.0244128352,-0.0123298042,-0.0272262125,-0.0003562421,0.0177287105,0.0145860354,-0.0334350913,0.0335007823,-0.0019467881,0.0346407464
433.0000000000,0.0080430068,0.0015456205,0.0198494678,0.0027285730,0.0264081839,-0.0105781286,-0.0046102855,-0.0041296172,0.0124479908,-0.0088605923,0.0197664726,0.0029820512,0.0024968023,-0.0045355520,0.0022202447,0.0157624150,0.0000950886,0.0244084823,-0.0032011452,-0.0154228076,-0.0018137814,0.0126257965,0.0015514341,-0.0186357861,0.0177876675,0.0060451500,0.0016163346,-0.0053433350,0.0142243679,-0.0053973934,-0.0142655853,0.0212482127,-0.0259546657,-0.0032424416,-0.0075373608,0.0165523650,-0.0004339368,-0.0121279755,-0.0077053032,-0.0141391034,-0.0251768530,-0.0009029052,-0.0108174374,0.0256120222,0.0164926194,-0.0159688049,0.0213159440,-0.0145492809,0.0016993425,-0.0265282902,0.0104575702,0.0318578752,-0.0183464470,0.0002961910,0.0043593956,0.0005098575,0.0061883595,0.0060420118,0.0027895913,0.0051928499,0.0033630544,-0.0026347002,0.0162279502
434.0000000000,0.0003192686,-0.0020154361,-0.0005012962,0.0112988318,0.0183692324,0.0143646585,0.0113265194,-0.0048123565,0.0181062486,0.0083972200,-0.0019272729,-0.0042939008,-0.0125666851,-0.0141396683,-0.0086668263,0.0011357719,-0.0053265396,-0.0049263536,0.0105941335,-0.0048185970,0.0004018172,0.0028191728,0.0051926832,-0.0010973763,0.0148038980,-0.0021115395,0.0094133318,0.0090716764,-0.0176740515,0.0148368823,-0.0127730825,-0.0028979862,-0.0009971759,0.0114756870,0.0066464093,0.0114914395,0.0003220319,-0.0010183136,0.0060514297,-0.0171972548,0.0091733011,0.0084486557,0.0035242761,-0.0017746916,0.0028235443,0.0065678731,-0.0060108280,-0.0182459310,-0.0034583808,-0.0033449564,0.0004139652,0.0070496266,0.0212825383,0.0044927778,-0.0091557890,-0.0051388658,-0.0071729004,0.0073985746,-0.0003774403,-0.0163747849,0.0175062395,-0.0036261850,-0.0091999860
435.0000000000,-0.0146489897,-0.0167414624,0.0130842593,0.0124233429,0.0546690942,-0.0012657156,0.0178074093,0.0039523944,-0.0023321174,-0.0151696055,0.0254854289,-0.0046582140,-0.0289331355,0.0056286324,-0.0081491027,0.0064291581,-0.0221869332,-0.0012375531,0.0227175033,0.0138893508,-0.0027634669,0.0077463628,-0.0064949175,-0.0059341180,-0.0071168864,-0.0095259642,-0.0146975133,0.0014741962,0.0046964842,0.0004220829,0.0080786458,0.0002508479,0.0278164443,-0.0040779652,0.0067283919,0.0019578480,-0.0065265417,0.0054477090,-0.0129833123,-0.0285376153,0.0009577364,0.0066778824,0.0236890357,-0.0053460762,0.0047258405,-0.0136967685,0.0031171895,-0.0016057222,0.0053478135,0.0006312853,0.0204176541,0.0391423465,0.0133142179,-0.0120131105,-0.0022276517,-0.0263268078,-0.0138461147,0.0212006242,0.0088891490,-0.0449401020,0.0215530186,0.0239266078,0.0359097690
436.0000000000,0.0009312275,-0.0183999635,0.0056434427,0.0302638558,0.0144291695,0.0123867676,-0.0132469375,0.0256861177,0.0102703043,-0.0016593456,0.0070672508,0.0105006422,-0.0168453417,0.0055198451,0.0121988348,0.0044540738,-0.0211207969,0.0263823167,0.0060935330,0.0046741948,0.0005913433,0.0079797226,-0.0028262359,-0.0012287985,0.0064477622,-0.0110025697,-0.0191651148,-0.0078137056,-0.0381107006,0.0126197775,0.0077321224,0.0167380945,0.0114965118,0.0148448877,0.0055641977,-0.0082505621,0.0135044110,-0.0349570451,0.0032620414,-0.0039431092,-0.0006671504,0.0249336618,0.0055587584,0.0099274075,0.0033091385,-0.0026600433,0.0028205864,-0.0054262447,0.0192950072,-0.0348558957,0.0086325468,0.0147489105,-0.0019772389,-0.0227321000,0.0072492994,-0.0303601844,-0.0091067514,0.0040239547,-0.0108654197,-0.0149607827,0.0134698578,-0.0137078392,0.0047324721
437.0000000000,0.0030927295,0.0053805208,-0.0121460061,0.0133451928,0.0215386581,0.0024448200,-0.0014054793,-0.0161822958,-0.0056998172,0.0002745618,0.0215495142,0.0088668117,-0.0182468296,0.0135943267,0.0017393659,0.0111414856,-0.0015039169,0.0047726135,-0.0020558911,-0.0091910831,0.0075976850,-0.0003020435,0.0188740338,-0.0128148235,-0.0110896960,0.0007298427,-0.0189124041,-0.0042802333,-0.0097922725,0.0047092268,0.0092663773,-0.0027729807,0.0123140028,-0.0057122528,-0.0052952668,-0.0169236818,-0.0106782578,-0.0026609412,-0.0072476148,-0.0026703553,0.0030575436,-0.0085558444,0.0070262326,0.0040228280,0.0099325083,-0.0146054093,0.0249149859,-0.0039801240,-0.0070814645,0.0017436561,-0.0113233982,0.0131877303,-0.0055040296,0.0046145060,-0.0015465175,-0.0123336944,-0.0015868395,0.0404995538,-0.0179696620,-0.0146602043,0.0005272508,-0.0081033479,0.0077482322
438.0000000000,-0.0076775642,-0.0142287338,0.0148722678,-0.0015598533,0.0268251876,-0.0007692616,-0.0015233638,0.0109536336,-0.0037402747,-0.0275164353,0.0144306114,0.0114601014,-0.0079468696,-0.0179050859,-0.0112402695,0.0166340688,-0.0262483566,-0.0000366830,0.0042193543,0.0087155197,0.0259839857,0.0011789013,-0.0012730521,-0.0125560215,-0.0087873796,-0.0177155147,-0.0401904470,0.0001791842,-0.0043282129,0.0040873525,-0.0098831626,-0.0110133617,0.0016662922,0.0038456494,0.0052967531,-0.0082070242,-0.0016039758,0.0139901175,-0.0034578750,-0.0357231132,0.0050256894,-0.0012859739,-0.0178773410,0.0184272341,0.0143459782,-0.0062755523,-0.0180405427,0.0029579757,0.0306168895,-0.0478589386,0.0111216414,0.0257407644,-0.0051860047,-0.0244377955,-0.0159297875,-0.0042726237,-0.0086424750,0.0054839384,-0.0113564116,-0.0223938889,0.0227629999,-0.0015882473,0.0175692740
439.0000000000,-0.0080716343,0.0027755698,0.0194838572,0.0079943285,0.0236835826,0.0112700415,0.0054026616,-0.0066728012,-0.0159412513,-0.0297891948,0.0145757457,-0.0056797064,-0.0317960914,-0.0090311890,0.0213466850,0.0269780481,0.0114757217,-0.0068799533,0.0165239592,-0.0042602491,0.0111257571,0.0136691694,0.0002818551,-0.0131796500,0.0030986175,-0.0266374932,-0.0150753509,-0.0243998217,0.0108342201,-0.0022814121,0.0114655522,0.0169247493,0.0044998827,0.0346170037,0.0023179696,-0.0037523076,0.0113795315,0.0013883971,-0.0097474110,0.0019342458,-0.0127875220,-0.0060857904,0.0057902753,0.0036506779,0.0022245943,-0.0004661771,0.0111733325,-0.0154139590,0.0205479839,-0.0072082541,0.0084431148,0.0209137572,0.0099397714,-0.0266342052,-0.0015054730,0.0015225617,-0.0228742868,-0.0110727213,-0.0296011124,-0.0179605019,0.0169948354,0.0178534484,0.0041385760
440.0000000000,-0.0036312729,0.0173561188,0.0196661410,0.0057694314,0.0040199565,0.0175472698,-0.0061072330,0.0128494451,-0.0070034235,0.0161099504,0.0338562160,0.0015388671,-0.0043199613,-0.0149603820,-0.0114328828,0.0404367931,-0.0095205815,0.0079060386,0.0001244665,-0.0000420625,0.0008779656,0.0083044239,-0.0023428146,-0.0231916961,0.0114040736,-0.0211363732,-0.0169381634,-0.0107375896,0.0109980786,0.0076047202,-0.0166597182,0.0051537573,0.0099243343,0.0093500658,-0.0069324664,0.0047084814,-0.0007399127,0.0145963751,-0.0004653831,-0.0141446608,-0.0118441421,0.0140395680,-0.0030070079,0.0022128027,0.0017373624,0.0019628345,-0.0072299975,0.0087109484,0.0159342776,-0.0219990243,-0.0033647166,0.0167495556,-0.0076476931,-0.0126745769,-0.0106881405,-0.0281780191,-0.0012401907,0.0058379936,-0.0120592294,-0.0237902849,0.0146397694,-0.0025836172,-0.0005596823
441.0000000000,-0.0037357095,0.0072716156,-0.0068246971,0.0008333498,0.0138585445,0.0006378958,0.0074631571,0.0233561824,-0.0023692704,-0.0204903938,-0.0174383242,-0.0108373416,-0.0140704787,0.0168856825,-0.0118290778,0.0255737951,0.0021702565,0.0021655048,0.0027671046,0.0174667277,0.0167648246,-0.0016158436,0.0101079856,0.0042038136,-0.0031200581,-0.0094924874,-0.0064095171,0.0045422267,-0.0122464738,-0.0020719021,-0.0085320280,0.0329434185,0.0006267269,-0.0009979069,-0.0099056223,-0.0007793006,-0.0083441522,0.0154301363,0.0151831542,-0.0039982363,-0.0048652246,-0.0046829226,0.0025750266,-0.0151422124,0.0192199432,-0.0104712876,-0.0296808875,-0.0003426372,-0.0097063058,0.0005922126,0.0206938177,0.0197320991,0.0238860801,0.0031195481,0.0054326155,-0.0143170245,-0.0002056085,-0.0127461657,-0.0087588271,0.0121774024,0.0171877869,0.0049055100,0.0187760686
442.0000000000,0.0087689845,0.0229800261,0.0105237890,-0.0283951288,0.0413061317,0.0021956010,-0.0114548386,0.0362913809,0.0085362448,-0.0096711894,0.0169507463,0.0062870891,-0.0183058228,-0.0051310744,0.0074732970,0.0273228972,-0.0094075782,-0.0065198672,0.0343550013,-0.0205091124,0.0169615394,0.0316235166,0.0311890872,-0.0238106301,0.0103875015,-0.0033954812,-0.0156948334,0.0174913931,0.0007435632,0.0093929034,0.0001079377,0.0303110202,0.0054451162,0.0242025462,0.0137102644,0.0382995193,0.0125678621,0.0017032960,0.0010144091,-0.0299427195,0.0005471038,-0.0156195558,-0.0007640225,0.0050986638,0.0081038600,-0.0036704938,-0.0248601202,-0.0157356286,0.0363737710,-0.0233033437,-0.0214138905,0.0293008825,0.0040896334,-0.0257031380,-0.0032599064,-0.0132703599,-0.0045857781,0.0509104743,-0.0113780967,-0.0101832031,0.0465570056,-0.0159580139,0.0112574044
443.0000000000,-0.0001647476,0.0054104157,-0.0069257247,-0.0344320305,0.0343448725,0.0035491818,0.0054430312,0.0238430228,0.0080861390,-0.0250949836,0.0320589933,0.0225791177,-0.0215542350,-0.0054352455,0.0049822767,0.0138925927,-0.0208236176,0.0134181013,0.0291456158,-0.0020700261,0.0029349421,0.0378927437,-0.0066695655,0.0011962603,0.0072758318,-0.0042132896,-0.0179572606,0.0097581957,-0.0049867445,-0.0067070961,-0.0100927149,-0.0026572454,0.0117027980,0.0033729422,0.0017751580,0.0132168187,0.0006848056,-0.0118914777,-0.0032019529,-0.0392045117,0.0062497978,-0.0082403271,0.0299358662,0.0267176113,0.0075145219,-0.0064445479,-0.0348811958,0.0099959949,-0.0044333494,-0.0157600577,0.0167710669,0.0061251736,0.0080918640,-0.0349678430,-0.0209558844,-0.0163469781,-0.0041469105,0.0512180897,0.0045750361,-0.0197939439,0.0289590285,0.0096991904,0.0113689714
444.0000000000,0.0015052074,-0.0058666241,-0.0067507329,0.0041185844,0.0255961945,-0.0028415131,0.0038458698,0.0118080159,0.0052850951,-0.0081388960,0.0238949359,0.0216745719,-0.0085876414,0.0093997039,-0.0007453589,0.0128432583,-0.0057861234,0.0080786155,0.0100720065,-0.0041953225,0.0273075206,0.0212327561,0.0216062678,-0.0172262238,-0.0025443944,-0.0292859310,-0.0027562157,0.0008308317,-0.0050829159,-0.0095026583,-0.0127154814,-0.0062394797,0.0192113473,0.0117845338,0.0087866075,-0.0080978469,-0.0104064150,0.0156961719,0.0110729218,-0.0418748606,-0.0108290581,-0.0132425682,-0.0011621683,0.0169778548,0.0276752812,-0.0146514986,-0.0238940602,-0.0025582701,-0.0026886632,-0.0082193725,-0.0033733046,0.0195572412,0.0173898936,-0.0116160303,-0.0228986702,-0.0179334521,-0.0080755637,0.0245387106,-0.0215459729,-0.0214235771,-0.0097062235,0.0211038015,0.0023444301
445.0000000000,-0.0047187006,-0.0020727345,0.0148429824,0.0089373325,0.0557724118,-0.0074440879,-0.0008601456,0.0254189899,0.0125306740,-0.0242214267,0.0166315501,0.0045176724,-0.0126439444,0.0233562507,-0.0081489888,0.0286887665,-0.0305889320,0.0104758464,0.0010006227,-0.0079047499,0.0302921789,0.0274128256,-0.0036127392,-0.0041183798,0.0010644047,-0.0299103419,-0.0226258907,0.0007017874,0.0186916222,0.0192941268,-0.0216361946,0.0078274988,0.0213657133,0.0006627181,0.0008714400,0.0099742458,0.0036187478,0.0113647038,-0.0038846332,-0.0558942656,-0.0301308838,-0.0124804597,-0.0222233664,0.0324791827,0.0052553413,-0.0210171751,-0.0264220792,-0.0027191572,0.0017548715,-0.0188416750,-0.0088114358,0.0270402559,0.0250376860,-0.0095352340,-0.0195406023,-0.0384099327,0.0097777169,0.0396675162,-0.0114074678,-0.0265906981,0.0325097296,-0.0238004178,0.0204548395
446.0000000000,-0.0209363633,0.0024576497,0.0188127642,-0.0158355909,0.0240812792,0.0039760266,0.0161039092,0.0317523298,0.0025430741,-0.0163286862,0.0000709790,0.0144821188,0.0128231995,-0.0016516610,-0.0065072358,0.0233342385,0.0078732228,0.0061477897,0.0140303545,-0.0180524597,0.0228039810,0.0161348380,-0.0193185873,0.0057365866,0.0178785043,-0.0150166067,-0.0106089206,0.0048527347,-0.0011047575,-0.0218135168,0.0063292899,0.0060367980,0.0346482972,0.0032953810,-0.0110468168,0.0104848819,-0.0156433014,0.0122381873,0.0113671939,-0.0065301956,0.0179850049,0.0106937202,-0.0013028350,-0.0015249709,0.0062483572,0.0141764959,0.0043786451,0.0049831824,-0.0002554604,0.0101026262,0.0053676962,0.0141756398,0.0111044106,0.0015385784,-0.0033333568,-0.0093845277,0.0052038115,0.0250141879,-0.0369133841,-0.0177780649,0.0202974820,-0.0041501905,0.0119931956
447.0000000000,-0.0108984242,-0.0115895393,-0.0034510659,0.0289839506,0.0292472504,0.0109776230,-0.0080966470,0.0302217736,0.0113837898,-0.0095115173,0.0157715486,0.0126486469,-0.0032460429,-0.0220433846,-0.0130393467,0.0033276577,0.0014764083,0.0078677327,-0.0052526057,-0.0171799321,0.0011707603,-0.0005112273,-0.0055870662,0.0028822364,0.0116657850,0.0114399475,-0.0155547446,0.0061874634,0.0080282119,0.0083019829,0.0032761212,0.0219223460,-0.0095040756,-0.0012810289,0.0052483291,0.0312670584,-0.0079610165,0.0097215828,0.0046798091,-0.0064156094,0.0006667053,-0.0023132023,0.0206130995,0.0003136244,-0.0038781930,-0.0244679729,0.0141114001,-0.0230748311,0.0151907066,-0.0007932689,-0.0105733702,0.0233379011,0.0038224944,-0.0101626533,-0.0292189743,0.0057848961,0.0203707324,0.0081394385,-0.0030144903,-0.0074104827,-0.0212958798,-0.0103264875,-0.0042317981
448.0000000000,0.0154060684,-0.0074735062,-0.0043249238,0.0055911667,0.0337785362,-0.0061084124,0.0085739727,-0.0016127180,0.0106505339,0.0145136306,0.0081225791,0.0041116635,-0.0341263168,0.0047480812,0.0077570025,0.0139796577,-0.0340671822,-0.0071095707,-0.0093409883,-0.0081166819,-0.0072735510,0.0109359330,-0.0090125456,-0.0247680992,0.0036024051,-0.0123502653,-0.0030865515,-0.0190228185,0.0069714298,-0.0291937911,0.0135338431,0.0075692485,0.0170614968,0.0266246488,0.0224939682,-0.0050257002,0.0049396911,-0.0004822343,-0.0091115126,-0.0311333176,0.0037288794,-0.0051082628,-0.0082402114,0.0248918465,0.0215762180,-0.0047889878,-0.0112107409,-0.0104647974,0.0231397002,-0.0230091393,0.0044626531,0.0320516794,0.0198102034,-0.0291933866,-0.0149772909,-0.0324110289,-0.0094731312,0.0099547298,-0.0010668540,-0.0364436744,0.0223462384,-0.0006647581,-0.0014270207
449.0000000000,-0.0103318382,0.0010313804,0.0118753037,0.0125273510,0.0351699319,-0.0148358333,-0.0025734590,0.0013135326,0.0222531504,-0.0093532062,0.0144820628,-0.0039161759,-0.0053142094,0.0008714791,-0.0272671337,0.0314920911,-0.0258393776,-0.0018316785,0.0231087166,0.0015487285,0.0072579383,0.0031163556,0.0066890314,0.0046788448,0.0206659582,-0.0212731524,-0.0257406266,-0.0142227141,0.0045087732,0.0085316584,0.0117447922,-0.0169374002,0.0299670487,-0.0062830336,0.0222870242,-0.0192736559,0.0063133853,-0.0069097215,-0.0054587741,-0.0202598004,-0.0105623905,-0.0045903701,-0.0175730647,-0.0108708677,0.0081010697,-0.0038895136,-0.0319216019,-0.0148979205,0.0035764560,-0.0135161723,-0.0080320907,0.0143596313,0.0034819539,-0.0399738979,-0.0219271442,0.0035863974,0.0402174839,0.0198753450,-0.0254740825,-0.0001885264,0.0061544906,0.0000121278,0.0142294275
450.0000000000,-0.0022644529,-0.0123660092,-0.0115935409,-0.0281940392,0.0324199903,-0.0044974741,0.0076702077,0.0332613792,0.0156020832,-0.0086979051,0.0133452800,0.0034482276,-0.0201645229,-0.0095591059,0.0046702480,0.0029452042,-0.0303174555,0.0101559877,0.0072202428,-0.0134988534,0.0232684271,0.0100206024,-0.0006255021,-0.0130191909,-0.0012357532,-0.0162944337,-0.0176619899,-0.0029418533,0.0081578400,-0.0128093456,-0.0003747571,0.0111193408,0.0143776258,0.0039044222,0.0002202302,0.0142590201,0.0080980373,-0.0051107710,0.0027685960,-0.0148928931,-0.0140819894,0.0067616726,0.0140154004,0.0045503122,0.0024334582,-0.0088264867,-0.0073910903,0.0014029397,0.0129357975,-0.0424186473,0.0030376673,0.0069807681,0.0094315079,-0.0148298838,-0.0018068177,-0.0348119198,-0.0028717327,0.0102743113,0.0113921778,-0.0346231849,0.0183151529,-0.0091216555,-0.0143365579
451.0000000000,-0.0029208513,-0.0094304368,0.0182543485,0.0185741865,0.0287273921,-0.0020796820,0.0091897189,0.0162385822,0.0081972609,-0.0092231414,0.0122386037,0.0065025282,-0.0262933005,-0.0041964438,-0.0167381660,0.0011901300,-0.0098334496,0.0192602300,0.0155458333,-0.0126376364,0.0268281146,0.0279398075,0.0039053487,-0.0010202760,0.0203573738,-0.0304580104,-0.0015749643,0.0113975266,0.0130468419,0.0016019620,0.0051682235,-0.0008399232,0.0107519867,0.0328701199,0.0058294323,-0.0040664472,-0.0211889345,0.0094180295,-0.0099196409,-0.0382256367,-0.0174615709,-0.0073935240,-0.0190251042,-0.0068563229,0.0155857845,-0.0248896620,-0.0051499588,-0.0164618816,0.0287801295,-0.0243235368,0.0048420423,0.0174082977,-0.0010099837,-0.0195968860,0.0008200112,-0.0067325595,-0.0033631156,0.0106117823,0.0112142107,-0.0352147499,0.0102749941,0.0011904433,-0.0006274912
452.0000000000,-0.0074973343,0.0182265398,-0.0235300981,-0.0054078030,0.0423018662,0.0142977370,0.0069188968,0.0112459869,0.0152170371,-0.0225257865,0.0249071682,0.0236030123,-0.0222610057,-0.0222253744,0.0109844384,0.0158391219,-0.0128680855,0.0049295142,0.0161540837,0.0184032251,0.0024613605,0.0220319817,-0.0125516783,-0.0161624385,0.0041985230,-0.0153020805,-0.0177011266,0.0057870596,0.0123584343,0.0189640813,-0.0290769441,0.0215260360,0.0026336862,0.0136821420,0.0252524729,0.0103099778,-0.0097494845,-0.0018470233,-0.0215081105,-0.0250389745,-0.0141203238,-0.0036738993,-0.0109463815,0.0079202921,-0.0092780022,-0.0103005977,-0.0113174084,0.0086907591,0.0099879234,-0.0299078052,-0.0083932177,0.0373793382,-0.0023293049,-0.0354401061,0.0004553567,-0.0319956202,-0.0123376222,-0.0041441048,-0.0115640535,-0.0149495091,0.0214835990,0.0014382285,0.0151793524
453.0000000000,0.0105580036,0.0011114682,0.0064780476,0.0077619732,0.0119330304,0.0027777791,0.0065174151,0.0012570041,-0.0054159414,-0.0029784057,0.0003943899,-0.0059988363,-0.0038967028,0.0044212927,0.0069346707,0.0213984349,-0.0265289086,0.0069127654,0.0063841772,0.0082971004,0.0216194881,0.0028428653,0.0013864123,-0.0038577807,0.0150412475,-0.0052663376,-0.0139422950,-0.0081145798,-0.0088154555,-0.0001640416,-0.0141660221,0.0038577862,0.0092548849,-0.0156875160,-0.0077900887,0.0254802565,-0.0148110906,0.0010769436,-0.0007092697,-0.0053726283,-0.0005132814,0.0019471334,0.0232963289,0.0037557045,-0.0065378896,-0.0005547688,0.0087691760,0.0066372723,0.0059247406,0.0128126276,0.0037062240,-0.0013415002,0.0138510136,-0.0036316159,-0.0023482173,-0.0045737777,-0.0078041328,0.0376324556,-0.0036651630,-0.0069364589,0.0212844316,-0.0071404477,0.0177560124
454.0000000000,0.0065512367,0.0011207139,0.0002460958,-0.0103333473,0.0628072861,0.0101848179,0.0100523130,0.0221966332,0.0146708051,-0.0198841636,0.0190318566,0.0184647274,0.0140020994,-0.0043390640,0.0087894908,0.0248123287,-0.0209021477,-0.0042853864,0.0200034734,-0.0005192197,0.0300270797,0.0009054611,-0.0032084530,-0.0021529998,0.0115207017,-0.0248695734,-0.0317649106,-0.0080172554,0.0051689836,0.0031881451,0.0046293162,0.0176637523,0.0024603134,0.0019489643,0.0048199334,0.0114623318,0.0082494194,0.0199842630,0.0109573639,-0.0136543553,-0.0071657789,-0.0177793877,-0.0262894943,0.0000630701,0.0202409723,0.0090473411,-0.0219635201,-0.0140329008,0.0255635539,-0.0340021525,0.0105203899,0.0364524217,0.0242238113,-0.0192072999,-0.0162153770,0.0083271537,0.0050591652,0.0114879586,-0.0220676213,-0.0162083698,0.0045299757,-0.0009233914,0.0302370705
455.0000000000,0.0024370111,-0.0003350318,0.0138798597,0.0026543369,0.0113177260,0.0251447590,-0.0003476800,0.0179249743,-0.0080582551,-0.0043018379,0.0189631872,0.0031218959,-0.0155176146,0.0090385823,0.0072851487,0.0188825977,-0.0370185984,0.0016010112,-0.0014616122,0.0035124648,0.0140340065,0.0326204001,0.0139484238,-0.0083664444,0.0037907493,-0.0100040790,-0.0123967940,0.0047947268,0.0045558673,0.0242482935,0.0095899101,-0.0002463734,0.0142980577,0.0112857947,0.0182808204,0.0264950883,-0.0031649916,0.0048559723,-0.0090657648,-0.0197679053,-0.0207260723,-0.0078201195,-0.0102544046,0.0081388407,0.0268171117,-0.0098381240,-0.0225892065,-0.0217494944,-0.0052301692,-0.0065252478,0.0085398389,0.0144144775,-0.0238690350,-0.0024466036,0.0099900155,-0.0083778705,0.0093786144,-0.0004923418,-0.0061910591,-0.0036294968,0.0283359241,0.0017160462,0.0200780234
456.0000000000,0.0139054821,0.0075061516,-0.0181607356,0.0243532016,0.0496213720,0.0123239434,-0.0094102948,0.0175269336,-0.0201913503,-0.0170791635,0.0414017634,0.0163147663,-0.0235395303,-0.0103249455,-0.0111655380,0.0046347465,-0.0128279411,-0.0058297378,0.0163285239,0.0115034483,0.0335080362,0.0000350968,-0.0139010759,-0.0068465531,0.0046314539,-0.0165335635,-0.0170083864,-0.0049803282,0.0176928746,-0.0118597205,-0.0206891232,0.0091946258,0.0096406202,0.0233594122,0.0372818843,0.0243829171,0.0185084686,0.0244005960,0.0092179639,-0.0385523929,-0.0169727881,-0.0125244330,0.0125647070,0.0058519187,0.0094703512,-0.0081186104,-0.0125055660,0.0143352524,0.0219329951,-0.0082204239,0.0088080096,0.0121712717,0.0051728535,-0.0338855559,0.0118132367,-0.0153090723,0.0184998917,0.0099265831,-0.0098668357,-0.0420034741,0.0202497786,-0.0047483662,0.0230619589
457.0000000000,-0.0066968754,-0.0068904527,-0.0007766802,0.0205053543,0.0326963830,-0.0186171515,0.0192152169,0.0034531545,0.0124297695,-0.0219387212,0.0321883447,0.0126490581,-0.0054139951,-0.0070578641,-0.0134970555,0.0245625363,-0.0099608940,-0.0043933461,0.0118793511,0.0116511076,-0.0035132025,0.0078754578,-0.0044176287,-0.0053320229,-0.0075655801,0.0162270983,-0.0016274942,0.0162640713,0.0036241874,0.0019431507,0.0037164464,0.0125463171,0.0011733586,0.0119634711,-0.0019359484,0.0247363335,0.0224910134,-0.0023351391,-0.0143671159,-0.0106789602,-0.0015761255,0.0045121757,-0.0075486805,0.0018479299,0.0038456932,0.0033832854,-0.0061513137,-0.0137530984,-0.0003268642,-0.0276687854,0.0105235627,0.0226023701,0.0276199511,-0.0084885897,-0.0096480710,-0.0139973610,0.0041948440,0.0229271302,0.0084154139,-0.0186223395,0.0097000194,0.0032027566,0.0083847027
458.0000000000,0.0193462870,-0.0045647075,-0.0143315563,0.0016628755,0.0305729633,0.0168990996,0.0371175086,0.0150569692,0.0048303770,-0.0382001547,0.0192782680,-0.0073291599,-0.0138491030,0.0056416827,-0.0020611405,0.0109622541,-0.0021019758,0.0075390780,0.0254245896,0.0022089331,0.0066230412,0.0219220887,0.0146937319,0.0078804387,-0.0010375954,-0.0079008775,-0.0132403681,0.0003516203,0.0105701424,0.0098434604,0.0165816697,-0.0133293914,0.0082006493,0.0188644964,0.0220728988,0.0092698867,0.0004659170,0.0030562198,-0.0065137692,-0.0425567242,-0.0047840152,-0.0078854454,-0.0094478718,0.0064004642,0.0016581245,-0.0069826413,-0.0116560460,-0.0202400323,0.0071859982,-0.0073674404,0.0033721146,0.0466247131,-0.0024155082,-0.0183281650,-0.0204620925,-0.0190176931,-0.0112143212,-0.0061099590,0.0102272844,-0.0109628680,0.0090586800,-0.0021696396,0.0176441725
459.0000000000,-0.0200220007,0.0061221625,-0.0046686549,0.0244437313,0.0241095007,0.0156017856,0.0024085988,0.0146491988,-0.0125830928,-0.0220526481,0.0274105807,-0.0036940351,-0.0146855190,-0.0033735947,0.0010167787,0.0020840738,0.0094120349,-0.0124071999,0.0098091341,-0.0019446361,-0.0010473246,-0.0014014608,-0.0192517905,0.0174252900,0.0021215084,-0.0244328077,-0.0159225361,0.0057726451,0.0002885520,0.0088325247,-0.0184145931,0.0235288164,0.0150488803,-0.0041891766,0.0126932499,-0.0083884291,-0.0018401986,0.0053651574,0.0202389249,-0.0234226915,-0.0135364913,-0.0207807591,0.0111557785,0.0211750221,0.0116367724,0.0042319556,-0.0259964830,0.0022269750,0.0113678381,-0.0302907860,-0.0014772389,0.0325679904,-0.0205711714,-0.0038305404,-0.0206394009,-0.0237698258,-0.0046577025,0.0009986262,0.0141922716,-0.0277018691,0.0153684156,-0.0003256276,0.0068295468
460.0000000000,-0.0146254565,-0.0048960723,0.0202621676,-0.0186640691,0.0281308837,-0.0338164782,-0.0118987774,0.0139847742,0.0032626847,-0.0125355682,0.0084843520,-0.0031783028,-0.0179047873,0.0101343937,0.0023061108,0.0381059153,-0.0326398010,0.0045162584,0.0259725246,0.0332143857,0.0030370568,0.0179933574,0.0092483753,-0.0197395667,-0.0150885571,-0.0084322284,-0.0185830401,-0.0231762420,0.0242698846,0.0035625546,-0.0124491190,0.0033398162,0.0004041344,0.0325622765,0.0104287750,0.0159198823,0.0354652408,0.0098035679,-0.0042128607,-0.0333166092,0.0227225380,0.0070000764,0.0148902802,0.0016590235,-0.0208434763,-0.0143837865,-0.0116918852,-0.0121458524,0.0205826002,-0.0109372889,-0.0226638187,0.0143257107,0.0014118752,-0.0129146920,-0.0246121502,-0.0317818007,0.0027689158,0.0152638364,-0.0013085882,-0.0064372161,0.0365311491,-0.0043232697,0.0229756691
461.0000000000,-0.0066436572,-0.0015799736,0.0107056885,0.0098938133,0.0424031902,0.0114995470,0.0072315817,0.0121573722,0.0116319625,-0.0119971761,0.0437132008,0.0007515447,-0.0098170009,-0.0065401317,0.0114756305,0.0299071150,-0.0247489968,-0.0066143320,0.0074221279,-0.0100777041,0.0122576550,0.0072768214,-0.0003991735,-0.0083341335,0.0379002834,0.0003602509,-0.0217067684,0.0105230491,0.0057643915,0.0073181629,-0.0131025945,-0.0029447489,0.0070626867,0.0172689291,0.0021098937,0.0049162102,0.0074415751,0.0020681766,-0.0122393251,-0.0409976634,-0.0350643451,-0.0038889338,-0.0049516992,0.0134953430,-0.0048466607,-0.0129779790,-0.0170572254,0.0132996835,0.0022994740,-0.0008763338,-0.0009836004,0.0014360620,0.0226501629,-0.0155547692,-0.0124517634,-0.0298351648,0.0082561461,0.0148540092,-0.0369164945,-0.0293229453,0.0235348721,-0.0049273797,0.0011846528
462.0000000000,-0.0024727503,0.0022629400,-0.0002633870,0.0125366646,0.0406839234,0.0124201376,0.0041023390,-0.0164319758,-0.0160899606,-0.0181122358,0.0324331262,0.0099052231,-0.0067694964,-0.0170169939,-0.0095543668,0.0284265524,-0.0150651565,0.0130742658,0.0295390912,0.0144160792,0.0325943232,0.0232766149,0.0004599203,-0.0082316524,0.0292136329,-0.0146140012,-0.0283116772,-0.0156748568,0.0139701446,0.0149483213,0.0057628857,0.0299290451,-0.0004811844,0.0398053937,0.0070768007,0.0364203713,0.0081300555,0.0308151183,0.0202770804,-0.0349413909,-0.0229448296,-0.0151955089,-0.0018868421,0.0201604318,0.0205541926,-0.0125755719,-0.0248816163,0.0022672264,0.0183927501,-0.0132524558,0.0078457950,0.0156535638,0.0110820894,-0.0244077166,-0.0056220738,-0.0451158745,-0.0002292665,0.0017547487,-0.0123693449,-0.0503561581,0.0130881178,0.0061393412,0.0177177611
463.0000000000,-0.0263154076,0.0088020652,0.0045785297,0.0104700993,0.0547621229,-0.0101819329,0.0003746707,-0.0025687183,0.0001040765,-0.0099054779,0.0393789736,0.0149073686,-0.0368416608,0.0099058331,-0.0031233417,0.0143060126,-0.0053881441,-0.0088661954,0.0231168392,-0.0230774871,0.0116523044,0.0000292250,-0.0069048363,0.0009483254,0.0100551678,-0.0011699761,-0.0161074291,-0.0067814110,-0.0056629727,-0.0130017746,0.0165969956,0.0235494246,0.0244667387,0.0094269516,0.0175811630,0.0089961385,0.0124815114,-0.0059927347,0.0024347449,-0.0161045774,-0.0016617123,-0.0165535583,-0.0050815853,0.0178950494,0.0016145171,-0.0068288690,0.0115243903,0.0024010551,0.0053400589,-0.0015500327,-0.0087029649,0.0094788833,-0.0070890368,0.0005817187,-0.0139890142,-0.0200065199,0.0030726388,0.0148580873,-0.0281397983,-0.0182007211,0.0226496188,-0.0055451584,0.0253465889
464.0000000000,-0.0054735678,0.0061522942,0.0124650785,0.0059297981,0.0130425171,-0.0049630156,0.0065232882,0.0014460302,0.0012286597,-0.0222073061,0.0100659377,0.0093426707,-0.0063049500,0.0043351009,0.0069380312,0.0130214454,-0.0166337613,-0.0276394098,0.0400657461,-0.0135061993,0.0294555500,-0.0000528151,0.0418437293,-0.0098999402,0.0015861657,-0.0097880399,-0.0062154389,0.0116679775,0.0187381709,0.0244796894,-0.0063218521,0.0014135777,0.0202179963,0.0096693430,0.0224844675,0.0387668575,0.0122293921,0.0079362065,-0.0024727850,-0.0350098025,0.0129367202,-0.0183626398,0.0025862709,0.0229858274,-0.0085717647,-0.0074567637,-0.0224618820,-0.0031241828,0.0215552221,-0.0214885667,0.0146739276,0.0229659759,0.0076777660,-0.0025865348,-0.0078595534,-0.0265314446,-0.0103024523,0.0067350700,-0.0105280019,-0.0071994146,0.0335154553,0.0183177189,0.0170903732
465.0000000000,-0.0152994816,-0.0003961319,-0.0077263597,0.0288347444,0.0263423521,0.0002413561,0.0071013861,0.0039634575,0.0017304729,-0.0253264015,0.0229043248,-0.0053101913,-0.0250215559,0.0139999240,-0.0115205853,0.0238128292,-0.0139764118,-0.0001195417,0.0140832447,-0.0109813168,0.0129286753,0.0150163765,-0.0035078555,-0.0317313219,0.0189924975,-0.0119832542,-0.0001551677,-0.0123350206,-0.0045282943,0.0137276431,0.0108174856,-0.0056453901,-0.0020814893,0.0167674899,0.0092447048,0.0025087012,-0.0081435260,0.0124029662,-0.0139487760,-0.0005927019,-0.0236586462,-0.0039442278,-0.0080027439,0.0058502376,0.0080044256,-0.0203101273,-0.0067761222,0.0166945739,0.0196466810,-0.0112303544,-0.0168142494,0.0410098906,0.0051878480,-0.0199534708,0.0075275227,-0.0235794590,-0.0036140392,0.0025339101,0.0099463519,-0.0050420931,0.0333778130,-0.0012350967,0.0316936988
466.0000000000,-0.0385730132,0.0095201467,-0.0065028762,0.0225794977,0.0471733378,-0.0041211204,0.0127012426,0.0102027373,0.0054798068,-0.0202909034,0.0364920664,-0.0025425636,-0.0345023700,0.0092495271,-0.0017375889,0.0249476103,-0.0087098413,0.0163420219,0.0301020443,0.0004033011,0.0279618046,0.0288953915,0.0241652322,-0.0233455197,-0.0053156683,-0.0143346011,-0.0139398723,0.0200284818,0.0060430345,-0.0017195382,-0.0050607243,0.0103668581,0.0345397425,0.0067044379,0.0111964278,0.0122238360,-0.0024941554,-0.0019725064,-0.0034449135,-0.0174966137,-0.0018176216,-0.0163758715,0.0143383901,0.0112151787,-0.0147926860,-0.0166105943,-0.0178830900,0.0109388747,-0.0002387939,-0.0349839470,0.0145318033,0.0310423019,0.0293685809,-0.0208466990,-0.0104197595,-0.0332768805,0.0010281843,0.0258025151,-0.0148174198,-0.0407040633,0.0287243479,0.0083414973,0.0032161600
467.0000000000,-0.0008175415,-0.0061225874,-0.0050507409,0.0054539743,0.0450745650,-0.0150460145,0.0092816166,0.0151091901,-0.0022517970,-0.0368858421,0.0106734829,0.0161497565,0.0039312978,-0.0061538310,0.0003082106,0.0064280062,0.0005792997,-0.0013487036,0.0204386900,0.0336977158,0.0233628339,0.0049642962,-0.0202866599,0.0075565693,0.0128200316,0.0002179972,-0.0102273382,0.0080423606,0.0295630794,-0.0077156808,-0.0061992646,-0.0060937445,0.0062195764,0.0041861298,-0.0027338116,0.0095404648,-0.0257168294,0.0068111789,0.0202613705,-0.0132385313,0.0130829603,-0.0083788591,-0.0080782261,-0.0067723625,0.0017702134,0.0027633258,-0.0000576542,-0.0066398616,0.0008857648,-0.0035266642,0.0172428516,0.0032345847,0.0048932623,0.0069930089,-0.0285936357,-0.0068139152,0.0122703719,0.0166447661,0.0037699807,-0.0037446485,0.0013853435,-0.0028864187,0.0134561363
468.0000000000,-0.0207013765,0.0128177791,-0.0186959723,-0.0008007365,0.0370897535,0.0201690958,0.0124573048,0.0165728773,0.0323414244,-0.0252187081,0.0222833622,0.0074254478,-0.0030314431,-0.0187984039,0.0084067113,0.0237098209,-0.0101654373,0.0029858070,0.0241546118,-0.0074156655,0.0162530507,0.0125057086,0.0258746603,-0.0009528005,0.0069194256,-0.0267992264,-0.0419888641,0.0318485322,0.0138537109,0.0143387388,0.0097815553,0.0045489318,0.0099268123,0.0062005959,0.0242523823,0.0083333627,0.0056573514,0.0228151646,-0.0013272552,-0.0278722327,-0.0003852860,-0.0007426118,0.0240000013,0.0202157087,-0.0178560998,-0.0048735107,-0.0038712966,0.0020596657,0.0063564131,-0.0180273078,0.0083513716,0.0476473736,-0.0157433656,-0.0065194425,0.0121736990,-0.0065236112,0.0025328893,-0.0038318053,0.0012522070,-0.0331344682,0.0215428638,0.0098573506,0.0030301237
469.0000000000,0.0131944974,-0.0004957280,0.0280674942,0.0024356462,0.0157966497,0.0209003059,-0.0113727763,0.0053062203,0.0106665266,-0.0019910476,0.0296271405,0.0000211273,-0.0119822357,0.0104309891,0.0032947313,0.0364184574,-0.0213662887,-0.0247587953,0.0160828624,-0.0208865226,0.0186115831,0.0259842093,0.0157170744,-0.0011006953,0.0069389707,-0.0063433710,-0.0101225593,0.0126125246,-0.0036084473,0.0116705114,-0.0353736450,-0.0130998995,0.0023275819,0.0025961939,0.0333465038,-0.0009100134,-0.0074518881,0.0245648584,-0.0002209041,-0.0047934464,0.0052590521,-0.0123118299,0.0086863020,0.0160181959,-0.0031064331,-0.0116449560,0.0100454310,0.0145082935,-0.0085427530,-0.0081787105,0.0069545771,0.0228747425,0.0176044803,0.0215351877,-0.0069185343,-0.0126996881,-0.0023258719,0.0163251601,0.0090519972,-0.0015555931,0.0081117812,-0.0174418653,0.0084167160
470.0000000000,-0.0090289459,-0.0040950723,0.0046830065,0.0054324472,0.0165514551,0.0011451672,0.0068399317,0.0198967207,0.0140551243,-0.0103529126,0.0102385772,-0.0011587984,-0.0108382038,0.0145621482,-0.0039467615,0.0071491630,0.0052486321,-0.0037739158,-0.0005550470,0.0067729770,0.0217083276,0.0008106242,0.0132930262,0.0179905989,0.0186864896,-0.0083861991,0.0124884279,0.0089241519,0.0051707332,-0.0142138841,0.0100399234,-0.0052476510,0.0104961698,0.0025788892,0.0111250697,0.0067673988,0.0062354176,0.0058170632,-0.0018954199,-0.0111150794,-0.0229541497,-0.0009428784,0.0072691137,0.0184102798,-0.0199368028,-0.0126946018,-0.0214158392,0.0054247882,-0.0105119704,-0.0195814956,-0.0049961672,0.0249662264,0.0223821638,0.0117077423,0.0078396474,-0.0257224574,-0.0008819817,-0.0070171709,0.0004078995,-0.0168610930,0.0279427479,-0.0059302589,-0.0076500945
471.0000000000,-0.0043141153,0.0202424455,0.0055516164,0.0189471027,0.0418813455,0.0027239987,0.0251297754,0.0252120163,0.0026590731,-0.0111560216,0.0226366177,0.0106366615,0.0003891021,0.0062976971,0.0018776398,0.0055357315,-0.0061545257,-0.0291987022,0.0290846102,-0.0004798844,0.0177817589,0.0162165295,0.0090789307,-0.0104064368,-0.0071977627,-0.0271123809,-0.0085094120,0.0100637954,-0.0021128209,0.0115937765,-0.0124158928,0.0166601952,0.0190559651,0.0214817485,-0.0076402689,0.0158815721,0.0181082919,0.0050724820,-0.0098628932,-0.0212627749,-0.0180192972,-0.0182539877,-0.0135079956,0.0084359988,0.0112519557,-0.0100465997,-0.0300875904,0.0051827356,-0.0188279634,-0.0281171013,0.0115828927,0.0293564507,-0.0053234209,-0.0032324454,0.0105892665,-0.0305842413,-0.0294896630,0.0375817040,-0.0166434813,-0.0180240562,0.0114510673,0.0108292421,0.0213854031
472.0000000000,-0.0065593083,-0.0055493419,0.0022650017,0.0059423683,0.0265601387,0.0199623449,-0.0007657436,0.0219378120,-0.0069090653,-0.0307638945,0.0013327221,0.0135793786,-0.0186170452,-0.0111689298,0.0221233931,0.0076256401,-0.0399127129,-0.0053613394,-0.0035878243,-0.0105477632,0.0368987109,-0.0002712880,0.0046461045,0.0011911461,0.0143625668,0.0048481457,-0.0071352360,0.0063788205,0.0055686990,0.0142590069,-0.0230836452,0.0047847509,0.0103710469,0.0078270442,0.0045680313,0.0018305249,-0.0018625800,0.0202884083,-0.0107569225,-0.0325460967,-0.0178808378,0.0213127256,0.0007431361,-0.0019655761,-0.0202197791,0.0003463768,-0.0162025858,-0.0022045258,0.0069935225,-0.0084992663,0.0151682530,0.0298395495,-0.0120681816,-0.0136254634,-0.0132658409,-0.0007229712,0.0059166729,0.0049010732,-0.0318101200,-0.0270064906,0.0228461800,0.0068959427,0.0115770467
473.0000000000,-0.0119894320,0.0049302407,0.0011562091,0.0076749677,0.0502612903,0.0135510316,0.0078501285,0.0074170366,-0.0003392374,-0.0276881647,0.0102099472,0.0019259593,-0.0234792499,0.0115790268,-0.0064635658,0.0324068767,-0.0334460958,0.0049141345,0.0237102432,0.0052100457,0.0140896552,0.0263070859,0.0044385520,0.0104789509,-0.0222226300,-0.0109098262,-0.0178489280,0.0120417145,0.0146490985,-0.0151739988,0.0240323390,0.0113262769,0.0101327907,0.0158845393,0.0195853120,0.0150371204,-0.0219008115,-0.0147278149,-0.0043297290,-0.0230451136,-0.0278328357,-0.0020320098,0.0010942925,0.0098585225,-0.0086173771,-0.0135024461,-0.0020787567,0.0092010084,0.0102169091,-0.0029669724,-0.0177444919,0.0372391977,-0.0068961347,-0.0386461267,-0.0162971378,-0.0275633957,0.0133089251,0.0201511143,-0.0121683135,-0.0094902673,-0.0055914772,-0.0170463638,0.0103408125
474.0000000000,0.0148791012,-0.0066468126,0.0092589955,0.0176233577,0.0215433040,0.0297265922,0.0046793508,-0.0112887666,0.0066322208,-0.0125523215,0.0095832354,-0.0028635963,-0.0139388244,0.0046161486,0.0114390686,0.0398815384,-0.0000566680,-0.0144453811,0.0241858078,-0.0234910126,0.0094244900,0.0186422851,0.0150376718,-0.0042625967,0.0045848302,-0.0017804312,-0.0062125164,-0.0197999186,0.0028110496,0.0198100826,0.0062846572,0.0063141275,-0.0045040553,0.0152718677,0.0188998184,0.0227183359,-0.0109351289,0.0192357379,-0.0072141851,-0.0193505377,0.0207510430,-0.0023519871,-0.0033152496,0.0414637574,0.0276495166,0.0011967079,-0.0160194677,-0.0073497808,0.0084297352,0.0191577081,0.0053168290,0.0219965367,0.0133667272,-0.0009893724,0.0038600481,-0.0023708532,-0.0171558803,0.0176957452,0.0119354456,-0.0024524241,0.0356744428,-0.0060345277,0.0206004172
475.0000000000,-0.0069955082,0.0226248867,-0.0030514069,0.0087142165,0.0262320264,0.0237539101,0.0107377187,-0.0122499376,-0.0008162210,-0.0044581758,0.0066420655,-0.0104725955,0.0080172456,-0.0071656221,-0.0217792150,0.0163891098,-0.0147848615,0.0284245713,-0.0026906635,-0.0123975364,0.0098794157,0.0098048437,-0.0013716582,-0.0184400523,0.0123262995,-0.0171278885,0.0123418142,0.0080736212,0.0184136349,0.0264687213,0.0054384253,0.0208536247,0.0217517578,0.0183479478,0.0087075903,-0.0148815735,-0.0084095425,0.0043943405,-0.0063712549,-0.0166404886,0.0069860258,0.0061844392,-0.0010250408,0.0191806507,0.0010559568,0.0006338141,-0.0102025022,0.0021951072,0.0089268428,-0.0269664159,-0.0113728166,0.0104594915,0.0026625001,-0.0111493543,-0.0406079678,-0.0159398853,-0.0057505247,-0.0014638194,-0.0056279816,-0.0109994211,0.0207162478,0.0104818211,0.0320896402
476.0000000000,0.0076701897,-0.0128558427,-0.0013097698,-0.0075334061,0.0136533202,0.0137419135,0.0205760153,0.0129826470,-0.0056513095,-0.0342698715,0.0188331261,0.0143339734,-0.0046996667,-0.0152186568,0.0079314479,-0.0007629885,-0.0105698170,-0.0225426066,0.0231334727,-0.0094912547,0.0156407185,0.0042428285,-0.0019793068,-0.0149351846,0.0023892840,-0.0035935859,-0.0009421108,0.0041512830,0.0098646985,0.0012887719,0.0040321066,-0.0149763229,0.0168796036,0.0306067223,0.0029620416,0.0033397196,-0.0022144151,0.0023661678,-0.0214614478,-0.0172799430,0.0156965525,-0.0074256565,0.0135957854,0.0036496841,-0.0001485400,-0.0140482554,-0.0006966059,-0.0001651648,0.0080699146,-0.0460960801,0.0048320517,0.0036705533,-0.0181968452,-0.0050203920,-0.0181273785,-0.0036271140,-0.0249430006,0.0110406020,-0.0028474708,0.0276550126,0.0058666972,0.0084730528,0.0317861767
477.0000000000,0.0168652703,-0.0129063750,-0.0034110447,0.0095002371,0.0176835115,-0.0094812917,0.0143897629,0.0064400314,0.0137173827,-0.0227079708,0.0087407149,0.0335464807,-0.0206650008,-0.0161756881,0.0003290933,0.0168002145,-0.0098555188,0.0281856250,0.0106653386,0.0080617913,0.0023774151,0.0052304662,0.0126896881,-0.0052012570,-0.0231380935,0.0034063381,-0.0069867012,0.0112907622,0.0056919316,0.0096258923,0.0016082288,0.0049974409,-0.0073089969,0.0098545011,-0.0055659250,-0.0019679243,-0.0136584060,0.0165798528,-0.0076453154,-0.0269379302,-0.0048902473,-0.0060153894,-0.0174062026,0.0147655548,0.0160875395,-0.0021737167,-0.0182603516,0.0065521481,-0.0286667217,-0.0012877895,0.0116625146,0.0292324372,0.0000936265,-0.0028961092,-0.0282619519,0.0011389374,-0.0068708127,0.0304899828,-0.0038182422,-0.0326862116,0.0030213177,-0.0010871464,0.0146949762
478.0000000000,-0.0193843856,0.0089601679,-0.0045739618,-0.0000173320,-0.0073667410,-0.0099921404,-0.0002072272,0.0031935994,0.0052641506,0.0071941005,-0.0069314407,-0.0065325417,-0.0198290579,0.0010755161,-0.0069767868,-0.0267511648,0.0159793332,-0.0174322168,0.0059213856,-0.0254725205,-0.0019135487,-0.0102030724,-0.0254069908,-0.0014244681,0.0166170799,0.0051739685,0.0223149413,-0.0000826492,0.0187385417,-0.0011622718,-0.0110589727,0.0064368481,-0.0195176075,0.0095579104,0.0293485433,0.0131680379,0.0048576275,0.0017309314,-0.0040550451,0.0023918221,0.0043990186,-0.0030598883,-0.0218098487,0.0077843943,0.0226075251,0.0173367271,-0.0032042868,0.0022457008,0.0130201236,-0.0018930457,-0.0045458507,0.0122555847,-0.0172557548,-0.0076397122,0.0192715351,-0.0093584327,-0.0026596990,-0.0129136023,-0.0012238739,-0.0147933987,0.0174879144,0.0106370403,-0.0022985947
479.0000000000,-0.0064484003,0.0084486475,0.0112860354,0.0024634051,-0.0022771840,0.0240211421,0.0163754588,0.0078953127,0.0042974418,0.0027971718,0.0194115586,0.0251193093,0.0086318605,-0.0011533890,-0.0024608403,0.0079720076,0.0087110895,-0.0184703925,-0.0256847902,-0.0074647273,0.0078878015,-0.0033085051,-0.0166948689,0.0042661264,-0.0128183193,0.0044546849,-0.0086799618,0.0075942591,-0.0106416417,0.0150337724,0.0022478642,0.0184118238,-0.0039187153,0.0160640243,0.0038476683,-0.0200882511,-0.0069149943,0.0210128135,0.0025618194,0.0072067957,-0.0084722456,-0.0109171897,0.0069871247,0.0097786753,-0.0134301977,0.0196849529,0.0135009468,0.0100185051,-0.0129297039,-0.0030673987,-0.0023604450,-0.0037199475,-0.0076500090,-0.0017948331,-0.0062571149,-0.0146467738,-0.0051976308,0.0241047782,-0.0054418599,-0.0066179479,0.0184518389,0.0160980764,0.0265556749
480.0000000000,-0.0099870387,0.0016845656,0.0145529816,0.0250958144,0.0352176871,0.0053273824,0.0239104633,-0.0118298249,-0.0082638247,-0.0236606618,0.0300575960,0.0039390170,-0.0085170588,0.0270354736,-0.0017306722,0.0216017213,-0.0323388255,-0.0187272992,0.0070136773,-0.0202291204,0.0085127222,0.0273196828,0.0146100882,-0.0046870962,0.0464450627,-0.0091384647,-0.0177382399,0.0065535106,0.0041067374,0.0188305689,-0.0067015046,0.0108471317,-0.0112077943,0.0271830530,0.0076539520,0.0276029561,0.0303667379,0.0091016740,0.0031144864,-0.0075306319,0.0030379772,-0.0146966699,0.0023535187,0.0095719522,-0.0009081658,0.0145232656,-0.0020955708,-0.0074779494,0.0298038255,-0.0127096165,-0.0211809632,0.0186413711,0.0164712057,-0.0063409593,-0.0213222636,-0.0196937476,-0.0041149777,0.0079632033,-0.0342024874,-0.0350317495,0.0265732807,-0.0071096047,0.0188731040
481.0000000000,-0.0169316157,0.0239795896,0.0104404476,0.0205517474,0.0246897952,0.0147723488,-0.0119319576,-0.0080575029,-0.0117576570,-0.0015763082,0.0249462091,-0.0016381970,-0.0163806717,-0.0051476936,0.0088622145,0.0229203551,-0.0102983536,-0.0013961081,0.0340539863,-0.0112977239,0.0117085871,0.0228416301,-0.0070665159,-0.0089049956,0.0192891617,-0.0089387558,-0.0434827777,0.0239524824,-0.0104047592,0.0271265910,-0.0253987225,-0.0018212148,0.0146891651,0.0245366782,0.0276669297,-0.0004225915,0.0224697330,0.0172686258,-0.0048604960,-0.0353279481,0.0002545022,0.0059696881,-0.0086983564,-0.0168128692,-0.0123034154,-0.0134225497,-0.0081107604,0.0009391114,0.0351198785,-0.0252160555,0.0229592283,0.0320788411,0.0011437591,-0.0229203345,-0.0205360094,-0.0065615438,-0.0110891860,0.0037088093,-0.0248191234,-0.0241523905,0.0153484950,-0.0136413975,0.0238793721
482.0000000000,-0.0121317130,-0.0031180876,0.0269945764,-0.0162359092,0.0367041364,0.0000401040,0.0176101895,0.0167188901,0.0169901688,-0.0007142693,0.0239856997,-0.0160345193,-0.0174042005,0.0032257403,0.0185643140,0.0254841408,-0.0121466301,-0.0191113270,0.0211045919,0.0027913218,0.0094233320,0.0263647102,0.0127764594,-0.0172983144,-0.0074012163,-0.0030668648,0.0125081038,-0.0129336404,-0.0202205541,-0.0157016769,-0.0167215410,-0.0124605263,0.0185867423,0.0277256928,0.0091709524,-0.0085639095,0.0235136380,0.0101342190,-0.0060388256,-0.0264601549,-0.0092917540,-0.0223071831,-0.0215474421,0.0434565966,0.0062295496,-0.0121949755,-0.0063034500,0.0107171207,-0.0038270407,-0.0093082773,-0.0087205905,0.0323976055,0.0044658191,-0.0207510346,-0.0325616201,-0.0307700028,-0.0025216775,0.0061213155,-0.0044693187,-0.0124999514,0.0230817339,-0.0054056946,0.0024659812
483.0000000000,0.0033236446,0.0108661800,0.0136869788,-0.0019210431,0.0142849390,0.0152410793,0.0197196810,0.0286122723,0.0181144538,-0.0167544232,0.0116906835,0.0091248063,-0.0153456935,-0.0130930357,0.0051377736,0.0193485707,-0.0185073180,0.0008953844,0.0154851713,-0.0165558949,0.0211131814,-0.0059571775,0.0004379702,-0.0085049036,0.0065305093,-0.0124014548,0.0007626684,-0.0085071818,0.0138792624,0.0161445030,-0.0032763193,0.0008071621,0.0148061884,-0.0045434513,-0.0305817809,0.0100581461,0.0107795747,-0.0019456353,0.0047925996,0.0028382867,0.0016503548,-0.0386011872,0.0024836656,0.0126544520,0.0347941542,0.0005621750,0.0052139798,-0.0134794815,0.0112388041,-0.0220320946,-0.0137361066,0.0440640953,0.0294107477,0.0024615216,-0.0257145496,-0.0054972770,0.0239577649,0.0213306868,-0.0088513828,-0.0131914972,0.0142754378,-0.0116147681,0.0280210394
484.0000000000,0.0107196930,-0.0013153745,-0.0018763159,0.0031526002,0.0388489006,0.0052032514,0.0146557210,0.0095716289,0.0032773657,-0.0093444682,0.0093805924,0.0127279079,-0.0248510417,-0.0131084355,0.0006173333,0.0257213570,-0.0116435133,0.0238142005,0.0319501410,-0.0037620067,0.0125083973,0.0224095664,-0.0009263133,0.0039581236,-0.0173441112,-0.0058025066,-0.0266920826,0.0219079332,-0.0076413771,0.0071112164,0.0007166128,0.0123509397,0.0146074667,0.0132752366,0.0241889687,0.0060690677,0.0128049250,0.0113349673,-0.0240196208,-0.0335146625,-0.0103013252,0.0108154469,0.0077350497,0.0196982226,0.0093196714,-0.0047872830,-0.0223801354,-0.0010150905,-0.0043650716,0.0025220020,-0.0150791489,0.0104344832,-0.0080435790,-0.0201497618,-0.0173738037,-0.0070505642,0.0033757308,-0.0068334371,-0.0176428665,-0.0089531143,0.0235246925,-0.0085863396,0.0225450811
485.0000000000,0.0210141254,0.0033134857,0.0205023229,-0.0027782108,0.0194021074,0.0115789390,0.0122426349,0.0087736020,0.0205201851,-0.0235827405,0.0345788208,-0.0034673880,-0.0296672040,0.0144534545,0.0130163835,0.0146889461,-0.0169658900,-0.0083200195,0.0100797099,-0.0300524468,0.0113022410,0.0192789072,-0.0120880708,0.0094114110,-0.0056034841,-0.0026433726,-0.0037225546,-0.0125425102,0.0064452783,-0.0028185233,0.0029495438,0.0019227441,-0.0045199159,0.0204090254,0.0126794116,0.0003858502,-0.0186009059,-0.0132869595,-0.0098973386,-0.0311893687,0.0097551335,-0.0095293560,-0.0014391641,-0.0006873634,-0.0033501275,-0.0006852125,-0.0129605973,0.0002142478,0.0070349410,-0.0196472809,0.0055492183,0.0099292437,-0.0012204206,-0.0218912759,-0.0219852670,-0.0493286300,-0.0029206060,0.0095255333,0.0005503937,-0.0147378744,0.0232329855,0.0042434322,0.0119848919
486.0000000000,-0.0122800516,0.0066836335,0.0026069168,-0.0011327085,0.0329054556,0.0119656478,0.0290739685,0.0079837732,0.0099025169,-0.0023883928,-0.0011177193,-0.0132849329,0.0048090038,-0.0116460644,-0.0150511224,0.0361652564,-0.0100741562,-0.0025673160,0.0041210699,-0.0047506532,0.0434621373,0.0061782050,-0.0090376534,-0.0296450925,0.0148835474,-0.0015423606,-0.0189215280,0.0018166746,-0.0060943406,0.0116273554,0.0105597904,0.0061249514,0.0088400788,0.0079436772,-0.0041860823,0.0137487780,0.0091749605,-0.0055872325,-0.0035236311,-0.0212670998,-0.0041512035,0.0151433319,-0.0103461716,0.0129194091,-0.0177355864,-0.0067333398,-0.0002578456,0.0223787261,0.0098445127,-0.0000321539,0.0009411801,0.0321619280,0.0145547690,-0.0150634926,-0.0108308143,-0.0203875655,-0.0050925439,-0.0028411725,0.0132515735,-0.0299815785,0.0150852828,0.0167483980,-0.0005798968
487.0000000000,0.0009859853,0.0092689135,0.0078964352,0.0235460791,0.0740428318,0.0142994272,0.0121291199,0.0201469546,-0.0107087415,-0.0179266751,0.0280181489,-0.0213650852,-0.0054522429,0.0299725360,0.0043481412,0.0172079568,-0.0331327018,-0.0034452712,0.0254094489,-0.0046808882,0.0132781920,0.0204566656,-0.0067296949,-0.0044043902,-0.0025379105,-0.0383795681,-0.0017598542,0.0056228069,0.0136979533,-0.0083521880,0.0000567516,0.0105598464,0.0163479992,0.0308332053,0.0009888009,0.0087588431,-0.0033593857,0.0191516354,0.0025521899,-0.0058009706,-0.0106515848,0.0027339705,-0.0092521317,0.0303637665,0.0135184618,-0.0117341675,-0.0090489025,-0.0093451813,0.0149205782,-0.0103095099,-0.0084417946,0.0214151365,0.0074606092,-0.0120892908,-0.0204509976,0.0062593233,-0.0004479032,0.0457297987,-0.0069862897,-0.0292016358,0.0230997584,-0.0031706539,0.0570449041
488.0000000000,-0.0017940800,0.0203040109,0.0220111084,0.0161526358,0.0652966615,0.0117140707,0.0061148068,0.0095168885,0.0160402435,-0.0414528322,0.0302750775,0.0097220315,-0.0116265272,-0.0090099473,-0.0021377632,-0.0032091523,-0.0096632690,0.0004660375,0.0283753208,-0.0137382795,0.0156419575,0.0046585247,0.0308273695,0.0108157366,0.0013663509,-0.0288776462,-0.0286447754,0.0097794277,-0.0125852084,0.0199088213,-0.0006035262,-0.0083361027,0.0167648624,0.0116009134,0.0345059437,0.0210383205,-0.0112927122,0.0021299399,-0.0040767588,-0.0233496497,0.0009910977,-0.0180650976,0.0080086752,0.0215240789,-0.0093446853,0.0003277600,-0.0244988288,-0.0061758001,-0.0089981670,-0.0232920749,-0.0044859364,0.0347253141,0.0183800958,-0.0002580058,-0.0105522134,-0.0184319015,0.0103335598,0.0139014245,-0.0223372231,0.0060388814,0.0162619217,0.0005505661,0.0373758413
489.0000000000,-0.0268495153,-0.0051662144,-0.0050432556,-0.0025811445,0.0259415654,-0.0133997406,0.0224160710,0.0081187029,-0.0061221037,-0.0176962823,0.0176490674,-0.0111981640,-0.0259010043,0.0121286080,0.0294858636,0.0137662236,-0.0093061465,-0.0051789813,0.0162752839,0.0071780346,0.0333091423,0.0312387542,-0.0032551882,-0.0073985921,-0.0020396862,-0.0046352286,-0.0081434172,0.0205067016,0.0077048405,0.0121941647,0.0029845093,0.0166728627,0.0084657840,0.0361136235,-0.0083554227,0.0198293201,0.0013004281,0.0170098532,0.0046717116,-0.0174835068,-0.0149650956,-0.0074153229,-0.0043720386,-0.0177761412,-0.0090785764,0.0130806289,-0.0190418652,-0.0085818020,0.0102775826,-0.0206758428,0.0145067387,0.0242084534,-0.0162559645,-0.0259028216,-0.0099699274,-0.0249692688,-0.0175750310,0.0112859531,-0.0083739280,-0.0200096015,0.0279427404,0.0244483753,0.0068371064
490.0000000000,-0.0127188420,0.0033012796,-0.0083004324,0.0079633760,0.0253638179,0.0186250263,0.0137276730,0.0086905143,0.0038056919,-0.0174199408,0.0253546499,-0.0050527027,-0.0153574769,0.0116800879,0.0054251099,0.0063534996,-0.0155272934,0.0142702142,-0.0024967105,-0.0046793658,0.0013962887,-0.0036154070,-0.0280661789,0.0056869461,0.0128859049,-0.0078079139,-0.0252517229,0.0005413442,-0.0005362253,0.0181793188,0.0073616795,-0.0194866892,-0.0099795775,0.0038860351,0.0073366397,-0.0088568863,0.0191219389,0.0045281058,0.0203526466,-0.0216965941,0.0005943179,-0.0071941707,0.0146254732,0.0187689282,-0.0074843414,0.0038312608,-0.0231053214,-0.0110703886,0.0160314749,-0.0364759747,-0.0073718890,0.0231210338,0.0045551097,-0.0246034289,-0.0112705635,-0.0065382944,0.0270474434,0.0065740421,-0.0085509980,-0.0226271593,0.0227654247,0.0091716661,0.0021568819
491.0000000000,0.0036976471,-0.0215615221,-0.0080806828,0.0080788905,0.0261980091,0.0108512434,0.0017609506,0.0209304263,-0.0127258145,-0.0133947778,0.0220408273,-0.0088701853,0.0058975577,0.0217735658,0.0053858437,0.0086819872,-0.0417820565,-0.0082807506,0.0096218546,-0.0033825156,-0.0009624825,0.0096268032,0.0138796793,-0.0255290788,0.0199799109,0.0093072366,0.0009850655,0.0016704057,0.0149847485,-0.0215877771,-0.0071711637,-0.0129109002,0.0096484448,0.0124563761,0.0138314363,0.0156722986,-0.0033369968,0.0037228679,0.0125726407,-0.0128197699,-0.0313506866,-0.0102484779,-0.0086218122,0.0347204619,-0.0191825656,-0.0074429681,-0.0140743713,-0.0083431327,-0.0172298981,0.0122459548,-0.0106431328,0.0354095249,0.0142475308,-0.0314504729,-0.0111916382,-0.0242144080,0.0094943378,0.0132016664,0.0011951873,-0.0055012800,0.0316862408,0.0251921765,0.0027635407
492.0000000000,0.0000154195,-0.0245427574,0.0024548347,-0.0077860864,0.0014610992,-0.0294575712,0.0057298438,0.0005658910,-0.0022193216,-0.0236199884,-0.0060592020,0.0047089180,0.0046107383,-0.0031446647,0.0062216201,0.0248536495,-0.0268051879,0.0017301198,-0.0103986091,0.0203327873,0.0084220573,-0.0179907839,-0.0139103574,0.0306619378,0.0049588105,-0.0042253458,0.0152345148,-0.0084096106,-0.0054531048,-0.0097614239,-0.0101868018,0.0109521309,0.0095102974,0.0032096946,-0.0074534971,0.0105372064,-0.0174834860,0.0128816444,-0.0018516307,0.0025490169,-0.0048482459,-0.0008817268,0.0045028932,-0.0049363501,0.0048803512,0.0078927029,-0.0060597450,0.0103987578,-0.0096121517,0.0056856023,0.0087475605,-0.0042783453,0.0119869433,-0.0138967620,0.0055698033,-0.0060472448,-0.0088839304,0.0170472030,-0.0080645816,-0.0002707415,-0.0066124061,-0.0108913922,0.0220711782
493.0000000000,-0.0062649539,0.0104004544,0.0184070292,0.0273408299,0.0388293350,-0.0179126608,0.0002037742,0.0053545345,0.0037525058,0.0106964174,0.0230876797,-0.0076636332,-0.0297778923,-0.0085811750,0.0081015997,0.0237014997,-0.0174630156,-0.0086074723,0.0306936837,0.0037876764,0.0285547521,0.0104301760,0.0244755921,-0.0058944520,0.0089235691,-0.0248903154,-0.0175810276,-0.0029212179,-0.0057542451,-0.0061845261,-0.0096535106,-0.0364985784,-0.0018755551,-0.0104713661,-0.0144205600,0.0173070264,0.0055154378,0.0226865872,0.0163951855,-0.0127993773,-0.0209208229,-0.0230781613,0.0172158462,0.0217226584,0.0096244899,-0.0082442085,-0.0316764853,-0.0068909565,0.0289828661,0.0004997568,0.0060725860,0.0139193005,0.0050650319,-0.0013819165,-0.0200755659,-0.0267149847,-0.0079843199,0.0067736440,0.0076462725,-0.0018807413,-0.0044897290,-0.0006074338,0.0265415956
494.0000000000,-0.0127997263,-0.0146352906,0.0055798886,-0.0046365425,0.0338648654,0.0115011149,0.0049112079,0.0270835447,0.0004204889,-0.0131718645,0.0203134725,0.0133355813,-0.0398182342,0.0074666551,0.0029768073,0.0367066674,-0.0110189331,0.0114015692,0.0241394568,-0.0242675579,0.0229472383,0.0189339417,0.0028842430,-0.0063878027,0.0173284863,0.0124763259,-0.0146233115,-0.0088181018,0.0159071941,-0.0003059507,-0.0172152314,0.0129653259,0.0039959281,0.0031526176,0.0178174710,-0.0122352617,-0.0095040223,0.0064936716,0.0041057520,-0.0090452080,-0.0015026342,-0.0088795010,-0.0010216484,0.0208004144,-0.0159969867,-0.0037552722,0.0053059561,0.0086267470,0.0142902028,-0.0039978483,-0.0056173363,0.0269311773,0.0090189219,-0.0241261926,-0.0115212244,-0.0269015902,-0.0151734976,0.0010235038,-0.0024837990,-0.0307205184,0.0262579572,-0.0088312437,0.0169290980
495.0000000000,-0.0246184973,-0.0126666930,0.0019323874,0.0043896358,0.0374306126,0.0156622800,0.0025889111,-0.0160490777,-0.0049365335,-0.0172496865,0.0265308513,0.0149866987,-0.0071085969,0.0002957992,0.0038754752,0.0041918051,-0.0123524131,-0.0140894768,0.0159727621,-0.0021463122,0.0117217853,-0.0057132679,-0.0150476178,-0.0084206816,-0.0007815227,-0.0154988683,-0.0194554569,-0.0108054333,0.0098053983,0.0264625072,0.0097652859,0.0095639252,0.0243828946,-0.0010513508,0.0016847228,-0.0040311922,-0.0006405510,0.0085207707,0.0066045282,0.0006094204,0.0064662144,-0.0176239012,0.0063320946,0.0183382292,-0.0128597937,-0.0024784797,-0.0225373710,0.0032664670,0.0161168460,-0.0155698063,0.0019445233,0.0166248248,0.0112735638,0.0035155527,-0.0046199647,-0.0085551892,-0.0031875003,0.0139160413,-0.0004113934,-0.0285721018,0.0110209958,-0.0119516657,0.0049827425
496.0000000000,0.0027141405,0.0260987643,-0.0044951477,0.0183646510,0.0318394597,-0.0047335383,0.0100665108,0.0228710580,0.0008967682,-0.0157797792,0.0141842020,0.0088386546,-0.0004774817,0.0070803475,0.0145433308,0.0292614613,-0.0119680999,0.0186536066,0.0134606168,0.0031997573,0.0191915029,0.0075866946,0.0062730039,-0.0312569744,0.0237174102,-0.0188545867,0.0017073089,-0.0014955728,0.0096489480,-0.0114352578,0.0140948167,0.0142783522,0.0045795189,-0.0117501444,0.0080889062,0.0094560518,-0.0176225202,-0.0039623090,-0.0059065485,-0.0265520030,-0.0005453569,-0.0058617744,0.0043775273,-0.0046433458,0.0035871485,-0.0001448106,0.0059506644,0.0206728121,0.0170109173,-0.0144919295,0.0111798711,0.0101939880,-0.0184449344,0.0178102062,0.0047494907,-0.0166453134,0.0143469710,-0.0101313479,-0.0157581105,-0.0132036933,0.0324205797,-0.0009007315,0.0030346465
497.0000000000,-0.0134183422,-0.0051593931,-0.0141081499,-0.0015646693,0.0559972051,0.0043417514,0.0085662839,-0.0041010922,0.0068637956,-0.0331763656,0.0335882393,0.0068276681,0.0093619805,-0.0062707003,0.0238380684,0.0225492853,-0.0345120004,0.0174992627,0.0057240338,-0.0052400065,0.0377108380,0.0291573053,0.0095738607,-0.0002719173,-0.0018108141,-0.0297586874,-0.0367187246,0.0005969476,0.0039216964,0.0142286489,0.0088847419,0.0067760827,0.0089190190,0.0198206628,0.0024378794,0.0089476187,0.0040595038,-0.0199941203,-0.0122943482,-0.0579684782,-0.0300517487,-0.0022705265,0.0159930222,0.0173188298,-0.0042772027,-0.0080960008,-0.0205335275,-0.0076473257,0.0117437247,-0.0471673144,0.0226012925,0.0399561654,0.0071443375,-0.0263467769,-0.0155310516,-0.0401782903,-0.0115116011,0.0176282133,-0.0244177447,-0.0325697481,0.0291580842,-0.0052316952,0.0249118488
498.0000000000,-0.0024093556,0.0023594854,0.0059779238,0.0451460796,0.0473353157,0.0123871529,-0.0103956680,0.0219450809,0.0071987164,-0.0480249303,0.0247079049,0.0178965473,-0.0044432073,-0.0006792869,0.0021989890,0.0341740939,-0.0042794887,-0.0078748781,0.0204534251,-0.0127833619,0.0042678189,-0.0050467287,0.0109038885,-0.0014565546,0.0022037767,-0.0405747981,0.0060510940,-0.0011012030,-0.0036588440,-0.0073762976,-0.0076583127,-0.0091712600,0.0157767617,0.0085868678,0.0089277263,0.0084935257,0.0015129300,-0.0024696499,0.0057113645,-0.0092452220,-0.0136279744,-0.0032392828,0.0011101761,0.0151321828,0.0224874558,-0.0048780825,0.0086103194,-0.0247934173,0.0070195597,-0.0207320118,0.0083056940,0.0003627464,-0.0108199061,-0.0375408819,0.0082237874,-0.0051915288,0.0000567818,0.0289620494,-0.0246124951,-0.0387667086,0.0208039781,-0.0014838265,0.0207155112
499.0000000000,-0.0241530308,0.0134301019,-0.0097546916,0.0185609067,0.0233336497,-0.0013886861,0.0031024339,0.0143462591,0.0225301541,-0.0348505359,0.0132859222,-0.0104968284,-0.0050869304,-0.0033594404,0.0258778591,0.0024141207,0.0077770801,0.0012959423,0.0315748510,-0.0050997938,-0.0061821353,0.0283298903,-0.0038508693,-0.0045719640,0.0001328637,-0.0248901273,-0.0101612352,-0.0163929040,-0.0097855965,-0.0043580554,0.0128884308,-0.0111798122,0.0081187449,-0.0021966798,0.0204418784,0.0044558489,-0.0009365113,0.0107575660,-0.0060384735,-0.0240988226,0.0035825528,-0.0175616249,0.0065708068,0.0110853293,0.0034604066,-0.0174210133,-0.0187174985,-0.0045341298,0.0115447153,-0.0333086144,-0.0088142251,0.0303644839,0.0030719140,-0.0110777753,-0.0069681124,0.0060237232,-0.0119256505,0.0134977446,-0.0174386149,-0.0015577057,0.0013456107,0.0024396369,0.0283190862
500.0000000000,-0.0240031085,0.0073545638,0.0094086333,0.0059119566,0.0433931574,-0.0159645833,0.0256605073,-0.0074223636,-0.0179429262,-0.0038491392,0.0095222995,-0.0045162461,-0.0185435606,-0.0050310060,-0.0173806409,0.0175296268,-0.0162385318,0.0027409397,0.0092527787,-0.0081259598,0.0136589456,-0.0123757610,-0.0035646561,-0.0122971425,0.0177618076,-0.0156157017,-0.0210325943,0.0153504565,0.0065979445,0.0049573412,0.0051136341,0.0201699402,0.0050290998,0.0129962347,0.0042723226,0.0073164058,0.0087856906,0.0110652208,0.0023110896,-0.0256732163,0.0307877286,0.0163468745,0.0120310178,0.0193636167,-0.0104837818,-0.0034341164,-0.0214928741,-0.0293275693,-0.0045603320,0.0096867167,-0.0113836854,0.0342845671,-0.0081992700,-0.0139077383,-0.0105995265,-0.0339701528,-0.0098866094,-0.0021083619,0.0123752381,-0.0305775884,0.0073131738,0.0112005106,0.0252924471
