1.0000000000,-0.0093062910,0.0040382469,-0.0342139174,-0.0197147566,-0.0062301990,-0.0197728213,-0.0009488423,-0.0190439754,-0.0095958626,0.0277561158,-0.0004875744,0.0013184078,0.0022370840,0.0201301882,-0.0112757175,0.0067476654,-0.0228635901,-0.0171830696,0.0145432814,0.0004747373,0.0155750755,0.0270676001,0.0360241046,0.0264771280,-0.0210489400,0.0016857548,-0.0190277694,-0.0070500620,0.0148626581,0.0188853313,-0.0211805215,0.0227229472,0.0034124428,0.0114917918,0.0349689940,-0.0049252590,0.0040352442,0.0018987812,0.0300148790,0.0410739275,0.0049130107,0.0252147088,0.0007327120,-0.0196203405,-0.0018111575,0.0202485593,-0.0133334999,-0.0092376093,-0.0095390097,0.0123668115,0.0074731528,0.0375210351,0.0069553339,0.0164463178,0.0230842949,-0.0074661839,0.0045601505,0.0196094644,0.0374768452,0.0032258144,0.0043314380,0.0159476234,-0.0093857246
2.0000000000,0.0237496953,-0.0203516289,-0.0062923546,-0.0144950164,0.0158293896,-0.0247546689,0.0015048549,-0.0050218528,-0.0068457760,0.0082687718,-0.0017809437,0.0062566715,0.0010984583,0.0221044909,-0.0234209589,-0.0210809598,-0.0340464997,0.0194239435,0.0169089935,-0.0077135202,0.0059937833,0.0046080450,0.0095645750,0.0049196013,-0.0098462778,-0.0216068859,0.0004806699,-0.0028803451,0.0125582109,0.0142280771,-0.0044140374,0.0233822973,0.0195493257,0.0011093087,-0.0033160637,0.0109034012,0.0387647680,0.0014688902,0.0284145733,0.0408470558,-0.0022216278,0.0166668079,-0.0280899999,-0.0100169703,-0.0070791775,0.0259387691,-0.0079459917,0.0045973208,-0.0183172158,-0.0048482235,-0.0174717945,-0.0007897402,0.0279445236,-0.0185296231,0.0359242595,-0.0285437581,-0.0138754252,0.0028175287,0.0074168338,0.0105806755,-0.0013123202,0.0046166406,-0.0168596139
3.0000000000,-0.0065909017,0.0115732122,-0.0076216623,0.0053549757,-0.0016584574,-0.0096514294,-0.0005657489,-0.0111944271,-0.0231973898,0.0108131600,-0.0041811456,0.0125119226,0.0058773948,0.0123332791,0.0094405271,-0.0116635169,0.0079775567,-0.0228649087,0.0180593101,0.0010490446,-0.0080191608,0.0062034674,0.0237485125,0.0020828930,-0.0034706521,-0.0060787494,0.0065456865,-0.0042606701,0.0003923791,0.0160693321,-0.0174918237,0.0136889784,-0.0026090138,-0.0224135169,0.0192790288,0.0257080085,0.0153940802,0.0001051811,0.0281801589,-0.0012703392,0.0008625441,-0.0032707498,0.0085897732,0.0117782740,-0.0002836566,0.0148518614,-0.0085035117,-0.0060892986,-0.0006237210,0.0103937253,0.0055036938,-0.0036034990,-0.0086283363,0.0030858290,0.0156392034,0.0059473792,0.0020674327,-0.0234757089,0.0406005340,-0.0156316039,-0.0026751144,0.0101596635,0.0075624234
4.0000000000,0.0132818839,-0.0052347020,-0.0296859785,0.0011691822,-0.0177857343,-0.0063004343,0.0066814880,-0.0027820614,-0.0252605625,0.0018445247,-0.0048341737,0.0234862481,0.0050820957,0.0155649422,-0.0053138053,-0.0119835452,-0.0258688694,-0.0201997503,0.0112985347,-0.0108031328,-0.0016920111,0.0149117689,0.0080877885,0.0180784053,-0.0175279886,0.0198151407,-0.0011333019,-0.0046012515,0.0110547513,0.0287300374,-0.0141277223,0.0378894761,0.0144412067,0.0021157716,0.0280175332,0.0046853258,0.0189235509,0.0088996665,0.0045372198,0.0092647801,0.0210010865,0.0288261221,-0.0088111665,-0.0065336579,0.0012915128,0.0222463741,-0.0112257465,-0.0058216364,-0.0169635777,-0.0062313992,-0.0000053781,0.0028378284,0.0016365887,0.0171392797,0.0275062282,-0.0065014195,-0.0113391076,-0.0012792661,0.0185527512,0.0006202990,-0.0035020838,0.0079801272,-0.0254191885
5.0000000000,-0.0130541199,0.0085869507,-0.0159249576,0.0082167110,-0.0148497391,-0.0064034184,0.0035141286,-0.0080900404,-0.0174751296,0.0073440599,-0.0060539278,-0.0038874000,0.0175216913,0.0276476355,-0.0271538134,0.0208117185,-0.0215944930,0.0011157709,0.0056930863,-0.0065659266,-0.0225204601,0.0214714763,0.0221521938,-0.0118488918,-0.0121509781,0.0045945663,-0.0152830864,-0.0014050886,0.0045478199,0.0151191674,0.0007681822,0.0158461844,0.0053476481,-0.0226893815,0.0128617790,-0.0129683788,0.0084252838,-0.0085321346,0.0170863850,0.0081182567,0.0154764208,0.0085068867,-0.0037754777,0.0114008596,0.0022270982,0.0016530498,-0.0326275176,0.0100117475,-0.0002033690,-0.0151111253,0.0001139540,-0.0194896983,-0.0011813074,-0.0017965482,0.0036805261,-0.0337866375,-0.0023739559,0.0230246591,0.0162990617,0.0135803172,-0.0134750938,0.0129071153,-0.0103802565
6.0000000000,-0.0032362441,-0.0097674026,-0.0138721916,-0.0014072952,-0.0150058158,0.0058745628,-0.0058424643,-0.0032578192,0.0037852225,0.0215209463,0.0062239577,-0.0021112582,-0.0069021060,-0.0109378124,0.0028081123,0.0087827285,-0.0088094514,-0.0160326082,0.0093884354,-0.0030843613,0.0011814967,0.0019962372,0.0159132084,-0.0158183342,-0.0127170712,0.0002651757,-0.0119550508,-0.0241147804,0.0180043018,0.0085710596,-0.0125761534,0.0103914175,0.0008455763,0.0070370022,0.0166679480,-0.0221353992,0.0159185453,0.0094367267,0.0066602102,0.0232117589,0.0002827432,0.0201996682,-0.0112712588,-0.0178765423,-0.0127798453,0.0181227059,-0.0102457880,-0.0149383830,-0.0151909353,-0.0066118370,-0.0199659866,-0.0187101395,0.0045200339,-0.0023135179,0.0257592239,-0.0141211568,-0.0080482995,0.0172017796,0.0140323511,-0.0114689795,-0.0124801681,-0.0122680752,-0.0028188416
7.0000000000,-0.0002997578,-0.0354917763,-0.0110141339,-0.0184555158,-0.0015830329,-0.0172127951,-0.0146188631,0.0075141721,0.0060573694,0.0192195841,-0.0048080827,0.0108486434,-0.0103858948,0.0267824202,0.0032995465,0.0000754602,-0.0352472441,0.0086043145,-0.0172796123,-0.0114068596,0.0184476700,0.0026692013,-0.0146048337,0.0068318746,-0.0064004378,-0.0012002746,0.0113598586,0.0165935878,0.0033440958,0.0111431267,-0.0013426475,0.0194765847,0.0018310652,0.0061052659,0.0058598717,-0.0148664907,0.0181933362,0.0282979686,0.0319282926,0.0152348753,-0.0259738224,0.0028641524,-0.0216054122,0.0041217586,-0.0132494598,0.0135075279,0.0015372358,0.0017692842,0.0010818771,0.0035407971,-0.0035558006,0.0153677554,0.0057531656,-0.0195946140,0.0269810048,-0.0069166440,-0.0026083560,0.0056193392,-0.0065569349,0.0018176390,-0.0035293097,0.0097323182,0.0122229495
8.0000000000,0.0059358221,0.0014396308,-0.0104473479,0.0089433723,-0.0131028740,-0.0112786997,0.0167760655,0.0170041772,-0.0161181455,0.0254657766,-0.0043514510,0.0069493742,0.0230728401,0.0041357991,0.0022293678,-0.0050847989,-0.0105462599,0.0044083556,-0.0076096389,-0.0314785346,-0.0131612657,0.0057744024,0.0019919207,-0.0205686115,0.0002125564,-0.0169836823,-0.0207233260,0.0006151540,-0.0071153970,0.0138632077,-0.0003828197,0.0228681849,0.0335077918,-0.0106863987,0.0124867158,-0.0054495122,0.0150082630,0.0175045281,0.0118858699,0.0090890743,0.0027163974,-0.0106503883,-0.0059874818,-0.0010487936,-0.0047500595,0.0337352597,-0.0056129576,0.0230040069,0.0087987316,-0.0081101310,-0.0135049295,-0.0019239067,-0.0047734276,-0.0078891359,0.0334432184,0.0002678252,-0.0199275609,-0.0012782297,0.0256480368,0.0008329412,0.0034297828,-0.0076319175,-0.0253403376
9.0000000000,0.0032069814,0.0052844289,-0.0274808260,0.0139134222,0.0056664692,-0.0120466522,-0.0022379836,-0.0061817211,-0.0095541969,0.0022853805,-0.0026586876,-0.0085766716,0.0189541925,-0.0172076808,-0.0067169482,-0.0098824290,-0.0002827869,-0.0010224031,-0.0016542021,0.0037904058,0.0007344003,0.0196818080,0.0072208994,-0.0079865574,-0.0130056703,-0.0011264022,0.0008174627,-0.0222617122,0.0197590619,0.0083553411,0.0017527961,0.0039332749,0.0130688421,0.0119466988,0.0418347679,-0.0155630722,0.0385171280,0.0081598679,0.0033878602,0.0327190312,-0.0032023131,0.0173869625,-0.0163917906,-0.0254180010,0.0219905127,-0.0047041645,-0.0021268140,0.0050703155,0.0123022707,0.0203288096,0.0075757833,0.0198570850,-0.0014209558,0.0096846916,0.0360684318,-0.0110173661,-0.0084342012,0.0174604812,0.0215577503,-0.0031659336,0.0251884395,-0.0000030372,-0.0258024239
10.0000000000,0.0044179333,-0.0174554633,0.0028424934,0.0042868078,0.0040898705,-0.0013424005,-0.0054312486,0.0049966151,-0.0041745795,0.0071152893,-0.0049987868,0.0038796372,0.0253090119,-0.0034541210,-0.0102269049,-0.0165716402,-0.0176930157,0.0081623348,-0.0005871224,-0.0020258472,-0.0107133022,0.0012834542,0.0031115912,0.0166592821,-0.0122864127,0.0075174723,-0.0088353037,-0.0004189287,0.0109398080,0.0098875445,0.0116307498,0.0178475411,0.0109500130,0.0096258849,0.0112859695,0.0127513029,0.0132379359,0.0104053880,0.0129033219,0.0333610238,-0.0005018093,0.0189383460,-0.0032906767,0.0169172301,-0.0046271292,0.0110847330,0.0184268493,0.0167479313,0.0030793442,-0.0061642459,0.0116951347,-0.0008191031,0.0044506908,0.0059533894,0.0298589540,-0.0130068644,0.0067918470,0.0187839345,0.0087854132,0.0176920149,-0.0027657166,0.0097352048,0.0128727013
11.0000000000,0.0187606122,0.0190652388,-0.0082561726,0.0053730312,0.0005907883,-0.0141638553,-0.0098895123,-0.0277268608,-0.0121649411,-0.0145830719,-0.0048680794,-0.0108114216,0.0072797177,-0.0009580967,-0.0047513500,0.0067796473,-0.0286547498,-0.0082402428,0.0070057916,-0.0222836806,0.0007214392,0.0305174075,0.0253640885,-0.0318211713,0.0160395717,0.0040361370,0.0033233620,0.0167048224,0.0316381629,0.0252724051,-0.0078489498,-0.0015964969,0.0075708333,0.0008227346,0.0136996321,0.0017891065,0.0357622758,0.0047194740,0.0232504587,0.0408314379,-0.0238081159,0.0226897479,-0.0010058115,-0.0208515901,0.0018932061,0.0176559319,-0.0290688845,-0.0002995948,-0.0050822084,0.0088515400,-0.0130216825,0.0062391114,0.0113811159,-0.0178777043,0.0357791992,-0.0081385634,-0.0204529956,0.0176364143,0.0103467659,0.0187765436,-0.0343696424,0.0245136070,-0.0172204900
12.0000000000,0.0278045540,0.0082029348,-0.0018388157,-0.0125306802,-0.0063170739,-0.0031773398,0.0097842806,-0.0145252068,-0.0186895556,0.0133013760,0.0174968506,0.0005337250,0.0153535735,-0.0099410612,-0.0207093685,0.0066057410,-0.0119745614,0.0016534629,0.0200650065,-0.0215530303,0.0134700161,-0.0111007517,0.0153723292,-0.0048124731,-0.0238289903,-0.0029833384,0.0043912120,-0.0025962324,0.0177053439,0.0169280639,-0.0062954204,-0.0037983871,-0.0011789953,0.0020807525,0.0299757595,-0.0087806866,0.0130218760,0.0309110698,-0.0153425878,0.0328726787,-0.0026465732,0.0198398924,0.0030296637,-0.0355394575,0.0142867216,0.0198859095,0.0086008277,0.0264602387,-0.0150911660,0.0013871085,0.0036483574,0.0249991861,-0.0065240385,-0.0061421408,0.0405036980,-0.0106684654,0.0122501755,-0.0069491741,0.0258704427,0.0066300235,-0.0054035367,-0.0028287370,-0.0080760363
13.0000000000,0.0250447448,-0.0122777034,-0.0068636909,0.0107739806,0.0173214152,0.0013388677,0.0051409212,0.0043194738,-0.0164653722,-0.0007566755,-0.0082047436,0.0106530330,-0.0008043557,0.0111691885,-0.0066727389,0.0021698942,-0.0116292555,0.0011653920,-0.0001651089,0.0084868863,0.0008681831,0.0051315745,0.0101433013,0.0070914885,-0.0014573789,0.0143105054,0.0085118780,0.0007030653,0.0067887867,0.0030861319,0.0060870243,0.0244067484,0.0119469509,-0.0189136127,0.0332616193,-0.0012956124,0.0295762607,-0.0075362274,0.0051795672,0.0189215025,-0.0041386978,0.0125428467,0.0086852615,0.0100607492,0.0099843521,0.0279810889,-0.0008637951,-0.0016085779,0.0017854190,-0.0150719853,0.0168664874,0.0136880122,-0.0019079667,0.0037306566,0.0221621082,-0.0191668014,0.0012859992,0.0166850929,0.0197944390,0.0044872819,-0.0021584293,0.0171504580,-0.0047146231
14.0000000000,-0.0108309442,0.0040696501,-0.0391340145,0.0176262011,-0.0018854411,-0.0311878563,0.0217300261,-0.0018618193,-0.0095687638,-0.0060449348,-0.0177859149,0.0084314922,0.0095896367,0.0143851153,0.0008068547,0.0182378582,-0.0215383266,-0.0075862565,-0.0019684681,-0.0115397620,-0.0091757813,0.0188364575,-0.0105853178,-0.0042275778,-0.0288905402,0.0140217887,-0.0074664665,0.0145737376,-0.0027761710,0.0055600474,0.0055884561,0.0167292390,0.0218399083,-0.0104980255,0.0079574112,-0.0103469969,0.0341029188,-0.0192600447,0.0321906703,0.0140776005,0.0115850177,0.0227482095,0.0040922945,0.0064810547,-0.0019915144,0.0248191429,0.0163330850,0.0006153902,-0.0004636316,0.0056969791,-0.0021345954,-0.0075255798,0.0259706717,-0.0015515176,0.0026055811,-0.0128087483,-0.0038383386,-0.0084328860,0.0281956040,0.0151746834,-0.0050468163,0.0040441426,-0.0071743008
15.0000000000,-0.0238042352,0.0093622629,-0.0076793519,0.0110362998,0.0176238927,-0.0166260049,-0.0154022074,0.0046602116,-0.0212942042,-0.0029821759,-0.0201700257,0.0008145016,0.0088114039,0.0131541806,0.0061564813,0.0084476515,-0.0009334095,-0.0082898545,0.0284478193,0.0011059223,-0.0037807727,-0.0025885664,0.0053912487,0.0064580307,0.0045431576,-0.0225830819,-0.0031810578,-0.0226193760,0.0038116933,0.0027022920,-0.0074204660,0.0143436969,-0.0024705090,-0.0014729193,0.0132878680,0.0070465685,0.0214932602,0.0155265461,-0.0006834417,0.0053576690,0.0061051057,-0.0100400771,-0.0122649859,-0.0052564563,0.0080938839,0.0159214413,0.0122891435,0.0062455469,-0.0106053218,-0.0029867586,-0.0084673638,-0.0044459364,0.0133713187,-0.0093150430,0.0105950072,0.0131616350,-0.0102225023,0.0236748451,-0.0051104049,0.0065358838,0.0114884392,0.0329505671,-0.0182541156
16.0000000000,-0.0019338409,0.0046077299,-0.0315297823,-0.0071221341,0.0011391328,0.0194734977,-0.0052270566,-0.0193009599,-0.0330704173,0.0314600489,-0.0046744938,0.0234874269,-0.0058922133,0.0166349082,-0.0046005963,-0.0163923643,-0.0138963156,-0.0139070322,0.0069484117,0.0068181336,-0.0045176399,0.0136290226,0.0129635411,0.0152731173,-0.0229888974,0.0021149681,0.0027941312,-0.0079849361,-0.0043124935,0.0177497792,-0.0008146644,0.0199881659,0.0025658217,0.0232316342,0.0246319469,-0.0281604266,0.0252280704,0.0042494124,-0.0020968819,0.0403791131,-0.0098956393,0.0234137730,-0.0092313171,-0.0086771769,0.0159390731,0.0192413343,-0.0006977977,-0.0062271666,-0.0189142328,-0.0085255386,-0.0087508277,0.0061064982,-0.0339111770,0.0088420962,0.0139667212,-0.0097514085,-0.0079929602,0.0423608039,0.0063363899,0.0044049744,-0.0020184198,0.0010914006,0.0138592057
17.0000000000,0.0042481895,0.0163981745,-0.0043091180,-0.0149919577,0.0035292662,-0.0039273348,0.0092210980,-0.0128596432,0.0134177154,-0.0035828926,0.0114316323,-0.0038167089,0.0051557353,-0.0030005159,-0.0034150465,-0.0189089342,-0.0069487921,-0.0110718566,0.0094491934,-0.0173136758,-0.0050567489,0.0233511617,0.0117541797,-0.0037503398,-0.0004152859,0.0037200750,0.0068657664,-0.0266169186,0.0246563749,0.0121193442,-0.0060829988,0.0241704645,0.0174004564,0.0088193300,0.0152939962,-0.0053275423,0.0102848661,0.0210998279,0.0131460834,0.0236769428,0.0095056977,0.0257434762,-0.0356168223,-0.0020234127,0.0026724774,0.0155398134,-0.0028313065,0.0026501029,-0.0189452743,-0.0126756283,-0.0106480556,0.0096729084,-0.0050408132,0.0086734100,0.0085632933,0.0128928604,0.0056945836,-0.0029272447,0.0319606319,0.0122842401,-0.0192794578,0.0268860244,0.0176735527
18.0000000000,0.0068020376,0.0111443043,0.0058528444,0.0161360106,-0.0001059111,0.0070729476,0.0095412320,-0.0115185893,-0.0200653629,0.0292278680,0.0085296874,-0.0120486266,0.0074427799,-0.0086418127,0.0016567039,-0.0012782210,-0.0244535470,0.0043263788,-0.0086018947,0.0094246049,0.0192579420,-0.0011068136,0.0091643322,0.0058155565,0.0104415416,0.0102413981,-0.0141884940,-0.0028539211,0.0125569301,0.0150955426,0.0002391438,-0.0049619738,0.0119721295,0.0102185598,0.0153658726,0.0098060293,0.0233934098,0.0244174825,0.0233209491,0.0149193606,-0.0068703279,0.0194730421,-0.0011694880,-0.0107173652,0.0093933559,0.0007089606,0.0148276328,-0.0140042950,-0.0039575177,-0.0092546874,0.0017674617,-0.0041851495,-0.0023649034,0.0026651696,0.0159866929,0.0131867793,-0.0065551600,0.0320734966,0.0070327145,0.0005717353,-0.0056017214,0.0207222947,0.0147924424
19.0000000000,0.0025197235,-0.0063178239,-0.0109002260,0.0040450240,0.0025799934,0.0001516281,0.0118238068,0.0213197679,0.0061824177,0.0074197352,-0.0140427638,-0.0212168410,-0.0051294936,0.0046075439,-0.0169808048,-0.0114370137,0.0016394708,0.0076205000,-0.0023539992,-0.0184401850,-0.0047523367,0.0080729260,0.0152028569,-0.0083530424,0.0088876079,-0.0055022300,-0.0060563976,-0.0062256237,-0.0126799214,0.0222633276,-0.0094288151,0.0043843683,-0.0091469878,0.0014845328,0.0219478139,0.0338497526,0.0253795491,0.0028236772,0.0139913874,0.0113337345,-0.0109773737,0.0059876817,-0.0201217658,-0.0256190041,0.0185645489,0.0172952444,0.0063628554,-0.0003044034,0.0068001967,-0.0108832282,-0.0187228570,0.0173729760,0.0088753692,0.0098534466,0.0155967036,-0.0163609664,-0.0081738453,-0.0002446217,0.0101223489,0.0098128927,-0.0018004913,0.0225118468,-0.0023390466
20.0000000000,0.0203607122,0.0126086263,-0.0135600041,-0.0102117110,0.0112828113,-0.0111005756,0.0183812789,0.0169298934,-0.0144369459,0.0105626074,0.0016162693,0.0138225778,0.0134225100,-0.0020232237,0.0065949257,0.0077659853,-0.0183605533,-0.0205930036,-0.0170831173,-0.0167950462,-0.0047500380,0.0353987825,0.0232576064,-0.0077287613,-0.0321598269,0.0156112868,0.0015235330,0.0039883850,0.0013927272,0.0303001648,-0.0029871409,0.0186680463,0.0234812359,0.0095692332,0.0182070499,0.0072802627,0.0489793790,0.0058898785,0.0084635945,0.0329209395,-0.0124029676,0.0351425492,0.0035758938,-0.0069996255,0.0198433806,0.0296982786,-0.0057836770,-0.0037407781,0.0040527180,-0.0128749922,0.0081005449,0.0088394238,-0.0009184234,0.0028938675,0.0011031409,-0.0119086328,-0.0035257128,0.0142955917,0.0133528243,0.0186403837,-0.0129911684,0.0189643994,-0.0164181899
21.0000000000,0.0058376137,-0.0053371954,-0.0223132422,-0.0111896049,0.0113041781,-0.0118822532,0.0089704939,-0.0088905389,-0.0131893412,0.0087312872,0.0181570530,0.0015405363,0.0099807709,0.0096725771,0.0068407589,-0.0268412002,-0.0303166151,-0.0048083496,-0.0002021123,-0.0257422437,-0.0127609887,0.0152021359,0.0136028499,0.0180169292,0.0122446154,0.0156301098,0.0371995064,-0.0069038157,0.0081759741,0.0037488332,0.0174440701,0.0014970465,0.0002454984,0.0179768126,-0.0131052997,-0.0012451944,0.0216103471,0.0079824767,0.0048687376,0.0019835668,-0.0155609580,-0.0085301027,0.0020740542,-0.0036394537,0.0097323311,0.0104390461,-0.0055051886,-0.0037805007,-0.0178608722,0.0062950937,0.0164775298,0.0061726469,-0.0225383064,0.0051038308,0.0177108067,-0.0047251308,0.0336270590,0.0160293703,0.0216513987,0.0000182130,0.0044564891,0.0085687464,-0.0304741456
22.0000000000,-0.0071569767,-0.0057748953,-0.0349225366,0.0082191709,-0.0062285969,-0.0135102127,0.0211826506,0.0085051274,-0.0057064019,0.0074619246,-0.0046653049,0.0211598037,0.0094609827,0.0133766876,-0.0118581103,0.0147407507,-0.0026545713,-0.0209835814,0.0143218130,0.0034245108,-0.0016790965,0.0173163422,0.0258127457,-0.0035739120,-0.0111643399,0.0192736110,0.0229524927,-0.0020689841,0.0135160309,0.0005469961,0.0029247402,0.0192159175,0.0187461817,-0.0007382627,0.0240698204,0.0135786532,0.0091940613,-0.0075329130,0.0053019166,0.0209986048,0.0064938326,0.0293552983,-0.0244736152,-0.0123951137,0.0111833097,0.0168909699,0.0155999982,-0.0161898620,-0.0385903461,-0.0024398023,-0.0132886584,-0.0149821126,-0.0066965696,0.0098412537,0.0199512037,-0.0145083183,-0.0171421867,0.0201801318,0.0121384113,0.0089867133,0.0025080393,0.0384086285,-0.0220630286
23.0000000000,-0.0027217566,0.0190494052,-0.0146998422,0.0162971318,-0.0162764171,0.0145127535,-0.0139965702,-0.0015128012,-0.0112910526,0.0253548110,-0.0091624037,0.0091861889,0.0145672059,0.0070949660,0.0043016062,0.0187070698,-0.0225803530,-0.0017450969,0.0078108340,-0.0065066544,0.0324964968,-0.0035693345,0.0044967864,-0.0206450743,-0.0059263526,-0.0102671116,-0.0147746679,0.0036556836,0.0120186992,0.0276865420,-0.0227710796,0.0080973005,0.0022564737,0.0139947295,0.0179273582,-0.0046381778,0.0050613436,0.0076168258,0.0050934966,0.0271732397,0.0033495125,0.0099302567,0.0079658291,-0.0085228865,0.0134283524,0.0131845286,0.0242713681,0.0100012134,-0.0192378823,0.0074395474,-0.0041502258,0.0058221873,-0.0159656865,0.0050750952,0.0086301426,-0.0042743243,0.0001245027,0.0057503797,0.0131349482,0.0026371600,0.0019507646,0.0367846849,-0.0091764300
24.0000000000,-0.0054211694,0.0020719654,-0.0026330924,0.0110686547,0.0223073619,-0.0107007329,0.0049231992,-0.0098409771,-0.0282429112,-0.0079662446,-0.0048829340,-0.0034491371,-0.0023385974,0.0116623567,-0.0250424049,-0.0258755272,-0.0298124431,-0.0083177142,0.0142659406,-0.0181795745,0.0112505305,0.0040318448,0.0117192195,-0.0001266932,-0.0099893266,0.0013608390,-0.0095836222,0.0012541963,0.0255156723,0.0213691833,-0.0046403141,-0.0082324795,-0.0004711669,-0.0111771352,0.0120866314,0.0322337914,0.0386568798,0.0026400883,0.0206948696,0.0136723503,0.0079240004,0.0192103681,-0.0417236035,-0.0273516667,0.0192890220,0.0234413691,-0.0010663124,0.0030429800,-0.0052708359,0.0178828687,-0.0130498959,-0.0008235917,0.0095486337,0.0083568525,0.0140141585,-0.0007152568,-0.0155041299,0.0039780743,-0.0047755797,-0.0037479182,-0.0008148361,0.0070657962,-0.0095079102
25.0000000000,-0.0015099167,-0.0062091376,0.0131688584,-0.0068982958,0.0067359201,-0.0092438242,-0.0041635644,0.0034299623,-0.0031342471,0.0215426239,-0.0240659728,-0.0053596836,0.0081606761,0.0049430453,0.0017125145,0.0071760124,0.0122232736,-0.0003470637,0.0023192059,0.0025067007,0.0026373909,0.0013085297,-0.0128034545,0.0127197274,-0.0125439141,0.0143864517,-0.0034208921,0.0012116898,0.0250850691,0.0053733506,-0.0074515552,0.0077557832,0.0062513627,-0.0066845541,0.0126205758,-0.0075884224,0.0218974536,-0.0024481282,0.0058659396,0.0116066545,-0.0184779892,0.0135650818,-0.0083325756,0.0056232679,0.0055942312,0.0070606162,-0.0175711365,0.0059365809,-0.0116499544,-0.0028242029,-0.0036651210,0.0012137434,0.0177198184,0.0020977526,0.0301843671,0.0075850328,0.0083826588,0.0054892054,0.0183849049,0.0215354476,-0.0053493612,-0.0022866851,-0.0033393666
26.0000000000,0.0137988168,-0.0011128293,-0.0347160888,-0.0076930279,-0.0115968681,0.0081240014,-0.0118287774,-0.0049669948,-0.0041370740,0.0062063868,0.0016853958,-0.0001332388,0.0036426598,0.0111882175,-0.0104882523,-0.0073966002,-0.0122951591,0.0227188026,-0.0122014226,-0.0111637032,-0.0063913127,0.0200397860,-0.0127909142,0.0191546812,-0.0188451435,0.0137735200,-0.0019853669,0.0000303396,-0.0042346941,0.0075468395,0.0094450007,0.0115607675,-0.0134901155,0.0161146572,-0.0023320753,0.0058818679,0.0137149967,0.0157230307,0.0272019706,0.0133375572,0.0088396788,0.0134294456,-0.0214945778,-0.0086747548,0.0168742380,0.0176289203,0.0046183150,-0.0053921604,-0.0176259990,0.0025476882,-0.0062010520,0.0124195650,-0.0016316753,0.0049898222,-0.0032699664,0.0214837128,0.0152924646,-0.0141119754,0.0202750063,-0.0016398482,-0.0251095827,-0.0064590087,-0.0066382366
27.0000000000,-0.0069670886,0.0112943998,-0.0172957224,-0.0018035494,0.0079275156,-0.0170229569,0.0009371643,-0.0134303306,-0.0254704751,-0.0024719723,0.0040588096,0.0074576681,0.0155742225,-0.0042311519,-0.0213527655,0.0033181397,-0.0219329693,0.0053249132,0.0204103281,0.0079532908,-0.0033676086,0.0069943542,0.0097308374,-0.0036641980,-0.0095639439,-0.0057427151,-0.0109500754,0.0146893035,0.0115780640,-0.0122341804,-0.0066712694,0.0422060626,0.0123911756,-0.0050996161,0.0132994090,0.0119850613,0.0000700256,0.0127386685,0.0029284808,0.0152106028,-0.0000582097,-0.0071020882,0.0205177786,-0.0143324952,-0.0038612669,-0.0098803092,-0.0114349458,0.0033534478,0.0217726048,-0.0104574345,0.0151977805,-0.0267739127,0.0041605141,-0.0140200358,0.0026081037,-0.0077759610,-0.0000457373,0.0101404787,0.0130325395,-0.0024336415,0.0037437695,0.0123788660,0.0098345305
28.0000000000,0.0049672897,-0.0042148736,0.0131769657,-0.0014512454,-0.0011378912,-0.0069798202,-0.0259951674,-0.0004020137,-0.0207807583,0.0076191574,0.0004300971,-0.0061371816,0.0257083697,0.0077615495,0.0114256668,-0.0285897087,-0.0057288169,0.0044331673,0.0017499954,0.0072954987,-0.0000316855,0.0250046809,0.0190017429,-0.0143380112,-0.0132059961,-0.0023376114,-0.0161692183,-0.0072485028,-0.0042806951,0.0262076254,-0.0201175390,0.0147591220,0.0149198074,-0.0031506659,0.0246877084,-0.0158610967,0.0158221072,0.0082432336,0.0298407065,0.0197437608,-0.0003234033,0.0380572672,-0.0161937474,-0.0345858868,0.0072795110,0.0156434616,-0.0001224943,-0.0090447629,-0.0106905004,0.0056658923,-0.0188606720,0.0144662806,-0.0268563095,0.0064588376,0.0311444718,0.0067349092,-0.0045388369,0.0096848039,0.0190672426,0.0169481344,0.0067762938,0.0314436053,0.0050901309
29.0000000000,-0.0124199069,-0.0311345326,0.0107383104,-0.0009693567,-0.0017239444,0.0067111678,-0.0027732857,0.0070485029,0.0003214146,0.0213770808,-0.0052401787,-0.0218595815,0.0112850209,0.0155008298,-0.0038602687,-0.0121151166,-0.0271799456,-0.0095930651,-0.0119244627,-0.0045827418,-0.0187839944,0.0079994057,0.0099243007,0.0045946560,-0.0102866746,-0.0050195951,-0.0185634954,0.0057511018,-0.0049008378,0.0211114183,-0.0315514101,-0.0241658121,0.0061805691,0.0232016904,0.0153335731,-0.0280865119,0.0245140915,-0.0016628038,0.0151306940,0.0222176278,-0.0165979644,0.0270576214,-0.0184911193,-0.0375691625,-0.0002185069,0.0103640216,-0.0187737069,0.0022658198,0.0145564947,-0.0319864858,-0.0080486724,-0.0048288634,-0.0220551517,-0.0039428483,0.0206436959,-0.0091789248,0.0040639460,0.0066411593,0.0173080586,-0.0034499035,0.0055225193,0.0205502237,0.0044392493
30.0000000000,0.0131920227,0.0094600699,-0.0293336689,-0.0066852968,0.0121515628,0.0043886769,-0.0040596739,-0.0012130725,-0.0113563229,-0.0012910241,-0.0029446415,0.0058882854,0.0084936289,0.0106556438,-0.0044635105,-0.0029241829,-0.0131371603,-0.0243466446,-0.0084794496,-0.0199035117,-0.0082816725,0.0066983449,-0.0182221051,-0.0003176097,-0.0131935169,-0.0035282427,-0.0073852617,0.0076799463,0.0111364739,0.0167973802,0.0158761455,-0.0127041873,0.0093380237,0.0195482916,0.0100650887,-0.0041604209,0.0291970879,-0.0094992641,0.0109692628,0.0210843085,-0.0108185927,0.0111023607,-0.0148683652,0.0006122861,0.0039038696,0.0015164747,0.0132091784,-0.0007672919,-0.0069200352,0.0026097694,0.0013902781,0.0164690202,-0.0124410313,-0.0150282240,0.0234698695,0.0179755687,0.0113122987,-0.0093349028,0.0179126049,0.0295244351,-0.0096356007,0.0127623595,-0.0249439310
31.0000000000,0.0106747607,0.0112511636,-0.0005437955,0.0009613956,0.0175603272,0.0187380667,0.0086470357,0.0014452681,0.0113040443,0.0357861326,0.0276186654,0.0036626483,0.0222976547,0.0223332278,-0.0139162425,-0.0082418897,-0.0221247165,-0.0140694762,0.0243159000,-0.0085825245,0.0237401092,0.0151108058,0.0125292228,0.0174075186,-0.0011810607,-0.0033862128,0.0013811269,0.0094340804,0.0010389531,0.0061295441,-0.0224910231,0.0069647157,0.0028921921,-0.0013978854,0.0291416962,0.0049446736,0.0307273381,-0.0083528171,0.0408515608,0.0482051870,0.0010278721,0.0289351055,-0.0058212891,-0.0240211896,0.0076479207,0.0244309214,-0.0169314275,0.0115419556,-0.0100674874,-0.0136616399,-0.0011613661,0.0154706121,-0.0219343394,0.0204851072,0.0310842217,-0.0173469123,-0.0153414232,0.0013539831,0.0124350658,0.0189270405,-0.0225213263,0.0254577446,-0.0013718759
32.0000000000,-0.0078155587,-0.0200362647,-0.0157647367,0.0011256639,-0.0021926777,-0.0082795379,-0.0043609472,0.0008199809,-0.0181624858,0.0052441258,0.0023479010,0.0101177035,0.0124466454,0.0064723909,0.0008992844,0.0023869861,0.0036661963,-0.0092420436,0.0193534043,-0.0069716000,0.0196985330,-0.0061883321,-0.0041276779,0.0148152935,-0.0139286433,-0.0038979910,0.0157003586,0.0195822037,-0.0025915201,0.0121267640,-0.0124285251,-0.0097346154,0.0040701970,0.0128110389,0.0167918912,-0.0132600843,0.0365292891,-0.0069912935,0.0316116010,0.0060880089,0.0162640051,0.0131630312,-0.0147521765,0.0014545046,0.0212273020,-0.0065192279,-0.0003615166,0.0167632533,-0.0015792699,0.0296123221,-0.0187154121,0.0034343304,-0.0294479563,0.0157238666,0.0272186863,-0.0099710616,-0.0208212495,-0.0156611149,0.0119706638,-0.0016602439,-0.0093439388,0.0209600550,0.0093602906
33.0000000000,0.0143866845,-0.0063424633,-0.0197053821,-0.0058441102,-0.0146972436,-0.0203020524,-0.0094687715,0.0006173687,-0.0093923903,0.0430614029,-0.0335273810,-0.0091365634,0.0130819251,0.0122889465,-0.0148755957,-0.0018097409,-0.0210306141,-0.0116286576,0.0177818133,-0.0013729236,0.0178214306,0.0011320751,0.0128339928,0.0076437781,-0.0102785313,-0.0209788017,-0.0168924510,-0.0051853830,0.0121293520,0.0167217287,-0.0132145032,0.0133654409,0.0012045858,0.0072349917,0.0276859837,0.0051141152,0.0378709084,-0.0087402487,0.0061236580,0.0358748136,-0.0053379420,0.0125313320,-0.0221049175,-0.0282652926,0.0149876515,0.0260504161,0.0081268149,-0.0058739727,-0.0005519791,0.0088188567,-0.0007955044,0.0004274007,0.0076718721,-0.0074517041,0.0182600670,-0.0095038997,0.0172649649,-0.0101423321,0.0088821692,0.0267257976,0.0349383893,-0.0052400102,-0.0084778515
34.0000000000,0.0018439509,0.0078212661,-0.0305891713,-0.0005193163,-0.0103954936,-0.0153173042,0.0144486255,0.0003548105,-0.0232746798,-0.0032344054,-0.0023442006,-0.0155492631,0.0185414457,0.0138722355,-0.0117462759,-0.0036490534,-0.0093220112,-0.0163655422,0.0227220190,0.0085658714,-0.0049930306,-0.0072241791,0.0105793412,-0.0077335769,-0.0085076387,-0.0061701309,-0.0052024581,-0.0157992065,-0.0006843923,0.0092858681,-0.0125776489,0.0094242798,-0.0102054317,-0.0040798468,-0.0054684917,0.0158725793,0.0272139623,0.0300151472,0.0161710319,0.0226436219,0.0041050144,0.0017410555,-0.0172908305,0.0007333694,0.0071216299,0.0020029743,0.0197017026,0.0103818180,-0.0113003070,-0.0092933136,-0.0176633345,-0.0281747056,-0.0058384198,-0.0253121447,0.0294400527,0.0117298855,-0.0066644953,0.0092801566,0.0299323214,-0.0028145216,0.0015304652,0.0067633416,-0.0254830429
35.0000000000,0.0272346518,-0.0141676794,-0.0292339741,0.0107148453,-0.0010733314,-0.0167817726,0.0028267392,0.0119087128,-0.0256661602,-0.0081176742,0.0199450991,-0.0099129925,0.0179172933,0.0038384437,0.0105309962,-0.0088902997,-0.0088842664,-0.0023689195,0.0198756851,-0.0097316950,0.0092710860,0.0102011706,0.0087486791,0.0034705991,0.0203545887,-0.0008125267,-0.0084259613,0.0041234103,-0.0132662863,-0.0073785108,-0.0137021791,-0.0030881419,0.0078662731,0.0035653863,0.0222246407,-0.0069464702,0.0516746863,-0.0061586318,0.0238675186,0.0186510601,-0.0062459269,0.0298417026,-0.0310216782,-0.0184217126,-0.0036581077,0.0234314918,0.0024829182,-0.0233097159,0.0111756726,-0.0083610926,-0.0022407195,-0.0048848240,-0.0059835903,0.0107159165,0.0241458870,-0.0114182063,0.0025830636,0.0063150337,0.0144554720,-0.0221947167,-0.0144745662,-0.0002976099,-0.0045846105
36.0000000000,-0.0179860232,0.0234322372,-0.0181364794,0.0023722753,0.0090534009,0.0034816642,0.0025935418,-0.0153763005,0.0051311896,-0.0044309670,-0.0075528765,-0.0021575538,0.0052357989,0.0228911673,-0.0160295157,-0.0094817426,-0.0165806980,-0.0201936170,0.0015075790,0.0032407214,0.0009938847,0.0025298653,0.0152707226,-0.0031603519,-0.0060770732,0.0204969447,-0.0081395693,-0.0075620179,0.0017660913,0.0009972654,-0.0170763730,0.0007341664,0.0187622428,-0.0013833304,0.0209113873,-0.0241758460,0.0253644727,-0.0092439740,0.0208116483,0.0387653655,-0.0038853415,0.0335017610,-0.0317643871,0.0065090152,-0.0000243049,0.0144302686,-0.0160533100,-0.0012081206,-0.0116141111,0.0026540160,-0.0022522844,0.0191820340,0.0215827808,-0.0118522355,0.0341073030,-0.0124255728,-0.0162809213,0.0205754145,0.0220522680,0.0151842675,0.0098329765,0.0162516715,-0.0018227492
37.0000000000,0.0007329323,0.0005997082,-0.0182383249,0.0213587838,0.0168746349,-0.0074280881,-0.0076275070,-0.0067667498,-0.0197005866,-0.0097076315,-0.0070595728,-0.0233250670,0.0002970556,0.0062864149,-0.0362555545,-0.0136717455,-0.0100196631,-0.0057687514,0.0027714486,-0.0080481984,0.0062799046,0.0071760560,-0.0007260793,0.0013292689,-0.0173185177,0.0084860761,-0.0073564061,-0.0009854673,-0.0057930221,0.0108011486,0.0018803583,0.0095858450,-0.0140361203,0.0042132219,0.0056363924,0.0006815458,0.0322604949,0.0025606603,0.0063006669,0.0074783256,-0.0056726284,0.0071321023,-0.0255477772,0.0025159836,0.0304229264,-0.0076021786,-0.0016762196,0.0141313709,-0.0049801699,-0.0119280198,-0.0018364446,-0.0024835037,0.0242217724,-0.0108693018,0.0128723969,0.0040869538,-0.0029273711,0.0097340353,-0.0021672864,-0.0000814927,-0.0246563651,0.0010783729,0.0112607658
38.0000000000,0.0085384946,0.0068979924,-0.0227781426,0.0101192330,-0.0065889201,0.0104392496,0.0216260245,0.0015305206,-0.0186804845,0.0033895659,-0.0125385832,0.0155080464,0.0050372086,-0.0104981771,-0.0229950378,0.0239910039,-0.0098510943,0.0002726346,0.0232432965,-0.0057066177,-0.0070660154,0.0053296139,0.0123210604,-0.0027612446,-0.0058972887,0.0055462283,-0.0101276583,-0.0033763087,0.0049155956,0.0288027828,0.0094509487,0.0195627774,0.0228326999,0.0233831835,0.0019480455,-0.0009164129,0.0028321021,-0.0119295984,0.0058411255,0.0034763459,-0.0019524446,0.0320426384,0.0110677477,-0.0229274898,-0.0018381763,0.0218453187,0.0114646253,0.0024696253,-0.0007033863,-0.0112513670,-0.0143567109,0.0084938662,0.0062452357,0.0234675108,0.0236394114,-0.0250362152,0.0104100849,-0.0117291799,0.0209713377,0.0063092355,0.0114755993,0.0167390930,0.0062379232
39.0000000000,0.0054666254,0.0025093656,-0.0014419891,0.0166614271,-0.0102529847,0.0007480604,0.0008825920,-0.0020388638,0.0085858641,0.0125612312,-0.0152000137,0.0048111521,0.0296635452,0.0413378735,-0.0096311096,0.0005238487,-0.0237328220,-0.0054247838,0.0245181017,-0.0025055295,0.0062570001,0.0101185224,-0.0014771111,-0.0048498697,-0.0129092695,0.0142622744,-0.0180160239,0.0045532815,-0.0137711541,0.0127821892,-0.0058084476,0.0073429234,0.0065166284,-0.0033081506,0.0243050846,0.0167854324,0.0103228884,0.0079972315,0.0036777453,0.0269620208,0.0032452607,0.0311835790,-0.0024708194,-0.0165674388,0.0040382471,0.0188035263,0.0027702890,0.0197835295,-0.0314409023,-0.0224036986,-0.0110355082,-0.0035819037,0.0235433781,0.0090079243,0.0382183174,-0.0192300271,0.0147420732,0.0134795867,0.0332827478,0.0162030992,0.0156322321,0.0314100407,0.0017871338
40.0000000000,0.0050801974,0.0056643910,-0.0096954329,-0.0067013293,0.0045254405,-0.0005596963,-0.0074834222,0.0080841234,-0.0271629152,0.0050609694,-0.0303447873,-0.0016099276,0.0023631967,0.0251087967,-0.0119171907,-0.0110647347,-0.0207255184,-0.0157530997,0.0053662673,0.0041775386,-0.0021686100,-0.0004786584,0.0198037907,-0.0098408888,0.0009370272,-0.0151102733,-0.0163879924,-0.0080901047,0.0175787365,0.0157515776,-0.0209256382,0.0194619258,0.0249833136,-0.0029186099,0.0190158500,0.0070163207,0.0188091783,-0.0056153195,0.0067065159,0.0122748652,-0.0113905859,0.0124746094,-0.0295540104,-0.0084219968,0.0028142874,0.0318896432,0.0041232967,-0.0076889713,-0.0124207971,-0.0141941892,-0.0056127933,-0.0027798664,0.0280737168,-0.0150563297,0.0394841645,-0.0033387681,-0.0033483880,-0.0151202586,-0.0002021735,0.0303535812,-0.0129284526,0.0309162880,0.0032137967
41.0000000000,0.0158508377,-0.0069881332,-0.0424123383,-0.0024181823,0.0075345739,0.0082358897,0.0222645324,0.0066303567,0.0036580360,0.0226369691,-0.0004489553,-0.0058366055,0.0160189832,0.0229023915,-0.0366585651,-0.0013827679,-0.0227386522,-0.0022307871,-0.0031593423,-0.0091896648,-0.0000912324,0.0286573611,0.0100076037,-0.0068919948,-0.0173010556,-0.0123394388,-0.0073315734,0.0022395987,0.0077334462,-0.0030758996,0.0049168963,-0.0082374837,0.0070909376,0.0253348127,0.0123317660,0.0055161942,0.0140474586,-0.0079670416,0.0031139034,0.0241149580,0.0373993533,0.0206055611,-0.0114611448,-0.0098378057,0.0162481752,0.0176818697,-0.0053623968,0.0133470961,0.0018235920,-0.0090451264,0.0171666535,0.0024841928,0.0084997992,0.0163790025,0.0268396615,0.0157764032,0.0261150668,-0.0114143812,0.0140187080,0.0010273810,-0.0089510045,0.0193644519,-0.0155185297
42.0000000000,0.0254506742,-0.0018317210,-0.0223213279,0.0160200233,0.0109484925,-0.0121851390,-0.0187669421,-0.0047100052,-0.0094957177,0.0243055026,0.0000978731,0.0020610229,-0.0013306148,0.0088538988,-0.0037878666,-0.0012651738,-0.0393163710,-0.0037408392,-0.0077185394,-0.0002013605,-0.0030326581,0.0284318901,0.0167178042,0.0115592966,-0.0002842072,0.0213580708,0.0015242113,0.0249121248,0.0012874548,0.0032703114,-0.0105417031,0.0153937650,0.0179585453,0.0076810957,-0.0082752914,0.0213955260,0.0033459761,0.0064072516,0.0034227214,-0.0093181137,-0.0030510238,0.0056006913,-0.0260504594,0.0082266797,0.0133214899,-0.0059845475,0.0083845894,-0.0047380140,-0.0034586039,-0.0107171126,0.0080531932,-0.0106210216,-0.0142760408,0.0077008125,0.0096614328,-0.0008655267,-0.0166958050,-0.0032976854,0.0308745797,0.0091610145,0.0013769555,0.0251826279,0.0160286581
43.0000000000,-0.0004376757,-0.0075130170,-0.0114123081,-0.0089454371,0.0023727795,0.0062136719,0.0245998554,-0.0036545936,0.0122645898,0.0004150546,-0.0033258218,0.0213661544,0.0282223486,-0.0025820258,-0.0351137640,0.0058351614,-0.0278442156,-0.0067912330,0.0222570481,0.0008404811,-0.0098156886,0.0262631949,0.0156772486,0.0231333612,-0.0200177070,-0.0120000622,0.0072464440,0.0053812235,0.0235804868,0.0285922523,0.0007321837,-0.0032946538,0.0033464207,-0.0076192552,0.0137378703,-0.0266500238,0.0286065502,0.0015144173,0.0056061062,0.0533074675,-0.0120893779,0.0116037336,-0.0171681599,0.0031596938,-0.0025307643,0.0212492040,0.0091030863,-0.0091516356,0.0033624220,-0.0145902408,-0.0059291595,0.0146132450,0.0042819605,-0.0116071984,0.0134131980,-0.0038879942,0.0146606768,-0.0018595514,0.0279388263,0.0328648633,0.0185747195,0.0177527301,-0.0100355080
44.0000000000,0.0106999026,0.0115061184,-0.0321527141,0.0065038013,0.0062550245,0.0024616241,-0.0016650307,-0.0037411003,-0.0146649472,0.0179360171,-0.0097119461,-0.0066127012,0.0210036737,0.0019253292,-0.0224346008,-0.0307911517,-0.0193576301,0.0140368777,-0.0092651387,0.0093853007,-0.0074784963,0.0057085199,0.0035036484,-0.0336250104,0.0069405394,0.0033347705,0.0070439278,0.0252481989,0.0196882586,0.0160751483,-0.0339515924,0.0267216480,0.0058714882,0.0092002133,0.0213118982,-0.0147833299,0.0600973855,-0.0053299059,-0.0024637538,0.0389019790,0.0025897377,0.0358103379,-0.0185001933,-0.0345962508,0.0109476469,0.0033412450,-0.0114089052,0.0114309742,-0.0205166837,0.0098281012,-0.0200792228,0.0033821416,0.0205717009,-0.0017781686,0.0254887557,-0.0045185736,-0.0203423266,0.0173457061,0.0134892246,0.0280056406,-0.0059583532,0.0237926909,-0.0111526373
45.0000000000,0.0058184302,0.0043716924,0.0254588326,-0.0073272132,-0.0112816203,0.0143558237,-0.0066797984,-0.0069558401,-0.0096966894,-0.0226304324,-0.0142183730,0.0064348367,0.0065942893,-0.0033658589,0.0070485966,0.0155434901,0.0020103273,-0.0008744706,0.0047444801,0.0059702165,-0.0045523246,0.0119699267,-0.0127593423,-0.0028264271,-0.0029563336,0.0120027690,0.0077784056,-0.0028578588,0.0034401428,-0.0052745160,-0.0231885334,-0.0002649120,-0.0175293939,0.0242293979,0.0249773877,-0.0177240002,0.0038812769,0.0025797799,-0.0173416449,-0.0012873868,0.0223438279,0.0102111380,0.0049527031,0.0237924064,-0.0039134571,-0.0060657332,0.0108676836,0.0078170405,0.0093304420,0.0051159855,0.0126408956,-0.0290001261,-0.0000979509,0.0082559545,0.0176958275,-0.0012301758,-0.0224165128,-0.0076467996,-0.0020570650,-0.0041729190,0.0035441719,0.0080758677,-0.0225627187
46.0000000000,0.0142512986,-0.0160372031,-0.0092309656,-0.0204191467,0.0045606660,-0.0062575494,-0.0008588990,-0.0103226748,-0.0088222237,0.0095809710,-0.0130255346,0.0139349510,0.0044600262,-0.0063839659,-0.0056699562,-0.0006996913,-0.0162176016,-0.0060195341,-0.0107550794,-0.0152513959,0.0063556437,0.0143402346,0.0008196962,-0.0031045598,0.0012796268,-0.0190983450,-0.0206604268,0.0052489503,0.0261257322,0.0017579319,-0.0169947606,-0.0036272394,0.0103057868,0.0027106935,0.0090102819,0.0012787969,0.0232455313,0.0097739600,0.0088070552,0.0151296196,0.0172774896,-0.0104562002,0.0001169743,-0.0087535355,-0.0169363290,-0.0084071197,-0.0138183583,0.0002452322,-0.0379396271,-0.0180311056,-0.0173868401,-0.0143168881,-0.0244373764,-0.0081199769,0.0165181866,0.0063761820,0.0051178284,0.0033982255,-0.0006287041,0.0129429110,0.0059631343,0.0425888623,0.0175528871
47.0000000000,0.0105684514,-0.0121954981,-0.0182763969,0.0022654634,-0.0060802720,-0.0000673883,-0.0118743177,-0.0137269196,0.0094744269,0.0103234004,-0.0245486122,0.0095185422,0.0311420989,0.0066014809,-0.0123680551,-0.0104391467,-0.0290967219,-0.0067269230,0.0200170462,-0.0119259114,-0.0037871947,0.0209147126,0.0169378825,-0.0066614905,0.0073079459,0.0032612244,-0.0005923648,-0.0084667668,0.0173544766,0.0096493144,-0.0034370957,0.0256978434,0.0123393053,0.0339077540,0.0241879477,0.0119916892,0.0323741571,-0.0084816195,0.0240683107,0.0247087903,-0.0059935494,0.0150335300,-0.0193229448,-0.0084931220,0.0123733296,0.0076145659,-0.0084543615,-0.0265214941,0.0015471698,0.0000769247,-0.0310108463,-0.0012477116,0.0259376804,0.0011122068,0.0060554343,-0.0268017397,0.0169444856,0.0124326445,0.0285553720,-0.0047360463,-0.0153095094,0.0272510782,0.0268728014
48.0000000000,-0.0052069913,-0.0035052406,-0.0123390851,0.0081473484,-0.0085504196,0.0092554061,0.0074791475,-0.0183369363,-0.0057125313,-0.0120877770,-0.0120806534,0.0115143148,0.0247706278,0.0281109688,-0.0090862276,0.0158825495,-0.0400158487,-0.0150546370,0.0132865187,-0.0103528718,-0.0091696463,0.0284585545,0.0062439137,0.0066371288,-0.0035973798,0.0054362782,-0.0159664980,0.0066271751,0.0123313383,0.0104947958,-0.0113777386,-0.0059423840,-0.0030150237,0.0111312658,0.0384724237,0.0081354589,0.0416766533,0.0111011643,0.0375466907,0.0162413240,-0.0035030617,0.0018643834,-0.0336075309,-0.0160468699,0.0184339875,0.0176085076,0.0115011665,-0.0122526588,0.0072096861,-0.0153156152,0.0057658500,0.0138480462,-0.0044367042,-0.0261926603,0.0072346713,0.0071231715,0.0036510491,0.0104765623,0.0021294103,0.0096685875,-0.0092655210,0.0171387734,0.0051014543
49.0000000000,0.0063668576,-0.0163408261,-0.0440354422,-0.0004685260,0.0008679423,-0.0036784672,-0.0023565195,0.0148012355,-0.0110882083,0.0093950219,-0.0011859346,0.0160155670,0.0295082902,-0.0100078154,-0.0124086776,0.0192926156,-0.0181092876,-0.0052345898,-0.0050504992,0.0125176470,0.0030050582,0.0061405724,-0.0027357596,-0.0075670434,-0.0087119198,-0.0086615634,0.0008084073,-0.0040307598,0.0093635887,0.0132252676,0.0010005707,0.0184156174,0.0032520622,0.0082588275,0.0088963334,0.0096213532,0.0580613719,-0.0113239479,0.0248751979,0.0134206311,-0.0024089996,0.0402148283,-0.0372908320,-0.0079899691,0.0172592696,0.0116353431,-0.0016849587,0.0005606380,-0.0013939790,-0.0054772202,-0.0091371549,0.0016713933,-0.0105882816,0.0086480847,0.0301552406,-0.0015634864,-0.0190632886,0.0105448726,0.0201241822,0.0109786686,-0.0024203711,0.0164851491,-0.0054565171
50.0000000000,-0.0054229488,-0.0026741508,0.0002080355,0.0117607036,0.0077236110,-0.0220995555,0.0223693297,-0.0087140234,-0.0168590195,0.0217235806,-0.0094578305,0.0150114075,0.0047955044,0.0097800973,-0.0111133550,0.0037104388,-0.0027839773,-0.0295702942,0.0231049231,-0.0270934639,-0.0025151616,0.0116436868,0.0134922171,-0.0276045577,-0.0004065083,-0.0218490336,0.0019893378,-0.0235908330,0.0076224306,-0.0050606450,0.0095245606,0.0035852367,0.0086169068,0.0057317072,-0.0095195509,0.0052950342,0.0226269823,0.0076232025,0.0404291252,0.0160784269,-0.0126395601,0.0059026344,-0.0085718232,0.0057775092,0.0056456454,0.0148278562,-0.0050606634,0.0130773818,-0.0133977293,0.0013471242,-0.0112223265,-0.0018412118,0.0223225874,0.0030280945,0.0236030616,0.0071302773,-0.0110127547,-0.0027168845,0.0151532509,0.0054930702,-0.0025914307,0.0349653748,-0.0067326652
51.0000000000,-0.0137467877,-0.0166997115,-0.0169675055,0.0074731756,0.0040528227,-0.0063864348,0.0162660522,-0.0004836443,-0.0097253969,0.0190874448,-0.0136116879,0.0281957415,0.0170838348,0.0069433403,-0.0099659702,-0.0236345433,-0.0229425407,-0.0078714477,0.0237774042,0.0225065662,0.0128487915,0.0077729755,0.0111132173,-0.0172520607,-0.0284138735,0.0099946304,0.0024708396,-0.0000050152,0.0206513025,-0.0016296907,-0.0154972529,0.0016636354,0.0046190428,-0.0022420685,0.0287877860,0.0008068833,0.0268638170,-0.0114452744,0.0234091968,0.0228290800,0.0101009183,0.0169851012,-0.0063320944,0.0048175492,0.0101173178,0.0227028158,-0.0094153447,0.0021079869,-0.0092262463,0.0040002763,0.0198474052,-0.0088504304,0.0026707780,0.0004241502,-0.0072701593,-0.0175894787,-0.0057173875,0.0153529376,-0.0081054682,0.0114410403,-0.0014369829,0.0121083398,-0.0111685709
52.0000000000,0.0138983876,-0.0035041306,-0.0053241210,-0.0020908182,0.0058486581,0.0038304320,-0.0100450107,-0.0024038414,-0.0026340826,0.0103782647,-0.0019710596,0.0031922306,0.0112477376,0.0075208671,-0.0243300106,-0.0016660152,-0.0273633353,-0.0181348605,0.0000378758,-0.0058410987,0.0129308641,0.0143861805,0.0134082885,-0.0007143574,-0.0052903747,0.0109535042,-0.0047450309,-0.0164605246,0.0104724843,0.0027334201,-0.0104520058,-0.0139466186,0.0315112116,0.0112400712,-0.0074856179,-0.0050362738,0.0107219782,0.0119339868,0.0307008128,0.0201026732,-0.0173083553,0.0136605001,-0.0014399700,-0.0243443262,0.0145093327,-0.0010563204,-0.0050111303,0.0038622382,-0.0167439177,-0.0021209492,-0.0118386693,0.0194039529,-0.0033073085,-0.0260924028,0.0107610343,0.0192275400,-0.0068699765,0.0036643564,0.0040237825,0.0273272575,-0.0169259022,0.0084419995,0.0027024031
53.0000000000,0.0179429328,-0.0009943365,-0.0102541248,-0.0053531885,0.0108002497,0.0129875340,-0.0335488580,-0.0295632938,-0.0037897514,0.0010324274,-0.0012343903,0.0206268977,0.0237225838,0.0389406828,-0.0067828264,-0.0025125642,-0.0516382489,-0.0059322935,0.0078967843,0.0058988217,0.0124355737,-0.0013616916,0.0092757769,-0.0097749579,-0.0373748437,-0.0111952248,0.0100317738,0.0064609112,0.0078025205,0.0034880710,-0.0145262559,0.0055655788,0.0169036685,0.0095569647,0.0123120195,0.0094775763,0.0238819649,0.0044545914,0.0130872362,0.0524148436,-0.0161414466,0.0221033077,-0.0544484743,-0.0180632769,0.0049246884,0.0195804414,-0.0134164354,-0.0156286809,-0.0091034231,-0.0055996779,-0.0221313620,0.0265828250,0.0133142654,-0.0172291617,0.0441975330,-0.0271932041,-0.0080361675,0.0099943985,0.0262948415,0.0047338655,0.0112599124,0.0429496866,-0.0028339694
54.0000000000,0.0073631516,-0.0032234198,-0.0104632654,-0.0139057136,-0.0003183536,0.0067133040,0.0265358589,0.0079029687,-0.0132596492,0.0221572012,0.0045681837,0.0053884441,0.0083403677,0.0129763374,-0.0076413620,-0.0124292422,0.0061564227,-0.0113438354,0.0207993972,0.0036435921,0.0227711717,0.0127879174,0.0213630186,0.0052272610,0.0098313481,0.0163273966,-0.0285911637,0.0113666115,0.0074842795,0.0002392689,-0.0063879340,0.0042354935,-0.0045141489,-0.0119827204,0.0072055903,-0.0081205517,0.0166100365,0.0116076803,0.0062377299,0.0306731220,-0.0115854099,0.0202263701,-0.0024090239,-0.0138869546,0.0159662128,0.0220183436,-0.0134477693,0.0348874511,-0.0239268010,-0.0144757545,-0.0062204118,0.0264177413,-0.0154863965,0.0151896739,0.0382806553,-0.0131978609,-0.0246113388,0.0025612155,0.0182422185,0.0087868580,0.0100790452,0.0249084972,-0.0060050110
55.0000000000,0.0029473194,0.0010198147,-0.0292067302,-0.0128323475,0.0011693188,0.0142198450,0.0179510580,0.0090467638,0.0054805165,0.0142250482,-0.0058370843,0.0174862101,0.0035059276,0.0307114687,0.0071288456,-0.0149201681,-0.0066965373,0.0049151726,0.0351883684,0.0023131408,0.0027675093,0.0048855814,0.0072285909,0.0194444580,-0.0135120005,0.0404024508,-0.0121194121,-0.0161548994,-0.0101127987,0.0157845617,-0.0115617272,-0.0046360574,0.0298820220,0.0344496403,0.0133115848,0.0046309255,0.0071891246,0.0074431373,0.0324712379,0.0158952718,0.0171710465,0.0185870262,-0.0234955402,-0.0080039883,0.0081335803,0.0000978758,0.0019750930,-0.0079798616,-0.0155580288,-0.0128818052,0.0058468356,0.0062381083,-0.0009366027,0.0291501605,0.0370954123,-0.0349441002,-0.0090054642,0.0047490200,0.0563460053,0.0194047732,-0.0073406184,0.0155559745,0.0124664129
56.0000000000,0.0083611765,0.0022815677,-0.0155772163,-0.0048395672,-0.0073778962,0.0042107758,0.0001217744,-0.0038359796,0.0033209711,-0.0013889092,-0.0171133458,0.0236163607,0.0020849934,-0.0035284795,0.0007259733,-0.0126209951,-0.0213349014,0.0085773451,0.0104098456,0.0096722844,-0.0050769115,0.0178994033,0.0187205555,0.0101218358,-0.0077640201,0.0074495278,-0.0103766337,-0.0242763872,0.0143880675,0.0103398081,-0.0201796596,0.0200989275,0.0105502085,-0.0147818204,0.0134764805,-0.0092358117,0.0108649407,0.0008638537,0.0058473720,0.0088863923,0.0071737102,0.0395651855,-0.0265208718,-0.0164838696,0.0081477917,0.0172207752,0.0241529633,-0.0174908622,-0.0224293936,0.0048666060,0.0059263866,-0.0107355154,0.0125251458,0.0139314424,0.0279370643,-0.0399244479,0.0013780190,0.0006898254,0.0166905053,0.0173055524,-0.0104342731,0.0233645669,-0.0077420266
57.0000000000,0.0021444666,-0.0033001768,-0.0225706761,-0.0076861580,0.0020341467,-0.0110444509,0.0016981203,0.0088683500,0.0098060959,0.0042774517,0.0032806444,0.0062379392,0.0420950564,-0.0067743125,-0.0089708971,-0.0081902555,-0.0215909740,-0.0157070800,0.0102492984,-0.0108630802,-0.0018303484,0.0142692293,0.0189856825,0.0040947646,0.0030640943,-0.0165512144,0.0057733991,-0.0037320755,0.0013373567,0.0194140049,-0.0043864809,0.0101273358,0.0153031740,0.0178952960,0.0100600343,-0.0124431368,0.0222493734,-0.0028748522,0.0319629037,0.0057909653,-0.0076368438,0.0186591923,-0.0266634552,0.0076428656,-0.0056599191,0.0110487141,-0.0008209642,-0.0178186549,-0.0037979465,-0.0107999736,0.0025778066,0.0048272645,0.0214109456,0.0179020059,0.0047719535,-0.0079748094,-0.0066297087,-0.0106892628,-0.0020514199,-0.0146728022,-0.0031634842,0.0154552522,-0.0071491968
58.0000000000,-0.0056506929,-0.0131968235,-0.0058183914,-0.0018808557,0.0026839989,0.0030159701,-0.0028689561,0.0020889858,-0.0037578233,0.0109508054,-0.0151606505,0.0140000189,0.0146742781,-0.0014620333,-0.0110306229,-0.0135052548,0.0033883983,-0.0038885962,-0.0071387813,0.0012423869,0.0006786572,0.0190646832,0.0219920496,-0.0166362761,-0.0067582924,0.0166929710,0.0049919228,-0.0197600378,0.0100778648,-0.0059480748,-0.0114931178,0.0085554072,-0.0035060100,0.0024945037,0.0224070288,-0.0394058324,0.0209126646,-0.0083738540,0.0106898967,0.0315626258,-0.0099485680,0.0096652532,-0.0262600748,-0.0326097409,0.0071519231,0.0036296512,-0.0099772200,0.0013688409,-0.0069346889,-0.0047647848,-0.0232827657,0.0065625711,0.0357359913,-0.0140705944,0.0394787455,0.0142239340,0.0122584291,0.0101014309,0.0122378299,-0.0121297126,0.0202458781,0.0039314892,-0.0246978972
59.0000000000,-0.0074071172,-0.0055981726,-0.0176947031,-0.0126587339,0.0028186365,-0.0055527656,-0.0022027744,-0.0202281222,-0.0058276166,0.0134445582,-0.0130198516,0.0044554421,0.0048752796,0.0133951185,-0.0340612450,-0.0119096453,-0.0206868981,-0.0089582156,0.0353419415,0.0027275720,0.0097981031,0.0270478355,0.0151155890,0.0123547032,-0.0095285033,0.0039765401,-0.0097923539,-0.0065208883,0.0087651585,0.0251802489,-0.0103400047,0.0239668720,0.0073225981,0.0182235807,-0.0012990756,0.0182496219,-0.0013310753,-0.0032303415,0.0153523685,0.0402583322,0.0055925146,0.0087532875,-0.0245891841,-0.0162795494,0.0043168442,-0.0053040774,0.0007545400,-0.0051960014,-0.0070998193,0.0168943955,-0.0167997307,0.0177530972,0.0043440894,-0.0057859686,0.0056075346,-0.0106078128,0.0067766059,0.0398501164,0.0169720870,0.0127050465,-0.0175747878,0.0100083299,-0.0250094659
60.0000000000,0.0051935090,-0.0079066169,-0.0157595730,-0.0046091654,0.0016061452,-0.0168274878,0.0047710441,-0.0040416966,0.0071653645,0.0116887433,0.0047106703,0.0224473897,-0.0113464908,0.0082550015,-0.0014393702,-0.0044148985,-0.0154073498,-0.0096062104,-0.0064641781,-0.0080592302,-0.0023229581,0.0040990395,0.0258509862,0.0088303925,-0.0026551527,0.0051833412,-0.0265177958,-0.0050317728,0.0307723724,0.0171632914,-0.0102477849,0.0032713907,0.0095451511,0.0058553175,-0.0041360304,0.0116321315,0.0282256908,0.0304472761,0.0174636473,0.0128146869,-0.0060019486,0.0069972035,-0.0185366245,-0.0069589425,0.0023902474,0.0068611684,-0.0060436772,-0.0118814313,0.0052174562,0.0060018174,0.0016395722,-0.0102598386,0.0060871665,-0.0157363319,0.0181935290,0.0021379340,0.0135358167,0.0258512119,-0.0152965376,0.0213316822,0.0026999858,0.0212598012,0.0074940170
61.0000000000,0.0119074378,0.0065344721,-0.0063738088,-0.0008891909,0.0004454159,-0.0095128060,0.0169053426,-0.0100726603,0.0066373912,0.0025322554,0.0063206298,0.0112216758,0.0118859644,0.0049410384,-0.0049556833,0.0108410552,-0.0373418076,0.0004788730,-0.0084570183,0.0035678964,0.0125559934,0.0170883871,0.0054301904,0.0116449446,-0.0255833849,0.0075253767,0.0029933319,-0.0105101126,0.0109279348,0.0137586681,-0.0190165650,0.0142466391,0.0068104590,-0.0110369342,0.0003827609,0.0122619913,0.0368145785,0.0076019301,0.0133504118,0.0160362117,0.0050013089,0.0131371255,-0.0126379291,0.0007217839,0.0076433503,0.0045469205,-0.0146663331,0.0216453269,-0.0237767187,-0.0034890851,-0.0070031107,0.0077874660,0.0158228795,0.0156087336,0.0293371884,0.0088369685,-0.0116343798,0.0046888969,0.0202743294,0.0126468114,-0.0025399740,-0.0161197537,-0.0125182494
62.0000000000,0.0020286293,-0.0059031939,-0.0175709197,0.0089795149,-0.0042608456,-0.0062385509,-0.0056420229,0.0131778338,-0.0050711212,0.0172242612,0.0033769145,0.0155889044,-0.0060522455,0.0260381807,0.0024240546,0.0009251139,-0.0328151743,0.0078596407,0.0087285024,0.0062787244,-0.0000006583,0.0420052903,0.0324254351,0.0100831724,-0.0175332170,-0.0007252434,-0.0231677463,-0.0205633305,0.0009677874,0.0227606390,-0.0182547662,0.0206382770,0.0133504972,0.0169172457,0.0089824265,-0.0142280121,0.0387299367,0.0065136467,0.0265225269,0.0387825343,-0.0058059955,0.0209253571,-0.0170294965,-0.0159802914,0.0119352172,0.0295547099,-0.0091479378,-0.0105238124,-0.0126996429,-0.0017133561,-0.0224292654,-0.0108131264,0.0081882197,-0.0052893680,0.0348733201,0.0020128387,0.0041509283,0.0232161111,0.0401890517,0.0210282744,-0.0016626159,0.0350598218,0.0141149417
63.0000000000,0.0222913397,-0.0103708658,-0.0307166279,-0.0022635260,-0.0088232548,-0.0182326348,0.0060154340,-0.0305605323,-0.0206316397,-0.0021861649,0.0043472793,0.0363260838,0.0272730253,0.0017115249,-0.0025449885,0.0065811440,-0.0201591924,-0.0100327426,0.0181504894,0.0002972308,0.0081136195,0.0211781909,0.0287446417,-0.0092563232,-0.0112260744,0.0098189320,0.0069403988,-0.0162706945,0.0122015995,0.0565427731,0.0065023256,0.0124598942,0.0027714486,0.0275508441,0.0281493330,-0.0199819645,0.0454023050,0.0006482232,0.0409817265,0.0425711689,-0.0067045648,0.0290680482,-0.0281126764,-0.0316195214,0.0164938374,-0.0020214183,0.0080219598,0.0012871932,-0.0149471837,0.0016601448,-0.0062174374,0.0162346228,0.0212707131,-0.0122378931,0.0455975346,-0.0057285840,-0.0043641115,-0.0079069325,0.0281455909,0.0228030229,-0.0079241172,0.0333139759,-0.0013203923
64.0000000000,0.0059717033,-0.0335106897,-0.0286226261,-0.0142297667,0.0141840902,-0.0038683069,0.0004098799,-0.0199671080,0.0022799264,0.0058809342,-0.0002615475,-0.0247278580,0.0069216270,0.0202947527,-0.0045454491,-0.0034227253,-0.0354407014,-0.0046175760,0.0082515071,0.0191325694,0.0011102547,0.0169972054,0.0016103032,-0.0097757294,0.0084737842,-0.0020214383,-0.0111854920,-0.0007163957,0.0049980806,0.0095091666,0.0141278517,-0.0048969083,0.0207571016,-0.0094419495,0.0107710470,0.0154642981,0.0125977375,0.0281465460,0.0357467468,0.0208159148,-0.0082745175,0.0402386303,0.0017894251,-0.0004139781,0.0134135894,0.0135341902,0.0039730052,0.0018995801,0.0034806879,-0.0034384903,0.0011706343,0.0046686311,0.0109133952,-0.0188303307,0.0087676951,0.0219226112,-0.0019641971,0.0062024067,0.0009321926,0.0110821717,0.0053917042,0.0178909574,-0.0049098087
65.0000000000,0.0219864589,-0.0278978185,-0.0239360522,0.0041431416,0.0189369961,-0.0217470602,0.0085053698,-0.0095944511,-0.0175357778,0.0119855486,-0.0019941982,0.0083689506,0.0185454324,0.0070023122,-0.0234429824,-0.0094570446,-0.0403566718,0.0000262353,0.0049999216,-0.0084014300,0.0043027259,0.0220815947,0.0013424289,0.0158356600,-0.0024244443,0.0056117675,0.0074078915,0.0008644406,0.0350318848,-0.0027660589,-0.0129515354,0.0050182121,0.0021494242,0.0252010922,0.0080828619,-0.0267477271,0.0515166841,0.0260175543,0.0341069996,0.0260733409,-0.0195553668,0.0305243352,-0.0175678476,-0.0036551881,-0.0052206853,0.0213026477,0.0059424626,0.0101247672,-0.0158088638,-0.0103687683,-0.0140853232,0.0011952108,-0.0195239714,-0.0176566598,0.0296854392,-0.0157465364,-0.0277268243,0.0093798161,0.0302113869,-0.0074222135,0.0091321493,0.0406714260,0.0012936951
66.0000000000,0.0007262157,-0.0075716419,-0.0022138027,0.0165305876,-0.0086725257,-0.0225815564,0.0066961176,0.0028024596,-0.0004755159,0.0059711119,-0.0087028580,0.0152450980,0.0076848510,0.0174601311,-0.0071881636,-0.0224486390,-0.0037511323,-0.0118333637,0.0118619160,-0.0039178521,0.0123884943,0.0144946834,0.0173767958,-0.0104469464,-0.0229621457,-0.0180563341,0.0034291040,0.0164077944,0.0012655053,-0.0043141372,-0.0061345342,0.0089022103,0.0108673750,-0.0265577866,0.0014960165,-0.0006325620,0.0386287997,0.0028103260,0.0059130948,0.0277513209,0.0229641700,0.0228252195,-0.0171645908,-0.0328367536,0.0075410990,-0.0060776776,-0.0012365772,0.0043064693,0.0085440928,-0.0095292235,-0.0151827475,-0.0030208032,0.0059256060,0.0066802958,0.0158838331,0.0063244805,-0.0158775081,0.0103073746,0.0214288476,0.0170372070,0.0076551157,0.0215989433,0.0057326842
67.0000000000,0.0096319225,-0.0461730145,0.0005646254,0.0090533379,-0.0180732657,-0.0010465068,0.0100165319,-0.0043087834,-0.0042014906,-0.0071889938,-0.0075224875,0.0002167033,0.0052305540,-0.0068274901,-0.0177644092,-0.0107803572,0.0070561296,0.0100058779,0.0198290180,-0.0115071836,-0.0054097393,-0.0069489088,-0.0025418448,0.0171305780,0.0058048014,0.0068820766,0.0147855964,-0.0127213427,0.0171165025,0.0081081237,-0.0026893854,-0.0067546870,0.0099370108,0.0036234463,0.0110160514,0.0013736086,0.0206610105,-0.0149273571,0.0159137598,0.0491228756,0.0122785937,-0.0044743264,-0.0147896359,0.0109118577,-0.0040640957,0.0152146550,0.0053944630,-0.0215002720,-0.0073232461,0.0074038009,-0.0000746791,-0.0090486037,-0.0046816990,-0.0045185891,0.0076537770,0.0153888451,-0.0112563837,0.0141519187,0.0210654244,0.0236023589,-0.0234853970,-0.0079249360,-0.0146853402
68.0000000000,0.0281309273,-0.0047624140,0.0047159385,-0.0135339640,-0.0068616347,-0.0033170431,0.0235803141,-0.0089795747,-0.0114523276,0.0090133366,-0.0050198463,0.0172280661,0.0109490051,0.0005675186,0.0158362959,0.0055869410,-0.0233157826,-0.0277331907,0.0091168630,-0.0062031740,0.0124741646,-0.0054365407,0.0028595042,0.0119441941,-0.0182968847,0.0118419533,0.0066388099,-0.0196584742,-0.0237372479,0.0250047511,0.0075720411,0.0024788058,-0.0014186369,0.0185138778,-0.0061695730,-0.0207359895,0.0237416092,-0.0066484830,0.0192550200,0.0194248258,0.0216554115,0.0023804096,-0.0119120837,-0.0240408714,0.0077949886,0.0074212149,0.0028733817,-0.0106978827,0.0085499045,-0.0369627544,0.0021724385,-0.0097498128,-0.0075695436,0.0089662623,0.0105085164,-0.0068988332,0.0091162091,-0.0031433925,0.0097836830,-0.0057637729,-0.0063084321,0.0025327863,-0.0074364790
69.0000000000,0.0093271715,-0.0097161328,-0.0237080133,-0.0207059923,0.0080281652,0.0098535356,-0.0004749328,0.0091417941,-0.0001175616,0.0101575134,0.0003270345,-0.0176111199,-0.0050812024,0.0116104408,-0.0102412714,0.0050973458,-0.0158843878,0.0050321422,0.0241784254,-0.0129382754,-0.0013721477,0.0033955556,0.0043447225,0.0120445842,0.0053504047,-0.0004227437,-0.0014044120,0.0007343249,-0.0089007344,0.0078279047,0.0061181410,-0.0033832403,0.0122833246,0.0067415161,-0.0031646420,0.0002004846,0.0146493782,-0.0010791961,0.0139416446,0.0139881331,0.0132313762,-0.0043080130,-0.0123890423,0.0110848384,0.0256183360,0.0195422525,-0.0223371293,0.0046548558,-0.0048361993,-0.0114353974,-0.0075987256,0.0215937289,0.0142180942,-0.0201962245,0.0414984557,0.0188758651,0.0104602450,-0.0092673592,0.0262916467,0.0103167684,0.0145312199,0.0040305769,0.0196930458
70.0000000000,0.0121226290,-0.0029698745,-0.0054339149,0.0161138306,0.0161655915,-0.0205039774,0.0032642936,-0.0250121075,-0.0013910119,0.0250791104,-0.0148527267,0.0221807529,0.0285516591,0.0061506203,-0.0072328154,-0.0051982439,-0.0170111804,0.0042615364,-0.0208408143,-0.0068526048,-0.0042861043,0.0232734931,0.0155464909,-0.0080426250,-0.0005091936,0.0067780627,0.0033861960,-0.0021737077,0.0007066212,0.0234279434,-0.0013382866,0.0133440169,0.0100777715,0.0192353087,0.0107285690,-0.0031683530,0.0228523033,0.0210640895,0.0084302193,0.0080163243,-0.0147243677,0.0218907370,-0.0194867319,-0.0027841322,0.0067585877,0.0174774485,-0.0079710209,0.0307197998,0.0016623862,-0.0048868170,-0.0044733341,0.0017997389,-0.0038548234,-0.0205067044,0.0151556956,-0.0096981859,-0.0008918277,0.0039444277,0.0293517986,0.0021621433,0.0105990982,0.0117138162,-0.0134925674
71.0000000000,-0.0092517337,-0.0017931833,-0.0041108543,0.0162428684,-0.0049893441,0.0080960876,0.0111750701,-0.0064583781,-0.0118847375,-0.0067546637,-0.0065813544,-0.0020018981,0.0225512133,0.0143506351,-0.0072277874,0.0066737024,-0.0002546781,-0.0116284122,0.0014444938,-0.0073231992,0.0111650213,0.0160141201,0.0248794356,0.0105526142,-0.0119904632,0.0003499408,0.0011078532,0.0115223982,0.0118735671,0.0020275285,-0.0022542842,0.0353793626,0.0092241345,0.0238752415,0.0344372208,0.0093086901,0.0378804007,-0.0086148623,-0.0096424296,0.0126422145,-0.0026526292,0.0187037033,-0.0218189242,-0.0304477204,-0.0046798099,0.0056343487,-0.0205071353,-0.0079648557,-0.0039496007,-0.0003794143,-0.0165200792,0.0146935741,0.0073946982,0.0105958766,0.0234114861,-0.0209739740,0.0147775413,0.0059319070,0.0042575605,0.0036743094,-0.0222938745,0.0245494416,-0.0049628994
72.0000000000,0.0123669722,-0.0136500117,-0.0016530332,0.0090466308,0.0119115728,-0.0170824911,-0.0078020336,-0.0167713710,-0.0140979894,0.0476224229,-0.0036310996,0.0145967205,0.0159499051,-0.0185628410,0.0111365868,0.0098964117,-0.0287092719,-0.0060027243,0.0206177850,-0.0055605968,0.0022521379,-0.0105018612,0.0366480198,-0.0103321132,0.0042522356,0.0269367528,0.0173368585,-0.0042078538,-0.0101068325,0.0420031675,-0.0159359480,-0.0043984283,-0.0077218586,-0.0019955446,0.0179064366,0.0015556965,0.0291281324,-0.0044857925,0.0233518877,0.0242018821,-0.0010780917,0.0324162818,-0.0316097681,-0.0258752031,0.0367456037,0.0251175796,0.0073688343,-0.0229568338,0.0109988159,-0.0106779638,0.0032968841,0.0067956356,0.0282741364,0.0113619875,0.0329778323,0.0004187964,-0.0006833203,-0.0040793111,0.0329760602,0.0367023250,-0.0113360670,0.0286624130,-0.0031659305
73.0000000000,0.0089863407,0.0132255514,-0.0082444667,-0.0120954982,-0.0003329480,-0.0087635140,0.0264096550,-0.0060384190,-0.0173296483,-0.0077484151,-0.0057477666,0.0110535456,0.0079593726,0.0039104474,0.0052182479,-0.0141690911,-0.0198928987,-0.0209446288,0.0103850267,-0.0018641274,0.0126179129,0.0218405839,0.0060520990,-0.0042335683,0.0048414991,-0.0063403730,-0.0347142387,-0.0018238861,0.0128440825,0.0302759346,-0.0050224632,0.0284528608,-0.0052464514,-0.0099789186,0.0078465328,0.0095397289,-0.0019435907,0.0003231314,0.0194572056,0.0438207424,-0.0016847059,0.0034068217,-0.0177061633,-0.0142131848,0.0059810759,0.0138419634,-0.0052532197,0.0134518860,-0.0171377861,-0.0156787051,-0.0176587412,0.0055831728,-0.0081552582,0.0024049127,0.0037090637,-0.0127701905,-0.0238567363,-0.0024675238,0.0315212066,0.0087358467,0.0007709293,0.0163842497,0.0064211000
74.0000000000,0.0184039571,0.0048519791,-0.0172936278,0.0123831632,0.0012442281,-0.0107280713,-0.0033395361,-0.0023818438,-0.0064686134,-0.0005904333,0.0008618073,-0.0015333714,0.0292928619,0.0375636120,-0.0003231664,0.0007889580,-0.0237558979,-0.0230385232,-0.0051414854,-0.0225671822,0.0002679893,0.0066037082,0.0056067515,0.0076529896,0.0125447751,0.0074767831,-0.0029951582,0.0025869481,-0.0129324602,0.0122593106,-0.0113707422,0.0147294813,0.0162038592,0.0266462043,0.0181508096,-0.0036351191,0.0146277326,-0.0001622295,0.0074896298,0.0153861715,-0.0088563245,0.0180459718,0.0045725592,-0.0193279137,-0.0000822545,0.0103396310,0.0004085368,0.0010136820,-0.0093735787,-0.0050195700,0.0064128564,0.0131926444,0.0129027766,-0.0059122162,0.0124359205,0.0076994922,-0.0167223794,-0.0101951252,-0.0005562841,0.0128072430,-0.0091052371,0.0178113405,-0.0089331167
75.0000000000,0.0045569521,0.0168742650,-0.0310739660,0.0113657013,-0.0212025478,-0.0162430234,0.0060489417,-0.0031070858,-0.0063334227,-0.0038140146,-0.0152629341,0.0290962701,0.0056129231,0.0118815306,-0.0100136146,-0.0271310726,-0.0229449870,-0.0073170228,0.0042000467,0.0023734609,-0.0148379240,0.0206435871,0.0197866031,-0.0016782421,-0.0088640980,0.0171315833,-0.0159972101,-0.0111811810,0.0235536023,0.0040514074,-0.0338332484,0.0002885360,0.0251737871,0.0005446480,0.0254553058,-0.0131122887,0.0273954140,-0.0100837193,0.0112221341,0.0128878997,0.0085661750,0.0295772916,-0.0148456710,0.0012486366,0.0087987127,0.0370652320,0.0164182654,-0.0025918461,-0.0024105454,-0.0008420879,-0.0068962823,0.0135629764,0.0162809598,0.0087963705,0.0290983524,-0.0087756917,0.0017462032,0.0125374175,0.0049983341,0.0134818911,-0.0034191906,0.0081734589,-0.0054591288
76.0000000000,-0.0043456819,-0.0087947683,0.0035698376,-0.0106912913,0.0087390741,0.0113161262,0.0059391447,0.0014844253,-0.0135859518,-0.0076863903,-0.0022379460,0.0031370211,0.0241013650,0.0058761089,0.0148070297,-0.0079653214,-0.0020997053,-0.0001647607,0.0014528443,-0.0040013613,-0.0057065475,0.0140338192,-0.0132621329,0.0195503814,-0.0030209167,0.0069015055,-0.0122776559,-0.0310834148,0.0209127255,-0.0030759120,0.0103395786,0.0139960070,0.0066879663,0.0025161912,0.0054387817,0.0078438472,0.0296088843,0.0231494054,-0.0043551976,0.0003823427,-0.0249094227,0.0109084877,0.0092083140,-0.0102235431,-0.0142029356,0.0089464644,0.0062416939,0.0211087496,-0.0093739318,-0.0227169956,0.0003952985,-0.0108722384,-0.0032081312,0.0210893508,0.0128846134,0.0048238672,-0.0015078524,0.0134273380,0.0086475153,0.0080867383,0.0138167065,-0.0140584418,-0.0064596044
77.0000000000,0.0047484854,0.0095647212,-0.0181043935,0.0020833336,0.0084397117,-0.0137686823,-0.0154471166,-0.0164476057,-0.0082243838,-0.0126452222,0.0057127757,0.0102345121,-0.0113154989,0.0120181799,-0.0118048651,-0.0095272836,-0.0071423919,-0.0040853064,-0.0011265392,0.0010116046,0.0015514393,0.0214134253,0.0285164291,-0.0069120033,0.0045710088,0.0046087517,0.0033433062,0.0183544001,0.0018774095,0.0249820809,-0.0254415601,0.0064296694,0.0349185813,-0.0001614292,0.0118989280,0.0041428611,0.0314297688,0.0030793868,0.0157109411,0.0257514781,0.0062337699,0.0253677925,-0.0050715110,-0.0098051505,0.0107608307,-0.0194490597,-0.0086914765,0.0024963420,0.0030498299,-0.0251281302,-0.0080036586,0.0161898090,-0.0018958843,-0.0021806398,0.0208658795,0.0157328083,-0.0045658240,-0.0045051449,0.0233326603,-0.0006489260,-0.0001182421,-0.0003982707,0.0157094950
78.0000000000,0.0150651880,0.0338177184,-0.0066577323,0.0036586419,-0.0109262192,-0.0119866276,0.0499958807,-0.0193331434,0.0005787553,0.0019066587,0.0046913727,0.0063413760,-0.0051483273,-0.0012970346,-0.0019596091,-0.0000805502,-0.0220587453,-0.0099916738,0.0084226618,0.0109881456,0.0181000797,0.0284242591,0.0290524637,-0.0118270228,-0.0109333641,-0.0133463645,-0.0056689010,0.0106763238,-0.0259159493,0.0246192738,-0.0027608268,0.0011757411,0.0072849723,-0.0136848789,0.0042320590,-0.0110326424,0.0243468931,0.0122490789,0.0225957483,0.0391311933,0.0049569508,0.0291202101,-0.0091497857,-0.0226156687,0.0147868916,0.0135795569,0.0065194327,0.0009030772,-0.0094983389,-0.0106746237,-0.0051661997,-0.0058536324,0.0067186874,-0.0177571705,0.0305184400,-0.0083470263,-0.0093014767,0.0023130608,0.0087614006,0.0054557611,-0.0005625704,0.0159590546,-0.0121563658
79.0000000000,0.0261784401,-0.0119459279,0.0094366114,-0.0042730327,0.0064756208,0.0069984595,-0.0120261496,0.0026677356,-0.0082450712,0.0019297347,-0.0046957161,0.0060406876,0.0273490501,0.0111695709,-0.0130199423,0.0172899869,0.0103814524,-0.0107423153,0.0220231165,-0.0119876197,0.0101686003,-0.0009037434,0.0393417978,-0.0104581320,-0.0016704008,0.0182367960,0.0080478794,0.0084774188,0.0001225675,0.0190553044,0.0174291525,0.0119471506,0.0230719035,-0.0042445523,0.0036836568,0.0087262901,0.0094562287,-0.0286155715,0.0213769122,0.0095118754,-0.0077846844,0.0201480903,0.0087431125,-0.0124865496,-0.0080000307,0.0009124286,-0.0007657491,-0.0047742046,-0.0070128426,-0.0103144006,-0.0050900691,-0.0056647523,0.0110516334,-0.0054393072,-0.0097315503,-0.0168808397,0.0059163069,0.0046857941,0.0172089292,0.0029148285,0.0037525800,0.0366368375,-0.0239282602
80.0000000000,0.0062230834,0.0085625804,-0.0124533300,0.0023950260,0.0021749725,-0.0097408529,0.0104222396,-0.0119668415,-0.0102017471,0.0124418007,-0.0018908032,0.0071099795,0.0222468046,0.0140792952,-0.0056152635,-0.0082237732,-0.0238186055,-0.0089163905,-0.0028579880,-0.0035232321,-0.0219208806,0.0138853466,0.0064212607,0.0285051295,-0.0133528678,0.0036983876,-0.0171112828,-0.0070729325,0.0103323666,0.0143966348,-0.0138013810,0.0141302333,0.0183553642,0.0006229653,0.0233746544,0.0022634717,0.0190467904,0.0151543218,0.0250827849,0.0281831671,-0.0312793376,0.0346541362,0.0025889364,-0.0175117459,0.0156063386,0.0275644493,0.0038785461,0.0005704171,-0.0023559213,-0.0052969369,-0.0079560231,0.0152673503,-0.0143346804,-0.0416318914,0.0398226174,-0.0148595547,-0.0218866849,0.0207899967,0.0446231107,0.0359057622,0.0024246054,0.0191887329,0.0027996984
81.0000000000,-0.0299266519,0.0233364363,-0.0033883161,0.0059340410,-0.0001958250,-0.0020004189,0.0070604901,-0.0162712912,-0.0207758621,-0.0038959855,0.0203223267,-0.0069089760,0.0154704673,0.0041910181,-0.0031642949,-0.0089764216,-0.0271714580,0.0029731002,0.0212531901,-0.0011183471,-0.0090060474,0.0283404054,0.0082919120,0.0137927438,-0.0067994508,-0.0164429477,0.0013759714,-0.0037992966,0.0100346034,0.0035871835,-0.0279197410,0.0221879914,0.0192176433,0.0170053703,0.0238427716,0.0084182300,0.0135595305,0.0079588053,0.0341669889,0.0170504944,-0.0168040575,0.0083864176,0.0020649529,-0.0143610429,0.0040429143,0.0289557571,0.0038409641,-0.0000447277,-0.0045001097,0.0018389236,-0.0174734529,0.0329534518,0.0163533713,-0.0025446483,0.0050792482,-0.0294562094,-0.0015989410,-0.0003197960,0.0166444384,0.0080011578,-0.0011748223,0.0068686814,0.0010906170
82.0000000000,-0.0142454527,0.0142905129,-0.0005391238,0.0037191329,-0.0058135288,-0.0254286868,-0.0069504500,-0.0055861236,0.0101623518,0.0059457262,-0.0237881906,-0.0057646915,-0.0018207589,0.0251513810,0.0026896874,-0.0239339624,-0.0116898335,-0.0062968526,0.0135018816,-0.0019733755,0.0034777331,0.0050650830,0.0006248886,0.0069019317,0.0003263206,0.0041339289,0.0033301682,-0.0215877001,0.0047107437,-0.0205919378,-0.0123636743,0.0049870569,0.0047660305,-0.0135817674,0.0029235270,-0.0012855395,0.0101369528,0.0136497039,0.0121304830,0.0131376679,-0.0026586374,0.0290745941,-0.0021775965,-0.0155103210,0.0002915867,-0.0066967760,0.0050517683,0.0204302858,-0.0080849831,0.0166504114,0.0080445841,0.0033022204,0.0005541837,-0.0051310947,0.0159033208,0.0004807601,0.0120508606,0.0216808928,0.0076919470,-0.0003024168,0.0111617183,0.0206951439,-0.0027596329
83.0000000000,-0.0113752078,0.0060630878,-0.0154901006,0.0231359331,0.0124291708,-0.0033466402,0.0043943014,-0.0214234131,0.0134792330,0.0178095294,0.0021449541,0.0052066826,0.0228799463,0.0284368132,0.0011958759,-0.0221603258,-0.0328751446,0.0081343524,0.0124949022,-0.0184422065,0.0003188801,0.0153916194,0.0311225950,0.0031279885,-0.0158107691,-0.0002697342,-0.0103860598,-0.0133268369,0.0269413351,0.0078906263,-0.0164866697,0.0113705930,0.0042018277,-0.0051633539,0.0281773884,0.0202828015,0.0335726069,-0.0232321971,0.0125254721,0.0262638288,-0.0066301031,0.0230150130,0.0067233191,0.0116632639,-0.0013973872,0.0128004782,-0.0056599323,-0.0193214220,-0.0135328706,0.0052182768,0.0233759618,-0.0066022789,-0.0226967445,0.0163013588,0.0318333372,-0.0114436755,-0.0056781631,0.0036460863,0.0325683486,0.0242401218,-0.0088853336,0.0349423899,0.0111558049
84.0000000000,0.0125539174,-0.0110968269,-0.0211859496,0.0106559162,-0.0078123231,-0.0133221837,-0.0113709332,-0.0226396658,-0.0196388984,0.0153564131,0.0064996266,0.0303397379,-0.0010351161,0.0123404981,-0.0464799152,0.0035915945,-0.0222582511,-0.0341854489,0.0060532684,0.0059278945,-0.0054244391,0.0350213554,0.0108940148,0.0000354053,0.0209192410,0.0059925585,-0.0020326269,0.0060221194,0.0231431892,0.0174452360,-0.0273479344,0.0224168376,0.0187098530,-0.0061498399,0.0110040403,-0.0002107256,0.0476499128,-0.0039117314,0.0052855587,0.0173058743,0.0075121017,0.0224371556,-0.0221809636,-0.0148340061,0.0335244841,0.0302891870,-0.0022833899,-0.0009518795,-0.0114365323,-0.0006664929,-0.0301366512,0.0082905058,-0.0092254296,-0.0289734366,0.0208600655,-0.0125224036,-0.0258884939,0.0131657104,0.0174686198,0.0217160626,-0.0037961335,0.0233521496,0.0004775888
85.0000000000,-0.0023120285,-0.0170838030,-0.0044250113,-0.0307217750,-0.0098789119,0.0047372374,-0.0080188286,-0.0310622646,-0.0102956658,0.0000671448,-0.0152594903,0.0076046519,0.0233225144,0.0156155195,-0.0106145232,0.0050711121,-0.0276526547,-0.0288639308,0.0048794736,-0.0001903364,-0.0103147922,0.0221326389,0.0145544766,0.0139481571,-0.0197837992,-0.0035884301,-0.0058350997,0.0089637618,0.0157375610,0.0209096246,-0.0213445459,0.0124692359,0.0219890856,0.0048795372,-0.0150370417,-0.0162289773,0.0086418373,-0.0004443033,0.0214903030,0.0305051731,-0.0034321839,0.0138071941,-0.0072615419,-0.0256274940,0.0153180410,-0.0072860250,-0.0167275958,0.0042698560,-0.0123854220,-0.0188318506,0.0160755095,-0.0121421331,0.0277871254,-0.0135623474,0.0014153453,-0.0231485804,-0.0056944018,0.0139984391,0.0305742975,-0.0111753924,-0.0013508974,0.0196750845,-0.0132161422
86.0000000000,-0.0024665536,0.0082363109,-0.0188108395,-0.0032557298,0.0016858054,-0.0184518317,0.0156079721,-0.0087219497,-0.0043554547,0.0239717085,0.0088140974,0.0129409386,0.0374337510,0.0051818772,-0.0094853602,-0.0001465915,-0.0255891765,-0.0169949860,0.0225964246,-0.0264822255,0.0130669607,0.0073193928,0.0093481335,0.0069992692,0.0060380521,0.0153375553,0.0049990843,0.0093636074,0.0118020815,0.0224232993,-0.0022187545,0.0205515469,0.0130635978,-0.0122875684,0.0045856677,-0.0074935631,0.0488671210,-0.0017037013,0.0351747640,0.0233260217,-0.0138723469,0.0177731115,-0.0305882377,-0.0291764621,0.0186047768,-0.0000868266,-0.0146420070,0.0097629277,-0.0071210156,0.0022316160,-0.0106388637,-0.0155468746,0.0075623594,0.0079776860,-0.0075242823,-0.0067309624,-0.0129672481,0.0149775373,0.0099925658,-0.0066130146,-0.0232708324,0.0159393226,-0.0032336511
87.0000000000,-0.0090668812,-0.0193623457,-0.0163514382,-0.0010308015,0.0101512920,-0.0182487368,0.0052546241,0.0090659579,0.0046130948,-0.0219842856,0.0104391341,-0.0097610468,-0.0009731512,0.0009186996,-0.0312615372,-0.0161063816,-0.0195584666,-0.0184123727,0.0122784980,-0.0106343106,0.0019849451,0.0298005273,-0.0064034483,0.0004420759,-0.0242464440,0.0007942659,0.0058032597,0.0028748959,-0.0095468237,0.0051431005,-0.0008337555,0.0132846325,-0.0032384550,0.0122637301,0.0301673461,-0.0436280507,0.0048213645,-0.0033426802,-0.0002423823,-0.0135286348,-0.0004688566,0.0338118471,-0.0315810049,-0.0332943090,0.0189818977,0.0156026690,0.0030563740,-0.0183354858,-0.0075726833,-0.0112720142,0.0006495842,-0.0065428574,0.0001300340,-0.0143768991,0.0262461057,0.0010081092,0.0104906641,-0.0104703813,0.0212548403,0.0273385832,0.0092551062,0.0149716331,0.0120702940
88.0000000000,0.0091195398,0.0129594886,0.0070101466,-0.0153745613,-0.0024987454,-0.0014516152,0.0016008966,0.0062871576,-0.0009351734,0.0014126331,-0.0072059286,-0.0059430729,-0.0016637325,0.0053931957,-0.0149275515,-0.0085766878,-0.0230836706,-0.0091639059,-0.0097129330,0.0017985853,0.0061425146,0.0451377297,0.0241120195,0.0266464428,0.0037338876,0.0025548945,0.0091132915,0.0163096026,0.0316782398,-0.0056575065,-0.0278577687,0.0085237907,-0.0267217241,-0.0136937566,0.0085658671,-0.0070117640,0.0428222447,-0.0142923181,0.0261575869,0.0265117025,0.0117412783,0.0037865953,-0.0125014859,-0.0042625389,0.0070525042,0.0211037491,0.0001120390,0.0260035279,-0.0126826915,0.0024661780,-0.0124076913,-0.0087461396,0.0103263029,0.0071184279,-0.0035161077,0.0047434681,0.0032847373,0.0068754084,0.0073816973,0.0084099908,0.0171137257,0.0134757318,-0.0116842946
89.0000000000,-0.0185562323,-0.0029482608,-0.0098266886,0.0097136027,0.0177793267,0.0005490500,-0.0055566497,-0.0053581118,-0.0199396324,0.0162029059,-0.0075241667,0.0064536356,0.0259833674,0.0009412935,-0.0264163585,-0.0010426220,-0.0146937373,-0.0011432117,0.0048639360,-0.0053186680,0.0165618295,0.0281512825,0.0286569690,0.0183107102,0.0031240016,-0.0062426434,0.0046866227,0.0100725350,0.0066724482,0.0240811301,0.0047936218,0.0139567244,-0.0007848749,0.0142228430,0.0210955961,-0.0068168253,0.0269151395,-0.0129023046,0.0200766143,0.0432079401,-0.0007685966,0.0244601647,-0.0250875152,-0.0022757280,0.0223897906,0.0325597961,0.0056952538,0.0020133896,-0.0023803625,-0.0142371334,0.0021291394,-0.0190451956,0.0073156916,-0.0077497799,0.0293405100,-0.0009425836,-0.0212658841,-0.0103302560,0.0295806785,-0.0042023708,-0.0009527703,0.0134618768,0.0225777067
90.0000000000,0.0004942701,-0.0068032380,-0.0004837630,0.0179370405,0.0078910399,0.0245801493,0.0064636022,-0.0028516702,-0.0093558147,-0.0068435476,-0.0089140993,-0.0241308697,0.0070147582,-0.0095125253,0.0085642038,-0.0184986843,-0.0135950385,-0.0177594719,0.0015293272,-0.0084619372,0.0036193633,0.0367651819,0.0073838391,-0.0019881429,-0.0040117468,-0.0168445613,0.0060306226,-0.0077247798,0.0131515473,-0.0034474049,0.0065250933,0.0268358079,-0.0107666131,0.0011611242,0.0196807662,0.0017050499,0.0191856897,-0.0059475816,0.0149199076,-0.0023667213,0.0206491139,0.0194713412,0.0049334711,-0.0140355640,0.0032161476,0.0197329550,0.0050796702,-0.0026894750,-0.0130587457,0.0009902138,-0.0069631889,0.0045046301,-0.0001137112,0.0011083662,-0.0170721675,0.0058014734,-0.0145312024,0.0029905047,0.0089433386,0.0181909447,0.0143187670,0.0039863089,-0.0094787281
91.0000000000,-0.0013856177,-0.0037297068,-0.0168215654,0.0142289697,-0.0086162578,-0.0094176894,0.0160404172,0.0031214444,-0.0184294936,0.0041987008,0.0011040997,0.0152993459,0.0174022176,0.0089563972,0.0027387703,-0.0185585982,-0.0122722317,-0.0160374332,0.0083112901,0.0061806344,-0.0068593572,0.0327810405,0.0289540663,0.0033060007,-0.0213759544,0.0201146736,0.0000433285,-0.0050745189,0.0175776917,0.0164954376,-0.0156336408,-0.0049080379,0.0015718505,-0.0073830490,0.0228221431,0.0100359344,0.0419054390,-0.0179190775,0.0416281186,0.0273749620,-0.0189794877,0.0012065356,-0.0182525795,-0.0126941217,-0.0063596857,0.0073860177,-0.0146821818,-0.0166788136,0.0161308791,-0.0069718557,-0.0159475901,-0.0034115835,0.0228024561,0.0093229944,0.0297666799,-0.0015604503,-0.0028438997,0.0079887775,0.0164656310,0.0276853535,-0.0039564496,0.0155865335,-0.0054766509
92.0000000000,-0.0125824087,-0.0044449544,-0.0090117134,0.0214413978,0.0048266877,-0.0152090163,-0.0043909356,0.0235563425,-0.0265619480,0.0211389307,0.0118765481,0.0115810405,0.0169002829,0.0085208393,-0.0112180262,-0.0025360459,-0.0355972582,-0.0036712839,0.0059117066,-0.0097822493,0.0039523382,0.0050427147,0.0267530354,-0.0139912691,-0.0172001834,0.0303597870,-0.0120008838,0.0102342912,0.0063734382,-0.0006944711,0.0060546869,0.0068911090,0.0234562055,-0.0211778175,-0.0033999187,0.0056918061,0.0118763076,0.0078519350,-0.0070328213,0.0304938674,0.0008795435,0.0140043848,-0.0147753420,-0.0255893161,0.0178483216,0.0301472254,-0.0019553866,0.0015970171,-0.0061578938,0.0087824930,0.0080719167,0.0294345557,0.0039279188,-0.0135518660,0.0017056218,-0.0035025473,-0.0128079759,-0.0049124036,0.0275284461,0.0265228555,0.0045686192,0.0098203688,0.0133548518
93.0000000000,-0.0057052184,0.0104782783,0.0021419864,-0.0131741551,-0.0064430730,-0.0040103908,0.0005401645,0.0033827601,0.0003864416,0.0006430258,-0.0024263603,-0.0003074595,0.0248514603,-0.0059482740,-0.0219431515,-0.0037135665,-0.0224648904,0.0063310954,0.0308053183,0.0029316385,-0.0020389056,0.0189933856,0.0175831833,0.0172945651,-0.0168481868,0.0248307121,0.0050286520,-0.0171206392,0.0145095395,0.0229185661,-0.0174438660,0.0174209058,-0.0009362608,0.0046385444,0.0217599785,0.0115544427,0.0195369987,0.0060868899,0.0227227151,0.0344426331,0.0145980812,0.0134108680,-0.0093579982,-0.0154608374,0.0014209003,0.0072556482,-0.0166494376,0.0038886493,-0.0030383449,0.0055303294,-0.0055103788,0.0278470853,0.0091812679,-0.0251829495,0.0087938171,-0.0042159561,0.0007770069,0.0008201739,0.0085072843,0.0112881857,-0.0094137466,0.0347854277,-0.0092748026
94.0000000000,-0.0091141525,-0.0175910926,-0.0129806499,0.0056793443,-0.0201679794,-0.0092470619,-0.0051886415,-0.0363250976,-0.0058171384,-0.0022926768,-0.0115726251,-0.0088346922,0.0147724073,0.0046864264,-0.0007579708,-0.0071126532,-0.0327749004,0.0051922647,0.0134123673,0.0111020849,-0.0072972487,0.0106547002,0.0101858161,-0.0074782679,-0.0112120800,0.0019495079,-0.0113135439,-0.0121504317,0.0007292578,-0.0056578678,-0.0124162913,0.0070760699,0.0127452020,0.0024165374,0.0276173120,-0.0063596305,0.0296872062,-0.0069838356,0.0162404627,0.0391288178,0.0172711658,0.0240011759,-0.0175811900,-0.0194069761,-0.0007113005,0.0146765494,-0.0113704178,0.0176753903,0.0051882954,0.0094092547,-0.0074736963,0.0099130230,-0.0033763002,-0.0267769755,0.0135347402,-0.0127899071,0.0067764878,0.0017344535,0.0011987297,0.0056681390,0.0054353534,0.0009650194,0.0003442364
95.0000000000,0.0063263371,0.0066256646,-0.0265896045,0.0040119036,-0.0056232868,-0.0216002512,-0.0160314767,0.0029186276,0.0048211251,0.0221873740,-0.0045944738,0.0091722639,0.0203767696,0.0091421667,-0.0033914974,-0.0098530873,-0.0096321880,-0.0172922130,-0.0048207554,0.0000132941,0.0000538677,0.0367916242,0.0000225064,0.0063684368,-0.0247887520,0.0121304847,0.0242360953,-0.0368574596,0.0362161152,0.0205737415,-0.0001158602,0.0032143150,0.0193270775,0.0224756276,0.0172304137,0.0229858565,0.0349781298,-0.0060773581,0.0177263554,0.0317814466,0.0012825851,0.0300068552,-0.0245683611,-0.0259618610,0.0256741613,0.0129710502,-0.0142929135,0.0000018030,0.0030453389,0.0093790678,-0.0209164534,0.0123798194,-0.0004771859,0.0070112770,0.0106054254,0.0146455246,-0.0188460260,0.0071822582,0.0083051498,0.0135859054,0.0056890481,0.0377606476,-0.0175396928
96.0000000000,-0.0080515985,0.0132392723,-0.0232906276,-0.0021030631,-0.0032151533,-0.0077573937,-0.0059929795,-0.0059999407,0.0052588845,-0.0048827439,-0.0080186485,0.0160553730,0.0002225386,-0.0019810693,0.0053391625,0.0242446172,-0.0172718901,-0.0243120375,-0.0065704758,-0.0006719832,0.0050708573,0.0041418917,-0.0038254987,0.0078904391,-0.0057724416,-0.0058003731,-0.0067609535,0.0093389218,0.0154982611,0.0011955391,-0.0003604024,0.0035936438,0.0043331515,0.0062055152,0.0271838901,-0.0081279857,0.0139091128,-0.0009450946,0.0224601132,0.0039376120,-0.0001109560,0.0072568418,-0.0103605719,-0.0198232012,-0.0176573343,0.0012507934,-0.0048381826,-0.0073028583,-0.0224613334,0.0018858556,0.0010501301,-0.0092889000,0.0077246965,-0.0142104639,0.0061763972,0.0017176071,-0.0053388395,-0.0069102510,-0.0085110712,0.0182902285,-0.0171939828,0.0037340698,0.0065517918
97.0000000000,-0.0026480630,0.0150525954,-0.0283038204,-0.0110475291,0.0005062784,-0.0022863830,0.0081405919,-0.0043495534,-0.0184336307,0.0213309938,-0.0085256004,0.0032095526,0.0018562239,0.0130730803,-0.0115164383,0.0176425703,-0.0140249490,-0.0082153535,0.0113762943,-0.0064943366,-0.0115910013,0.0116113123,0.0120604463,-0.0140274065,-0.0116321380,0.0109894634,0.0112891310,-0.0053302558,-0.0040785169,0.0097135639,-0.0025734337,0.0137488937,0.0003429608,-0.0048461519,0.0296570068,-0.0131674371,0.0236520755,0.0001547688,0.0147714220,0.0134678560,-0.0196412951,0.0193744742,-0.0078604306,-0.0087245776,0.0049938042,0.0064500106,-0.0242761713,0.0052134948,-0.0040284422,-0.0093492101,-0.0100518436,0.0020367392,-0.0075386272,-0.0037403647,-0.0055235443,0.0175492268,-0.0152453008,0.0169434586,0.0320313670,0.0115347933,-0.0050881876,0.0311306369,-0.0156207497
98.0000000000,0.0057697781,-0.0128151033,-0.0101587324,0.0093604057,-0.0071385712,-0.0218368053,-0.0152587275,-0.0203342693,-0.0097122255,0.0148219932,-0.0145229036,0.0001596142,0.0106882954,-0.0123114136,0.0074462145,-0.0138016503,-0.0208836609,-0.0051952478,0.0117270091,-0.0337273653,0.0153678939,-0.0028874077,0.0151206171,0.0067301867,-0.0100954731,0.0014312957,-0.0075245510,-0.0153391882,0.0031623092,0.0143781504,0.0112968960,0.0202448725,0.0107617766,-0.0083913116,0.0034431050,0.0096219421,0.0242558108,0.0025006283,0.0299523945,0.0182441963,-0.0033534612,0.0095965081,-0.0172627383,-0.0080897295,-0.0005568675,0.0224925430,-0.0048725873,-0.0149321470,-0.0218982018,-0.0135007215,-0.0032695067,-0.0075399366,-0.0084992568,-0.0145601397,0.0181273692,-0.0005873422,-0.0021542458,-0.0025119612,0.0176871768,0.0101217459,0.0099761343,0.0237123193,0.0141091322
99.0000000000,-0.0015263460,-0.0013029773,0.0010549889,-0.0136271112,0.0005444379,-0.0027123397,0.0175047421,-0.0034931139,-0.0150405522,-0.0086570679,0.0040883865,-0.0068429403,0.0304467952,-0.0115826664,-0.0200557586,-0.0018050965,-0.0101567940,-0.0009524074,0.0145904454,-0.0120054587,0.0012971814,0.0204409675,-0.0027922665,-0.0060768604,-0.0005136814,0.0082450862,-0.0058477224,0.0005238760,0.0042125332,-0.0019826188,0.0103755552,0.0135230589,0.0186954874,0.0008684884,0.0204679294,-0.0162856100,0.0124014860,-0.0169918909,0.0165415271,0.0208160826,0.0121285483,0.0223665936,-0.0141625497,-0.0149270069,-0.0260061942,0.0247063484,0.0156175429,0.0078515155,0.0073020463,-0.0077968668,-0.0109834413,0.0213616748,-0.0055524755,0.0003787439,0.0387327327,0.0042532342,-0.0016218100,0.0081049008,0.0192536464,-0.0059749938,-0.0134198735,-0.0182890766,0.0082149482
100.0000000000,0.0004385661,-0.0026209521,-0.0180835931,-0.0116457184,0.0212946975,0.0010604737,0.0090454933,-0.0143729390,-0.0050336400,0.0012015484,-0.0078766308,0.0063922376,0.0101227001,0.0306546262,-0.0250732638,-0.0019245066,-0.0277631152,-0.0056794286,-0.0023565827,0.0209990563,0.0089713209,0.0352623120,0.0210652705,0.0054102793,-0.0207528465,0.0062327035,-0.0134268571,0.0172606419,0.0170728132,0.0113866602,-0.0140118530,0.0022458865,0.0166357964,0.0197749785,0.0211601542,-0.0257726622,0.0358887622,-0.0126419655,0.0017716410,0.0260139587,0.0000984334,0.0302284996,-0.0297639505,-0.0445789726,0.0190487168,0.0150542801,0.0074255078,0.0088544698,-0.0111707672,-0.0012547091,-0.0084703515,0.0237888287,0.0063565661,-0.0046475567,0.0060704509,-0.0025563402,-0.0145825408,-0.0080045710,0.0108203448,0.0174785747,0.0161158928,0.0302729681,0.0144469782
101.0000000000,-0.0026032108,0.0055642856,0.0079646183,0.0125011846,-0.0127789600,-0.0233182645,-0.0132357263,0.0029549854,-0.0268668575,0.0278696817,-0.0005276651,-0.0004854921,0.0017823761,0.0177169221,-0.0187615983,0.0107536522,-0.0342729351,-0.0063181105,0.0109860132,0.0013534925,-0.0242874370,0.0067941722,-0.0024342933,0.0226444585,0.0231707579,0.0142713790,-0.0087115384,-0.0039730731,0.0100795705,0.0147618512,0.0062891563,0.0025666814,0.0259630993,0.0112538821,0.0150503732,-0.0089574815,-0.0149773277,0.0208066662,0.0110660421,0.0258218494,0.0023085936,0.0192901149,-0.0158894836,-0.0229421830,-0.0011515569,0.0499319598,0.0007601651,0.0072881221,-0.0184028320,-0.0010170592,-0.0356797260,0.0103174301,0.0234238163,-0.0000331580,0.0263731459,-0.0019693557,0.0113568230,-0.0051701351,0.0262716726,0.0410100493,0.0160191835,0.0072529549,-0.0117790127
102.0000000000,-0.0202683075,0.0079656727,-0.0144591078,0.0065983662,0.0034234210,-0.0035041818,0.0131746750,-0.0027640580,-0.0033041133,-0.0073030264,-0.0072107199,-0.0039558174,-0.0087995477,0.0151777004,-0.0029387887,-0.0198152591,-0.0295505944,0.0113093750,0.0005375461,0.0037039073,0.0027239530,-0.0033429495,-0.0212523038,-0.0113977695,-0.0170993131,-0.0000757425,0.0080296509,0.0095975805,0.0167842624,0.0113734390,0.0141753434,-0.0194985241,0.0116270660,-0.0054169820,0.0034400600,0.0076342101,-0.0013543520,0.0006098531,0.0077612540,0.0221263947,0.0130919832,-0.0137975240,-0.0246592850,-0.0011653733,-0.0003244568,-0.0204943729,0.0144376352,0.0122847688,-0.0107431774,-0.0252654809,-0.0062245205,0.0284159255,-0.0056824197,0.0090798047,-0.0009749153,-0.0094810515,-0.0117640780,0.0002616280,0.0009688968,0.0035145331,-0.0109476349,0.0188886416,0.0016687070
103.0000000000,0.0008893065,-0.0107531526,-0.0325510379,-0.0020858851,-0.0024066525,-0.0310179967,-0.0017480107,-0.0248513553,-0.0069383970,-0.0060051690,0.0049178843,0.0284320995,0.0161037003,0.0023306675,-0.0113576418,0.0155224326,-0.0423631863,-0.0080350557,-0.0019799528,-0.0004948833,-0.0137375022,0.0203983556,0.0232171068,-0.0035369512,-0.0131648592,-0.0115882574,0.0029930765,-0.0266154389,0.0138191608,0.0155177479,-0.0341715142,0.0056968277,0.0351393467,0.0095902179,0.0157935799,-0.0033032851,0.0379638446,-0.0135842697,0.0259486030,0.0374589891,0.0027159233,0.0201022056,-0.0000288718,-0.0079682434,0.0116951848,-0.0068611076,0.0074647467,-0.0021798913,0.0147103366,-0.0041151415,-0.0073980618,0.0016137618,-0.0067716730,-0.0067632380,0.0559160851,-0.0076089933,-0.0104210859,0.0235834505,-0.0013912788,0.0184317115,0.0127576878,0.0390120838,-0.0007572845
104.0000000000,0.0078746801,0.0115925437,-0.0158501923,-0.0152900756,0.0082308534,-0.0088726515,0.0072316899,-0.0130758729,-0.0327135337,0.0062488032,-0.0018556498,0.0200102590,0.0359883441,0.0157487926,0.0002511751,-0.0122117524,-0.0197029144,-0.0032085838,-0.0017694305,-0.0065389185,-0.0016986246,0.0438677472,0.0059697649,-0.0094303114,0.0071458020,-0.0059576306,0.0126381405,-0.0092890344,0.0248669900,0.0264868000,-0.0115036352,0.0125132504,0.0228076050,0.0022244737,0.0157472046,-0.0238610402,0.0341027270,-0.0200650976,0.0106457461,0.0268475327,-0.0072381137,0.0098195590,-0.0096636978,-0.0050337772,-0.0006756226,0.0150494067,-0.0106176332,-0.0247905333,-0.0009275306,-0.0094212444,-0.0080982529,0.0073865877,0.0111918513,-0.0023221177,0.0291952870,-0.0179408127,0.0035340453,0.0008583441,0.0334421764,0.0099544827,0.0219327254,0.0278245255,-0.0105317129
105.0000000000,0.0143974122,-0.0041927211,-0.0233040593,-0.0182964418,-0.0093177639,-0.0276581822,-0.0026839310,-0.0129980042,0.0030534831,-0.0026696844,0.0084984053,-0.0189682761,0.0074887025,-0.0055577363,-0.0135475302,-0.0169499177,-0.0077468272,-0.0221264513,0.0040240128,-0.0013729100,0.0046930186,0.0263932064,0.0044145642,-0.0122019190,0.0054595946,-0.0004343868,-0.0109756299,-0.0077400911,0.0154559899,0.0004252645,-0.0161732413,0.0211055401,-0.0010499817,0.0029071748,0.0439082796,0.0157706681,0.0181022378,0.0103359591,0.0317933290,0.0262785377,-0.0239139258,0.0030733849,-0.0173265529,-0.0006811762,0.0206106012,0.0194139794,-0.0110717482,-0.0006987882,-0.0314073667,-0.0076315657,-0.0226868244,-0.0075461425,0.0083648761,-0.0166557889,0.0378173462,-0.0163775445,-0.0091724788,-0.0194356296,0.0275924624,0.0141931054,-0.0257239306,0.0089258997,-0.0110037828
106.0000000000,0.0057383583,-0.0191974832,-0.0241938273,-0.0115946267,-0.0008185769,-0.0117866281,0.0251823375,-0.0052587673,-0.0048124971,0.0030033578,-0.0119313692,0.0033327203,0.0261264121,0.0106889606,0.0147975949,-0.0063460328,-0.0442672713,-0.0102339186,0.0009822167,-0.0218838616,0.0003495015,0.0132214049,0.0378569444,-0.0108469636,-0.0073985345,0.0034554287,-0.0227837166,-0.0147063174,-0.0062450644,0.0150045974,-0.0211882750,0.0246213188,0.0198111864,-0.0065423661,0.0392678674,0.0005198030,0.0270980280,0.0000135981,0.0124616603,0.0338351749,0.0021828238,0.0255213435,-0.0339907648,-0.0084487611,0.0135642947,0.0232111969,0.0016383570,-0.0198009272,-0.0031807833,-0.0167672236,0.0024611948,0.0077963327,0.0159388805,0.0098433882,0.0380737670,-0.0210306576,0.0019470337,-0.0035950313,0.0016858169,0.0147781168,0.0091400716,0.0087616516,-0.0128641955
107.0000000000,-0.0136463399,0.0300531528,-0.0094275634,0.0040026553,-0.0067220755,0.0060605548,-0.0077499361,0.0109907509,-0.0256046467,-0.0112599973,0.0083409538,0.0081486941,0.0013961788,0.0099760049,-0.0068633219,-0.0189519269,-0.0176012608,0.0085307591,-0.0043959268,0.0058927388,-0.0047853701,0.0058104345,0.0147109851,-0.0104625584,0.0017550446,-0.0070108682,-0.0052371405,-0.0019487797,0.0141118414,0.0153627977,0.0068699594,-0.0104517686,0.0033219360,0.0142725290,0.0080338917,-0.0289308000,0.0029389867,0.0005443951,0.0112228059,0.0250361281,-0.0278636386,0.0172356649,-0.0046969283,-0.0064180279,0.0049395601,0.0143261266,0.0311384911,0.0036776274,-0.0115353396,-0.0041990226,-0.0066143847,-0.0069114600,-0.0111182357,-0.0111484479,0.0309953729,0.0016331352,0.0064757310,-0.0110338816,0.0025171452,-0.0174198884,-0.0105025273,0.0321226115,-0.0062864411
108.0000000000,-0.0064609488,-0.0089166018,-0.0152084197,-0.0102748416,0.0054062679,-0.0133906443,-0.0179164386,-0.0032893900,-0.0199615182,0.0159673027,0.0024420853,0.0259332098,0.0075184807,-0.0138900882,0.0061501208,-0.0070965455,-0.0263100225,-0.0054441988,0.0113773604,-0.0163653975,-0.0147412935,0.0193927088,0.0009945833,0.0109977216,0.0053582882,0.0210516383,-0.0073720466,-0.0095299175,0.0029672728,0.0167575594,-0.0185962523,0.0082353503,0.0241688393,0.0041799006,0.0019642079,-0.0164468539,0.0148582891,-0.0072987584,0.0184983476,0.0199140413,-0.0122067535,0.0189229228,-0.0055470963,-0.0017053153,-0.0002595255,0.0188070670,-0.0218226379,0.0065159184,0.0065284429,-0.0074332632,-0.0017604050,0.0108400316,-0.0128889605,-0.0130984064,0.0192291994,-0.0188166925,-0.0063099906,-0.0154826210,0.0084489390,0.0147020046,-0.0196837924,0.0193957573,0.0018300479
109.0000000000,-0.0040221175,0.0012348748,-0.0085688771,0.0081478597,0.0047278579,0.0040898444,-0.0093279397,0.0033992487,-0.0052679374,0.0159663869,0.0006969935,0.0149371196,0.0251924249,0.0174940008,-0.0064865332,-0.0212793982,-0.0217840082,0.0011487288,0.0092285871,-0.0026376183,0.0027962959,0.0011142499,-0.0128777253,0.0020212327,-0.0130799998,-0.0022112013,-0.0057108493,-0.0136983568,0.0040270817,0.0138118135,-0.0032349435,-0.0008561517,-0.0087160529,0.0041164532,0.0119308780,-0.0099655704,-0.0002633550,-0.0047430356,0.0097604661,0.0084914769,-0.0042445367,0.0243578004,-0.0013602587,-0.0076572748,0.0120779523,0.0161183174,0.0105258439,-0.0111192272,-0.0035535923,-0.0016364268,-0.0133779788,0.0082197018,-0.0051276493,0.0105956423,0.0133866696,-0.0129159727,-0.0028519953,-0.0137400450,0.0419029798,0.0040854346,-0.0158696035,-0.0227765255,0.0201086167
110.0000000000,0.0020610696,-0.0027129049,-0.0394244654,0.0005820998,0.0100895937,0.0109584843,0.0156163200,-0.0217199448,0.0112633974,0.0080002250,-0.0131623480,0.0054963545,0.0062097756,0.0094057674,-0.0078298675,-0.0039921474,-0.0230509591,-0.0093552820,0.0105848038,0.0085042734,0.0208257315,0.0029050833,0.0238882143,-0.0061203827,-0.0145971001,0.0104468665,-0.0082155135,-0.0026742402,0.0123060621,-0.0006996565,-0.0141367345,0.0151591081,0.0106260747,0.0005799349,0.0284240892,-0.0027248560,0.0261016898,0.0137037194,0.0436367612,0.0208887781,0.0091090132,0.0402928355,-0.0099971206,-0.0268499838,0.0276057648,0.0375548869,-0.0044544497,-0.0057527808,0.0020904431,-0.0166493055,0.0172516755,0.0206685732,0.0118248425,-0.0067909765,-0.0031775684,-0.0071892751,-0.0072515300,0.0121851300,0.0231107685,0.0337918804,-0.0041701602,0.0220853332,-0.0173600039
111.0000000000,0.0293849616,-0.0029101972,-0.0170372941,-0.0043822931,-0.0004542717,0.0061705625,-0.0096933194,-0.0038722626,0.0011445135,0.0122803071,0.0066526357,-0.0068924480,0.0109425760,0.0173796461,0.0047699116,-0.0006829166,-0.0454500489,-0.0229065384,-0.0126996735,-0.0323007782,0.0231134500,0.0355950364,0.0202022102,-0.0257041876,-0.0046773861,0.0319531437,-0.0056910389,-0.0009037445,0.0127765529,0.0094903549,-0.0089444627,0.0113381865,0.0169737180,-0.0096089825,0.0099666074,-0.0276762788,0.0233794252,0.0152160819,0.0017486397,0.0264853768,0.0052319124,0.0411856899,-0.0260033980,-0.0255610474,0.0054060149,-0.0061376067,0.0125461957,-0.0229189463,-0.0100416588,-0.0162929991,0.0094608346,0.0072945280,0.0208511509,-0.0117301589,0.0405090952,0.0012729113,-0.0156307103,0.0078336301,0.0087342099,0.0292764920,0.0079210354,0.0235684542,0.0003506964
112.0000000000,-0.0097139531,-0.0012434971,-0.0147564822,-0.0048945674,0.0105149162,0.0042962205,-0.0175662565,-0.0210946729,-0.0043577181,0.0058684955,0.0064324644,0.0145458129,0.0274344266,0.0376038571,0.0052210524,0.0166527641,-0.0181076897,-0.0024769323,0.0162798790,0.0039238154,-0.0070136616,-0.0022517248,0.0127794112,0.0009209974,-0.0178318317,-0.0049632013,-0.0191656912,0.0154910967,-0.0053938911,0.0214209273,-0.0171756788,-0.0151147538,-0.0100499464,-0.0086289090,0.0091142206,0.0066176339,0.0148391185,-0.0193748037,0.0053491592,0.0294340731,0.0225076367,0.0220300271,-0.0216120631,-0.0217864028,0.0323200189,-0.0113718411,-0.0087283790,0.0190714287,-0.0018042261,0.0111067258,-0.0395596196,0.0015878224,-0.0104648825,-0.0138941293,0.0309315891,-0.0231584345,0.0209158527,0.0027904586,0.0068190598,0.0026833795,-0.0019428216,0.0167859531,-0.0155894058
113.0000000000,0.0031366882,0.0090582538,-0.0081201894,-0.0060142696,0.0104419540,0.0050193095,0.0070165707,-0.0057007751,0.0030529660,0.0020087135,0.0029560988,0.0050539715,0.0161319619,0.0199872380,-0.0146722589,-0.0146260244,-0.0235097272,-0.0054474411,0.0109138793,-0.0039458448,-0.0025075476,0.0247568780,0.0128204400,0.0047648470,-0.0414681443,0.0174889152,-0.0082356534,-0.0195445216,0.0081093552,0.0259512950,-0.0080204164,0.0028755472,0.0082427588,-0.0087810579,0.0084120700,-0.0035695931,0.0094279068,0.0186493754,0.0326459197,0.0274824426,-0.0035542784,0.0148607630,-0.0113815338,-0.0221906308,-0.0130002949,0.0276704718,-0.0136048048,-0.0164755391,0.0011929786,-0.0310871175,0.0065475770,-0.0027248651,0.0064733559,-0.0042729199,0.0188758809,-0.0240318113,0.0027716523,0.0024803769,0.0000535627,0.0225080316,-0.0123450384,0.0442816575,-0.0010193343
114.0000000000,0.0124725291,-0.0100604448,-0.0037607270,0.0021558621,-0.0112982230,0.0127547083,-0.0073738427,0.0048178305,-0.0122095536,0.0189903864,0.0068900976,-0.0072938397,-0.0165621280,-0.0031554951,-0.0019721204,0.0056874011,-0.0165455701,-0.0137517935,-0.0049961678,-0.0019103051,0.0112979112,0.0159083323,0.0042970218,0.0115271275,0.0015482389,0.0099551199,-0.0175766761,-0.0059103325,0.0017061150,0.0157120814,-0.0248362715,-0.0068142653,0.0011686978,0.0041248725,-0.0018454176,0.0054678545,0.0273141552,0.0040643082,0.0052096609,0.0131192759,0.0081915351,0.0192194309,-0.0228285250,-0.0180798712,-0.0005122745,0.0103589802,-0.0049202083,-0.0042995688,0.0017684480,0.0067452159,0.0019512296,-0.0255272766,0.0044969493,0.0062531882,0.0067060115,-0.0172323820,-0.0272761881,0.0036009511,-0.0030722055,0.0117646975,-0.0023723441,0.0185821976,0.0110261233
115.0000000000,-0.0045172580,-0.0069152481,-0.0323182463,-0.0047924946,0.0107661312,-0.0292406328,-0.0044204818,-0.0100562678,-0.0150029068,0.0094982894,0.0032080697,0.0069737147,-0.0038290125,0.0136276977,-0.0081159633,-0.0109059505,-0.0350090658,-0.0273943114,0.0230857870,0.0054916616,-0.0167674286,0.0184958435,0.0372919391,0.0084199507,-0.0129942281,0.0125214555,-0.0068266908,-0.0068579229,0.0276251555,0.0021595720,-0.0205744550,-0.0006194009,0.0078928791,0.0060819981,0.0299344274,0.0060304529,0.0482453601,0.0012188547,0.0235448938,0.0301438842,-0.0023771531,0.0481056437,-0.0284226376,-0.0221821963,0.0198158065,0.0301647887,0.0122797443,0.0189000440,-0.0164004449,-0.0200355459,-0.0140503400,0.0275545781,-0.0135506335,0.0026889108,0.0237874362,-0.0142188236,-0.0153038622,0.0248407953,0.0103257703,0.0021430756,-0.0023840175,0.0349267934,0.0037837020
116.0000000000,0.0059336163,0.0030379079,-0.0139363398,-0.0102700468,0.0072439430,-0.0066861186,0.0071465001,-0.0178255849,0.0058787903,0.0245241190,-0.0056258653,-0.0031214051,0.0117132327,0.0105928808,0.0036269917,-0.0230023120,0.0001436590,-0.0151532676,0.0030159081,-0.0017985835,0.0057160641,-0.0052514965,0.0002357631,-0.0081388228,-0.0072016771,-0.0027645319,0.0029324818,-0.0114050816,0.0307025251,0.0253792815,-0.0092709256,0.0073527097,0.0004722965,0.0005183178,0.0232123686,0.0050031855,0.0161686424,0.0032023532,-0.0028983089,0.0268417553,-0.0108451340,0.0197885991,-0.0198383919,-0.0098260580,0.0158538582,0.0232808696,-0.0061582383,-0.0046287876,0.0012477496,-0.0138447976,-0.0039270388,0.0015789447,0.0095175317,-0.0124374349,0.0054461764,0.0074144491,-0.0103166380,0.0006007076,0.0052689510,0.0325520734,0.0140095613,0.0100169795,0.0004381785
117.0000000000,-0.0028846432,-0.0176172251,-0.0110892959,-0.0037283304,0.0003734685,-0.0105614992,-0.0205468549,0.0044236565,-0.0037686700,0.0094280379,-0.0006071294,0.0050887032,0.0175497800,0.0055780323,0.0093469839,-0.0149622383,-0.0424999744,0.0121838424,-0.0062706887,-0.0190949344,0.0214365885,0.0286196320,-0.0011742682,-0.0028243685,-0.0069714778,-0.0026591963,0.0010524971,0.0044819698,0.0231544171,0.0015178229,-0.0112344015,0.0035114827,0.0139907654,-0.0020527857,0.0027089392,-0.0286488557,0.0208066941,0.0076337647,0.0269176713,0.0203678453,0.0074561881,0.0273058456,-0.0170472204,-0.0084363089,0.0060823683,0.0092487854,0.0180203012,-0.0238421602,0.0115287905,-0.0200698222,-0.0065481217,0.0027712610,0.0145503352,-0.0043613482,0.0001631548,-0.0030378765,0.0170204434,-0.0037927740,0.0089932781,0.0081396104,-0.0024291517,0.0062591380,-0.0076226373
118.0000000000,0.0118866192,0.0121445767,-0.0416065055,-0.0089682654,0.0121118383,-0.0192357094,-0.0071241519,-0.0009705779,0.0049733169,0.0185431286,0.0091248918,0.0217301711,0.0232406476,0.0169425325,0.0044821058,0.0069346759,0.0087270207,-0.0092373749,0.0133522151,-0.0087465072,-0.0013201403,-0.0027283648,0.0222342232,-0.0215190762,0.0062752198,-0.0021978255,0.0006269391,-0.0010468625,-0.0084420241,0.0179046253,-0.0066740521,0.0141541704,0.0265838859,0.0075614423,-0.0001883831,-0.0015403515,0.0266454055,0.0004738588,0.0150915728,-0.0013731716,0.0155499168,0.0335247948,-0.0088861803,-0.0192211404,0.0236263184,0.0225362337,-0.0065829087,-0.0031834546,-0.0099529287,0.0011956127,0.0149054095,-0.0027099833,0.0113535000,-0.0057630349,0.0538835845,0.0061419338,-0.0167937874,-0.0015034708,-0.0035328935,0.0146444908,-0.0109133955,0.0185546597,-0.0097088409
119.0000000000,-0.0083260328,-0.0040334363,-0.0075611411,-0.0222271400,0.0080556385,-0.0088563832,0.0054251418,0.0036744261,-0.0094848728,0.0011982871,-0.0121337102,-0.0120730511,0.0059936886,0.0188198972,0.0028688110,-0.0092570337,-0.0150239831,-0.0209401853,0.0239663711,-0.0146272247,-0.0063523182,0.0100405618,0.0456107474,0.0034861830,-0.0007216887,-0.0002444291,-0.0024535227,0.0173358448,0.0025528127,0.0294911912,-0.0254728042,0.0179368088,-0.0033352817,0.0133031205,0.0208761411,0.0063858145,0.0021289690,-0.0132033416,0.0236372521,0.0396479645,0.0024912123,0.0196775545,-0.0097198682,-0.0045576809,0.0161867865,0.0273688664,0.0265292021,-0.0254331708,0.0147696898,-0.0130452773,-0.0097426979,0.0049614771,0.0050776586,0.0054574058,0.0233585588,-0.0084920605,0.0030249555,0.0028395192,0.0108194312,0.0220840340,0.0012770508,0.0176979393,-0.0215770938
120.0000000000,0.0157498461,-0.0010267932,-0.0091492024,-0.0106609232,-0.0165177737,0.0010503101,-0.0014108451,0.0063794065,0.0178355483,0.0072264809,-0.0043867763,-0.0025413703,0.0192042246,0.0132053638,-0.0084825316,-0.0098945929,-0.0140304171,0.0001890596,-0.0005447649,-0.0138986316,-0.0017566578,-0.0050873058,0.0272562488,0.0128547948,-0.0124957504,-0.0119210792,0.0061608459,-0.0139920500,-0.0017396445,0.0306284738,-0.0096654466,-0.0121807167,0.0010184196,-0.0021313682,0.0270879591,0.0114841896,0.0298271521,-0.0015551291,0.0138940032,0.0087779585,0.0101088056,0.0273070158,-0.0247535668,-0.0104051946,0.0083908714,0.0034802666,-0.0150319159,-0.0186385687,0.0198339589,-0.0180466230,-0.0227586595,0.0101186330,-0.0117288825,-0.0054709336,0.0246288480,-0.0019640613,0.0020137451,-0.0021269917,0.0041154776,0.0207302657,0.0010088376,0.0116287501,-0.0022358410
121.0000000000,-0.0067257182,0.0180679598,0.0103052227,0.0083362612,-0.0235881061,-0.0175243720,0.0059691293,-0.0177173386,-0.0135727904,-0.0017149527,0.0128947902,0.0156895765,-0.0084376046,-0.0170843451,-0.0055936841,-0.0191203608,-0.0340286030,-0.0220243726,0.0056036126,0.0000557720,-0.0102919673,0.0260944619,0.0231443408,0.0114115922,-0.0077308553,-0.0067714374,-0.0133381429,-0.0000513662,0.0096127385,0.0239809459,-0.0409141029,0.0111292625,-0.0069265649,0.0093480520,0.0075154116,-0.0215438561,0.0153506506,0.0056532320,-0.0011974133,0.0156697892,0.0067373040,0.0189905984,-0.0389677233,-0.0075765675,0.0162929118,-0.0088641592,-0.0167514365,-0.0032547887,0.0027602004,-0.0052696416,0.0145824848,-0.0249374939,-0.0198477223,-0.0008520964,0.0354880416,0.0157829260,-0.0051872520,0.0252698781,0.0154356788,0.0192211157,0.0161405410,0.0175045614,0.0126373824
122.0000000000,-0.0336039817,-0.0188186819,-0.0274126820,-0.0009766321,0.0006113143,0.0019540945,0.0118986369,0.0065292409,-0.0168711206,0.0118637437,0.0090152094,0.0051845380,0.0002580085,0.0131444555,-0.0196456162,0.0033309475,-0.0272525680,-0.0057736151,0.0116946234,-0.0128128594,0.0109373121,-0.0035575534,0.0254029365,0.0008712237,-0.0276761143,-0.0033144789,0.0142848565,-0.0130203691,0.0017196924,0.0103004924,-0.0128284505,0.0013437241,0.0246438787,0.0041205332,0.0224559195,-0.0013085305,-0.0028135215,0.0056615975,0.0096204868,0.0358430848,-0.0002346222,0.0372900672,-0.0015900632,-0.0063892845,0.0199920323,0.0185983387,-0.0265126342,0.0130996955,-0.0025212082,0.0001298010,-0.0093359743,0.0227022626,0.0278040429,-0.0095438633,0.0303559492,0.0069338581,-0.0214539909,0.0070834884,0.0216173679,0.0139317113,0.0026645522,0.0198007776,-0.0029377720
123.0000000000,-0.0186754876,0.0014076226,-0.0068706996,0.0114545998,-0.0190023230,-0.0020149222,-0.0113926364,-0.0198730644,-0.0068251434,-0.0010141066,0.0193837493,-0.0000820599,0.0316089427,0.0252098878,-0.0048995568,0.0057813849,-0.0240391558,-0.0115597926,-0.0002880953,0.0030995086,0.0043558774,0.0224985305,0.0362361382,-0.0228352792,0.0037188956,0.0321468438,-0.0089835456,0.0093070011,0.0339941013,0.0117786635,-0.0301164640,0.0319320246,0.0271404953,0.0096637769,0.0373446072,-0.0047429589,0.0384043610,-0.0167510024,0.0395890706,0.0333210286,-0.0097877860,0.0418185504,-0.0084261523,-0.0350992928,0.0200491401,0.0117929300,0.0172451492,-0.0261369998,-0.0164510927,-0.0164831037,-0.0069992243,0.0140046467,0.0020794812,-0.0133490572,0.0308508499,-0.0065504262,0.0063763474,0.0142972227,0.0474430397,0.0394332794,0.0074058925,0.0173175648,-0.0152542677
124.0000000000,0.0111126944,-0.0175230134,-0.0167573095,0.0182111382,0.0021620029,-0.0170585735,0.0167651933,-0.0172474124,-0.0093681123,0.0088774182,0.0008858771,0.0131923372,0.0312247920,0.0273902511,-0.0168922673,-0.0041157161,-0.0193443148,0.0292583725,0.0059568190,-0.0063282419,0.0002745314,0.0212140022,0.0089905627,-0.0268366211,-0.0088068634,-0.0061530196,-0.0054877675,0.0006182640,0.0095051986,0.0236692480,-0.0336758102,0.0185145064,0.0050378486,-0.0056851336,0.0341887381,-0.0007575908,0.0236613748,-0.0088388002,0.0062852870,0.0049756596,-0.0171922474,0.0388388465,-0.0108288894,-0.0008490640,0.0296258788,0.0201677907,0.0013116889,0.0067701131,-0.0337716978,0.0023082720,-0.0059610951,0.0134003064,0.0176891146,0.0010016687,0.0157598591,0.0064848973,-0.0152460055,0.0103078220,0.0283757426,0.0215968828,0.0153990265,0.0347780477,0.0129327591
125.0000000000,0.0102766722,-0.0062159927,-0.0032269751,0.0147434392,0.0136362162,-0.0121918963,0.0078306459,-0.0124082399,0.0123120702,0.0019321884,-0.0028500985,-0.0046769683,0.0123532701,0.0246817481,0.0014277470,-0.0224196874,-0.0159067797,-0.0092586778,-0.0291431435,-0.0017108078,0.0024177762,0.0247076858,0.0320358967,-0.0025394523,0.0063311923,-0.0128539418,0.0138094858,0.0188381618,0.0052472528,0.0254779165,0.0148032350,0.0175223380,-0.0007018770,0.0116962165,0.0225580122,0.0151639625,0.0297277989,-0.0021885869,0.0517829947,0.0392203634,0.0128293502,0.0318570662,-0.0389659254,-0.0191513365,0.0198724296,0.0066991811,-0.0021374297,0.0089599048,-0.0059143245,-0.0021367768,-0.0228607442,-0.0081940153,0.0047445387,-0.0098714212,0.0246247098,0.0056926797,0.0053195829,-0.0021607849,0.0222390311,0.0107998694,-0.0116638236,0.0398669438,-0.0039296543
126.0000000000,0.0153845779,-0.0048712037,-0.0067088855,-0.0013892994,-0.0037986535,0.0034104603,-0.0157484566,-0.0367682157,-0.0246898126,-0.0062581243,-0.0044328651,0.0141366774,0.0025173919,0.0044990871,-0.0054768467,-0.0155262079,-0.0146810144,-0.0321936013,-0.0095647423,-0.0026718732,-0.0094900682,0.0155256543,0.0417731986,0.0037284711,-0.0214681235,0.0211860023,-0.0009419182,-0.0102704249,-0.0077886995,0.0025325819,-0.0090147372,-0.0170805846,0.0158485275,0.0055553938,0.0110536999,0.0168011053,0.0209480527,-0.0016925174,-0.0045561475,0.0154143376,0.0011677785,0.0118570008,-0.0043600762,-0.0257798835,0.0074172591,0.0105218532,-0.0143304868,0.0028012914,-0.0200778965,-0.0177413038,-0.0240735177,0.0185804677,-0.0093031790,0.0035173509,0.0140324949,0.0079827228,0.0075405100,0.0189465318,0.0051826837,0.0241269430,0.0130605478,0.0287464207,-0.0031911824
127.0000000000,0.0129322664,0.0007566786,-0.0181074403,0.0071404996,0.0115342296,-0.0203732094,-0.0018257588,0.0156022437,-0.0071586745,0.0170131627,-0.0067623195,-0.0060435159,0.0057610795,0.0114243087,0.0008205772,-0.0066938316,-0.0375843361,0.0053435789,0.0059889115,0.0037893972,-0.0029671805,0.0131640659,-0.0046318926,-0.0096472200,-0.0123579957,-0.0084749174,-0.0066838236,-0.0179649177,0.0076457769,-0.0205671376,0.0044312560,0.0161233827,0.0035638795,0.0191700396,0.0163470728,0.0115853920,0.0135123490,0.0137489895,0.0298285888,0.0208259161,0.0053062740,0.0145837020,-0.0102372945,0.0165660089,-0.0119231607,0.0160266094,-0.0128863045,-0.0049601471,-0.0192163564,-0.0019676657,-0.0100562145,0.0321639997,-0.0165500511,-0.0053677374,0.0124950792,0.0032023586,-0.0286773393,-0.0148731546,0.0237542244,0.0284375688,0.0045104173,-0.0003946659,0.0091762204
128.0000000000,-0.0044290321,-0.0245506182,0.0025600370,0.0026974058,0.0021212121,-0.0089788715,0.0055661801,0.0011686153,0.0122209135,-0.0070527972,-0.0028758307,0.0176329114,0.0199289529,0.0213528649,0.0042178989,-0.0103740733,-0.0127858582,-0.0358581114,-0.0066063953,-0.0059132901,0.0112116374,0.0170405074,0.0078640786,-0.0011698002,-0.0023429535,0.0202608801,-0.0145081518,0.0150263328,0.0311992861,0.0168615972,-0.0052665684,0.0029725273,0.0121956981,0.0247078823,0.0231227854,-0.0037012213,0.0374230128,-0.0058514043,0.0052728511,0.0287435126,0.0118783642,0.0105065169,-0.0139567173,-0.0070163119,-0.0012477029,0.0215652461,0.0204622312,-0.0036036678,-0.0063047539,-0.0064718334,-0.0308423442,-0.0214240005,-0.0187191612,0.0155593636,0.0235603801,-0.0072597331,-0.0215549968,0.0068086584,0.0137927036,0.0116872614,-0.0089135302,0.0222975339,-0.0184920701
129.0000000000,-0.0123112114,-0.0193419017,-0.0401069487,-0.0018456948,0.0135877158,-0.0235914243,0.0062424753,0.0045567138,-0.0185914385,0.0023475633,0.0061172422,0.0074793921,0.0125896469,0.0201368065,0.0051101486,-0.0330225072,-0.0158505357,-0.0130410002,-0.0137131638,-0.0204540501,-0.0006738796,-0.0032509895,0.0066496007,-0.0015875701,-0.0118425795,0.0012089597,0.0050046893,-0.0156433455,0.0202093470,0.0070853197,-0.0179357991,0.0081261455,0.0124214747,0.0181319889,0.0228333456,0.0008862141,0.0201688461,-0.0009452325,0.0224873231,0.0264765623,-0.0034803203,0.0122444045,-0.0071144480,-0.0100642438,-0.0012234915,0.0162955346,0.0096848450,0.0048898374,-0.0223537193,-0.0078338116,0.0014928809,-0.0131023124,0.0051238157,-0.0103755467,0.0189553076,-0.0030152297,-0.0180892855,0.0234664124,0.0142882156,0.0359780471,0.0131301717,0.0198208021,-0.0137841150
130.0000000000,0.0191848988,0.0059143064,-0.0389265613,0.0139662830,-0.0142158317,0.0128920845,0.0043347245,-0.0341919983,-0.0063261532,0.0084603014,0.0342412412,-0.0034520718,0.0252033932,0.0154349204,-0.0227993591,0.0174117871,-0.0122642188,-0.0182140052,0.0060041813,0.0102703500,0.0036570718,0.0111365890,0.0250194387,0.0102767023,-0.0205920511,0.0122459342,0.0041512489,-0.0159257594,0.0153324339,0.0350645043,-0.0126186066,0.0254187010,0.0043246687,-0.0057880530,0.0256430950,-0.0135625355,0.0524146868,0.0031529299,0.0090963383,0.0194425341,0.0005898316,0.0132623642,-0.0084865062,-0.0137008178,0.0177324296,0.0224320203,-0.0025604947,0.0184525525,-0.0065029531,0.0001084274,-0.0241503693,0.0080527976,0.0165725930,-0.0165638181,0.0289492171,-0.0152934088,-0.0095366024,0.0209335677,0.0046773047,-0.0075497820,0.0091750277,0.0243176515,0.0089316081
131.0000000000,-0.0061114750,0.0002841881,0.0080849111,-0.0022995099,-0.0163458859,0.0096464018,0.0048434182,-0.0062021807,-0.0251426081,0.0149325250,0.0079568756,0.0031966999,0.0191620652,-0.0211607931,0.0072961990,0.0024504672,-0.0101483239,-0.0151841008,0.0139178568,-0.0265820145,-0.0111469704,0.0000333516,0.0085076394,-0.0107200105,-0.0015349601,0.0212681751,0.0103368631,-0.0044742251,0.0108770220,0.0002019218,0.0196822606,0.0164756013,0.0013570804,-0.0077857718,-0.0032863011,0.0024378623,-0.0017853822,-0.0036203491,0.0028781035,0.0048709807,-0.0052768872,0.0117959216,0.0164037387,-0.0131049942,0.0026791193,0.0226891377,0.0092621031,-0.0078449997,0.0006960399,0.0080966631,0.0153962371,-0.0024897788,0.0095045908,-0.0066292169,-0.0128879171,0.0135322290,0.0000894450,-0.0074350300,0.0462048956,-0.0004809581,-0.0102133155,0.0055811694,-0.0177091171
132.0000000000,-0.0012588138,0.0027426214,0.0003565749,0.0062025257,-0.0042436873,0.0038705503,0.0134543517,-0.0187884745,-0.0148374291,0.0109335379,0.0105069183,0.0105384232,0.0089471839,0.0010909465,-0.0174710623,-0.0183726871,-0.0271792136,-0.0009917481,0.0206683268,0.0058648405,-0.0112049441,0.0079637357,0.0045281571,-0.0055191130,-0.0094893229,0.0012068244,-0.0112392863,0.0046435380,0.0005677799,0.0167709901,-0.0151811924,0.0230418059,-0.0012321613,-0.0076136921,0.0113586576,0.0063390566,0.0285810453,0.0122651201,0.0045752753,0.0306689282,0.0037998774,0.0184832290,-0.0199787566,0.0230025926,0.0206643231,0.0062370673,-0.0173483138,0.0086989936,-0.0144330397,-0.0270971489,-0.0130366174,0.0030103507,0.0250284179,-0.0071368149,0.0521343603,-0.0069674544,-0.0020121368,0.0079783789,-0.0010672151,0.0254498631,0.0018387853,0.0204200412,0.0167441092
133.0000000000,0.0005245655,-0.0054248638,-0.0440527148,0.0055901453,0.0075823207,-0.0179996803,0.0202954192,-0.0036884780,-0.0195888580,0.0079368299,0.0142701527,-0.0050989255,0.0031016443,-0.0038347798,-0.0147603134,-0.0187885834,-0.0257667441,-0.0021375555,-0.0141180686,-0.0034178093,-0.0036766451,0.0374398404,0.0182068765,-0.0169599833,-0.0182842815,-0.0088289688,0.0043498633,-0.0131463187,0.0070643797,0.0050745629,0.0112397409,-0.0049900375,-0.0215402685,0.0116593342,0.0139169248,-0.0062126603,0.0197558641,0.0152044247,0.0130216645,0.0270160542,0.0028743368,0.0030866163,-0.0176832678,-0.0032994105,0.0037768970,0.0370805906,0.0000223418,0.0102180473,-0.0076927853,0.0068165746,-0.0224084289,0.0149538846,0.0140540622,0.0091654827,0.0373191646,-0.0106446431,-0.0188698731,-0.0076819428,0.0000628132,0.0089715499,0.0123933895,0.0013427047,0.0128005271
134.0000000000,-0.0138498048,-0.0142314238,-0.0153408809,-0.0169581849,-0.0078739134,-0.0031891747,-0.0089686407,0.0009397857,0.0069255138,0.0292238672,0.0000547531,-0.0014622001,0.0301974990,-0.0000600756,-0.0093104412,-0.0082694462,-0.0195446754,-0.0173405577,-0.0151129319,-0.0152018791,-0.0059132114,-0.0013684375,0.0106822221,0.0023711671,-0.0323861238,0.0119883929,-0.0218036573,0.0021219672,0.0074282227,0.0047219811,0.0005915484,0.0032275535,0.0031224061,-0.0287797043,0.0081034091,-0.0050136013,0.0164920982,0.0302843985,0.0037854087,0.0216184916,-0.0208833468,0.0266767681,-0.0093882173,-0.0119821388,0.0029277846,0.0162539774,-0.0137674413,-0.0128124197,0.0026577391,-0.0270285286,0.0218437954,-0.0021479909,0.0040763583,-0.0239404440,-0.0060942384,-0.0050260232,-0.0028305184,-0.0005341086,0.0242331078,0.0135229954,-0.0003524095,0.0181270653,0.0032144965
135.0000000000,-0.0152294908,0.0032011471,-0.0249814962,0.0192772490,0.0125914696,-0.0387975338,0.0007321176,0.0072151221,0.0175937277,0.0144150185,-0.0066741210,0.0069516182,0.0022275289,-0.0021629809,0.0171595612,-0.0242376634,-0.0204304959,-0.0168034264,0.0235814314,-0.0202166672,-0.0178122198,-0.0047453312,-0.0150432996,-0.0024415709,-0.0020272829,-0.0006628761,0.0007803696,-0.0215198739,-0.0010288095,0.0140197602,0.0020802235,0.0224824758,-0.0095779016,0.0169822117,0.0133656208,0.0003007030,0.0130954159,0.0091728486,0.0065319990,0.0060010852,-0.0081039944,0.0220309827,-0.0381239881,-0.0033244765,0.0134302646,0.0200413735,-0.0011704955,-0.0007171779,-0.0091530239,-0.0097855812,-0.0032708534,0.0056306896,0.0003840981,0.0081160949,0.0110574086,0.0080442745,0.0142781469,-0.0070321390,0.0179609020,-0.0163045760,-0.0042285767,0.0238082880,-0.0071871965
136.0000000000,-0.0226003748,0.0061728674,-0.0055488804,0.0032451278,-0.0087957341,0.0130955110,0.0107555056,0.0032594741,-0.0040281687,0.0213858690,0.0048865505,0.0094043691,0.0344242232,0.0005271013,0.0058958605,-0.0105407905,0.0057577875,-0.0315435306,0.0052861884,-0.0055716485,0.0174687853,-0.0141670657,0.0040819962,-0.0028608306,0.0094826304,0.0328810074,-0.0069759789,0.0058847803,0.0139176530,0.0159386861,-0.0017107802,-0.0027015455,-0.0049902412,0.0036326710,0.0059725450,-0.0051652288,0.0124310276,-0.0066941743,0.0123219630,-0.0092485466,0.0053844751,-0.0010685022,-0.0207463381,-0.0057082990,0.0058694401,0.0012108324,0.0110684413,0.0005210113,-0.0080573550,0.0108533497,-0.0039911076,0.0016314266,0.0109643836,-0.0184055493,0.0148447043,-0.0018118501,-0.0065987071,0.0151540963,0.0355735031,0.0058443529,-0.0191982093,0.0066420386,0.0048252232
137.0000000000,-0.0065290058,0.0034081164,-0.0079004746,0.0113635846,0.0095068921,-0.0059218444,-0.0089679414,-0.0284422826,-0.0074301809,0.0115931608,-0.0188972642,0.0084221478,0.0362494012,0.0006184552,-0.0144494768,-0.0087506989,-0.0091634350,0.0145632276,-0.0064868764,-0.0151947765,-0.0090764291,0.0312787651,0.0133635092,0.0005064633,0.0033920178,0.0105964292,0.0024057714,0.0095827082,-0.0151464866,0.0251148544,-0.0210279543,-0.0015079458,0.0226565727,0.0041225354,-0.0022446919,0.0039513070,0.0232133929,0.0206523979,0.0022641442,0.0327060055,-0.0062004724,0.0215834973,0.0015464648,-0.0354825803,-0.0012887870,0.0300929954,-0.0182386671,-0.0000043643,0.0071341672,0.0032187570,-0.0042148694,-0.0035406919,-0.0091629250,0.0052743713,0.0374617919,-0.0228511981,-0.0086353540,0.0030498989,0.0248309640,0.0219516974,0.0101654541,0.0242592097,0.0047569742
138.0000000000,0.0115357871,0.0236261896,0.0018909084,-0.0110715825,0.0005111371,-0.0019581062,0.0129258338,0.0005848489,-0.0111152836,0.0012735155,0.0022528866,0.0182308112,0.0111108557,0.0204372000,-0.0164316103,-0.0047429536,-0.0376067672,-0.0073902836,0.0138054753,-0.0121984883,0.0004874694,0.0010745053,0.0080568686,0.0022739322,-0.0092372444,-0.0039060929,0.0104435605,-0.0151818560,-0.0088409268,-0.0179415571,-0.0001312970,0.0106928523,0.0230606677,-0.0035739822,0.0226267739,-0.0309758543,0.0075589919,0.0061970410,-0.0064987786,0.0338865458,-0.0014288084,0.0107262664,-0.0013177845,-0.0177975739,-0.0123304904,0.0078684652,0.0087702639,-0.0157105535,-0.0008104689,-0.0062010116,-0.0060435310,0.0079450045,-0.0220908954,-0.0009863478,0.0155491133,0.0060741612,-0.0168209668,0.0144321048,0.0224128547,0.0213649587,-0.0138083104,0.0087604381,0.0210616887
139.0000000000,0.0096123687,-0.0089142828,-0.0072502945,0.0111132125,0.0095172142,0.0053891463,0.0091881071,-0.0136641344,-0.0093121030,0.0071937812,0.0012042273,0.0110570493,0.0147688335,-0.0185942062,-0.0258018409,-0.0091855656,-0.0179204288,-0.0058755128,0.0095569830,-0.0060910529,0.0296313694,0.0085123510,0.0305060718,-0.0042891177,0.0123950528,-0.0085113947,-0.0107175743,0.0078180279,0.0010056492,0.0047948195,0.0010611861,-0.0063543529,0.0104490796,0.0049561399,-0.0077451286,0.0313940687,0.0285338931,-0.0056890819,0.0107557549,0.0085412909,-0.0049649222,0.0186446735,-0.0220682605,-0.0050157619,0.0244874508,-0.0083229472,-0.0014597445,0.0073744474,0.0094416444,-0.0049424952,0.0078274997,0.0139824401,0.0176039505,-0.0117199387,0.0125803010,-0.0134687586,0.0004795221,0.0074416664,0.0170800448,-0.0147172693,0.0182246854,0.0120641301,0.0041058407
140.0000000000,0.0151488279,0.0111355567,0.0111089385,0.0185029235,-0.0132391468,0.0006894544,-0.0011026622,-0.0192701248,-0.0240399198,-0.0119296299,-0.0134125682,0.0109532646,0.0026459028,0.0051373248,-0.0051757017,-0.0179620493,-0.0087324908,-0.0031603664,0.0028043263,-0.0037847552,-0.0003695322,0.0122400822,-0.0157031433,-0.0120074453,-0.0016089917,0.0085063134,0.0068227965,-0.0015006780,0.0006733072,0.0062192160,0.0081791278,-0.0111566025,0.0090121765,-0.0083653612,0.0216802638,-0.0012821805,0.0125100481,0.0134450048,0.0242355314,0.0202062524,-0.0037000422,0.0078251057,-0.0058704033,-0.0012701472,0.0110180550,0.0017216757,-0.0268116223,0.0060277432,-0.0186372646,0.0078900064,-0.0188072770,0.0188958494,0.0008682878,-0.0058897892,0.0140153081,-0.0086989739,-0.0259585153,0.0019422942,0.0121202387,0.0050033739,0.0143615128,0.0018520619,0.0096640918
141.0000000000,0.0166236249,0.0097217344,-0.0114262027,0.0005946791,0.0144696788,0.0020681400,-0.0096534059,-0.0306177704,0.0146508569,-0.0050147625,-0.0089374131,-0.0121392578,0.0089553787,0.0201949317,-0.0086176536,0.0085412100,-0.0247834518,-0.0033715262,-0.0016975884,0.0029297933,-0.0038131902,0.0192501997,0.0229451909,0.0110830459,0.0000926312,0.0114164386,0.0048477585,-0.0050308871,0.0272681894,0.0254163210,-0.0022283448,-0.0043603995,0.0188175744,0.0121100926,0.0119520126,0.0024155849,-0.0068461458,0.0129332058,0.0188529581,0.0198592399,-0.0052315045,0.0336782958,-0.0171192966,-0.0040155858,0.0103376094,0.0068289317,0.0267263300,-0.0182624607,-0.0012064436,-0.0006961545,-0.0171549652,-0.0077667677,0.0112670185,-0.0057491533,0.0139161612,-0.0053177527,-0.0392164213,0.0276921832,0.0221264926,-0.0017483036,-0.0047062573,0.0356295788,-0.0140459664
142.0000000000,0.0229827695,-0.0240399678,-0.0288776433,0.0035334453,-0.0005952285,-0.0124308670,0.0013746515,0.0048207642,-0.0172614193,0.0192967746,-0.0017908955,0.0134465335,0.0160086756,-0.0116297972,0.0029217367,-0.0126050449,-0.0497390433,0.0040803555,0.0200682842,0.0094339690,0.0105599296,0.0093051095,0.0300209095,0.0095614155,-0.0146100716,0.0058174859,-0.0051567749,0.0028993841,0.0015391414,-0.0087183376,-0.0103867383,0.0117776629,0.0139834326,0.0005170747,0.0292955394,0.0085267492,0.0316016742,0.0020710427,0.0113074392,0.0346796752,0.0105356300,0.0200333893,-0.0227582737,-0.0114997788,0.0139298739,0.0333277438,-0.0240211264,0.0042907515,0.0074421761,-0.0068085255,-0.0196092892,-0.0078693320,0.0134794582,-0.0286863807,0.0548056490,0.0021666783,-0.0019395582,0.0145190650,0.0258377352,0.0279708329,0.0012747368,0.0248182522,-0.0005436495
143.0000000000,0.0079284002,-0.0273287028,0.0102287868,0.0059360657,-0.0180161234,-0.0176901435,-0.0066573156,-0.0056456152,-0.0151559018,-0.0210754520,-0.0078656524,0.0128976133,0.0043075523,-0.0021233310,0.0032459123,-0.0106112263,-0.0118304398,-0.0273204752,-0.0087129441,0.0140993587,-0.0077960016,0.0110114691,0.0226369469,-0.0032239504,0.0071947672,0.0099223548,0.0067744711,-0.0034335632,0.0023242597,-0.0088882162,-0.0268705307,0.0037723135,-0.0053597716,0.0159569788,0.0210049174,-0.0151489865,0.0286176936,0.0066258013,0.0077745764,0.0314857918,-0.0025337980,0.0258280210,0.0098499985,-0.0093270013,0.0038404555,0.0188798558,-0.0015544492,-0.0087062567,0.0026452199,-0.0000185208,-0.0012621051,-0.0063120091,-0.0004086323,-0.0103272234,0.0170479119,-0.0088445348,-0.0033200059,-0.0009522563,0.0199607320,0.0173054625,-0.0021712455,0.0079418229,0.0043847014
144.0000000000,-0.0124681209,0.0202524237,-0.0173989343,0.0037797911,-0.0070887635,-0.0236954440,0.0096286535,-0.0064479691,0.0302143727,-0.0027921736,-0.0243585007,0.0151188398,0.0123704544,0.0066830720,0.0058292464,-0.0149671877,0.0018007214,-0.0009537681,-0.0003497881,-0.0251283070,0.0133782072,-0.0093820850,-0.0013115861,-0.0036300624,0.0068398464,0.0173411709,-0.0163414164,-0.0204486980,-0.0103024926,-0.0082655328,-0.0156022721,-0.0146485114,-0.0077070255,0.0009557346,0.0045983439,-0.0039420596,0.0271307122,-0.0234378038,0.0175443268,-0.0001350497,0.0136856243,-0.0004807870,-0.0204441313,0.0003997520,-0.0104907017,0.0135080908,0.0321378049,0.0064823257,-0.0153583732,-0.0141796134,-0.0298061893,-0.0107501622,0.0127900417,0.0175956495,0.0240613087,0.0112660534,-0.0115867483,-0.0121485865,-0.0020466528,0.0066915040,-0.0150604077,0.0000944825,-0.0117014420
145.0000000000,0.0091663319,-0.0076840648,-0.0255092776,0.0072499209,-0.0054287449,-0.0150271457,0.0179060247,-0.0112549633,-0.0250491149,0.0172619995,0.0063810985,0.0074076783,0.0144485843,0.0066645111,-0.0041449203,-0.0178647151,-0.0060558347,-0.0044372051,0.0031064447,-0.0133822822,-0.0050417932,0.0233541326,-0.0082964021,-0.0036285225,-0.0012262632,0.0145836576,0.0020281783,0.0093685003,-0.0009193536,0.0105359015,0.0076835577,0.0131151267,-0.0015838378,-0.0146607379,0.0196091459,0.0029680637,-0.0031753855,-0.0061852230,0.0347118969,0.0288756199,0.0029594251,0.0199798203,-0.0180483139,-0.0305811866,0.0140464606,0.0102992038,0.0095087304,-0.0085375372,0.0110183251,0.0017132127,-0.0092396602,0.0263350974,-0.0029669771,0.0124518213,0.0077222290,-0.0053167829,-0.0025453326,-0.0132746748,0.0152504935,0.0137913242,0.0076592912,0.0328479047,0.0140760449
146.0000000000,0.0118217669,-0.0123786360,0.0014038226,0.0007194661,-0.0045604429,-0.0078136350,0.0044078657,-0.0036869995,-0.0051513995,-0.0112696451,0.0108867161,0.0035558822,0.0093592032,-0.0061512436,0.0140289305,-0.0179946706,-0.0328644096,0.0122394842,0.0081822860,0.0130597497,-0.0168086093,0.0028574458,0.0274492337,0.0132496832,-0.0184150439,-0.0013447851,-0.0145433932,0.0126002738,0.0104647700,-0.0021102980,-0.0084256486,-0.0020396662,-0.0009824148,0.0129131564,0.0006273985,-0.0044990301,0.0129645638,0.0128489663,0.0052139579,0.0187922842,-0.0205488564,0.0225090427,-0.0205559996,-0.0158877601,0.0128181981,0.0116358905,0.0188825382,-0.0114893470,-0.0150897132,-0.0122755267,0.0106811504,-0.0284303964,0.0103472352,0.0007759882,0.0220675693,-0.0071560264,-0.0052927718,0.0114147482,0.0142854217,0.0205333720,-0.0123406645,0.0138090675,0.0056333272
147.0000000000,0.0041811366,0.0030653525,-0.0027873251,-0.0175354700,-0.0006355385,-0.0214407531,0.0083168522,-0.0081928742,0.0136749985,0.0101882651,-0.0003717884,-0.0046144239,-0.0020435810,-0.0064301423,-0.0146776560,0.0006079693,-0.0005989891,-0.0071999740,0.0016135071,0.0036522848,-0.0022081081,0.0083700908,-0.0057693686,-0.0187411690,0.0083535010,0.0202149333,0.0073904209,-0.0067802736,0.0014352091,0.0238338729,-0.0178200899,0.0079450150,0.0216633059,0.0007540561,-0.0023998995,0.0150099199,-0.0009676722,-0.0003350134,0.0068820086,-0.0102634495,-0.0026225922,-0.0023339921,-0.0114671404,0.0096312865,0.0062716805,0.0242424955,0.0017799310,0.0118091370,-0.0110545225,0.0054792578,-0.0050011036,0.0018832559,0.0013200412,-0.0184083453,0.0140193171,-0.0088270499,0.0114856904,-0.0044463730,0.0031672267,0.0154915454,-0.0091412929,0.0023426928,0.0159554429
148.0000000000,0.0075929866,-0.0098389580,-0.0096409535,-0.0090759947,-0.0073833981,-0.0180099996,-0.0152201742,-0.0021011643,0.0121325262,0.0209568956,-0.0273875960,-0.0025626856,0.0207942624,0.0088509055,-0.0208387475,-0.0082786818,-0.0152088688,0.0153556281,-0.0056865825,-0.0061265536,-0.0037329649,0.0118577181,0.0342041644,-0.0054092901,-0.0325736885,-0.0024016878,-0.0078424235,-0.0178969400,0.0017368971,0.0366921473,-0.0314396219,0.0081898673,-0.0075727126,-0.0067919641,0.0340992630,-0.0030273750,0.0067346874,-0.0121560000,0.0097573960,-0.0009001873,-0.0150068022,0.0176344767,-0.0269242281,-0.0282915151,0.0094299837,0.0000847249,-0.0292662818,-0.0003265655,-0.0078337309,-0.0224170443,0.0027543190,0.0032959113,0.0029684489,-0.0034367371,0.0412926254,-0.0052181301,0.0053005807,-0.0182469520,-0.0000430687,0.0262303273,0.0058065559,0.0050903121,0.0101668754
149.0000000000,0.0095872092,-0.0071551668,-0.0122084668,0.0167877617,-0.0132765740,-0.0049430841,0.0067079384,-0.0148067574,0.0035172530,-0.0077908992,-0.0166354370,0.0118789377,0.0171074861,0.0203788735,-0.0287308435,-0.0047764107,-0.0115923195,-0.0025281283,-0.0009579148,-0.0182340474,-0.0031465916,0.0069334318,0.0092710102,-0.0270113303,-0.0175056070,0.0001320513,-0.0120351093,-0.0079170389,0.0100661024,0.0039675139,-0.0083094065,0.0013304647,0.0181767556,0.0074738568,0.0080191887,0.0001863817,0.0015074639,-0.0054926678,0.0247271085,0.0332524349,0.0050966280,0.0068042189,-0.0118093711,-0.0093213076,0.0353995647,0.0289355669,-0.0110163934,0.0143317507,0.0132713401,0.0100177209,0.0068026607,-0.0065118158,-0.0050250700,-0.0262414624,0.0232768523,-0.0147066480,-0.0084907848,0.0177945876,0.0276817244,0.0037753162,0.0270794382,0.0243664531,0.0239488781
150.0000000000,0.0107549324,0.0290668626,-0.0043500483,0.0227324672,-0.0130721847,0.0060894116,0.0113836558,-0.0020637081,-0.0021287779,-0.0023598930,-0.0019772272,0.0065452143,0.0206074186,0.0289833296,-0.0252740348,0.0060813584,-0.0136429721,-0.0127044235,0.0040709656,-0.0089823585,0.0235981606,0.0164858137,0.0291718345,-0.0102097049,-0.0137997716,0.0022501964,-0.0056866361,-0.0098908213,0.0055761689,-0.0039751628,-0.0030426580,0.0215909080,0.0029108216,-0.0064936729,0.0008177266,-0.0163624114,0.0444538592,-0.0236838297,0.0151940992,0.0391574388,-0.0074105232,0.0337510354,0.0027849260,-0.0097563836,0.0321328867,0.0341606179,0.0154774374,-0.0066989567,-0.0307105077,-0.0106320235,-0.0066224469,-0.0079300884,0.0069631050,0.0015737564,0.0056131995,-0.0169535250,-0.0145362845,0.0061243385,0.0366971548,0.0167361677,0.0024323580,0.0281373989,-0.0261953497
151.0000000000,0.0260464993,-0.0101921822,-0.0363691431,0.0246697076,0.0022269059,-0.0106015010,0.0008837482,-0.0089582470,-0.0042918563,0.0044054265,-0.0215176335,0.0182904436,0.0297870427,0.0160802312,-0.0198673285,-0.0092765719,-0.0199590801,-0.0012284603,-0.0045331716,-0.0117343856,0.0093922854,0.0136532244,0.0204238892,-0.0171506657,-0.0129259013,0.0042741921,0.0014580679,-0.0111776237,0.0386710195,0.0363183826,-0.0195148189,0.0158076282,0.0387656013,0.0128655468,0.0194086207,-0.0004170856,0.0405059513,-0.0271907052,0.0310580398,0.0538878835,-0.0111804816,0.0197130336,-0.0194208952,-0.0207765518,0.0120210144,0.0298703903,-0.0060416190,-0.0135676074,-0.0159051977,-0.0228839320,0.0048489201,-0.0069443154,0.0173368005,-0.0137778141,0.0296917282,-0.0173043787,0.0159383424,0.0187072924,-0.0017942026,0.0187755593,-0.0073911529,0.0229172929,0.0113998956
152.0000000000,-0.0069191178,0.0009374181,-0.0145651742,0.0135252617,0.0049321012,-0.0254456242,0.0187978486,-0.0104500336,-0.0120370741,0.0121224415,-0.0119693023,-0.0004009038,-0.0119577040,-0.0000224966,-0.0093871363,-0.0049736398,-0.0394419155,-0.0061401669,-0.0140075899,-0.0090724939,0.0020919639,0.0330904805,0.0202097434,0.0126309172,-0.0082918204,0.0133876323,-0.0132301918,-0.0075868750,0.0098909351,0.0278273264,-0.0136307633,0.0227118468,0.0003165347,0.0140936613,0.0410735154,0.0212789471,0.0252299139,0.0054861136,-0.0040283738,0.0264338215,-0.0236146759,0.0374811555,-0.0223643661,-0.0056300585,0.0104502001,0.0129679412,0.0104852841,0.0033082709,-0.0300457433,-0.0272037387,-0.0199231343,0.0192259072,-0.0046191873,0.0028302972,0.0078139152,-0.0127852034,-0.0174110571,0.0293054589,0.0022188134,0.0237354417,-0.0173512603,0.0440071466,-0.0052374141
153.0000000000,0.0068626705,0.0045415577,-0.0214688232,0.0109272761,-0.0010336550,-0.0002285519,-0.0206783187,-0.0060619031,-0.0254816586,-0.0017886129,-0.0175677425,0.0174413591,0.0056276164,-0.0034011941,-0.0181025421,-0.0101875802,-0.0053053393,-0.0036923320,0.0218008777,-0.0062546296,-0.0133364002,0.0346048866,0.0179106519,-0.0113377363,-0.0190833829,0.0204666012,-0.0088033885,-0.0147330742,0.0159022741,0.0147822089,-0.0145726545,0.0189323349,-0.0085847707,0.0114401856,-0.0052384308,-0.0011071142,0.0045944201,0.0191144999,0.0256227308,0.0332819249,-0.0029396869,0.0015411945,-0.0305794212,-0.0373820966,0.0266014179,0.0270069748,-0.0011443859,-0.0004103343,-0.0114208632,-0.0206964440,-0.0196076677,-0.0052817536,0.0097894865,-0.0030389641,0.0136348442,-0.0212656745,-0.0139475504,0.0182117754,0.0156414735,-0.0138635948,0.0016973221,-0.0017958795,0.0057127961
154.0000000000,0.0196847621,-0.0154971061,-0.0100875332,0.0153746720,0.0005274895,-0.0114880379,0.0194405803,0.0123503873,-0.0184705226,0.0099266234,-0.0132657921,0.0058040821,0.0085482914,0.0188822592,-0.0097360560,-0.0061267405,-0.0032844526,-0.0216975212,-0.0151160787,-0.0054871108,0.0106513004,0.0158398394,-0.0032409408,-0.0109532883,-0.0084044138,0.0178294701,-0.0031562281,0.0106539242,-0.0223837109,-0.0005109663,-0.0053949298,0.0144630761,-0.0048752440,0.0162749962,-0.0007100890,-0.0191552573,0.0257145894,0.0069897008,-0.0004420266,0.0358132970,-0.0191061507,-0.0030760512,-0.0020271095,-0.0085347599,-0.0038449783,-0.0056571562,-0.0074602215,0.0034699121,-0.0333558838,-0.0052787196,0.0034110351,-0.0171975684,0.0075209834,-0.0166596452,0.0010931127,-0.0194662366,0.0045645695,0.0069619731,0.0200089600,-0.0147218440,0.0033189654,0.0103217434,0.0033600999
155.0000000000,-0.0070582418,0.0044895423,-0.0349375705,-0.0173817119,-0.0136577526,-0.0115115188,-0.0053063295,0.0147513647,0.0126361109,0.0182878977,0.0018998083,0.0319928744,0.0316252137,0.0133110157,-0.0350508985,-0.0399791949,-0.0235101873,0.0034551598,0.0115380156,0.0085496961,-0.0047753391,0.0171994935,0.0247831343,0.0115872500,-0.0332991881,-0.0091099882,0.0163288875,0.0145474953,0.0213250972,0.0114508741,-0.0026775427,0.0120370740,0.0228886998,-0.0058460770,0.0469966725,-0.0060957453,0.0309949351,-0.0046639967,0.0312036393,0.0532815867,0.0123786445,0.0395138491,-0.0284839304,-0.0043622067,0.0010989519,0.0272073214,-0.0184873691,-0.0091054746,-0.0038659793,-0.0051386181,0.0012675676,-0.0001960528,-0.0016130962,-0.0008014330,0.0451902783,0.0005226132,-0.0091091387,0.0056358679,0.0196380451,0.0413192591,-0.0004458460,0.0145638201,0.0170945474
156.0000000000,0.0152956747,-0.0106207444,-0.0002914061,-0.0001606815,-0.0129741597,-0.0102500324,0.0015212267,0.0029081948,-0.0116298329,0.0100227809,-0.0046484613,-0.0023306519,0.0276383347,0.0042340449,-0.0247100567,0.0171377315,-0.0154568629,-0.0163765745,0.0127365240,-0.0110564828,-0.0121269732,0.0274261271,0.0055818293,-0.0183146319,0.0139877728,0.0039431364,-0.0148861148,-0.0153524028,0.0098718250,0.0059790066,-0.0140185164,0.0002754937,0.0247612808,0.0049371849,0.0279221759,-0.0239894973,0.0225523142,0.0076197239,0.0333636319,0.0367212761,0.0078558392,0.0169447719,-0.0083852162,-0.0305317239,0.0065552624,0.0026287197,-0.0024799677,-0.0087309608,-0.0076942610,-0.0101500022,-0.0030970233,0.0163152872,0.0018486148,-0.0174418327,0.0368408415,-0.0229733933,0.0074401670,0.0121635164,0.0150158299,-0.0020124930,0.0253160224,0.0197065943,-0.0053038023
157.0000000000,-0.0090282036,-0.0095959548,-0.0381325511,-0.0053048509,0.0118145014,-0.0086710202,-0.0030207414,-0.0001590757,-0.0136988177,0.0104605687,-0.0008746164,-0.0111106243,-0.0053203228,0.0232655896,0.0100137474,-0.0078800957,-0.0398804973,-0.0138465949,0.0223348647,0.0096776983,0.0030834863,0.0139893155,0.0104567971,0.0071447818,-0.0000654248,-0.0026259039,-0.0061239178,-0.0008404689,0.0147528416,-0.0046196531,-0.0050116396,0.0011279068,0.0096498432,0.0121692326,0.0409888006,-0.0022435976,0.0241712118,0.0063121319,0.0261246359,0.0315761732,-0.0050143742,0.0105216905,-0.0054046183,-0.0145866709,-0.0049665973,0.0075375361,0.0185531422,-0.0030807083,-0.0063243811,-0.0216246716,-0.0287685150,0.0274519936,-0.0001365055,0.0171434862,0.0203997337,0.0114929879,-0.0203471788,0.0142915737,0.0228621261,0.0276251090,0.0146629589,0.0054185488,-0.0070338490
158.0000000000,-0.0085592582,-0.0036922266,-0.0209273961,-0.0136960117,-0.0039880836,0.0053238164,0.0014010873,-0.0175327311,-0.0190025439,0.0041519578,-0.0096287119,0.0101832811,0.0075369646,0.0150971343,-0.0115448576,-0.0153266738,-0.0181770390,-0.0066672409,-0.0035596100,0.0063308794,-0.0032562761,0.0210929904,0.0106484706,0.0030248916,0.0132615281,0.0071976845,0.0164154081,0.0009003746,0.0135538087,0.0163042654,-0.0192677099,0.0154332854,0.0019690663,0.0002061616,0.0282329050,0.0037963935,0.0220619946,0.0060449322,0.0061917616,0.0070763956,-0.0216858301,0.0117770741,-0.0179517181,0.0076153187,-0.0127918333,0.0287884544,0.0058785218,-0.0014451972,0.0019034258,0.0046511589,0.0021123708,0.0079610061,-0.0051365263,-0.0078149131,0.0077318847,-0.0169053535,-0.0016910842,0.0064066475,0.0067879488,0.0059913265,0.0231301961,0.0090585947,0.0044497407
159.0000000000,0.0147621880,0.0051905227,-0.0147471235,0.0122624960,0.0063625488,-0.0249682076,-0.0058182988,-0.0197505694,-0.0040010016,0.0048557194,0.0052090386,0.0155095388,0.0140530063,0.0161605413,-0.0232183509,0.0018023825,-0.0395387333,0.0034912432,0.0307328885,-0.0061861823,0.0045516845,0.0089982620,0.0213093733,0.0100770241,-0.0254135580,0.0021884351,0.0110385314,-0.0062141572,0.0007276311,0.0080832125,-0.0207635856,0.0182794314,-0.0026455141,0.0089499699,0.0065370833,0.0132407254,0.0213099347,-0.0061019245,0.0028122605,0.0244463794,-0.0056557667,0.0023562944,-0.0315177984,-0.0020831632,-0.0009879681,0.0034099437,-0.0214964748,-0.0156073349,-0.0029276651,-0.0031231311,-0.0164744859,-0.0014267314,-0.0088412843,-0.0130145848,0.0151069163,0.0230679152,0.0004988727,0.0134611953,0.0380501048,0.0062709807,0.0006215202,0.0219808053,-0.0381702762
160.0000000000,0.0095278369,-0.0078557835,-0.0254528139,-0.0033579284,-0.0028436110,-0.0144535015,-0.0035924510,0.0175785735,-0.0033009613,0.0144385864,-0.0002589327,0.0015924277,-0.0095972772,0.0019331378,-0.0068817089,0.0231223033,-0.0101116514,-0.0127568431,-0.0137598610,-0.0094985976,0.0073605805,0.0174791159,-0.0084679737,-0.0087075482,0.0003419035,0.0102447056,0.0053866954,0.0154927587,0.0010715851,0.0237401591,0.0177054599,-0.0012630988,0.0290193017,0.0015178631,0.0173923311,0.0265911169,0.0298997067,0.0083332062,0.0092953527,0.0175195301,0.0222331415,0.0217050861,-0.0092552305,0.0002741895,0.0172351448,0.0314033798,-0.0160408840,-0.0125614389,-0.0015306684,-0.0029591817,-0.0156261256,0.0253526965,0.0060733361,0.0056807937,0.0160756259,0.0057852868,0.0007896159,-0.0181694801,0.0445120571,0.0174896733,-0.0068704679,0.0261308427,-0.0072887088
161.0000000000,0.0009881933,0.0116931985,-0.0122346319,-0.0007702305,-0.0130260992,0.0235256994,0.0196335795,0.0129305839,-0.0084831011,0.0094927494,-0.0027737064,-0.0117715280,0.0045133304,0.0061060541,0.0101529250,-0.0042187330,-0.0094932435,-0.0005421132,0.0270574763,-0.0034189767,0.0103896966,0.0248303051,0.0072679971,0.0074886676,0.0075996401,-0.0198703936,-0.0162653985,0.0204171792,0.0030477980,-0.0169371802,-0.0074054123,0.0153408121,0.0000031521,0.0009529405,0.0049964591,-0.0006759540,-0.0007797798,0.0289987423,0.0052178261,0.0093499463,-0.0213687597,0.0096912032,-0.0294214734,-0.0268331275,-0.0002160660,0.0138225269,-0.0005601587,0.0173350740,0.0027355851,0.0148544318,-0.0126764868,0.0254311621,0.0021565151,-0.0106026481,0.0314735147,-0.0332858310,-0.0114277684,-0.0080710515,0.0140916041,0.0203432428,0.0176251301,-0.0010581944,0.0146373336
162.0000000000,0.0073539140,0.0106359546,-0.0170056245,-0.0117101304,0.0016891976,0.0044217015,-0.0045426591,0.0109197629,-0.0106093092,0.0004375377,0.0010470189,0.0069026571,0.0126503197,0.0039659578,-0.0148379423,0.0109855189,-0.0128082334,-0.0177877411,0.0212483999,-0.0125979025,-0.0178912221,-0.0096538197,0.0014140967,0.0058205296,0.0015210025,-0.0041425332,-0.0017729315,-0.0005820606,0.0054114068,0.0150799273,-0.0145848889,0.0082380814,0.0134349417,0.0287802974,0.0025816580,0.0052365838,0.0326744508,-0.0204820614,0.0188576207,0.0214822552,-0.0061678632,0.0378240669,-0.0024058452,-0.0143328430,0.0164444712,0.0074098836,0.0027043938,0.0086447632,0.0079679837,-0.0307465278,-0.0144655658,0.0140016108,-0.0007148955,0.0049158348,0.0376070944,0.0009526698,-0.0087420793,-0.0066626912,0.0135383593,-0.0001366089,-0.0174201887,0.0008510437,0.0184475740
163.0000000000,-0.0049311545,0.0179093697,-0.0124036239,0.0126855169,0.0232785944,-0.0249844066,0.0001020998,-0.0029774278,-0.0021996686,-0.0112225650,-0.0037303471,0.0074795566,0.0062158317,-0.0051338069,-0.0260902941,-0.0021052421,-0.0004830302,-0.0083779597,-0.0154112304,-0.0035810109,0.0033213890,0.0328078082,0.0269267701,-0.0076472033,-0.0043473835,0.0057113335,0.0020481299,0.0084437034,-0.0130494709,0.0138428078,0.0046911998,0.0043805212,0.0114716589,-0.0007929692,0.0122952557,-0.0076936260,0.0168392929,0.0083149062,0.0243357800,0.0068476424,-0.0103099260,0.0018106278,-0.0120745631,-0.0082222288,-0.0020811017,0.0260611151,0.0049462393,-0.0014520345,-0.0111468292,-0.0064781114,-0.0169093784,0.0073959874,0.0256900769,-0.0083240186,0.0102752470,-0.0328190248,-0.0089275832,0.0227085955,0.0071042533,0.0149909411,0.0073443078,0.0239214693,-0.0001461882
164.0000000000,0.0107122329,0.0006453548,-0.0290580303,0.0059320684,-0.0018991398,0.0095231426,0.0048796966,-0.0007475953,0.0063365105,0.0083499755,0.0048723990,0.0216028337,0.0334563604,0.0072769766,0.0012734596,-0.0234908495,-0.0031599453,0.0043461779,-0.0077113013,-0.0050817366,-0.0154660734,0.0079824710,0.0283433188,-0.0128040033,-0.0141425621,0.0040928126,-0.0019413986,-0.0084995870,0.0034244793,-0.0111995987,-0.0149546323,0.0056297220,0.0312004134,-0.0103448849,-0.0047067143,0.0085526647,0.0171092184,-0.0047128430,-0.0036283593,0.0101557840,0.0005523368,0.0204999973,-0.0028833464,0.0078391182,-0.0097401695,0.0153216500,0.0165152656,0.0025085507,-0.0069357048,-0.0115148559,0.0024505728,0.0120662512,-0.0146885256,-0.0062949142,0.0319075896,-0.0043679777,-0.0081830291,0.0005352006,0.0207161241,0.0200365932,-0.0201080306,0.0161786351,-0.0025004306
165.0000000000,-0.0131217133,0.0027832159,-0.0131435982,-0.0055010027,0.0037679731,0.0089349620,0.0129645949,-0.0189524681,-0.0061194364,0.0028366131,0.0000808899,0.0171480259,-0.0060534894,0.0045417599,-0.0066541377,-0.0093222407,0.0013255813,-0.0045560838,0.0075028501,-0.0158738035,-0.0036458466,0.0176809806,0.0057740384,0.0044787244,0.0072663153,0.0045128663,-0.0039936120,-0.0028098508,-0.0098088825,0.0105906898,-0.0174546644,-0.0002525692,0.0062616550,0.0010045290,0.0159909375,0.0037790861,0.0129032488,-0.0095856763,0.0201692132,0.0210383667,-0.0100547050,0.0250540295,-0.0262781285,-0.0046549460,0.0135585001,0.0148086275,0.0266046653,0.0009964627,0.0093664139,-0.0172028849,0.0079345996,0.0058546288,0.0177664161,-0.0275306267,0.0194847034,0.0121590033,-0.0146086301,0.0062269169,0.0190702800,0.0148797338,-0.0017299949,0.0101021398,-0.0071636934
166.0000000000,0.0029940003,0.0161240559,-0.0258742165,0.0091346553,0.0091153267,-0.0121467527,-0.0033710353,-0.0029553912,0.0113211935,0.0056974309,0.0025782860,0.0141484029,0.0279914481,-0.0051185752,-0.0209644468,0.0045315983,-0.0195428401,-0.0229919036,-0.0122685262,-0.0029259215,-0.0081046039,-0.0048827913,0.0100688502,0.0061612348,-0.0296500732,-0.0176957885,-0.0300189322,-0.0145085069,0.0197337028,0.0036523549,0.0048466607,-0.0154469106,0.0035540912,-0.0102706101,0.0193151899,-0.0109220796,0.0355439804,-0.0008588369,0.0000100948,0.0550349529,0.0013748975,0.0239789067,-0.0298590686,-0.0121883720,0.0130777666,0.0148426356,-0.0199007511,0.0064875084,-0.0066096880,0.0034223412,0.0010897966,0.0337175247,0.0048899903,-0.0126522614,0.0051145311,-0.0028813962,0.0006709699,-0.0003690776,0.0008389780,0.0066800127,0.0001030951,0.0415586033,0.0093409176
167.0000000000,-0.0111752507,-0.0195854926,-0.0133557737,0.0215853526,0.0218481905,0.0002630244,-0.0007557093,-0.0026708804,0.0079030146,0.0061719851,-0.0163700222,0.0249387782,-0.0096926728,0.0099052438,-0.0237352309,0.0008890170,-0.0256381455,-0.0015189594,0.0059845029,0.0086482501,-0.0135159542,0.0147830980,0.0070122823,-0.0107668915,-0.0043567357,-0.0044130798,-0.0053505887,-0.0240391955,0.0081236910,0.0242017394,0.0038363766,0.0085678330,0.0056622179,0.0104564405,0.0199953019,-0.0152350072,0.0194251295,-0.0084994419,0.0077673961,0.0246504053,0.0068441824,0.0288060455,-0.0151636300,-0.0196836274,0.0025106013,0.0034922346,-0.0125215036,-0.0111706230,-0.0112066990,-0.0030514003,-0.0078084355,0.0055937343,-0.0000194429,0.0021384592,0.0309842365,-0.0267749598,0.0136739581,-0.0174624396,0.0280815033,0.0083313725,0.0073516269,0.0120388597,-0.0045746539
168.0000000000,0.0100170177,0.0014639384,-0.0177523165,-0.0160998450,0.0113357913,-0.0097689530,-0.0103588295,0.0225097124,-0.0061764624,-0.0096926301,0.0049814234,0.0069039447,0.0215160102,0.0131295815,0.0017680784,0.0072720094,-0.0397940610,-0.0173755778,0.0033970373,0.0098133590,0.0218960230,0.0213725785,0.0249629405,-0.0172790024,-0.0284946889,-0.0029444671,-0.0172666214,0.0048441527,0.0096452694,0.0393921157,-0.0058820275,0.0122118512,0.0111336760,0.0170292434,0.0216729006,0.0044612135,0.0201585644,0.0065029446,0.0248789777,0.0519595569,0.0007257060,0.0343674024,-0.0138771377,-0.0233356795,0.0119656631,0.0279724568,0.0075877390,0.0222483513,-0.0065910451,-0.0096481995,0.0010080581,0.0027347081,0.0276797985,-0.0033582922,0.0261425093,-0.0218089079,0.0060287588,0.0219368911,0.0087347763,0.0116161680,0.0077025842,0.0155972995,0.0183965646
169.0000000000,0.0005219602,0.0088340998,-0.0124891060,0.0134548022,-0.0035290410,-0.0033639106,-0.0114214261,-0.0059768550,0.0014423789,-0.0123494461,0.0039636660,0.0194794763,0.0055648507,-0.0064435946,-0.0073276729,0.0012948229,0.0068260770,-0.0201175904,-0.0113556230,-0.0190750941,-0.0241792704,-0.0170631864,0.0239506484,-0.0027852544,-0.0018387495,0.0199048939,0.0082625411,0.0062628478,-0.0068552034,-0.0020867803,0.0102795442,-0.0038181796,-0.0126397289,0.0144372978,0.0127239244,-0.0064126354,0.0021112000,-0.0037565182,-0.0055486106,0.0054995814,-0.0052619831,0.0259650747,0.0023568314,0.0185585541,0.0152098139,0.0075785158,0.0013353433,-0.0142245493,0.0009930443,0.0077553664,-0.0071923824,0.0061374405,0.0038075955,-0.0013844385,-0.0019673461,-0.0014308266,-0.0052185825,0.0107581173,0.0279808268,-0.0204203595,0.0034850129,-0.0000737778,0.0156382868
170.0000000000,0.0060966203,0.0074327363,-0.0108163724,0.0011085245,-0.0165459962,0.0152447739,-0.0054239006,-0.0040564392,-0.0220774946,0.0266462543,0.0133383687,-0.0077818558,0.0155200565,0.0025884270,-0.0191735470,-0.0107334286,-0.0396416605,-0.0148909450,0.0144765275,-0.0081583734,-0.0114285343,0.0188872563,0.0201428277,-0.0047433430,-0.0240937725,0.0046191942,0.0159401509,-0.0080393951,0.0323965669,0.0259144865,-0.0081789837,0.0179158299,-0.0076797097,0.0002812312,0.0345075893,-0.0062635186,0.0216089151,0.0141055321,0.0139145996,0.0331185457,0.0098870062,0.0166315230,0.0094961856,-0.0072186949,0.0263627217,0.0162331552,-0.0175933068,-0.0068189060,-0.0135237771,-0.0020997495,-0.0068415138,-0.0098150648,0.0181285199,0.0039160606,0.0469558770,-0.0128844899,0.0069610486,0.0122314985,0.0070597675,0.0111985547,-0.0150895801,0.0375292034,-0.0185789060
171.0000000000,0.0022627004,-0.0135797483,-0.0040481738,0.0104847146,0.0001920495,0.0051013028,0.0069057317,-0.0033525614,0.0019557170,-0.0050518387,-0.0031715342,0.0085361287,0.0290754200,0.0272310869,-0.0127343762,0.0067826485,-0.0184999089,-0.0107135540,0.0258277713,-0.0095702762,0.0063798448,0.0182083012,0.0201953765,-0.0038777675,0.0023948133,0.0056031614,-0.0022414408,0.0087435814,0.0098695639,0.0118257756,0.0024264962,0.0071482648,0.0202078644,0.0120472032,0.0153872449,-0.0100831918,0.0194608066,-0.0161912852,0.0188366917,0.0341143196,-0.0274496884,0.0146952740,-0.0348672906,-0.0125162151,-0.0023778893,0.0188509101,-0.0025355127,-0.0159190666,-0.0080196925,-0.0236533493,-0.0007419840,-0.0000910793,0.0190947957,-0.0177215344,0.0185359227,-0.0152184564,-0.0134121722,0.0237157447,0.0115887104,0.0105396851,-0.0057460728,0.0228816382,0.0074719320
172.0000000000,0.0113316718,-0.0312385860,0.0027820198,0.0116308630,-0.0146709693,0.0116525809,-0.0105426340,-0.0242389103,-0.0036550703,0.0067735278,0.0057243348,-0.0036119242,0.0064821639,0.0120819971,0.0081066364,-0.0109155365,0.0016497766,-0.0050570851,0.0123861458,0.0275444427,0.0004278778,-0.0057423344,-0.0133413500,-0.0131280000,-0.0273764191,-0.0144208485,-0.0052044747,-0.0054349936,0.0046084905,0.0039754721,-0.0099080347,0.0060632375,0.0117382617,-0.0035632892,0.0173753109,-0.0098508913,-0.0005168555,-0.0073325117,0.0161004876,-0.0011860239,-0.0144988196,-0.0109695151,0.0050778269,0.0053544620,0.0040595094,0.0021050350,0.0053408724,-0.0172152506,0.0131642735,0.0045575427,0.0070377713,0.0056933059,0.0031038172,-0.0011902360,0.0078159524,-0.0158500162,-0.0020901424,-0.0104404913,-0.0030024355,0.0172268727,0.0220360296,0.0226451512,-0.0276105873
173.0000000000,0.0053776529,-0.0357275783,-0.0191795617,-0.0028826130,-0.0075449984,-0.0125331574,0.0129293221,0.0108655642,-0.0184037363,0.0050273163,0.0167863481,0.0188792854,0.0078245757,0.0150793292,-0.0195690307,-0.0220524694,-0.0093162622,0.0026462692,-0.0078800883,-0.0359539070,0.0029474397,0.0071962960,0.0283266141,0.0019403830,0.0143018516,-0.0038326702,0.0139368815,0.0079363876,-0.0070574344,0.0139067069,-0.0166157295,-0.0100144280,0.0259324253,-0.0006242130,0.0053322700,0.0015066920,0.0090860734,0.0113670208,0.0198327350,0.0091881580,-0.0208239051,0.0179527998,0.0067525217,-0.0161915123,0.0020943408,0.0151717578,0.0032361270,-0.0124154069,-0.0214973009,0.0144623673,-0.0023703943,0.0021725846,0.0038695710,-0.0017711157,0.0088853435,0.0200516166,0.0068624111,0.0009110350,-0.0019244361,0.0100455308,-0.0031921622,-0.0004005653,-0.0030996039
174.0000000000,0.0084901495,0.0042190682,-0.0075609363,0.0020149989,0.0033665554,-0.0254987953,0.0113357392,-0.0010149925,-0.0061206042,0.0182002126,0.0047542595,-0.0125445364,0.0097696071,0.0166725702,-0.0005921999,-0.0211463903,-0.0308002998,0.0121586447,0.0203972874,-0.0179486157,-0.0180008660,-0.0000775488,0.0199735332,-0.0116790066,0.0097207501,-0.0090966632,-0.0089415517,-0.0028197010,-0.0013878245,0.0307309981,-0.0275801672,0.0052106509,-0.0080593953,0.0087221803,0.0266060299,-0.0138732643,0.0195182492,-0.0069652731,0.0155417055,0.0492446673,0.0054308778,0.0116988949,-0.0009569135,0.0043131817,0.0137889835,0.0164120356,0.0148772017,0.0089257421,-0.0088167630,-0.0211419793,-0.0122706140,0.0009478334,-0.0096885125,0.0103042498,0.0122023838,-0.0121591858,0.0074131583,0.0110160132,0.0124640853,0.0227638184,-0.0034493814,0.0014888079,-0.0171952959
175.0000000000,-0.0030356204,0.0054829977,0.0029503772,0.0045764117,-0.0079801015,-0.0317535860,0.0071000147,-0.0050912953,-0.0186742540,0.0108014175,-0.0054134546,-0.0146739754,0.0113029910,0.0085696702,-0.0040947567,-0.0107223318,0.0077214295,0.0088109301,-0.0142854869,0.0071095743,-0.0026836541,0.0140672357,0.0248786109,0.0016786608,-0.0201755720,0.0073092809,0.0032949405,-0.0174968559,0.0135785593,0.0068463445,-0.0087933095,-0.0045859764,0.0013821338,0.0233023361,0.0334137367,-0.0061178336,0.0227347009,-0.0042754738,-0.0118962174,-0.0074690062,0.0000026602,0.0091318323,0.0029437074,-0.0111994273,-0.0015836450,0.0248407966,-0.0002236171,-0.0099033491,-0.0068057039,-0.0190606509,-0.0014758778,-0.0222429308,0.0103347612,-0.0153813622,0.0129743474,-0.0041390781,0.0081105290,0.0072816762,0.0112728460,0.0209535171,-0.0046228893,0.0091301610,0.0189645182
176.0000000000,-0.0100378935,-0.0158373765,-0.0068058110,0.0030961634,0.0218929070,0.0111752102,0.0180362658,-0.0238623537,-0.0142525534,-0.0035281216,-0.0007728107,-0.0109622595,0.0085562430,-0.0050353346,-0.0215092156,-0.0006413378,-0.0195237567,0.0070554684,-0.0179380556,-0.0000107660,0.0018402454,0.0153352127,0.0037177595,0.0093840271,0.0059892382,0.0060344137,0.0229057885,0.0043957401,0.0024373081,0.0093972823,-0.0157987188,0.0101704399,-0.0154227435,0.0284404159,0.0248327880,-0.0047033144,0.0371876466,-0.0073664156,-0.0061494061,0.0221397421,-0.0010040145,0.0067811674,-0.0158091170,-0.0046763819,0.0057228012,0.0239161325,0.0026665540,0.0003522236,-0.0024927250,-0.0128664780,-0.0046886729,0.0096364491,-0.0071679795,0.0280413102,0.0141349780,-0.0055688277,0.0071067328,-0.0058106174,0.0123831563,-0.0056273776,-0.0061724567,0.0074943125,0.0093248770
177.0000000000,0.0050489492,0.0007375820,-0.0093885254,0.0030191425,-0.0148682504,-0.0129455290,-0.0073408167,0.0149202892,-0.0242879183,-0.0089729389,-0.0023543049,0.0136805153,0.0213919118,-0.0012269324,0.0059639050,-0.0202483767,-0.0212853167,0.0045883037,-0.0224021584,0.0223239017,0.0051796972,0.0014954661,0.0280059439,-0.0038894393,-0.0145191512,-0.0132088318,0.0036509336,-0.0102708755,-0.0100687926,0.0252179392,-0.0176655589,0.0171734685,-0.0133064351,0.0025064191,0.0064774673,-0.0053074611,0.0233194260,-0.0026497654,0.0027342701,0.0287799994,-0.0091509252,0.0265087357,-0.0118172800,-0.0301865196,0.0060475989,0.0077853824,-0.0277704957,0.0018593182,-0.0018180051,-0.0232079253,-0.0130007460,0.0083426748,-0.0064140610,-0.0170216848,0.0326928054,-0.0071865171,0.0031937956,0.0057662947,-0.0023126788,0.0275368743,0.0117528145,0.0139193958,-0.0129105158
178.0000000000,0.0199194283,-0.0142987342,-0.0189047776,0.0213956016,-0.0010288173,-0.0189808747,0.0056928334,-0.0056736329,-0.0091553798,0.0046924767,-0.0065402642,0.0228787011,0.0171185910,0.0108286321,-0.0096786891,0.0014508084,-0.0226066207,0.0101193209,0.0113377330,-0.0250995225,-0.0005462132,0.0120090005,0.0326076522,0.0036919936,-0.0111608830,-0.0168303506,-0.0022833858,-0.0040221113,0.0190362889,0.0286766113,0.0052530058,0.0119641353,0.0130184655,-0.0075453123,0.0163123442,-0.0016145940,0.0456638431,0.0237291245,0.0350002910,0.0213819417,-0.0055089524,0.0314277132,-0.0151347672,-0.0119400855,0.0183536858,0.0266863543,-0.0197450871,-0.0040989417,0.0074119717,-0.0020276685,-0.0143693497,0.0212279001,0.0196732611,-0.0147531765,0.0460565577,-0.0083330817,-0.0116975908,0.0191335796,0.0269537124,0.0143776935,0.0021090957,-0.0000532245,-0.0008843646
179.0000000000,-0.0013578531,0.0154090598,-0.0426214232,0.0014981858,0.0096831889,-0.0120281954,0.0106575470,0.0077693079,-0.0085335022,0.0135879245,-0.0171682854,0.0024070644,0.0044793236,-0.0026323848,0.0024997479,0.0137536313,-0.0363877934,-0.0083103236,0.0051095642,0.0041375252,0.0063764437,0.0144238526,0.0229476805,-0.0149938073,-0.0183243140,-0.0264121377,-0.0237663455,-0.0086702302,0.0216850531,0.0111141244,0.0047868404,0.0127933506,-0.0059261663,0.0061643247,0.0331594872,-0.0122537814,0.0471858157,0.0186853118,0.0238600903,0.0413486842,0.0132463580,0.0218839461,-0.0161124840,-0.0306714756,0.0179200754,0.0310932231,-0.0100070094,-0.0066205220,-0.0013897066,-0.0193442864,-0.0102652497,0.0051997501,0.0086106429,0.0276498647,0.0339660666,0.0120079944,-0.0085519225,-0.0023191901,0.0161993274,-0.0041898269,-0.0002284860,0.0328829580,-0.0126145188
180.0000000000,-0.0091533828,-0.0003435834,-0.0332429441,0.0024797599,0.0009179708,-0.0000799826,0.0126030454,-0.0015574793,-0.0251099541,0.0156315759,-0.0027300777,0.0094790078,0.0305278474,0.0141801483,-0.0166947745,-0.0259174434,-0.0465114078,-0.0189597702,0.0056456876,-0.0006720316,0.0027022870,0.0163630098,0.0187092285,0.0098719779,-0.0164557119,0.0006793597,0.0048404753,-0.0068879453,0.0150720492,0.0236356829,-0.0055753134,0.0268932298,0.0110611960,0.0038475718,0.0142861959,-0.0016950497,0.0493192364,0.0037437097,0.0193778804,0.0245979549,-0.0010548581,0.0398381804,-0.0147827946,-0.0115256922,0.0228101767,0.0130309927,0.0017658528,-0.0077922403,-0.0105129174,-0.0111220944,-0.0286327182,-0.0053181321,-0.0278468034,0.0079400415,0.0327459705,0.0013600270,-0.0092860882,-0.0019061594,0.0206699257,0.0319254168,-0.0038036214,0.0262809702,0.0037403928
181.0000000000,0.0100400137,0.0049014988,-0.0039559609,0.0069940143,-0.0016057598,-0.0142670227,-0.0044840445,-0.0294236692,0.0069183626,-0.0168523246,-0.0035354713,0.0033879295,0.0022828132,0.0167386030,-0.0054470287,0.0006992229,-0.0362531324,-0.0167988634,0.0094302481,-0.0043581921,0.0029726099,-0.0014484470,0.0081590968,0.0030925780,-0.0127196984,-0.0153049492,-0.0048236331,0.0008096112,0.0077443016,0.0345289213,0.0110296635,0.0157836140,0.0138493073,-0.0091141935,0.0189743681,-0.0248861524,0.0178072775,-0.0079893799,0.0389583002,0.0278430435,-0.0055123090,0.0100341892,-0.0003387653,-0.0310091344,0.0256296903,0.0215880744,-0.0099196296,0.0221655243,-0.0023141071,-0.0049586727,0.0035258599,0.0026079519,0.0102308916,-0.0047681432,0.0131176610,-0.0166200400,-0.0096897242,0.0186306119,0.0093202164,0.0137151723,0.0122230302,0.0220014278,0.0126672647
182.0000000000,0.0050079380,0.0037458635,-0.0169011676,-0.0053985223,-0.0154779478,0.0130465208,-0.0225014413,-0.0118318885,0.0198822207,0.0006055467,-0.0037207869,0.0044972754,0.0005272122,-0.0133106685,0.0045225546,-0.0082195732,0.0002160064,-0.0273179984,-0.0078260449,-0.0400127945,-0.0096060175,0.0032234281,0.0090684355,0.0001993445,-0.0322833447,-0.0008766596,0.0005173469,-0.0034911421,0.0208653201,0.0266929698,-0.0063802485,0.0152347255,-0.0067749901,-0.0067002115,0.0015276608,0.0252178354,0.0264144691,0.0105767952,-0.0081189426,0.0044608869,-0.0096476360,0.0004509683,-0.0122446620,-0.0020377850,0.0092683161,0.0177608334,-0.0019416608,0.0129323832,-0.0064427337,-0.0060001362,-0.0053002578,-0.0038093444,0.0005017687,0.0037307845,0.0051442181,-0.0036393188,-0.0084950899,0.0007793462,0.0109049413,0.0145032807,0.0263509213,-0.0009029417,0.0088465828
183.0000000000,-0.0005152062,0.0087322520,-0.0166937672,-0.0039181240,0.0157880212,-0.0093577925,-0.0050474126,0.0113758130,-0.0107975918,0.0055654197,-0.0028351889,-0.0118105773,0.0170911933,0.0136783563,0.0207207336,0.0090830561,-0.0120566343,0.0004589300,-0.0055362479,-0.0239219226,0.0016220343,0.0308403851,0.0221400984,-0.0130484993,-0.0031499718,0.0059500643,0.0073650863,-0.0083454221,0.0148519507,0.0145753898,-0.0152396628,-0.0142800907,0.0143028878,-0.0034926821,0.0168216126,-0.0117723782,0.0290066486,0.0087446103,0.0176264101,0.0170592882,0.0164608979,0.0149605042,-0.0128737986,0.0069203796,-0.0065228828,0.0017826319,-0.0013253060,0.0115427985,-0.0091577624,-0.0083534682,-0.0140803322,0.0158419079,-0.0069032444,0.0225165768,0.0230253706,-0.0072362233,-0.0069943782,0.0065570796,0.0136691258,0.0107830338,0.0310004905,0.0188214964,-0.0013814267
184.0000000000,-0.0209575964,0.0039747053,-0.0225511027,0.0155638338,0.0146888660,-0.0019336317,0.0021827378,0.0124407248,-0.0129628350,-0.0198254875,0.0170289356,0.0240449743,0.0053783402,0.0049032460,-0.0047916449,0.0225850823,-0.0291489423,0.0088243284,-0.0009212607,-0.0083554658,0.0088986752,0.0046643906,0.0190965570,-0.0111294738,-0.0001782689,-0.0124333566,-0.0070945459,-0.0223306399,0.0134208987,0.0244706084,-0.0086360522,0.0194653400,0.0078677805,0.0063216216,0.0152364657,-0.0050741703,0.0054737095,-0.0083236068,0.0222205328,0.0321612474,0.0046296986,0.0351798679,-0.0151414216,-0.0121249559,0.0138424912,0.0248972479,-0.0205793523,-0.0101956352,-0.0264289173,0.0117445996,-0.0127178886,0.0165654756,0.0097916150,-0.0002192481,0.0394366227,-0.0097235183,0.0072102651,0.0324625628,0.0158640969,0.0146078695,-0.0113572200,0.0194630952,-0.0108617836
185.0000000000,0.0100794422,0.0055962295,-0.0115146019,-0.0124201601,-0.0164397646,-0.0067862909,0.0096214639,-0.0022027464,0.0067334919,0.0103586494,0.0263149689,0.0024826438,-0.0015781302,0.0160037770,0.0082656059,0.0034832428,-0.0099836340,0.0167114323,0.0135503764,0.0091331640,0.0090140410,0.0153933959,0.0159649974,0.0205458747,0.0181603150,0.0099020309,0.0089165239,-0.0090715509,-0.0064265074,0.0334916570,-0.0145238506,-0.0060879205,0.0227671111,0.0068414733,0.0094276656,0.0100674533,0.0275127605,0.0091695380,0.0010667059,-0.0088992067,-0.0030210523,0.0308840600,-0.0215171683,-0.0245144537,0.0109081563,0.0290064839,0.0076343657,-0.0226605520,-0.0137988004,-0.0135178316,-0.0020736845,-0.0181147376,0.0032535876,0.0048510455,0.0231529661,0.0061322655,-0.0124937498,-0.0045723914,0.0009382040,-0.0086497558,0.0034265856,-0.0010933946,0.0150207742
186.0000000000,-0.0137104499,-0.0164662141,-0.0065626119,0.0104616026,-0.0050617318,-0.0154989464,0.0181958093,0.0065801405,0.0134363742,0.0031152573,-0.0183917100,0.0192586082,0.0315722579,0.0210777700,0.0066352610,0.0029837803,-0.0010645937,-0.0113278497,0.0153445190,0.0225118272,0.0223525021,0.0159664902,0.0253985651,-0.0022906696,-0.0161854825,-0.0062773674,-0.0012853808,-0.0124103077,-0.0027134450,0.0308083525,-0.0085171708,-0.0008494250,-0.0096933618,0.0022475518,0.0169230993,0.0080631173,0.0410777020,-0.0031428766,0.0110478396,0.0253195565,0.0090857923,0.0259271896,-0.0069460125,-0.0071055483,0.0030609295,0.0102390699,-0.0071046138,-0.0114427218,-0.0092264040,-0.0027693539,0.0069105066,-0.0058119777,-0.0000612880,-0.0028184525,0.0320365210,-0.0173721366,0.0077244501,0.0108362703,0.0084126621,-0.0082102760,0.0099541812,0.0230577043,-0.0102122238
187.0000000000,-0.0020588961,0.0222233159,-0.0072161619,0.0220135808,-0.0119433260,0.0016999314,0.0090863687,-0.0003641599,-0.0061583141,0.0171363530,0.0063413216,-0.0104946446,0.0195206093,0.0172694969,0.0121859247,-0.0007626099,-0.0139356037,-0.0057541184,0.0202774769,-0.0151881956,0.0085698001,0.0201091367,0.0170174785,0.0103984591,-0.0013810150,-0.0167699089,-0.0034609749,-0.0009143691,0.0059269308,0.0075360715,0.0049240783,0.0181998083,0.0038512777,0.0026248556,0.0097958995,0.0021072654,0.0070840638,-0.0043807436,-0.0044425856,0.0312538092,-0.0195046633,0.0288679778,-0.0029765384,0.0040271587,0.0141664967,-0.0102054076,-0.0088164365,-0.0012610928,-0.0067174532,-0.0030593752,0.0092929403,-0.0097054280,0.0014463321,-0.0225471757,0.0192507665,0.0093218540,-0.0033748222,0.0188602021,0.0435010987,0.0053224494,0.0010538229,0.0282807432,0.0161864398
188.0000000000,0.0003675484,0.0047060622,0.0033445567,0.0019862112,0.0190954445,0.0126957383,-0.0088953101,0.0077111782,-0.0252455589,-0.0042878040,0.0174890214,-0.0102191399,-0.0005217653,0.0051538146,-0.0041908872,-0.0297787281,-0.0289653309,-0.0097552313,-0.0192266051,-0.0128737161,0.0162869069,0.0106066713,0.0229393202,0.0144397086,-0.0125129434,-0.0013916835,-0.0099320431,-0.0010861964,0.0142710574,0.0017574249,-0.0035406255,0.0079210939,0.0216497466,-0.0166120387,0.0065418437,0.0161098128,0.0141385178,-0.0034437631,-0.0038244713,0.0115328912,0.0120069738,0.0156938035,0.0184030434,-0.0311229209,0.0217803169,0.0102690712,-0.0016374571,0.0087978985,0.0346686747,0.0032115591,-0.0111621118,0.0173373852,-0.0100802190,-0.0061067328,0.0126085474,-0.0033156814,-0.0211227454,0.0250875589,0.0276828684,0.0145446654,-0.0042518494,0.0351804829,0.0053964425
189.0000000000,-0.0021876363,0.0035941373,-0.0194951013,-0.0036801722,0.0065833310,-0.0138173789,0.0051680988,-0.0238922267,0.0001105436,-0.0104531258,0.0088884988,0.0047492494,0.0185692665,0.0057608576,0.0077972424,-0.0060025879,-0.0177797627,-0.0061473896,-0.0063261219,-0.0158522811,-0.0034816234,0.0108969154,0.0376419496,0.0008743629,-0.0127435633,-0.0083516887,-0.0305719978,0.0036849057,0.0032680393,0.0239293359,-0.0106277673,0.0147641524,0.0111320247,0.0066669103,0.0249719300,-0.0095119067,0.0383390381,0.0167286563,-0.0016436903,0.0280713821,0.0161392026,0.0287827636,-0.0014682260,-0.0225223255,0.0383567002,0.0292792110,0.0044069386,0.0000507639,-0.0145204996,-0.0217764949,0.0004032816,-0.0030509740,0.0009482874,0.0117930187,0.0396552775,-0.0190307554,0.0234127135,-0.0084942429,0.0296720743,0.0103397074,0.0067263774,-0.0047534511,0.0119881736
190.0000000000,0.0092251625,0.0254598767,-0.0210667672,0.0094056560,-0.0044641845,-0.0308131409,-0.0046584441,-0.0014211105,-0.0127424279,0.0013749452,0.0006065096,-0.0066193018,0.0192945026,0.0241632540,-0.0012634128,-0.0176817213,-0.0358985513,-0.0216164126,-0.0141400576,-0.0096234603,0.0003257031,0.0234256621,0.0310704375,-0.0006087484,-0.0068184500,0.0042423680,0.0088800444,0.0071914010,0.0187701158,0.0046947043,-0.0382366833,0.0258443735,0.0127924458,0.0131729796,0.0195482504,-0.0273883108,0.0371711563,0.0001255749,0.0216464388,0.0159980259,-0.0157490778,0.0354836660,-0.0138439702,-0.0012471366,0.0083482082,0.0059126324,-0.0038098585,-0.0128668431,-0.0030699274,-0.0285417855,-0.0175458715,0.0057100839,0.0123589691,-0.0005212873,0.0176355990,-0.0140867652,-0.0165820652,-0.0050325619,0.0263775041,0.0007560088,-0.0090385305,0.0157698845,0.0011590260
191.0000000000,0.0079179615,-0.0071007735,-0.0087501309,-0.0074619050,-0.0074963785,0.0114699600,0.0154202246,0.0106461308,0.0030745547,0.0412587702,0.0046639275,0.0090951083,-0.0004617675,0.0146149322,-0.0210651832,0.0040606991,-0.0089933027,-0.0049188151,-0.0137111841,-0.0178102043,0.0010116183,0.0222935788,0.0271456971,-0.0159342638,-0.0055294521,-0.0160279299,0.0061778675,-0.0020859364,-0.0043704926,0.0183586391,-0.0217645566,0.0054683170,0.0420299226,0.0268587203,0.0235759268,0.0008937277,0.0107827322,-0.0141222654,0.0177405923,0.0227588680,0.0183122103,0.0321449055,0.0034987912,-0.0318280265,0.0014197554,0.0101545787,0.0005181113,-0.0049775048,-0.0014445144,0.0000648486,-0.0184528876,0.0005264566,0.0039040567,-0.0071359127,0.0021979950,-0.0156547059,0.0073035487,-0.0148225647,0.0034464730,0.0154550637,0.0132283937,0.0147334567,0.0046848918
192.0000000000,0.0099928273,0.0302756939,-0.0005058584,0.0174888955,0.0050314923,-0.0196121487,-0.0027603697,-0.0263096695,0.0089859970,0.0142033548,0.0115090979,-0.0171550883,0.0247128192,-0.0153172052,-0.0015802552,-0.0180359833,-0.0332284130,-0.0077906111,0.0084067394,-0.0197379077,0.0136065889,0.0393993995,0.0093943499,-0.0004561868,-0.0206348968,0.0131192929,0.0111319227,0.0046751431,0.0168750869,0.0128665298,-0.0078033912,-0.0015100170,0.0102562051,-0.0008737355,0.0250022814,-0.0033995715,0.0165661486,0.0175671657,0.0288983494,0.0219490150,-0.0096087621,0.0263763535,-0.0026940674,-0.0245214003,0.0031951817,-0.0053765300,0.0003713293,-0.0115753099,-0.0192570458,-0.0268070385,-0.0100508009,0.0042349174,-0.0070205767,-0.0098843476,0.0234046173,0.0028032747,-0.0240167756,-0.0075935973,0.0000496138,0.0196945255,0.0241470173,0.0091251942,0.0048404743
193.0000000000,0.0180993407,0.0215822880,-0.0102712802,-0.0089115939,0.0041031680,-0.0067737064,0.0017409671,0.0145392972,-0.0010729928,0.0328844159,0.0087250665,-0.0029589573,0.0254150914,0.0131038674,0.0102642068,0.0189155720,-0.0132582260,-0.0119819342,0.0029298462,0.0032975326,-0.0028518090,0.0119092685,-0.0040883154,-0.0098404480,-0.0136378564,0.0045145846,0.0090689043,-0.0232131734,-0.0120691105,0.0103152910,-0.0073802062,0.0167876265,0.0047131559,-0.0148853100,0.0227772256,0.0179469303,0.0249810370,0.0169030851,0.0055193348,0.0168536088,0.0187250175,0.0094366341,0.0096792301,-0.0058041173,0.0188176900,0.0376640769,-0.0166206559,-0.0135551628,-0.0111897439,0.0132186819,-0.0051707486,0.0171823224,-0.0239119513,0.0044477736,0.0191325087,0.0105633993,-0.0022391925,0.0116044950,0.0065036530,0.0217904936,0.0117216339,0.0323510435,-0.0037139423
194.0000000000,0.0045135999,0.0019224453,-0.0348239331,0.0206002609,-0.0069930898,0.0246604149,-0.0202357984,-0.0128472992,0.0031598885,0.0231853386,-0.0153175008,0.0248158215,-0.0134097572,-0.0003805293,-0.0236095981,-0.0307492280,-0.0043482702,-0.0172165544,0.0137004515,0.0050370481,-0.0084211190,0.0221011257,-0.0010906074,-0.0184946809,-0.0037831812,0.0317247450,0.0068930865,0.0021001215,0.0110958519,0.0133031168,-0.0153985784,-0.0110771106,0.0199638293,0.0122056951,0.0265100320,0.0218237120,0.0119317165,0.0113819272,0.0318717427,0.0265629340,0.0263717421,0.0272362376,-0.0108932928,-0.0280716000,0.0096000252,-0.0097803224,0.0112415683,-0.0128240148,-0.0040491682,-0.0160615069,-0.0378562055,0.0220865092,-0.0115790746,0.0003778985,0.0204673040,-0.0155085455,-0.0057857487,0.0017075297,-0.0060417865,0.0350102122,-0.0306667780,-0.0031622567,0.0266325802
195.0000000000,0.0245698297,-0.0078712531,-0.0081027793,0.0127317486,-0.0040603036,-0.0302534997,0.0207536580,0.0107297637,-0.0085438592,0.0193812537,-0.0089910698,-0.0091663700,0.0112295564,0.0084281780,-0.0049084007,0.0005764012,-0.0026911578,-0.0076743164,0.0156729511,-0.0214505089,0.0071921806,-0.0054008474,0.0128009637,0.0047394224,-0.0217898200,-0.0007936496,0.0062504964,0.0021721720,0.0005140349,0.0217877432,-0.0056139952,0.0156433853,0.0091690105,-0.0177606331,0.0230579429,-0.0006872505,0.0557186562,-0.0010628707,0.0311556961,0.0207361856,0.0182566616,0.0094441794,-0.0073848645,-0.0238555060,0.0006131811,0.0016305965,-0.0091311123,0.0059687582,-0.0202407013,-0.0059141203,-0.0138722426,0.0032593423,0.0135426581,-0.0088667494,0.0199091640,-0.0047496886,-0.0056288104,0.0027475358,0.0161576200,0.0091866109,0.0089812101,0.0198327467,0.0111275077
196.0000000000,0.0201653655,0.0147130575,-0.0340467412,-0.0152953896,0.0267063739,-0.0046104348,0.0046417917,-0.0119390273,-0.0006911659,0.0175013954,-0.0105435345,0.0105188562,-0.0089835880,-0.0047503495,-0.0040317552,0.0145371735,-0.0134948134,0.0007201282,0.0114816535,0.0185112245,0.0163990023,0.0109088704,0.0408936061,-0.0018698539,0.0101438349,0.0021016916,-0.0044953722,-0.0044552872,-0.0011085599,0.0162531691,-0.0154371145,-0.0015094614,0.0209132921,0.0023720285,0.0138360303,0.0018938635,0.0076993573,0.0165934320,0.0140095134,0.0136158278,-0.0139622939,0.0075675493,-0.0147523546,-0.0286282242,0.0163586163,0.0073116764,-0.0023752588,-0.0322487057,-0.0195536798,-0.0116604063,-0.0192186442,0.0203759355,-0.0116055313,0.0018627507,0.0184276855,-0.0096759241,-0.0229566900,0.0298895776,0.0072809487,0.0019567989,0.0075025903,0.0313065134,-0.0146104088
197.0000000000,0.0043936369,0.0099272257,-0.0290842115,-0.0096432083,0.0172071953,0.0012105576,-0.0045869334,-0.0018701726,0.0091591592,-0.0166974614,0.0277397522,-0.0049285681,0.0020220354,0.0314805195,0.0095163433,-0.0264034309,-0.0271462943,-0.0181624262,0.0080216853,-0.0234249757,0.0159239449,0.0234210160,0.0153827630,-0.0078249164,-0.0097234942,-0.0072808964,0.0047008438,-0.0030119984,0.0463166859,0.0017859463,-0.0240246602,-0.0063880301,0.0037894703,-0.0073265347,0.0230137373,-0.0132981625,0.0002746758,-0.0097989502,0.0207087598,0.0226362876,-0.0121805275,0.0159472043,-0.0306197517,-0.0224332099,0.0028975933,0.0342662806,0.0018201681,0.0084651381,-0.0198518937,-0.0101976387,-0.0129528642,-0.0139379809,-0.0008770107,0.0019992457,0.0173020379,0.0078743345,0.0090942686,0.0278063591,0.0138657723,-0.0064866480,0.0079654404,0.0154141113,-0.0032160587
198.0000000000,-0.0071366166,-0.0068907633,-0.0223992929,0.0162516337,0.0307326053,0.0103483928,0.0019139464,-0.0016827470,-0.0135513502,0.0020835729,0.0083408304,-0.0031994599,-0.0015053237,0.0115186816,-0.0029354344,-0.0173321636,-0.0148829130,0.0185345701,0.0037328762,-0.0187627438,-0.0126917300,0.0018671392,0.0057787233,-0.0124777898,0.0031289720,0.0009630066,0.0046984836,0.0003120719,0.0076377412,-0.0038778050,0.0117164728,0.0021407693,0.0190870919,0.0209123588,-0.0044054637,-0.0075084507,-0.0040197408,0.0116467119,0.0239146595,0.0095996864,0.0144794117,0.0276837024,-0.0160814302,-0.0185767759,-0.0014579016,0.0062113737,0.0169131918,0.0167023180,-0.0018561990,-0.0097136306,-0.0106079582,0.0018459948,0.0173617423,-0.0148173262,0.0137687722,0.0171296465,-0.0042759204,-0.0087936395,0.0045279675,0.0002074366,0.0056599894,0.0118116221,0.0110040977
199.0000000000,0.0086173677,-0.0162751939,-0.0303489512,0.0080891042,-0.0121268428,-0.0124075392,0.0095921887,-0.0167371185,-0.0010604457,-0.0039189895,0.0065024293,0.0067283691,0.0096294924,0.0054030491,-0.0079250249,-0.0052188963,-0.0098351369,0.0088406014,0.0243536850,-0.0138227643,0.0050267854,0.0133440185,0.0233350304,0.0053899936,-0.0161241149,0.0198312999,0.0057512675,-0.0059393570,0.0104864718,0.0141896333,-0.0104888148,0.0060655049,0.0117363910,0.0096417403,0.0233587777,0.0071312226,0.0218040270,0.0278136017,0.0140184419,0.0243990152,0.0088928328,0.0347811180,-0.0166330690,-0.0104924255,-0.0053227767,0.0269559636,0.0068047198,-0.0165303861,-0.0262356088,-0.0100129305,-0.0257506011,0.0140506115,0.0117142698,-0.0018590918,0.0450746723,-0.0126049680,0.0029679264,0.0264704627,0.0133965037,0.0017441634,0.0059831630,0.0282704527,-0.0045101302
200.0000000000,0.0087382881,-0.0105235394,0.0060281156,-0.0029356843,0.0000188737,-0.0223687825,0.0158758732,-0.0128998309,0.0024854880,0.0073463679,-0.0129000622,0.0083073883,0.0326860497,-0.0000333096,0.0009587460,-0.0099436112,-0.0113370653,0.0003065826,-0.0121448180,-0.0005764245,-0.0067181408,0.0087470384,0.0072583593,-0.0186487647,-0.0145619564,0.0237979504,0.0053620182,-0.0126308669,0.0184038874,0.0154312207,-0.0130250469,0.0149803043,0.0108539639,-0.0044936283,0.0219671336,-0.0229998933,0.0100561305,0.0021795394,-0.0028753109,0.0082755618,-0.0243799733,0.0224871919,0.0016631286,-0.0009221742,-0.0017254390,0.0106552793,-0.0138099815,-0.0095150806,-0.0190604696,0.0015207632,-0.0138074440,-0.0025438743,-0.0033223819,-0.0080918463,0.0196325581,0.0118390563,-0.0150811150,0.0015049167,0.0128282977,0.0111680390,-0.0103893558,0.0178957438,-0.0102013543
201.0000000000,0.0152677766,0.0061894586,-0.0072344972,0.0010228876,-0.0028030139,-0.0131135438,-0.0173789212,-0.0029518124,0.0082846198,-0.0102910481,0.0209010261,0.0046540291,-0.0053506687,0.0010553311,-0.0020543789,-0.0086769800,-0.0214506018,-0.0367925555,0.0145724165,0.0068627974,0.0020442623,0.0083510736,0.0155335238,-0.0061866977,0.0155920147,0.0062860692,-0.0118223370,-0.0225414320,0.0104823378,0.0105333529,-0.0036378712,-0.0111180172,0.0202048945,0.0080695910,-0.0119328128,0.0075070017,0.0027478874,0.0138925507,0.0290861812,-0.0021007806,0.0041432451,0.0188594478,-0.0215373071,-0.0167654905,0.0160958859,0.0187604667,-0.0112143562,-0.0038661156,0.0073927537,-0.0222064414,0.0052920719,-0.0236186283,0.0014851376,-0.0113483533,0.0275890745,-0.0325197253,-0.0142632617,0.0215865354,-0.0061930179,0.0165193326,0.0183382376,0.0280248796,0.0237819260
202.0000000000,0.0023275158,0.0098302188,-0.0252446770,0.0187557520,0.0020702870,-0.0111147273,-0.0138286310,-0.0030151962,-0.0267814303,0.0004780986,0.0057499649,-0.0102171028,-0.0037060691,-0.0034693225,-0.0201883190,0.0131318652,-0.0473865802,-0.0112040519,0.0012149509,0.0013418747,-0.0096155919,0.0281603609,0.0154250874,0.0059856802,0.0036924399,0.0039092611,0.0215540193,-0.0025904475,0.0052940134,0.0187178200,-0.0195353601,0.0110398117,-0.0059836324,0.0060534932,0.0265924407,0.0038157614,0.0343986866,0.0128289502,0.0372165142,0.0286502362,-0.0017241532,0.0400480296,-0.0234141430,-0.0243361086,0.0338395915,0.0444774612,-0.0132972151,-0.0130127853,-0.0142822548,-0.0135280051,-0.0258762778,0.0180273035,0.0242522151,-0.0180357926,0.0274111059,-0.0053968252,0.0003423773,0.0231672417,0.0175774836,0.0238265713,-0.0177334671,0.0244145635,-0.0133571153
203.0000000000,-0.0221730822,0.0129567815,-0.0121988954,-0.0054513162,0.0161818448,0.0066933838,-0.0161433470,-0.0072712369,0.0074288121,0.0078562595,0.0208496677,-0.0006428367,0.0073441844,0.0267064128,-0.0059802788,0.0007191074,-0.0208200559,0.0059784282,-0.0040267454,0.0152797093,0.0062946734,0.0019891073,0.0156834026,-0.0098956955,-0.0147302946,0.0036867962,0.0181147724,-0.0090801779,-0.0069855334,0.0048110614,-0.0045507441,0.0185678406,0.0008975410,0.0036693104,-0.0107389413,0.0012088855,0.0120390474,-0.0064522232,0.0178969579,0.0052334618,0.0059734020,0.0065069213,-0.0034241624,-0.0257426877,0.0101027879,-0.0008177732,-0.0036348110,-0.0037149251,-0.0042243169,-0.0002329674,-0.0044668060,-0.0069641197,0.0046044946,0.0115575517,0.0141719871,0.0091101345,-0.0100945567,0.0233821165,-0.0129395041,-0.0125976456,0.0173087497,-0.0072223581,-0.0240283288
204.0000000000,-0.0140099294,-0.0018858002,-0.0086604473,-0.0048418075,-0.0291031565,0.0046037556,0.0039880638,0.0038596458,-0.0008464513,-0.0058057735,-0.0078377808,0.0162641338,0.0048059429,-0.0192610605,-0.0040023042,-0.0103933195,-0.0173287144,-0.0385697328,-0.0030610761,-0.0334849908,-0.0000574134,0.0015965358,0.0298373936,-0.0161907099,-0.0192699947,0.0096882520,0.0019268547,0.0049365673,0.0067610864,0.0121836946,0.0010701699,0.0096903409,0.0100638071,-0.0176087053,0.0248672421,0.0113472261,0.0126828825,-0.0028870585,0.0286816573,0.0013428511,-0.0281332800,0.0227348909,0.0016965076,-0.0163047577,0.0105734718,0.0295417691,-0.0017510901,0.0102309433,-0.0057555379,-0.0348187979,-0.0070777175,0.0069852258,0.0175196948,0.0081524741,0.0125312218,-0.0137475669,-0.0028354317,0.0238480467,-0.0031103980,-0.0056715552,-0.0084333817,0.0089578735,-0.0002112457
205.0000000000,0.0069199545,-0.0042131653,-0.0029293566,0.0161900124,0.0090953593,-0.0005441164,0.0198896645,-0.0099395778,0.0093903561,-0.0021668993,0.0081141789,-0.0057818170,-0.0026904936,0.0105561980,-0.0128351327,-0.0142949400,-0.0185579032,-0.0166818560,0.0153784257,-0.0086277637,-0.0111906560,-0.0035175259,0.0219582829,-0.0038241709,0.0111382539,0.0019917455,-0.0035483678,-0.0060339281,0.0139083134,-0.0025363265,-0.0049669300,0.0282059098,0.0066177885,-0.0054019485,0.0014645769,-0.0021287248,0.0143260604,-0.0042834963,-0.0017794487,0.0189336703,0.0121897317,0.0007598677,-0.0219635975,-0.0172020220,0.0064061959,0.0100404780,0.0015134196,-0.0228416264,-0.0173260141,-0.0048545430,0.0059091686,-0.0083003340,-0.0041866043,-0.0068068487,-0.0020359104,0.0036590044,-0.0128453813,0.0104128300,0.0112201863,0.0156789380,0.0097531712,-0.0008750634,0.0000287647
206.0000000000,0.0048698022,-0.0027669552,-0.0209577183,-0.0009300756,-0.0032178591,0.0122188465,0.0267254138,0.0035992376,0.0130229114,0.0120388729,-0.0079847979,0.0119147698,0.0299412315,0.0096481519,-0.0040499069,0.0042673816,-0.0059999123,-0.0063944856,0.0107834482,-0.0016482347,0.0072615058,0.0234554791,0.0336502727,-0.0145514365,-0.0242404058,0.0084731031,-0.0062099599,0.0043944428,0.0062283710,0.0145532228,-0.0057809921,0.0291820095,0.0126401202,-0.0006247107,0.0095184071,-0.0139640334,0.0382962886,-0.0211617760,0.0035126508,0.0321965146,-0.0139627691,0.0097440563,-0.0010606359,-0.0204596849,0.0120204725,-0.0052589533,0.0001922373,0.0054430529,-0.0142639879,0.0031476737,-0.0134702245,-0.0103032451,0.0159846787,-0.0128390768,0.0036115704,-0.0020967863,-0.0048531683,0.0007306170,0.0259396898,0.0145223853,-0.0033948105,0.0228386697,-0.0104406704
207.0000000000,0.0038085899,0.0000195091,0.0047536079,-0.0138441163,-0.0207300715,-0.0200052860,-0.0203977484,0.0107737259,-0.0067078772,0.0040000048,-0.0181192283,0.0032830599,0.0115903752,0.0128636960,0.0099446018,-0.0066979034,0.0148909863,0.0107517730,0.0046918966,0.0050826169,0.0043080791,-0.0130502264,0.0066594272,-0.0196104468,-0.0036156835,0.0102166046,0.0077004810,-0.0082880746,-0.0037279348,0.0214849820,-0.0029751288,0.0045346478,0.0040833637,-0.0032547811,0.0212700890,-0.0078310508,0.0265148524,-0.0133666347,0.0227922746,0.0249133009,0.0000675277,-0.0210302017,-0.0265021352,-0.0036199678,0.0050022003,0.0234759461,-0.0111390631,0.0039676365,-0.0003075854,-0.0055724944,0.0077593046,-0.0182451525,0.0030748012,0.0168190312,0.0018377047,-0.0225835200,-0.0059799941,-0.0116295503,-0.0033643229,0.0176031542,-0.0354788310,0.0057478041,0.0038899711
208.0000000000,0.0075254724,0.0138016274,-0.0219437209,0.0033244847,-0.0170734563,-0.0179343880,-0.0052522807,-0.0182123057,-0.0201027223,0.0053310854,-0.0005378708,0.0148120336,-0.0063984527,0.0094538712,-0.0029427881,-0.0034544349,-0.0217622953,-0.0119329330,0.0110077030,-0.0042729796,0.0145924044,0.0009967271,0.0082642725,-0.0030092857,-0.0396767711,0.0072428578,-0.0216415387,0.0039031604,0.0147610222,0.0166149052,-0.0131726459,0.0016720935,0.0124130612,0.0056540491,0.0086121439,0.0136120772,0.0341002338,-0.0145122657,0.0295502655,0.0505600122,0.0015578689,0.0064952840,-0.0172172994,-0.0307942765,0.0108886340,0.0187273143,0.0168693830,-0.0177684634,0.0037964888,-0.0100143526,0.0044684293,0.0351722095,-0.0011274547,-0.0241138798,-0.0046374278,-0.0051836524,-0.0044974298,0.0158130169,0.0316133372,-0.0041028840,0.0083159175,0.0200560131,-0.0327870787
209.0000000000,0.0229387304,-0.0067954787,-0.0116224122,0.0047417124,0.0186767130,-0.0031116953,0.0126459054,0.0105415190,-0.0061250979,0.0194390993,-0.0155430014,-0.0040686579,0.0071150121,-0.0183873396,-0.0066629641,-0.0126995523,-0.0056702275,-0.0122477911,0.0016844468,0.0044874926,-0.0105016060,-0.0321784430,0.0173853498,-0.0086353702,0.0033002340,0.0051620824,0.0111057729,0.0037764742,0.0004557620,0.0090598271,-0.0245190756,0.0112950056,-0.0084002014,-0.0040591256,-0.0033357336,0.0003457246,0.0006257600,0.0048808533,-0.0025935123,0.0342706659,-0.0080154430,0.0171172598,-0.0261816972,-0.0035487749,0.0182154638,0.0204067371,0.0041676448,0.0084265525,-0.0152440690,0.0045315584,-0.0069555168,-0.0068675870,0.0128760451,0.0136311951,-0.0026250549,-0.0203255063,-0.0201114933,0.0096788957,0.0080615556,-0.0101165770,-0.0126865306,0.0201044715,-0.0152870860
210.0000000000,0.0150067502,-0.0098582659,-0.0063787026,-0.0034062900,-0.0122401216,0.0190381917,0.0105110314,-0.0154799906,-0.0131126475,0.0216655577,-0.0212130565,0.0120474733,0.0044704841,0.0045410247,-0.0215646952,-0.0119414906,-0.0177150008,-0.0124454006,0.0137243299,-0.0061475779,0.0050046695,0.0259506320,0.0415533153,-0.0141283579,-0.0021405567,0.0137586831,-0.0071970160,-0.0034600347,-0.0026743259,0.0197296376,-0.0121610107,0.0163940283,0.0217696290,0.0095476059,0.0081261903,0.0218999998,0.0278783082,-0.0026789579,0.0180583495,0.0158385138,0.0017217695,0.0242548312,0.0062845435,-0.0273392476,0.0120147007,0.0008430671,-0.0219047134,0.0016251973,-0.0066806127,-0.0128961987,-0.0232578893,0.0116947036,0.0057843131,0.0249237808,0.0279141020,0.0028663363,-0.0066999184,0.0306216863,0.0191207633,0.0011455455,0.0336608818,0.0161808332,-0.0023141379
211.0000000000,0.0099746156,0.0048533637,-0.0155813956,0.0003807927,-0.0011421256,-0.0227501188,0.0046701415,-0.0033957895,-0.0503767623,0.0044792960,0.0043315507,-0.0126647650,0.0160300647,0.0112517413,0.0108490942,-0.0049808125,-0.0288669237,-0.0137501410,-0.0035710921,0.0093310856,-0.0012613630,0.0255818825,0.0007359786,0.0000717823,-0.0198259104,0.0135807781,-0.0095053806,0.0151347142,0.0119316098,0.0362162484,0.0065011561,0.0316373789,0.0223184321,-0.0035225854,0.0115715141,-0.0066114183,0.0238667324,0.0172685054,0.0227750523,0.0462175089,0.0000671100,0.0331262470,-0.0275688571,-0.0090774074,0.0107052080,0.0240084018,-0.0156613673,-0.0033498705,0.0050086837,-0.0184332712,-0.0013490664,-0.0046970309,-0.0043891590,-0.0198202868,0.0239915690,-0.0284676500,-0.0002622690,0.0025695817,0.0182924547,0.0167441081,0.0014707230,-0.0010548391,0.0007832998
212.0000000000,0.0217522108,0.0126628460,0.0102232109,-0.0192562856,-0.0188010017,-0.0061777394,0.0077273211,0.0058804142,-0.0052623284,0.0058276426,-0.0062717649,-0.0018063476,0.0154108056,0.0069166121,0.0016096049,0.0109619797,-0.0421640058,-0.0050718184,-0.0121395751,-0.0025503741,0.0011935989,0.0124385522,0.0248288609,-0.0011437720,-0.0179897324,0.0251979784,0.0110176127,0.0158188794,0.0144837246,0.0131726143,-0.0019287605,0.0136290048,0.0077523103,0.0092299788,0.0133988060,0.0000121268,0.0084278359,-0.0031476082,0.0040246782,0.0071968878,0.0110668648,0.0253437296,-0.0163995297,0.0035669218,-0.0126019975,0.0187519182,0.0013721735,-0.0025121759,-0.0111450817,-0.0083751312,0.0052903175,-0.0018232188,0.0115371627,-0.0066981941,0.0150808090,0.0087471878,-0.0162015122,0.0275460219,-0.0067593401,-0.0008590707,-0.0106295937,0.0353197344,-0.0165421099
213.0000000000,0.0038933326,-0.0009345944,0.0036635531,-0.0062367271,0.0043430720,-0.0041299112,0.0026101296,0.0168556391,0.0084439055,0.0042859215,-0.0223556769,-0.0109740917,0.0060824953,0.0073691600,0.0165520021,-0.0138274177,-0.0122352635,-0.0022241886,0.0134492508,-0.0130643064,0.0089455823,0.0255952287,-0.0030216999,0.0067454522,-0.0154234545,-0.0093127081,-0.0195074222,0.0080469072,0.0043252134,0.0225592761,0.0092165835,-0.0055041360,-0.0018550630,-0.0025730010,0.0178195883,0.0207272522,0.0263070638,0.0099940890,0.0186089396,0.0381053962,0.0067240364,0.0351343183,0.0026522790,-0.0119904003,0.0085008863,0.0284189878,0.0024503072,-0.0122140199,-0.0101435717,-0.0103987620,-0.0210804405,0.0145329358,-0.0035030547,0.0081370388,0.0124157241,-0.0031704843,0.0163123778,0.0070685658,0.0265361038,0.0192845734,-0.0110155458,0.0114650597,0.0034299179
214.0000000000,-0.0049015002,0.0082468195,-0.0143189085,-0.0214023006,0.0030057722,-0.0258579768,0.0036342208,-0.0279446946,-0.0138879155,-0.0146108716,0.0069403917,-0.0081918796,0.0258855834,0.0086694607,-0.0144247187,-0.0032881005,-0.0181439072,-0.0287793613,0.0017975813,-0.0197668720,0.0026276486,0.0105524677,0.0033344476,0.0021210515,-0.0084098850,0.0271076610,0.0006172093,0.0123968863,0.0020962757,-0.0132230569,-0.0319779919,0.0277200745,-0.0038767482,0.0300095918,0.0255968032,-0.0026359062,0.0089531742,0.0053554263,0.0277127059,0.0325004686,0.0111439034,0.0278568732,-0.0165406853,-0.0053009105,-0.0042991845,0.0076519996,0.0129467139,-0.0163657337,-0.0103864989,0.0095064419,-0.0184063514,0.0106619108,-0.0004697962,0.0074218870,0.0192806192,-0.0078027575,-0.0081198002,-0.0118774881,0.0305760380,0.0049231471,-0.0228442631,0.0363784970,0.0017988570
215.0000000000,-0.0091362090,0.0112133422,-0.0107456119,0.0199114319,0.0027249246,-0.0035805415,0.0162659223,-0.0050832027,-0.0114461340,0.0093130586,-0.0154415156,0.0128477625,0.0281212771,0.0091790663,-0.0122789151,0.0044385978,-0.0329293722,-0.0116042402,0.0103444073,0.0091145573,0.0047555349,0.0169547503,0.0060371180,0.0097344439,-0.0020126908,-0.0014723100,0.0239169529,-0.0061456644,0.0287322060,0.0273198203,-0.0179088884,0.0135546144,0.0326295948,0.0068059883,0.0312341506,-0.0030061090,0.0166521396,-0.0106612987,0.0173172710,0.0438060745,0.0103564142,0.0253606387,-0.0144517593,-0.0186582645,0.0067889834,0.0103386036,0.0074653792,0.0038032931,0.0004327800,0.0026073259,-0.0028702029,-0.0004604257,0.0203543185,0.0126159288,0.0320974132,-0.0047451273,-0.0012973329,0.0073422983,0.0205983428,-0.0092482720,0.0198292246,0.0354878265,0.0023631532
216.0000000000,-0.0084489032,-0.0199716599,-0.0109403009,0.0065748257,-0.0023721656,0.0101738410,-0.0100703354,-0.0266334577,-0.0159577187,0.0154413138,-0.0006572833,0.0002648694,-0.0087067997,-0.0174265985,-0.0122716008,-0.0121245201,-0.0304974963,-0.0077616875,0.0075616182,-0.0173526675,0.0081313852,0.0293655779,0.0215172595,0.0020137767,-0.0216141830,0.0215086130,0.0084788830,-0.0122992141,0.0084206097,0.0148330753,-0.0191677722,0.0041889438,0.0194427735,-0.0070176469,0.0234957594,0.0198874098,0.0308962372,0.0119322633,0.0091977246,0.0478401395,-0.0131651134,0.0314238208,-0.0093214422,-0.0235127633,-0.0001727539,0.0156901721,0.0018636201,-0.0233863106,-0.0088766630,-0.0141726544,-0.0049115083,0.0142223390,-0.0010425748,0.0204682021,0.0098315331,-0.0211355868,-0.0028922878,-0.0051579567,0.0293865840,0.0276553558,0.0047506304,0.0100589808,0.0049635059
217.0000000000,0.0204046064,0.0009032632,-0.0232218537,0.0217292288,0.0104974517,0.0005489433,-0.0022099394,0.0005492441,-0.0080533961,0.0042743037,0.0069788492,-0.0072893382,0.0105572387,0.0100426221,-0.0063782580,0.0225912036,-0.0183973539,0.0057687561,0.0248592924,-0.0017662264,0.0250015274,0.0337071039,0.0229337667,-0.0021670297,-0.0063699748,0.0126925904,0.0115491993,-0.0124851839,0.0127504498,0.0308552953,-0.0128812540,0.0032492893,0.0030359757,-0.0009347101,0.0295898322,0.0074316076,0.0109669483,0.0315063403,0.0201981800,0.0333765349,0.0342411057,0.0154377026,-0.0264046686,-0.0175757696,0.0243346305,-0.0094285939,0.0012444333,0.0090198004,-0.0064735781,-0.0088214612,0.0086875471,0.0066419931,0.0017844256,-0.0185307698,0.0080248034,-0.0176571166,-0.0052697802,0.0019205048,0.0086320743,0.0262856514,0.0065294067,0.0223785416,-0.0058316711
218.0000000000,-0.0030725850,-0.0327694927,-0.0151947622,-0.0043564325,-0.0146656659,-0.0022116674,0.0028626117,-0.0139758797,-0.0305832316,0.0157235314,0.0000144754,-0.0098717062,0.0218815728,0.0193684085,0.0011107909,0.0056413382,-0.0068823495,0.0133287656,0.0304489934,-0.0154925953,-0.0044204843,0.0179769540,0.0111101515,-0.0053577441,-0.0315139654,0.0033887292,-0.0024365918,0.0085351954,0.0133993632,0.0037646411,-0.0138035869,0.0076553744,0.0211143630,0.0301982742,0.0134220303,0.0367337572,0.0329882697,0.0141808357,0.0359007020,0.0150284941,-0.0013401437,0.0219150601,-0.0160484255,-0.0217325128,0.0298929718,0.0047887779,0.0160255721,-0.0055481800,0.0100622786,0.0191225344,-0.0146479521,0.0238127079,0.0067896509,-0.0135573586,0.0104751182,-0.0100109230,-0.0061995065,-0.0007285429,0.0124349500,0.0113255209,0.0205590477,0.0371738597,-0.0115360126
219.0000000000,-0.0099302507,0.0077084229,0.0050433036,-0.0115162460,0.0078842132,0.0123860366,0.0161943125,-0.0130850891,-0.0111361072,-0.0051650184,-0.0140723127,0.0047414355,-0.0015871484,0.0097208487,0.0053471264,0.0035994701,-0.0266759162,0.0032869215,-0.0160795458,0.0009780541,0.0018673425,-0.0247399773,0.0249479312,-0.0081681682,-0.0096507474,-0.0002048432,-0.0122842239,-0.0046175415,0.0153771190,0.0213011979,0.0056583385,0.0266783104,-0.0004974944,0.0172227881,0.0268735113,-0.0064479904,0.0137754239,-0.0025408879,0.0089297712,0.0329781763,-0.0071107287,0.0401787111,-0.0155910564,0.0007139837,0.0057653611,-0.0110440176,0.0004635078,-0.0108734708,-0.0275805707,-0.0117232861,-0.0090260488,-0.0032793061,0.0084047004,0.0244816381,0.0142095765,-0.0458673918,0.0025368323,0.0137523208,0.0140069387,0.0277733971,-0.0003016462,0.0301685909,-0.0093895803
220.0000000000,0.0052290094,-0.0024475965,-0.0156683917,0.0028641118,-0.0013690325,-0.0127984577,0.0007881957,0.0102905992,-0.0178312310,0.0026151642,0.0073558079,0.0067679173,0.0102605473,0.0068203355,-0.0099895722,0.0010158346,-0.0247543347,0.0032350014,0.0002800358,-0.0018261408,-0.0146665766,0.0153175867,0.0200645902,-0.0019184515,0.0092225077,0.0004682150,-0.0092989929,-0.0244676123,0.0149567908,0.0222560303,-0.0074252590,0.0211901235,0.0069612203,-0.0032487169,-0.0052539007,0.0120791691,-0.0004425328,0.0054720850,0.0149490198,0.0309847052,0.0011683499,0.0184778865,0.0050621251,-0.0298579499,0.0060578488,0.0198818004,0.0156648281,0.0183058699,0.0014724112,-0.0176198484,-0.0197099417,0.0038379794,-0.0058387102,-0.0009015429,-0.0076014959,-0.0215144657,-0.0064097016,-0.0202862014,0.0082609981,0.0010532652,0.0153015594,0.0090003464,-0.0312087707
221.0000000000,-0.0085335629,-0.0065621988,-0.0212135991,0.0151328296,0.0035793337,-0.0004173688,0.0006034706,-0.0052734103,-0.0185166684,-0.0067588858,-0.0040250348,0.0252156491,0.0232963879,0.0207720097,-0.0096815545,-0.0014810436,-0.0191319363,-0.0095342051,0.0207442183,-0.0255547884,0.0158148824,0.0087886111,0.0057864371,-0.0356891622,-0.0121294903,0.0052425848,0.0113548924,-0.0047719700,0.0170573137,0.0211419129,-0.0141489875,0.0189909556,0.0088973165,-0.0026777071,-0.0065637601,0.0048062969,0.0267594720,0.0095142842,0.0041073786,0.0217949371,-0.0109313445,0.0269360550,-0.0329644751,-0.0425501864,-0.0194110175,0.0351987867,-0.0126530513,-0.0062367808,-0.0052318673,0.0063705212,-0.0027590591,0.0140264044,0.0078289471,0.0044627228,0.0246237519,0.0044514262,-0.0267550454,0.0281554381,0.0224093292,-0.0098671930,-0.0050604431,0.0403561575,0.0178352427
222.0000000000,0.0140375558,0.0078319963,-0.0070536391,-0.0088794946,0.0016400052,-0.0134726221,-0.0155354524,0.0083432422,0.0073632272,0.0062665655,-0.0003363781,0.0105484214,0.0156762789,-0.0040086705,-0.0046544190,0.0211669778,-0.0012607665,-0.0049429250,0.0111247751,0.0002491668,-0.0070766100,-0.0027861706,0.0204235250,-0.0120381942,-0.0002047680,-0.0087550972,-0.0116969792,-0.0087563986,0.0007953032,0.0013241484,-0.0191174742,0.0182853461,0.0007652414,0.0057416433,0.0183741470,0.0125571719,0.0235311672,0.0113497724,0.0114253816,-0.0038962463,0.0011567280,0.0068446808,0.0010861236,-0.0022034236,0.0056446724,0.0025378319,-0.0135423143,-0.0009206339,0.0062394944,0.0080325943,0.0026902500,0.0034486837,-0.0043308637,-0.0147697315,0.0214753668,-0.0105447315,-0.0129326036,0.0103750216,0.0079911230,0.0168067946,-0.0080674518,0.0166001375,-0.0062679480
223.0000000000,-0.0211621064,0.0202601160,-0.0102789755,-0.0055936977,-0.0049812996,-0.0086880852,0.0112177405,0.0048033760,-0.0071698797,0.0125085362,0.0066600461,0.0114849707,-0.0069512191,0.0087296029,0.0083457029,-0.0225080482,-0.0051172301,0.0146033512,-0.0151884626,-0.0073878800,-0.0004622454,0.0069298063,-0.0074341574,-0.0149347529,-0.0161613171,0.0095669769,0.0030405730,0.0028188608,0.0017940311,0.0164076280,-0.0095664446,0.0102253676,-0.0020620954,0.0150319840,-0.0181321048,0.0099240678,0.0445977799,0.0153728266,0.0020970330,0.0054961686,0.0023051272,0.0158212284,-0.0029723132,-0.0089172894,0.0115537330,0.0057105259,-0.0044418591,0.0072885220,-0.0129249386,-0.0099215700,-0.0008166801,0.0011888555,0.0104308839,-0.0112468330,0.0134489107,-0.0061588895,-0.0010669541,-0.0042002456,-0.0087008406,-0.0118608083,-0.0140036353,-0.0077437510,-0.0202303817
224.0000000000,0.0177632127,0.0111643446,-0.0089229022,0.0068768428,0.0048078919,-0.0009638432,-0.0017583290,-0.0090031725,-0.0056498776,0.0134897388,0.0021662459,-0.0061252219,0.0329071541,0.0216203812,-0.0044966457,-0.0197125049,-0.0302338947,-0.0002532751,0.0131453090,-0.0063664052,0.0140106720,0.0344639991,0.0141238864,0.0076279662,-0.0163241184,0.0017745154,0.0024645089,-0.0163172165,-0.0008509161,-0.0022078534,-0.0072095337,0.0018897741,0.0181607341,0.0124734852,0.0291888096,-0.0005114751,0.0361948987,-0.0000651353,-0.0068707215,0.0143639816,0.0010794314,0.0385879939,-0.0123673225,-0.0187056496,0.0216318096,0.0103429703,-0.0072897064,-0.0249579102,-0.0001865657,-0.0068561824,-0.0344761635,-0.0169889279,-0.0001656641,0.0039018629,0.0364277609,-0.0278775818,-0.0078982423,0.0064151869,0.0208515882,0.0180741225,-0.0112731423,0.0173394565,-0.0067713585
225.0000000000,0.0131207353,0.0025230765,-0.0285981336,0.0073832728,-0.0211444502,-0.0017740931,-0.0145941930,-0.0102324046,0.0162723562,0.0063907934,0.0023945180,-0.0023155380,-0.0019134112,-0.0164272644,-0.0018885419,-0.0114577261,-0.0355863280,-0.0133716629,-0.0241162008,-0.0052841470,0.0290554930,0.0077908602,0.0061759189,-0.0251645356,-0.0070020282,-0.0076705474,-0.0124787773,-0.0113832052,0.0225516419,0.0059885069,-0.0191878634,0.0296566316,0.0054939363,0.0210120837,0.0132918186,0.0044000462,0.0354821417,-0.0012415088,0.0176939435,0.0223200525,-0.0103488315,0.0282470382,-0.0191341044,0.0011872448,0.0143290782,0.0026956036,-0.0129890185,0.0044396930,-0.0065189851,0.0068618380,-0.0001546663,-0.0082683738,0.0035665886,-0.0203725993,0.0236925457,0.0020537726,-0.0076933969,0.0109684238,0.0253634214,0.0178277937,0.0060448106,0.0141455573,0.0000057324
226.0000000000,0.0207928463,-0.0071182356,0.0024963408,-0.0030728451,0.0161280444,-0.0098725483,0.0083055579,-0.0031001736,0.0078021923,0.0247553341,0.0028583911,0.0056995378,0.0082247640,0.0014084042,-0.0082185984,-0.0006984973,-0.0162631113,-0.0082818433,-0.0203459701,0.0072571241,0.0121027617,0.0170431906,0.0048495042,-0.0058539059,-0.0013218683,0.0186280978,-0.0132876042,-0.0104440765,0.0066549972,0.0178725839,-0.0216972617,0.0133014339,0.0019973231,0.0154859417,0.0073745668,-0.0119664599,0.0091716456,0.0047592400,0.0188058047,0.0042408318,0.0034142467,0.0109992495,-0.0240199383,-0.0301045624,0.0146345870,0.0276331927,-0.0125934637,-0.0045614943,0.0084869020,0.0061822038,-0.0165245251,0.0086736455,0.0079640821,-0.0068379674,0.0221051864,-0.0171880407,-0.0083173933,0.0258347327,0.0219714581,0.0208648785,-0.0087448927,0.0099288239,-0.0052271152
227.0000000000,0.0124541432,0.0003584334,0.0023620875,0.0146169001,0.0157438585,-0.0084413121,-0.0001626105,-0.0055970319,-0.0209992475,0.0190162425,-0.0051479146,-0.0065060943,0.0069832191,0.0089634411,0.0075879446,-0.0150774255,-0.0098388643,0.0013397320,-0.0063913408,-0.0023524135,0.0187712545,0.0287804264,0.0106050077,0.0044524918,-0.0032992157,0.0010555669,0.0011510793,0.0027256864,0.0093174404,0.0340051180,-0.0113824726,-0.0031653518,0.0104630758,0.0056548315,-0.0030531130,-0.0016579185,0.0169466828,-0.0025877218,0.0055205471,0.0368443069,0.0282737637,0.0183920704,-0.0066939929,-0.0130041955,0.0101188382,0.0205790163,0.0201079207,-0.0072237764,0.0041320002,-0.0030239729,-0.0007912177,0.0118496456,-0.0035495107,-0.0000898837,0.0169875851,0.0031700973,-0.0236698904,0.0125561126,0.0127171547,0.0201636734,-0.0293062801,0.0064314190,0.0166089066
228.0000000000,0.0001623632,-0.0307583407,-0.0150545895,-0.0044278605,0.0107267232,-0.0162727087,-0.0134688026,-0.0352715247,-0.0152538680,0.0196937608,-0.0064164490,0.0044401709,0.0117655957,0.0169225247,0.0051323543,-0.0177643392,-0.0107937064,-0.0101473672,0.0009708871,0.0101623839,0.0006687152,0.0152227052,-0.0068243667,0.0156559339,-0.0065241463,-0.0075117796,0.0187616598,-0.0051442766,-0.0035014993,0.0144056118,-0.0009066681,0.0156050618,0.0051358277,-0.0056269082,0.0373927192,-0.0045708700,0.0347554219,0.0015680596,0.0262769363,0.0207568982,-0.0032915744,0.0248902756,-0.0276680856,-0.0221838020,0.0195884535,0.0139900652,-0.0048949607,-0.0235729499,-0.0288459501,-0.0232363945,-0.0002035653,0.0173462454,0.0058033430,-0.0134400752,0.0390241410,-0.0188429719,-0.0050388565,0.0090510347,0.0353477285,0.0171337312,0.0051602368,0.0330214983,-0.0047307240
229.0000000000,0.0123178572,-0.0169455528,-0.0066759036,0.0030137614,0.0000194510,-0.0164138643,-0.0069004748,-0.0222623683,-0.0034451436,-0.0092613295,-0.0037787242,-0.0274426502,0.0201249859,0.0193984633,-0.0221392399,0.0004052356,-0.0001478012,-0.0068365986,-0.0073297152,0.0011731488,-0.0158329923,0.0230309374,0.0372745879,0.0078113233,-0.0170218141,-0.0143070159,-0.0021895358,0.0071091973,0.0031078947,0.0087016708,-0.0236451529,-0.0029063966,-0.0045733912,0.0039802212,0.0073373856,0.0096167609,0.0289596786,0.0133731468,0.0096298961,0.0002820660,0.0056872494,0.0234493146,-0.0053550722,-0.0082562367,-0.0028780047,0.0179803757,0.0001508476,-0.0200703385,0.0069560307,-0.0003190111,-0.0087752101,-0.0061054166,-0.0103693961,-0.0243625677,0.0104017447,-0.0050987336,-0.0165548718,-0.0040925318,0.0267018571,0.0178644448,-0.0205007674,0.0150404688,-0.0106168621
230.0000000000,0.0011222838,0.0088860570,0.0023652720,0.0034500496,-0.0129987563,0.0018762855,-0.0002339422,0.0049396783,0.0060598452,-0.0170399880,-0.0315967181,-0.0069918707,0.0169173529,0.0154346971,-0.0075584189,0.0006612370,-0.0354356409,0.0065834880,0.0050479353,0.0096133969,0.0206293556,-0.0038056266,0.0191469904,-0.0071630215,-0.0042157570,-0.0172367231,-0.0085329447,-0.0072279914,-0.0107480332,0.0148599412,-0.0259037018,0.0085974130,0.0097144965,0.0172770581,0.0140439697,-0.0137239403,-0.0127843687,-0.0256108419,0.0194385176,0.0115278199,-0.0198100846,-0.0001314075,0.0001808308,0.0136682559,0.0147066149,0.0048277549,0.0132067000,0.0108919210,-0.0049504351,0.0083927362,-0.0116856344,-0.0022037813,0.0163705394,0.0178018172,0.0271286584,-0.0222045169,0.0070411856,-0.0098814069,-0.0143951648,-0.0125822977,0.0000009304,-0.0123245910,-0.0057474427
231.0000000000,0.0111005818,-0.0078085103,-0.0060107737,0.0094433389,-0.0049695968,-0.0074332979,-0.0060193393,0.0081576198,-0.0088049262,0.0167749399,0.0146177232,-0.0155694125,-0.0014733440,-0.0229334257,0.0103727702,0.0156983803,-0.0173306596,-0.0321183516,0.0000318407,0.0029515180,0.0243036899,0.0248983577,0.0137713435,-0.0283589113,-0.0017876263,0.0293896344,-0.0014823330,-0.0158157631,0.0166826055,0.0146327504,-0.0137379870,-0.0005794112,0.0108184005,0.0345219108,0.0272418000,-0.0020849492,0.0200667887,-0.0021025132,0.0356448736,0.0215814273,0.0012038481,0.0250308574,-0.0287250656,0.0022588822,0.0081689654,0.0265108991,-0.0048871430,-0.0020067999,0.0065048040,-0.0228004572,-0.0071748179,-0.0102505887,0.0039534340,-0.0209633017,0.0002798597,0.0079638771,-0.0081207090,0.0242502801,0.0166975048,0.0217545163,-0.0086515963,0.0368140291,-0.0100546960
232.0000000000,0.0164703160,-0.0152994068,0.0064678305,-0.0079454709,-0.0050912886,0.0186700559,-0.0158099840,-0.0156188215,-0.0148605256,0.0031846854,-0.0052012661,-0.0044698921,0.0036388874,-0.0093275007,-0.0024435032,0.0088288818,-0.0187816063,0.0098827071,-0.0116831124,-0.0059619016,-0.0034194376,-0.0201680711,0.0298624150,0.0196891333,0.0052077076,-0.0021671120,0.0030192796,-0.0107984116,0.0064045370,-0.0029520546,0.0225221276,0.0243830841,0.0156522342,0.0067524514,-0.0134980952,-0.0120255827,0.0066514452,0.0049543288,0.0129239874,0.0064832231,0.0102268845,0.0101795983,-0.0027226262,0.0036594058,-0.0197720403,0.0072167656,0.0019678509,-0.0137665787,0.0066956227,-0.0101692078,-0.0062139881,0.0028858051,0.0206594224,0.0083101457,0.0196940463,-0.0045962732,0.0037315934,-0.0024456798,0.0165881172,0.0140774388,-0.0114130713,0.0014962988,0.0186591749
233.0000000000,-0.0029088490,0.0051318884,-0.0054891758,-0.0036937403,-0.0046954497,-0.0156603110,0.0007791174,0.0011649493,0.0025945224,0.0036393869,0.0025973895,-0.0013384971,0.0247983822,-0.0012051913,-0.0152091364,-0.0177904122,-0.0333082943,0.0212957829,0.0258430036,-0.0088835462,0.0003302200,0.0194381587,0.0079326676,-0.0159805085,-0.0128309508,-0.0040470062,-0.0099207865,0.0215155578,0.0079829787,0.0284227710,-0.0211711854,0.0127766399,0.0363297943,-0.0116700755,0.0203074772,0.0047336054,0.0503418321,-0.0008118506,0.0078438742,0.0295673259,0.0093698431,0.0219639284,-0.0041125340,-0.0084103826,0.0075543551,0.0144890369,-0.0097456829,0.0092816402,-0.0100342311,-0.0257256604,0.0123787540,0.0034434261,0.0128879624,-0.0148425715,0.0124723115,0.0019883471,-0.0017906102,-0.0077081486,0.0210820976,0.0316627658,0.0199213987,0.0107478790,-0.0180489290
234.0000000000,0.0088738188,-0.0279262199,-0.0093218514,0.0253378383,0.0122526164,-0.0066782027,0.0117673643,-0.0198162858,0.0099212761,0.0110577589,-0.0034152452,0.0171962599,0.0063913832,0.0125627947,0.0034782096,-0.0011214947,-0.0112143907,0.0110469480,0.0193853368,-0.0058088932,-0.0073591984,-0.0062154245,0.0049270061,0.0174981300,-0.0136562669,-0.0098711522,-0.0060156438,0.0006983442,0.0079814763,0.0046821796,0.0011719346,0.0137054217,0.0122988108,-0.0023137145,0.0137045550,-0.0080021738,0.0277713202,0.0132528939,0.0122212407,0.0065418752,-0.0133749543,0.0128150942,-0.0113564814,-0.0337430394,0.0030335798,0.0125108214,0.0102500535,-0.0090811473,-0.0322796064,0.0012645827,-0.0098086196,-0.0087347937,0.0370934419,-0.0004803037,-0.0046095132,0.0026886064,0.0075022504,0.0106759200,0.0228153232,0.0067145135,-0.0077266558,0.0076734291,0.0129172933
235.0000000000,0.0144739702,-0.0007668790,-0.0310732069,-0.0133159897,-0.0074042239,-0.0262920260,0.0029841371,0.0027881810,-0.0018456469,0.0107229313,0.0132450714,-0.0078769524,0.0145586076,0.0118289583,-0.0278391550,0.0206951602,-0.0310668073,-0.0116490996,0.0127302563,0.0164161965,0.0141827984,0.0146085711,0.0198298528,-0.0047022162,-0.0166608746,-0.0049416550,-0.0231937495,-0.0122308013,0.0194573474,0.0178489639,-0.0045665877,0.0015365935,0.0110399488,0.0012698895,0.0505486323,0.0018799358,0.0269225505,-0.0036821538,0.0288643109,0.0308120034,-0.0053855850,0.0304615504,-0.0143354763,-0.0216050102,0.0014689093,0.0114818080,0.0060215823,-0.0020422264,-0.0019549473,-0.0212230214,-0.0049290874,-0.0051951373,0.0205329382,-0.0055089350,0.0224163826,0.0030921854,-0.0214526895,0.0057149457,0.0233377244,0.0100329947,0.0041331828,0.0321075987,-0.0076905562
236.0000000000,0.0185703072,0.0052828950,-0.0193448981,0.0090692672,0.0041598403,-0.0065038710,0.0276738447,0.0009453454,0.0016167043,0.0117540707,-0.0044597723,0.0220209042,0.0190782751,0.0012358944,-0.0242784228,-0.0064402009,-0.0217228745,-0.0248300446,-0.0118693858,-0.0035295789,0.0108868701,0.0154566579,0.0212208442,-0.0144204030,-0.0226317903,0.0136421088,-0.0009443916,0.0153799940,-0.0078610168,0.0177669539,-0.0269739188,0.0117059200,0.0103307028,0.0241099535,0.0088519918,-0.0014353293,0.0149680018,-0.0059513708,0.0325319607,0.0044838396,0.0009648292,0.0269134016,-0.0089844723,-0.0237290467,-0.0087891136,0.0021403970,-0.0110975759,0.0043405611,-0.0085318076,0.0037160271,-0.0037464779,0.0070588515,0.0192885877,-0.0061557810,0.0225728158,-0.0313072435,0.0033754789,0.0208118494,0.0079818061,0.0197150020,-0.0106095939,0.0251775018,0.0002422254
237.0000000000,0.0022903993,0.0216307785,-0.0037519413,0.0099403079,-0.0146774825,-0.0042446657,0.0083988073,0.0104077403,0.0014227178,0.0333798620,0.0010396536,-0.0110721130,0.0103918860,-0.0140236324,-0.0267797962,0.0162090360,-0.0317149071,-0.0135765922,0.0177703808,0.0047574584,-0.0071975674,0.0039705181,0.0112477361,-0.0115585061,-0.0192837014,-0.0029214305,0.0067724115,0.0087267325,-0.0074248338,0.0215883734,-0.0202767088,0.0210396993,0.0047934619,-0.0053027000,0.0052641344,-0.0121601701,0.0266382522,-0.0027297433,0.0159631896,0.0141918037,0.0075785776,0.0323235402,-0.0085886054,-0.0293509320,-0.0074777498,0.0014899886,-0.0056311588,0.0069933848,-0.0113406791,-0.0118027900,-0.0022907838,0.0179496703,-0.0047579184,0.0111518467,0.0203385956,-0.0021310975,-0.0147002245,0.0128727956,0.0215687198,0.0023401158,-0.0202512139,0.0109790233,-0.0139254863
238.0000000000,0.0042586012,-0.0159410529,-0.0368401529,-0.0166703994,0.0029374645,-0.0139367824,0.0166943419,-0.0142871458,-0.0193310311,0.0155629042,-0.0013832209,0.0211233427,0.0040479392,0.0030248807,0.0026036872,0.0124742249,-0.0157417188,-0.0063335010,0.0136172986,0.0055685408,-0.0048592829,0.0195419978,0.0354533975,-0.0138428589,-0.0398423763,-0.0114944391,-0.0122802282,0.0013191714,0.0169373171,0.0171264122,-0.0141158143,0.0150552779,0.0181505716,0.0072655655,0.0216730352,-0.0065653163,0.0390988902,0.0028659546,0.0106542215,0.0514959969,0.0087283643,0.0247966467,-0.0205134799,-0.0054878021,-0.0043615065,-0.0218608815,-0.0150599690,-0.0112031983,-0.0183653086,-0.0164505925,-0.0150746328,0.0062944740,0.0125851815,-0.0188455940,0.0357306598,-0.0035189789,0.0144669415,0.0124422506,0.0272518869,0.0081009031,0.0011392474,0.0209846078,-0.0123475530
239.0000000000,-0.0018698681,-0.0109080720,-0.0089375634,0.0236314322,0.0072478097,-0.0214145781,-0.0094810075,-0.0339447356,-0.0091017551,0.0140946392,-0.0062006358,-0.0144204181,0.0278529863,0.0183866330,0.0003932317,-0.0157131467,0.0009586143,-0.0107208362,-0.0130045032,-0.0116654496,0.0076949405,0.0136199338,0.0106981400,0.0006175270,0.0054735209,-0.0052634497,0.0052680834,0.0139276028,0.0282256307,0.0083836543,-0.0188685380,0.0263326231,0.0257739203,0.0185929498,0.0351297030,0.0108148181,0.0262619725,-0.0133925295,0.0247257928,0.0360697451,-0.0032855548,0.0353121362,-0.0099306631,-0.0032143423,0.0080946751,0.0293826277,0.0024603930,0.0092000985,-0.0184043066,0.0050477746,-0.0309272142,-0.0028126263,0.0102408867,0.0082616757,0.0124846056,-0.0095566737,0.0001970260,-0.0044507127,0.0214222275,0.0148997260,-0.0098162772,0.0227909383,0.0113414962
240.0000000000,-0.0188891373,-0.0027070708,-0.0143616565,-0.0043210755,-0.0143445280,-0.0030541092,-0.0207202136,-0.0076535850,-0.0260569550,0.0054346511,-0.0116282446,0.0024226355,0.0126288266,0.0289329570,-0.0071752488,-0.0172568135,-0.0118733213,-0.0183633026,-0.0139624234,-0.0236163773,0.0115995038,0.0246187043,0.0161437062,0.0241963113,-0.0077115169,0.0068712162,0.0006420994,-0.0042540888,0.0140488982,0.0149219426,0.0039753894,-0.0104107663,-0.0043277853,0.0055847864,0.0213885769,0.0037288017,0.0327662258,0.0215934897,0.0241038364,0.0317218152,-0.0120704078,0.0395143489,-0.0161241502,-0.0302262519,0.0234230377,0.0017765792,0.0211792904,0.0126092903,0.0067599408,0.0201888149,-0.0298456217,0.0034712694,0.0022707669,-0.0015119346,0.0200827167,-0.0134654338,-0.0072366567,-0.0075145607,0.0181453045,-0.0055478374,-0.0078438606,0.0310384794,-0.0006649448
241.0000000000,0.0142012100,0.0227686028,-0.0108700864,-0.0093967790,-0.0167477051,0.0102240700,-0.0019099417,0.0006969408,-0.0001263820,-0.0024847393,0.0032666281,0.0027220966,0.0151500931,-0.0301026373,-0.0316471072,-0.0066138949,0.0106019717,-0.0122205340,-0.0120441702,0.0050317472,-0.0100086994,-0.0037718756,0.0127996527,-0.0014676624,0.0140011102,0.0013904647,0.0175970486,-0.0092380495,-0.0048355074,-0.0274274030,0.0208466153,0.0027238492,0.0007990630,-0.0022646093,-0.0049576913,-0.0012532226,0.0138634199,0.0066360996,-0.0007273598,0.0189036532,-0.0016050590,0.0284500649,-0.0047207875,-0.0022054983,0.0367317492,0.0046688064,-0.0190198118,0.0183350719,-0.0038032085,-0.0093527480,0.0013063029,0.0231959091,-0.0033203971,0.0017770348,0.0103209295,-0.0177653609,-0.0154304458,0.0159508720,-0.0058687956,-0.0047045977,-0.0156878603,-0.0120212489,0.0250504910
242.0000000000,0.0099399820,0.0121040332,0.0016496944,-0.0105530645,-0.0085657209,-0.0181600251,0.0270323816,-0.0046853324,0.0098985454,0.0073245788,0.0069466713,-0.0055847441,0.0173777458,0.0016553913,-0.0225771645,0.0030446289,-0.0048213439,-0.0235270798,0.0028005140,-0.0062592940,0.0046426939,0.0203945752,0.0141702994,-0.0163940606,0.0113709913,-0.0031644352,-0.0122490849,0.0030787699,0.0303193096,0.0121895936,-0.0133768578,0.0074312474,0.0115553392,0.0230071752,0.0231420639,0.0122952247,0.0496177180,0.0255365842,0.0216851305,-0.0061924525,0.0149836735,-0.0054978678,0.0069456392,0.0045989219,-0.0121559551,0.0095210771,-0.0214931897,-0.0037660836,-0.0049311446,-0.0076866526,0.0055167755,0.0080820274,-0.0164238306,0.0037659981,-0.0017345172,-0.0184033828,-0.0196482969,0.0163419086,-0.0034654660,-0.0149688316,0.0026526629,-0.0027768533,0.0044773435
243.0000000000,0.0335333361,-0.0146386543,-0.0049403304,0.0180872451,-0.0185330880,0.0107242839,-0.0065374561,0.0079143724,-0.0049193733,-0.0020348244,-0.0049533330,-0.0119434456,0.0158442706,-0.0039373108,-0.0031686735,0.0018454567,-0.0136844243,0.0019944125,0.0110279557,-0.0038572579,0.0141307835,0.0191924372,0.0184159514,-0.0110896373,-0.0107036353,0.0225279450,-0.0021945044,0.0069872142,0.0079867963,-0.0005963905,0.0065651385,0.0136195771,0.0195649359,-0.0001948589,0.0318787857,-0.0094036002,0.0219853272,-0.0019063954,0.0009184116,0.0084607700,0.0007003541,0.0321851268,-0.0235695971,0.0043502171,0.0194115180,0.0202518469,-0.0171006290,-0.0022053949,-0.0076928686,0.0053438008,-0.0005583200,-0.0109716214,0.0114971832,0.0119793531,0.0133488726,-0.0124896441,-0.0270749929,-0.0157344413,0.0291936884,0.0168378319,-0.0106724993,-0.0021799672,-0.0070899469
244.0000000000,-0.0179784516,0.0022795666,-0.0088096028,0.0337858975,-0.0083409427,-0.0214840781,-0.0134766187,-0.0159966503,-0.0021203872,0.0035149751,-0.0090548557,-0.0042668458,0.0136742846,0.0167122484,-0.0166663868,0.0053728627,-0.0179937676,0.0093903301,0.0022041647,-0.0111642908,0.0095403300,0.0067399939,0.0227853740,-0.0205559033,-0.0038084088,-0.0124955266,-0.0108362484,-0.0178711401,-0.0010850888,0.0198715380,-0.0156987593,0.0094951107,0.0251420702,-0.0086395059,0.0270770182,0.0144402618,0.0322165002,0.0132680289,0.0111067577,0.0368282114,0.0074148850,0.0172469491,-0.0146277891,0.0126814474,0.0140350427,0.0085464955,-0.0063126440,-0.0207815447,-0.0191967143,-0.0222843561,-0.0051425148,-0.0035655424,-0.0095435314,0.0039687661,0.0068691397,-0.0184427878,0.0140174688,0.0214082310,0.0213917256,0.0224636220,-0.0264840048,0.0000041144,-0.0163142199
245.0000000000,0.0150852923,-0.0139326679,-0.0272989792,0.0190538313,-0.0092861206,0.0021207659,0.0131994157,-0.0155193609,-0.0165356490,0.0043055582,-0.0017529622,0.0201432265,0.0255437458,-0.0044127961,0.0005702888,0.0114148859,-0.0293106382,-0.0140995676,0.0296432885,-0.0109829205,-0.0067038855,0.0074512944,0.0079261091,-0.0123098908,-0.0044563022,-0.0015482077,-0.0158092031,-0.0110437035,0.0098350861,0.0099878955,-0.0031128669,0.0139339148,0.0068053141,0.0182727461,0.0118298052,0.0017614533,0.0317443486,-0.0065614521,0.0082970948,0.0237281756,0.0148725387,0.0386066887,-0.0156569994,-0.0045664916,0.0157390839,0.0153848728,0.0023530267,-0.0123028478,0.0042752861,-0.0152857764,-0.0171127802,-0.0119557772,0.0206467710,0.0120476481,0.0133148694,-0.0003980178,-0.0042977448,-0.0023516869,0.0181832103,0.0255495931,-0.0036585045,0.0189670001,0.0035781849
246.0000000000,0.0120306901,-0.0261439418,-0.0236721043,-0.0068567805,-0.0071894022,0.0045900017,-0.0028280809,0.0220783019,-0.0165628661,0.0047335631,0.0007782051,0.0084811501,0.0039493399,0.0122817966,0.0108917626,0.0104573019,-0.0198017647,0.0029399449,0.0133593994,0.0168484301,-0.0035898115,0.0254531321,0.0272976368,0.0056226354,-0.0179505822,0.0149315735,-0.0206072308,0.0163585018,-0.0037469529,0.0123131547,-0.0102129176,-0.0063951567,0.0202190948,-0.0023576557,0.0283545005,-0.0254785275,0.0128029226,-0.0189294194,0.0275644511,0.0278077959,0.0107248624,0.0091626089,-0.0180353252,-0.0087609445,-0.0029201223,0.0009779557,-0.0088396884,-0.0007493479,-0.0051941897,-0.0023029936,-0.0041755909,-0.0032734384,0.0093828278,-0.0289665831,0.0342394841,-0.0076987861,0.0076568071,0.0178175937,0.0175833007,0.0167173421,-0.0034692806,0.0161988731,0.0156945554
247.0000000000,-0.0197106146,-0.0140473778,-0.0045648500,0.0010493523,-0.0144361290,-0.0126372514,0.0014818706,0.0035955470,-0.0076786163,0.0134071122,0.0083088081,0.0171655109,-0.0048846007,0.0185342151,-0.0167631132,-0.0022768866,-0.0398337588,-0.0054385795,-0.0084701041,-0.0038797804,0.0211953487,0.0386093426,0.0246922302,0.0012155869,-0.0018680393,-0.0086771290,-0.0101197686,0.0123903304,-0.0052225774,0.0052401126,0.0088094921,-0.0008598786,0.0221519023,0.0042463103,0.0260830336,-0.0059361254,0.0349424713,-0.0002746447,0.0087383944,0.0147146200,-0.0023410953,0.0179292821,-0.0263327282,-0.0342325733,0.0021008855,0.0074475808,-0.0041966864,-0.0078470908,-0.0179688601,-0.0175881812,-0.0061321218,-0.0040029967,0.0194308056,-0.0015707845,0.0132354493,-0.0003390879,-0.0067760731,0.0001800809,0.0150162911,0.0171100249,0.0005392968,0.0096534517,-0.0032496166
248.0000000000,0.0061186625,-0.0039137003,-0.0166047690,-0.0093722510,-0.0038942030,0.0096901047,0.0069900148,-0.0145415305,-0.0030090765,0.0094104610,-0.0053274209,0.0017069492,0.0338882350,-0.0096683554,-0.0065917407,0.0144403200,-0.0235766851,0.0104263120,0.0019592232,0.0050959906,0.0253360281,0.0072026262,0.0137796517,0.0065231958,-0.0148834429,0.0136642985,-0.0074676800,-0.0124303206,0.0216160823,0.0130059519,0.0029153059,-0.0015301929,0.0135309770,-0.0002475652,0.0184259750,-0.0059601483,0.0153964279,-0.0200903002,-0.0053470556,0.0212450315,-0.0133401705,0.0116825643,-0.0141430785,0.0002862761,-0.0085306664,0.0020337882,0.0067569953,-0.0059357408,-0.0170313926,-0.0166244547,-0.0130639143,-0.0188497610,0.0002336907,-0.0119048517,0.0141085945,0.0045025982,0.0221153040,-0.0065238878,0.0136992876,0.0095937243,-0.0130895849,0.0128358637,0.0163759038
249.0000000000,-0.0192034929,-0.0066737009,-0.0063279404,-0.0020669716,0.0024051326,0.0012416433,-0.0160862432,0.0072494541,-0.0032660614,0.0018244874,-0.0006409969,0.0094743341,0.0183324436,-0.0101364423,0.0022917186,-0.0147096009,-0.0070312610,0.0106340270,0.0083446780,0.0083273058,0.0058056490,-0.0074557656,0.0120541787,-0.0035083753,0.0055936650,0.0039415026,0.0008637281,0.0111548529,0.0028060991,0.0130562786,-0.0059637635,0.0061744347,0.0030927613,-0.0064168916,0.0128979123,-0.0107584403,0.0098960393,-0.0199791402,0.0154399596,0.0253605103,0.0194036397,0.0159530785,-0.0214084848,-0.0030045413,-0.0000329845,0.0132692106,0.0095957827,0.0181749388,0.0013869758,-0.0112675260,0.0053645639,0.0310248792,-0.0127042405,0.0037443581,0.0442469700,-0.0075082364,0.0103748143,-0.0091454546,0.0283008224,0.0194513543,-0.0062609138,0.0250498093,0.0028368228
250.0000000000,0.0000690440,0.0121546104,0.0045031931,0.0154463157,-0.0022094490,0.0287760453,0.0013111271,-0.0026908332,-0.0124334618,0.0308305724,0.0342173062,-0.0103631402,-0.0083355637,0.0083283728,-0.0104296942,0.0148589154,-0.0276273854,0.0078409613,0.0023165119,-0.0127072839,0.0119332270,0.0145720147,0.0035193547,-0.0140148354,0.0150153333,-0.0054115580,-0.0070915579,-0.0117335619,0.0281021722,0.0022473108,-0.0010612333,0.0047441268,0.0076641274,-0.0167211778,-0.0006917464,0.0070823342,-0.0010932308,0.0108713842,0.0116701159,0.0197903819,0.0126220051,0.0101448416,-0.0094957474,-0.0040595385,-0.0033979560,-0.0108762894,0.0045990323,-0.0019422441,-0.0022298722,-0.0201738432,-0.0143906428,0.0050471977,-0.0040986570,0.0065154981,-0.0047120114,-0.0038648972,-0.0110141728,0.0157283730,0.0099676295,0.0231839434,-0.0037933774,0.0406823840,-0.0006969368
251.0000000000,0.0059787210,-0.0165466475,-0.0121069817,-0.0009620587,-0.0159457538,-0.0144843645,-0.0100417918,-0.0200958522,-0.0081697502,0.0200194436,0.0209865800,0.0047827549,0.0081681598,0.0099174956,-0.0070997778,0.0038635648,-0.0219213223,0.0004042240,0.0105514114,0.0186535160,-0.0103297389,0.0158422124,-0.0116605480,0.0100513923,-0.0196717541,-0.0152135377,0.0002741174,-0.0068896273,-0.0014665580,0.0056677664,-0.0074547857,0.0061340778,0.0188043675,-0.0020857957,0.0211902754,0.0092484782,0.0380907654,0.0028547619,0.0035039278,-0.0006843456,0.0031669660,0.0075321428,-0.0175556323,-0.0031934886,-0.0135972266,0.0235960641,-0.0015984579,0.0127933112,-0.0077778687,0.0057869956,0.0095919578,-0.0131834115,-0.0073729024,-0.0034536148,0.0192633289,-0.0194039035,-0.0117035400,0.0052637038,0.0137571186,0.0211201579,0.0000148739,0.0018613914,-0.0070467198
252.0000000000,0.0020102542,0.0196709695,-0.0001305702,-0.0061794856,0.0089198860,0.0013368570,0.0219773667,-0.0072370102,-0.0133485652,-0.0056350005,-0.0070011183,-0.0171554393,0.0006987124,0.0031502024,-0.0031769058,0.0067035323,-0.0133040635,-0.0300108782,0.0095807892,-0.0256900070,0.0139512284,0.0113006409,-0.0026389304,0.0262680587,0.0148894174,0.0134736463,-0.0064145736,0.0068444169,-0.0036964431,0.0293263475,-0.0070480655,-0.0262232880,0.0049780696,-0.0085372928,0.0164467421,-0.0044462921,0.0078022719,0.0141807342,0.0047912114,0.0116293815,0.0122890411,0.0021402742,-0.0099714096,0.0094722191,-0.0137798225,0.0238858525,0.0047846508,-0.0034134814,0.0069555547,-0.0017492637,-0.0114020302,0.0072881782,0.0004670289,0.0089547566,0.0048669524,0.0011667962,0.0076895558,0.0337045582,-0.0047790669,0.0253851395,-0.0272925494,0.0198292519,0.0069099389
253.0000000000,-0.0039402595,-0.0011361280,-0.0201377472,0.0146210628,0.0020887343,0.0007307669,0.0204133337,0.0136438489,-0.0255041706,-0.0079742611,-0.0212040919,0.0048174983,0.0238825661,-0.0027410077,0.0112383796,-0.0163860032,-0.0177516983,-0.0166343773,-0.0037433538,0.0052986563,0.0088063141,0.0029385523,0.0010011980,-0.0117676369,-0.0032479291,0.0081628548,-0.0085023201,-0.0085038459,0.0108566282,0.0028745519,-0.0050383537,0.0056925166,0.0199339145,-0.0121893863,0.0086964440,-0.0041483416,0.0029719518,-0.0035544142,0.0218153778,-0.0010861379,0.0108390923,0.0158466470,-0.0168096604,0.0154398700,-0.0044022316,0.0419729670,0.0095082948,0.0134448770,0.0125544413,-0.0172616235,0.0042241886,0.0024129445,0.0096107693,0.0119579181,0.0039252389,0.0088241975,0.0071044169,-0.0019076935,-0.0121167071,0.0157766440,-0.0177373984,0.0057985787,-0.0065581307
254.0000000000,0.0102689949,-0.0141897054,-0.0092103545,0.0100245380,0.0012107782,-0.0278484251,0.0070756865,-0.0027185671,-0.0202701624,0.0164875433,-0.0226101670,0.0136245285,0.0301006969,-0.0023597603,0.0112563767,-0.0153415368,-0.0110500712,0.0078913905,0.0164795514,0.0109229078,-0.0142837642,0.0325357706,0.0143561751,0.0041238267,-0.0252138225,0.0054875925,-0.0073707185,0.0121618783,0.0080768330,0.0205373045,-0.0183032050,0.0088424539,0.0041475573,-0.0108789450,-0.0062151246,-0.0184492586,0.0205351998,0.0047425767,0.0419056320,0.0022845480,0.0101131247,0.0180471657,-0.0389218586,-0.0086139552,0.0183050907,0.0149407475,0.0220797702,0.0193947456,-0.0038387115,-0.0133030442,0.0011241469,0.0095947821,-0.0036137351,0.0100065357,0.0371373096,-0.0027787974,-0.0030263466,0.0157927932,0.0479850591,-0.0034383866,-0.0162128579,0.0027094107,-0.0064338736
255.0000000000,0.0116373024,-0.0177213206,-0.0115301098,0.0055486345,-0.0055229823,-0.0088486258,0.0292084845,-0.0083686474,-0.0029670818,-0.0077891220,-0.0133315065,-0.0053532436,0.0117889428,-0.0018634198,-0.0141636603,-0.0102893868,-0.0080485373,-0.0236542519,0.0030196860,-0.0109684002,-0.0202637834,0.0177474465,0.0144323280,-0.0226657274,-0.0062744677,-0.0012634525,0.0037312613,-0.0232612913,-0.0038427802,0.0038887656,-0.0181111180,-0.0157774130,-0.0042939611,0.0006787353,0.0185920402,-0.0036018660,-0.0185494612,-0.0145547794,0.0140236955,0.0033221078,0.0014607616,0.0295206800,-0.0212144876,-0.0341120522,-0.0074061205,0.0153030876,-0.0122915703,0.0006112771,-0.0250016640,-0.0199117637,-0.0036160329,-0.0036940522,-0.0048983707,-0.0032347571,0.0333940064,-0.0028599290,-0.0167159473,0.0002231877,0.0044609295,0.0194245458,0.0144666376,0.0328530703,-0.0234335020
256.0000000000,0.0159820169,-0.0160064419,-0.0281145429,0.0013478227,-0.0107578931,-0.0427835335,0.0293397123,-0.0261102323,0.0095252797,0.0168501425,-0.0096132668,0.0164509620,0.0178908551,0.0008412086,0.0008987318,-0.0121396419,-0.0361740467,-0.0075903609,0.0201169089,-0.0095474122,-0.0003085853,0.0054319318,0.0230462215,-0.0100355788,0.0033275786,-0.0028466196,-0.0034069925,-0.0237125743,0.0139879971,0.0323753552,-0.0105688042,0.0287687453,0.0314378677,0.0088470762,0.0278037684,0.0151887140,0.0242114830,0.0111376838,0.0248227736,0.0393317118,-0.0061961809,0.0481506208,-0.0494709039,-0.0312580115,0.0208309045,0.0130292231,0.0056701522,0.0074357330,-0.0332694861,0.0035978346,0.0095303280,0.0103873623,0.0016815009,-0.0037598855,0.0482744834,-0.0238465340,-0.0054455500,0.0233709064,0.0504449325,0.0040360048,0.0075701381,0.0173736948,-0.0006176100
257.0000000000,-0.0203359018,0.0069587496,-0.0165562264,0.0050455196,-0.0019214607,0.0026288480,0.0042973950,-0.0037857642,-0.0057077130,0.0025654137,0.0012214633,0.0080392527,-0.0080713444,-0.0011705461,-0.0119758357,0.0021080726,-0.0009118983,0.0138012963,0.0152947038,-0.0010286370,0.0024452676,0.0249679491,0.0225572827,-0.0102540022,0.0088555688,0.0088937154,0.0228611321,-0.0117030992,0.0039871086,0.0246175933,-0.0154097055,0.0134532639,0.0203791455,0.0165742779,0.0193835755,0.0057785605,0.0380258681,0.0021341006,0.0073432287,0.0479289344,0.0043905571,0.0037209956,-0.0257975791,-0.0110431073,-0.0025450419,0.0217957165,0.0121302073,-0.0094154718,0.0035330887,-0.0187064850,-0.0113389598,0.0213103064,0.0028912306,0.0166435187,0.0045509703,-0.0015217834,-0.0218630628,0.0046005512,0.0100824839,-0.0064023130,-0.0039901978,0.0189183022,0.0000388189
258.0000000000,-0.0092369824,0.0011404638,-0.0283230149,-0.0008311153,0.0187805109,-0.0077683394,-0.0066883950,-0.0001165559,-0.0170874868,-0.0054559091,-0.0013935786,0.0215964875,0.0059365241,-0.0029397391,-0.0102987157,-0.0070755652,-0.0206700827,0.0118729811,0.0054561628,-0.0115854672,0.0047945387,0.0095640755,0.0192547546,-0.0231268554,-0.0228051639,0.0020644990,0.0001934678,-0.0189827717,-0.0164700133,0.0083507247,0.0053792846,-0.0017907473,-0.0116937061,0.0276875222,0.0348518952,0.0049165046,0.0309567150,0.0105779847,0.0127657429,0.0453820388,0.0113810726,0.0296618468,-0.0177411902,-0.0163256506,0.0060696756,0.0217895485,0.0196526818,-0.0028602570,0.0105827196,-0.0383857412,-0.0199627981,0.0186504712,0.0241126965,-0.0201242386,0.0109261945,-0.0096070905,-0.0099556121,0.0067794510,0.0255376812,-0.0043764421,0.0021525072,0.0277691796,-0.0143198083
259.0000000000,-0.0100551927,-0.0315936206,0.0095717713,-0.0110523764,-0.0060246397,-0.0148441313,-0.0328866037,0.0049869874,0.0007370769,-0.0007569074,0.0092700255,-0.0062811287,0.0067681162,0.0025796453,0.0011110039,0.0010415005,-0.0244830942,-0.0099124849,0.0138033503,0.0070114296,0.0048148360,0.0308459502,0.0019126438,0.0047276341,0.0049905857,-0.0223266873,-0.0121647613,0.0076311191,-0.0145455929,0.0075049744,-0.0015548723,0.0098275174,0.0081603195,0.0244066880,0.0157625964,-0.0013643113,0.0313625322,0.0206977214,0.0087326699,0.0049015291,0.0218914478,0.0259708593,-0.0062786258,-0.0142374205,0.0090450613,0.0036781690,0.0054725035,0.0083733632,-0.0017511213,-0.0092440407,0.0024524114,0.0032790622,-0.0006473608,-0.0169457012,-0.0064819022,-0.0317864910,-0.0134926741,0.0188576321,0.0172336974,0.0003132835,0.0097147153,0.0149263187,-0.0011717076
260.0000000000,0.0174233201,-0.0028391375,-0.0072964386,0.0085666999,0.0120603759,-0.0148961953,-0.0007705313,0.0134277581,0.0019364629,0.0230379195,-0.0245684596,0.0146958360,0.0273707843,0.0024040476,-0.0186763000,0.0182562311,-0.0164831803,0.0042256967,0.0039279452,-0.0205932484,-0.0062904961,0.0122734109,0.0229024035,0.0051988062,-0.0040122830,0.0284659998,0.0292469348,0.0106514752,0.0001568223,0.0169137922,-0.0098281334,0.0201009890,0.0079770133,-0.0102595873,0.0153427007,-0.0061399722,0.0356365851,-0.0220348095,0.0214897870,0.0187705110,-0.0033499869,0.0327395780,-0.0124114084,-0.0285017184,0.0084878584,0.0292523780,-0.0161716310,-0.0119437840,-0.0241233962,-0.0011634057,-0.0057251359,0.0011176548,0.0183281968,-0.0152085246,0.0108021033,-0.0157236669,0.0029799537,0.0023861978,0.0123872192,-0.0013789160,0.0218884954,0.0174688054,-0.0000341410
261.0000000000,0.0028845876,0.0102772010,-0.0113286903,0.0526148916,0.0179232812,0.0020540902,-0.0252843769,-0.0280582188,-0.0265137811,0.0008284266,0.0006499071,-0.0070249101,-0.0038186580,-0.0003733375,-0.0084355513,-0.0149471601,-0.0360723440,-0.0196435525,-0.0052730085,0.0147602063,0.0077311746,-0.0011371608,0.0238756348,-0.0042619754,-0.0221541860,0.0138306435,-0.0095946911,-0.0076157232,0.0143790950,-0.0009239508,-0.0019658297,-0.0037232460,0.0172332214,-0.0188066970,-0.0097112355,-0.0158518256,0.0277691802,0.0105522786,0.0139479128,0.0086135197,0.0128286431,0.0254940179,-0.0234239742,-0.0083351747,-0.0057738103,0.0117813410,0.0199412107,-0.0135647185,-0.0426635438,-0.0057573705,0.0174172297,0.0025513686,0.0025506693,0.0005017608,0.0292987000,-0.0097844020,0.0126327774,-0.0065785215,0.0165968706,0.0100054730,0.0069940603,0.0191207337,0.0072316628
262.0000000000,0.0065406353,-0.0002522216,-0.0190103620,0.0020893435,-0.0071480764,0.0003571957,-0.0163845307,-0.0012804759,0.0003289609,0.0048424072,-0.0089993401,-0.0135562918,0.0129291809,0.0091366118,0.0116890648,-0.0191244955,-0.0291437900,0.0202679748,0.0004160417,0.0053151432,-0.0003550090,0.0173362444,0.0118088859,0.0230609206,-0.0193270260,0.0124522034,0.0097647677,0.0109136688,0.0201747977,0.0062361858,0.0107724956,-0.0009486101,0.0089599426,0.0082872508,0.0196246664,0.0045767423,0.0355677144,0.0068165213,0.0246745077,0.0201260129,0.0019819638,0.0201422772,-0.0281719636,-0.0185504889,-0.0033466780,0.0371649773,-0.0095776041,-0.0122101286,-0.0000955821,-0.0005393149,-0.0075268752,-0.0058154643,-0.0120062863,-0.0068094199,0.0254110114,-0.0013480223,-0.0103010551,0.0107151295,0.0215966079,-0.0018071852,0.0016617167,0.0218021029,-0.0118237111
263.0000000000,-0.0015683639,-0.0049081061,-0.0178496580,0.0333907880,-0.0105508349,-0.0003600118,-0.0077615651,-0.0330615840,0.0027641708,0.0216462252,-0.0147822088,-0.0070558017,0.0163202223,0.0082988593,-0.0107629706,-0.0139742690,-0.0415762511,-0.0163525000,0.0412217617,-0.0033316048,0.0219862334,0.0378901191,0.0065181652,0.0011199473,-0.0157877991,-0.0213666301,-0.0188628498,-0.0031608618,0.0271860448,0.0423521234,-0.0315386035,0.0114820611,0.0173589830,0.0118349964,0.0355082866,0.0130562463,0.0160684848,-0.0063453214,0.0455547574,0.0376906538,-0.0053549652,0.0352381032,-0.0331901141,0.0011023570,0.0257819474,0.0361694651,-0.0208592033,0.0025209746,-0.0001903312,-0.0070976613,-0.0186654609,-0.0111915399,-0.0102731698,-0.0140654623,0.0208151534,0.0013998304,-0.0068347383,0.0050384863,0.0328341765,0.0214020475,-0.0104240704,0.0286084462,-0.0477236150
264.0000000000,-0.0109056421,-0.0163940293,0.0123668188,-0.0037873593,0.0110649530,-0.0226952479,-0.0276750788,0.0035176816,-0.0111270153,0.0172947452,-0.0028896458,0.0181827733,0.0414479490,0.0120549741,-0.0007725668,-0.0117908227,-0.0137176751,-0.0123365061,0.0106534846,0.0033917098,-0.0041048588,0.0189709447,0.0056696874,-0.0022406915,0.0039229996,0.0270253499,0.0075318521,0.0087392437,0.0037300223,0.0096134413,-0.0179616454,0.0126575511,0.0033433990,0.0114749135,0.0012591200,-0.0252951715,0.0495117372,-0.0038683447,0.0105831339,0.0194768381,-0.0104581631,0.0276333227,-0.0235061720,0.0080149982,0.0121475360,0.0254072955,-0.0025966583,0.0067676319,0.0309488870,-0.0005532586,-0.0127033028,0.0230804030,0.0016731858,0.0149224775,0.0026548711,-0.0354236448,-0.0179038754,0.0178447286,0.0062020177,-0.0025227971,0.0118255506,0.0356583560,0.0118614958
265.0000000000,-0.0122460011,-0.0218755420,-0.0229255126,0.0200077891,0.0087416802,-0.0238811824,-0.0036198452,0.0113686201,-0.0062533357,-0.0112626210,-0.0239815607,0.0095044536,0.0196715613,0.0015469331,-0.0183987364,0.0096992296,-0.0394529776,0.0157865813,-0.0024410450,0.0104328838,-0.0112037484,0.0152485824,-0.0007922786,0.0053673439,0.0076204739,-0.0082783355,-0.0039140447,0.0043814938,0.0207900155,0.0109803684,-0.0105327939,0.0159374179,0.0087136301,0.0191854694,0.0293436023,-0.0012818702,0.0424878674,0.0190542935,0.0159604111,0.0427212846,0.0156840838,0.0427132409,-0.0299540026,-0.0009545191,0.0169316707,0.0147370488,0.0042701518,-0.0028517036,-0.0248409347,-0.0169349612,0.0021145505,-0.0102656267,0.0007180984,-0.0039080043,0.0452853436,-0.0152426754,-0.0154236595,-0.0152589560,0.0187606113,0.0145635974,-0.0060750270,0.0182580855,0.0078006335
266.0000000000,0.0273453380,0.0006901658,-0.0006556349,0.0254945763,0.0053930392,-0.0041316741,-0.0117780249,0.0069563640,-0.0041097171,0.0132191748,-0.0115834922,0.0038102314,0.0126751515,0.0001763655,-0.0210707298,-0.0126315540,-0.0157972400,-0.0173061175,-0.0114971165,0.0007137299,0.0064879285,0.0227244288,-0.0178546299,-0.0184852832,0.0074062795,-0.0083549746,-0.0285695213,0.0052507196,0.0002800719,0.0215606384,-0.0213235371,0.0008228296,0.0310602220,0.0028975377,0.0166163891,0.0053418374,0.0118198577,0.0067876777,-0.0055379130,0.0254741370,0.0074648058,0.0436133515,-0.0158599113,-0.0415121020,-0.0074255786,0.0104236025,-0.0235637571,0.0048000807,-0.0150818145,0.0118482867,-0.0146940423,0.0183400581,0.0248635047,-0.0088983579,0.0066918525,-0.0245905661,0.0110568973,0.0006355491,0.0019330014,-0.0071809490,0.0086584544,-0.0094691791,-0.0149882189
267.0000000000,0.0204371295,0.0025090094,-0.0130806580,0.0108516439,-0.0015584695,0.0069494638,-0.0092024099,-0.0156260794,0.0015304393,0.0220618454,0.0023547025,0.0058017850,0.0214524456,0.0060707834,-0.0125217665,-0.0215646231,-0.0154498455,0.0001495994,-0.0185845899,0.0122992244,0.0089735878,0.0194561082,0.0090525592,0.0047149736,-0.0208170568,-0.0092200410,0.0033252890,0.0048115816,-0.0179510199,0.0306216113,-0.0247460822,-0.0074621073,0.0285199004,-0.0014700236,0.0163478175,-0.0090622532,-0.0087521135,0.0114969566,0.0214406692,0.0218972325,-0.0097348790,0.0009271007,-0.0286707047,-0.0131052765,0.0421065150,0.0273402357,0.0075608836,-0.0066916270,0.0012163067,-0.0161859014,-0.0148422316,0.0086199870,0.0176777281,-0.0085281514,0.0093344042,-0.0068327626,-0.0008097926,-0.0099640736,-0.0003525876,0.0151063114,-0.0276442328,0.0103749329,-0.0020696532
268.0000000000,-0.0096575100,-0.0130002631,-0.0226387956,0.0308462590,-0.0205169928,0.0081060173,-0.0206518687,-0.0110367373,-0.0141764170,0.0134972478,0.0017645513,0.0320742929,0.0195797703,0.0186222573,-0.0106776227,-0.0174180874,-0.0238300247,-0.0129363075,0.0060705586,-0.0054954946,0.0088458966,0.0201105143,0.0206497948,-0.0044102848,-0.0177810077,0.0152865447,0.0110507709,-0.0049308998,-0.0026039944,0.0210076874,-0.0425316730,0.0149685099,0.0016495131,-0.0107915827,0.0085478608,-0.0018537575,0.0108088266,0.0019234459,-0.0009626531,0.0287787910,0.0065227796,0.0271767063,-0.0032609131,-0.0378290991,0.0199374784,0.0094604952,-0.0071876203,-0.0030414363,-0.0201928626,0.0115571831,0.0044818433,0.0060458113,0.0274416740,0.0044627492,0.0373975059,-0.0122205111,-0.0211679556,0.0219946014,0.0247224952,0.0232322616,0.0000419284,0.0268189804,-0.0119148165
269.0000000000,0.0153587084,0.0060608058,-0.0121487475,0.0088083557,-0.0154534566,-0.0076485038,-0.0164489685,-0.0080533675,-0.0096905239,0.0085421201,-0.0154484910,0.0066145026,0.0283682829,0.0045620162,0.0194055174,-0.0149125032,-0.0092696674,-0.0073426683,-0.0019310082,-0.0214884945,-0.0136992146,0.0192445025,0.0210740016,-0.0119195464,-0.0072853737,0.0065496113,-0.0018837711,0.0147000817,-0.0143734651,0.0039479871,0.0039501488,0.0072676202,-0.0139070453,0.0219372550,-0.0085355545,-0.0108012395,0.0017291093,-0.0082278344,0.0148927953,0.0303416572,0.0031702379,0.0159954690,-0.0055838534,-0.0075274895,-0.0058716598,0.0059074583,0.0034924073,-0.0122831248,-0.0143460957,-0.0051934196,-0.0131226385,0.0008164187,0.0033005472,-0.0041028937,0.0272089044,0.0029887266,-0.0193220935,0.0097979916,0.0007929721,0.0162880660,0.0123722393,0.0227244013,0.0008066478
270.0000000000,0.0156825504,0.0079614297,-0.0194536059,0.0277492313,0.0164999359,-0.0285540360,0.0107428504,-0.0028922479,-0.0106489534,-0.0075236160,-0.0033363173,-0.0157350852,0.0229253859,0.0026854391,-0.0104148002,0.0073911839,-0.0150509516,-0.0055389001,0.0217800759,-0.0290665778,-0.0009223471,0.0307143154,0.0176291219,-0.0072591276,-0.0091348440,0.0107426445,-0.0157551389,-0.0085551307,-0.0011954102,0.0174896933,-0.0214104560,0.0264245917,0.0121818714,0.0176342843,0.0389156116,-0.0105898636,0.0322457915,0.0158474023,0.0290392384,0.0321880425,-0.0054983112,0.0297674812,-0.0116482285,-0.0419258614,0.0139604048,0.0380484644,-0.0129174749,-0.0000448278,-0.0030840720,0.0066528464,-0.0231047382,-0.0029881184,-0.0024224532,0.0058987582,0.0357121937,-0.0184435267,0.0052920910,0.0204046467,0.0280130269,0.0240592669,0.0187756649,0.0221104825,0.0004800330
271.0000000000,0.0219985446,-0.0053607679,-0.0146208813,0.0046609405,-0.0153621464,-0.0182238039,0.0020826299,-0.0009346478,-0.0083939415,0.0063256756,0.0013695377,-0.0019107969,-0.0023564600,0.0031182055,0.0065972743,0.0016091687,-0.0206058514,-0.0084355509,0.0184145193,0.0026660354,0.0026258236,0.0482297024,0.0264435494,0.0109911272,0.0134198083,0.0219152729,0.0060196054,-0.0113492305,-0.0004110363,0.0178224558,-0.0171705555,0.0229155580,-0.0066882471,0.0243356376,0.0162667254,0.0190764599,0.0133105204,-0.0173913698,0.0321155668,0.0287661564,0.0046016430,0.0109505463,0.0023618389,-0.0376074441,-0.0009409647,0.0237799756,-0.0048358852,0.0035227488,-0.0004772230,-0.0176129346,-0.0108823533,0.0134096433,-0.0016365432,0.0062345309,0.0185878189,-0.0134235322,-0.0137789822,0.0048799041,0.0176436176,0.0140651138,0.0118323530,0.0270807890,-0.0123650367
272.0000000000,0.0054492861,0.0132536053,-0.0245974234,-0.0023936002,0.0134745370,-0.0224184531,-0.0149408698,-0.0233128298,-0.0299424139,0.0131305917,0.0006154357,-0.0097195440,0.0285587432,0.0204335214,0.0093035077,-0.0018771685,-0.0279524716,-0.0028128822,-0.0216535348,-0.0083496248,-0.0044972598,0.0320694795,0.0135046781,0.0044666698,-0.0192261111,0.0140438010,-0.0021262613,0.0030163317,0.0005464490,0.0076242989,-0.0052647600,0.0206964436,-0.0005346240,0.0029977196,0.0021110222,-0.0012697941,0.0256079921,0.0127545438,0.0173664046,-0.0008799938,-0.0166426833,0.0152377736,-0.0179174453,-0.0043000826,0.0119211573,0.0134595891,-0.0112974711,-0.0021340660,-0.0031518145,-0.0039568430,-0.0039826049,-0.0014126541,-0.0011241475,-0.0129685075,0.0160494535,-0.0100972460,-0.0010636767,0.0167019618,0.0218619690,0.0025618113,-0.0083593041,0.0090856737,0.0064287042
273.0000000000,-0.0054947619,-0.0086743736,-0.0298694263,0.0017032426,-0.0028871928,0.0071282740,-0.0075793659,-0.0101826287,-0.0022966218,0.0151805973,0.0136906130,0.0047964271,0.0260025455,0.0139156921,-0.0062369764,0.0119507601,-0.0232456382,-0.0149853031,0.0110639041,-0.0109916881,-0.0080310467,0.0061890106,0.0240770632,-0.0122441350,0.0054297988,-0.0088759046,0.0118347791,-0.0153689512,0.0409617687,0.0206862675,0.0065190923,-0.0048138721,-0.0000706853,-0.0041098219,0.0277388220,-0.0171726207,0.0348520517,0.0037981461,0.0345117621,0.0166803390,0.0135492479,0.0135075076,-0.0139819257,-0.0088076681,-0.0029780531,0.0413617122,-0.0004234618,0.0257672195,-0.0072430944,-0.0065860546,0.0048867090,0.0069525543,-0.0040629918,0.0046300597,0.0330964707,-0.0051883899,0.0122064919,0.0225268278,-0.0095500262,0.0127497110,-0.0014483023,0.0140075217,-0.0053283293
274.0000000000,-0.0037620333,-0.0040155179,-0.0144932799,0.0122704540,-0.0052811464,-0.0294485317,0.0200396442,0.0019399522,-0.0198193063,0.0166712612,0.0179337233,0.0133314540,0.0082291102,0.0112436124,-0.0166080714,0.0277470791,-0.0400281946,0.0126984845,0.0125043701,0.0046229906,0.0189553940,0.0170518810,0.0227717442,0.0007676545,-0.0203222689,-0.0167892232,-0.0125092133,-0.0080639336,0.0048465048,0.0033812925,-0.0332766486,0.0222438963,0.0200601829,0.0093982477,0.0330202643,0.0073660859,0.0121385776,-0.0010904752,0.0354501899,0.0365867012,0.0012573094,0.0291225098,0.0043141377,-0.0002494036,0.0092998972,0.0407619807,-0.0125938439,-0.0025041380,0.0067261672,-0.0009242309,0.0016516484,0.0017479086,-0.0144625229,0.0095463953,0.0073638169,-0.0127000554,-0.0002519691,-0.0002666355,0.0068710353,0.0166168010,0.0067280167,-0.0001330560,-0.0084172680
275.0000000000,-0.0042700538,0.0155570426,-0.0241231876,0.0191758048,-0.0093791935,0.0050247130,-0.0008770452,-0.0055827921,0.0058093817,0.0244483808,-0.0092447587,-0.0137019602,0.0036538476,0.0119746552,0.0201161901,-0.0123308164,-0.0280341861,-0.0041113968,0.0138865358,0.0157121266,-0.0172962879,0.0035981868,0.0184402497,0.0134970312,-0.0017970371,-0.0192572984,-0.0073320009,0.0006036005,-0.0063532668,0.0219891598,-0.0326167050,0.0037564495,0.0083675977,-0.0010237435,0.0319019455,0.0090038824,0.0331492712,0.0083331494,0.0420085176,0.0232991477,-0.0029520060,0.0091733411,-0.0225006176,-0.0115150772,-0.0069934549,0.0113889050,0.0044490433,-0.0104617601,-0.0142456961,-0.0126844790,-0.0378160098,-0.0102251949,-0.0056317999,0.0039966861,0.0229867731,0.0081875509,-0.0063277483,0.0039206447,0.0160310287,0.0184444843,-0.0029200899,0.0287672374,0.0069124269
276.0000000000,0.0291911537,0.0108752696,-0.0021560988,-0.0045668969,0.0080693075,0.0001880581,0.0079520290,0.0190972340,-0.0057692486,0.0095849492,0.0044852462,-0.0032250317,-0.0001071397,-0.0023265990,-0.0228035278,0.0342410672,0.0099658676,-0.0219062824,0.0052637940,-0.0063900058,0.0015302840,-0.0156774580,-0.0014633806,0.0155825195,-0.0144668071,-0.0053633739,-0.0209150863,0.0321997988,0.0016552648,0.0008865757,0.0012592176,-0.0178120596,0.0159520159,0.0121844171,0.0002551603,-0.0088306835,0.0085211941,0.0015017925,0.0060425154,0.0149884601,0.0147293513,0.0146151544,-0.0081596508,-0.0190385938,0.0034835763,0.0116272509,0.0110501882,-0.0073127825,0.0102544987,-0.0061211186,-0.0017512693,0.0213306403,-0.0086702589,0.0189744136,-0.0008944914,-0.0010880668,0.0074919952,-0.0255842111,0.0236385205,0.0090539982,0.0035016012,-0.0037974460,-0.0073638754
277.0000000000,-0.0034183000,-0.0186575543,0.0002863565,0.0071450423,0.0330969000,0.0178335507,-0.0098757499,-0.0247003163,0.0079903292,-0.0032079827,-0.0088926115,0.0100431129,0.0095204096,0.0250800086,-0.0028189967,-0.0072059746,0.0020008641,0.0012203848,-0.0045055203,-0.0054754901,-0.0050010224,0.0035099576,0.0202166347,-0.0039446474,-0.0224973661,0.0285130787,0.0161702185,0.0163142205,0.0142568752,0.0153527926,0.0099626978,-0.0057970980,0.0232820953,0.0110940403,-0.0150661405,-0.0206042523,0.0207557453,-0.0048249621,0.0112656493,0.0164029987,-0.0164800772,-0.0115399390,-0.0154793837,-0.0062363006,-0.0032824297,0.0021626234,0.0007658428,0.0064641722,0.0165338684,0.0072000338,-0.0013273431,0.0063567994,-0.0077615004,0.0020511304,0.0171730486,-0.0005302773,0.0101240654,0.0201981636,-0.0012583646,0.0168089533,-0.0076651732,-0.0097806137,-0.0005334805
278.0000000000,0.0065374812,0.0085488563,-0.0212769668,-0.0001939526,0.0090263398,0.0099169535,-0.0187853128,-0.0140712720,0.0190653226,-0.0079515038,0.0099993426,0.0074990490,-0.0004025728,0.0052124476,0.0105510836,0.0096358395,-0.0072127558,-0.0217510908,-0.0024106027,-0.0132967399,-0.0154163149,0.0164993996,-0.0031263274,0.0164018618,-0.0066884434,-0.0081946028,-0.0061616383,-0.0078762680,0.0242441783,0.0248840642,0.0065095976,0.0192161632,-0.0099445433,0.0029447530,0.0162454528,0.0138419352,0.0205511258,-0.0176785749,0.0050718139,0.0174015006,0.0092922108,0.0189670964,-0.0081111065,0.0040654275,0.0143052307,0.0301622636,0.0016438732,0.0033556529,0.0024067090,-0.0092725689,-0.0361443601,0.0093942375,0.0027749907,0.0052291846,0.0141275686,-0.0059319483,-0.0091833521,-0.0209967122,0.0130733940,-0.0103430432,-0.0021542992,0.0164927027,-0.0102875556
279.0000000000,-0.0073357389,0.0018072130,0.0014537813,0.0140711763,-0.0043375156,-0.0192985666,-0.0110218499,-0.0104627768,-0.0023343927,0.0142340862,0.0159985471,0.0089081416,0.0113397633,0.0150315291,0.0035296928,-0.0081441592,-0.0292573429,-0.0192822599,0.0064936724,-0.0104764824,0.0159047271,-0.0102848513,0.0443879170,0.0178659985,0.0010097455,0.0116068663,-0.0073468822,0.0064001901,0.0164325691,0.0176081586,-0.0408498264,-0.0051652781,0.0102946130,-0.0037434902,0.0052952581,0.0094930792,0.0063394739,0.0167764348,0.0217720893,0.0044545632,-0.0028404428,0.0157657476,-0.0100706325,-0.0224716759,0.0066838750,0.0507150573,-0.0080446804,0.0076138918,0.0020025446,-0.0076832439,-0.0164070216,0.0186882263,-0.0165024805,0.0075137937,0.0111886560,0.0023068634,-0.0167006633,0.0106883815,0.0190271901,-0.0118524488,0.0014698637,0.0162564680,0.0064362941
280.0000000000,0.0005210344,-0.0007392787,-0.0121265173,0.0018684147,0.0084999289,-0.0222353176,0.0118265551,-0.0185782706,-0.0114774986,0.0239011154,0.0085253742,0.0224297052,0.0302316573,0.0072937792,-0.0052383694,0.0090655698,-0.0265165386,-0.0083231189,0.0101831602,0.0163024667,0.0115053803,0.0218133203,0.0131974900,0.0156213182,-0.0223590041,-0.0242585465,-0.0203201561,-0.0028492120,-0.0044189911,0.0343271645,-0.0177135507,0.0174434913,0.0067445539,-0.0165109285,0.0307666490,-0.0084179232,0.0499126265,0.0035170399,0.0127095051,0.0057608754,-0.0058200330,0.0203670734,-0.0166940726,-0.0054382451,0.0136128592,0.0088873244,0.0102724963,0.0081106951,-0.0016599527,-0.0009722786,0.0077834750,0.0008050284,0.0038425538,0.0097273233,0.0265556022,-0.0083112738,-0.0131220590,0.0128182792,-0.0052924378,0.0074411675,0.0000604988,0.0357620227,-0.0085281759
281.0000000000,0.0003343694,0.0082399241,-0.0066931615,-0.0035081579,0.0094261088,-0.0067033367,-0.0163086289,-0.0084859565,0.0002184276,0.0037444022,0.0002465179,0.0193164389,0.0046890960,0.0289435036,-0.0103308151,0.0056349829,-0.0278967235,-0.0100615594,0.0062654783,0.0107034244,-0.0110187881,0.0237459476,0.0389470179,0.0116065943,-0.0012452694,0.0142076167,-0.0006356690,0.0206340465,0.0113799809,0.0106316581,-0.0244482068,0.0149818947,0.0164657854,0.0165574596,-0.0064010904,0.0069267462,0.0433674346,-0.0038243347,0.0371353438,0.0265898106,-0.0142350619,0.0264870278,-0.0227587781,-0.0067695660,-0.0069210344,0.0263803851,-0.0210310204,-0.0239704744,-0.0146217969,0.0032709375,0.0041746207,0.0069356170,0.0178198184,0.0081708140,0.0055530113,0.0034193357,-0.0292860465,0.0223294239,0.0110360975,0.0165254909,-0.0212393464,0.0365743404,-0.0034538771
282.0000000000,-0.0032037582,0.0054294134,-0.0212349318,0.0362821045,0.0015968213,-0.0207643637,-0.0185834717,0.0057564853,-0.0218773433,-0.0077233900,0.0075806754,0.0324775283,-0.0049098833,0.0049784775,0.0125887423,0.0017746312,-0.0235888655,0.0144446454,0.0024633487,0.0170108691,-0.0101636902,-0.0076661201,-0.0126124436,0.0178345350,-0.0046984319,0.0059701956,-0.0003860797,-0.0108226039,0.0082146592,0.0268140719,-0.0058568535,0.0061787023,0.0203476559,0.0037243764,0.0084902970,0.0152707703,0.0196317174,-0.0070068074,0.0376236865,0.0157824463,-0.0151880058,0.0025126082,-0.0059532265,-0.0081724909,0.0095005154,0.0050276891,-0.0108045380,-0.0149432207,-0.0228676959,0.0007094824,-0.0237369147,-0.0075992000,0.0121305563,-0.0014837036,0.0053806485,0.0124563168,-0.0080455557,0.0024617604,0.0272041554,0.0155409819,-0.0131412280,0.0065859530,-0.0011923699
283.0000000000,-0.0060448797,-0.0224106444,-0.0147868894,0.0089026380,-0.0040871256,-0.0051067370,-0.0024329541,-0.0263748503,0.0053230781,0.0133547986,-0.0017812381,0.0019662179,0.0018700995,0.0193067811,0.0098124565,-0.0018041314,-0.0213685402,-0.0178737870,0.0026267022,0.0113900358,0.0048477885,0.0239952988,0.0112772957,-0.0065904079,-0.0113611984,0.0146118443,-0.0012716847,0.0037524251,0.0296399341,0.0082814248,-0.0070241707,0.0123277693,0.0242343800,0.0036963298,0.0229287761,-0.0067572222,0.0204512966,0.0126528549,0.0202222609,0.0263415780,0.0098230143,0.0121337437,-0.0160109346,-0.0193658444,0.0117279895,0.0043635101,0.0065866874,-0.0087210426,-0.0053446085,0.0138487952,0.0072145608,0.0095980332,-0.0189737661,-0.0007950417,0.0130332368,-0.0214497875,-0.0034397533,-0.0079473162,0.0165791222,0.0137987533,0.0005899171,0.0408846508,-0.0014198105
284.0000000000,0.0006558903,-0.0034356526,0.0014456814,0.0012469158,-0.0110592716,-0.0192210113,-0.0072249185,-0.0132154135,-0.0101675560,0.0155712432,0.0172758234,-0.0069055116,0.0048684755,0.0038558727,-0.0076670985,-0.0014327227,-0.0409561371,-0.0171552545,0.0116134775,-0.0138530819,0.0213241840,0.0110032137,0.0061932591,-0.0126886188,-0.0270210011,0.0050434393,-0.0285582777,0.0062456822,0.0173668531,0.0182892293,-0.0388642880,0.0181257438,0.0150619582,0.0050441910,0.0137414996,-0.0079830491,0.0243707819,0.0061303080,0.0244144153,0.0149952984,-0.0141864292,0.0233521396,-0.0154688698,-0.0273938392,0.0175096379,0.0344483411,0.0065843082,-0.0098556737,-0.0138148877,-0.0229170661,-0.0041052665,-0.0031733541,0.0067441341,-0.0059277759,0.0242096740,-0.0206753478,0.0023605143,0.0178294978,-0.0076652543,-0.0047514819,0.0223750959,0.0281472703,0.0200415249
285.0000000000,0.0239125440,-0.0268642363,-0.0177343769,-0.0092865099,0.0126645527,0.0192994797,0.0098011954,-0.0061407286,-0.0140760371,0.0030633639,0.0177380441,0.0031216569,0.0237705459,0.0181869878,-0.0126679692,0.0001536096,-0.0378633999,0.0066257095,0.0047945206,-0.0131805480,-0.0113664710,0.0211661876,-0.0005344682,-0.0141326318,-0.0057243149,-0.0014754079,-0.0083525956,-0.0222348423,0.0101038688,0.0200491021,0.0090132279,-0.0050541471,0.0111794964,0.0002464515,0.0323746815,-0.0171448827,0.0273013815,-0.0215774153,0.0275591247,0.0269948855,-0.0141795377,0.0208950663,-0.0114370943,-0.0044986638,0.0235352633,0.0057312563,0.0069273565,-0.0107029999,0.0095135727,-0.0183463442,-0.0126384321,0.0037798196,0.0189013686,-0.0042596348,0.0270002569,-0.0067884793,-0.0126632083,0.0128113943,-0.0012116919,-0.0082652922,0.0023597235,0.0076783348,0.0093315032
286.0000000000,0.0040820372,-0.0059417978,-0.0136983641,-0.0038245191,0.0010799475,-0.0129559062,0.0253136754,-0.0288966634,0.0098290786,0.0217397282,-0.0107763987,0.0156240927,0.0069136382,0.0010216310,-0.0095739138,-0.0095059478,-0.0374630885,-0.0027618004,0.0235173204,-0.0024014625,0.0151531857,0.0050102493,0.0341389985,0.0042957182,-0.0101015075,-0.0029887654,-0.0075102152,-0.0207698975,0.0252046631,0.0191828179,-0.0159345833,0.0145945354,0.0032997824,0.0149550845,0.0181847727,0.0217146555,0.0203440960,0.0019268341,0.0227626376,0.0105186477,0.0031537032,0.0418182756,-0.0359548045,-0.0049704511,0.0379402215,0.0181844789,-0.0122355628,-0.0168076353,-0.0229114832,-0.0001018045,-0.0068576399,0.0099828314,0.0126433235,-0.0227225663,0.0236806541,-0.0181648797,0.0013260816,0.0141995602,0.0284842830,0.0305842452,0.0072756682,0.0349999742,0.0039611910
287.0000000000,0.0257113901,-0.0099465213,-0.0106501881,-0.0009005430,0.0026893568,-0.0123450062,-0.0055108279,0.0029895575,0.0052807196,0.0277791992,0.0096410391,0.0016327090,0.0233598765,0.0117237878,-0.0013821615,-0.0121522068,-0.0255280869,-0.0014548603,0.0439573962,-0.0208428382,0.0154546633,0.0094053786,0.0058446937,-0.0034313664,-0.0160936140,0.0020932527,0.0046595381,0.0133551181,0.0171533898,0.0249002741,-0.0101009897,0.0079817024,0.0066583786,0.0036773299,0.0002428950,0.0032032498,0.0363240396,-0.0200200866,0.0221166856,0.0235853689,0.0131385670,0.0334650903,-0.0340641308,-0.0124247245,0.0118440703,0.0118747573,-0.0070385909,-0.0126821804,-0.0312793123,-0.0208600895,-0.0182520353,0.0271682412,0.0244133516,-0.0094762261,0.0342060281,-0.0315970372,-0.0015343993,-0.0175221758,0.0145679306,0.0037509739,0.0149937767,0.0190929990,0.0099982547
288.0000000000,0.0076706819,-0.0026021544,0.0015351435,0.0111090144,-0.0029230550,-0.0033569364,0.0019892754,0.0039785599,-0.0161550437,-0.0008805617,0.0000743421,-0.0031276980,0.0211513344,-0.0089419123,-0.0132738723,-0.0233335120,-0.0135944287,0.0051476386,0.0068175583,0.0013682937,-0.0199754560,0.0272042114,0.0167858134,0.0216723248,0.0075583997,-0.0046841321,-0.0052903212,-0.0212176516,0.0194234312,0.0086983795,-0.0254270124,-0.0001067086,-0.0037562610,0.0034539964,0.0074509852,-0.0034462107,0.0527304279,-0.0137056593,0.0139124139,0.0223078251,0.0106996563,0.0449357484,0.0064058257,-0.0135282515,0.0202502256,0.0262037335,-0.0113724272,-0.0093131385,0.0234327534,-0.0157495236,-0.0086388441,0.0021773599,0.0121450581,-0.0252563541,0.0003951414,-0.0256700210,-0.0180627392,-0.0081435134,0.0062592320,0.0177069561,-0.0190048413,0.0003155010,-0.0149142273
289.0000000000,0.0109103006,0.0082343640,-0.0337777789,0.0208330035,0.0028213599,-0.0187002122,0.0068615557,0.0065881524,-0.0041178509,0.0012439261,-0.0000010966,0.0081720199,0.0262598324,0.0049314713,-0.0079234744,-0.0154002902,-0.0326252110,-0.0109791408,-0.0059838823,-0.0063859145,-0.0143262791,0.0140728108,0.0253784094,-0.0185497367,-0.0001903956,0.0072610136,-0.0029017127,0.0078423309,0.0135202430,0.0280153097,-0.0166621873,0.0094303407,0.0199134026,0.0053026258,0.0087458846,0.0125066292,0.0009086420,-0.0032182684,0.0099456689,0.0163395367,-0.0052003142,0.0171714278,-0.0125861455,-0.0170777297,0.0130055425,0.0319150709,0.0209888959,-0.0097966774,0.0083982009,-0.0092859011,0.0105251412,0.0015456781,0.0000312372,-0.0061105293,0.0241666922,-0.0095525568,-0.0203442611,0.0210782161,0.0158426408,0.0161019042,-0.0006156228,0.0047366942,0.0072225603
290.0000000000,-0.0011765927,-0.0116175151,-0.0324037626,0.0133500714,-0.0056319483,-0.0075818802,-0.0210187122,0.0285479189,0.0113193414,0.0157544265,0.0006752463,0.0098967029,-0.0077131865,-0.0029800372,0.0053477313,0.0139495653,-0.0149735679,0.0031298491,0.0092956089,0.0062340502,0.0079702713,0.0057160809,0.0226038708,-0.0197431159,0.0096161459,-0.0015624015,-0.0055476749,0.0162900574,0.0027878734,0.0021302762,-0.0084975270,-0.0115560577,-0.0058873825,-0.0085604585,0.0136022576,0.0021478586,0.0030543630,-0.0115394945,-0.0035139754,0.0380801630,0.0103851893,-0.0029513587,-0.0167790843,-0.0086922144,-0.0126830851,0.0296278204,0.0031976652,0.0009668702,-0.0025863689,0.0193641783,0.0025073136,0.0012019486,-0.0096172071,0.0317602272,0.0026316941,0.0164880137,-0.0171327880,0.0090846839,0.0096293989,0.0067535517,0.0080057218,0.0160574050,-0.0198972217
291.0000000000,-0.0079713856,-0.0076667515,-0.0105249847,-0.0020320466,-0.0155688126,0.0015997692,0.0106617002,-0.0047156267,0.0012812690,0.0099891279,-0.0035393884,0.0185958210,0.0150844781,0.0124003889,-0.0228930863,0.0010504951,-0.0313508441,-0.0001537609,0.0013105385,-0.0208372169,-0.0027100024,0.0346216001,0.0016182364,-0.0043734661,-0.0140418948,-0.0192665255,0.0083784809,-0.0042354291,-0.0094733438,0.0207503832,-0.0262324863,0.0342074402,0.0253293466,-0.0020230378,0.0218835196,-0.0070545044,0.0236907379,0.0238287588,0.0348488561,0.0245994105,0.0127337503,0.0209289395,0.0032230465,-0.0126672566,0.0078261563,0.0088358738,-0.0002766162,0.0088722967,0.0047932293,-0.0240639880,0.0050542898,0.0081810852,-0.0154920727,0.0068180582,0.0179760341,-0.0278775647,-0.0191426375,0.0208906159,0.0159453077,0.0176047100,-0.0143880373,0.0179301306,-0.0129637008
292.0000000000,-0.0072141156,-0.0030830878,-0.0186356459,0.0137544913,0.0026921837,-0.0187942972,0.0038516714,-0.0139102584,0.0169419399,0.0110990323,-0.0042500205,0.0102168433,0.0058289530,0.0017856688,-0.0160676322,-0.0061265321,-0.0531378236,-0.0091136709,0.0117983809,0.0158724603,-0.0009340931,0.0173878618,0.0222646706,-0.0140193815,-0.0250588210,0.0174708558,0.0145530140,-0.0095624538,0.0279684293,0.0294579606,-0.0057344823,0.0013567068,0.0200551006,0.0076172601,0.0371764108,-0.0039089172,0.0159974752,-0.0227245408,0.0025679936,0.0284880344,0.0114861983,0.0234563046,-0.0279435565,-0.0127702298,0.0098865030,0.0161478380,-0.0112728596,-0.0181591814,0.0225178465,-0.0008427396,0.0043991274,0.0041088446,0.0062032019,0.0066377584,0.0155490836,0.0084911852,-0.0108519141,0.0052146892,0.0293192055,0.0080406993,-0.0044441601,-0.0039981239,-0.0044615840
293.0000000000,-0.0037652911,0.0053150611,-0.0138576463,0.0025021339,-0.0038288953,-0.0305709900,-0.0010513150,-0.0095798231,-0.0267663519,-0.0131464838,0.0064517717,0.0103581275,0.0252382364,0.0188950760,0.0019664562,-0.0215192800,-0.0246216835,-0.0214960452,-0.0018803518,-0.0010641507,0.0210161642,0.0047667968,-0.0077867393,0.0135421494,-0.0075014877,0.0037000641,0.0036576419,-0.0123333377,0.0034212604,0.0210235346,-0.0200422295,0.0294915014,0.0286643114,0.0081409170,0.0156415792,-0.0096048768,0.0275098411,0.0081565558,0.0338531266,0.0026531124,0.0066194925,0.0294577209,-0.0256016107,-0.0040490348,0.0191044509,0.0085686827,-0.0042946474,-0.0177469342,0.0078758117,-0.0034041167,-0.0017407243,0.0055476968,0.0108590588,-0.0053297992,0.0254709987,-0.0395728059,-0.0356243521,-0.0110219674,-0.0098911195,0.0260219616,-0.0119808047,0.0063643361,0.0071765018
294.0000000000,-0.0017728506,-0.0215064199,-0.0093165547,-0.0201646469,-0.0196270980,0.0027461930,-0.0020428203,-0.0000247117,-0.0023967083,0.0016972301,-0.0072673006,0.0131242168,-0.0001055989,0.0128917139,0.0021539920,0.0049013553,-0.0079735586,0.0114272070,0.0035644161,-0.0085530290,-0.0042639351,-0.0020089109,0.0291344418,-0.0111996020,-0.0230074210,0.0153076588,-0.0125437233,-0.0012319637,0.0047272774,-0.0088148531,0.0067799143,0.0247093194,0.0107112723,-0.0198924603,0.0079616148,-0.0248926823,0.0156833089,0.0173140161,0.0126129409,0.0185790740,-0.0031213177,-0.0024167779,-0.0147687197,-0.0076962440,0.0108865789,0.0059248691,0.0003909890,-0.0210465795,-0.0117922050,0.0024290738,0.0011397077,0.0097598930,0.0129933718,0.0048768567,0.0026184656,0.0048394617,0.0015739118,-0.0195280746,0.0237789048,-0.0031677908,-0.0034495631,0.0074605985,0.0096449865
295.0000000000,0.0170615187,-0.0084693803,-0.0252377286,0.0189664399,-0.0056791090,-0.0015280340,0.0019621175,-0.0149408468,-0.0039705122,0.0107816881,0.0090003590,0.0024078686,0.0273776010,0.0216796801,0.0132891213,-0.0152041999,0.0021754047,-0.0211696412,0.0099488347,0.0015378999,-0.0008419952,0.0228478568,0.0099860449,0.0108397100,-0.0123421599,0.0048470060,-0.0177849751,0.0111744828,0.0260366985,0.0036757415,-0.0094034822,-0.0005580613,0.0075481917,-0.0025377900,0.0121855545,0.0058170473,0.0266804404,-0.0100193381,-0.0020631052,0.0134814937,0.0209289535,0.0135707047,-0.0139406898,-0.0227603010,0.0124569386,0.0228787746,-0.0009334686,-0.0107692725,-0.0097516419,-0.0170601353,-0.0047502027,0.0023286694,0.0042307170,-0.0113540654,0.0161372219,-0.0192856403,-0.0154021391,0.0205797613,-0.0066329859,-0.0098844074,0.0123842237,-0.0064834806,-0.0140209760
296.0000000000,0.0072192428,-0.0057946753,-0.0246595763,-0.0037189881,0.0161432227,-0.0080777491,0.0119009423,-0.0114407543,0.0045574089,0.0494946622,-0.0125340987,0.0043510899,0.0452898803,0.0090895545,-0.0166198304,0.0129841295,-0.0163507774,-0.0118749826,0.0046287185,-0.0017095089,0.0041789738,0.0228389242,0.0268337310,0.0009945866,-0.0167532781,-0.0083993648,-0.0020967214,-0.0138416302,0.0049582418,-0.0058224280,-0.0078965543,0.0141105166,-0.0314357326,0.0015172345,0.0281989197,-0.0107135903,0.0365916139,0.0187161874,0.0240429177,0.0213392076,0.0089758353,0.0194594165,-0.0096345588,0.0074815401,-0.0040163300,0.0066852463,-0.0067947857,0.0168220706,-0.0148187446,-0.0082535819,-0.0118953115,-0.0153603206,-0.0160996800,-0.0132343541,0.0277182779,-0.0182836330,-0.0132746081,0.0133937310,0.0130469176,0.0147901806,0.0044490136,0.0480068461,-0.0178364303
297.0000000000,0.0100170023,-0.0187870301,-0.0009522576,0.0205381149,0.0174481116,-0.0262238903,-0.0145315324,-0.0005418461,0.0090572799,-0.0027470625,-0.0019991309,0.0171769156,0.0180736180,0.0035154625,-0.0206376928,-0.0237725757,-0.0187216723,0.0046952533,-0.0137947096,-0.0099843746,0.0068866230,0.0238566435,-0.0215994403,-0.0100978678,-0.0053255184,-0.0096704513,0.0119770562,-0.0082973905,0.0227027947,0.0133285352,0.0016751321,0.0179402713,0.0140920806,0.0042437957,-0.0059139086,0.0026477684,0.0127284931,0.0037910651,-0.0016781958,0.0253999571,-0.0025386074,-0.0070894833,-0.0271712209,-0.0061607317,0.0016476722,0.0214146674,0.0058987460,-0.0140169766,-0.0225043214,0.0025934637,-0.0047523522,0.0040241993,0.0058908529,0.0018136640,0.0288592708,0.0064926536,-0.0024791252,0.0172270685,0.0030327191,0.0209231318,-0.0047826171,0.0000560164,0.0123146770
298.0000000000,0.0075004134,0.0112747732,-0.0074475185,0.0080223859,-0.0016743462,-0.0088284438,-0.0045970753,0.0187402205,-0.0069563087,0.0068045796,0.0045106473,0.0013913075,-0.0033110037,0.0039610965,-0.0190519998,-0.0214182307,-0.0192883139,0.0173958937,0.0096862748,-0.0127589276,0.0025196380,0.0178326339,-0.0029167519,-0.0075836363,0.0189595534,0.0102703084,-0.0309750599,-0.0014006416,-0.0024926491,0.0205784544,-0.0148942165,0.0044935787,0.0009627697,0.0262588587,0.0239936807,-0.0103972542,0.0178191643,0.0276746114,0.0343005045,0.0162981333,0.0076637509,0.0186670760,0.0089090028,-0.0223185693,0.0178169652,0.0214488544,-0.0138759922,-0.0047202341,-0.0154287756,0.0052429594,-0.0031510412,0.0134307368,-0.0097081416,0.0114102586,0.0142395965,-0.0017879999,0.0122747419,0.0303759269,0.0355660377,0.0400432366,0.0030211867,0.0294072563,-0.0146881152
299.0000000000,0.0199723865,0.0066952502,-0.0232218713,0.0028920437,0.0171528268,0.0005117162,-0.0178961698,0.0102050724,-0.0208389584,0.0065456987,-0.0003810360,0.0028186241,0.0180685014,0.0142089472,-0.0006302639,0.0276757517,-0.0451810157,-0.0185898087,0.0218198701,0.0102138424,-0.0077382856,-0.0015700215,0.0157596764,0.0104019735,0.0062078317,0.0011130278,0.0034311804,-0.0089918757,-0.0120511703,-0.0011364192,0.0056907442,0.0006628025,0.0085908173,-0.0171812757,0.0186857399,-0.0029156345,0.0373508161,0.0243594412,0.0260152286,0.0091014680,-0.0076035005,0.0258595611,0.0015213618,-0.0244079907,0.0095238378,0.0096029549,0.0073786369,-0.0001077710,-0.0269483649,-0.0081872406,0.0149220643,0.0012600655,0.0061193796,-0.0151829673,0.0321649155,-0.0341766934,-0.0064845340,0.0188137587,0.0236047607,0.0024673800,0.0024113926,-0.0009281738,0.0099849438
300.0000000000,0.0020670457,-0.0099222008,-0.0104450462,0.0130672704,0.0016835727,-0.0029400390,0.0053107851,0.0062981787,-0.0163541499,0.0188721132,0.0094072940,0.0035804802,0.0066233721,0.0052663811,-0.0221348570,-0.0236636379,-0.0430362545,-0.0073283507,-0.0043015742,-0.0000997149,0.0021308404,0.0080376165,0.0371635877,-0.0106739842,-0.0039254206,-0.0058611327,-0.0012846726,0.0133740207,0.0011914018,0.0292372762,-0.0204535802,-0.0154907064,0.0264342452,0.0073898060,-0.0043457413,-0.0299553356,0.0025737678,-0.0082765081,-0.0010691590,0.0248416274,0.0201966344,0.0223929342,0.0086530314,-0.0287488754,-0.0047853995,0.0266354515,-0.0075881273,-0.0096359369,-0.0049713424,0.0068638385,0.0206744106,-0.0231934141,0.0212087328,0.0061841932,0.0118795100,-0.0271108200,-0.0227464820,-0.0031454678,0.0039572825,0.0195422794,-0.0030341128,0.0273223122,0.0094226061
301.0000000000,0.0038220792,-0.0079879410,-0.0067992941,0.0036833562,0.0035846131,0.0101865346,-0.0188715885,0.0048410893,-0.0210480967,0.0092857365,-0.0194375989,0.0065077250,0.0140817420,-0.0005052754,0.0041098544,-0.0079657633,-0.0237829055,-0.0199262278,0.0187011599,-0.0200486388,-0.0039605920,0.0011762314,0.0143069747,-0.0142423757,-0.0097434635,-0.0073065613,0.0197042578,-0.0055923988,0.0359626762,0.0352449326,0.0044325829,-0.0055761036,-0.0176911357,-0.0045507495,0.0279868832,0.0014184375,0.0366407207,0.0068334958,0.0072957849,0.0178777253,-0.0151443277,0.0418774053,-0.0190053818,-0.0157214905,0.0099595140,0.0384478648,0.0182179931,-0.0078865474,-0.0104317939,-0.0022696799,-0.0079206611,0.0016132221,-0.0043235532,-0.0069823448,0.0192373367,-0.0046507027,-0.0197201711,0.0199449299,0.0044069137,0.0268013732,-0.0100877620,0.0182679196,-0.0045568787
302.0000000000,0.0050357605,0.0012640156,-0.0122945471,0.0081361301,0.0063119418,0.0035743370,-0.0278574370,0.0107724354,-0.0115262514,-0.0018913526,0.0045568433,0.0197278174,-0.0051835011,-0.0027932541,-0.0273657472,-0.0186576023,-0.0312175987,-0.0278878571,0.0195759820,-0.0156651993,-0.0075891631,0.0122232031,0.0218446635,0.0095112774,-0.0104758757,0.0036642492,-0.0017958831,0.0014080138,0.0073591242,0.0040302129,-0.0233716943,-0.0078753016,0.0042918346,0.0103451203,0.0053017464,-0.0028915733,0.0520870504,0.0070225813,0.0234223129,0.0253458847,0.0129083882,0.0182666509,-0.0045996168,-0.0268585931,0.0103240062,0.0146458882,0.0166942174,-0.0056309514,-0.0031476880,-0.0004278590,0.0012100336,0.0090227346,0.0237464397,-0.0123193128,0.0147281958,-0.0211314952,-0.0044484895,-0.0171703290,0.0086207811,0.0083949465,-0.0055125827,0.0291159458,-0.0069683060
303.0000000000,0.0278410417,0.0051621951,-0.0367478457,-0.0061927261,0.0025276996,-0.0130278982,0.0127671343,-0.0068679404,-0.0112007897,0.0104753803,-0.0114172550,-0.0128626945,-0.0025292776,0.0018603144,-0.0223345758,0.0020044590,-0.0237086580,-0.0115264934,-0.0003082683,-0.0056573684,-0.0047963292,0.0258658433,-0.0187656500,0.0073117576,-0.0084479120,0.0248061307,-0.0246942464,0.0135620385,0.0129424054,0.0196877490,0.0016880293,0.0270443841,0.0166681926,-0.0011226645,0.0049883106,0.0050458499,0.0577696368,-0.0012111423,0.0033300351,-0.0026842139,0.0101633586,0.0033977147,-0.0138220032,-0.0252619371,-0.0227366015,0.0210794308,-0.0103125163,-0.0110855931,-0.0358031984,0.0067489956,-0.0004008077,-0.0024202484,0.0215596137,-0.0207147286,0.0173136911,0.0047919396,0.0030688985,0.0043183790,0.0265521062,0.0289843223,-0.0067178344,0.0186372667,-0.0014220828
304.0000000000,0.0073702554,-0.0190144666,-0.0111526469,0.0098297542,-0.0084257591,0.0119657057,-0.0095484990,0.0116784022,-0.0163226301,-0.0001333372,-0.0185022851,-0.0054860317,-0.0046792558,0.0090714037,-0.0117989048,0.0000010980,-0.0123805237,0.0147302206,0.0122840867,-0.0002085590,0.0065602318,-0.0047245373,0.0193099305,0.0215532361,-0.0245319809,0.0085793142,-0.0039761772,-0.0049728008,0.0135459800,0.0123254596,0.0053849167,0.0295795781,0.0000722883,-0.0115151713,0.0220218899,0.0079292832,0.0128782814,0.0350627825,0.0283645493,0.0196482406,-0.0053282775,0.0157107424,-0.0129584108,0.0067076312,0.0277873178,0.0079823526,-0.0386962609,0.0017070399,-0.0012348674,-0.0056022170,0.0013238764,0.0044468068,0.0018578666,-0.0131560208,0.0227955384,-0.0025593101,-0.0025958795,-0.0006039937,0.0312681559,0.0157990294,-0.0165942254,0.0261217994,-0.0053402166
305.0000000000,-0.0120397734,-0.0176854114,0.0051408591,0.0014789978,-0.0097354149,-0.0122871662,0.0192268228,-0.0028254948,0.0131008451,0.0125999525,-0.0054971739,0.0019471626,0.0023348315,0.0046803202,0.0119811351,-0.0067351066,-0.0204749078,-0.0110634310,0.0096514327,0.0080433232,0.0024568949,-0.0124619700,0.0165388729,0.0113479222,-0.0132358985,0.0084391929,-0.0087060003,-0.0107896922,0.0230391606,0.0183701947,0.0053685856,0.0258430481,0.0018496600,0.0099133115,0.0133900900,0.0144793954,0.0199609412,0.0089557383,0.0012344724,0.0221586886,-0.0000022170,0.0354207183,-0.0187463898,-0.0106126892,0.0233531194,0.0058361928,-0.0027417188,0.0088606994,-0.0135133324,-0.0191871083,-0.0193326579,0.0079054876,-0.0309442759,0.0037353987,0.0132849668,0.0080774900,0.0013463706,0.0134217720,0.0053087043,0.0167623552,0.0161639286,0.0198551459,-0.0214792698
306.0000000000,0.0156648776,0.0110974328,-0.0075055322,0.0061642239,0.0033487202,-0.0066707295,0.0088895457,-0.0019019328,-0.0268004134,0.0006496945,0.0198994266,-0.0032607035,0.0295805574,0.0104330368,-0.0090326668,0.0145240451,-0.0223322885,0.0054206144,-0.0165429332,-0.0050964860,0.0196859614,0.0284034173,0.0409645372,-0.0073081587,-0.0066920664,0.0101506172,-0.0055435597,-0.0006429592,0.0207573642,0.0161353096,0.0126412669,0.0093883402,0.0137807739,0.0063797154,0.0147680733,-0.0198129162,0.0041886683,0.0085845180,0.0124133217,0.0203314355,0.0048201045,0.0139295888,-0.0066797640,-0.0265631141,0.0016309531,-0.0059216162,0.0171636793,-0.0033650288,-0.0206549543,-0.0086653912,0.0022204428,0.0209803282,-0.0007483607,0.0022803751,0.0213317562,-0.0091972970,-0.0000260211,-0.0218893537,0.0139714636,0.0042212400,-0.0324650732,0.0150247590,-0.0230213183
307.0000000000,-0.0009744034,-0.0115256105,-0.0291018939,0.0079534831,0.0117657069,-0.0154088933,0.0067211976,0.0097182273,-0.0133865770,0.0126873486,-0.0006431646,-0.0079784174,0.0150235616,0.0485821754,-0.0078599484,-0.0047040524,-0.0204276639,-0.0087707928,0.0311357388,-0.0114287478,-0.0001344186,0.0344459612,0.0092839004,-0.0090255988,-0.0139806113,-0.0027190542,-0.0026191354,-0.0091021043,-0.0046746025,0.0213230859,-0.0172915083,0.0114984078,-0.0041687957,0.0176403240,0.0320647117,-0.0003848602,0.0287485193,-0.0019114745,0.0177971385,0.0201495710,-0.0070872449,0.0271518112,-0.0126732049,-0.0050092273,0.0011328513,0.0108293823,-0.0151682664,-0.0131671871,0.0039201463,-0.0057283331,0.0011215820,0.0124982179,0.0040640709,0.0129490305,0.0329202938,0.0024005982,-0.0077780096,0.0104219158,0.0156120440,-0.0016203756,0.0027458767,0.0171561379,-0.0011823693
308.0000000000,0.0249234516,0.0080498721,0.0099307334,-0.0127839248,0.0033896246,-0.0109336608,-0.0217346556,-0.0244578533,-0.0014337485,-0.0185690006,-0.0042310892,0.0237445515,0.0025220735,-0.0102203844,-0.0161672754,0.0193124490,-0.0069690283,-0.0139768542,0.0033311043,0.0016769477,0.0068305602,0.0293704289,0.0142416101,0.0056339600,-0.0113721999,0.0020239756,-0.0130137390,0.0125132834,-0.0028480799,0.0043050460,0.0089183689,0.0101081411,0.0055622031,0.0016388056,0.0203011342,0.0093466698,0.0285170265,0.0028653891,0.0207402338,0.0253039354,0.0189254802,0.0283140125,0.0202849576,-0.0095482862,-0.0152199891,0.0172395093,0.0031491098,-0.0062539294,-0.0267852248,0.0005090974,-0.0104331005,-0.0018914185,0.0050365226,-0.0000821410,0.0155090787,0.0004084292,-0.0120834784,0.0331794093,-0.0128980515,0.0281576455,-0.0023942853,0.0106357817,-0.0183980054
309.0000000000,0.0099485295,-0.0185257246,-0.0155605778,0.0064950926,0.0089862224,-0.0150619622,0.0135728051,0.0097296257,-0.0284784775,0.0254094749,0.0268008146,0.0063435184,0.0286774760,0.0097179269,-0.0133783941,-0.0046351350,-0.0335601765,-0.0118341892,-0.0001695571,0.0116067136,0.0066705802,0.0168384500,0.0127335960,0.0153753152,-0.0137575174,-0.0186210391,-0.0070048689,0.0075670148,-0.0039878251,0.0105102736,-0.0142296039,0.0112288586,0.0189042998,-0.0060718819,0.0126764473,0.0151389979,0.0519412779,-0.0314970686,0.0103164025,0.0046969924,-0.0069513055,0.0301879363,-0.0201826062,-0.0204326110,0.0119746602,0.0014811205,-0.0105834873,-0.0002988916,0.0057659415,0.0158200192,0.0073742403,0.0179141300,-0.0057114620,-0.0036593327,0.0351649244,-0.0107078177,-0.0122528345,0.0172628169,-0.0064901185,0.0206084642,0.0043263081,0.0087542698,-0.0076115486
310.0000000000,0.0208297886,-0.0100029649,0.0102577813,-0.0096914982,0.0013000576,-0.0159131586,-0.0068560328,0.0047287294,0.0072926171,0.0053578356,-0.0103255819,-0.0048555841,0.0044928502,0.0165637250,-0.0048924627,-0.0110568816,-0.0097087948,-0.0097255717,-0.0156674070,-0.0218335038,-0.0226824759,0.0044985874,0.0070427131,0.0142045622,0.0060236818,0.0229880317,0.0056112125,0.0217544791,0.0083650985,0.0168713123,-0.0140690217,0.0036847682,0.0012268859,0.0084856652,0.0081465171,-0.0054392689,0.0057436599,-0.0085041405,0.0143512723,0.0204276849,0.0178824284,0.0112916320,-0.0112760878,-0.0085622070,0.0270631943,0.0053022721,-0.0002712760,0.0034105933,-0.0009217257,-0.0077851814,-0.0166691983,-0.0044895914,0.0007669085,0.0121259278,0.0307251466,-0.0158165949,0.0044592840,0.0155365454,-0.0080665249,-0.0009909142,-0.0060886562,-0.0012410507,-0.0040783159
311.0000000000,0.0179754271,-0.0233825552,-0.0157750914,0.0122163437,0.0159421833,-0.0242111442,-0.0063957253,0.0063360508,-0.0201856139,0.0081464814,0.0078847358,0.0183479683,0.0016921805,0.0003590801,-0.0090243585,-0.0001567916,-0.0266139444,-0.0120852470,0.0119577036,-0.0100939626,-0.0059070466,0.0275276190,0.0081091189,0.0275184752,-0.0063716510,0.0100189099,-0.0070744812,-0.0110848120,-0.0200584778,0.0039086352,-0.0186202374,0.0152762111,0.0085991655,-0.0173163346,0.0145260382,-0.0053324227,0.0170410622,-0.0006246048,0.0207168928,0.0211673246,0.0051908509,0.0208570184,-0.0235132054,-0.0214954569,0.0074193757,0.0087738840,0.0002825436,0.0021260329,-0.0121580313,-0.0069452556,0.0165246194,0.0019421649,-0.0001409638,0.0030653398,0.0295212083,-0.0321185734,0.0153756649,0.0247873381,0.0010642277,0.0164249057,0.0140682558,0.0137094990,0.0014938478
312.0000000000,-0.0200788836,-0.0118711246,-0.0185152883,0.0249991748,-0.0177946031,-0.0078506690,0.0369224169,-0.0054078451,-0.0056691927,0.0061447858,-0.0033251530,-0.0070991494,0.0193938235,0.0150854831,-0.0071664462,0.0091280862,0.0071476462,-0.0019408544,0.0130771748,-0.0135358278,-0.0081201571,0.0172536573,-0.0157156117,0.0016370446,-0.0059897723,0.0014799499,0.0000530197,-0.0041900283,0.0250338015,-0.0029071157,-0.0018943643,-0.0057265386,-0.0213899234,-0.0033057283,0.0212328104,-0.0029564517,0.0314775186,0.0099177375,-0.0137014805,0.0166991852,0.0197501320,0.0128984493,-0.0177518263,-0.0094467460,0.0072145525,0.0170318192,0.0013847725,0.0037814705,-0.0043811527,-0.0034101308,-0.0228148539,0.0166794092,0.0081823428,-0.0054034278,0.0087032149,-0.0079177288,-0.0120142748,0.0134306784,0.0052418920,0.0235530175,0.0113491646,0.0498285465,0.0231883506
313.0000000000,0.0116590853,-0.0059150981,-0.0365053986,0.0016922227,-0.0078563452,-0.0052392842,-0.0143325375,-0.0061119780,0.0060954141,0.0111850950,0.0032816085,0.0080268763,0.0133417254,-0.0013847481,-0.0340135710,0.0075233365,-0.0031717963,-0.0122743841,-0.0052208465,0.0162236420,0.0067974631,0.0510878145,0.0236188044,-0.0059764942,-0.0285777426,-0.0045415482,-0.0040739452,-0.0074881785,0.0012415960,0.0074292645,-0.0183392302,0.0131962907,0.0291496519,0.0076576972,0.0142569982,0.0099310198,0.0384665987,-0.0139889752,0.0168797402,0.0168889675,0.0117462908,0.0045264652,-0.0196120639,-0.0015036764,0.0056267042,0.0303621897,0.0127277739,-0.0095585817,-0.0057206753,-0.0444781937,-0.0289912380,0.0103309164,0.0147144593,0.0031006891,0.0192123900,-0.0186116748,-0.0074636199,0.0096178819,0.0190422254,0.0165605504,0.0231253693,0.0170144013,0.0100863671
314.0000000000,-0.0074805948,-0.0000523717,-0.0115710509,-0.0010589511,0.0095802919,-0.0167472751,0.0004535396,-0.0008432641,-0.0013690449,0.0093388328,0.0114801887,0.0067783873,0.0294165826,0.0200436537,-0.0083077281,-0.0169245185,-0.0472426999,0.0013839230,0.0075514961,-0.0018813392,-0.0175672688,0.0287441648,-0.0019479019,-0.0068866095,-0.0150469441,0.0043472873,0.0163216183,0.0086302335,0.0067435312,0.0121251267,-0.0363893458,-0.0094431516,-0.0033635337,0.0176441212,0.0157504423,0.0054583601,0.0428749515,0.0098182412,0.0179738301,0.0205031235,0.0037248038,0.0338180823,-0.0170149610,-0.0397451090,-0.0040286096,0.0277836873,0.0149001772,-0.0084056588,-0.0003997413,0.0057447034,0.0011342741,0.0178669880,0.0104093892,-0.0092392661,0.0250420101,-0.0182405320,-0.0244147154,0.0132754308,0.0183986638,0.0095895985,-0.0062364563,0.0273855831,-0.0159902872
315.0000000000,0.0259614639,-0.0077788185,0.0016949649,-0.0014907845,-0.0008040260,0.0158344480,-0.0090259072,0.0022477240,0.0001859534,-0.0237417725,0.0027689606,-0.0031970353,0.0104176378,-0.0084374908,-0.0080888440,-0.0338849189,-0.0834925041,-0.0087057085,0.0165007065,0.0121854104,0.0048387287,0.0197427447,0.0153329527,0.0291606453,-0.0011283785,-0.0082204679,0.0055287390,-0.0234688177,0.0104945308,0.0132728292,0.0128624392,0.0077210642,0.0040834535,0.0023224152,0.0149588217,0.0140008720,0.0422009262,-0.0044790494,0.0137133542,0.0322163128,0.0107005173,0.0259473442,-0.0128215909,-0.0263069325,0.0019274241,0.0283124012,0.0012788026,-0.0129575546,0.0119948802,-0.0142312170,-0.0066666036,-0.0154869382,-0.0049706817,0.0027420401,0.0485620083,-0.0147791150,0.0073426724,0.0124810520,0.0348474536,0.0033120008,-0.0174561103,0.0267502252,-0.0252051517
316.0000000000,-0.0184163839,-0.0018545648,-0.0078985903,0.0051466529,0.0015450019,-0.0096272773,0.0051125272,0.0022589499,-0.0142905448,0.0017005906,-0.0135489937,0.0016122075,-0.0143443410,-0.0117402632,-0.0098948006,-0.0203227000,-0.0169161076,-0.0033269802,0.0183647776,-0.0033238913,0.0171329894,0.0052721575,0.0094923459,0.0062438058,-0.0093163531,-0.0009967213,-0.0042792487,-0.0134884979,0.0062748213,0.0163924231,-0.0128291099,0.0128844206,0.0040004902,0.0224662632,0.0258680483,0.0200645157,0.0071545180,0.0270896475,0.0099000827,0.0117889635,0.0225847117,0.0186874586,-0.0133925927,-0.0294967472,0.0075473734,0.0053259367,0.0278008925,0.0065107539,-0.0269028156,-0.0016244421,0.0154317432,0.0122846784,-0.0053308846,-0.0224836357,0.0096908480,-0.0087844269,-0.0108329133,-0.0212253341,0.0108296566,0.0291698449,0.0149383303,0.0190839563,0.0109586755
317.0000000000,0.0013254019,-0.0276058166,-0.0235181364,-0.0127088152,0.0070511403,0.0119828571,-0.0084890811,0.0002501664,0.0040677275,0.0122387280,0.0180880829,0.0073123092,0.0173308559,0.0288757314,0.0043178960,0.0124551480,-0.0104691761,0.0049959865,-0.0010803806,-0.0043255442,0.0201534326,0.0195661986,0.0170572632,0.0068292579,-0.0299847264,0.0004343081,-0.0120342804,-0.0034970611,0.0079947848,-0.0062052246,-0.0269135383,0.0252016604,0.0178310759,0.0028433160,0.0278634353,0.0026017236,0.0227097691,-0.0136267540,0.0257715055,0.0298407154,-0.0046016753,0.0169676748,-0.0460355481,-0.0126877818,0.0076116308,0.0165880032,0.0035155189,-0.0179073233,-0.0005018582,-0.0072864041,-0.0028307138,0.0134551151,0.0001935925,-0.0009944921,0.0262987274,-0.0180875374,-0.0047780631,0.0107354401,0.0168593892,-0.0054316454,0.0019874044,0.0167036685,-0.0107415384
318.0000000000,0.0100111504,-0.0118597051,-0.0321715514,-0.0142675182,-0.0188434527,-0.0106573067,0.0252031705,-0.0239266503,0.0019600044,-0.0130339611,0.0034735815,-0.0030217509,0.0318927615,0.0175983547,0.0078400114,-0.0235187089,-0.0183772568,-0.0120826142,-0.0196611813,-0.0181099049,0.0182649511,0.0212877523,0.0012214015,-0.0032798928,-0.0185307841,0.0138685581,0.0006022129,-0.0161478023,0.0131670617,0.0096406691,-0.0026831471,0.0097616365,0.0265478708,0.0043463215,0.0213408457,-0.0230755735,0.0134910300,0.0075380122,0.0333423588,0.0181136863,-0.0132523347,0.0114416745,-0.0231254192,0.0083387492,0.0123587634,0.0467524315,0.0018288972,-0.0019347961,-0.0057645716,-0.0336870587,-0.0132096121,0.0042925128,0.0102171959,-0.0036021431,0.0383058801,-0.0183862233,-0.0040840632,0.0115242699,0.0041560550,0.0284605931,0.0089958403,0.0240755638,-0.0210447596
319.0000000000,-0.0018073473,-0.0081725990,-0.0027166672,-0.0089422848,0.0005993547,-0.0114578507,0.0198614620,0.0080450764,0.0033570617,0.0000461222,0.0077286509,-0.0185752812,0.0001106473,-0.0117527302,-0.0042075258,-0.0073366763,-0.0258990720,-0.0251939798,0.0067198536,0.0103783873,0.0222452699,0.0014267654,0.0206122827,0.0093548943,-0.0236776004,-0.0162372617,0.0220419256,-0.0097380729,0.0037451940,0.0296378782,-0.0018474171,-0.0251676592,0.0144594564,0.0233718644,-0.0155176509,0.0019129037,0.0256446324,0.0154284057,0.0082696044,0.0060415446,0.0309069179,0.0055164414,-0.0133867473,-0.0055950178,-0.0061120008,0.0196287935,-0.0027484752,0.0055099706,-0.0189485690,0.0041989482,-0.0033086685,0.0208667675,-0.0083325352,0.0077325043,0.0140024871,-0.0111067787,0.0089475339,0.0240523051,0.0159594161,0.0102528729,-0.0044849017,0.0345462017,-0.0013336318
320.0000000000,0.0044668221,0.0109672998,-0.0048931981,0.0166487020,0.0107997207,-0.0093240559,-0.0089518630,-0.0129420311,0.0063269557,0.0270880714,-0.0039278975,0.0142936764,-0.0108527912,-0.0031368846,-0.0136757173,0.0130588083,-0.0349742518,-0.0135553361,-0.0082907170,0.0082014712,0.0053797755,0.0306135260,0.0148633675,-0.0006245167,-0.0124045450,-0.0001558120,-0.0237264534,-0.0219009168,0.0166279585,0.0172777629,-0.0096669309,0.0014568203,0.0151111798,0.0018736512,0.0106822054,0.0160346171,0.0294551642,0.0166525007,0.0089269171,0.0349030504,0.0078230738,0.0178143819,-0.0104536482,0.0064739058,0.0069604485,0.0200918113,0.0026871642,-0.0027873633,-0.0060286294,-0.0070588565,-0.0193642200,-0.0176103639,0.0303462507,-0.0033447986,0.0362651283,-0.0019210526,-0.0210044261,0.0251537980,0.0267835661,0.0155977151,0.0059780630,0.0092164171,0.0002207229
321.0000000000,0.0104861605,-0.0104975940,-0.0254330038,-0.0053548089,0.0011289648,-0.0095004032,-0.0069065516,-0.0118969629,-0.0054758309,0.0042013553,-0.0043890185,-0.0028106724,0.0018668943,0.0310311370,0.0060197517,-0.0265747540,-0.0106094116,-0.0081866841,0.0105555394,-0.0065194120,-0.0045314170,0.0281152587,-0.0145576933,-0.0038878361,-0.0138824329,-0.0009699844,0.0148247098,0.0055121505,0.0201944330,-0.0052099985,0.0014056734,0.0104249888,0.0080852685,0.0090476701,0.0089951570,-0.0293845599,-0.0042838237,0.0107920158,0.0351006629,0.0085104538,0.0153883242,0.0065763331,0.0122438052,-0.0185449054,0.0131677851,0.0221916027,-0.0170069584,-0.0030223516,-0.0085162085,-0.0159813505,-0.0070189002,-0.0111128913,0.0091059518,-0.0352107713,0.0134102335,-0.0036543288,0.0091269353,0.0053654280,0.0122304567,0.0192477565,-0.0157990723,0.0191861525,-0.0035057783
322.0000000000,0.0004050793,-0.0096419071,-0.0199391806,0.0051968106,0.0037413519,-0.0143204695,0.0171131383,0.0156625709,0.0118592593,0.0244360220,-0.0043850962,-0.0095927550,0.0360239973,0.0282304719,-0.0122765101,0.0041055132,-0.0268682715,-0.0088554550,0.0109294942,-0.0121318495,0.0111518367,0.0114346277,0.0122393582,0.0080234413,-0.0089307976,0.0189928713,0.0065634049,-0.0089269358,0.0268810059,0.0183901590,-0.0144616054,0.0036509951,0.0142293197,-0.0041874310,0.0411735704,-0.0023585122,0.0243497672,-0.0184923602,0.0179953431,0.0420806382,0.0025080435,0.0328893955,-0.0197238975,-0.0168041432,0.0269154572,0.0332211175,0.0034953106,0.0036587283,-0.0182244641,-0.0058948807,-0.0134595935,0.0023689355,0.0102400385,-0.0176551891,0.0300431770,0.0101470515,-0.0263060958,0.0191157082,0.0268771763,0.0155022702,0.0106762143,0.0075526273,-0.0146107806
323.0000000000,0.0131376614,-0.0098772053,-0.0278985470,-0.0026292672,-0.0105980773,-0.0090843999,0.0025028003,-0.0018274791,-0.0066598842,-0.0043350267,-0.0153629489,0.0030171701,0.0279133241,-0.0186892805,-0.0263139572,-0.0100348077,-0.0266275133,-0.0125718054,0.0172294556,-0.0214598659,0.0081385150,0.0259353363,0.0244608766,0.0158745937,-0.0403309868,-0.0017521399,0.0160415515,-0.0087456759,-0.0009390774,0.0261040788,0.0059555507,0.0228654185,0.0201815569,0.0175172407,0.0255221160,-0.0094650788,0.0452500375,-0.0037348216,0.0242443656,0.0500742821,-0.0290981534,0.0268863617,-0.0348313565,-0.0213372112,0.0102581705,0.0344633517,-0.0132314630,0.0030904902,-0.0165315859,-0.0247495001,-0.0397387892,0.0134353395,0.0145496671,-0.0223145927,0.0400100237,-0.0131465792,-0.0176425707,0.0234925124,0.0124726988,0.0198015660,-0.0125118482,0.0342748283,-0.0122444540
324.0000000000,-0.0059524918,-0.0085704516,-0.0153883026,-0.0002173114,0.0179856257,-0.0130214856,0.0054825512,-0.0068859661,0.0151034881,-0.0051736402,-0.0057088556,0.0182356156,0.0209019435,0.0012844456,0.0030202040,0.0018907809,-0.0028712475,0.0049669672,0.0096926062,-0.0081572954,-0.0210533062,0.0184765713,0.0224244098,-0.0201592153,-0.0062658328,-0.0139415418,0.0016369298,-0.0084388343,0.0126008353,0.0151500449,-0.0086876110,0.0105183835,0.0186415926,0.0101428415,0.0119846392,-0.0028563351,0.0393990201,0.0110708757,0.0250654605,0.0175030799,0.0098635072,0.0233235795,-0.0015713443,-0.0106492594,-0.0040973713,0.0183750373,0.0112301397,0.0084226746,0.0053718387,0.0022390299,-0.0252757144,0.0127576842,0.0142645592,0.0045758702,0.0393038363,-0.0058687572,0.0060791616,0.0103804465,-0.0022116918,0.0234154669,-0.0135110765,0.0343737766,0.0109058716
325.0000000000,0.0142582712,0.0060693031,-0.0226708701,0.0118658348,-0.0020036761,-0.0127414394,0.0082351625,0.0080818021,-0.0167780808,-0.0101962090,0.0188207423,0.0075243663,0.0165859195,-0.0044988306,0.0129493318,-0.0152265170,-0.0317788880,-0.0224588437,0.0165055715,-0.0082800109,-0.0055551117,0.0022563344,0.0135425805,-0.0001880011,-0.0061624154,-0.0046955624,0.0107827709,0.0001603882,0.0100312585,0.0009558708,-0.0175926166,0.0065467888,-0.0032653058,0.0003147060,0.0152931938,-0.0260374911,0.0303358964,-0.0128373200,0.0353855579,0.0122782644,-0.0082762952,0.0165344917,-0.0027904043,-0.0266072265,-0.0019016133,0.0425302620,-0.0095699432,0.0249014829,0.0119453881,0.0229241319,0.0241797801,0.0144113056,0.0090844672,-0.0020905760,0.0369453662,-0.0025246713,-0.0115952329,0.0059428052,0.0348493633,0.0026082856,0.0048743460,0.0324641573,-0.0071125368
326.0000000000,0.0207147236,-0.0068013845,-0.0123266641,-0.0015435280,0.0046680768,-0.0001416254,-0.0133583819,-0.0186993828,-0.0191714300,0.0255704880,-0.0142546727,-0.0105364928,0.0181648480,0.0183290124,-0.0071372690,-0.0205336831,-0.0257179887,0.0020503633,0.0055173444,0.0199550016,-0.0054978032,0.0169440442,0.0406781128,0.0045641914,-0.0166258498,0.0238562417,0.0153870850,0.0026447342,0.0168379249,0.0324567914,-0.0214802249,0.0154777597,0.0148780971,0.0045120319,0.0151358647,0.0108820026,0.0213639900,0.0175653217,0.0180350453,0.0178022538,0.0086744391,0.0157698688,-0.0211371459,-0.0013411218,0.0342279802,0.0160183886,0.0065031940,0.0028178035,-0.0079358155,-0.0237754543,-0.0142426683,0.0131123577,0.0159163356,0.0037748242,0.0183500747,-0.0315768371,-0.0171470476,-0.0057674290,0.0255883055,0.0170851686,0.0040664903,0.0215472838,-0.0061867599
327.0000000000,-0.0098406675,-0.0025117335,-0.0230736869,-0.0049916930,0.0101001333,-0.0268501856,-0.0078783574,0.0042160664,-0.0158219926,-0.0173373302,0.0058590770,0.0065043561,0.0119988851,0.0085693856,0.0035042678,-0.0103916286,-0.0200254081,-0.0134911154,0.0276669271,-0.0014151560,0.0020315436,0.0314395743,0.0067979152,0.0056133868,-0.0268305435,0.0153436674,0.0088440301,0.0046812466,0.0195976922,0.0118505799,-0.0196762418,-0.0035080389,0.0131264071,0.0016814840,0.0188446490,0.0350040720,0.0402455026,0.0032981220,0.0226652862,0.0254945602,-0.0002924991,0.0305407324,-0.0057330605,-0.0132728168,-0.0026789701,0.0125053097,-0.0030103006,0.0029162934,0.0003445214,-0.0279737695,0.0180390050,0.0046954281,0.0340673787,-0.0064011563,0.0171511338,-0.0337687103,0.0213243261,0.0195151005,0.0225663687,0.0045663026,-0.0091110095,0.0405459217,0.0077214487
328.0000000000,0.0043126112,0.0065971957,-0.0272323630,0.0223192369,0.0051030500,-0.0044885696,-0.0069433108,-0.0039605762,0.0078614701,-0.0090352054,-0.0048504035,0.0019468017,0.0017948072,-0.0187355082,-0.0197790967,0.0028516323,-0.0146576533,0.0009399174,0.0167689736,0.0012380411,0.0095346423,0.0237076216,0.0076422459,0.0188657915,-0.0103123888,0.0106373520,-0.0294229042,0.0124837348,-0.0001753897,0.0135264252,-0.0006173076,0.0055091005,0.0039587416,0.0176126758,0.0272884498,0.0222431982,0.0211538734,0.0134469216,-0.0044741519,0.0180855754,-0.0117428046,0.0159811866,-0.0242338345,-0.0175925868,0.0084545160,0.0225862262,-0.0038191084,0.0006781883,0.0071980200,-0.0167551898,0.0172470416,0.0236890682,-0.0021899817,0.0047521215,0.0380269709,-0.0078347812,-0.0004726027,0.0018755596,0.0139681054,0.0058401914,-0.0097039443,-0.0060831432,0.0075662706
329.0000000000,-0.0123467177,0.0120952141,-0.0117714094,-0.0030996237,-0.0082980942,-0.0086132938,0.0055776975,0.0011356051,0.0061882054,0.0212196550,-0.0074745156,0.0109909561,0.0090942078,0.0067421285,-0.0214678724,-0.0185864538,-0.0269514815,-0.0098166572,-0.0028171412,0.0089660460,0.0020257099,0.0099406767,0.0182430865,0.0063941765,0.0149553062,0.0045333510,-0.0094036489,0.0039651430,0.0213983255,0.0137681066,0.0054315924,0.0203397389,-0.0070710658,-0.0132121970,0.0048690696,0.0088828394,0.0096374507,0.0006903138,0.0349217011,-0.0047865774,0.0189966931,0.0089047039,-0.0304334814,-0.0218865011,0.0086700724,0.0168341230,-0.0228908341,0.0073858675,-0.0012579304,-0.0046438832,-0.0016193622,0.0165197780,-0.0031544525,-0.0106251679,0.0100549857,-0.0010920042,0.0118012886,0.0155825220,0.0191751679,0.0075962193,-0.0259726930,0.0377157669,-0.0048499763
330.0000000000,0.0080987744,-0.0133213428,-0.0017749455,0.0197878657,0.0126041544,-0.0077400276,0.0247286900,-0.0152957113,0.0119328742,-0.0062823893,0.0029822575,0.0096235594,0.0229612476,0.0200468361,-0.0166392410,0.0080486161,-0.0020412320,0.0018719235,0.0011458445,-0.0113926317,0.0060951922,0.0122622028,0.0100689122,-0.0287799252,-0.0007904164,0.0068713352,0.0318984424,-0.0095790970,0.0118477500,0.0184836363,-0.0180191595,-0.0014203834,0.0048175041,-0.0076996728,0.0176862937,-0.0071920907,0.0053430093,-0.0041916149,0.0048778842,0.0289943496,0.0071725743,0.0091923902,-0.0244078414,-0.0163721745,0.0040129148,0.0045028242,-0.0134125853,-0.0089892771,-0.0040181498,0.0159525402,-0.0100522822,-0.0064848338,0.0063305847,-0.0158911725,-0.0103118397,-0.0176989374,-0.0081792238,0.0217904167,0.0209707922,0.0010590999,-0.0119977104,0.0135744721,-0.0115966738
331.0000000000,0.0388362967,-0.0106120152,-0.0183898817,0.0022628151,0.0271588089,0.0108765304,-0.0054098075,0.0080164083,-0.0011774713,0.0206615608,0.0031590455,-0.0108440425,0.0112300197,0.0218126283,-0.0239701721,0.0018700057,-0.0058878970,-0.0254920319,-0.0037506892,0.0103118451,-0.0110975799,0.0045146558,0.0216981134,0.0013911092,-0.0110382225,-0.0070957699,-0.0114400276,0.0131954625,-0.0052257007,0.0196447359,-0.0062099616,0.0149785726,0.0014155926,-0.0076825039,0.0126128670,0.0090119255,0.0110849242,-0.0058939040,0.0193859073,-0.0027767539,-0.0056045925,0.0032822577,-0.0065416222,-0.0033431154,0.0165912582,-0.0065214717,0.0270072247,-0.0124467481,-0.0048839268,0.0133500119,-0.0064641560,0.0189115246,-0.0255823868,0.0117972434,0.0162313306,0.0054853242,0.0171178501,0.0207857087,-0.0067007959,0.0083065662,0.0065200244,0.0261717953,-0.0115552541
332.0000000000,0.0065459162,0.0034986482,-0.0050796708,-0.0357000329,0.0212112990,-0.0073977616,0.0087278221,-0.0064166231,0.0031166963,0.0007577863,0.0053667799,-0.0080222519,0.0200838462,0.0000335388,0.0168396331,-0.0043676491,-0.0132608759,0.0020625919,0.0281618267,-0.0169518080,0.0068791594,-0.0079875699,0.0330992990,0.0029529024,-0.0120888213,0.0058095676,0.0056117208,-0.0052389940,0.0176517833,0.0140695578,0.0067822939,0.0151189998,-0.0009817156,-0.0058063985,0.0347088800,-0.0002221323,0.0310546113,0.0173968522,0.0057684818,0.0187760831,-0.0054710820,0.0174520014,-0.0142776403,-0.0434270860,0.0186777698,0.0145089576,0.0011898017,0.0314867562,-0.0119695061,-0.0256120328,-0.0162298997,0.0159815649,0.0028195490,0.0160961194,0.0310113810,0.0004718362,0.0232806133,0.0138791651,-0.0021543692,-0.0104553573,0.0007284184,0.0239465790,0.0025779092
333.0000000000,0.0049646723,-0.0101413815,-0.0047271918,-0.0002409571,-0.0095845574,0.0073896857,0.0000446176,-0.0043430511,0.0103490407,0.0123746799,-0.0025781245,-0.0020099044,0.0106188244,-0.0016363677,-0.0091374922,0.0145669149,-0.0308544718,-0.0063777069,-0.0185083361,0.0092966565,-0.0027553656,0.0155347396,0.0037045745,-0.0081290600,-0.0274203886,0.0080278232,-0.0054004977,-0.0161728765,0.0146665069,0.0147210521,0.0017610997,0.0234069126,0.0228172846,-0.0200017668,0.0011317884,0.0095570091,0.0238414106,0.0025465795,0.0073884168,0.0046729068,0.0013324900,0.0132509561,-0.0091324392,-0.0009714970,-0.0105308976,0.0033032937,-0.0216685468,-0.0080371115,-0.0132936196,0.0075455748,-0.0020348104,-0.0114174685,-0.0083969171,0.0087545089,0.0351747016,-0.0181503021,0.0047105278,0.0041015965,0.0230035801,0.0006797637,-0.0119039815,0.0090215658,0.0045653745
334.0000000000,-0.0091283913,-0.0113820983,-0.0107178019,-0.0232409132,-0.0110952242,-0.0020735682,0.0257386722,0.0064005243,-0.0029410253,0.0070597214,-0.0024787709,0.0018847355,0.0204167030,0.0020891388,-0.0065503696,0.0173545117,0.0169580058,-0.0183945078,0.0086831794,-0.0063738221,0.0297094528,0.0201709110,0.0101990166,0.0212706098,-0.0043277335,0.0020618812,-0.0049429109,-0.0210968965,0.0257269611,0.0085702845,0.0007807180,0.0378262775,-0.0055459808,0.0190004635,0.0074159926,-0.0049640656,-0.0018902671,-0.0088471465,0.0129658068,0.0037868582,-0.0168799499,0.0172651078,0.0088352503,-0.0003114901,0.0194137262,-0.0008812710,-0.0102546723,-0.0078505628,0.0025915466,-0.0005785999,0.0049921553,0.0117973034,-0.0065459130,0.0054773003,0.0162118471,-0.0043669706,0.0133109192,-0.0069918370,-0.0046761941,0.0054247847,-0.0207545723,0.0319442842,-0.0024284396
335.0000000000,0.0026078984,0.0123766914,-0.0171211269,-0.0063946167,0.0169122589,-0.0120676336,0.0026337525,-0.0022894243,0.0002949196,0.0204633488,-0.0124855112,0.0104504573,0.0131268685,0.0078603527,-0.0090917774,-0.0063460189,0.0064932033,-0.0112455369,0.0087973047,0.0034381052,-0.0095133301,0.0071451311,-0.0007661698,-0.0260487397,-0.0168276978,0.0132287940,0.0013102685,-0.0078983120,-0.0065216860,0.0028507884,-0.0073511623,0.0175081293,0.0056910180,0.0008170318,0.0158542885,0.0052672890,0.0317954202,0.0136813055,0.0112460644,0.0037554927,-0.0104209173,0.0050975407,-0.0304518050,-0.0315069675,0.0086997553,0.0241429896,-0.0022779066,-0.0127618692,-0.0118611800,-0.0005725595,-0.0046596714,0.0053682557,0.0076008393,-0.0228533855,0.0405299845,-0.0098439393,-0.0083610923,-0.0159143023,-0.0028221037,0.0080995136,0.0150288999,0.0081123801,-0.0107949729
336.0000000000,-0.0115789127,-0.0225886112,-0.0052491842,0.0031825364,-0.0231566742,0.0082867227,-0.0025606608,-0.0141341702,-0.0033250783,0.0190465837,-0.0020064370,-0.0077144849,0.0269603477,0.0120648470,-0.0071873056,-0.0192097760,-0.0070110799,-0.0218869848,0.0024719960,0.0005251220,-0.0048780764,0.0185595976,0.0145946702,-0.0040015540,-0.0036748835,-0.0054020817,-0.0072146628,-0.0034159657,0.0112667885,0.0129868568,-0.0117911831,0.0214919909,0.0097555521,0.0407830164,0.0288373821,-0.0123693623,0.0122498250,0.0065009174,0.0219091694,0.0276590088,0.0103471669,0.0243042532,-0.0215790680,-0.0163283346,-0.0033578780,0.0198507720,-0.0097357147,0.0150331746,-0.0171455801,0.0028204399,-0.0106537860,-0.0147339767,0.0240819645,-0.0318739055,0.0395384138,-0.0103385072,0.0078536627,-0.0002123167,0.0060056952,0.0122573721,-0.0128887172,0.0308493682,-0.0148529836
337.0000000000,-0.0160393064,0.0106832662,-0.0148402486,-0.0113202342,-0.0159307556,-0.0081253348,0.0011710063,-0.0270098746,-0.0068160024,0.0071262610,0.0117681806,0.0033693986,0.0173732556,0.0016026469,0.0051501401,-0.0161262247,-0.0151121953,-0.0142305874,0.0039716925,0.0059267011,-0.0037927879,0.0089065630,0.0424921283,0.0115395595,-0.0061947102,0.0057877712,-0.0113887870,0.0097600177,-0.0082157440,0.0395646344,-0.0154861203,-0.0021059767,-0.0034397537,0.0261629028,0.0210961652,-0.0191223954,0.0542815426,0.0155344986,0.0158759454,0.0295645973,-0.0057420318,0.0411633579,-0.0446044833,-0.0183699551,-0.0094959988,0.0182684480,0.0072805474,0.0124788629,-0.0050285886,0.0148710415,-0.0246720660,-0.0127353200,0.0080553032,-0.0061204911,0.0441723585,-0.0151307883,-0.0205750953,0.0144289944,0.0161105325,-0.0125607918,-0.0047107698,0.0117361777,-0.0212022255
338.0000000000,-0.0147409703,-0.0224977085,-0.0115990162,0.0085413779,0.0105188325,0.0004353146,-0.0161496384,-0.0125251016,-0.0079343001,0.0196992673,0.0073147240,0.0072941088,0.0100289438,-0.0150475428,-0.0061181241,0.0057066036,0.0080056474,-0.0136494327,0.0162309649,-0.0241123365,-0.0003802177,0.0009758834,0.0119631970,-0.0172077108,-0.0225929784,-0.0011699596,0.0054622018,-0.0192621255,0.0099056112,-0.0030701791,-0.0058336908,0.0120416335,0.0020101200,-0.0080779954,-0.0001509290,0.0273436933,0.0262589660,-0.0147196200,0.0062702077,0.0226222039,0.0014571868,0.0122773686,-0.0222865559,-0.0370163173,0.0079811512,0.0113506453,-0.0094852138,-0.0026704017,-0.0272933974,0.0044748975,-0.0024167978,-0.0214307171,0.0033981943,-0.0033039637,0.0307260819,0.0045382495,-0.0075913244,0.0129324254,0.0064766625,0.0051867503,0.0103220021,0.0268274806,0.0249427655
339.0000000000,0.0024727837,0.0002404300,-0.0162818097,0.0204361866,-0.0048222530,-0.0002221431,0.0174438917,0.0288942142,-0.0016063602,0.0238711863,0.0220631997,0.0125453928,0.0433234379,0.0061598002,-0.0077315247,-0.0124924817,-0.0218577702,-0.0124334529,0.0124145525,-0.0220350541,-0.0052367867,-0.0001138482,0.0240531205,-0.0245140869,-0.0308317929,0.0042792768,-0.0008169718,-0.0199010317,0.0184903321,0.0221743984,-0.0070565611,0.0053202544,0.0178333572,0.0038029435,0.0192714968,0.0127579300,0.0242211480,-0.0037538348,0.0368051355,0.0197078664,-0.0026168806,0.0249384758,-0.0211138255,-0.0056433206,0.0141564896,0.0059342282,0.0162760546,0.0107174113,-0.0239428031,-0.0194956460,-0.0086977117,0.0078758689,-0.0165775399,0.0053431012,0.0229553498,-0.0277569834,-0.0081820618,0.0053452001,0.0168496300,0.0118095111,0.0142716178,0.0289011911,-0.0047828687
340.0000000000,0.0074483186,-0.0069412261,-0.0277179452,0.0063389520,0.0257795477,-0.0158603255,-0.0188602888,-0.0117182395,-0.0008157411,0.0163999483,-0.0175436655,0.0212419212,0.0044871575,0.0130244128,-0.0001838902,-0.0138794033,-0.0313184323,-0.0011383127,0.0078730491,0.0125412567,0.0017800921,0.0030049512,-0.0074112737,0.0205671582,0.0048457163,-0.0061271197,0.0109510965,0.0211567392,-0.0084944551,0.0227275470,-0.0034373075,-0.0107411735,0.0017398733,-0.0088101332,0.0167282961,-0.0037589970,0.0309467677,-0.0042700459,0.0420958238,0.0199603591,-0.0070015276,0.0073521077,-0.0154177098,0.0019848334,-0.0046949675,0.0376434626,-0.0152548523,-0.0037022373,-0.0057459686,-0.0260777493,-0.0105175349,-0.0133278388,0.0110501765,-0.0017969269,0.0184788967,-0.0056947807,-0.0096929046,0.0067396487,0.0033011687,0.0033790629,-0.0074780526,-0.0112161405,-0.0092962060
341.0000000000,-0.0070886370,0.0061739013,-0.0231285978,-0.0042700060,0.0022939704,-0.0228544956,-0.0065516043,0.0093966816,-0.0043463006,-0.0028153767,-0.0002507992,0.0059637388,0.0042786863,-0.0019129429,0.0068561340,-0.0327140008,-0.0164861391,-0.0078905330,0.0022531731,-0.0025742294,0.0169182855,0.0020718059,0.0113509269,-0.0026826033,-0.0300308407,0.0151405462,0.0057175036,0.0123125128,0.0232607590,-0.0195499829,-0.0099427238,0.0071598003,0.0226459906,-0.0015418648,0.0107009437,0.0133180231,0.0246374303,0.0136963456,0.0247656172,0.0227627374,-0.0030172052,0.0149810614,-0.0151766577,-0.0110328000,0.0190069617,0.0228770602,-0.0194748734,-0.0080419337,0.0054699896,-0.0049326905,-0.0132985061,-0.0002335400,-0.0149915049,-0.0101377124,0.0166668799,0.0084129759,0.0011628132,0.0078028660,0.0176519603,0.0058572016,-0.0058812059,0.0254887538,0.0254890365
342.0000000000,0.0018203001,-0.0034724743,-0.0170269894,0.0131281167,0.0220104276,0.0024193852,0.0056015068,-0.0069264492,-0.0139329479,-0.0005158331,0.0027675758,-0.0095258515,0.0166986486,0.0032086583,-0.0125077628,0.0037058744,-0.0148264632,-0.0021376563,-0.0025529880,0.0181029092,-0.0100864099,0.0317655860,0.0138252349,-0.0168325561,-0.0097218368,0.0123885248,0.0000930368,-0.0040105245,0.0192908844,-0.0030750046,-0.0039796226,0.0130390695,0.0058360950,-0.0021233943,0.0083505704,0.0047459542,0.0256570277,0.0070315463,0.0254994237,0.0174838067,-0.0006910785,0.0200537831,-0.0255933751,-0.0168412955,0.0044343548,0.0148476991,0.0116857818,-0.0054590655,-0.0179087809,-0.0049020687,0.0071693496,-0.0050977589,0.0039584554,-0.0154757473,0.0365821128,-0.0133258372,0.0118067312,-0.0037572945,0.0145242942,-0.0032676769,-0.0068026374,0.0045901057,-0.0000220664
343.0000000000,0.0090030479,0.0086578366,-0.0071454210,0.0045284368,-0.0161010159,0.0008905546,-0.0193484768,0.0089201191,-0.0021862142,-0.0098906179,0.0015178067,-0.0120839413,-0.0052327711,0.0031693216,-0.0048763015,0.0105214628,-0.0136178991,-0.0044995498,0.0118828622,-0.0038652527,0.0134459489,0.0032558678,-0.0033895942,0.0231507246,-0.0134767685,-0.0026235546,-0.0062543852,0.0095351522,0.0140703458,0.0059365946,-0.0058365691,0.0098391934,-0.0110449024,-0.0000277113,0.0075102714,-0.0101332436,0.0248272066,-0.0058986052,0.0017249474,0.0179215040,-0.0140492998,0.0286897921,-0.0113046685,-0.0124228304,0.0121647622,0.0257886059,-0.0026079881,-0.0068611572,0.0124230735,-0.0025451053,0.0232547072,-0.0172602284,0.0119883016,0.0033582629,0.0051501819,-0.0011455830,-0.0314479262,-0.0174333902,0.0386067224,0.0085185311,-0.0076465342,-0.0127312078,-0.0003182702
344.0000000000,-0.0071588611,-0.0106881703,-0.0192389479,-0.0047110767,-0.0025295316,-0.0110546691,0.0158426994,-0.0105854645,-0.0331165578,0.0207295957,0.0140213253,0.0092116147,0.0075992170,-0.0007821283,-0.0139792482,-0.0056876232,-0.0081611166,-0.0052094693,0.0279038952,-0.0163230690,-0.0033597490,0.0330735376,0.0129479407,0.0063212582,-0.0086866798,0.0027348519,-0.0035124543,0.0012637037,0.0107700658,0.0069579062,-0.0291720484,0.0160917649,0.0243555699,0.0334989138,0.0198444295,-0.0189368627,0.0101700531,0.0162336744,0.0059139602,0.0316434564,0.0055776346,0.0315932122,-0.0236594098,-0.0194560371,0.0117735823,0.0109607784,-0.0139504548,-0.0151832554,-0.0037555744,-0.0149820446,-0.0116829032,0.0109358465,-0.0022598640,0.0197300931,0.0205135276,0.0098274473,-0.0036832352,0.0090433289,0.0177193244,-0.0056691348,-0.0031895299,0.0313245781,0.0102840156
345.0000000000,0.0145919361,0.0170666096,-0.0086062013,0.0202291205,-0.0318206283,-0.0250624032,0.0043057968,-0.0117456618,-0.0213415686,0.0042969555,-0.0136192335,0.0096541771,0.0086964841,0.0171143934,-0.0052947945,-0.0038006690,-0.0246389037,-0.0202722200,0.0150071207,-0.0033608409,-0.0074718462,0.0236904236,0.0123925715,0.0107246162,-0.0235777839,-0.0007865352,-0.0130177252,-0.0081244817,0.0208285950,0.0331836504,-0.0045710258,0.0018302409,-0.0066274487,-0.0099357553,0.0115158381,0.0209744663,-0.0041974240,0.0092956105,0.0125654016,0.0165651833,-0.0064978116,0.0232180327,-0.0045840879,-0.0093687984,0.0034709720,0.0137586353,-0.0095988573,-0.0034576831,-0.0157486119,-0.0130174082,-0.0267865687,0.0038661734,-0.0017871086,-0.0277399618,0.0259714750,-0.0095010393,-0.0045434201,0.0299693826,-0.0007789045,-0.0000940585,0.0091661236,0.0083136344,0.0043005273
346.0000000000,-0.0115133311,-0.0104464704,-0.0172493169,-0.0007339834,0.0055994676,0.0045604225,0.0022300674,0.0135146570,-0.0029156791,0.0067547920,0.0089114868,-0.0054013074,-0.0009323315,0.0057660756,-0.0326930128,0.0155894210,-0.0322389741,-0.0329691160,0.0005640963,-0.0031456542,-0.0166367259,0.0139687077,0.0258643315,-0.0156308648,-0.0175525557,0.0018625792,0.0242088223,-0.0254281089,-0.0008208719,-0.0020398169,-0.0103618005,0.0030741126,0.0240566127,-0.0112061746,-0.0016977278,-0.0064829013,0.0238387063,-0.0049438649,-0.0033860550,0.0143707836,-0.0076724585,0.0035504750,-0.0099865695,-0.0027863726,-0.0055866997,0.0282544351,-0.0070483626,-0.0318864522,-0.0085690578,-0.0045952237,-0.0007044297,-0.0059614619,0.0075560942,0.0143406457,0.0356231441,0.0061492151,-0.0150772131,0.0334552956,0.0022018047,-0.0018082408,-0.0134565161,0.0148490938,-0.0036721488
347.0000000000,0.0079654406,-0.0043770249,-0.0055808810,-0.0158168314,-0.0075933251,-0.0114942015,0.0114894719,-0.0336341731,-0.0130814565,0.0093683470,-0.0144243782,0.0120133992,0.0013445520,0.0002367844,-0.0208135526,0.0009945183,-0.0036826149,-0.0043509534,0.0029039292,0.0051438816,-0.0068507312,0.0056370134,0.0337298262,-0.0157361178,0.0018113084,-0.0204532033,0.0113736725,0.0029867769,0.0144546340,0.0123431471,-0.0049553818,-0.0002338425,0.0263706659,0.0133701270,0.0020009139,-0.0131744420,0.0360582286,-0.0125305083,0.0454910466,0.0211747640,0.0011865643,0.0205577519,-0.0263764090,0.0190448093,0.0077653369,-0.0081011899,0.0014513917,-0.0003927025,-0.0093120807,-0.0042527685,-0.0084849513,0.0146610183,-0.0306584910,0.0096352313,0.0150642417,0.0038008483,-0.0007439942,0.0335197234,-0.0036565207,0.0148539510,0.0283560016,0.0001921975,0.0068990176
348.0000000000,0.0092109061,-0.0022439251,-0.0236436228,0.0029859037,-0.0062004544,-0.0289738458,-0.0119286165,-0.0034921742,-0.0154536555,0.0223311800,-0.0210798730,0.0011914327,0.0328088421,0.0200353561,-0.0187736963,0.0080615798,-0.0060202387,-0.0141567748,0.0051664471,-0.0008810740,-0.0019210899,0.0466865534,0.0273666782,0.0034340769,-0.0101565039,0.0003763487,-0.0055430073,-0.0095734648,0.0165243322,0.0119391200,-0.0211968455,0.0361457728,0.0359329412,-0.0078208452,0.0385869456,-0.0121407195,0.0315366583,0.0048692682,0.0292646303,0.0346323133,0.0194358741,0.0304190895,-0.0416644731,-0.0316504612,0.0158994800,0.0307745408,-0.0302909596,-0.0221159566,-0.0056898589,-0.0014471524,-0.0091248796,0.0074306065,0.0342840877,-0.0004430021,0.0250165948,-0.0017836895,-0.0250923736,0.0310689743,0.0304514976,0.0297867072,-0.0161925922,0.0259006189,-0.0058535773
349.0000000000,-0.0018569905,-0.0118090319,-0.0087369748,0.0177047430,-0.0015016282,0.0086393018,0.0142794498,0.0034565424,-0.0113202467,0.0004337347,0.0277106659,-0.0125300562,0.0139823410,-0.0116211737,-0.0284421847,0.0079666157,-0.0129893209,-0.0022069825,0.0274483494,-0.0235047110,0.0077703155,0.0331285004,0.0301303683,-0.0051639764,0.0029547611,-0.0080448659,-0.0121372472,0.0000526250,0.0096204809,0.0124462516,-0.0027020736,-0.0123813520,0.0030733909,0.0086764175,0.0247649850,0.0166523905,-0.0011548629,0.0093886670,0.0047764546,0.0006481104,-0.0010372401,0.0255389766,-0.0074824556,-0.0175402505,0.0066371445,-0.0049470159,-0.0076901927,-0.0026226164,-0.0138698593,-0.0262249226,-0.0029115227,-0.0227315741,-0.0105280270,-0.0168294321,0.0226371908,0.0057751055,-0.0017870819,-0.0121937446,0.0381331421,0.0051225891,0.0119422008,0.0233660604,-0.0081807049
350.0000000000,0.0286412466,-0.0096669763,-0.0270920635,0.0000396051,0.0063432807,-0.0123887814,-0.0131665656,0.0038734366,-0.0031232767,-0.0023357397,-0.0041771860,-0.0122257490,0.0327866091,0.0044879699,-0.0135788491,0.0012887323,-0.0029908298,0.0092953989,0.0038140048,-0.0128955481,0.0167640557,0.0216025330,0.0210426512,-0.0074721923,-0.0165802034,0.0016842744,-0.0007918837,-0.0107179971,0.0067831769,0.0017776747,-0.0053348183,-0.0055617540,0.0047968797,0.0021445795,0.0216453980,-0.0021296344,0.0150442623,0.0075330795,0.0295578567,0.0266963844,-0.0050924665,0.0050740425,-0.0011333787,-0.0095480547,0.0187444861,0.0107861227,-0.0005552323,0.0033358931,0.0063531990,-0.0120702810,0.0071503944,0.0070972188,0.0100922997,-0.0161377512,0.0015270585,-0.0099147860,-0.0077410099,-0.0006802011,0.0109247011,0.0037960759,-0.0029758848,0.0207483263,0.0038474937
351.0000000000,0.0128200632,0.0174857130,-0.0084944419,0.0086516892,-0.0072640685,0.0035796158,-0.0048401033,0.0174968393,-0.0055576614,0.0285961573,0.0036760239,-0.0069712430,0.0283700946,0.0153558898,-0.0075179162,0.0160825082,-0.0317078690,-0.0047975416,0.0045669779,-0.0088074492,0.0312354889,0.0090484349,-0.0057155447,0.0065305636,-0.0159985003,0.0040473674,-0.0091633887,-0.0046265638,0.0222597428,0.0050510154,-0.0241895751,0.0248158643,0.0147891423,-0.0041437300,0.0038599561,0.0155890616,0.0054360382,0.0083808629,-0.0051127972,0.0160805885,0.0099640822,0.0150552085,-0.0153340371,-0.0177686590,0.0008305524,0.0175135457,0.0187575617,-0.0252968246,-0.0110909311,-0.0122350084,-0.0086866198,0.0197364174,0.0221125056,-0.0217978314,0.0139043751,-0.0021333426,-0.0146845312,0.0125762536,0.0051636160,0.0173678520,-0.0085822442,-0.0009219282,-0.0072817222
352.0000000000,0.0201868222,-0.0127139311,-0.0228992157,-0.0041275630,-0.0196657525,0.0126812152,-0.0037913956,0.0019917019,-0.0090510429,-0.0000988048,0.0030221010,0.0062598596,-0.0015125598,0.0497778902,0.0080618377,-0.0073053101,-0.0104868061,-0.0215981951,-0.0217830287,0.0125047722,0.0073968303,0.0356066316,-0.0105101504,-0.0066479260,-0.0155763748,0.0114953559,0.0005922551,-0.0235095051,-0.0007654375,0.0197478832,-0.0085425815,0.0272153185,0.0058764644,-0.0063469455,0.0045978259,0.0006379161,0.0273084488,-0.0071764732,0.0184499923,0.0055331628,0.0033848232,0.0157854413,-0.0160250437,-0.0162226517,-0.0023866226,0.0128020972,0.0068735882,-0.0078157686,0.0177669635,-0.0070888320,-0.0222439391,0.0025873170,-0.0001255868,0.0091522665,0.0126695766,0.0017161479,0.0085922555,-0.0006525348,-0.0007652745,0.0067379632,0.0087943948,0.0124475555,-0.0032159808
353.0000000000,-0.0067040484,-0.0102377985,-0.0073555739,0.0104733452,-0.0039780664,0.0065892564,-0.0058713260,-0.0041026854,-0.0081774782,0.0379440210,-0.0119487956,0.0089873216,0.0128112677,0.0061111298,-0.0060585082,0.0075938679,-0.0121749629,-0.0022247795,-0.0064965938,0.0134078882,-0.0025242434,0.0067989378,-0.0010195299,0.0063707109,-0.0061813114,0.0054613363,0.0104479517,-0.0069694434,-0.0063709438,-0.0266060229,0.0075527003,-0.0021729845,0.0043585661,0.0109478828,0.0330395579,-0.0035561204,0.0110629869,-0.0141349495,0.0065507559,0.0044447334,-0.0027805299,0.0282074156,-0.0105386227,-0.0106164514,0.0190605601,-0.0024379464,0.0139338342,-0.0220799372,-0.0073290306,-0.0197228383,-0.0084314395,0.0256237415,0.0059114734,-0.0108253119,0.0070737972,0.0205308144,-0.0051269635,0.0055798451,0.0160461984,0.0013114820,-0.0044324157,0.0128831912,-0.0059869224
354.0000000000,-0.0052525391,-0.0078174537,-0.0192495436,0.0200960893,0.0033511266,-0.0000045227,-0.0002401559,-0.0223256977,-0.0251477218,0.0055498686,-0.0079223516,-0.0017196508,0.0236483735,0.0040116852,-0.0229598218,-0.0054203550,-0.0464523122,-0.0217622552,-0.0055616147,0.0120287262,-0.0041052024,0.0076116899,0.0164573182,0.0131540842,-0.0104106006,0.0271577580,0.0064609822,-0.0000429498,0.0109767749,0.0068971197,-0.0257452626,0.0242579051,-0.0007883693,0.0317840769,0.0132341664,0.0094575770,0.0355346795,0.0059607845,0.0386337666,0.0491517678,-0.0037871383,0.0320565439,-0.0085625651,-0.0131051073,0.0030213830,0.0177918133,0.0012745972,-0.0243203728,-0.0105236088,0.0130612664,-0.0260821062,0.0066879659,0.0067015714,-0.0188807553,0.0142684338,-0.0098615863,-0.0123883396,0.0004452984,0.0022685525,0.0176708417,-0.0090320228,0.0118669919,-0.0201170715
355.0000000000,-0.0116232103,-0.0096901586,-0.0172188633,0.0105800581,0.0165062512,-0.0117623090,0.0311032580,0.0082442492,-0.0065852731,0.0374281080,0.0013116750,-0.0145762501,0.0088815067,0.0162938064,-0.0101561824,0.0048628102,-0.0331176221,-0.0090762288,0.0089912877,0.0153778359,0.0024458202,0.0319448068,0.0233288928,-0.0066525629,-0.0013492407,-0.0075728779,-0.0050472910,-0.0273020989,-0.0148585016,0.0098106980,-0.0104248343,0.0315519179,-0.0073434993,-0.0085894662,0.0367189532,0.0058442104,0.0269500006,0.0108690899,0.0270983733,0.0373155396,-0.0236490943,0.0218343891,-0.0031323235,-0.0143393851,-0.0061364300,0.0216084609,0.0066903815,-0.0129851768,-0.0203348172,0.0054050226,-0.0257054833,0.0130284063,0.0253643201,-0.0252356584,0.0196396740,-0.0101176814,-0.0017957314,0.0178838469,0.0245499802,0.0262746166,-0.0147549048,0.0142831770,0.0114285940
356.0000000000,0.0042597356,0.0012794064,-0.0321305679,0.0022595470,-0.0068802116,-0.0012145680,-0.0213821159,-0.0011141920,-0.0073529179,0.0031952320,0.0292102253,0.0137861115,0.0232595609,0.0064489723,0.0097792041,0.0004324107,-0.0189492994,-0.0108056963,0.0026826765,0.0257937835,-0.0032797097,0.0208802310,0.0061764872,-0.0009012086,-0.0253050828,0.0073244687,-0.0042922675,0.0191698465,0.0175070024,0.0179319230,0.0091349096,0.0066745736,0.0150487123,-0.0382839188,0.0136169625,-0.0059406499,0.0234612992,-0.0000937346,0.0211625688,0.0219640278,-0.0139667968,0.0088128646,-0.0234907883,0.0109957298,0.0167911949,0.0210714458,-0.0071538209,0.0226092253,0.0020481500,-0.0226380904,-0.0078549220,0.0108375576,0.0079992985,-0.0015319122,0.0352282868,0.0166137010,-0.0141436180,-0.0168147193,0.0357851475,0.0080888765,0.0096782308,0.0073225347,0.0035769350
357.0000000000,0.0149374232,-0.0267822348,0.0064161786,-0.0000885148,0.0055491488,-0.0249884840,-0.0116425820,0.0010291007,0.0031627638,0.0319987129,0.0055400577,0.0084196336,0.0157974353,-0.0076301115,-0.0159494635,-0.0186070047,-0.0088074043,-0.0135947051,-0.0083678240,-0.0087816410,0.0077082202,0.0186729856,0.0153797512,0.0027734293,-0.0029556905,0.0108856785,0.0062116153,0.0073522932,-0.0038137404,0.0136334908,0.0007813681,-0.0125351193,0.0238664089,-0.0041950727,0.0032582070,-0.0075471392,0.0288741326,-0.0002423360,0.0160708272,0.0198238532,-0.0152624173,0.0136469890,0.0027375784,-0.0306891564,0.0146809912,0.0258429712,-0.0039060463,-0.0156064687,0.0054649283,-0.0213858498,0.0014910848,-0.0073298429,-0.0045409862,0.0007223255,0.0165916803,0.0014740668,0.0138824902,-0.0001062178,-0.0090093473,0.0145968835,-0.0172765644,0.0208975594,-0.0193730735
358.0000000000,0.0021411613,-0.0063943380,-0.0180561880,0.0072921007,-0.0111908125,-0.0243300424,0.0103943180,-0.0168890687,0.0088012228,0.0056055906,-0.0146526926,0.0206728332,0.0139814421,-0.0007663295,0.0018138275,-0.0078690539,-0.0103485855,0.0009039305,0.0146656021,-0.0252629551,0.0131714039,0.0097542479,0.0065215164,0.0067866182,-0.0083886413,-0.0124840846,-0.0133801669,-0.0045233778,0.0083484751,0.0119021595,-0.0242203749,-0.0006591751,0.0012808077,-0.0116611237,0.0136148950,0.0082747689,0.0341422812,0.0101048044,-0.0032074146,0.0229405445,0.0127589022,0.0205491681,-0.0250243731,-0.0066478971,0.0141653818,0.0153324357,0.0015771189,0.0050842165,-0.0170999017,-0.0220404143,-0.0015715614,0.0307056448,0.0138591174,0.0126551661,0.0563985015,-0.0089943023,-0.0173569308,-0.0112653322,0.0104298216,-0.0054468039,-0.0052701249,0.0183815382,-0.0204072282
359.0000000000,-0.0039946479,0.0061991025,0.0066592985,-0.0147514641,-0.0085933521,-0.0160023079,-0.0100790350,-0.0153517562,-0.0091543006,0.0150172692,-0.0157732253,0.0057992385,0.0139784439,0.0304320572,-0.0035830677,-0.0209595930,-0.0201991428,-0.0129113615,-0.0123153969,-0.0114099854,-0.0077942643,0.0117332454,0.0248475287,-0.0060790886,-0.0030914614,0.0280360883,-0.0100013726,0.0004838144,0.0107254996,0.0020898555,-0.0076686590,0.0003766289,0.0029502878,0.0104759480,0.0081774399,0.0087286186,0.0236555120,-0.0092712232,0.0340784526,0.0314862852,0.0036988045,0.0205190487,-0.0058490542,-0.0161545447,-0.0028046517,0.0238822997,-0.0190224675,0.0124010979,0.0089049849,-0.0149207161,-0.0037629215,0.0287054079,-0.0008529761,-0.0093368606,0.0170692711,0.0010546296,-0.0076040172,-0.0111395206,-0.0068814640,-0.0043967111,0.0154018670,0.0101089044,-0.0181053471
360.0000000000,0.0007183714,-0.0126556414,-0.0409660868,0.0043221927,0.0183016136,-0.0176027120,-0.0069636419,0.0111584240,-0.0241434223,0.0206084782,-0.0191873534,0.0046635413,0.0190842223,0.0299633469,-0.0152207577,-0.0139301112,-0.0208677634,-0.0032774977,0.0092796564,0.0055179600,0.0095919301,-0.0017924970,0.0119421155,-0.0037475795,-0.0197358538,-0.0073402622,-0.0054987082,0.0153710342,0.0117846610,0.0383977395,0.0045450171,0.0120526891,0.0052884668,-0.0187355649,0.0088076849,-0.0206759841,0.0075584452,-0.0098281740,0.0008850728,-0.0047354395,-0.0160396626,-0.0006382298,-0.0060737351,-0.0128182699,0.0071060281,0.0333829044,-0.0133403392,-0.0039612209,-0.0229040903,-0.0357688639,-0.0301017448,0.0172217355,-0.0046983634,-0.0061044630,0.0265656079,-0.0349764932,0.0064249519,0.0082464271,0.0130498156,0.0058823658,0.0264567254,-0.0054620296,-0.0002795977
361.0000000000,-0.0054421687,0.0121326274,-0.0092747821,0.0240745307,-0.0038016839,-0.0013253880,-0.0063722437,-0.0103827597,-0.0090030867,0.0045043524,0.0038040571,-0.0005658891,0.0003450904,-0.0010703516,-0.0080519794,0.0135822150,-0.0231896047,-0.0066288155,0.0166219960,-0.0018210456,-0.0049655944,0.0248667930,0.0230348114,-0.0172981423,-0.0149620599,0.0123285992,-0.0167594693,-0.0036199055,0.0008747853,0.0021302264,0.0192882814,-0.0134687674,0.0125088427,0.0022899710,0.0343475473,0.0029936327,0.0215305614,0.0097220353,0.0114721269,0.0098950653,-0.0001747592,0.0303204421,-0.0235815969,0.0033956358,0.0208534673,-0.0109254878,-0.0010951361,-0.0086053023,-0.0191550149,-0.0011509763,0.0163802890,0.0129061392,-0.0095541979,0.0032265314,0.0199141409,0.0071252021,-0.0110503382,-0.0064661222,0.0253923582,0.0060921013,0.0091596299,0.0220676321,-0.0220286226
362.0000000000,-0.0025272551,-0.0051762665,-0.0106046164,-0.0087444007,0.0199487126,-0.0098677372,-0.0039214596,0.0005996528,-0.0079832461,-0.0136157818,-0.0051343208,0.0113236957,0.0042391377,0.0037165367,-0.0169417443,0.0001984500,-0.0228970361,-0.0063009396,0.0012046799,0.0058958955,0.0018080264,0.0265853139,0.0010926591,-0.0265875084,-0.0165331930,-0.0066781980,0.0100294384,0.0164607978,0.0119688584,0.0102774888,0.0167537536,-0.0016335638,0.0032053584,0.0140616416,-0.0013207241,-0.0201283214,0.0095501725,0.0025338266,0.0158329823,0.0152527472,0.0152092297,-0.0108009620,-0.0066328457,0.0020349284,0.0043535015,0.0068746137,-0.0064785015,-0.0073343909,0.0185092887,0.0051960356,-0.0054348510,-0.0009173103,0.0021822324,0.0181425599,0.0151023993,0.0181041909,-0.0157967062,-0.0018224351,0.0162987986,-0.0033684401,-0.0124206771,0.0225527147,-0.0189800415
363.0000000000,-0.0100921027,-0.0085067633,-0.0063008519,0.0100729457,-0.0085123573,0.0064711454,-0.0042249220,-0.0112946632,0.0007480673,-0.0127797749,-0.0262282858,0.0181824781,0.0386299241,0.0217204344,-0.0100909058,0.0046056137,-0.0174307727,-0.0212883148,0.0294255750,0.0009521109,0.0078250456,0.0115302122,0.0079651797,-0.0169140639,-0.0158877907,0.0306371220,-0.0193057883,-0.0005887248,0.0158613498,0.0154924212,-0.0134238643,0.0141917633,0.0112315060,0.0196141474,0.0196359583,0.0107449772,0.0337262713,0.0102575722,0.0320571589,0.0604251550,0.0041087484,0.0185020509,-0.0191580208,-0.0188974769,0.0072058073,0.0355500445,0.0190134900,-0.0051052670,0.0128691894,-0.0116409760,-0.0192784637,0.0029992674,0.0066403358,-0.0242634072,0.0195685977,-0.0146675486,-0.0236589079,0.0267944988,0.0317831407,0.0370311573,0.0019186711,0.0167659053,0.0050648996
364.0000000000,0.0179632915,-0.0024337028,-0.0044359524,-0.0008508372,0.0077475801,-0.0006072499,-0.0012029780,-0.0145435784,-0.0238324610,0.0155126908,0.0190463374,0.0010089726,0.0398737910,-0.0049061069,-0.0154284540,-0.0069729617,-0.0125499733,-0.0293630350,0.0036607393,-0.0027660827,0.0018560036,0.0216814725,0.0124247079,-0.0084770902,-0.0122301611,0.0062396029,-0.0026625634,0.0078536288,0.0010543380,0.0244898692,-0.0076392505,0.0117760632,-0.0018907831,0.0062445186,0.0263180783,-0.0242899176,0.0466441874,0.0085471087,0.0288266153,0.0544931914,0.0099331851,0.0245738865,-0.0118643122,-0.0236527051,0.0124394545,0.0339254136,-0.0026519674,-0.0039326779,-0.0206044460,-0.0101243099,0.0017454980,0.0070435921,0.0208677538,0.0121426053,0.0220591442,-0.0096315984,-0.0177607993,0.0080358349,-0.0038647070,0.0119091654,-0.0215219506,0.0303640164,-0.0041849144
365.0000000000,-0.0019739591,-0.0382652920,-0.0124465886,0.0044660789,0.0068855479,-0.0192658093,0.0032976339,0.0058383872,-0.0250566687,0.0072091830,0.0128610454,0.0043820292,0.0144775032,0.0105113895,-0.0048157877,0.0042646858,-0.0322101214,-0.0378187795,0.0004000513,0.0100446635,0.0247702149,0.0077720694,0.0037118904,-0.0098677233,-0.0001722534,0.0021192977,-0.0170232971,-0.0097862956,0.0146970563,0.0214995819,-0.0047414184,-0.0026563919,0.0265497222,-0.0009280208,0.0226692680,-0.0103226198,0.0008372395,0.0077390058,0.0260327856,0.0564214112,-0.0042682018,0.0207434248,-0.0046827726,-0.0016774918,-0.0052944319,0.0126162174,0.0227827758,-0.0381676242,-0.0218092782,-0.0054509323,0.0096437922,0.0147041890,-0.0038395551,-0.0300384537,0.0101479415,0.0020891497,-0.0253627828,0.0101890161,0.0206407949,-0.0012763379,0.0439386498,0.0229486596,0.0049961585
366.0000000000,0.0063906906,0.0228582074,-0.0240903194,0.0115138858,-0.0031625271,0.0000929283,0.0116435036,0.0161763077,-0.0127940265,-0.0009849200,-0.0135603986,-0.0129082888,0.0312786561,-0.0132718511,-0.0080384867,-0.0128832635,-0.0082103329,0.0009229737,-0.0005082002,-0.0164325032,-0.0059861341,0.0001810250,0.0169253639,0.0269684224,0.0117220993,-0.0104135205,-0.0032242630,-0.0090247309,0.0139840482,0.0113171848,-0.0248920119,0.0042635309,-0.0165730818,0.0174771146,-0.0071484170,-0.0307906194,0.0138748590,-0.0074708697,0.0077481026,0.0338243922,-0.0067849859,0.0247760815,-0.0186012473,-0.0065304888,0.0254680535,-0.0096441476,0.0376884118,0.0026551379,-0.0074480323,0.0145646158,-0.0120841039,-0.0010679600,-0.0088495626,0.0034589687,0.0169443951,-0.0104680487,-0.0205010828,-0.0049563819,0.0247718873,0.0096210126,0.0020346809,0.0262326102,-0.0011657012
367.0000000000,-0.0034315983,0.0246465014,0.0178331313,-0.0008297474,-0.0180803721,-0.0271743753,0.0183109016,-0.0041615879,-0.0342752696,-0.0065401269,0.0208331733,0.0243885369,0.0152219159,0.0053731932,-0.0121811692,0.0007456409,-0.0270645848,-0.0061187406,0.0170213278,-0.0109121209,0.0146772161,0.0267154894,0.0147352863,0.0049708324,0.0070706177,-0.0120186662,-0.0038012840,0.0025789834,0.0025493130,0.0305020158,-0.0251292998,0.0050028810,0.0093818500,0.0087537353,0.0209509818,0.0065637882,0.0204066495,0.0251268825,0.0307652187,0.0468802999,-0.0015096287,0.0107567778,-0.0294148239,-0.0127309874,-0.0157725547,0.0406546926,-0.0046235912,-0.0199759891,0.0059173411,-0.0097912409,-0.0353721948,0.0115111684,-0.0001307201,0.0028485915,0.0198482039,-0.0204391307,-0.0176910761,-0.0048035074,0.0075093827,0.0033751625,-0.0077059101,0.0190058666,0.0178126976
368.0000000000,0.0180185319,0.0045300113,-0.0129608035,0.0024921070,0.0058283252,-0.0033465520,0.0094664341,0.0008596755,-0.0300985277,0.0080291684,0.0021177510,0.0199305161,0.0091008818,0.0120492651,-0.0060248438,-0.0095533550,-0.0435553661,-0.0064024745,0.0034369983,-0.0014129402,0.0127389548,0.0229609840,0.0155875999,-0.0258027606,-0.0199546439,0.0205199723,0.0077446667,-0.0084996102,0.0005184887,0.0180997731,0.0094995834,0.0222029457,0.0160831496,0.0079778559,0.0245736529,0.0142690467,0.0138729525,0.0022578143,0.0102846096,0.0365999980,-0.0196774476,0.0294684254,-0.0117445332,0.0061709172,-0.0045242472,0.0086283957,0.0145624544,0.0133955529,-0.0041731656,-0.0174025104,-0.0199560245,0.0068918792,0.0015424184,0.0001459467,0.0156650937,-0.0038317090,-0.0073178107,0.0193169047,0.0136426705,0.0054479920,-0.0078654398,0.0235389228,0.0157877820
369.0000000000,-0.0014023494,-0.0099063163,-0.0230039705,0.0108209998,-0.0026965998,-0.0047973321,0.0080842039,-0.0068663983,-0.0129290231,0.0305116863,0.0240951798,0.0297456735,0.0176731244,-0.0029040341,0.0105897166,-0.0051661908,-0.0467631267,-0.0069514913,0.0122361342,-0.0096893388,-0.0022066356,0.0457201662,0.0238958195,-0.0184106465,0.0002226456,-0.0065209402,-0.0074767329,0.0132229844,0.0063820445,0.0051574984,-0.0128093839,0.0053721096,-0.0006742516,0.0086865870,0.0217465694,0.0083099310,0.0377207652,0.0119419867,0.0198201788,0.0327317956,0.0191625310,0.0253832392,-0.0224548815,-0.0298516851,0.0114034761,0.0124170930,-0.0088078930,0.0161536680,-0.0062884751,-0.0166501444,-0.0140193592,0.0030720436,0.0108612329,0.0168216564,0.0133557197,0.0033504495,-0.0242578559,0.0186603379,0.0000134537,0.0232448213,0.0271639294,-0.0004402420,0.0044649494
370.0000000000,-0.0076163867,-0.0062330322,-0.0302266219,0.0185948724,-0.0208308668,0.0008050735,-0.0009857141,-0.0189408821,-0.0094107151,0.0252673163,0.0077854342,0.0139217610,0.0074657979,-0.0002382907,-0.0434062493,-0.0087983820,-0.0259137967,-0.0183097972,-0.0036795777,-0.0023414632,0.0023503861,0.0304041147,0.0154343706,0.0031599651,-0.0009272595,-0.0072894411,0.0152249734,-0.0129832379,0.0320254314,0.0254822305,-0.0113533306,-0.0075996981,0.0304402011,-0.0066357559,0.0117555477,-0.0010751325,0.0361772401,0.0226564357,0.0230110957,0.0103163791,0.0107904002,0.0229190923,-0.0408952010,-0.0261613139,-0.0044794100,0.0331138600,-0.0216243800,-0.0044207201,-0.0164594782,-0.0134579936,-0.0102085917,0.0031235616,0.0145858640,0.0046196580,0.0094176826,0.0018035614,0.0106997909,-0.0069421838,0.0135565103,0.0159836694,0.0091237410,0.0300052797,-0.0248351724
371.0000000000,0.0201548862,0.0030648865,-0.0055126196,0.0147175182,0.0181556759,-0.0183465726,0.0086212880,-0.0083222046,-0.0063614970,-0.0003859758,-0.0160089604,-0.0033444735,0.0047375788,0.0022539871,-0.0146509939,0.0008731378,-0.0315551569,-0.0231416720,0.0130552843,-0.0089571188,0.0152841490,0.0204014166,0.0284120142,0.0036942574,-0.0077384486,-0.0008069690,0.0100067509,-0.0081111217,0.0149670415,-0.0055041512,0.0011666506,0.0057750241,0.0021377053,-0.0005321445,0.0346795040,0.0060732237,0.0188836824,-0.0133181990,0.0094386410,0.0275566740,0.0020643979,0.0303123764,-0.0160591889,-0.0365255699,-0.0030040322,0.0138339699,-0.0301403440,0.0213359624,0.0179442023,0.0057675719,0.0095737512,0.0162869156,0.0041310573,0.0090916968,0.0095117812,0.0040145508,-0.0180617201,0.0209090136,0.0315896835,-0.0063568046,0.0197023633,0.0184212546,0.0175441850
372.0000000000,0.0188906756,-0.0071040153,-0.0011563338,-0.0000054217,-0.0082076793,-0.0148990000,-0.0100091844,-0.0042020100,0.0081859160,0.0084127791,-0.0039178353,-0.0199866295,0.0066882263,0.0074187624,0.0100163277,-0.0204820746,-0.0259735955,0.0054895010,-0.0117275079,-0.0078242462,0.0048963067,0.0151261318,0.0070438945,0.0013620909,0.0008352489,-0.0010862023,-0.0042644008,0.0017738367,0.0150951450,0.0064878407,-0.0233987267,0.0030543757,0.0004898159,-0.0122098021,0.0345709350,-0.0012332988,0.0208710989,0.0007795673,0.0218017667,0.0352193677,0.0301032067,0.0266419797,-0.0158914238,0.0128488482,0.0279796819,0.0329631423,-0.0155578796,0.0066831614,-0.0085069082,-0.0046405729,-0.0010535708,-0.0076436630,0.0090864892,0.0150724489,0.0146794819,-0.0055921563,-0.0311795510,-0.0043310256,0.0005038218,0.0094671039,0.0094433076,0.0104626125,-0.0125807067
373.0000000000,-0.0007993177,-0.0070707001,0.0053621289,0.0092400624,0.0033185842,0.0201209371,-0.0088317186,-0.0049536109,-0.0006764075,0.0213157276,0.0096747867,0.0016499302,0.0270593752,0.0121420994,-0.0133509004,0.0058305875,-0.0065491094,0.0119411632,0.0040526665,-0.0143733676,0.0011363615,-0.0092331365,0.0052593210,-0.0079449420,0.0023661386,-0.0045466593,0.0048249868,0.0086555570,-0.0225990759,0.0049133204,-0.0101749836,-0.0107471919,-0.0042727243,-0.0003547254,0.0222016346,-0.0159627345,0.0169559030,-0.0033300859,-0.0016048726,0.0065973119,0.0036421312,0.0351332188,0.0129928642,-0.0007942503,0.0006554266,0.0103866668,-0.0004952096,-0.0142919645,-0.0099444489,-0.0032358658,0.0025340367,0.0106477429,-0.0100455855,-0.0180580067,-0.0034760723,0.0057333349,0.0129324171,-0.0004454592,0.0126361309,-0.0153770778,-0.0204759358,0.0097531003,0.0114747941
374.0000000000,0.0082950177,0.0192409091,0.0003883331,-0.0110170699,-0.0037860497,-0.0108030347,-0.0131009383,0.0167930661,-0.0090277923,0.0145655786,-0.0090983705,0.0145141412,0.0021825325,0.0093752441,-0.0142090725,0.0059735851,-0.0025999371,-0.0039158952,0.0162846268,0.0255268165,-0.0057841201,0.0085923529,0.0167027423,-0.0062650198,-0.0068661730,0.0111310552,0.0302637028,-0.0056678360,-0.0030534096,-0.0077919298,0.0018853641,0.0103988771,0.0299672738,0.0091987964,0.0258744485,0.0058697120,0.0120311516,-0.0246919770,0.0044802162,0.0154509083,-0.0013606397,0.0177863727,-0.0158738665,-0.0053980369,-0.0080858374,0.0171565847,-0.0007056484,0.0076089050,0.0281928322,-0.0283785564,-0.0019581878,-0.0124747718,0.0184552508,-0.0149344270,-0.0151923745,-0.0142199974,0.0091924776,-0.0022317165,0.0113433664,0.0081150305,-0.0229709329,0.0035324420,0.0001863735
375.0000000000,-0.0078047169,-0.0033068841,-0.0078576422,0.0193352740,0.0081078959,-0.0098205858,-0.0119816805,0.0059551273,-0.0188352772,0.0142479304,-0.0132624474,-0.0024754663,0.0162522337,-0.0129910965,0.0167221707,0.0075392358,-0.0123677778,-0.0069873895,0.0135142078,-0.0257474794,-0.0101103284,0.0190181195,0.0124147591,0.0031817824,-0.0054083026,0.0181426045,0.0081836413,-0.0318415016,0.0051400733,0.0043903387,-0.0198895422,0.0121782740,0.0105852469,0.0160758083,-0.0018165388,-0.0018224591,0.0102435827,0.0004226988,0.0169158243,0.0399139307,-0.0150619159,0.0316120976,-0.0090065754,0.0017315095,0.0295369399,0.0092472257,-0.0082090419,0.0068379067,0.0063006565,-0.0104998654,-0.0246839258,-0.0127062267,-0.0103664156,0.0030118717,-0.0057757348,0.0111432989,0.0095974921,0.0107600015,0.0305754641,0.0145201025,0.0241816603,0.0021259335,0.0118064434
376.0000000000,-0.0100944864,-0.0194970450,-0.0042018813,-0.0229084990,0.0048938373,-0.0147378930,-0.0039587297,-0.0099808295,-0.0187041750,0.0168565277,0.0000817261,-0.0132188879,-0.0003381854,0.0093692908,-0.0047940156,-0.0021889082,-0.0210939045,-0.0209713881,0.0075153961,0.0014905083,-0.0179132750,0.0289802747,0.0178246271,0.0021934976,-0.0141601916,-0.0228071458,-0.0052637328,-0.0016051012,0.0105642460,0.0088882340,0.0040256357,0.0047089420,0.0114005564,0.0071551460,0.0300633200,0.0111172453,0.0371030566,0.0179952906,0.0398654206,0.0328054111,0.0041599593,0.0278977125,-0.0240823723,-0.0317870369,0.0063946369,0.0386641695,-0.0195074787,-0.0143006987,0.0012861843,0.0112460934,-0.0123014222,-0.0043617033,-0.0033916621,-0.0042018691,0.0239701720,-0.0031903138,0.0021405634,0.0123505816,0.0302607716,0.0274470214,-0.0085033502,0.0097512504,-0.0050120864
377.0000000000,0.0154215295,0.0192989301,-0.0114174784,0.0088276050,-0.0053286301,-0.0469579202,-0.0106809928,-0.0090689493,0.0203887100,0.0024325403,-0.0005757624,0.0021295025,0.0032314923,0.0162542153,-0.0001353949,-0.0076561411,-0.0274436102,-0.0034220823,0.0414885263,0.0026294795,-0.0008225822,0.0264574488,0.0061732123,0.0102385227,-0.0220708627,0.0087838921,0.0168419474,-0.0163225760,-0.0068699872,-0.0048883276,0.0202285456,-0.0021641281,-0.0019513133,0.0219175583,0.0007630728,-0.0045184700,0.0265593842,0.0009441870,0.0031123061,0.0135003165,0.0214814089,0.0073858797,-0.0165345066,-0.0057171848,0.0130441449,-0.0140088488,0.0106741977,-0.0029532219,-0.0017825124,0.0047070372,-0.0150379920,0.0027235054,-0.0018865376,-0.0038362096,-0.0016778366,-0.0143155185,-0.0093657096,0.0142399896,0.0208420392,0.0230520248,0.0057121857,0.0174450927,0.0073451708
378.0000000000,0.0136122668,-0.0030716084,-0.0215955841,-0.0014733600,0.0201367635,0.0022000549,0.0184676679,0.0212230666,-0.0097818815,-0.0004369447,0.0040813743,-0.0119274294,0.0311942809,0.0106070789,-0.0062071330,-0.0029336104,-0.0393086306,-0.0044328987,-0.0019454412,-0.0225265582,-0.0145001763,0.0174516385,0.0168131330,0.0127180550,-0.0152879326,-0.0049481619,-0.0021088984,0.0008933709,0.0156844242,0.0133534842,-0.0018240742,0.0126851676,0.0062973203,0.0169215217,0.0304779878,-0.0038428834,0.0221105461,0.0215980682,0.0132022433,0.0302288538,0.0012567295,0.0251310001,-0.0354959456,0.0023779243,-0.0238131405,0.0103378832,-0.0194384860,0.0179925998,0.0071799728,-0.0020946990,-0.0202782323,0.0015566736,0.0035043737,-0.0204569531,0.0302330832,0.0034927499,-0.0148765811,0.0131209416,0.0233286621,0.0111417641,0.0014122368,0.0060191052,0.0294762175
379.0000000000,-0.0283902774,-0.0006094067,-0.0184166669,-0.0083438838,-0.0083262444,-0.0110627545,-0.0023321841,0.0099973396,0.0051882724,0.0119603765,-0.0009136296,0.0131111063,0.0134243861,0.0204248134,0.0014104536,-0.0169148748,-0.0191553588,-0.0155974210,0.0201397727,0.0181310383,-0.0069603768,0.0151312470,0.0191828966,0.0021824277,-0.0131726893,0.0179695221,-0.0021901070,-0.0007696472,0.0133022752,0.0024733054,-0.0153880953,0.0217183015,0.0190524122,0.0219899672,-0.0108699833,-0.0044523612,0.0214533034,-0.0033517003,-0.0007448318,0.0254875968,-0.0080121682,0.0265356409,-0.0127345936,0.0017839946,0.0140397556,0.0208260409,-0.0145904178,-0.0028718650,-0.0111086046,0.0041585218,-0.0214633080,0.0026274352,-0.0001439712,0.0099774497,0.0301049598,-0.0139422402,0.0181152290,0.0136729362,0.0200351513,-0.0036846314,0.0126673698,0.0236826591,0.0078301115
380.0000000000,-0.0003458655,-0.0239881411,-0.0256115861,-0.0117872167,0.0037936011,-0.0039242443,-0.0055157615,-0.0030628644,-0.0293722551,0.0031439078,-0.0126595322,0.0117352761,0.0219776586,-0.0027508855,-0.0312806561,-0.0041772642,-0.0309844634,-0.0003571322,0.0323829023,-0.0083916853,0.0037026703,0.0277525493,-0.0132943557,0.0206042321,0.0102234426,0.0118245502,-0.0100530492,0.0011871039,0.0178789684,0.0058308894,0.0057678659,-0.0110619666,0.0245175142,0.0076548672,0.0086596525,-0.0007348862,0.0307521666,-0.0059112421,0.0295133549,0.0339664924,0.0271866676,0.0303437654,-0.0248788494,-0.0134678069,0.0098693514,0.0283697900,0.0015272689,0.0071780982,-0.0037480326,-0.0031196252,-0.0013424975,-0.0078593013,0.0243797288,0.0097448067,0.0163515258,-0.0072173636,-0.0226188195,0.0041896492,0.0396707283,0.0240730334,-0.0030618907,0.0430541639,0.0064405764
381.0000000000,0.0104577068,0.0062174694,-0.0365721191,-0.0014529973,-0.0015735207,-0.0153951359,0.0104772695,-0.0357479005,-0.0364454728,0.0103595041,-0.0066225987,0.0100688474,0.0306434697,0.0372281119,-0.0122805705,-0.0009813009,-0.0207020631,0.0074893293,0.0102230193,-0.0059653342,0.0019136605,0.0101887246,0.0459306676,-0.0268057044,-0.0240788774,0.0045251173,-0.0075677759,-0.0138217784,-0.0040719343,0.0291275940,-0.0075987470,0.0101751579,0.0211819502,0.0231591059,0.0078916159,-0.0153644215,0.0246056465,-0.0080744803,0.0356990853,0.0282779294,-0.0215088497,0.0370920442,-0.0253026187,-0.0340073624,0.0087757089,0.0114206481,-0.0137782107,-0.0025007380,-0.0057214418,0.0003927835,-0.0390011357,-0.0056582484,0.0033059551,-0.0184108874,0.0450032976,-0.0149006634,-0.0110771369,0.0032233393,0.0395811905,0.0080045302,-0.0076411064,0.0192958103,-0.0159189804
382.0000000000,0.0001625577,0.0043270086,-0.0033932943,-0.0007831509,0.0034711570,-0.0213296530,-0.0111157963,-0.0140836982,-0.0259879608,0.0245167088,0.0017036857,-0.0049420865,-0.0094881113,-0.0152402400,-0.0193554261,0.0106357425,0.0101418805,-0.0175964553,0.0055587293,0.0014417679,-0.0001517112,0.0207427697,-0.0107634043,0.0276345888,-0.0314468519,0.0055756435,0.0168586294,0.0070893382,0.0019207792,0.0079356116,-0.0106469776,0.0167017716,0.0051331729,-0.0054558610,0.0298472546,0.0171164425,0.0235512513,0.0047326943,0.0196346776,0.0180211317,0.0003823591,0.0176864978,-0.0051639003,0.0093134623,0.0091227769,0.0175107115,-0.0057589644,0.0106922395,0.0243899784,-0.0135554509,-0.0115546597,0.0009334377,0.0153837162,-0.0058457916,0.0201935140,-0.0000921861,0.0068758975,0.0304355852,-0.0027933303,0.0071379684,-0.0073123097,0.0174047320,-0.0107115858
383.0000000000,0.0218394977,-0.0094724501,-0.0137311753,0.0030379245,-0.0090326625,0.0050805330,0.0006929595,-0.0014255180,0.0065487547,0.0076861564,-0.0214377927,0.0052568564,-0.0140720113,-0.0157221827,-0.0066536237,0.0188340803,0.0011628946,-0.0138260473,0.0076220695,-0.0013564693,0.0067587948,0.0018493506,0.0225658226,-0.0098381219,-0.0099021726,0.0099408884,-0.0164508893,0.0109514724,0.0051501992,0.0064267091,0.0132550671,0.0011878734,0.0253700718,0.0023748916,-0.0052194102,-0.0173749299,0.0309958435,-0.0154360698,0.0074609696,0.0502968602,-0.0018721811,0.0045622918,-0.0131216692,-0.0126636759,0.0082770424,0.0272476547,-0.0165734956,0.0107483192,-0.0110255595,-0.0098306159,-0.0351284961,-0.0173677312,0.0011591497,-0.0052070210,0.0178234430,0.0053643430,-0.0054513764,0.0141731599,0.0036968327,-0.0044469885,0.0078527461,0.0105799652,-0.0125889119
384.0000000000,0.0047830692,-0.0051371345,0.0048588016,0.0194934951,0.0052448363,-0.0096336066,0.0120176592,-0.0059140198,0.0040001295,-0.0002652556,-0.0117009281,0.0147830536,0.0232877399,0.0079967149,-0.0170188236,0.0015293527,-0.0342345105,-0.0228764875,0.0130336105,-0.0130655734,-0.0112027262,0.0471553475,0.0364856781,-0.0098420564,-0.0055534500,0.0328681071,-0.0018759266,-0.0049142734,0.0241557962,0.0095609039,-0.0243807617,0.0251701771,0.0052003451,0.0215861544,0.0042293814,0.0058645274,0.0324811052,0.0073580885,0.0360466659,0.0238392344,0.0179008901,0.0255253255,-0.0061059788,-0.0010293760,0.0094024488,0.0350173309,-0.0176038284,-0.0014254837,0.0007695542,-0.0152967857,-0.0265679015,0.0001070575,0.0100336911,-0.0037933238,0.0325183074,-0.0138473271,-0.0134250211,0.0064036952,0.0200033145,0.0028702244,0.0083419507,0.0273370891,0.0193226372
385.0000000000,0.0066281428,-0.0183574273,-0.0081743323,-0.0118458618,0.0186452203,-0.0140716868,-0.0096264888,0.0058836357,-0.0171072077,0.0229908151,-0.0067499483,0.0186016658,0.0230862077,0.0055801750,-0.0101021294,-0.0096301585,-0.0156253883,-0.0049239150,0.0333865426,0.0042801316,0.0137405923,0.0106444975,0.0265009568,-0.0169035964,0.0053509114,-0.0018239655,0.0010333805,-0.0148975455,0.0063954397,0.0390825653,-0.0264814251,0.0232577072,0.0090067851,0.0034524400,0.0169314213,0.0024652036,0.0302331247,-0.0017723137,0.0250422641,0.0209692273,-0.0102046663,0.0173089932,-0.0010320265,-0.0070516420,-0.0025870696,0.0475387914,-0.0133045626,0.0062364346,0.0189198963,-0.0145254201,-0.0232937730,0.0024464853,0.0066605624,-0.0052569793,0.0158303335,-0.0069631958,-0.0247894573,-0.0038104278,0.0225229327,0.0199333840,0.0038034282,0.0241288561,-0.0210500672
386.0000000000,0.0127014893,0.0194215995,-0.0355057245,0.0000852851,0.0120313050,-0.0269761507,-0.0097156398,-0.0200996448,-0.0276493540,0.0215163650,0.0057547855,0.0078709991,0.0165489658,0.0256661680,-0.0260878827,0.0021049149,-0.0278943476,-0.0174193251,-0.0139764492,0.0087873435,0.0072680260,0.0034801262,0.0108864310,0.0133567813,-0.0100900974,-0.0043543328,0.0001184202,-0.0118657217,0.0119698183,0.0053812749,-0.0380110334,0.0237075203,0.0185483451,-0.0053882005,0.0233545802,0.0014238172,0.0365269616,0.0191128495,0.0226405057,0.0305449505,0.0034162497,0.0512651677,-0.0140584318,-0.0087885127,0.0199630619,0.0162314420,-0.0208007859,0.0096431503,0.0018939252,-0.0238510955,0.0033936799,0.0055199004,0.0201626769,-0.0013645361,0.0298635632,-0.0053487414,-0.0153834824,0.0341112308,0.0264854668,0.0148387366,0.0025529477,0.0132201346,0.0154588153
387.0000000000,-0.0039780692,-0.0117286342,-0.0208115354,0.0157940375,0.0029143580,-0.0126273227,-0.0101620159,0.0148751667,-0.0048052749,0.0147931418,-0.0091065210,0.0214895460,0.0418221578,0.0029243555,-0.0145479376,0.0039586651,-0.0193039918,0.0097276959,0.0043549737,0.0094393213,0.0326187668,0.0007459085,-0.0008410024,0.0076296299,0.0097282416,-0.0000608279,0.0167786608,-0.0101147210,0.0022643996,0.0001075659,-0.0124574981,-0.0071515899,0.0131636064,0.0133085155,0.0343922027,0.0012268702,0.0308147389,-0.0053401432,0.0239386398,0.0326188495,-0.0071746953,0.0117603779,-0.0275806070,-0.0227238936,0.0076987244,0.0078877342,-0.0152101378,-0.0133411047,-0.0016702776,-0.0025983553,-0.0140618247,-0.0061331116,-0.0141619052,0.0008754938,0.0232814643,-0.0078444162,0.0084783666,0.0147695748,0.0120345994,0.0159398472,0.0225870021,0.0213504559,-0.0211227841
388.0000000000,0.0250807105,-0.0183690256,-0.0055473788,-0.0043063620,0.0026923792,-0.0071699397,0.0048247139,0.0126464180,-0.0091833707,0.0233780130,-0.0049459266,0.0066015254,0.0186792315,0.0172262494,-0.0033733185,0.0031653239,-0.0236896486,-0.0022314510,0.0126467985,-0.0126198450,-0.0025047407,0.0038509555,0.0044896614,-0.0010044813,-0.0017375977,-0.0263576983,0.0099413817,-0.0031103419,0.0121213392,0.0179555273,-0.0155187576,0.0182205569,0.0167860523,-0.0121223428,-0.0018775801,0.0095253583,0.0081071928,0.0156235420,0.0034856001,0.0251112652,0.0195239745,0.0022662148,-0.0200514269,0.0046302083,0.0003025319,0.0023564392,0.0092936136,-0.0013426147,-0.0099410536,-0.0133872598,0.0003322130,-0.0072573577,-0.0063233035,-0.0027169131,0.0244155299,-0.0190015112,-0.0172479761,0.0084285717,0.0196735450,0.0069578463,0.0004324276,0.0154599390,0.0027700167
389.0000000000,0.0197238140,0.0066185909,-0.0028209979,-0.0004975269,0.0002077058,-0.0015806455,0.0131331540,-0.0134685542,-0.0174870710,0.0220071642,0.0053792894,-0.0165446567,0.0181090726,0.0060633367,0.0269336908,-0.0199139534,-0.0276695173,-0.0229847790,0.0117849322,-0.0070959288,0.0192917502,0.0207501773,0.0087571088,-0.0086497738,0.0067924606,-0.0242186900,-0.0193080667,-0.0137161453,0.0005912757,0.0245889493,-0.0042524418,-0.0015788095,0.0129884870,0.0044839045,0.0308545589,-0.0127934551,0.0279454254,-0.0077335876,0.0049916308,0.0271582848,0.0013614916,0.0303805578,-0.0159119673,-0.0110219594,0.0214174997,0.0122504675,-0.0003673782,-0.0077500839,-0.0280705720,-0.0242523373,-0.0207877933,0.0024608843,0.0038579565,-0.0287196071,0.0236792789,-0.0094931931,0.0006021140,0.0096041329,0.0202939338,0.0092895448,0.0010163737,0.0182148668,-0.0031444194
390.0000000000,0.0186606834,-0.0105871218,-0.0162316959,-0.0200075502,0.0046964366,0.0000407868,0.0111607326,0.0022949695,-0.0054950566,0.0253803014,-0.0063403546,-0.0001860138,0.0094049327,0.0099045348,-0.0197773553,-0.0004040251,-0.0170095456,0.0066986070,0.0173681748,0.0018411162,0.0077471720,-0.0042753332,0.0017734891,0.0084922363,-0.0158418159,-0.0148184256,0.0174435071,0.0124447934,0.0292070818,0.0296408829,-0.0002520398,-0.0152503311,0.0146562761,0.0139856534,0.0248741968,-0.0032563599,0.0159491370,0.0173507310,0.0051157539,0.0325662041,-0.0124135473,0.0111866430,-0.0157903610,-0.0315252686,0.0008853827,0.0316802222,0.0192749477,0.0071964465,0.0048618645,-0.0036835986,-0.0192986127,-0.0039207940,0.0143008425,0.0195848503,0.0215142339,-0.0046173867,-0.0106907515,0.0181719818,0.0230512827,0.0265570083,0.0140098631,0.0233507294,0.0053378448
391.0000000000,-0.0161075145,-0.0044030506,-0.0203665080,-0.0104854277,-0.0044736947,-0.0230096154,0.0077949740,-0.0188992239,-0.0178487604,0.0423431244,0.0137347289,0.0189529549,0.0203572166,0.0098276521,0.0029170141,-0.0129035072,-0.0398815522,-0.0033029994,0.0060763652,-0.0206828844,0.0001832945,0.0549505499,-0.0007087296,-0.0010958463,-0.0047997685,0.0082202664,-0.0111189027,-0.0038542380,0.0178176501,0.0204683200,-0.0049081054,0.0005767347,0.0172471723,-0.0054074086,0.0203323308,-0.0091126556,0.0231010219,0.0111780179,0.0105883566,0.0327105301,-0.0064865895,0.0521225540,-0.0092626143,0.0071934327,0.0165151853,0.0102808181,-0.0129524298,-0.0119336951,-0.0184222191,0.0147201394,0.0030423369,0.0045494214,0.0120218301,-0.0118775694,0.0050931219,-0.0248844887,-0.0119175095,-0.0024273358,0.0193313564,0.0216332200,-0.0054514507,0.0373485360,0.0055038777
392.0000000000,0.0009882294,0.0052279200,-0.0076407716,-0.0010062200,0.0054874543,-0.0032846901,-0.0124060913,-0.0181538391,0.0044287538,0.0069845578,-0.0084670220,-0.0205154437,0.0264964190,0.0020293048,-0.0272038096,-0.0060975719,-0.0137778835,0.0057018537,0.0113292272,-0.0083357436,0.0036962886,0.0240122762,-0.0074851105,-0.0107211045,0.0120484869,0.0128864114,-0.0013244539,0.0031358193,-0.0009437909,0.0182140500,-0.0135114579,0.0051658499,0.0081001187,-0.0068519571,0.0483460363,-0.0123522927,0.0118750036,-0.0281111877,0.0069238125,0.0251426381,0.0141739316,0.0205958657,0.0012619721,0.0092749828,0.0078816985,0.0124641266,0.0073889598,-0.0014458998,0.0005914894,-0.0040485786,-0.0143931213,0.0045953256,0.0003468276,0.0034862133,0.0355347697,-0.0110295198,-0.0338134565,0.0126008608,0.0252525706,0.0363173314,-0.0044404937,0.0178887643,0.0062858244
393.0000000000,0.0017696179,-0.0146367614,-0.0268300241,0.0012494186,-0.0228069345,-0.0163047995,0.0090151971,-0.0122552529,-0.0361091846,0.0120617846,0.0066024266,-0.0089663016,0.0084159989,0.0184784177,-0.0082949874,-0.0306252734,-0.0313042466,-0.0169357285,-0.0001683924,-0.0197310998,0.0072205133,0.0208487704,0.0224684618,-0.0222107791,-0.0088279764,-0.0087701158,0.0062305764,0.0147406587,0.0060558434,0.0114563941,0.0043926574,0.0074412434,-0.0064038466,-0.0138350370,0.0163776317,-0.0144067965,0.0170097888,-0.0047515368,0.0170030587,0.0021289622,0.0092167782,0.0216071553,-0.0106463702,-0.0083708206,-0.0048587350,0.0235724702,-0.0022535215,-0.0299790773,-0.0022037187,-0.0224430401,-0.0202425161,0.0056364996,0.0046223174,-0.0175743210,0.0271961358,-0.0047079800,-0.0030013032,0.0253760623,0.0087213952,0.0067938622,0.0158266045,0.0231595218,-0.0065414592
394.0000000000,-0.0010157919,-0.0017107035,-0.0181568648,-0.0189246711,0.0081440152,-0.0042895689,0.0069232240,0.0041892071,-0.0069387911,0.0059042625,0.0040289292,0.0137253589,0.0086898408,0.0158322932,0.0114345201,-0.0015550624,-0.0211984640,-0.0275920988,0.0135951891,0.0163249303,0.0121245671,-0.0067868491,0.0107075007,-0.0057692524,0.0081770171,-0.0058195876,-0.0152701579,-0.0182055780,-0.0004736941,0.0292682822,0.0150936158,0.0029076862,0.0065892287,0.0032887840,0.0096634800,0.0016598037,0.0379000837,0.0167121659,0.0146202725,0.0292456460,0.0018764724,0.0405006375,-0.0048921133,-0.0046352365,-0.0142253643,0.0320765803,-0.0264997202,-0.0074369842,-0.0044036133,-0.0265898199,-0.0111984205,-0.0050417566,0.0080429427,0.0143880109,0.0207873589,-0.0050133705,-0.0011691887,0.0134119605,0.0217857043,0.0047881955,0.0052461373,0.0245004816,0.0058177755
395.0000000000,-0.0100012841,0.0012475223,-0.0073583941,-0.0166781806,0.0052129299,-0.0083277135,0.0002132786,-0.0264919838,0.0110658416,0.0016666270,0.0037166594,0.0059578506,0.0343626165,0.0160518060,-0.0128015731,-0.0145932074,-0.0225570269,0.0070703333,0.0133053437,0.0175632229,0.0099527320,0.0112603371,0.0251984420,-0.0050170812,-0.0049772971,0.0123550352,0.0027304791,-0.0072427338,0.0209178051,0.0302524020,-0.0182117338,0.0147741734,0.0244063783,0.0051958791,0.0063435461,-0.0013450816,0.0309948721,0.0148089024,0.0214583623,0.0150269097,-0.0074551203,0.0268152490,-0.0245548027,-0.0086255236,0.0216020254,0.0051069486,-0.0192023818,0.0146504637,-0.0126722086,-0.0212081633,-0.0246980034,0.0110308685,-0.0004448327,-0.0040834532,0.0200262937,0.0049372116,-0.0182296250,0.0122769210,0.0135210853,0.0333608773,0.0148634582,0.0266345202,-0.0053878527
396.0000000000,-0.0111069055,-0.0038678565,-0.0057022271,-0.0087605540,-0.0189531506,-0.0059799838,-0.0110368260,-0.0021611986,-0.0078480176,0.0181951051,-0.0134538436,0.0249280575,0.0337138360,-0.0151845127,-0.0081979801,0.0172089905,-0.0260276386,0.0021384116,0.0118514957,-0.0116466841,0.0128122589,0.0354934333,0.0216342173,0.0125944963,-0.0121961863,0.0063438314,-0.0107887382,0.0074782838,0.0151419846,0.0157955647,-0.0148985410,-0.0036401807,0.0103056747,0.0001368718,0.0132016640,-0.0024572218,0.0467994812,-0.0064218937,0.0307064149,0.0084013047,-0.0102129416,0.0523062824,-0.0096737638,-0.0133308757,-0.0095071671,0.0368971065,0.0076747335,0.0097187477,0.0011569677,-0.0021050998,-0.0155822081,0.0030939932,-0.0134191058,0.0257287761,0.0070840560,-0.0104557153,-0.0095265275,0.0173619369,0.0091232981,0.0309215187,0.0056195706,0.0339334001,-0.0037091476
397.0000000000,-0.0009441030,0.0028475738,0.0053266119,0.0156688277,0.0205214292,0.0033174533,0.0056373456,-0.0136647980,0.0147147253,-0.0080310474,-0.0132192953,-0.0026131776,0.0055821117,-0.0055830902,-0.0225851296,0.0233125724,0.0060888496,-0.0012331820,-0.0027848307,-0.0064049909,-0.0009266468,0.0110513773,0.0127376832,-0.0070337713,-0.0194962138,-0.0149136430,0.0243560573,0.0079322300,0.0285241231,0.0107875455,-0.0055798361,0.0251945231,0.0050152021,0.0005683570,0.0107383211,-0.0193170687,0.0219439251,-0.0117542100,0.0138707502,0.0098457286,0.0001822637,0.0056492819,0.0015254739,-0.0173458114,0.0077869317,0.0201006693,-0.0000812305,0.0158341463,0.0016236187,-0.0078996353,0.0166944047,-0.0019042767,0.0048854437,0.0040827288,0.0006760851,-0.0050332880,-0.0160690548,0.0048059430,0.0114336140,0.0098210927,-0.0197982526,0.0355480804,0.0144498240
398.0000000000,0.0109323111,0.0054825204,-0.0380719812,-0.0065796487,-0.0057836670,0.0196994531,-0.0057797988,-0.0277772698,-0.0118897056,0.0034976624,-0.0022169925,0.0139018390,0.0354809656,0.0256648493,-0.0099288940,-0.0078186553,-0.0051581158,0.0028000807,0.0065535790,-0.0077020389,0.0049522029,-0.0025460595,0.0179537357,0.0078045671,-0.0113847561,-0.0028034527,0.0001359299,-0.0020467491,0.0058941570,0.0252078986,-0.0133067291,0.0078819973,0.0219258495,0.0123220248,0.0027993897,0.0017941084,0.0064294638,0.0064589673,0.0206306074,0.0238667833,0.0141295906,0.0417458960,0.0106883071,0.0099295394,0.0071114406,0.0211661630,0.0023804714,0.0089066975,0.0049839199,0.0083442926,-0.0043869754,0.0026017081,0.0169763899,0.0034800190,0.0206620115,-0.0054588088,-0.0041781675,0.0184983999,0.0140238195,0.0087012787,0.0002058207,0.0267285276,-0.0021267446
399.0000000000,-0.0029819445,0.0131747785,0.0133643610,0.0113387434,0.0081976690,-0.0201343173,-0.0000956753,-0.0175927985,-0.0001103828,0.0068096780,-0.0142865537,-0.0020083637,0.0139914673,0.0080423080,0.0044443459,-0.0262476491,-0.0114899496,-0.0055630616,-0.0044138917,0.0149098621,0.0059175136,0.0167317994,0.0219714859,-0.0065483415,-0.0075238985,0.0156359639,0.0044072695,-0.0125426659,0.0196099675,0.0224032282,-0.0350423793,0.0212239634,0.0076899467,0.0072414653,0.0382183493,-0.0095876049,0.0456651159,0.0027900750,0.0298521075,0.0467989911,0.0035265936,0.0193096146,-0.0330169840,-0.0336235677,0.0150554182,0.0282693622,0.0195597168,-0.0071161078,-0.0134527614,-0.0080396309,-0.0030234399,0.0019340099,0.0204822231,-0.0021159621,0.0453947345,-0.0232057614,0.0002658640,0.0067938870,0.0142623095,0.0149365647,0.0029035384,0.0222500841,0.0061051783
400.0000000000,-0.0237904535,-0.0250656711,-0.0176965871,-0.0045926886,-0.0018613382,0.0144907171,0.0132049285,0.0128343511,-0.0176131946,0.0149194737,-0.0133132066,0.0224242503,0.0097059808,0.0193806696,-0.0024691242,-0.0053380001,-0.0137628834,0.0074146920,-0.0060418270,-0.0065849533,0.0008469028,0.0140791299,0.0161839773,0.0022544023,-0.0103433316,0.0035934414,-0.0114600775,-0.0018784387,-0.0070491015,-0.0084150030,0.0142992971,0.0122044859,0.0141271361,-0.0030116330,0.0054397347,0.0122655031,0.0131306928,0.0126417227,0.0055328746,0.0065599783,-0.0123074264,0.0258787891,-0.0142185956,-0.0150012127,0.0078515428,0.0073913717,-0.0025339054,-0.0008270269,-0.0137376173,-0.0096547358,-0.0179772890,0.0000009363,0.0065682256,-0.0100950873,0.0311985714,0.0040944934,-0.0118981295,-0.0048693843,0.0103130512,0.0132125478,0.0030090430,-0.0076877832,0.0052078969
401.0000000000,-0.0048617568,-0.0028517598,-0.0065653604,-0.0143592499,0.0049217409,-0.0087557062,0.0321852848,0.0000838984,-0.0196893175,-0.0184904843,0.0171032422,0.0189067743,0.0260625224,-0.0051934723,0.0052235064,-0.0148383076,-0.0401013933,-0.0053595467,0.0057817858,0.0107197043,-0.0114961147,0.0199652342,0.0241746224,0.0023334822,-0.0019604482,-0.0169291360,-0.0188426301,-0.0056706047,0.0017011721,0.0068422578,-0.0068131179,0.0030848001,0.0004093353,-0.0104409806,0.0142294345,-0.0048518409,0.0288521254,0.0039693360,0.0160100692,0.0400538950,0.0091125180,0.0124546887,-0.0087043978,-0.0189374181,0.0170881702,0.0290129961,-0.0076606816,0.0042767004,0.0216299889,-0.0083802813,-0.0046539974,0.0007867065,0.0296985533,-0.0195167495,0.0135681473,-0.0043793075,-0.0018770363,-0.0016159410,0.0127048648,0.0014337602,0.0123859475,0.0189007808,-0.0343501116
402.0000000000,-0.0311695483,-0.0166759719,-0.0029468151,-0.0080672352,-0.0195836046,-0.0177320584,0.0000061950,-0.0139413203,-0.0028985948,0.0098880814,0.0135883890,0.0136097231,0.0147346982,0.0030724990,-0.0039936903,0.0117496643,-0.0068074964,-0.0021472619,0.0132023115,0.0162597602,-0.0173854282,0.0157949002,0.0143780200,0.0123074974,-0.0030472526,-0.0175221030,0.0018637075,-0.0029321105,-0.0021441116,-0.0002470700,0.0018777299,0.0243442990,0.0128520330,0.0043253774,-0.0057028372,-0.0041767344,-0.0099366936,0.0017765250,0.0068304247,0.0355984277,0.0088403932,0.0193783332,-0.0101669726,-0.0121714417,-0.0079780613,0.0037543601,-0.0066341086,0.0036443685,-0.0023254828,-0.0202042364,0.0124581696,0.0019588858,0.0153756134,-0.0177806364,0.0226546524,-0.0090301377,-0.0034851909,0.0068659966,-0.0111838229,0.0060174715,0.0071249947,0.0212827953,-0.0082402763
403.0000000000,0.0182453107,-0.0071483511,-0.0315525029,0.0149002593,-0.0029308087,-0.0019217724,-0.0153363557,-0.0107724653,-0.0076012312,-0.0006179779,-0.0052614209,0.0030502763,0.0122576223,-0.0021305959,-0.0155321901,-0.0172150125,-0.0083183729,-0.0125595026,0.0023911150,-0.0060011063,-0.0203693375,0.0176603337,0.0171269530,-0.0177994723,-0.0059610018,0.0112238229,0.0049684448,0.0211744367,0.0072359164,-0.0005164185,-0.0149078867,-0.0052101965,0.0110007932,0.0071555995,0.0098681617,-0.0204918699,0.0198235089,0.0009663599,0.0010184940,0.0410251378,0.0127696642,0.0277088317,-0.0158104462,-0.0064039011,0.0059052540,0.0205365192,-0.0078368043,-0.0026392998,0.0218715735,-0.0191556147,-0.0213656944,-0.0061681954,0.0112029898,0.0073558555,0.0267394623,-0.0068269351,-0.0214883092,0.0042328488,0.0171230326,-0.0009681162,-0.0018620178,0.0255543043,-0.0099740684
404.0000000000,-0.0156234956,-0.0163522871,-0.0348170760,0.0126627083,-0.0105799561,-0.0043476685,-0.0003945949,0.0030143683,-0.0078697167,-0.0017044172,0.0236691828,-0.0131187787,0.0176393364,0.0205362182,0.0079380930,-0.0190475456,-0.0108374152,-0.0146413033,0.0360132972,-0.0047289105,-0.0133511544,0.0188167994,0.0138916256,0.0079684214,-0.0051274524,-0.0085511781,-0.0034768721,0.0062901138,0.0133877992,0.0129828423,0.0070647147,0.0096654326,0.0181703736,0.0088585566,0.0189690054,-0.0094023292,0.0271004454,-0.0024225108,0.0319708242,0.0210133396,-0.0012495251,0.0302958132,0.0083523770,-0.0019399253,0.0059037006,0.0236226573,-0.0114497726,0.0268901931,0.0002601826,-0.0005704296,-0.0163161749,0.0002977220,0.0066524543,-0.0036463981,0.0237557178,0.0018452900,0.0076731441,0.0113747219,0.0195911120,0.0133909988,0.0052159420,0.0156087630,-0.0030082932
405.0000000000,0.0097564945,0.0080359210,-0.0292227765,-0.0199715674,-0.0142379177,0.0007266375,-0.0146803064,-0.0163853794,-0.0193997756,-0.0003797874,-0.0061517248,0.0124030833,0.0231235964,0.0001191469,0.0005759639,-0.0091787043,0.0113189892,0.0056422662,-0.0128834980,0.0018306903,0.0068987105,-0.0092278282,0.0235477273,-0.0059752307,-0.0015295258,-0.0019802322,0.0010140125,0.0162958633,0.0123743268,0.0192956053,0.0048524146,0.0023286684,-0.0000247622,0.0250380328,0.0180342158,0.0116178728,0.0313421637,-0.0005618381,0.0270349045,0.0337595181,0.0081173543,0.0042566077,-0.0058793337,0.0117149015,-0.0068950032,-0.0046141904,0.0077358557,-0.0046183429,0.0170323695,-0.0072353140,-0.0053919753,0.0159927581,0.0019405154,-0.0013547067,0.0155073650,-0.0109830665,-0.0148771023,0.0160455601,0.0309337623,0.0067061116,-0.0102432129,0.0104817219,-0.0067704929
406.0000000000,0.0241350234,-0.0190601160,-0.0076798071,0.0113149719,0.0009093499,-0.0152492537,-0.0180316003,-0.0124837730,-0.0101473294,-0.0130455285,0.0216038570,0.0018203621,0.0128783616,-0.0244224434,-0.0044431549,-0.0081084387,-0.0141792260,0.0224987004,0.0302250870,-0.0075925898,-0.0025977994,0.0144356719,0.0162873295,-0.0067078968,-0.0089019622,0.0037961195,-0.0204488769,-0.0006902068,0.0059372118,0.0112608361,-0.0161765426,-0.0003049951,0.0156889512,0.0156536052,0.0237503330,-0.0078426793,0.0085667182,-0.0190553374,0.0406889184,0.0203489323,-0.0155485448,-0.0054741546,-0.0163129420,-0.0075839503,0.0180475628,0.0182750305,0.0071344354,-0.0098039002,0.0200523861,-0.0036421299,0.0005479368,0.0203384255,0.0140848904,0.0167383342,0.0178356672,-0.0030323721,-0.0028625886,0.0012633053,0.0156504838,0.0123238216,-0.0085240783,0.0248995804,-0.0097857158
407.0000000000,0.0133608405,-0.0072981161,0.0064411374,0.0073699215,-0.0089709758,0.0006346419,-0.0119400278,-0.0064281238,-0.0052713688,-0.0033866099,-0.0183080239,-0.0024998578,0.0182818700,-0.0089051643,-0.0009476765,-0.0373130544,-0.0205874844,-0.0173649159,-0.0054496448,-0.0036943859,0.0111643915,0.0244721926,-0.0006690386,0.0169590611,-0.0095902659,-0.0065373216,-0.0049200909,0.0002326334,-0.0108138129,0.0206195562,-0.0192499932,0.0038423780,0.0114492144,-0.0264268671,-0.0026900125,-0.0101263298,0.0190196938,0.0145065949,-0.0088338284,0.0207875633,0.0159906446,0.0152618717,-0.0071494469,-0.0022754903,-0.0152789311,0.0118014130,0.0018996929,0.0117947796,0.0029812750,0.0037415684,0.0142683760,-0.0043125675,-0.0201850584,-0.0045379781,0.0090786439,-0.0253109904,0.0145880953,0.0148766983,0.0009269253,0.0183476063,0.0005716493,0.0032525993,-0.0089444143
408.0000000000,0.0057522216,0.0087383608,-0.0267720796,-0.0139849814,-0.0108442479,-0.0070607323,0.0305221426,0.0024746416,-0.0032902051,-0.0039813109,0.0201554399,0.0053549956,0.0195867278,0.0075849690,-0.0199114556,-0.0203635286,-0.0153163746,-0.0124554161,0.0198945064,-0.0027114484,0.0067363120,0.0012286952,0.0328538798,0.0070843427,-0.0279996845,0.0006200417,-0.0134096418,0.0043396837,0.0072031677,0.0251713657,-0.0129285665,0.0036457516,-0.0075080943,0.0119229575,0.0143352472,-0.0219749491,0.0171536097,-0.0016098605,0.0253951158,0.0582636877,-0.0048802781,0.0303120256,-0.0301126752,-0.0056241913,0.0141599042,0.0269689569,0.0071622769,-0.0263792536,-0.0106141152,-0.0319284233,0.0103278757,0.0158059842,-0.0073146997,-0.0068439592,0.0460789934,-0.0072920092,0.0089840305,0.0009008139,0.0059258774,-0.0036976725,0.0097412379,0.0282873483,-0.0004492796
409.0000000000,0.0016867926,-0.0000494424,-0.0141885507,-0.0104990657,-0.0021309368,-0.0272916669,0.0067678243,-0.0141325150,0.0072664951,0.0133264414,0.0004656343,0.0063026274,0.0229152340,0.0062149889,-0.0226371442,-0.0257239885,-0.0280346854,-0.0175228064,-0.0092495516,0.0130714470,-0.0011575008,0.0415204826,0.0129639461,0.0032658529,-0.0135251441,0.0062046353,0.0034327478,0.0023550833,-0.0084797629,0.0156103665,-0.0178795516,0.0040740047,-0.0081121598,0.0079020696,0.0013315490,-0.0127341931,-0.0113867746,0.0084440090,0.0204350966,0.0281339212,-0.0062127005,0.0332138900,-0.0177504042,-0.0345513539,0.0259168180,0.0317102906,0.0050427856,-0.0017556489,-0.0079179782,-0.0039467513,-0.0040470770,0.0158835809,0.0101126685,0.0146810349,0.0354679523,-0.0211987186,-0.0038553311,0.0063015307,0.0133473553,0.0026235970,0.0105091223,0.0166114095,-0.0253707010
410.0000000000,-0.0003708751,0.0020940885,-0.0084312957,0.0145776731,-0.0172304612,-0.0066335888,0.0003736144,-0.0309226243,-0.0007198590,0.0159714724,0.0059036864,0.0357261223,0.0305788189,0.0257597244,0.0154755227,-0.0118624102,-0.0318630298,-0.0182553502,0.0094069551,-0.0008127642,-0.0108091077,0.0275758359,0.0193787819,-0.0096697136,-0.0129113780,0.0112145233,0.0000393979,0.0023743385,0.0110601256,0.0159605813,-0.0002293326,0.0258263659,0.0104550565,0.0151588927,0.0122631543,-0.0042346708,0.0252355397,0.0153368202,0.0427690226,0.0061424343,-0.0186537954,0.0236886172,-0.0318674585,-0.0317223647,0.0365051726,0.0415824682,0.0160358347,0.0048847632,-0.0162925785,0.0040123340,-0.0094524260,0.0107859013,-0.0032380783,0.0052014917,0.0273634269,-0.0377055744,-0.0016510858,0.0067374422,0.0084783940,0.0179542174,0.0014020012,0.0241636611,-0.0084024519
411.0000000000,0.0044744575,0.0127113255,-0.0149521232,0.0137191300,-0.0075087214,0.0080548397,0.0035094128,0.0142392972,-0.0032740857,0.0039093482,-0.0030123808,0.0074600173,0.0080816380,0.0295717055,0.0091250013,-0.0102290169,-0.0385880960,-0.0171622214,0.0056887143,-0.0138446129,0.0174054226,0.0138618785,0.0138076511,-0.0129595906,-0.0105456079,0.0037484253,-0.0063794325,0.0058585177,0.0219289205,0.0276088848,-0.0149850592,0.0054003954,0.0058711077,-0.0021669561,0.0190761281,0.0199299403,0.0273225450,0.0015395643,-0.0009265928,0.0200451830,0.0281370140,0.0305497257,-0.0159324504,-0.0309363919,0.0195776894,0.0203867829,0.0077435081,0.0003772534,0.0044427947,-0.0289495659,-0.0210624032,0.0024109125,0.0116418423,-0.0120990022,0.0152187506,0.0102663265,0.0103405023,0.0081170127,0.0178033175,0.0167288390,-0.0063719909,0.0138550342,0.0169346055
412.0000000000,-0.0015453934,0.0143473010,-0.0091152300,0.0111438956,0.0096264816,-0.0315130597,0.0005523395,-0.0034033662,-0.0006804543,-0.0050947332,-0.0266058405,0.0030528239,0.0146114980,0.0119863295,0.0059524494,-0.0126146889,-0.0313167878,-0.0043564666,-0.0055770818,0.0148653036,0.0235024907,0.0232685284,0.0630702575,-0.0103163261,-0.0154153112,0.0069178942,0.0122652567,-0.0087834176,0.0033669029,0.0175700179,-0.0136343896,-0.0077100643,0.0075293380,0.0010972653,0.0337571593,0.0034507797,0.0359388895,-0.0102512581,0.0116217381,0.0230825426,-0.0209189819,0.0440313876,-0.0095360649,-0.0073187514,-0.0045879638,0.0261142656,0.0105783507,-0.0042184012,-0.0006713172,-0.0083537375,-0.0119910948,0.0065916048,0.0070563968,-0.0045449341,0.0240316948,0.0127048834,-0.0039724997,0.0170587450,-0.0081149892,0.0265282574,-0.0159031566,0.0157352793,0.0004445484
413.0000000000,-0.0053893897,-0.0051412665,-0.0383625473,0.0108383481,0.0178129329,-0.0171805264,0.0043310323,-0.0305255960,-0.0171907301,0.0104014668,0.0028081142,0.0095517314,0.0081378134,0.0219898012,-0.0071399565,-0.0107712523,-0.0135636124,-0.0194331041,0.0212981252,-0.0032128169,-0.0194640576,0.0240894513,0.0012442751,-0.0090839425,0.0082528925,0.0084404196,0.0004523855,-0.0203737278,0.0036442147,0.0164291886,-0.0084283233,0.0038025368,0.0112516613,-0.0093905325,0.0083420790,-0.0176785550,0.0144210459,0.0265851956,-0.0013181846,0.0229805718,-0.0037157045,0.0069023687,-0.0264234343,-0.0022092964,0.0349712029,0.0100159892,-0.0154791412,-0.0013921068,-0.0037878073,-0.0093575346,-0.0091660303,-0.0008138361,0.0037164421,0.0049426045,0.0382727151,-0.0007449832,0.0004285343,0.0034613148,0.0193341280,0.0075482818,-0.0014309735,0.0088755383,0.0146146931
414.0000000000,0.0220869700,-0.0096483847,-0.0144770934,0.0103964680,-0.0036855314,-0.0104348374,-0.0050387106,-0.0113202762,0.0031652276,-0.0080239582,0.0013952432,0.0203312288,0.0256942521,0.0034603213,-0.0120943860,-0.0006602587,-0.0386106397,-0.0153072819,0.0198942329,-0.0029080455,0.0038168273,0.0130841045,0.0186081169,-0.0102154422,0.0147327666,0.0262530721,-0.0164668570,0.0102411902,0.0128243134,0.0072489057,-0.0349530045,0.0190723191,0.0260849605,0.0027114526,0.0159801724,-0.0131951240,0.0332907967,-0.0114989174,0.0118340955,0.0485163012,-0.0183743735,0.0434740145,-0.0044720099,-0.0127022247,0.0100929329,0.0178506299,-0.0063966148,-0.0101718196,0.0137824342,-0.0019388814,-0.0145848288,-0.0113321042,0.0152951603,0.0070385305,0.0295498453,0.0038678797,-0.0079820052,0.0197688198,0.0220959348,0.0126417151,-0.0159612372,0.0348822658,-0.0123557923
415.0000000000,0.0224555706,-0.0094144679,0.0061831094,0.0259018856,-0.0045587140,0.0010143544,0.0097846331,-0.0344478566,0.0050449234,0.0221199165,-0.0190745635,-0.0056105481,0.0180466065,0.0235239569,-0.0010246230,-0.0056391919,-0.0190860669,0.0001281383,0.0057732005,-0.0171710735,0.0137688863,0.0127594076,0.0186980033,0.0045913316,-0.0174519816,0.0091267114,-0.0148794241,-0.0039054641,0.0056174778,-0.0009187038,0.0030500859,-0.0066964192,0.0127166864,0.0157103522,0.0315341790,0.0021644294,0.0359433731,0.0045632813,0.0077475525,0.0267623646,-0.0014144186,0.0369351686,-0.0445461659,-0.0007490963,-0.0082507651,0.0155563562,0.0195955272,0.0085602853,-0.0122858745,-0.0056531063,-0.0071384895,-0.0034231610,0.0008376501,-0.0057857814,0.0029645783,-0.0033938502,-0.0025125307,0.0118422753,-0.0010004167,-0.0008913933,0.0194172252,0.0173727857,-0.0140339264
416.0000000000,0.0322057996,-0.0128678839,-0.0024670738,-0.0027445329,-0.0046729347,-0.0035451530,-0.0133420410,0.0071656838,-0.0052608419,0.0167124694,-0.0006214374,-0.0129049738,0.0157427145,-0.0001759821,-0.0224942575,-0.0205258114,-0.0227416325,-0.0113297338,0.0117181643,0.0040584121,0.0010774753,0.0261296784,0.0038453363,-0.0192627720,-0.0168287191,0.0174055602,-0.0151082539,0.0152778923,0.0075662235,0.0193988087,-0.0206019563,0.0025622229,0.0192874018,-0.0089720469,0.0235547468,-0.0002231271,0.0193589196,0.0129551968,0.0321630856,0.0333876615,-0.0060949419,0.0034751854,-0.0156498433,-0.0249975049,0.0051994351,0.0127903041,0.0034187955,0.0002525863,-0.0089094502,-0.0249703976,0.0013258890,-0.0056129481,-0.0056557882,0.0027248331,0.0020142854,-0.0117506892,-0.0132796646,0.0245689688,0.0209077439,0.0045757614,0.0033651721,0.0148952883,-0.0162029933
417.0000000000,-0.0046231778,0.0098353067,-0.0244616131,0.0196731202,-0.0007389577,0.0026337305,-0.0171616465,-0.0059687852,-0.0113858565,0.0144470469,0.0036992663,0.0031916528,0.0332322479,-0.0146648439,-0.0205662662,-0.0165798839,-0.0239883423,-0.0227732170,0.0022859793,0.0125094807,-0.0168468896,0.0214292423,-0.0055594947,0.0054198474,-0.0307895293,0.0010189456,0.0000603519,0.0051402315,0.0319903786,-0.0018210916,-0.0010910454,0.0103589612,0.0091618290,0.0031898706,0.0216835247,0.0015470317,0.0521576117,-0.0264339061,0.0355720557,0.0307913578,-0.0072655817,0.0343507209,-0.0159323446,-0.0176870914,0.0043482866,0.0415227347,-0.0026163974,-0.0129800941,-0.0206856848,-0.0108074605,-0.0124801701,0.0009609946,0.0074975961,-0.0013345845,0.0398100650,-0.0299724238,0.0001733877,-0.0112263628,0.0138518020,0.0183336037,0.0097384042,0.0264940902,-0.0154373367
418.0000000000,-0.0146023988,0.0006921309,-0.0122527008,0.0152655539,0.0076313840,0.0017746158,-0.0054881720,-0.0088249185,-0.0000499336,0.0157851540,-0.0102566131,0.0033725410,0.0144361165,0.0066686548,-0.0032459006,-0.0097253368,-0.0098110935,0.0070965399,0.0210710719,-0.0099941075,0.0140186155,0.0390376001,-0.0088024448,0.0012514775,0.0112006046,-0.0008176089,0.0091824195,-0.0105103550,0.0067263568,-0.0082525481,0.0112143001,0.0002039198,0.0079902953,-0.0022748720,0.0037659583,-0.0054427298,0.0125515034,-0.0174713076,0.0351591398,0.0271143008,-0.0200528392,0.0267459726,-0.0252904477,0.0042825595,0.0082392450,0.0240854889,0.0032363471,-0.0128650553,-0.0134951804,0.0038894550,-0.0028599213,0.0149698475,-0.0078382589,-0.0065075210,0.0206213993,0.0055223191,-0.0237154037,0.0140732862,0.0179032914,0.0025571186,0.0199151663,0.0027745039,0.0088773742
419.0000000000,0.0048540013,0.0045948597,-0.0099943934,0.0073335675,0.0028360774,0.0319333452,0.0018914100,0.0055988058,0.0047475487,0.0038042556,-0.0070149840,0.0054444455,-0.0050698444,0.0022350086,-0.0134454449,0.0099332676,-0.0280958205,0.0030286675,0.0110412770,-0.0013164911,-0.0009241884,-0.0061739941,-0.0015121256,-0.0139572866,-0.0055839492,-0.0093636548,0.0124818169,-0.0063802023,0.0129960402,-0.0130631032,-0.0125577006,-0.0051951350,0.0135001859,0.0004686976,0.0003824982,-0.0095595050,0.0227544456,0.0010190028,0.0110556926,0.0180780754,0.0227019798,0.0305584441,0.0043463740,-0.0022136909,0.0215082214,0.0095942331,0.0078099685,0.0021286563,0.0032910732,-0.0170326818,-0.0038015828,-0.0053761653,0.0267153727,-0.0021630335,0.0287317379,-0.0157762227,-0.0148472678,0.0095735826,0.0148016868,0.0134246663,-0.0036848434,0.0204819190,-0.0022076093
420.0000000000,0.0236496568,0.0041431831,-0.0077399321,-0.0009255986,0.0067445647,-0.0133851333,-0.0067081106,0.0072379168,-0.0061509915,0.0241161203,0.0045456980,0.0088507253,0.0055760254,-0.0006099111,-0.0066325539,-0.0115892906,-0.0134939354,0.0059313988,0.0141640087,0.0128256442,-0.0127623205,0.0115031371,0.0435422106,-0.0240274311,-0.0027166435,0.0119366255,0.0126356207,0.0062323654,0.0168227915,0.0113770572,-0.0157671971,0.0296688615,0.0133734036,-0.0188249042,0.0295842529,-0.0015189117,0.0329608917,0.0191293985,0.0003903311,0.0449588432,0.0038483208,0.0170471279,0.0003088096,-0.0106691445,-0.0057742216,0.0158054358,-0.0114008470,0.0175662106,0.0053629411,-0.0046191696,-0.0108059783,0.0026896757,-0.0094339658,0.0038679582,0.0345887943,-0.0179279740,-0.0245301093,0.0012447574,0.0044294713,0.0094374518,0.0048324166,0.0093408210,-0.0054850482
421.0000000000,0.0050399116,0.0124113001,-0.0148783116,-0.0029936504,0.0265632824,-0.0143441187,0.0031603995,-0.0201201647,-0.0225326445,0.0107846642,0.0143054719,0.0172993158,0.0295738668,0.0132844724,-0.0303555476,-0.0158752410,-0.0367722852,-0.0208296670,0.0054936013,-0.0112410392,-0.0079320613,0.0440037208,0.0151824601,-0.0151985995,-0.0292974267,-0.0006143155,0.0032788175,-0.0027376749,-0.0035348773,0.0145068941,-0.0219642524,0.0197692918,0.0323519070,0.0090709990,-0.0005083895,-0.0128860141,0.0247564478,-0.0153186869,0.0523200008,0.0089118735,-0.0211478452,0.0309649178,-0.0068097326,-0.0210109602,0.0194403762,0.0111435488,-0.0003367674,0.0044146938,-0.0115048893,-0.0020188462,-0.0186162566,0.0125494398,0.0076524187,-0.0105288475,0.0303101927,-0.0035702715,-0.0106354712,-0.0110534136,0.0233739810,0.0113523201,-0.0046269274,0.0124325023,0.0001759615
422.0000000000,0.0046355438,-0.0183602487,-0.0353019231,0.0186809481,-0.0044497263,0.0097647564,0.0231280561,-0.0235336238,0.0077302365,-0.0181673138,0.0108762442,0.0057440369,0.0265155892,-0.0235127318,0.0066784389,0.0032635670,0.0046629518,0.0150503104,-0.0031985898,-0.0093142632,0.0032244028,0.0083529373,0.0038139084,0.0050352927,0.0128197082,-0.0090326152,0.0042679883,-0.0256604657,-0.0048168258,0.0026919772,0.0260922609,0.0124502239,0.0116599022,-0.0035155748,0.0080573653,0.0091652379,0.0320949847,-0.0029296699,0.0126752369,0.0086636649,0.0021488378,0.0204165569,-0.0076342175,-0.0139421022,-0.0101713777,0.0388841050,0.0012886608,0.0028958565,-0.0086084622,-0.0100813612,-0.0102167688,0.0068673639,-0.0255702311,0.0065861339,0.0114447731,-0.0164514684,0.0128705162,0.0338398895,0.0019190425,0.0175591029,-0.0033095041,0.0138430543,0.0002089976
423.0000000000,0.0141595190,0.0013424506,-0.0250880999,0.0035231991,-0.0016101744,-0.0003113570,-0.0077427764,0.0096991382,0.0133012131,0.0196760900,-0.0200117221,-0.0029248734,0.0145988463,-0.0028671597,0.0178796334,0.0147818915,-0.0274531435,0.0018122525,0.0038079908,0.0029170434,-0.0028862525,-0.0035305432,0.0259950656,0.0066443258,-0.0196483301,-0.0009531346,0.0072722689,-0.0018305295,0.0077804809,0.0244755690,0.0066458323,0.0075946913,-0.0187640059,0.0184029076,0.0278425498,-0.0019085666,0.0151890001,0.0015049814,0.0425284065,0.0300556227,-0.0049778157,-0.0092352781,-0.0141380310,-0.0058524274,0.0142610070,0.0265169420,0.0098093739,0.0126206417,-0.0125558241,-0.0077124671,-0.0035596504,0.0022658938,0.0001252531,0.0106184802,0.0273748307,0.0092207922,0.0015461979,0.0353136601,0.0177050440,0.0137860847,0.0174746914,0.0258287473,0.0093538207
424.0000000000,-0.0176471394,-0.0051789695,-0.0016987610,0.0156401773,-0.0178312586,-0.0004592414,-0.0207756527,0.0023393698,-0.0068720930,0.0008835221,-0.0059785584,0.0009406459,0.0098014951,0.0204156135,-0.0007461937,-0.0207361603,-0.0291103631,0.0053126842,0.0072137599,0.0061354527,0.0018727508,0.0177436520,0.0070954642,0.0105471443,-0.0089722680,-0.0093602637,-0.0017448967,0.0009358372,-0.0019693403,0.0232941014,0.0087086029,-0.0008318395,0.0002555653,0.0151128450,0.0117279531,-0.0057285224,0.0122130908,0.0299300030,0.0240944237,0.0248920363,-0.0045183599,0.0374630938,-0.0010093740,0.0104458268,0.0233872809,0.0391178612,-0.0046410652,-0.0142453539,0.0000936640,-0.0043435854,-0.0023764293,-0.0076015142,0.0066093498,-0.0043294091,0.0141580265,-0.0191052932,0.0087705151,0.0094790080,0.0249915422,0.0015924746,-0.0031274486,0.0144677838,-0.0110202793
425.0000000000,-0.0086009580,-0.0070486625,-0.0085141993,0.0200258722,0.0166050641,-0.0136297457,-0.0114518023,-0.0082555876,-0.0020518317,0.0135602861,-0.0203933219,0.0182803418,0.0079071837,-0.0044498198,-0.0264914578,-0.0273761938,-0.0187401915,-0.0119903800,-0.0042429827,-0.0016823661,0.0089124393,0.0070461027,0.0187162506,-0.0068747680,-0.0034023876,0.0001927678,-0.0095189252,-0.0154288059,0.0092128386,0.0052448286,-0.0176374321,-0.0027340889,0.0459910987,-0.0039290496,0.0322115559,0.0101357651,0.0219824635,-0.0030562297,0.0126119079,0.0240192517,-0.0058103978,0.0265342167,-0.0188244567,-0.0152530477,-0.0062394978,0.0235807054,-0.0032964591,0.0125960817,-0.0069854963,0.0001014700,-0.0079568276,0.0267356927,0.0028503291,0.0072328452,0.0275177613,-0.0044544698,0.0116283982,0.0075904406,0.0117852609,0.0148118337,0.0047784792,0.0116186863,0.0097810207
426.0000000000,0.0090670698,-0.0240799163,-0.0014754592,-0.0067701292,-0.0081447166,-0.0209392624,-0.0011884285,0.0002723824,0.0145951484,0.0207318509,0.0051734723,0.0156120389,0.0135443890,-0.0031078882,-0.0145196391,-0.0093961628,0.0014680034,-0.0119091232,-0.0042733092,0.0307743490,0.0083513006,-0.0157321917,0.0045132428,-0.0050056022,0.0141355508,0.0225830714,-0.0161824970,-0.0023475737,0.0011597942,-0.0027419596,-0.0227484703,0.0040966190,-0.0030629648,0.0143404501,0.0141597057,-0.0032067170,0.0085082816,0.0043331584,0.0047626223,0.0253015196,-0.0133744283,0.0209723863,-0.0073733160,-0.0189729261,0.0266994218,0.0159763640,-0.0043482041,-0.0093853745,0.0019639981,-0.0072800040,-0.0004808373,-0.0109895575,-0.0057698455,0.0019171112,0.0054848047,0.0133110475,-0.0079982745,0.0152625358,0.0129062243,-0.0008429866,0.0040077379,0.0296164850,-0.0015668129
427.0000000000,0.0267941552,0.0096138500,-0.0230579652,0.0094743024,0.0128207165,-0.0053429933,0.0086317385,0.0074441602,-0.0025239832,0.0033312208,0.0099999918,-0.0005231555,0.0050709340,-0.0059988984,0.0141047622,-0.0055738613,-0.0456837832,-0.0222939955,-0.0005525895,-0.0031494799,-0.0085674089,0.0101707071,0.0198616851,0.0007859536,-0.0038645353,-0.0207473215,-0.0142874644,0.0031997109,-0.0059328104,0.0064041666,-0.0200573223,0.0171123000,0.0235699587,0.0178525084,-0.0028956834,-0.0026417529,0.0191009122,0.0056641750,0.0088373116,0.0274557021,-0.0099847035,0.0100102092,-0.0011196591,-0.0166477580,0.0139901537,-0.0051375705,-0.0096885272,-0.0131125052,0.0078023922,0.0018368903,-0.0189849180,0.0211488417,-0.0200576759,0.0061662223,0.0082728752,-0.0032608322,-0.0193413395,0.0033260996,0.0144758293,-0.0015388255,-0.0020363972,0.0098070118,-0.0060973222
428.0000000000,0.0075326268,-0.0409537767,-0.0274850368,0.0107201279,-0.0008255408,0.0107017253,0.0130525259,-0.0115094220,-0.0280903111,0.0149619927,0.0158976256,0.0074889942,0.0067905063,-0.0054565515,0.0098749939,-0.0304927545,-0.0272864235,-0.0068050933,-0.0089852721,0.0192669745,0.0124290735,0.0249206257,0.0176493088,0.0235232178,-0.0175642035,0.0000771655,0.0008068271,-0.0109097192,0.0018083254,0.0029166510,-0.0001072458,0.0105845868,0.0006966879,0.0110714614,0.0088576280,-0.0106995053,0.0091516956,-0.0026845254,0.0250581377,0.0040974130,0.0007144651,0.0049089413,-0.0020380236,-0.0239526927,-0.0104191512,0.0300746911,-0.0062784435,-0.0016431622,-0.0237716328,-0.0048274747,-0.0296193899,0.0112208141,0.0015366743,-0.0050603096,0.0187473052,0.0041923827,-0.0027025113,0.0216781648,0.0176965576,0.0321278497,0.0208281620,0.0175316205,-0.0063272588
429.0000000000,0.0186411185,-0.0223767477,-0.0145005875,0.0235493019,0.0008210466,0.0041388943,0.0149815016,-0.0259864220,-0.0052789981,0.0235321421,-0.0102457616,0.0182254368,0.0280687258,0.0130669699,-0.0095867069,-0.0188914416,-0.0191306629,-0.0186088033,0.0237538272,-0.0061154970,0.0009947734,0.0224075838,0.0173040443,0.0055339017,-0.0165010793,0.0242965137,-0.0019756155,-0.0101204874,0.0354836591,-0.0078590305,-0.0161703113,0.0206385266,0.0170584135,0.0165671032,0.0409821284,-0.0179353275,0.0164906090,0.0143808586,0.0015609070,0.0385215395,-0.0130336858,0.0426251234,-0.0015199502,-0.0125454899,0.0115132612,0.0352940138,-0.0011462503,0.0131110205,-0.0183127484,-0.0143149255,-0.0300172003,0.0140790688,-0.0016726125,0.0014213807,0.0365306468,-0.0113941121,-0.0153545198,0.0160391560,0.0133475117,0.0151362317,0.0064182592,0.0129167578,-0.0060033895
430.0000000000,0.0051506871,-0.0104702868,0.0124448128,-0.0002214324,-0.0028028566,-0.0056578777,0.0101630896,0.0027928718,-0.0069682848,-0.0118884798,-0.0045205945,0.0110320216,0.0180650352,0.0014341707,-0.0101457994,-0.0210197265,0.0057503792,-0.0010143165,-0.0083755761,-0.0000063532,0.0068240229,-0.0040685424,0.0094932790,-0.0020219562,-0.0027442518,-0.0009372199,0.0033105443,0.0088427897,0.0068241613,-0.0045244140,-0.0064106110,0.0188829893,0.0061423876,0.0284718512,0.0245140817,-0.0001924564,0.0243358496,-0.0202391513,0.0025493805,0.0265921347,0.0203236245,0.0175658441,-0.0026879025,-0.0013108586,-0.0316260159,0.0060135108,0.0138245032,0.0029891124,-0.0027244107,0.0104393346,0.0263608806,0.0035915839,-0.0136417571,-0.0003843671,0.0320520865,-0.0188647723,-0.0145562095,-0.0024651515,0.0274069944,-0.0057890137,0.0229083349,0.0175388796,-0.0016132849
431.0000000000,0.0015425455,0.0170587295,-0.0120753504,0.0059232520,-0.0115913555,-0.0173598575,0.0046389878,-0.0154492708,0.0092804173,0.0077932004,-0.0139690785,-0.0111243600,0.0094560421,0.0165754772,-0.0100815875,-0.0115738781,-0.0461199244,-0.0278745839,-0.0004589499,-0.0093911942,0.0099867543,0.0216197745,0.0031566552,0.0119096421,-0.0200279937,-0.0049844435,-0.0165692606,0.0023467896,-0.0062936230,0.0061837607,0.0087905824,-0.0194367494,0.0138862132,0.0008289347,0.0154950992,-0.0055813125,0.0206195903,-0.0020444585,0.0078666935,0.0231453366,-0.0054477289,0.0082001769,-0.0138473240,-0.0226903386,0.0194149685,0.0221913786,0.0081634653,0.0008015694,0.0161132652,0.0029857003,-0.0257062901,-0.0291926249,0.0186247052,-0.0054641959,0.0323016601,-0.0080920701,-0.0074048848,0.0120411442,0.0406511278,0.0078277616,-0.0255311794,-0.0009805666,-0.0009079614
432.0000000000,0.0082419984,0.0078750570,-0.0090469189,-0.0177356116,-0.0021167506,-0.0118543312,-0.0097389407,-0.0112569033,-0.0142977790,0.0080073265,-0.0008785426,0.0206742503,0.0119628025,0.0056521266,-0.0185320087,-0.0020111206,-0.0228216827,-0.0078726173,-0.0007427002,-0.0288982122,0.0130692480,0.0201783871,0.0107985494,-0.0003293245,-0.0001685062,0.0173606089,-0.0167630454,0.0073446252,0.0067254733,0.0078452927,-0.0118396811,0.0351715369,0.0176647543,-0.0068972303,0.0104269534,-0.0051631668,0.0337988347,-0.0187708900,0.0243653032,0.0278448991,0.0168770768,0.0218411425,-0.0147525303,0.0035793826,-0.0101496229,0.0023706862,-0.0087877503,-0.0134605215,-0.0038934515,-0.0279256526,0.0010381230,0.0182392539,0.0079811310,0.0068780756,0.0184131326,-0.0188781713,-0.0238880947,0.0115899894,0.0214876607,0.0283924824,-0.0095769668,0.0323353224,-0.0128103625
433.0000000000,0.0046381824,-0.0183745168,0.0195843558,-0.0005389411,-0.0098466605,0.0014434457,0.0076633175,0.0017620538,-0.0141324080,-0.0104452216,0.0047167237,-0.0009433701,0.0294155958,-0.0001922904,0.0111550060,0.0069048270,0.0085554903,-0.0061125897,-0.0008326721,0.0001262209,-0.0037735132,0.0247487313,0.0123783110,0.0227443639,-0.0191310831,0.0040618665,-0.0068632288,-0.0156976419,0.0138920492,0.0072697236,-0.0051968790,-0.0121662987,0.0059858425,-0.0050676860,0.0270001437,-0.0004822705,-0.0036930512,0.0112008017,0.0040502232,-0.0069233967,-0.0000353222,0.0325545124,-0.0002775889,-0.0186899948,-0.0075063599,-0.0081975755,0.0033353263,0.0038484112,-0.0019755947,-0.0130929508,-0.0174390478,0.0062468322,-0.0038539080,0.0193837647,0.0059705881,0.0198126048,0.0002699155,0.0140815214,0.0115280630,-0.0263860213,0.0089008766,-0.0074882360,0.0017449133
434.0000000000,-0.0092679664,0.0177401545,-0.0042142503,0.0062463389,-0.0073882383,-0.0110527581,0.0082612508,-0.0104296408,0.0045702927,0.0129475092,-0.0087423436,0.0379793153,-0.0080440352,0.0041685661,0.0100495968,0.0158982666,0.0010814089,0.0203847200,0.0151471946,-0.0158904797,0.0190253552,0.0102436426,-0.0064471081,0.0035560130,-0.0095960347,-0.0139987388,0.0128405784,-0.0003445115,0.0259509562,0.0010596212,0.0083530550,0.0015900409,0.0049435872,-0.0078873200,-0.0020562494,-0.0069056134,0.0059021038,-0.0335012348,0.0068015332,0.0023173909,-0.0008845801,-0.0060616632,-0.0197390444,-0.0009689124,-0.0112218141,-0.0094365156,-0.0057925698,0.0147812481,0.0108664451,0.0087443979,0.0074045748,-0.0017368553,-0.0072623906,0.0096279403,0.0121643861,-0.0244811087,0.0127234174,0.0014270073,0.0099484631,0.0141688199,0.0169502756,0.0112504618,-0.0032271315
435.0000000000,0.0147816891,0.0113930550,-0.0335787813,-0.0126261533,-0.0159280604,0.0027804758,0.0069357557,0.0001026332,0.0033919793,0.0111792021,-0.0007289742,0.0065782888,0.0148379000,0.0066792151,0.0096272360,-0.0063540235,-0.0223978191,-0.0183701255,-0.0034351882,0.0113938823,-0.0007081704,0.0145003883,0.0253759045,0.0144000123,-0.0000998163,0.0178713135,0.0149442653,-0.0071530817,-0.0184554553,0.0292802659,-0.0266699608,0.0147726297,0.0050882258,0.0130134076,0.0136619645,-0.0188278873,0.0483971294,0.0042776557,0.0266989925,0.0023559194,-0.0060535165,0.0389557537,0.0102968932,-0.0023925738,0.0132768374,0.0239865828,0.0043983251,0.0043342361,-0.0159274516,-0.0197182441,0.0126133896,-0.0079823005,0.0044831912,0.0008717731,0.0124958652,-0.0191014341,-0.0158125899,0.0015227628,0.0180212398,0.0261146254,0.0070915706,0.0213803280,-0.0199043230
436.0000000000,0.0002479366,-0.0076732308,0.0054407494,0.0058162786,-0.0136244879,-0.0061024048,0.0072483821,-0.0054268377,-0.0121898242,0.0340846084,0.0066734920,0.0109560357,0.0115307756,0.0111383026,-0.0075399258,-0.0246650891,-0.0151917041,-0.0106942116,-0.0148454108,0.0008319002,0.0019616307,0.0272242208,0.0022347383,-0.0068574464,-0.0224351091,0.0027095912,0.0029189833,-0.0047920171,0.0106211445,-0.0027411979,-0.0064985221,0.0124324416,0.0042212018,0.0169091331,0.0076173529,-0.0034885955,0.0054610529,0.0045841663,0.0095232219,-0.0078919928,-0.0072174642,0.0196802089,-0.0288765969,0.0015485403,0.0033666718,-0.0001620593,0.0065739609,0.0039814465,-0.0158936431,-0.0037685646,-0.0027772384,0.0064206721,-0.0109125885,0.0022534475,0.0198712249,-0.0001207513,0.0110121937,0.0112956146,0.0038966468,0.0017689796,-0.0078096679,0.0340838280,-0.0165748336
437.0000000000,0.0041470758,-0.0199722432,-0.0268066342,0.0178157916,0.0014099628,-0.0180662260,0.0019647691,-0.0200667327,0.0024939626,-0.0025823405,0.0159525097,-0.0005095746,-0.0221848210,0.0068500871,0.0103412704,-0.0046053228,-0.0211393550,-0.0165786474,0.0108104491,-0.0139880259,-0.0149174485,0.0058739423,-0.0025911164,-0.0054285934,-0.0048078085,0.0001093414,0.0091474970,0.0022815807,0.0026864283,0.0149382313,0.0104094489,0.0161891874,0.0082579391,0.0064682182,0.0107798022,0.0118758132,0.0127549059,-0.0005566700,0.0152210431,0.0101649867,-0.0088888727,0.0086476123,-0.0026366436,0.0092456243,-0.0024953768,-0.0027074352,-0.0100553114,-0.0001105519,-0.0146941096,0.0224329339,0.0117135227,0.0036208401,-0.0091738479,0.0003021487,0.0234719565,-0.0090940888,0.0100553586,0.0040590485,0.0038197173,0.0037023811,-0.0111304540,0.0159014797,-0.0164339715
438.0000000000,0.0000385578,-0.0361605999,0.0020349884,-0.0110586231,-0.0022957325,0.0084754294,-0.0077626541,-0.0217040331,-0.0247921436,0.0145595577,-0.0007652960,-0.0136659204,0.0037535888,0.0329657172,-0.0122011784,-0.0275028910,-0.0081772706,-0.0001382053,0.0113500270,-0.0052191952,0.0031533955,0.0253503842,0.0136149120,0.0003959863,-0.0173776532,0.0161153030,0.0013127441,-0.0169024085,-0.0166129132,0.0181280606,-0.0013576394,0.0273941250,0.0307176902,0.0120855820,0.0150200356,-0.0224180942,0.0293922663,0.0044812254,0.0124101438,0.0164066406,-0.0139818041,0.0323802591,-0.0098814695,-0.0179725536,0.0120487264,0.0234062651,0.0045972608,0.0007296772,0.0153568793,0.0042884869,-0.0269428604,-0.0078533439,-0.0083730657,0.0164455513,0.0517161465,0.0005114129,-0.0241292736,0.0102029190,0.0109874141,-0.0086489831,-0.0185170321,0.0183009249,-0.0107185150
439.0000000000,0.0110768502,-0.0039753748,-0.0250316550,0.0011122792,-0.0026290269,0.0094075288,0.0008334231,0.0120259513,-0.0101359144,0.0050253639,-0.0044674049,-0.0059910784,0.0041343050,0.0108802177,0.0118519022,-0.0079274897,-0.0069120058,-0.0060201961,-0.0033981786,0.0079915141,0.0045332822,0.0034406591,0.0454567241,0.0119975896,-0.0108409198,-0.0020426864,-0.0044051385,0.0018929566,0.0205512902,0.0080934993,-0.0379141298,-0.0020766813,-0.0188160704,-0.0175364659,-0.0061601278,0.0035483023,0.0146538668,0.0216031731,0.0141124393,0.0232403476,0.0151219768,0.0105396354,-0.0352333306,-0.0067141026,-0.0021349659,0.0184392374,0.0181631736,-0.0211306707,-0.0124849928,-0.0210755076,-0.0124260378,0.0040652083,0.0075617025,-0.0205781173,0.0109280024,-0.0057198567,0.0010150206,0.0034618246,0.0186313678,0.0414814487,0.0008108029,0.0330421296,0.0011802513
440.0000000000,0.0043888929,0.0084330102,-0.0018288177,0.0029714350,0.0000404244,-0.0151252116,-0.0284029421,-0.0082512177,-0.0017079740,-0.0091525833,0.0006891319,-0.0207840476,0.0108735194,0.0118148455,-0.0187076410,0.0093312098,-0.0003312739,-0.0047364322,0.0005627143,-0.0073268533,-0.0124651074,0.0236681648,0.0081308576,0.0008463778,-0.0108025133,0.0205809229,-0.0099617203,-0.0018329217,0.0178522742,0.0195083397,-0.0116985065,0.0065405898,0.0232334561,-0.0116808531,0.0263305358,0.0213377747,0.0188024329,-0.0001446939,0.0027331172,0.0251507618,-0.0002010253,0.0442721692,-0.0223286228,0.0070657077,-0.0008861361,0.0079536585,-0.0026011052,0.0140785313,-0.0047081867,-0.0190370663,-0.0147505380,0.0232051526,0.0073826554,0.0043831605,0.0086470370,0.0046718399,-0.0148078837,0.0100596352,0.0155994781,0.0143620619,0.0053570336,0.0148392930,0.0104668051
441.0000000000,-0.0090679112,-0.0068003558,-0.0051026203,0.0130447073,-0.0138599502,0.0055923359,0.0000402493,-0.0098105562,0.0039075099,0.0203393932,-0.0177259585,0.0208487776,0.0027280781,0.0140032451,-0.0014342510,0.0093496861,0.0099030773,0.0053477740,0.0154129629,0.0063982935,0.0082413869,0.0301809669,0.0052257476,-0.0022643303,-0.0131789729,0.0078468980,0.0092330551,0.0028426736,0.0127697728,0.0164470914,-0.0139150864,0.0024286031,0.0038185419,0.0152269447,0.0119937359,0.0030318270,0.0179996421,-0.0107593718,0.0080896300,0.0247673035,-0.0176777067,0.0147358441,-0.0014606036,-0.0145852062,0.0183165723,0.0103446033,-0.0086602305,0.0107833951,-0.0059705387,0.0068137326,-0.0015054059,0.0133743452,-0.0112206351,0.0001823595,0.0157271821,-0.0001869028,0.0056538810,-0.0044447358,0.0099509333,0.0215549761,0.0294242717,0.0340542060,-0.0143761399
442.0000000000,0.0285508917,-0.0144277761,-0.0275770768,0.0132049705,0.0061729305,-0.0064641543,0.0264047034,-0.0237506224,-0.0223639614,0.0128997170,0.0076306352,-0.0095024406,0.0155672729,0.0413427641,-0.0150509054,0.0058344215,-0.0255019271,-0.0066427046,0.0110332387,-0.0298262795,-0.0039695522,-0.0026058995,0.0229072797,0.0056735929,-0.0155677381,0.0073426245,-0.0055267490,-0.0115215454,0.0108442492,0.0176018998,-0.0106693406,0.0157786616,0.0081349533,0.0090614803,0.0313114634,-0.0202584541,0.0356896526,-0.0135015151,0.0206504266,0.0156196708,-0.0025971624,0.0265564035,-0.0288970291,-0.0191172413,0.0160949834,0.0308358716,-0.0132121753,-0.0030338100,0.0156382882,-0.0148870719,0.0024014812,0.0251098946,0.0058045401,-0.0062516583,0.0215503915,-0.0041257796,-0.0238754513,0.0263288234,-0.0008202672,-0.0044490895,-0.0051562985,0.0141014980,-0.0140850832
443.0000000000,-0.0130889568,0.0029756948,-0.0190965097,0.0211762077,0.0046292042,-0.0138933300,-0.0044021115,-0.0094015991,-0.0112559922,0.0007486776,0.0040730683,0.0131756127,0.0293835675,0.0017751197,-0.0023825485,-0.0079672327,-0.0144728429,-0.0238668840,0.0133078933,0.0094426292,0.0006834065,0.0512381595,0.0276224377,0.0196516140,-0.0001949920,-0.0194869055,0.0141032194,-0.0045446426,0.0388120428,0.0224890419,-0.0092052970,0.0076381996,-0.0058116341,-0.0027913739,0.0192354786,-0.0030359748,0.0392255927,0.0041175224,-0.0014431641,0.0259055530,-0.0044431649,0.0366532966,0.0076791223,-0.0105280552,-0.0037350242,0.0058563765,0.0157362959,-0.0221713225,-0.0042293069,-0.0051209647,-0.0255586387,-0.0065210411,-0.0052884386,-0.0207534177,0.0064866252,-0.0130038127,-0.0203558548,0.0029633887,0.0269387344,0.0355279776,-0.0054608016,0.0281735168,0.0007732766
444.0000000000,0.0034643001,0.0186921862,-0.0172404297,0.0092457865,-0.0098562272,0.0036871910,0.0306633988,0.0146263144,-0.0086385353,0.0245899733,-0.0102637746,0.0060545372,0.0232290406,0.0178090205,0.0060977372,-0.0059444611,-0.0141715133,-0.0069862327,-0.0113666610,-0.0228446839,0.0039378824,-0.0051760036,0.0124581207,-0.0100696825,-0.0225394927,0.0017485670,-0.0122503464,-0.0170752625,0.0153493220,0.0224763979,0.0091546661,0.0004559706,0.0104411245,-0.0101698678,0.0116209288,0.0198845259,0.0295602510,-0.0117179627,0.0163919423,0.0208382244,-0.0010307110,0.0205143999,-0.0189608370,-0.0212223941,0.0312139303,0.0343065621,0.0219368010,0.0095616928,0.0063859949,-0.0307514251,-0.0050234037,0.0021344001,0.0129172776,-0.0036253303,0.0309315434,0.0124060622,0.0044624494,0.0072102713,0.0008743127,0.0091433474,-0.0118743029,0.0104868108,0.0008118487
445.0000000000,-0.0030731366,0.0077126654,-0.0313924800,0.0177213675,-0.0159405306,-0.0200285288,0.0153259857,-0.0131206547,-0.0159619501,0.0035100716,0.0186145708,0.0199935164,0.0439222349,-0.0014988221,0.0013372836,0.0001787755,-0.0229886466,-0.0188912097,0.0113901004,0.0122490707,-0.0005406744,0.0336964293,0.0292946702,0.0097417938,-0.0275921842,0.0057799741,-0.0245748710,0.0013194750,0.0007424645,0.0201305152,-0.0121623038,0.0082430855,0.0264926244,0.0036728699,0.0163948129,0.0109207036,0.0208874171,-0.0164421976,0.0144294240,0.0343096950,-0.0023703131,0.0272164235,-0.0215407578,-0.0077237640,-0.0006820401,0.0185288698,-0.0132113767,-0.0055819330,-0.0113665918,-0.0065354615,-0.0073899557,-0.0001702999,0.0237436073,0.0043817796,0.0273261630,-0.0171077525,-0.0075274840,0.0001498712,0.0108874751,0.0048486223,-0.0029740546,0.0397317296,0.0123205772
446.0000000000,-0.0056811924,-0.0018016453,-0.0106271422,-0.0008335212,0.0042170756,0.0295916073,0.0166811026,-0.0255010855,-0.0168360851,0.0019511905,-0.0044889790,0.0314860760,0.0102231995,0.0049476056,0.0057925268,-0.0094787790,-0.0117006961,0.0013297048,0.0035745717,0.0046421914,0.0106815825,0.0146788579,0.0097890108,-0.0148905251,0.0008414978,-0.0018697144,0.0132848652,0.0156979221,0.0134995354,0.0128162275,-0.0188803273,0.0074871133,0.0125497771,0.0045472728,-0.0004053394,-0.0076749281,0.0157302889,0.0066915218,0.0082555127,0.0180037938,-0.0125092035,0.0324636454,-0.0143283299,-0.0042997426,0.0107235919,0.0048604342,-0.0031441231,-0.0052845307,-0.0221657182,0.0003315454,-0.0141319453,-0.0061547607,-0.0049383918,-0.0135887557,0.0043824799,-0.0076633848,-0.0039885156,-0.0063824716,0.0114028461,-0.0033108072,0.0057094768,0.0114415787,-0.0055868668
447.0000000000,0.0109748783,-0.0358384080,0.0024796052,0.0036507580,-0.0085488527,0.0036109292,-0.0211564686,-0.0053842714,-0.0155307187,0.0161540440,-0.0000004117,-0.0207320335,0.0022750836,-0.0067964134,-0.0090850580,-0.0011973409,-0.0143493316,0.0067520376,0.0031411314,0.0028228971,-0.0296933042,-0.0045487668,0.0049543492,-0.0112534567,-0.0097465556,-0.0096743431,0.0036131487,0.0048383767,0.0111828987,-0.0068197879,-0.0074367203,-0.0011154164,0.0033595316,0.0157539339,0.0020404145,0.0132289267,0.0023794189,0.0167443669,-0.0133566228,0.0108592694,0.0001978195,-0.0017556167,-0.0163900088,-0.0058708435,-0.0085075205,0.0302073214,-0.0074090944,0.0041184743,-0.0193974238,-0.0116035755,-0.0033229856,-0.0203631194,-0.0073542531,-0.0132202489,0.0071269312,-0.0097175092,0.0117196649,0.0135691643,-0.0024527646,0.0060921300,-0.0100220667,0.0036453830,-0.0121049572
448.0000000000,0.0068943783,0.0115358015,-0.0236136809,0.0241222204,-0.0127772341,-0.0103171114,0.0173471324,0.0050088571,0.0002452044,0.0043683760,-0.0025534633,0.0010958078,0.0043874142,0.0084139269,0.0054765364,-0.0072120259,-0.0018798999,0.0014023535,-0.0013401830,-0.0097610591,0.0118230691,0.0112768591,0.0006288910,0.0128601839,-0.0031719863,0.0004436582,-0.0186035551,0.0080361606,0.0045773370,0.0101528055,-0.0196698340,0.0173160123,-0.0084008343,-0.0212546537,0.0008715217,0.0181328821,0.0116364630,-0.0059180465,0.0215786481,0.0045377034,-0.0001363974,0.0425515462,-0.0067010364,-0.0123037535,0.0065784362,0.0183342573,0.0072561812,-0.0125309600,0.0044978998,-0.0203613749,-0.0204175828,-0.0126152776,-0.0056126861,-0.0021247977,0.0071197254,-0.0112673226,-0.0019110595,0.0086364575,0.0053777919,-0.0010974892,-0.0031479141,-0.0109047857,-0.0018100433
449.0000000000,0.0042050503,-0.0007603189,-0.0326252622,0.0013519873,0.0248485996,-0.0123017876,0.0150102522,-0.0026886223,-0.0007478105,0.0094465873,-0.0045669800,0.0112026990,-0.0065163300,0.0143762973,-0.0087565011,0.0212956629,-0.0229134740,-0.0239773376,0.0134462639,-0.0111930008,0.0057662743,0.0199308251,0.0336443320,0.0015598385,-0.0192433894,0.0043616681,0.0102489795,-0.0011090439,-0.0113641843,0.0088325598,0.0074350059,0.0123460184,0.0009664100,0.0057181305,0.0076054482,-0.0119457880,0.0170262185,-0.0075365331,0.0143055237,0.0217145237,0.0036821530,0.0143903621,-0.0250481875,-0.0084335720,0.0016746950,-0.0042285758,-0.0167015196,0.0068406897,-0.0052780798,-0.0207638734,-0.0150818457,0.0004915114,0.0158553211,0.0007476292,0.0321072148,0.0129205556,-0.0007749338,-0.0020915771,0.0254004221,0.0218474371,-0.0160995172,0.0200498005,-0.0140926260
450.0000000000,0.0265128648,-0.0185897557,-0.0016107525,-0.0058841626,-0.0140051971,-0.0160487717,-0.0019582657,0.0238741568,-0.0241578193,0.0192777705,-0.0272587720,0.0293652585,0.0258966226,-0.0017430502,0.0090405418,-0.0040631100,-0.0217703710,-0.0215021942,0.0213519451,0.0059800535,-0.0159159518,0.0142789083,0.0275943414,0.0024947979,-0.0048302853,0.0127371411,-0.0178554400,0.0043184346,0.0028744836,0.0222945478,0.0104843115,0.0094461166,0.0101627002,0.0184808155,0.0269973854,0.0130379047,0.0469662350,0.0006686766,0.0292095094,0.0462311225,-0.0129073062,0.0169110410,-0.0004736222,-0.0082632686,0.0119135459,0.0052250142,-0.0043403260,0.0089168246,-0.0168859419,-0.0085242551,-0.0207131487,0.0035987550,-0.0009035597,-0.0046107741,0.0281229887,0.0157470527,-0.0053264105,-0.0009256508,0.0335768594,0.0064216433,0.0133488574,0.0366490353,-0.0115790559
451.0000000000,0.0055040346,-0.0169070728,-0.0000898364,0.0050179072,-0.0082560331,0.0025444467,-0.0254276404,-0.0125563201,-0.0086683621,-0.0010824000,0.0127549661,0.0217586861,0.0129903677,0.0049133609,-0.0032880918,-0.0244129046,-0.0034627182,-0.0039845597,0.0092135948,-0.0149075564,0.0257899081,-0.0008571676,-0.0002067176,0.0047692516,-0.0196794120,0.0227283682,0.0074341522,-0.0056293916,-0.0225341372,-0.0014775161,-0.0173264535,0.0243147689,0.0081299765,0.0090841120,0.0276974653,-0.0093243778,-0.0086239892,0.0116051792,0.0072106522,0.0253434424,0.0070248254,0.0152451374,-0.0039202462,-0.0094262820,0.0147783528,0.0269540107,-0.0024584005,-0.0072950599,-0.0007431855,-0.0079028286,-0.0133471623,0.0007406752,0.0180128219,-0.0100265714,0.0203257491,-0.0256325570,-0.0012514432,0.0026528113,0.0028361581,0.0062256053,-0.0203687208,0.0127266292,-0.0014119255
452.0000000000,0.0216741380,-0.0113302065,-0.0064687749,0.0126364227,-0.0110867406,-0.0216291422,0.0132772119,-0.0065611174,0.0018582580,0.0032904561,-0.0042250287,0.0054979481,0.0159246173,0.0034111442,-0.0033365647,0.0052841479,-0.0215896975,-0.0160402783,-0.0050010934,0.0002618066,-0.0092545343,0.0172437982,0.0093679127,0.0053431345,-0.0239043130,0.0016510106,-0.0140402735,-0.0081399805,0.0166261557,0.0170833741,-0.0138213185,-0.0072372419,0.0006481644,0.0046312876,0.0080475440,-0.0094295314,0.0259562161,-0.0042321668,0.0230797389,0.0085573542,0.0163741012,0.0171102715,-0.0167696485,-0.0134959167,0.0049773827,-0.0003499713,-0.0112356785,0.0004472050,0.0002378272,-0.0061295486,-0.0081291185,-0.0112356452,0.0001009656,0.0065116024,0.0176035257,0.0169185072,-0.0080593353,0.0387631272,0.0199963204,0.0237424190,0.0064164247,0.0258226747,-0.0149367920
453.0000000000,0.0156670057,-0.0029611934,-0.0052431362,0.0133780878,-0.0186958127,0.0066715868,0.0088767042,0.0069954139,-0.0156942452,0.0026054732,-0.0008034658,-0.0247002862,0.0012472936,-0.0084978341,-0.0114222505,-0.0054078962,-0.0135272995,-0.0078945504,0.0002754086,-0.0135178030,-0.0267612046,0.0106652807,0.0162772201,-0.0107876389,0.0016862502,0.0151967479,0.0212262957,-0.0006366575,0.0021756106,0.0060415553,0.0006736439,-0.0094557990,0.0067222283,0.0318210223,0.0115675779,0.0282539485,-0.0044147097,-0.0026674133,-0.0002225066,0.0166120134,0.0202545167,0.0168243628,-0.0091047181,-0.0096327428,0.0176308250,0.0105150546,0.0130367184,0.0055508437,-0.0062777944,-0.0230608168,0.0060871628,0.0174060240,-0.0192984198,0.0084704545,0.0163725551,0.0026886761,-0.0044472988,0.0080542519,0.0135352512,0.0112339970,-0.0032792399,0.0128760924,0.0014682771
454.0000000000,0.0035274201,-0.0003697100,0.0007893122,-0.0021040720,0.0003035678,-0.0051366072,0.0231352140,-0.0106172095,-0.0133696878,0.0049391631,0.0032003742,0.0127798532,0.0019518840,0.0184191478,0.0082963186,-0.0194826297,-0.0175924021,0.0064805375,0.0081917074,-0.0186978964,-0.0013263561,0.0277688635,0.0088236733,-0.0112572472,-0.0144903463,0.0165224145,0.0087811234,0.0030802714,-0.0109677898,0.0207952888,-0.0008613303,0.0056096366,0.0410126496,0.0108653996,-0.0008379949,0.0251461728,0.0324785221,-0.0002264126,0.0097467731,0.0111869743,0.0014911477,0.0260505410,-0.0051225342,-0.0125496694,0.0075501844,0.0181220726,0.0297830189,-0.0174789453,-0.0125368930,-0.0149826153,-0.0185910260,0.0296043935,-0.0029532613,-0.0179115278,0.0460406630,-0.0268030941,0.0164513332,0.0039107937,0.0385255646,0.0169371885,-0.0169586308,0.0173559699,-0.0003882193
455.0000000000,0.0013036490,0.0103307938,0.0143736445,0.0267425900,0.0034174871,0.0201901091,-0.0032607059,-0.0197173479,-0.0223799038,0.0119354603,-0.0164099349,-0.0028805642,0.0111657698,0.0033191585,-0.0174461168,0.0032409673,-0.0131147503,-0.0209314856,-0.0084706298,-0.0025104681,-0.0104090575,0.0458945865,0.0169492685,0.0102351811,-0.0068214949,-0.0171941805,0.0108379742,0.0004339839,0.0189688536,0.0311681593,-0.0101591236,0.0061577335,0.0370944573,-0.0058421181,0.0176694967,0.0175675719,0.0306287083,0.0080976018,0.0154430610,0.0305486789,-0.0023147000,0.0072464309,-0.0192869561,-0.0294610429,-0.0070721931,-0.0072301398,0.0084128467,-0.0342079349,-0.0087540642,-0.0058554845,-0.0139252205,-0.0004985326,0.0010766164,0.0053276083,0.0369473852,-0.0070477148,-0.0164210152,0.0150314513,0.0170015371,0.0151413295,0.0051573534,0.0062274357,-0.0194598494
456.0000000000,-0.0120893689,-0.0003351105,-0.0161661770,0.0043326415,0.0156590878,-0.0084896947,0.0274183685,0.0158429397,0.0044099650,0.0094575698,0.0116716294,-0.0112656716,0.0211206725,0.0210695635,-0.0179231340,-0.0170991627,-0.0306868914,-0.0150013545,0.0137402728,-0.0183870976,0.0135496264,0.0118410398,0.0326769972,0.0199141045,0.0070757912,0.0128515885,-0.0033618740,0.0117117006,-0.0002253995,0.0183600091,0.0011245303,0.0079134209,0.0178997883,0.0096594752,0.0256626587,-0.0155109830,0.0179508463,0.0033213052,0.0044081393,0.0356462232,-0.0213920544,0.0293508784,-0.0064523870,-0.0070054926,0.0102767826,0.0284162422,0.0102797760,-0.0052959841,-0.0064558549,-0.0008697109,-0.0142148419,0.0002221700,0.0201286277,-0.0332611584,0.0268093135,-0.0148044837,0.0177673145,0.0106127558,0.0162618321,0.0205054991,0.0159147347,0.0301431514,-0.0048398493
457.0000000000,0.0108069853,0.0031216484,-0.0010589841,0.0094636115,0.0025273690,0.0036530051,0.0047128133,-0.0078739974,-0.0125678972,0.0188950810,0.0071482040,0.0010956992,0.0097104098,-0.0075777778,-0.0082587880,-0.0007797672,-0.0093678651,0.0282540396,0.0063933875,0.0027882538,-0.0288941635,0.0211149815,-0.0083956094,0.0220554135,-0.0024578573,-0.0106498579,0.0078620560,-0.0104798374,0.0180614471,0.0010510256,-0.0218732801,0.0133189009,0.0041097160,0.0096411481,0.0315234801,0.0104115817,0.0125806708,-0.0065666567,0.0231645962,0.0153559828,0.0186015809,-0.0098019085,-0.0084090194,-0.0121822045,0.0198511974,0.0405887558,-0.0002783688,-0.0095335978,0.0049219798,-0.0113036972,0.0066796881,-0.0038307347,-0.0185265051,0.0155405921,0.0132731222,-0.0014426076,-0.0200011221,0.0184000563,0.0026244620,-0.0174525674,0.0261844368,0.0322931066,-0.0043814185
458.0000000000,0.0011295177,-0.0105123785,-0.0144462020,0.0089649240,-0.0084515047,-0.0056162151,-0.0004714898,-0.0109484625,-0.0153930653,0.0101146567,-0.0044441306,0.0059014503,0.0211165734,0.0019605847,0.0010574807,0.0079321872,-0.0239536085,-0.0092892571,0.0118034266,-0.0199907625,0.0148028226,0.0193635404,0.0182102144,0.0155924284,-0.0206485025,0.0049884201,-0.0041278862,0.0034070113,0.0286632835,-0.0012179490,-0.0034329736,0.0070931972,0.0211796932,0.0108296940,0.0197845683,-0.0021235521,0.0077455053,0.0288569820,0.0089202428,0.0098221522,-0.0050648915,0.0319481236,-0.0315197712,-0.0131381439,-0.0059390972,0.0388657395,-0.0298931342,-0.0087359774,0.0049298677,0.0147326148,0.0005622748,0.0031392273,0.0070516816,0.0043069823,0.0304970172,-0.0165074674,-0.0091272524,0.0074377968,0.0183844805,0.0172814527,0.0223347018,0.0391766052,-0.0021676985
459.0000000000,0.0170071915,0.0088921161,0.0113808761,-0.0105522194,0.0113798514,-0.0000357473,-0.0041626366,-0.0124174640,-0.0046896940,0.0052536812,-0.0069324764,-0.0090178423,0.0081544913,0.0099777674,0.0098437960,-0.0035488637,-0.0277671097,-0.0030036528,-0.0015086192,-0.0048233127,0.0073424590,0.0046209503,0.0163266558,0.0067955592,-0.0132305171,0.0231323338,-0.0046639988,-0.0225098354,0.0245350724,0.0314238796,0.0025075751,0.0083575479,0.0177080277,-0.0325822428,0.0073311628,0.0184029425,0.0107369803,-0.0068878141,0.0286692305,0.0290032896,-0.0311448577,0.0294665541,-0.0251904203,-0.0033391266,0.0340210561,0.0152631003,0.0067079631,-0.0174023155,-0.0101139204,-0.0194688918,-0.0032224978,-0.0009206297,0.0073916972,0.0032546359,0.0393416989,-0.0021530618,0.0059280242,0.0128927584,0.0167202407,0.0161329182,-0.0068526948,0.0217020097,-0.0018375962
460.0000000000,0.0045297960,-0.0111796423,-0.0348952718,-0.0184030417,0.0064839772,-0.0001749085,-0.0022171267,-0.0142899246,-0.0255813315,0.0121476678,-0.0169156592,0.0025191655,0.0368633663,0.0359344693,-0.0231398631,0.0012676428,-0.0078617486,-0.0013958538,-0.0005529350,0.0093420689,-0.0017779973,0.0383117128,0.0270840346,-0.0005819298,-0.0067509485,0.0111500790,0.0047581021,-0.0085623991,-0.0016116129,0.0015093304,-0.0018658241,0.0114277447,0.0176460088,0.0009866748,0.0094717297,0.0029101234,0.0459943962,0.0207748008,-0.0048179416,0.0278184125,-0.0014470674,0.0328662659,-0.0238707495,0.0064481753,-0.0046687185,0.0007304753,-0.0136602046,-0.0100353915,-0.0112538167,-0.0167308900,-0.0357974663,-0.0048002406,0.0219087423,-0.0183688826,0.0515495710,0.0038414616,0.0028365699,0.0114651633,0.0008735699,-0.0015196175,-0.0062741739,0.0085559686,0.0042061230
461.0000000000,-0.0114824970,0.0144996757,-0.0057941862,-0.0127336106,-0.0009061520,-0.0124125717,0.0133447570,-0.0002648823,-0.0055063503,0.0340579469,-0.0140229957,-0.0097898436,0.0204349640,0.0246308358,-0.0075787842,0.0052509732,-0.0349398211,0.0115853094,0.0122464529,-0.0085068562,0.0120312770,0.0090908590,0.0078139499,-0.0042138673,0.0027819354,0.0026093162,-0.0083399184,-0.0152257339,0.0163064701,0.0240183405,-0.0148975723,0.0208167846,0.0419767562,0.0062699547,0.0380122422,-0.0001922952,0.0134902390,0.0043116138,0.0144946350,0.0134865218,-0.0035138063,0.0203236492,-0.0201633211,-0.0236378940,0.0128923214,0.0278257317,-0.0009972749,0.0222396490,-0.0050811315,-0.0260531608,-0.0125516187,0.0020987457,0.0165525099,-0.0007911191,0.0112023535,0.0073073373,-0.0168778982,0.0013174395,0.0088827499,0.0093758109,-0.0047796070,0.0338050699,-0.0187431274
462.0000000000,-0.0112294910,-0.0132338031,-0.0069683321,0.0061638974,0.0087862593,-0.0154653447,0.0122943934,0.0107075278,0.0017649865,0.0088660101,-0.0054786017,0.0032537249,0.0153489335,-0.0138717333,-0.0075671083,-0.0009365084,-0.0399443086,-0.0090502829,-0.0004894188,0.0137708324,0.0103790892,0.0029795235,0.0098161117,-0.0014525294,0.0008820693,0.0121662954,0.0016269839,-0.0035497854,0.0108981022,0.0207563580,-0.0174072002,0.0306706692,0.0224144771,0.0085947397,0.0189690192,0.0031216750,0.0217235005,-0.0115461633,0.0033065445,0.0305964247,0.0013394356,0.0246697458,-0.0298287745,-0.0033446098,0.0137116495,0.0164651728,-0.0113377703,0.0075520631,-0.0249286202,0.0015063516,-0.0030329757,0.0128144688,0.0259902279,-0.0207254216,0.0213792234,-0.0177308375,-0.0315344496,0.0142866015,0.0175306389,0.0170850959,0.0103327403,0.0223762623,-0.0223571496
463.0000000000,0.0057889913,0.0093419237,-0.0143490590,-0.0078612134,-0.0102620150,-0.0069302027,-0.0297059913,-0.0279505393,-0.0131957776,0.0203564331,0.0001883239,0.0164051498,0.0037700226,-0.0244692813,-0.0001648286,-0.0068120491,-0.0156825752,0.0069927076,0.0069963136,0.0114194848,0.0124229843,0.0084114876,0.0293366295,-0.0078926222,0.0071985440,-0.0033079170,0.0060105676,0.0161131851,0.0060366866,0.0351947127,-0.0059629844,-0.0155077765,0.0142696782,0.0094986716,0.0057500823,-0.0038702208,0.0500995838,0.0191082775,0.0107058315,0.0300310821,0.0017615097,0.0277162165,-0.0181073774,-0.0161234971,0.0085077328,0.0285117243,-0.0159513707,0.0109073281,-0.0062839920,-0.0267134204,-0.0027453723,0.0035007941,-0.0143793010,0.0013871374,0.0118301633,0.0036668275,-0.0153268201,0.0191528621,0.0303608886,-0.0027502582,-0.0207112762,0.0106619371,-0.0049668542
464.0000000000,0.0046612812,0.0041092823,-0.0169345049,-0.0024704124,-0.0092130519,-0.0195446300,-0.0063636583,-0.0164910376,-0.0091326550,0.0040641416,0.0016122648,0.0038288559,0.0053552774,-0.0028573667,0.0022863867,-0.0043474268,-0.0153383030,0.0149293824,0.0165095908,-0.0029465248,-0.0011058736,0.0155519930,0.0078237194,-0.0112358617,-0.0051401113,-0.0096148140,0.0025639837,-0.0084756417,0.0203316908,0.0145149050,0.0059825038,0.0085187618,0.0225285960,-0.0045305327,0.0288091541,0.0151856120,0.0146741946,-0.0078705722,0.0133475217,0.0316870912,-0.0223339629,0.0195409762,-0.0017403650,-0.0134550899,0.0012309394,-0.0040029464,-0.0073125765,0.0126051812,-0.0209700971,0.0137787431,-0.0082241994,0.0281703418,0.0195710712,0.0142522574,0.0079896861,-0.0181448964,-0.0237586422,-0.0066575641,0.0284922095,0.0163181439,0.0078761939,0.0116158424,0.0130400428
465.0000000000,-0.0015705584,-0.0179135338,-0.0371296376,-0.0166199603,0.0065912205,-0.0063651723,0.0057919363,-0.0029085827,-0.0011704274,-0.0072257350,-0.0168426756,-0.0090688051,0.0136517607,0.0023698153,-0.0071258678,-0.0243888120,-0.0080631768,0.0004377609,0.0240055832,0.0114726995,-0.0006239741,0.0248222630,0.0167313906,-0.0003353171,-0.0008585939,-0.0041038011,0.0079367431,0.0012388195,0.0144674505,0.0122953619,0.0046828410,0.0025711985,0.0084725132,0.0063268345,-0.0000908031,0.0107692322,0.0307362078,-0.0014533998,0.0199491969,0.0276383167,0.0068409195,0.0166981169,0.0052441968,-0.0198895782,0.0164789727,0.0042521037,-0.0167864895,0.0034338975,-0.0102343948,-0.0169100757,-0.0141532041,-0.0063591066,0.0114462638,0.0005879072,0.0380217670,0.0000783720,-0.0084197303,-0.0103557726,-0.0024151999,0.0006956643,0.0229881873,0.0077142793,-0.0219204365
466.0000000000,-0.0033818064,-0.0009709380,-0.0102791703,0.0019457877,-0.0092752592,-0.0076869489,-0.0071597145,0.0078281890,-0.0009129847,-0.0029319919,0.0060890138,0.0046564242,0.0218539028,-0.0053307033,0.0093556131,-0.0207166427,-0.0237360472,-0.0052350902,-0.0038914336,-0.0188926839,-0.0096110839,0.0216645514,0.0191966517,-0.0065164862,-0.0030051733,0.0293450518,-0.0057365446,-0.0086557913,0.0036897692,0.0186440092,-0.0130820068,-0.0053507123,0.0286226285,0.0042179414,-0.0045910032,0.0233805099,0.0575391143,-0.0002512159,0.0252167637,0.0371706748,0.0013241961,0.0187515893,-0.0208825706,-0.0199665732,-0.0006109370,0.0324344388,-0.0011208606,-0.0134180647,-0.0295755273,-0.0065943994,-0.0224411277,0.0104526347,-0.0079582918,-0.0063449837,0.0560010274,0.0160591245,-0.0124345903,0.0123682800,0.0138478977,0.0186629704,-0.0110739141,0.0213127576,-0.0123186265
467.0000000000,0.0216362682,0.0030295242,-0.0072741644,-0.0134887229,0.0103646970,-0.0172587126,0.0018709039,-0.0165131178,0.0160462669,0.0027361977,-0.0126366310,0.0134133011,0.0170213396,-0.0057017228,0.0049513989,-0.0023237255,-0.0050363363,-0.0021260805,0.0105769822,-0.0104299845,0.0047696684,0.0132154982,0.0125041032,0.0023391829,0.0240901225,0.0207587468,-0.0016915309,-0.0001130441,0.0149647135,0.0093340130,0.0106633192,0.0132114235,-0.0051003493,0.0120838516,-0.0061276708,0.0081860174,0.0186301005,-0.0082455106,0.0167354106,0.0026801931,0.0189937383,0.0255390430,-0.0111373555,-0.0110626597,0.0002473398,-0.0126513778,0.0093884649,-0.0057826275,0.0012686462,-0.0255074067,0.0058782965,0.0013265176,0.0047905569,0.0172744290,0.0249047162,-0.0123340769,-0.0124520863,0.0240751332,0.0190836977,0.0115943362,-0.0037312993,0.0122651094,-0.0131387412
468.0000000000,0.0120526303,-0.0019778997,-0.0165221291,0.0047204475,-0.0139901895,-0.0099296135,0.0207832876,-0.0185710564,-0.0246963563,-0.0068593127,0.0115624243,-0.0203235996,0.0255171616,0.0175885827,-0.0141501544,0.0130761181,-0.0466175569,-0.0100366641,0.0288307110,-0.0173262934,0.0032866912,0.0124259542,0.0035030815,0.0031866309,-0.0247483936,0.0137463185,0.0005691731,-0.0054020597,0.0260472059,0.0145454166,-0.0241357384,0.0223153782,0.0031696539,0.0173078133,0.0137095336,0.0025242134,0.0174998395,0.0132926316,0.0442082842,0.0370490575,-0.0051566022,0.0122573005,-0.0110881312,-0.0229798482,0.0198219195,0.0278470308,0.0025914102,0.0112424925,-0.0013646405,-0.0349715723,0.0016901367,0.0346870023,-0.0085055789,-0.0029377461,0.0267819956,-0.0399169951,-0.0140783295,0.0314213175,0.0323239309,0.0169350807,-0.0126519926,0.0201642135,-0.0243626734
469.0000000000,0.0025590608,-0.0050550282,-0.0072210872,0.0097721550,-0.0164175067,0.0041902594,0.0129611768,-0.0229705929,0.0037233078,-0.0107136541,-0.0000167254,-0.0177779852,0.0337156987,0.0168058941,0.0184225282,-0.0056429620,-0.0437504332,0.0021982458,-0.0165151927,-0.0046793214,0.0095719696,0.0089860346,0.0200257310,0.0015441693,-0.0407086753,0.0177945361,0.0140893362,0.0004055423,0.0003293371,0.0181197123,-0.0006842418,0.0045057523,0.0021365706,0.0257384659,0.0455242709,-0.0095014094,0.0122084594,0.0304099496,0.0045395925,0.0376819674,-0.0035927585,0.0051617137,-0.0303674188,0.0044649649,0.0130564522,0.0120820275,-0.0123413600,0.0193398458,-0.0012646878,-0.0033136322,-0.0054486802,-0.0114166172,0.0261050473,0.0083470683,0.0198077301,-0.0330772400,-0.0049012127,0.0111154615,0.0127380280,0.0074177259,0.0154144469,0.0181957184,-0.0060147407
470.0000000000,0.0090689056,-0.0039880624,0.0067190281,-0.0120599100,0.0110992179,-0.0026911095,-0.0005337996,0.0067700438,0.0125536694,0.0037851946,-0.0029359261,0.0135306281,0.0078436115,0.0054063740,0.0080600561,0.0078771156,-0.0203584928,0.0094038016,0.0101503790,-0.0071496737,0.0027548400,-0.0123557130,-0.0077418376,-0.0023756487,-0.0065707294,0.0291540208,0.0016223325,-0.0004972353,0.0055680490,0.0066570657,-0.0012844110,0.0249183823,0.0158593329,-0.0005328513,0.0027442409,0.0241922757,-0.0329956487,0.0001475574,0.0092259974,0.0083757070,-0.0192922829,0.0073183936,-0.0111042413,-0.0111461170,-0.0175222906,0.0145227994,0.0006572211,-0.0015474902,0.0085454622,0.0122992959,-0.0041460253,0.0156285685,0.0141356058,-0.0034812550,0.0157275875,-0.0227730409,-0.0028224427,0.0056602929,0.0096119603,0.0313207182,-0.0040705257,0.0099188068,0.0114500985
471.0000000000,0.0132701660,-0.0290800486,-0.0203932140,-0.0043445136,0.0006476395,-0.0054687352,-0.0079127923,0.0178902098,-0.0033631186,0.0091687949,-0.0026856454,0.0270353749,0.0046078610,0.0108534459,-0.0159762812,0.0161696983,-0.0295780492,0.0032980703,0.0110393602,0.0156036018,0.0114315932,0.0093777197,-0.0007424706,0.0017764060,-0.0075461883,0.0058990158,-0.0142803772,-0.0345452361,-0.0032115505,0.0136540583,-0.0091586164,0.0082384938,-0.0135697324,-0.0053577474,0.0053298483,0.0004010695,0.0027722687,0.0061755156,-0.0057599443,-0.0038728239,-0.0084229071,0.0041656467,-0.0226654589,-0.0165366112,0.0022206444,0.0075928665,-0.0104394032,-0.0184693861,-0.0159439707,-0.0142756310,0.0010555474,0.0201483054,0.0218939730,-0.0093297174,0.0183782115,-0.0015049572,-0.0184536249,0.0181703976,0.0053051333,0.0069601128,0.0023628727,0.0064778672,0.0015823370
472.0000000000,0.0040375904,0.0019687654,-0.0060173337,-0.0081091916,-0.0025403280,-0.0115363717,-0.0061204762,0.0061180995,-0.0179817427,0.0068092901,-0.0006788841,0.0057873363,0.0253013230,0.0106940815,-0.0197105285,0.0061838012,-0.0195948498,-0.0173264086,0.0185955751,-0.0077631272,0.0038135052,0.0206242107,0.0250335677,-0.0114716466,-0.0056437592,-0.0136489873,-0.0141260389,-0.0127954028,0.0254892203,-0.0000310392,0.0066647134,-0.0023029900,0.0045965230,-0.0093892371,-0.0075379829,-0.0215575318,0.0058907201,0.0028162905,0.0037517688,0.0035127270,0.0212449600,0.0257626205,-0.0259398771,-0.0103537181,0.0101215523,0.0137731432,-0.0127263120,0.0127459134,0.0062066425,-0.0086217802,-0.0048328521,-0.0000633724,0.0078030973,-0.0027814950,0.0099112784,0.0088274589,-0.0315160082,-0.0092509354,-0.0085295959,0.0179059093,-0.0149985501,-0.0025182245,-0.0027412793
473.0000000000,-0.0166467300,-0.0043472148,-0.0124718246,0.0091515580,-0.0123389445,-0.0386926351,-0.0000023882,-0.0070088455,-0.0235377534,0.0009365647,0.0130115394,0.0069494040,0.0156988269,-0.0047335676,-0.0077705500,0.0134419335,-0.0242177828,0.0029289576,-0.0020675393,0.0127280976,0.0027041884,0.0095879726,0.0211592294,0.0011781677,-0.0111847270,0.0020156747,0.0036196909,0.0020417714,0.0013404479,-0.0013537450,-0.0121139920,-0.0150366420,0.0282488399,0.0059298044,0.0187489910,0.0031474940,0.0163575579,-0.0034224017,0.0299064481,0.0147553597,0.0107571602,0.0283369522,-0.0196805938,-0.0378564981,0.0027540634,0.0147585941,0.0020947641,0.0068957362,-0.0100959605,-0.0015618725,0.0021027650,0.0033739888,0.0175889900,-0.0096976489,0.0151993735,-0.0105191049,0.0117182043,0.0143957675,0.0118768237,0.0203251487,0.0097658802,0.0092251679,-0.0037827328
474.0000000000,0.0148929163,0.0078645419,-0.0162802475,-0.0153405146,0.0191369104,-0.0134249838,-0.0014177307,0.0192503480,-0.0069499069,0.0075393833,-0.0010267700,-0.0063770881,-0.0046883763,0.0181469770,0.0039827190,-0.0134457653,0.0027742279,-0.0042252017,-0.0144044351,-0.0165702209,-0.0031441811,0.0138334987,0.0493406071,0.0056984032,-0.0080093093,-0.0179607624,-0.0132410533,-0.0133069124,-0.0035463551,0.0171594593,-0.0086082692,0.0168376784,0.0097275745,0.0040739422,0.0164216584,0.0001687253,0.0198902982,0.0054024629,0.0238480130,-0.0033783585,0.0142084222,0.0150797586,-0.0312083585,-0.0096167516,0.0070676203,-0.0091436072,-0.0153978144,-0.0011218960,-0.0040571005,-0.0007077383,0.0035894009,0.0160157860,0.0032540882,-0.0018568832,0.0067708489,0.0104965300,0.0070891713,0.0115214157,0.0003105456,0.0168117379,-0.0047725216,0.0185904039,0.0000321920
475.0000000000,-0.0041172088,0.0011946793,-0.0118424156,0.0017346140,0.0008336733,-0.0072562099,0.0029943749,0.0244037057,0.0122165056,0.0151744484,-0.0158293894,0.0224182464,0.0010116264,0.0261716871,-0.0108455175,-0.0145368629,-0.0098418792,-0.0052097855,0.0160116502,0.0057411112,-0.0018951273,0.0092465000,-0.0034193733,0.0071853500,-0.0086147831,-0.0078480905,-0.0030377560,-0.0075562910,0.0050618294,0.0259104242,0.0030185800,0.0174829363,0.0260178513,0.0220021743,0.0048305171,-0.0037119394,0.0306025968,-0.0072497993,0.0251716256,0.0113682988,0.0094727137,0.0007138600,-0.0237250291,-0.0225198608,0.0194597959,-0.0079552043,0.0020537388,0.0014511834,0.0312796266,-0.0090057051,-0.0002512739,0.0021764645,-0.0027337131,-0.0034745905,0.0094374603,-0.0057710717,0.0018875879,0.0351319088,0.0145089677,0.0128529059,-0.0041545321,0.0024725806,0.0087502236
476.0000000000,0.0135215816,-0.0287720213,-0.0191665934,-0.0049870863,-0.0092270040,0.0047041086,0.0037153578,0.0122462547,-0.0138036854,-0.0159874129,-0.0144860690,-0.0131414281,0.0065140841,0.0191992726,-0.0012815421,-0.0075583880,-0.0257133184,-0.0030017617,0.0003508522,-0.0189821899,0.0014404927,0.0122587676,-0.0141919609,0.0215594570,-0.0162857365,0.0278103022,-0.0022108477,-0.0071846421,-0.0137367856,-0.0292377418,0.0069258357,-0.0151398042,-0.0139554789,0.0363662185,0.0031066997,0.0032763820,0.0055921382,-0.0054643056,0.0400724614,0.0205910295,0.0001841043,-0.0057640065,-0.0021068999,-0.0055973983,0.0052878970,-0.0040494359,-0.0282931974,-0.0022135624,-0.0129813749,-0.0073016645,-0.0005485854,0.0317305021,0.0229903161,-0.0099011086,0.0223023590,-0.0021967883,-0.0074235086,0.0021013032,0.0184954600,0.0104048524,0.0054696818,0.0015796440,-0.0136807952
477.0000000000,0.0213699609,0.0061853170,-0.0214757093,-0.0053616273,-0.0017420167,-0.0198600646,0.0078544332,-0.0043294613,-0.0037241289,0.0188184334,-0.0046671939,-0.0074427054,-0.0042203617,-0.0055647905,-0.0124260068,-0.0032902492,-0.0306990655,-0.0169350530,0.0067126278,0.0029877204,0.0096881222,0.0143920117,0.0065218664,0.0073251186,-0.0086995465,0.0078395836,0.0037825728,-0.0188174913,-0.0125793528,0.0090659990,0.0007713345,0.0169607829,0.0131755476,0.0271199821,0.0017942143,0.0157516926,0.0280598376,0.0198164939,0.0146364069,0.0067387910,-0.0160159142,0.0095975617,-0.0279815392,-0.0067099296,0.0217239132,0.0052618216,0.0140804676,-0.0169952790,0.0034949030,-0.0016159009,-0.0189690805,-0.0121314136,-0.0063145129,0.0069697262,0.0132855428,-0.0007089417,-0.0194681529,0.0044230094,0.0083444064,0.0162434634,-0.0169689451,-0.0086269390,-0.0205379032
478.0000000000,-0.0090340364,0.0098279505,-0.0132570858,-0.0039217258,-0.0201664213,-0.0127999357,-0.0047874561,-0.0236037749,-0.0111239418,-0.0018430815,-0.0001200347,-0.0047543734,-0.0155211738,0.0144657221,0.0130876493,0.0147129177,0.0035105277,0.0044970210,0.0133994026,-0.0084928635,0.0220111105,0.0011432621,0.0086693622,0.0039387276,-0.0089832649,-0.0135457274,0.0355950263,0.0025243980,0.0184780170,-0.0033223927,0.0061277794,-0.0086166611,0.0097882789,-0.0089485241,-0.0134506891,-0.0079650248,0.0002101009,0.0075198929,0.0051311954,-0.0143087416,-0.0063700487,0.0046880537,-0.0168415270,-0.0147282897,-0.0113967681,0.0013550531,0.0058204218,0.0130872227,0.0263215230,-0.0072131398,-0.0048334890,0.0125829740,0.0197671713,-0.0200766862,0.0101330080,0.0031690336,-0.0192558029,-0.0000967452,0.0084005243,0.0033898156,-0.0064305545,0.0046925042,-0.0116644299
479.0000000000,0.0110405641,0.0092947777,-0.0028961921,-0.0002965603,-0.0199304500,-0.0017741092,0.0256769128,-0.0057608586,-0.0126056957,0.0236711637,0.0121061144,0.0103289671,0.0056834206,-0.0063190000,-0.0179777428,0.0148690534,-0.0156251698,0.0121956037,-0.0029519053,0.0075320422,-0.0039190513,0.0048304247,0.0005955067,0.0099158038,0.0067273447,-0.0165802596,0.0092321369,-0.0326967962,-0.0140709767,-0.0004887517,0.0065526309,-0.0034560167,0.0082793355,0.0024700575,0.0156273358,-0.0087951746,0.0013564816,0.0071451932,0.0158645741,0.0127718223,0.0026505005,0.0143851773,-0.0065975393,-0.0128492109,-0.0021900475,-0.0083931325,0.0107006858,0.0057456967,0.0015073681,-0.0074108287,0.0087269945,0.0034771308,-0.0100674143,0.0056394588,-0.0239180769,0.0140462940,-0.0143248991,0.0145359244,-0.0086539559,0.0182134027,-0.0064510312,0.0286710960,0.0116524560
480.0000000000,-0.0026266061,0.0124143164,-0.0252518038,-0.0051527669,-0.0046875513,-0.0255967768,-0.0097335306,-0.0175087377,-0.0145211170,-0.0081206814,0.0057163169,-0.0039601677,0.0248868617,0.0212553147,-0.0055549570,0.0086515673,-0.0330670979,-0.0000504954,0.0199344016,-0.0008266269,-0.0059478296,0.0218890579,-0.0008540367,-0.0137763801,-0.0058915789,0.0169083588,-0.0226925262,0.0092925224,-0.0079266883,0.0191477143,-0.0087289771,0.0279490642,-0.0158710994,0.0106874160,0.0039143756,-0.0205297168,0.0045301107,-0.0039602104,0.0230447576,0.0344661007,0.0023104564,0.0008872201,-0.0148206629,-0.0138098129,0.0194679116,0.0089611158,0.0155746876,-0.0128143584,-0.0031824561,-0.0171461447,-0.0111730048,0.0045606702,0.0190858771,0.0069668219,0.0065853231,-0.0057254852,-0.0107067468,0.0234230589,0.0334631239,0.0264819585,0.0211861147,0.0326899151,-0.0149319219
481.0000000000,-0.0135626407,-0.0184173752,0.0056126537,-0.0128240019,-0.0047392915,-0.0056273106,-0.0092998214,0.0026797649,-0.0179196170,0.0165804522,-0.0122957119,0.0100933053,0.0272613619,0.0098802496,-0.0006437359,-0.0162606814,-0.0393504063,-0.0137250647,0.0049842820,0.0038764964,0.0086613215,0.0181891228,0.0163478912,-0.0026617259,-0.0060238637,-0.0047974981,0.0107170410,0.0090712806,0.0318738128,0.0195913453,-0.0066191214,-0.0137752004,0.0140205146,0.0129666594,0.0133718622,0.0051751901,0.0132624203,-0.0008365202,0.0027929352,0.0464938633,-0.0042204367,0.0515045699,-0.0178002197,-0.0217519454,0.0076144372,0.0269398678,0.0089742935,-0.0070685583,0.0032418481,0.0129304889,-0.0134598037,0.0120345365,0.0036094114,0.0052151330,0.0142801549,-0.0019131785,0.0063478003,0.0192859162,0.0176689659,0.0376108821,-0.0118830230,0.0163143309,-0.0120875743
482.0000000000,-0.0045223848,0.0150096058,-0.0176033283,-0.0011041430,0.0084845893,-0.0233462305,0.0247766178,-0.0019630040,-0.0068928628,0.0233224972,-0.0032993033,0.0080593770,0.0068628327,0.0015503110,-0.0102374639,0.0087424793,-0.0269760053,0.0150064833,-0.0123918679,0.0276074827,0.0039585297,0.0198212675,0.0153855873,-0.0061737277,-0.0010149993,0.0080478931,0.0036158277,0.0030604830,0.0154132633,0.0321643734,-0.0196312834,0.0229774268,-0.0034077087,-0.0077758259,0.0060494844,-0.0198058198,0.0264764385,0.0314724686,0.0061739213,0.0254811578,0.0027875143,0.0008417839,-0.0130187118,0.0194470325,0.0036679770,0.0135053929,-0.0078687690,0.0075417221,0.0008272120,-0.0189133347,-0.0025453266,0.0024460421,-0.0077462605,-0.0255117762,0.0373959848,-0.0066130031,-0.0143389301,0.0252007164,0.0168127482,-0.0004494350,0.0216792762,0.0189876575,0.0043307663
483.0000000000,0.0086741285,0.0058090407,-0.0160690437,0.0054254189,0.0046485330,-0.0064392946,0.0105372584,-0.0027362573,-0.0075039080,0.0024478841,0.0154899212,-0.0200017876,0.0359947596,0.0027629706,0.0172882398,-0.0167904992,-0.0234221109,-0.0422223958,0.0056190505,0.0076215528,-0.0009506422,-0.0099878447,0.0015823059,-0.0103352203,0.0067299340,0.0068334828,0.0080189430,0.0020822533,0.0143566700,0.0121073943,-0.0119618140,-0.0035120305,0.0049998332,0.0045452796,-0.0083387379,-0.0107391596,0.0357337040,-0.0165161120,0.0222138010,0.0330842080,-0.0027849429,0.0260793900,-0.0228480530,-0.0136844432,0.0233379188,0.0154646035,0.0134417048,-0.0079494292,0.0083784659,-0.0045966573,-0.0161901137,-0.0167996655,0.0279763382,0.0091858227,0.0345013032,0.0134922643,-0.0180702409,-0.0069337671,0.0206084924,0.0053323957,0.0073048616,-0.0100476949,0.0133002789
484.0000000000,-0.0080487668,-0.0112082368,-0.0067539425,0.0120647228,-0.0114174187,0.0167313294,-0.0121579287,-0.0165091566,0.0130073173,0.0106756124,-0.0103010737,-0.0016419564,0.0148322168,0.0131515684,0.0030074129,-0.0079004385,-0.0328412207,0.0009064367,0.0074914983,-0.0247803335,0.0077093144,0.0159096144,0.0328977016,-0.0168618627,-0.0026920952,0.0026550004,-0.0344053781,-0.0036071257,0.0138152234,0.0365273246,-0.0115598491,0.0103616993,-0.0021496732,0.0137726579,0.0074798177,-0.0089522741,0.0170609909,0.0010909087,0.0188068725,0.0366913597,0.0045268983,0.0309093873,-0.0239091898,-0.0082195781,0.0199375788,0.0219044171,-0.0096518244,-0.0027557681,-0.0011874156,-0.0100119185,-0.0198984942,0.0162809680,0.0299490228,0.0041447451,0.0177885276,-0.0159383125,-0.0080486300,0.0185958848,-0.0000948295,0.0024685340,0.0039476373,0.0044385698,0.0079700611
485.0000000000,0.0057648944,-0.0098338537,-0.0169087515,0.0002786111,0.0209816365,-0.0175729193,-0.0006974918,-0.0058852826,-0.0185767497,-0.0225169822,0.0046796955,0.0017735682,0.0061482654,0.0100146610,0.0025118075,-0.0017613784,-0.0415562633,-0.0177335650,0.0081545255,-0.0088794736,-0.0069541647,0.0185218082,0.0066925826,0.0084385180,-0.0086110932,-0.0019307997,-0.0138669219,0.0088374196,0.0147321626,0.0057994709,-0.0143675455,-0.0070349343,0.0128690817,0.0110971869,0.0150479260,-0.0046595120,0.0072001411,-0.0134623593,0.0210035295,0.0346804301,-0.0104646352,0.0284084787,-0.0129441954,-0.0131698468,-0.0073362950,0.0173096985,-0.0056835911,-0.0193184642,0.0106965267,-0.0213257514,-0.0112427414,-0.0083005371,-0.0127738655,0.0109964644,0.0227369217,-0.0102845334,0.0095356054,0.0121527568,0.0339211653,0.0016214399,-0.0185284052,0.0134403415,-0.0042682329
486.0000000000,0.0039827592,-0.0118927941,-0.0217893727,0.0081200804,-0.0045508995,0.0010957659,0.0159790331,0.0173011463,0.0241658418,0.0066871487,0.0178490174,-0.0093324334,0.0208533827,-0.0120984897,0.0039724479,0.0082454853,-0.0296334924,-0.0130905034,0.0126963653,0.0056298391,-0.0017683650,0.0160127234,0.0118382521,-0.0202696967,0.0019269320,-0.0188885457,-0.0036962615,-0.0164876227,0.0094602645,0.0206405223,0.0033842744,0.0254678407,0.0006161738,-0.0108947541,-0.0050535132,0.0112983844,0.0073586208,0.0123372551,0.0088719761,0.0031036679,-0.0160113285,-0.0081530964,-0.0222353294,0.0016256888,-0.0318382080,0.0122931425,-0.0090259154,-0.0010795166,-0.0088500927,-0.0161543803,0.0193562676,0.0039736748,0.0125679027,0.0102542494,0.0168788196,0.0046624067,0.0046274553,0.0054288322,0.0226325021,0.0216428364,-0.0128000606,0.0087354615,-0.0031536617
487.0000000000,-0.0021882110,-0.0112603090,-0.0353964625,-0.0027367990,0.0001422639,-0.0263258799,0.0186169145,-0.0099309091,-0.0202437476,0.0070058594,-0.0102307607,0.0087059988,0.0194201095,0.0084153862,-0.0112326745,-0.0250888052,-0.0245029462,-0.0280749869,0.0053250056,0.0019753478,0.0071798132,0.0261513050,0.0190052790,0.0028546698,-0.0149177051,0.0279802339,-0.0033339516,-0.0074421813,0.0213772821,0.0158741688,-0.0221353251,0.0061071838,0.0197939167,0.0018140023,0.0398466354,0.0047142290,0.0317336318,0.0001384646,0.0131847419,0.0263616100,0.0131671179,0.0200609106,-0.0302006538,-0.0259556756,0.0103788129,0.0081036181,-0.0080010602,0.0002153832,-0.0041117603,-0.0118416556,-0.0150770648,0.0256634780,-0.0104704562,-0.0139717923,0.0102209725,-0.0232411071,0.0095655994,0.0191596518,0.0241685775,0.0101152167,-0.0099342820,0.0124691759,0.0040665486
488.0000000000,0.0061280600,-0.0030761989,-0.0197594673,0.0086798313,0.0078828440,-0.0202997357,-0.0122771724,0.0024486144,-0.0017853490,0.0042372062,0.0005304246,-0.0032134564,0.0208536070,-0.0098288541,-0.0174261213,-0.0211967265,-0.0153540439,-0.0458639777,0.0173443223,-0.0122377735,-0.0003777923,0.0099018090,0.0162460008,-0.0082792879,-0.0164241734,-0.0173008067,-0.0141922726,0.0012967094,0.0110145189,0.0438675468,0.0083385074,0.0005716965,0.0149675709,-0.0096911203,0.0169704934,-0.0043775958,0.0158492218,0.0092117887,0.0143826763,0.0122415847,-0.0041563008,0.0351214729,-0.0056141984,0.0037738565,0.0425810885,0.0000137837,0.0169717762,0.0041224609,0.0122851965,0.0078962698,-0.0156439706,0.0023151536,0.0103303108,-0.0127647551,0.0185420663,-0.0111600919,-0.0194335623,0.0148389548,0.0160346728,0.0056351697,0.0022066823,0.0280855354,-0.0186534391
489.0000000000,0.0085732683,-0.0067068542,-0.0170659480,-0.0072468215,0.0089431579,0.0019752231,0.0222637099,0.0046938268,-0.0199459200,-0.0056007778,-0.0005963447,0.0089156943,0.0248057727,-0.0024420215,-0.0131298046,0.0157408325,-0.0167585576,-0.0075135544,0.0305684976,-0.0093065789,0.0023350853,0.0060000574,-0.0082321910,0.0248177697,0.0050670718,-0.0114001732,-0.0010856542,-0.0029551582,-0.0038153591,0.0027943698,-0.0309100499,-0.0088133773,0.0197444840,-0.0047436500,0.0116229886,0.0089424820,0.0136046750,0.0366657484,0.0112370944,0.0332522418,0.0096490491,0.0169002774,-0.0325254901,-0.0113214951,0.0187336618,0.0146888226,0.0037333134,0.0011134886,-0.0279474040,-0.0233554634,-0.0175801380,0.0124365949,0.0042398151,-0.0066261507,0.0319967309,-0.0394583584,-0.0409052417,0.0149839355,0.0072518029,-0.0022455894,-0.0056960271,-0.0035487010,-0.0087468765
490.0000000000,0.0100327315,-0.0108882001,-0.0145493105,0.0090031876,-0.0155235944,-0.0102121983,0.0057159208,-0.0082638595,-0.0182655559,0.0162814523,0.0183920957,0.0140280466,0.0256332212,-0.0082814516,-0.0029260018,0.0136086150,-0.0241103181,-0.0166987726,0.0220802520,-0.0175732479,0.0083427152,0.0079058613,0.0221413547,-0.0060566946,-0.0119984267,0.0096349198,-0.0199567341,-0.0149580823,0.0081364955,0.0306126598,-0.0115451347,0.0170182982,0.0111442998,0.0024272282,0.0230652214,-0.0057060031,0.0364534825,0.0213900873,0.0113385486,0.0298347933,0.0009904762,0.0180570685,0.0025030787,-0.0149245345,0.0107149564,0.0108376256,0.0003172774,-0.0031303023,0.0096435893,-0.0004354402,-0.0134164625,-0.0059155191,0.0202698628,-0.0173916529,0.0229847424,0.0245128349,-0.0195706845,0.0114401269,0.0440063708,0.0262050371,-0.0139296574,0.0427148749,0.0067004817
491.0000000000,0.0004909909,-0.0103707139,-0.0041895381,0.0215955312,-0.0244315048,-0.0134486978,-0.0044117593,-0.0096135284,-0.0017339670,0.0106294123,-0.0095734981,0.0006679544,0.0380897763,0.0144422911,-0.0096077006,-0.0051591168,-0.0369470575,0.0149160983,-0.0013605090,0.0102407594,0.0279693004,0.0160936493,0.0185562158,-0.0072115172,-0.0145463357,0.0023653945,0.0072827091,0.0002055351,-0.0152106419,0.0192644010,0.0080324608,-0.0037089782,-0.0176746792,0.0117095932,0.0010534662,-0.0297206683,0.0320797680,0.0116003411,0.0195520849,0.0219260693,-0.0242709302,0.0102874225,-0.0007301271,-0.0038009917,0.0040323951,0.0061852521,-0.0213972000,0.0073213844,-0.0196113250,0.0120724330,-0.0068431621,0.0158448622,-0.0033147518,-0.0138524734,0.0071522345,0.0000523617,-0.0043575340,0.0015000917,0.0291054939,0.0343089824,0.0071850190,-0.0000218416,0.0108830177
492.0000000000,0.0020821562,-0.0036094101,0.0066696055,0.0077657514,-0.0044736986,0.0100611405,0.0038490014,-0.0004088310,-0.0026449297,0.0069123172,-0.0164319327,-0.0067291192,0.0135676033,0.0123649292,0.0119628898,0.0028635731,-0.0043446498,0.0046551869,0.0181146022,0.0075091964,-0.0068597129,0.0000697434,0.0054345565,-0.0078367879,0.0103746440,-0.0025026562,0.0063422554,-0.0021083083,-0.0061435292,0.0055583982,0.0054675566,0.0026893579,-0.0160435034,-0.0013410131,-0.0090414565,0.0061666490,0.0171741784,0.0035525399,-0.0004837341,0.0040891070,-0.0174567114,0.0066824496,-0.0179897978,-0.0045223147,-0.0056504472,-0.0076326675,0.0059677365,0.0006065074,-0.0010290284,0.0072381117,-0.0032896741,0.0007493282,0.0125296527,-0.0070610896,-0.0098771619,0.0102706506,0.0225149699,0.0145419989,0.0090698084,0.0059879097,-0.0037627177,-0.0017732274,-0.0290642015
493.0000000000,0.0067856953,-0.0020980656,-0.0031033229,0.0140002326,-0.0066317531,-0.0080535248,0.0209186080,0.0077951863,0.0035815435,0.0009525843,0.0102405880,0.0043442706,0.0247818305,0.0182673476,-0.0219360524,0.0161730477,-0.0244531272,-0.0166213298,0.0038331620,0.0031439136,-0.0200585540,0.0217454820,0.0176497300,-0.0034542902,0.0033268004,0.0001323547,-0.0103667898,0.0142333459,0.0116307023,0.0020971521,-0.0049139543,0.0121391107,0.0075068411,0.0090607454,0.0327734229,-0.0123237906,-0.0085075894,0.0102727600,0.0243900444,0.0021892952,-0.0138508959,0.0238564634,-0.0231932413,-0.0085023836,0.0196687125,0.0097679573,0.0071200724,-0.0107586971,0.0008598665,0.0017285739,0.0027302040,0.0067777938,-0.0024853873,-0.0049866876,0.0235428452,-0.0030170587,0.0126458130,0.0157878908,0.0090405831,0.0104157266,0.0024944592,0.0156029279,-0.0005599060
494.0000000000,-0.0057947862,0.0209789774,-0.0142568494,-0.0060807470,-0.0031252178,-0.0135334238,0.0068402378,-0.0030490270,-0.0080264671,0.0174967562,0.0092178430,-0.0204144112,0.0324103644,-0.0130114367,-0.0035335519,0.0234533757,-0.0255335284,-0.0011976004,0.0009037997,0.0088616838,0.0029105299,0.0105389966,0.0128487846,0.0084746098,0.0038545853,-0.0027298288,-0.0055707473,-0.0192612818,-0.0167801340,-0.0070441800,-0.0165126448,-0.0027053188,0.0065857663,-0.0172009695,0.0011218652,-0.0111290969,0.0131347488,0.0163936068,0.0022025250,0.0172600744,-0.0023855112,0.0198409185,-0.0237114127,0.0198208407,-0.0105828602,0.0016399094,0.0107675674,-0.0007871388,-0.0168700383,-0.0010688458,-0.0155595733,0.0146466603,-0.0043244142,-0.0244497040,0.0105174215,0.0024402543,-0.0006146568,0.0107194592,0.0145200886,0.0021198108,0.0250002608,0.0071496944,-0.0065852348
495.0000000000,0.0024357011,-0.0028010398,-0.0036311551,-0.0110935840,0.0031634535,0.0018685335,-0.0143910904,0.0040098694,-0.0009967270,0.0059651930,0.0121705163,0.0121223731,0.0050524659,-0.0142705921,0.0035641591,-0.0193069336,-0.0099618522,0.0093131255,-0.0054783100,0.0140710093,0.0076866272,0.0029932478,-0.0067940490,-0.0034808293,-0.0174329811,0.0121662378,-0.0118122888,0.0070706278,-0.0202745918,0.0040258252,-0.0100289614,0.0063603539,-0.0130481172,0.0014312473,-0.0067974139,-0.0105628665,0.0012335238,-0.0038920177,0.0197380718,0.0179078494,0.0033415067,-0.0011848094,-0.0067716900,-0.0117165307,0.0145477624,0.0075532134,-0.0018121004,0.0087483058,-0.0051139607,-0.0003974626,-0.0117634472,0.0127783397,-0.0021675089,0.0136258778,0.0173036557,-0.0131870076,-0.0157475573,-0.0114091529,0.0014117935,0.0025578151,-0.0040766169,0.0102324010,-0.0133210288
496.0000000000,-0.0013032741,-0.0047817355,-0.0104275333,-0.0140828617,0.0132592498,-0.0056853966,-0.0220332525,0.0017342339,-0.0217231519,0.0100265077,0.0162179398,0.0214126811,0.0078675917,0.0036287211,-0.0164225892,-0.0082225987,-0.0279477452,0.0029857212,0.0101597614,0.0133291275,0.0011514561,0.0188984197,0.0081910120,0.0005582772,0.0044811036,-0.0120072466,-0.0191960213,0.0016073286,0.0221401132,0.0027827768,-0.0189385246,0.0000709492,0.0008006827,-0.0045997277,-0.0053424722,-0.0124046667,0.0114651638,0.0196076391,0.0139485859,0.0153051781,-0.0038890850,0.0164089129,-0.0219540016,-0.0047362774,0.0021155148,0.0038242105,-0.0171921606,0.0179037766,-0.0057544463,-0.0263114338,-0.0121510173,0.0232145574,-0.0104443807,-0.0011021679,0.0227303373,0.0033313920,0.0078983393,0.0059364461,0.0209213913,0.0036295685,-0.0014968262,0.0214856181,-0.0223801632
497.0000000000,-0.0024838870,-0.0202018006,-0.0126053396,0.0058726362,-0.0143885567,-0.0126832918,0.0129399651,0.0082027673,-0.0022700594,0.0281396524,-0.0048916167,-0.0168357513,-0.0111476988,0.0164413588,-0.0069235624,-0.0067026072,-0.0408835022,-0.0136083776,0.0159061990,0.0253413720,-0.0079324152,0.0254415295,0.0202959102,0.0227646394,-0.0289645207,0.0098530573,0.0041734136,-0.0082417690,-0.0020407319,0.0195367140,-0.0113216976,0.0192662437,-0.0003640254,-0.0282268749,0.0358419095,-0.0105560561,0.0192758452,0.0157359039,0.0302958548,0.0282612188,-0.0082951121,0.0282639877,-0.0240803642,-0.0127805468,0.0334172913,0.0257110040,0.0106772120,0.0251984660,-0.0120527098,-0.0173234701,-0.0133072927,0.0003392762,-0.0122605073,-0.0006603168,0.0362084232,-0.0040617018,0.0057611415,0.0108770498,0.0081193253,0.0342748633,0.0035286391,0.0191416183,-0.0054661773
498.0000000000,0.0037059564,-0.0138638123,0.0047345273,-0.0017107248,0.0037071017,0.0047626248,-0.0018940536,-0.0039613198,0.0028994112,0.0158471263,0.0165564605,0.0154639432,0.0099973676,-0.0068809738,-0.0067137525,-0.0254972326,0.0071018349,0.0000476868,0.0143718371,-0.0175603563,0.0066846845,0.0012685435,0.0048889255,-0.0073987452,-0.0178214671,-0.0053129032,-0.0070896159,0.0041096855,0.0116486223,0.0131908236,-0.0168580424,0.0186561209,0.0020098592,-0.0130652403,0.0338387973,-0.0081081051,0.0257986690,-0.0033396912,0.0106106717,0.0218489844,-0.0152857187,-0.0038728719,-0.0284836569,-0.0255142375,0.0125922206,0.0355058932,0.0101878689,-0.0084007302,-0.0108619508,0.0038370783,0.0016704888,-0.0060744493,0.0023578679,-0.0071602728,-0.0207940210,0.0125702353,0.0017790261,0.0243327854,0.0193607800,0.0058972950,-0.0287490508,0.0189522218,-0.0034489811
499.0000000000,0.0017296057,-0.0100400344,-0.0178079652,0.0145760832,0.0080073783,-0.0268683469,-0.0054856031,-0.0007099127,0.0102515654,-0.0066306516,0.0116632239,0.0155148781,0.0303902736,0.0126541697,0.0003389928,-0.0127328040,-0.0067229439,0.0014103847,0.0071115323,-0.0128792587,-0.0082701596,-0.0025867053,-0.0057471075,-0.0196019432,-0.0099071834,-0.0038415987,-0.0091859354,0.0051581416,0.0286047908,0.0213373553,-0.0233214386,0.0151908035,0.0110523124,0.0282673711,0.0116576116,-0.0131632256,0.0231232666,0.0149943767,0.0272654154,-0.0002784019,0.0105660115,0.0442206965,-0.0060916954,-0.0407395708,0.0079671842,0.0187109058,0.0041133676,-0.0037690612,-0.0195361797,-0.0287747584,-0.0271909407,0.0003908376,-0.0103020382,0.0081699175,0.0273058251,-0.0066844510,-0.0090518081,0.0161131407,0.0110303278,-0.0102805849,0.0080342694,0.0158257200,-0.0121551543
500.0000000000,0.0130689468,0.0003490131,-0.0083383054,0.0061306466,0.0105436957,-0.0016161270,-0.0056763251,0.0203360381,-0.0161496666,0.0341637320,-0.0246411481,-0.0038083661,0.0193228414,0.0117492415,-0.0155479749,-0.0097573238,-0.0259054023,-0.0109106783,-0.0002214240,-0.0194744780,-0.0044921058,0.0013397836,-0.0023887456,0.0129126853,-0.0205361979,0.0167568855,0.0068041341,-0.0039306192,0.0225556258,0.0209957212,-0.0121745701,-0.0253482343,0.0081225840,-0.0079312290,0.0000995601,0.0063443736,0.0084033927,0.0012798778,0.0138353967,0.0243385750,0.0199989684,0.0208091239,-0.0360849809,-0.0264090666,0.0353430316,0.0299065143,0.0145639081,0.0002367946,-0.0126687095,-0.0146489364,0.0032226322,-0.0018815224,-0.0020763669,-0.0150632449,0.0144177341,0.0008750546,0.0087793950,0.0323789207,0.0206627781,0.0063647833,0.0072914612,0.0167861770,0.0231168421
