1.0000000000,0.0029313380,-0.0243259348,0.0152410203,-0.0285256148,0.0256384271,-0.0019999152,0.0119410858,0.0084630347,-0.0100852248,-0.0288189429,0.0269584891,0.0074308364,-0.0005125152,-0.0020171039,-0.0210990249,0.0253915086,-0.0210257548,-0.0241211742,-0.0174676753,0.0137232092,0.0061579685,-0.0133093376,-0.0118553704,-0.0147727498,0.0028205312,-0.0026898152,0.0116652303,-0.0110086483,0.0057739102,0.0042566626,0.0053839406,0.0059843361,-0.0102934013,0.0182611974,0.0420363401,-0.0165762963,-0.0084931728,-0.0062153483,0.0159063626,0.0186090099,-0.0142958723,-0.0185014134,-0.0107457826,0.0052517054,0.0282590549,0.0214680607,-0.0077600885,0.0054168739,-0.0422583902,-0.0036219402,0.0004269488,-0.0197263256,0.0003767545,0.0115210383,-0.0219172739,-0.0150700114,0.0259017007,-0.0017731107,0.0031523093,0.0187371219,-0.0443675540,0.0162476964,-0.0053427735
2.0000000000,0.0375933729,0.0088956741,0.0164167287,-0.0149797067,0.0149995100,0.0162202829,0.0171131539,0.0049834447,-0.0084183873,-0.0321031898,0.0130226114,0.0149142709,0.0136944228,0.0116726999,-0.0012707607,0.0209238798,-0.0377194714,-0.0022108331,-0.0200600356,0.0039832782,0.0176925643,0.0149542835,-0.0080724261,-0.0151784270,-0.0020170186,-0.0068514336,0.0358349446,-0.0144846177,0.0169881803,-0.0208351292,0.0012481893,0.0251611886,-0.0118844899,0.0268318961,0.0073062179,-0.0463069343,-0.0122622219,0.0056690773,-0.0114281836,0.0187340479,-0.0423361216,-0.0338080878,-0.0366832299,0.0009309035,0.0338039849,0.0372940957,0.0031113612,0.0008478336,-0.0444366238,-0.0295944824,0.0022029063,0.0165500541,-0.0060056758,-0.0000247064,0.0043510884,-0.0453115225,0.0201604586,-0.0201999201,0.0120361642,-0.0127600948,-0.0239787140,-0.0039092477,0.0097228349
3.0000000000,-0.0000927018,0.0210107193,-0.0145661923,-0.0007915028,0.0095570182,0.0068342873,-0.0008821597,0.0027460261,-0.0108681497,-0.0107031905,0.0112241613,0.0143887739,0.0225603793,-0.0013797440,-0.0100407638,-0.0065280176,-0.0156282399,0.0029021655,-0.0322575134,0.0055513579,0.0289928237,0.0049369078,0.0034887723,-0.0070876784,0.0082456008,-0.0121925689,0.0141949791,-0.0185131256,0.0138536152,-0.0099883000,0.0014485195,0.0237923754,0.0145439778,0.0121902151,-0.0121113485,-0.0313420096,0.0025342909,0.0177262231,0.0195299718,0.0140676804,0.0052821905,0.0100787424,-0.0175265657,-0.0137034172,0.0035101110,0.0093757922,0.0060169104,0.0106392449,-0.0098398204,-0.0164444012,-0.0047415070,0.0122339775,0.0021003803,-0.0208558827,0.0033435098,-0.0034796815,0.0208418418,-0.0134396991,-0.0232016659,0.0083966523,-0.0014954083,0.0090387069,0.0096978170
4.0000000000,0.0258143621,-0.0072400912,0.0184771298,0.0076844799,0.0111778452,0.0136174866,-0.0109826899,0.0153851873,-0.0086886383,-0.0129446717,0.0317309375,0.0070402680,-0.0043857102,0.0278353609,-0.0226555845,0.0107611917,-0.0259555600,0.0017483689,-0.0133620617,0.0213498461,0.0038977886,-0.0021511962,-0.0175759788,-0.0081912695,-0.0061531394,0.0004358759,0.0231684871,-0.0147929160,0.0148506625,0.0015401375,0.0112315517,0.0115032883,-0.0076306764,0.0290152606,0.0224951473,-0.0311141832,0.0144033391,-0.0243178424,0.0144656763,-0.0067455571,-0.0210066294,-0.0042822276,-0.0265992695,-0.0064980451,0.0433766408,0.0026604942,-0.0092087276,-0.0113762082,-0.0357635055,-0.0129602113,0.0278594959,0.0126111624,-0.0183404941,-0.0146030090,0.0014582568,-0.0102027171,0.0132597799,0.0024230782,-0.0132397678,0.0452311004,-0.0063462216,0.0003009811,-0.0022443615
5.0000000000,0.0067013777,0.0105055423,0.0332941477,-0.0080888129,0.0245036254,0.0033473689,0.0029536247,0.0060415954,0.0089843126,-0.0064729721,-0.0078969564,-0.0051193414,0.0119117910,0.0094515799,-0.0120904757,-0.0014969351,-0.0059258698,0.0048629277,0.0025006479,-0.0244045661,-0.0005392743,0.0039685660,-0.0062202080,-0.0167994113,-0.0147798205,0.0080643457,0.0079299719,-0.0131359186,0.0008129098,-0.0024445785,0.0024273363,0.0081670300,-0.0082700885,0.0195605013,0.0244513982,-0.0030349304,-0.0099212765,0.0096363562,-0.0134236049,0.0056705017,-0.0301512921,-0.0056994136,-0.0027510042,0.0174023461,0.0066044777,0.0012582163,-0.0029191074,0.0059637013,-0.0200472302,-0.0150887926,0.0047277868,-0.0024250489,-0.0124058841,0.0036425275,0.0109471398,-0.0125083024,0.0129763952,0.0070884278,0.0293682496,0.0028960049,-0.0107483868,-0.0039842748,0.0256509133
6.0000000000,-0.0141519310,-0.0023103980,0.0022659332,-0.0099330623,0.0183230568,0.0063385856,-0.0045791055,0.0027205793,-0.0098183041,-0.0092028129,0.0130634612,0.0173361772,-0.0071598648,-0.0026662771,0.0178604566,0.0148048926,-0.0203532470,0.0035225795,-0.0114292042,0.0194076713,-0.0051950314,-0.0067441011,-0.0065197895,-0.0208722718,-0.0088493851,-0.0027770065,0.0037378281,-0.0192823661,-0.0081816721,0.0028180655,0.0128341468,0.0499308349,-0.0102074992,0.0091785562,0.0062531220,-0.0162812403,0.0226209016,0.0026630574,-0.0032213935,0.0020789362,-0.0235116150,0.0018293714,-0.0112743290,0.0125645355,0.0277962232,0.0128667337,0.0036714132,-0.0081729273,-0.0272464513,-0.0329928596,-0.0038380974,0.0068258927,-0.0016227936,0.0010670936,0.0037205680,-0.0157025024,-0.0016263229,-0.0136655902,0.0153488325,0.0160244666,0.0137137219,0.0143057995,0.0065844050
7.0000000000,0.0003681303,0.0073676359,0.0098491305,-0.0143501162,0.0035834532,0.0140659692,-0.0052865326,-0.0008398235,0.0158593300,-0.0380711807,0.0329984242,0.0230235276,0.0217875479,0.0461368031,-0.0005544723,0.0147914141,0.0071602645,-0.0129703301,-0.0159317755,-0.0017567256,0.0169783059,-0.0044539229,-0.0194300209,-0.0298916894,-0.0029538830,0.0115190770,-0.0079438317,-0.0061149161,0.0139272904,-0.0255397553,0.0199112610,0.0115955277,-0.0229389113,0.0169978207,-0.0058869897,-0.0217602124,-0.0062535200,-0.0011037589,-0.0094407658,0.0159874997,0.0010667208,0.0065551486,-0.0041836123,-0.0111327888,0.0183169046,-0.0014374806,0.0191718218,0.0086217899,-0.0040678093,-0.0204718701,-0.0175548204,0.0138491492,-0.0216590321,0.0316856836,-0.0258523092,-0.0296653900,0.0260570889,0.0038228081,0.0090012571,0.0198552320,0.0019752077,0.0000450899,0.0004369470
8.0000000000,0.0060705271,0.0155802155,0.0203604451,0.0064073599,0.0199558368,0.0021214569,0.0029968032,-0.0004143624,-0.0010090418,-0.0185105126,0.0065675318,0.0062263571,0.0294122934,0.0191344564,0.0088833355,0.0267997797,0.0009270175,0.0087056372,-0.0082681518,-0.0028906278,-0.0037192394,0.0011456525,-0.0028808046,-0.0172425286,0.0103077527,-0.0015322642,0.0139098685,0.0188421714,0.0014146645,-0.0267497346,0.0160592101,0.0185189873,0.0021787970,0.0350908929,-0.0079817551,-0.0262572007,-0.0021539095,0.0176569876,0.0040155169,0.0125720011,-0.0069978509,-0.0099713841,-0.0148343541,-0.0075313351,0.0352191392,0.0108322694,0.0125245547,-0.0245139635,-0.0079478206,-0.0054807832,0.0044395032,-0.0023557432,0.0073797896,0.0011236993,-0.0045722527,-0.0269193659,0.0026419452,0.0096894951,0.0155846131,0.0100077633,-0.0037802127,0.0113668856,0.0147271282
9.0000000000,-0.0005294978,0.0224834373,-0.0099965528,-0.0115598773,0.0305774372,0.0179958652,-0.0090241504,0.0131599281,-0.0087206136,-0.0285759716,0.0114630111,0.0263261686,-0.0009632389,-0.0145851758,0.0221588271,0.0238426685,-0.0039629144,0.0058420104,-0.0205602128,-0.0080161763,-0.0133054988,-0.0038687207,-0.0082269464,-0.0365586310,-0.0220838855,-0.0071069102,0.0126693806,0.0018912202,0.0073269817,0.0045846777,-0.0024220985,0.0274028260,-0.0228632339,0.0324921710,-0.0029339992,-0.0051409388,0.0134022589,-0.0011697895,-0.0063797583,0.0044692097,-0.0339858129,-0.0130825715,-0.0293220211,-0.0069511636,0.0137483091,0.0295474136,0.0020202069,0.0089099721,-0.0285935023,0.0280164658,0.0202044969,-0.0174581574,-0.0362145012,0.0147410130,-0.0075506854,-0.0275965887,0.0122825199,-0.0030525462,0.0113920119,0.0162148108,-0.0123707453,0.0311105333,0.0213186462
10.0000000000,0.0131111050,0.0078825049,-0.0004425319,-0.0066102259,0.0140710117,-0.0193045336,-0.0034675794,0.0238981838,-0.0069431961,0.0001535912,0.0035910088,0.0006795661,0.0078854004,-0.0109785025,-0.0024349558,0.0022875559,-0.0011961768,0.0076566229,-0.0142415808,0.0166601062,-0.0000279637,0.0042979682,0.0090071642,-0.0114798735,0.0054870921,-0.0004288714,0.0295641295,-0.0042351712,0.0137509464,-0.0066541308,0.0084034556,-0.0057579021,-0.0315638060,0.0078507904,0.0015262070,-0.0286612730,0.0117257232,-0.0045926624,-0.0229735539,0.0087253506,0.0021644464,0.0077595865,-0.0004619950,-0.0062964398,0.0154238652,0.0030465020,-0.0065784798,0.0176403952,-0.0331317531,-0.0076246999,0.0190083382,0.0061869657,-0.0019455465,-0.0087364106,-0.0026159303,-0.0341947237,-0.0080963466,0.0172056043,-0.0087873924,0.0088690525,-0.0047189672,0.0106838930,0.0010919523
11.0000000000,-0.0005202810,0.0098173220,0.0090453903,-0.0254412862,0.0302301606,-0.0015843475,-0.0176336202,-0.0118356046,-0.0029294066,-0.0384275867,0.0228487296,0.0340143699,0.0104625075,0.0165585157,0.0011665765,0.0138846930,-0.0228739624,-0.0315012914,0.0085094105,0.0118157291,0.0047090397,-0.0031850829,0.0141621930,-0.0326084936,0.0023256413,-0.0094837593,0.0163158338,-0.0151771462,0.0288286436,-0.0056605395,0.0244681061,-0.0013561088,0.0082372084,0.0303545460,-0.0121643841,-0.0200628435,0.0179077097,0.0077797772,-0.0058417297,0.0145976636,-0.0462632247,-0.0149230234,-0.0308095364,-0.0177251124,0.0147628755,0.0289326090,0.0245093378,-0.0221780053,-0.0225065416,-0.0150072830,-0.0191570328,0.0041468696,-0.0047713723,-0.0003753781,-0.0043355193,-0.0166684491,0.0176965204,-0.0041507167,0.0118395215,0.0014337114,-0.0018353964,0.0012183557,0.0087228058
12.0000000000,-0.0079862485,0.0224560780,0.0100049533,0.0019436435,-0.0111751334,0.0020598338,0.0129272233,0.0110611743,0.0116908033,-0.0385831783,0.0057233504,0.0124064594,0.0164744104,-0.0023386868,-0.0081361844,0.0141793163,-0.0052870179,-0.0026401642,-0.0072396612,-0.0044945982,0.0172160157,0.0022847523,-0.0056341631,-0.0149044016,0.0123392711,-0.0214834169,0.0089653360,0.0206332499,-0.0158529733,0.0057452906,0.0143255163,0.0170067594,0.0053606224,0.0024181654,0.0163647004,-0.0392193556,0.0012887561,0.0063395870,-0.0158974393,0.0243735335,-0.0108233921,-0.0059211357,-0.0081134192,0.0068199708,0.0247287892,0.0117322821,-0.0065430756,0.0108101868,0.0061235125,-0.0096504782,-0.0062037373,0.0036784665,0.0022983400,0.0192313972,-0.0002372256,-0.0072586597,0.0032697860,-0.0268604394,-0.0017074619,0.0267336059,-0.0233613335,0.0134190928,-0.0005963950
13.0000000000,0.0125064704,0.0031280823,0.0105990699,-0.0296732664,0.0195731285,0.0104275974,0.0023160655,-0.0040209264,-0.0080132859,-0.0330110909,0.0088324093,0.0251043205,-0.0437791008,0.0059045317,0.0036190848,-0.0006938416,-0.0242320374,0.0012440263,-0.0337483144,-0.0036556696,0.0110469378,0.0131441487,0.0092913557,-0.0266754301,0.0005280689,0.0145370540,0.0306577515,-0.0083147590,0.0053451956,0.0057831709,0.0086006434,0.0253381009,0.0037534414,0.0273279983,-0.0038527142,-0.0192218223,-0.0055672138,0.0080588940,-0.0105172041,-0.0028496189,-0.0097208358,0.0016939825,0.0003840090,-0.0317092378,0.0083915234,0.0507989553,0.0177494321,-0.0015157585,-0.0129136531,-0.0352786790,-0.0120136656,0.0107724124,-0.0078272691,0.0036993577,-0.0227380427,-0.0224068480,0.0031690998,0.0344688385,0.0077081990,0.0256464220,-0.0091788500,-0.0111801193,0.0182221331
14.0000000000,0.0137704568,-0.0093345504,0.0033988695,-0.0243185712,0.0415256336,0.0192320261,-0.0062473392,-0.0077485363,-0.0031655734,0.0116958926,0.0030397798,0.0096072893,-0.0098853475,0.0167354166,-0.0014632016,-0.0022420338,-0.0091758216,0.0011899526,-0.0250582713,-0.0193346963,0.0010841683,-0.0047281732,-0.0072827697,-0.0104682098,-0.0152039417,-0.0095704092,0.0166640705,-0.0174868727,-0.0194384398,-0.0012430649,0.0145643538,0.0087516431,-0.0110418715,-0.0167275751,0.0139102490,-0.0124082405,0.0058044466,-0.0098277826,-0.0124517410,0.0012672561,-0.0216677258,-0.0037881403,-0.0386620054,0.0013286271,0.0380689094,0.0083212288,-0.0181212765,0.0268041410,-0.0063831699,0.0053927998,0.0017837143,0.0012079297,-0.0028789657,0.0290884605,0.0068079246,-0.0089898347,0.0130675143,-0.0127763025,-0.0029848169,0.0102138490,-0.0233859132,0.0022836520,0.0103777827
15.0000000000,-0.0108209750,0.0068534287,0.0095933466,0.0051138542,-0.0094999352,0.0018045954,-0.0069247385,0.0048821969,-0.0019430434,-0.0244532284,0.0278987088,0.0117653780,0.0052642258,0.0044445237,0.0137040869,0.0378389087,-0.0123965857,0.0121351745,-0.0102303226,0.0196292286,0.0091594918,-0.0107145865,-0.0048614724,-0.0255295171,-0.0076977100,0.0005921240,-0.0090971931,0.0063432235,0.0144987433,-0.0001404776,-0.0019702494,0.0073889481,0.0110586214,-0.0072570937,0.0141195240,-0.0305580364,0.0098209711,0.0001237840,0.0084598648,-0.0145048337,-0.0127572867,-0.0116064655,-0.0208392404,0.0217313136,0.0071272495,0.0196008235,-0.0039106533,0.0152682380,-0.0149621777,-0.0331974313,0.0032517691,0.0051259632,-0.0045013623,0.0228911297,-0.0006367912,-0.0426705857,0.0109834778,-0.0177662117,-0.0049524285,0.0037857740,-0.0242498543,0.0036321280,0.0277180959
16.0000000000,0.0263884653,0.0051631942,0.0172223132,-0.0050072073,-0.0069344587,0.0018188417,0.0039099789,0.0084046562,0.0003048593,-0.0079032607,0.0120100908,0.0181113799,0.0185546458,0.0189948142,0.0051863041,0.0066571377,-0.0018574217,-0.0158115070,-0.0230185698,-0.0043053968,0.0127675693,-0.0131540132,-0.0053393015,-0.0183374055,-0.0003365275,0.0017744537,0.0174081476,-0.0074512546,-0.0169739595,-0.0057776236,0.0093742302,0.0163808483,-0.0017920891,0.0256224181,0.0310192268,-0.0176250075,0.0009326575,-0.0210904379,-0.0018646625,0.0149733162,-0.0279742111,-0.0248993480,-0.0180619738,0.0024342907,0.0209227363,0.0159368314,0.0050411503,0.0097072799,-0.0342577291,0.0001939341,-0.0255829110,0.0075922906,0.0030156870,0.0082148321,-0.0270380657,-0.0422970983,0.0121972736,-0.0267496295,-0.0177692790,0.0048889281,0.0124131032,0.0145158038,-0.0093527051
17.0000000000,0.0289925867,-0.0172079179,0.0245076026,-0.0124113412,0.0071923898,-0.0142281619,-0.0069131351,-0.0048787389,-0.0163843116,-0.0275262174,-0.0053465266,0.0196053384,0.0177508745,0.0241596018,-0.0009000946,0.0155852214,-0.0174481308,-0.0065317859,-0.0146866827,0.0090776103,0.0062659156,0.0028291934,-0.0323314922,0.0105000268,0.0138655052,-0.0087606737,0.0279862775,-0.0140948848,0.0047673565,-0.0094703488,-0.0082872598,0.0120433516,-0.0080871683,0.0039277209,0.0273613878,-0.0199640505,-0.0051047039,-0.0029157079,-0.0084347090,-0.0055500933,-0.0251181366,-0.0127876243,-0.0075524521,-0.0320154420,0.0263224097,0.0369999248,-0.0152586874,-0.0001050210,-0.0338135014,-0.0058558752,0.0091605802,0.0223989087,0.0011522776,0.0006109887,-0.0126124788,-0.0385286339,0.0129821763,0.0168568341,-0.0084679815,-0.0160474516,-0.0225465035,-0.0054444550,0.0089923873
18.0000000000,-0.0088823927,0.0128085669,0.0172474916,-0.0060999556,0.0100741405,-0.0123129919,-0.0110808222,-0.0030932185,-0.0313094446,-0.0203444935,0.0112168084,-0.0011360295,-0.0029869404,0.0029497528,0.0007573037,0.0044710841,-0.0003109821,-0.0201607644,-0.0111630716,0.0066458036,-0.0068191495,-0.0077713483,-0.0316821722,0.0057602448,0.0003585555,0.0016493980,0.0007434182,-0.0095150144,0.0271960772,0.0000718937,-0.0088305553,0.0152783015,-0.0011000875,0.0166892035,-0.0008838444,-0.0107638759,0.0016708816,-0.0035330336,-0.0024507607,0.0347451276,-0.0009497243,-0.0137343605,-0.0067689735,0.0247076040,0.0293425767,0.0165997565,0.0017358371,-0.0016204804,-0.0107529588,-0.0219058489,0.0234460667,0.0089338220,0.0076670836,-0.0070753531,-0.0002485912,-0.0286842915,0.0076178847,0.0041070409,0.0197597926,-0.0028614698,0.0111675543,0.0051993153,-0.0133677145
19.0000000000,-0.0085778165,-0.0006714568,0.0003877670,-0.0194092114,0.0329787953,-0.0143194637,0.0146059766,0.0142737568,-0.0093635164,-0.0351412115,0.0071524831,0.0103356557,-0.0009763733,0.0103125047,0.0086951958,0.0073923549,-0.0151427884,-0.0132251154,-0.0235455698,-0.0065650764,0.0120600561,-0.0023793730,-0.0127425812,-0.0237675526,0.0067849215,0.0024987004,0.0217669494,-0.0073708559,-0.0078924651,-0.0023146704,-0.0069547112,0.0143976410,-0.0004356748,0.0112252586,0.0267710714,-0.0161200870,0.0007987415,-0.0037956414,0.0046332123,0.0114730660,-0.0083055577,0.0055695859,-0.0077797649,-0.0140664128,0.0115336036,0.0285005955,-0.0064652842,-0.0003854511,-0.0225769710,-0.0240101330,-0.0024824907,-0.0080440364,-0.0108396189,0.0025464904,-0.0038529574,-0.0087835577,0.0072069119,0.0008504815,0.0080624018,-0.0155141830,0.0091131650,-0.0149105880,0.0004637553
20.0000000000,-0.0156624108,-0.0115893532,0.0136672391,-0.0131050215,0.0262719254,0.0142260298,-0.0084671276,0.0161532065,0.0221837667,-0.0310379658,0.0088571812,0.0118339417,-0.0121631856,0.0047548772,0.0095605226,0.0175272137,-0.0241536848,-0.0180273481,-0.0152243217,-0.0019792894,0.0088674346,-0.0077832844,0.0053190797,-0.0233945486,0.0039326659,-0.0118657607,0.0337769858,-0.0156202733,0.0087167087,-0.0055248388,-0.0004510030,0.0267676935,-0.0016531934,0.0439898179,-0.0019894644,-0.0372502463,-0.0049094104,0.0015752790,-0.0369101908,0.0272301938,-0.0369654035,-0.0258650262,-0.0328008197,0.0045815449,0.0281458002,0.0428420326,-0.0200399241,-0.0057511261,-0.0462042647,-0.0217803085,-0.0108700570,0.0072695613,-0.0079190510,-0.0101741512,-0.0115207223,-0.0415873426,0.0179129673,-0.0152893674,0.0023693674,-0.0023234112,-0.0307340080,0.0024295555,0.0072753626
21.0000000000,0.0081204803,0.0020122277,-0.0113346668,-0.0112318580,0.0164966085,0.0195821503,0.0014327315,-0.0041546676,0.0197479985,-0.0088823494,0.0110200900,0.0089156922,0.0121155922,0.0139864732,0.0077204042,0.0174485958,0.0102156403,-0.0031890968,0.0006010879,0.0107064949,-0.0138949497,-0.0035260871,-0.0021198007,-0.0167749250,-0.0067734073,-0.0136006494,0.0128625373,0.0042452883,0.0007108441,-0.0026198778,0.0057615225,-0.0095781576,-0.0174519162,0.0180113977,0.0263334369,-0.0165525147,0.0185535313,-0.0045400537,0.0050002867,0.0113548880,-0.0091457253,-0.0124571067,-0.0089217536,-0.0050154430,0.0181987060,0.0262425059,-0.0064814647,0.0202259339,-0.0069500628,-0.0027147413,0.0039097639,-0.0075643996,-0.0189132073,0.0062731483,-0.0018865341,-0.0207896555,0.0124279412,0.0059515051,0.0007594037,0.0297141573,-0.0257871620,0.0023608767,-0.0196947863
22.0000000000,0.0117847606,0.0301566294,0.0269025540,-0.0108365630,0.0142202729,-0.0038328148,0.0000972400,0.0042539530,-0.0182547413,-0.0310490221,-0.0059056524,0.0165192767,-0.0008350251,0.0251572448,-0.0083244742,0.0120985926,-0.0299615078,0.0052383000,-0.0311939663,-0.0028780686,0.0079452867,0.0034401286,0.0064888953,-0.0126233410,-0.0288599212,-0.0106647498,0.0080095089,-0.0104547125,0.0027242062,0.0119900660,0.0178106791,0.0131900680,-0.0046086516,0.0124260224,0.0105046376,-0.0288030660,-0.0130212250,-0.0246745221,-0.0041696523,-0.0074587544,0.0029706156,0.0009382771,-0.0169356556,-0.0153607904,0.0256630941,0.0373032460,0.0036819745,-0.0076260237,-0.0288624421,0.0032094246,-0.0320009776,0.0105753068,-0.0222384923,0.0148422098,-0.0138236632,-0.0236693626,-0.0016196172,0.0023371726,-0.0043491856,0.0145442081,-0.0233569439,0.0138844043,0.0168143990
23.0000000000,0.0112722155,-0.0095456008,-0.0210384417,-0.0239735275,0.0372273964,-0.0147627855,-0.0217385219,-0.0013394029,0.0117555015,-0.0247099417,-0.0010454026,0.0245933791,-0.0122145709,0.0202809030,-0.0031502858,0.0015302991,-0.0139038200,-0.0188877925,-0.0173020824,-0.0048004217,0.0047832283,-0.0019404795,-0.0152774415,-0.0132435038,-0.0022234007,0.0002186679,-0.0050737311,-0.0195306934,-0.0023003832,-0.0067801980,0.0147758477,0.0382997824,-0.0032456780,0.0219953609,0.0292896037,-0.0382814533,0.0103767330,-0.0114912587,0.0141135928,0.0246228056,-0.0081281441,-0.0141300796,-0.0233751551,0.0048073880,0.0012741873,0.0110694402,-0.0128433101,-0.0095475440,-0.0195708126,-0.0274301974,-0.0021148084,-0.0017728277,-0.0294001877,-0.0178449250,-0.0008289152,-0.0277089156,0.0281852352,0.0064614113,0.0143028694,0.0123699674,0.0060478461,-0.0011208346,-0.0056446492
24.0000000000,0.0012738504,0.0055693158,0.0081616043,0.0052517619,0.0224540783,0.0134935001,0.0156918667,-0.0020357801,0.0218076350,-0.0365562848,0.0175913506,0.0174704106,0.0005003208,0.0122748211,0.0022537802,-0.0075209912,-0.0112005433,0.0147188075,-0.0027460732,0.0093526378,0.0102065655,-0.0067502323,-0.0200782175,-0.0245657083,-0.0006871786,-0.0181712290,0.0196668688,-0.0103516831,-0.0044396290,-0.0007109006,0.0115256354,0.0122797447,-0.0008123727,0.0250718026,0.0082308266,-0.0338480950,-0.0039242422,-0.0025072200,-0.0075698386,0.0036160684,-0.0356068078,-0.0179535494,-0.0255393466,-0.0131457085,0.0118613577,0.0374008415,0.0014298557,0.0062890023,-0.0198035442,-0.0132845647,-0.0032745373,0.0061324972,-0.0192132649,0.0050770939,0.0020534035,-0.0018598731,0.0082111910,0.0097101883,0.0180507121,0.0137500313,-0.0185609204,-0.0094279131,-0.0113520412
25.0000000000,0.0018215238,0.0009151578,0.0059285393,0.0050370725,0.0291930883,-0.0015572507,0.0139827568,0.0171415691,-0.0282452588,-0.0175671061,0.0183086943,0.0030284037,0.0176084951,0.0202027877,0.0000606609,0.0042154219,0.0163704691,-0.0166854329,-0.0196917502,-0.0023903113,0.0343530326,0.0087348773,-0.0191950183,-0.0121062352,-0.0026004863,-0.0143325780,0.0085223166,0.0041911700,-0.0011575007,0.0044366530,0.0403271155,-0.0083437314,-0.0080388523,0.0288605320,0.0212581326,-0.0180314716,0.0038545279,0.0163819946,0.0249050246,0.0044248413,-0.0058295106,-0.0206820236,-0.0353579278,-0.0164172762,0.0152109256,0.0303095605,-0.0067998642,0.0126133204,-0.0172223764,-0.0213378333,-0.0024482444,0.0178627566,-0.0142649826,0.0097403058,-0.0164767654,-0.0053908820,0.0248517652,-0.0061295469,0.0115144370,0.0156760148,-0.0140398815,0.0123782562,0.0049363324
26.0000000000,0.0250239388,-0.0301953376,0.0045613569,-0.0020991274,-0.0061354505,0.0012110106,0.0192516905,-0.0124324696,0.0127536257,-0.0148832482,0.0049380011,-0.0073166620,-0.0062378562,0.0051759401,-0.0121494571,-0.0086644729,-0.0144226614,-0.0170750796,-0.0098479563,0.0063144045,0.0072053647,-0.0178154140,-0.0025658823,0.0089068466,0.0078455968,-0.0033000446,-0.0117283595,-0.0055570961,0.0150269081,-0.0166868665,-0.0094420602,-0.0041904708,0.0027184061,0.0202708812,0.0176102532,-0.0149551422,-0.0054450086,0.0007235825,-0.0033809777,0.0090299154,-0.0081417396,-0.0233318347,0.0033652658,-0.0103875744,0.0179948722,0.0266363130,0.0162490662,0.0179276136,0.0072356626,-0.0235394781,-0.0138938908,-0.0101155056,-0.0374629331,-0.0076527780,-0.0165344577,-0.0144281328,0.0105214300,0.0134825699,-0.0093130335,0.0156504184,0.0071002555,0.0135654933,0.0217383106
27.0000000000,0.0202053705,0.0139333444,0.0250825583,0.0104981795,0.0233903857,0.0181277796,0.0165631946,-0.0157161326,0.0164636902,-0.0026895021,-0.0093501870,0.0023006896,0.0041037258,0.0082311000,0.0023145068,-0.0034360575,-0.0000480649,0.0117706710,-0.0038570386,-0.0038026645,0.0097811218,-0.0279429415,0.0018731941,0.0004564417,-0.0043313107,-0.0014548716,0.0288843458,0.0068017507,-0.0094726782,0.0113554942,-0.0024075907,0.0366737298,-0.0052803409,0.0117283602,0.0196173376,-0.0112575270,0.0105094712,-0.0246917616,-0.0071628448,0.0088377643,-0.0289830875,-0.0065971873,0.0040552527,0.0003956466,0.0066864566,0.0138977749,-0.0117102015,0.0169834814,-0.0041416900,-0.0200563293,-0.0100879346,-0.0235124428,-0.0060109185,0.0151074252,-0.0021782846,0.0053301319,-0.0076069991,0.0083939423,-0.0005879037,0.0063888786,-0.0128009754,-0.0088817209,0.0007196836
28.0000000000,0.0110835740,0.0242949942,0.0267421400,-0.0154785347,0.0323305610,0.0067773038,-0.0120018279,0.0021033365,-0.0175478241,-0.0207991558,0.0254178135,-0.0062556378,-0.0058964748,0.0109458474,-0.0117913636,0.0292320020,-0.0031441641,-0.0186823917,-0.0136747808,-0.0067961397,-0.0045144454,0.0068870293,-0.0240379160,0.0051675682,0.0013820452,-0.0149687930,0.0221013425,0.0001346240,0.0153589631,-0.0138396458,0.0102475345,0.0060860556,-0.0268210224,-0.0010005454,0.0036184888,-0.0274022381,-0.0268819843,-0.0041733302,-0.0010094828,0.0146083574,-0.0223006049,-0.0224379371,-0.0366120588,0.0149597098,-0.0135382350,0.0246184013,0.0000031817,-0.0158103868,0.0109606632,0.0033621486,0.0141841477,0.0240180500,-0.0138784826,0.0087701161,0.0088674350,-0.0320230733,0.0263517597,-0.0131213930,0.0108458131,0.0050571265,0.0036854000,0.0069144722,-0.0041132533
29.0000000000,0.0055312234,-0.0065476199,0.0165788566,-0.0037139978,0.0151039257,-0.0065563609,0.0150881328,0.0113811328,0.0093525467,-0.0065924813,0.0010912594,0.0013518330,0.0037815752,-0.0006172543,0.0048761187,-0.0025242261,0.0031790935,-0.0083771664,0.0061672446,0.0038945546,0.0025671504,0.0093422900,-0.0070674410,-0.0025031423,0.0073331512,0.0022260445,0.0185062439,-0.0144126989,-0.0031183490,-0.0138032660,0.0097703410,0.0304200282,-0.0048922189,0.0323031591,0.0172380772,-0.0321799748,0.0014268090,-0.0012598275,-0.0024744000,0.0385709653,-0.0230892101,-0.0215157946,-0.0058721041,0.0040844555,0.0148283018,0.0348696278,-0.0142410176,-0.0072595984,-0.0272346296,0.0101475118,0.0026596258,0.0165384142,-0.0101344626,0.0213333253,-0.0189846190,-0.0213558449,0.0157405119,0.0262172210,0.0053543664,0.0053425269,-0.0019272918,0.0115746239,0.0118422501
30.0000000000,0.0227021450,0.0013464181,0.0249419135,-0.0066328615,0.0180424201,0.0000104539,-0.0243212119,-0.0057242195,0.0127565649,-0.0176513548,0.0021808051,0.0064612758,0.0036194961,-0.0006406761,0.0008351612,0.0011747978,-0.0064995987,0.0052756390,-0.0075409075,-0.0064663883,-0.0184100266,0.0094520195,0.0138011616,-0.0229520271,0.0047834574,-0.0091680801,0.0208149409,-0.0305475719,0.0083353322,-0.0090699222,0.0130040229,0.0239976223,-0.0103659276,0.0231033100,-0.0010897385,-0.0411890855,-0.0040575478,0.0037819481,0.0078990491,0.0194629065,-0.0187678757,-0.0121552668,0.0012361296,0.0007862605,0.0290671511,0.0224820073,-0.0003892310,-0.0192204357,-0.0223848255,0.0047206405,-0.0038364796,0.0101930391,0.0037028033,0.0032718447,-0.0098769334,-0.0091355906,0.0075977913,-0.0065341502,0.0022995598,0.0297091479,-0.0233943438,0.0117529580,0.0051797820
31.0000000000,0.0172484885,0.0053142404,0.0063235506,-0.0244472851,0.0132481470,0.0148269706,-0.0106932649,0.0206970608,-0.0014298891,-0.0254159192,0.0091691824,0.0239449286,0.0342594396,-0.0009458626,0.0011518031,0.0131474637,-0.0244922515,0.0004415440,-0.0144016656,-0.0052088433,0.0033083177,0.0058621651,-0.0049670840,-0.0179946048,-0.0057240257,-0.0119879299,0.0361696349,0.0008432496,0.0054139325,-0.0005282072,0.0281398889,0.0225670038,0.0044930134,0.0059632152,0.0123343486,-0.0221882546,-0.0124301830,0.0067160081,0.0021770004,0.0119932616,-0.0428803537,-0.0202718806,-0.0349801175,0.0014436691,0.0163170154,0.0259391643,-0.0003435863,0.0056354742,-0.0273275126,0.0110677150,-0.0082278468,0.0049372278,-0.0023577172,-0.0160429699,-0.0041665326,-0.0311198555,0.0201275802,-0.0229486665,-0.0016807746,0.0243289246,0.0035632438,-0.0020140523,0.0060159417
32.0000000000,0.0082143383,-0.0036123701,-0.0066657318,-0.0091718798,-0.0029151829,0.0184463724,-0.0301310844,-0.0028679124,-0.0120277844,-0.0316245879,-0.0069713029,0.0228163243,0.0027799932,0.0316512137,-0.0218413058,-0.0076407367,-0.0199495220,-0.0126591596,-0.0178508031,0.0026924694,-0.0053849849,-0.0222312495,-0.0178335951,-0.0038124949,0.0148111415,0.0002344273,-0.0121791096,0.0003098567,0.0121179020,-0.0013246859,0.0049063406,0.0273280951,-0.0047725917,0.0282066299,0.0002280909,-0.0176417720,-0.0136181986,-0.0093604229,-0.0128557953,-0.0010961329,-0.0235852148,0.0213142661,-0.0093807002,-0.0161073111,-0.0046487023,-0.0023962078,-0.0001624431,0.0240061182,-0.0118512887,0.0009067611,-0.0074017479,-0.0094153994,-0.0074643105,0.0035186848,0.0058203191,-0.0049084989,-0.0067042756,0.0039241433,0.0231504639,0.0073798125,-0.0144088645,-0.0197436131,0.0074154760
33.0000000000,0.0178338604,-0.0053520209,-0.0106457752,-0.0219705130,0.0330488349,-0.0065847170,0.0226253229,0.0017523107,-0.0221731386,-0.0379243092,0.0173924341,0.0191354219,0.0222709194,0.0090692341,-0.0000487751,-0.0001025754,-0.0073267589,-0.0119698598,-0.0139155130,-0.0018229851,0.0227999643,-0.0063999322,0.0137712098,-0.0151388352,-0.0134039177,0.0167533140,0.0171358552,-0.0040023134,0.0177198246,0.0113127087,-0.0008729158,0.0254374446,0.0005378635,0.0129990073,-0.0050735213,-0.0067825254,-0.0037691632,-0.0278838983,0.0029633207,0.0012478677,0.0010486177,-0.0050940518,0.0009626683,-0.0151390664,0.0026698224,0.0180304603,-0.0128259518,-0.0161149785,0.0129616868,-0.0005771388,0.0061770955,0.0215719360,0.0116040083,-0.0082559734,-0.0135417911,0.0003881289,0.0259818744,-0.0127881596,0.0042528197,0.0166580346,-0.0051468463,-0.0066107235,0.0301063911
34.0000000000,0.0073810339,-0.0013597096,-0.0256402681,-0.0182239185,0.0148732782,0.0119478923,0.0003091489,-0.0074450749,0.0019082216,-0.0086171817,0.0133252976,0.0071190186,0.0034067130,0.0208642604,-0.0003923505,0.0008055800,-0.0159760075,0.0039377631,-0.0079901145,-0.0031986937,0.0100748252,-0.0004373376,-0.0238259996,-0.0069713823,-0.0013122168,-0.0105173596,-0.0069717668,0.0019881285,-0.0314701349,0.0092630591,0.0176389399,0.0164116161,-0.0009001856,0.0103527512,0.0158039937,-0.0032330361,-0.0092906775,-0.0142436025,0.0105846222,0.0120077796,-0.0044449356,-0.0093040677,0.0065443895,0.0107501356,0.0101089564,0.0006182141,-0.0047006763,-0.0038392056,-0.0056228831,-0.0285276165,0.0202647420,-0.0028373053,-0.0032149066,-0.0154520840,-0.0023584034,-0.0062736421,0.0003657732,0.0068267634,0.0072663809,-0.0066810825,-0.0223787587,-0.0139765353,-0.0028646636
35.0000000000,-0.0072930677,-0.0086670909,0.0136555852,-0.0090036815,0.0090523771,0.0114281596,0.0045083802,0.0028600128,-0.0074475598,-0.0301707689,0.0159244964,-0.0001004892,0.0071292342,-0.0010217981,-0.0141029462,0.0032929883,-0.0172048864,-0.0190834098,-0.0187513207,0.0022610456,0.0148450828,-0.0115934478,-0.0062477119,-0.0110149052,-0.0037702695,0.0000631708,0.0055748515,-0.0078288227,0.0127273917,-0.0224613198,0.0106107378,0.0257724153,-0.0016779023,0.0108487795,0.0040792134,-0.0053257243,-0.0015791599,0.0115484719,-0.0096933809,0.0205913958,-0.0297741753,-0.0131474619,-0.0167204317,-0.0094535561,0.0188723767,0.0095446451,-0.0120530753,0.0006013509,-0.0303961322,-0.0030243651,-0.0120311765,0.0154077145,0.0056435124,-0.0088337668,-0.0229460341,-0.0268606969,0.0041945935,0.0006262891,-0.0006714670,-0.0079542809,-0.0021296558,-0.0237625196,0.0215554043
36.0000000000,0.0142417587,0.0086678065,0.0032751451,0.0029989079,0.0081561158,-0.0024323117,-0.0074696199,0.0011870947,0.0051651456,-0.0107670660,0.0180385315,-0.0088904583,-0.0272822619,0.0060097466,-0.0043025679,0.0042412402,-0.0207258244,-0.0090370024,-0.0526020479,0.0093701657,-0.0034556639,-0.0183220320,-0.0076566992,-0.0162457381,0.0062388319,0.0206075913,0.0264406420,-0.0185188760,0.0146849501,-0.0125808257,0.0031115921,0.0108545820,-0.0002760676,0.0163381334,0.0134137923,-0.0245106645,-0.0053068483,-0.0173193849,-0.0029398181,0.0150432198,-0.0141837495,0.0004784834,-0.0103026002,0.0049818628,0.0003754957,0.0319798811,0.0109542787,-0.0058393892,-0.0146224459,-0.0048958285,0.0018803452,0.0008510325,-0.0134134962,-0.0086351252,-0.0089398369,-0.0331959839,0.0142451539,0.0040847656,0.0050154847,0.0076787068,-0.0109947807,0.0011556790,0.0029439840
37.0000000000,0.0044913568,0.0348346081,0.0155480864,-0.0044742107,-0.0070701321,-0.0091333483,-0.0262636801,-0.0083541079,-0.0264636914,-0.0187022137,0.0044965676,0.0161787045,0.0151240561,0.0009853479,-0.0012530925,0.0075868302,-0.0172389740,0.0151967222,-0.0050399427,0.0100785749,0.0060480959,-0.0176175829,-0.0260819609,-0.0224700788,-0.0207560404,0.0090776011,0.0145672752,-0.0247406551,0.0017322068,0.0079101245,0.0206742272,-0.0037946728,-0.0095167917,-0.0029509816,0.0220228086,-0.0256880266,0.0093463380,0.0162173123,-0.0029909014,0.0284582659,-0.0353178117,-0.0263593953,-0.0164010831,-0.0042665492,0.0160193618,-0.0165654830,0.0068750180,-0.0106844750,-0.0097758815,-0.0048470512,0.0022268215,-0.0000409870,0.0038118575,0.0010549564,-0.0051371525,-0.0206324078,0.0259842051,0.0044015471,0.0159058565,-0.0064035763,-0.0087402787,0.0153971189,0.0085019088
38.0000000000,0.0166705013,-0.0343281337,0.0031169855,-0.0085783999,0.0319299821,0.0105282380,-0.0006182775,0.0097412997,0.0054206051,-0.0193133477,0.0076496391,-0.0002897050,-0.0046726648,-0.0197962179,-0.0046694518,0.0045759508,0.0012181006,-0.0212825013,0.0052482519,-0.0045595854,0.0095080000,0.0102357250,-0.0305322562,0.0073133861,0.0010793764,-0.0098686979,0.0183268817,0.0040078228,0.0116373528,-0.0223087148,0.0138026679,0.0157347710,0.0038354058,0.0347860044,0.0362929087,-0.0230818181,0.0132525802,0.0164693277,-0.0202113356,0.0314975842,-0.0069110074,-0.0383546485,-0.0010462623,0.0125627747,0.0115853147,0.0227670593,-0.0125346607,-0.0164516989,-0.0060487502,-0.0006782912,0.0043399291,0.0035974338,-0.0302660268,0.0029981146,-0.0009829382,-0.0223050264,0.0001079076,-0.0121093423,0.0059244577,0.0018783743,-0.0168654718,0.0235969770,0.0096921788
39.0000000000,-0.0073487817,0.0061984213,0.0159524741,-0.0191960290,0.0242679605,-0.0134769965,0.0001186162,-0.0149652356,-0.0215852426,-0.0248120964,0.0190295898,0.0026588390,0.0155537298,0.0113277044,-0.0160802278,0.0150773497,-0.0115792061,0.0068286943,-0.0094964846,-0.0251059248,-0.0094775127,-0.0084006318,0.0020494485,-0.0033449928,-0.0062891802,-0.0340233416,0.0262864013,-0.0202225591,-0.0010888407,-0.0110783783,0.0069010374,0.0301747235,-0.0200613511,0.0251110262,0.0169158514,-0.0523890725,-0.0120558150,-0.0181734534,-0.0012356284,0.0227006372,-0.0181551582,-0.0194748230,-0.0235166154,0.0182135729,0.0170871990,0.0470176920,-0.0161188095,-0.0072766886,-0.0518142411,-0.0269129677,0.0003176663,0.0248883933,-0.0016159402,0.0028746043,0.0122070187,-0.0320251164,0.0179349176,-0.0074477342,0.0307381404,0.0022154810,-0.0194453650,0.0186290135,-0.0005258866
40.0000000000,0.0147291170,0.0085688430,-0.0210390225,-0.0038050542,0.0009400794,-0.0048901889,0.0213120361,0.0088242377,0.0044479585,-0.0131850119,0.0132601208,-0.0102922524,-0.0136189939,0.0127992601,-0.0137886456,0.0167362134,-0.0055710791,0.0000417435,-0.0023662213,0.0027838401,0.0197059947,0.0026587787,-0.0001884925,-0.0266169347,0.0131476099,-0.0078021998,0.0309730038,-0.0076709705,0.0221076883,-0.0100427487,0.0067712666,0.0227262257,-0.0147829122,0.0185944583,0.0247238209,-0.0170530452,-0.0042136184,-0.0007117698,-0.0066860671,0.0153228071,-0.0212519512,-0.0070990157,-0.0387579088,-0.0094738036,0.0045731354,0.0023008049,-0.0240097247,0.0061740910,-0.0411454299,0.0018942571,-0.0034661426,0.0140655255,-0.0110401014,0.0046279375,-0.0040171613,-0.0039040411,0.0027696299,0.0081998231,0.0067714447,-0.0031907847,-0.0096091531,-0.0095182691,-0.0285785077
41.0000000000,0.0410037767,0.0147343260,0.0139083313,-0.0223273519,-0.0044576467,-0.0024216914,0.0230520874,0.0238054287,0.0092250245,-0.0403646732,0.0152082619,0.0263101033,0.0001912785,0.0116537725,0.0041188461,0.0257493601,-0.0108260339,0.0011173944,-0.0188196553,0.0122185788,0.0076196093,-0.0056073583,-0.0026090534,-0.0385596818,-0.0025691452,-0.0050718068,0.0221520840,0.0005233429,0.0043584298,-0.0191282964,0.0217050093,0.0085664463,-0.0096506726,0.0178745258,0.0103245005,-0.0400936551,0.0111353253,-0.0000580790,0.0148900685,0.0213164306,-0.0265178296,-0.0089003470,-0.0128582500,0.0134026128,0.0118270630,0.0173082837,-0.0064543377,-0.0081192888,-0.0186767751,-0.0179937593,-0.0113631301,0.0245645037,-0.0283919704,0.0187764520,0.0062139876,-0.0333721517,0.0369205401,0.0071243568,0.0252647374,0.0076030210,-0.0096914361,-0.0072598724,-0.0067405916
42.0000000000,0.0106799943,0.0142969826,-0.0038692785,-0.0127966303,0.0093575547,0.0121959822,-0.0024129181,0.0042285458,0.0085494962,-0.0032011149,0.0138595305,0.0204181230,-0.0136726160,-0.0086185108,-0.0013344169,-0.0101462777,-0.0064725856,-0.0064521939,-0.0009977097,-0.0014862859,-0.0131065797,0.0057387014,0.0030168978,-0.0058899700,-0.0191577268,-0.0129248455,0.0060764064,0.0031295665,0.0105103060,-0.0179453352,0.0121857959,-0.0014107310,0.0198308259,0.0290202907,0.0064354264,-0.0165869197,0.0073514197,0.0059006751,-0.0158447912,0.0030734480,0.0014443189,-0.0024566876,-0.0212611930,-0.0136547149,0.0049723409,0.0061618484,0.0024459035,-0.0236855521,-0.0166803342,0.0009872635,0.0053971024,-0.0071579006,0.0047753506,0.0069227271,-0.0140703207,-0.0053857075,0.0208567100,0.0014180717,0.0106518752,0.0202178677,-0.0150676097,0.0202665639,0.0036817236
43.0000000000,0.0188569562,0.0268038624,0.0178300432,-0.0180382276,0.0332716273,0.0058467362,0.0027362890,-0.0066854069,0.0020614321,-0.0490808395,0.0196518442,0.0262018059,-0.0057899498,0.0072398919,0.0134047682,0.0116813806,-0.0196950637,0.0066930284,-0.0346682007,0.0004202179,-0.0024104053,-0.0033679776,0.0038104787,-0.0225979393,0.0005339655,-0.0297327837,0.0155465876,-0.0068259045,-0.0074021711,-0.0037187496,0.0128141618,0.0044802629,-0.0015528473,0.0250584798,0.0133491170,-0.0329580999,-0.0144013923,0.0015587957,-0.0241360531,0.0141989581,-0.0285006494,-0.0165217004,-0.0285883118,-0.0026891395,0.0209103279,0.0286020939,0.0034496860,0.0031414792,-0.0079456958,-0.0281802462,-0.0183898159,0.0078353380,-0.0022973072,0.0128093758,0.0044630353,-0.0318543855,0.0123741851,-0.0145699655,0.0086840848,0.0146403347,-0.0199100967,0.0042720247,0.0005603689
44.0000000000,0.0290053966,-0.0108239358,0.0152376457,-0.0203797536,0.0344270229,0.0060494456,0.0092954208,0.0154547802,-0.0005327596,-0.0160347209,0.0266451898,0.0469022691,-0.0049889542,0.0063027121,-0.0189296105,0.0341738600,0.0059894819,-0.0182595402,-0.0151675022,-0.0184378343,0.0133253211,-0.0359239043,-0.0062012201,-0.0101464399,-0.0043887178,-0.0014416419,0.0090866511,-0.0033630707,0.0073257403,0.0091407673,0.0405715365,0.0213884051,-0.0073739560,0.0280000077,0.0159969289,-0.0263383854,-0.0066025292,0.0112745946,0.0062465076,0.0120751020,-0.0369434321,-0.0397223063,-0.0273797223,-0.0144932673,0.0282958321,0.0400059919,-0.0165974968,-0.0098608839,-0.0230445741,-0.0167169329,-0.0067655907,0.0113386663,-0.0275888229,0.0135538475,-0.0347736288,-0.0285850201,0.0117336556,0.0019118712,0.0041446420,0.0176343767,-0.0102774136,0.0025498707,0.0359843770
45.0000000000,0.0225097512,0.0186809240,0.0107335351,-0.0185056981,0.0198382778,-0.0030275795,0.0112523120,-0.0058720826,-0.0095454262,-0.0066753553,0.0292413713,0.0057433929,0.0062439621,0.0077939413,-0.0012327802,0.0084640506,0.0063369938,0.0118896661,0.0053922349,-0.0028160991,0.0073963248,-0.0067102700,-0.0005305182,0.0081876870,0.0249714375,0.0086942981,0.0086672489,0.0218561449,-0.0050796401,0.0219502646,-0.0060525780,0.0101511188,-0.0065981307,-0.0120198350,0.0116072146,-0.0019277146,-0.0119620314,-0.0356641147,0.0048425406,-0.0046016877,-0.0337446804,0.0033732490,-0.0225625175,-0.0151610428,0.0016422955,0.0176866757,-0.0155003714,0.0140243827,0.0006119935,-0.0052390355,-0.0132572221,-0.0138495555,-0.0052862257,0.0035940133,-0.0061587146,-0.0273695345,0.0097084506,0.0017255218,-0.0045676980,-0.0077985722,0.0074254437,-0.0071727135,0.0086432364
46.0000000000,0.0056514652,-0.0046246753,-0.0008901072,0.0092351798,0.0062290095,0.0014242444,0.0224414481,0.0057378362,-0.0033642573,-0.0153656506,0.0193545751,0.0100449789,0.0018390787,-0.0100707851,-0.0010446138,0.0121004906,-0.0264223874,0.0003008531,-0.0070047265,0.0009522993,-0.0037743436,-0.0064334808,-0.0170022946,0.0020167996,-0.0012683449,-0.0005054707,0.0157265110,-0.0124211446,0.0024843722,0.0030507354,-0.0011721914,0.0259590619,-0.0116999843,0.0307644927,-0.0017409563,-0.0200205902,-0.0003449262,0.0087374784,0.0021310108,0.0073390438,0.0030909123,0.0028075883,-0.0143728785,0.0026574938,0.0057146721,0.0010813279,0.0050644339,-0.0048790515,-0.0333229975,-0.0130000466,-0.0009115167,0.0071961821,-0.0097541555,0.0098611163,-0.0045296835,-0.0142232215,0.0320657704,0.0009723940,-0.0126812785,-0.0075568832,0.0050928790,0.0265443245,0.0110662631
47.0000000000,-0.0033674483,0.0132352862,-0.0074906895,-0.0186632256,0.0197555867,-0.0093479266,0.0082451701,0.0156544325,-0.0042007282,-0.0281753123,0.0201442526,0.0081454200,-0.0007174906,0.0270648928,-0.0256055888,0.0218321429,-0.0424428670,-0.0024962431,-0.0174000975,-0.0136559997,0.0209904641,-0.0147867833,0.0010702760,-0.0204126003,0.0125687433,-0.0163070485,0.0343333188,0.0226333127,0.0309835207,-0.0111884665,-0.0068321365,0.0159807728,-0.0232762067,0.0339142229,0.0204106850,-0.0296093172,-0.0033001429,-0.0227191200,-0.0013804463,0.0065075809,-0.0312596163,-0.0122340721,-0.0297926605,0.0024217037,0.0231644213,0.0241361372,0.0044107988,-0.0060000524,-0.0243316918,-0.0139688757,-0.0080720817,0.0083263161,-0.0000229925,-0.0122579036,0.0068419080,-0.0312996948,0.0215541882,-0.0133185441,0.0162554246,-0.0066208502,-0.0381630716,-0.0026486301,0.0044607139
48.0000000000,0.0028806450,-0.0014458773,0.0034523665,-0.0178172568,0.0141235149,-0.0081365285,0.0090696694,0.0158406727,-0.0023398787,-0.0112207457,-0.0026825417,0.0125649164,0.0009740670,0.0131825632,-0.0019192115,0.0030393743,0.0016198340,-0.0185604313,-0.0160544437,-0.0013032160,0.0093249586,0.0005346672,0.0061534020,-0.0058392550,-0.0257095458,-0.0303313138,0.0033988184,-0.0264682379,-0.0044805707,-0.0030164909,-0.0004698997,0.0219294201,-0.0277174064,0.0087618448,0.0155702206,-0.0143693747,0.0022939998,-0.0076409649,-0.0007975185,0.0027479711,-0.0326337317,-0.0049024930,-0.0231204106,-0.0244745993,0.0273023807,0.0257105111,-0.0170887667,0.0198961882,-0.0296486399,-0.0194182646,0.0248823712,0.0277293898,-0.0137526292,-0.0215214535,0.0147557798,-0.0318482808,0.0110526437,-0.0064421708,-0.0024983434,0.0173835322,-0.0091460641,0.0093707109,0.0045902384
49.0000000000,0.0150598595,0.0040085117,0.0092254226,-0.0032070874,0.0300369475,-0.0081533753,0.0086304812,0.0106599858,-0.0057962880,-0.0310277854,0.0236068454,0.0066597874,-0.0155856778,0.0080436636,-0.0081064077,0.0276563596,-0.0257772229,-0.0193965521,-0.0122159288,-0.0175131147,0.0099692503,-0.0024359316,-0.0115674103,-0.0189005898,0.0037795608,-0.0235099875,0.0125463586,0.0145231353,0.0019912189,-0.0075151569,0.0041745899,0.0278881927,-0.0256225939,0.0106432034,0.0172821380,-0.0394555368,0.0320775075,-0.0079233628,0.0246640784,0.0095773787,-0.0166342337,-0.0176381636,-0.0186594527,-0.0024665568,0.0311150561,0.0232910000,-0.0040399027,0.0097233550,-0.0101075578,0.0049089918,0.0138155641,-0.0006903151,0.0027023719,0.0012445766,-0.0080793155,-0.0389548524,-0.0082103603,0.0096500363,-0.0157779832,0.0150849883,-0.0239738846,0.0055547159,0.0146203691
50.0000000000,0.0189987247,-0.0171441750,-0.0016796961,-0.0071908807,0.0088689734,-0.0139617459,0.0032237980,-0.0110012883,-0.0096827482,-0.0021532842,0.0028934495,0.0223823737,0.0108228558,0.0037311362,-0.0023382801,-0.0010787141,-0.0169722537,-0.0060788434,0.0102825766,-0.0109397473,0.0212774197,0.0005419079,-0.0044077142,-0.0099198828,0.0168178236,-0.0021041545,0.0204450442,-0.0212500914,0.0018563908,-0.0295163808,0.0100331832,0.0420448038,0.0002181922,0.0130099851,0.0156119614,-0.0081386240,0.0012406300,0.0271715774,-0.0069817012,-0.0156577998,-0.0314030363,-0.0109493766,-0.0077886572,0.0070294269,0.0212608322,0.0235706133,-0.0088955263,-0.0068517432,-0.0201143514,-0.0000782550,0.0077771565,0.0038874382,-0.0044536826,-0.0056899915,0.0073773474,-0.0179695128,0.0109803649,-0.0126714895,0.0232916840,0.0183117523,-0.0072044034,0.0025833052,0.0049303762
51.0000000000,0.0205738255,-0.0122250400,0.0053400026,0.0032964429,0.0036903552,0.0184989236,-0.0075220254,0.0134873226,-0.0032600924,-0.0384925127,0.0139040356,0.0167392238,0.0041187938,0.0201903981,-0.0076681368,0.0325433531,-0.0045178653,-0.0068959381,-0.0160289394,-0.0125507580,0.0017421468,0.0039279659,-0.0153369740,-0.0144151216,0.0134779760,-0.0038909393,0.0166277380,0.0007319634,-0.0077591635,0.0124216750,0.0206250465,0.0239699729,-0.0025916636,0.0262799566,0.0212365676,-0.0328240245,-0.0051837900,-0.0063461192,0.0207986191,-0.0108136946,-0.0150160666,-0.0135108179,-0.0357729435,0.0025131585,0.0114042757,0.0221168674,-0.0077749804,0.0103181710,-0.0271898259,-0.0266460534,-0.0136716517,0.0029007510,-0.0018655407,-0.0019544970,0.0233794156,-0.0108472118,0.0169515958,0.0090352198,0.0217864032,-0.0152878154,-0.0186949129,0.0008559475,0.0099945087
52.0000000000,0.0151454634,0.0053075968,0.0208757420,0.0058915756,0.0336283651,0.0031916897,0.0152473143,0.0226976369,-0.0164235902,-0.0406181631,-0.0000026505,0.0010973376,0.0113302524,0.0179240700,-0.0127657735,0.0073838202,-0.0151098056,0.0106970357,-0.0180628168,-0.0036116717,0.0011153660,-0.0141816802,-0.0118831542,-0.0071028927,0.0125774240,-0.0108684013,0.0312893541,-0.0277541564,-0.0314111180,-0.0167982964,0.0022330841,0.0009088545,-0.0191874829,0.0141453490,-0.0024585958,-0.0477737733,-0.0003282191,0.0046544263,-0.0043655291,0.0120254937,-0.0049205751,-0.0064592028,-0.0163514647,0.0085028329,0.0066187090,0.0321577377,0.0049708131,0.0032129719,-0.0127158995,-0.0220010506,-0.0012377936,0.0083947190,-0.0221404330,0.0040538018,-0.0037573531,-0.0397471388,-0.0081672211,-0.0017969999,0.0068016244,0.0033102328,-0.0210084895,0.0227778490,0.0207164833
53.0000000000,0.0027648339,0.0051492244,-0.0161886247,-0.0105995740,0.0363612730,-0.0164203805,-0.0075579511,-0.0011350669,-0.0035843256,-0.0357771596,-0.0003824713,0.0212442518,0.0108797344,0.0154645640,-0.0160804959,0.0123727500,-0.0112069658,-0.0048260819,-0.0298353601,-0.0113423027,0.0065180655,0.0155277418,-0.0141106822,-0.0281698882,-0.0258325293,-0.0031549894,0.0326252853,-0.0038849976,0.0048505139,0.0019840222,0.0144088492,0.0242693470,-0.0161415968,-0.0085067820,0.0072459326,-0.0230521072,-0.0011997107,0.0039821779,0.0054005369,0.0287968637,-0.0048757279,-0.0178921098,-0.0473261923,-0.0138385525,0.0179001124,0.0179459818,-0.0119993591,0.0028472350,-0.0573256888,-0.0088920564,0.0103363516,0.0064067047,-0.0144480855,-0.0039043085,0.0082000147,-0.0435664082,0.0074916091,-0.0089392748,0.0028577237,0.0120329498,-0.0246490376,0.0076338443,0.0140142277
54.0000000000,0.0031036501,-0.0164016304,0.0105635195,0.0037047418,-0.0048923957,0.0200647630,-0.0082266751,0.0119080872,0.0095746127,-0.0176173004,0.0296769287,0.0219763676,-0.0178765604,-0.0056594995,0.0042402258,0.0126052786,0.0067543023,-0.0050037628,-0.0021781693,-0.0021348926,0.0185287187,-0.0102916951,-0.0166558595,-0.0149608284,-0.0087743385,-0.0106517350,0.0403980655,-0.0107193244,0.0247148776,0.0001017918,-0.0064829032,0.0219787978,-0.0074205346,-0.0038035136,0.0101831648,-0.0265095624,0.0075280457,-0.0135046149,-0.0181992383,0.0013552049,-0.0093280044,-0.0022130104,-0.0269029452,-0.0193406558,0.0369315930,-0.0185162080,0.0007161189,0.0112389497,-0.0314680858,-0.0239678741,0.0242613734,0.0190123917,-0.0361235677,0.0165150573,-0.0160095361,-0.0265728159,0.0136574786,-0.0191250748,-0.0004738227,0.0230709854,0.0072914126,-0.0051739152,0.0078409950
55.0000000000,0.0047063698,0.0012418516,0.0193821210,0.0172358612,0.0319142566,0.0094715779,0.0101186293,0.0272191423,-0.0174784363,-0.0565988946,0.0185774821,0.0048840872,-0.0101482148,-0.0039585446,-0.0051960009,0.0109448071,-0.0176330123,-0.0072414855,-0.0232901168,-0.0006430796,-0.0031111321,-0.0040638253,0.0063624092,-0.0208028014,0.0022572627,-0.0129398033,0.0248199760,0.0104501003,0.0039607430,-0.0111546324,0.0129401105,0.0239607050,0.0022322084,0.0139219918,0.0108521372,-0.0348839988,0.0021450043,-0.0151627730,-0.0066871806,0.0155911519,-0.0169769540,-0.0104777144,-0.0228442960,-0.0047080158,0.0305550658,0.0184220481,-0.0029524923,-0.0106136778,-0.0391861489,0.0040838916,-0.0049278874,0.0048680631,-0.0003824323,0.0139868086,-0.0006211698,-0.0331862782,0.0345032956,0.0054202464,0.0230496733,0.0060008016,-0.0017678219,-0.0020110770,-0.0106378986
56.0000000000,-0.0149415927,0.0104193292,-0.0047096393,-0.0105293079,0.0072075093,-0.0012809618,-0.0015131134,0.0125524053,-0.0039799125,-0.0268512648,0.0123719730,0.0142760373,0.0064380058,-0.0035407381,-0.0056380764,-0.0042880313,0.0037921209,0.0000341714,-0.0045284545,-0.0099173591,-0.0109839286,0.0091362934,-0.0036518578,-0.0109736734,0.0107257090,-0.0224991593,0.0354925274,-0.0014493616,0.0193967645,0.0085121344,0.0319669218,0.0051799527,-0.0353770924,0.0246465927,0.0288316214,-0.0127063053,0.0160710203,0.0015957443,-0.0123576726,-0.0131473153,0.0007008735,-0.0367177069,-0.0280091769,-0.0048912832,0.0223003379,0.0104220709,0.0028218654,0.0306812238,-0.0291305718,-0.0172528208,0.0000522025,0.0011920727,-0.0161272253,-0.0005789965,0.0069301037,-0.0253021956,-0.0051061257,-0.0045657143,0.0041346319,-0.0135843103,0.0118063967,-0.0001503870,0.0016786376
57.0000000000,0.0079406700,-0.0118090354,0.0256862962,-0.0027922119,0.0107710064,0.0004905997,0.0154590274,0.0212450302,-0.0144089301,-0.0136046059,-0.0003275190,0.0059461745,-0.0008451566,0.0149427694,-0.0064212063,0.0119138901,-0.0015622000,-0.0042847111,-0.0007773964,0.0095467023,0.0215621034,-0.0128433049,0.0012224787,0.0067666322,-0.0048713271,-0.0147889718,0.0195187290,-0.0006479454,0.0291774244,-0.0024356876,-0.0017501421,-0.0065971592,-0.0101607328,0.0111018984,-0.0003137526,-0.0058281038,0.0116591871,-0.0055001761,-0.0041874748,0.0027041114,0.0065695773,-0.0095541071,-0.0074525012,0.0009665782,0.0089336130,0.0049030927,-0.0131053777,0.0073649164,-0.0306229092,-0.0152182973,0.0143382129,-0.0042711948,-0.0051689742,-0.0013688985,0.0120463746,-0.0199147809,-0.0041505880,-0.0038285649,-0.0026867074,0.0201494898,-0.0145674286,0.0004151581,0.0002513270
58.0000000000,-0.0019097235,0.0070432538,0.0101205689,-0.0236852172,0.0216433652,-0.0255526942,0.0155451817,0.0086553087,-0.0063000448,-0.0114960542,0.0291839385,0.0117822757,-0.0095542214,0.0090066656,-0.0022244632,0.0022833778,0.0047355237,0.0264091988,-0.0036553721,0.0192044441,-0.0018834977,-0.0255269376,-0.0236282698,-0.0187518120,0.0299763001,-0.0107446911,0.0156667103,-0.0144410678,-0.0048593066,-0.0010864798,0.0030244217,-0.0164043870,-0.0068647404,0.0135158656,-0.0034441209,-0.0043646735,-0.0000620118,0.0031614704,-0.0249640983,0.0031463408,-0.0231718711,-0.0202264758,-0.0099532351,0.0119486328,0.0305890039,0.0040814589,-0.0007246567,0.0043360140,-0.0035473405,-0.0026386081,-0.0101145662,0.0167716922,0.0054519883,0.0096355143,-0.0034236840,-0.0328199529,0.0113009413,-0.0138051372,0.0174766103,0.0023095373,-0.0059346839,0.0088389449,-0.0171232092
59.0000000000,0.0143149087,-0.0127786354,0.0338736650,-0.0203415050,0.0077117716,-0.0004499889,0.0222802243,-0.0057629855,-0.0099819193,-0.0334415227,0.0197456515,0.0102534923,-0.0036901472,0.0041190821,-0.0175677050,0.0284858994,0.0028871477,-0.0029592968,0.0248740388,0.0129923421,-0.0038967215,0.0118729617,-0.0112901941,-0.0305165788,0.0236193961,-0.0069013967,0.0159269968,-0.0106863489,-0.0060998227,-0.0010594309,0.0320384889,0.0323249057,-0.0026825027,0.0200733549,0.0005124548,-0.0239595267,-0.0038307661,-0.0309881394,-0.0066469916,0.0099535203,-0.0188960133,-0.0295437619,-0.0123719916,-0.0020191462,0.0256747710,0.0213837612,-0.0173196996,-0.0193390296,-0.0275900845,-0.0038116638,0.0070464193,-0.0063515313,0.0044198163,0.0016853461,-0.0079376088,-0.0168810852,0.0124820549,-0.0091150424,0.0164303602,0.0236642992,-0.0033989835,0.0114864606,-0.0326403498
60.0000000000,0.0116598202,0.0164928784,0.0110038735,-0.0118408025,0.0276209445,-0.0099400286,-0.0021786814,0.0149523722,0.0226535008,-0.0197707525,0.0008234310,-0.0058265116,0.0087370440,0.0052513705,-0.0216060552,0.0300005626,-0.0158671077,-0.0204485650,-0.0326266879,0.0160799221,-0.0142255999,0.0061190609,-0.0107158941,-0.0253032922,-0.0050650915,0.0060709291,-0.0006238345,-0.0025866286,0.0038196702,-0.0006538788,0.0096634794,0.0106472134,-0.0135984360,0.0227189538,0.0001540049,-0.0091102196,0.0013120095,0.0232483228,-0.0006986127,0.0137010591,-0.0290680323,0.0006856325,-0.0156107267,-0.0009208916,0.0040245868,0.0216031574,-0.0133950018,-0.0046186696,-0.0184814470,0.0069010747,-0.0104875746,-0.0006534624,-0.0016532719,0.0142735240,0.0292975940,-0.0064057753,0.0121358860,0.0017415536,-0.0068872675,0.0098937318,-0.0106535897,-0.0112089318,0.0035140644
61.0000000000,-0.0093138708,-0.0030863268,0.0070027439,0.0133233710,0.0365544092,0.0100497765,0.0071310807,0.0129047288,-0.0066599270,-0.0269963998,0.0132382448,0.0199554863,0.0092111453,-0.0043294228,-0.0006238777,-0.0085160547,-0.0075346574,0.0058102178,-0.0231786297,-0.0051054996,0.0203289001,-0.0045855433,-0.0204600445,-0.0028225865,0.0159192705,-0.0103419597,0.0399277356,-0.0001884626,-0.0133374501,-0.0205184444,0.0286910296,0.0159709768,0.0076520000,0.0238737146,0.0307977123,-0.0146872642,-0.0093098729,0.0103484958,-0.0094572705,0.0148305951,-0.0117693077,0.0090821116,-0.0194999494,-0.0134055143,0.0243484803,0.0198210297,-0.0197762773,-0.0044246109,-0.0272618693,-0.0115478035,0.0175331089,0.0111305694,-0.0192105637,0.0056592123,0.0004437263,-0.0127813954,0.0090795980,0.0060876627,0.0130123308,0.0062486019,-0.0301784577,0.0198671283,0.0058438789
62.0000000000,0.0306752318,-0.0036670723,0.0032483111,0.0013392525,0.0232102334,0.0078598893,0.0185739213,0.0107986856,-0.0220334066,-0.0398721709,0.0250946895,0.0283554607,-0.0074384047,-0.0088659958,-0.0095847985,-0.0016813953,0.0102827650,-0.0020685850,-0.0256971781,0.0150020887,0.0127744617,-0.0020749737,-0.0084380430,-0.0038256598,0.0246680552,0.0032756330,0.0221904452,0.0034195528,-0.0026294709,-0.0158617550,0.0251790420,0.0186061689,-0.0027792425,0.0264994985,0.0058166690,-0.0161983621,0.0254095401,-0.0020926574,0.0274916227,0.0065486682,-0.0514814132,-0.0198136833,-0.0125154281,0.0003867626,0.0229376263,0.0223538592,-0.0285390669,0.0087847218,-0.0217184198,-0.0033655750,0.0067689652,-0.0089452751,-0.0005734142,0.0099193111,-0.0012445664,-0.0417373824,0.0348000030,-0.0051729928,0.0140585126,0.0124255051,-0.0183559059,0.0102289970,0.0044977157
63.0000000000,0.0359348737,0.0152531108,0.0206702814,-0.0141216199,0.0335717376,-0.0079246111,-0.0139684925,0.0063893189,-0.0026597300,-0.0206597172,0.0152764104,0.0187752327,0.0132309979,0.0044021430,-0.0185655577,0.0237143700,-0.0248137403,-0.0020589042,-0.0073759106,-0.0034278238,0.0121419116,-0.0126997504,-0.0109370268,-0.0172215149,0.0167917724,0.0053079438,0.0190983402,0.0129266395,-0.0032463581,-0.0230003700,0.0248696073,0.0203894397,0.0175017173,0.0169030398,0.0060570596,-0.0331752209,-0.0007206419,-0.0069295735,-0.0144876649,0.0305033366,-0.0349194850,-0.0027386062,-0.0311276465,-0.0311081702,0.0167770348,0.0330490252,-0.0219009957,0.0106915466,-0.0179726636,-0.0113839353,-0.0028601477,-0.0036156988,-0.0197685228,0.0186142582,-0.0138047998,-0.0275501369,0.0163414624,-0.0131966299,0.0088084611,-0.0141091033,-0.0369769577,0.0166679712,-0.0045781512
64.0000000000,0.0227348084,-0.0046467344,0.0239185021,-0.0072174996,-0.0017919189,-0.0164771013,0.0040308790,-0.0074050154,0.0233357075,-0.0032215570,0.0202253922,0.0024053489,-0.0101641415,-0.0120387432,-0.0063914751,0.0299071593,-0.0152885775,-0.0099193598,-0.0260905517,-0.0101236580,0.0042820444,-0.0117319094,-0.0115345771,0.0035538357,-0.0025029037,-0.0082777013,0.0187938268,0.0013547702,0.0075226806,-0.0138636117,-0.0163251147,0.0067763983,-0.0017970090,0.0262367013,0.0190658761,-0.0285496593,0.0085206486,-0.0168334844,0.0188232344,0.0114001625,-0.0249360717,0.0062600699,-0.0154126639,-0.0098190913,0.0231537770,0.0038975574,-0.0121684956,0.0097410438,-0.0065137079,-0.0014567814,0.0109559929,0.0118985500,-0.0059250743,0.0132001097,-0.0154052144,-0.0024711343,0.0246700214,-0.0062204714,0.0152271361,0.0189718695,-0.0086036666,-0.0030464009,0.0119372148
65.0000000000,0.0445501187,0.0113926830,0.0224902241,-0.0075194336,0.0199854501,-0.0108292644,0.0003012254,-0.0006420080,-0.0178204828,-0.0407805330,0.0154498838,0.0154921551,-0.0079479467,0.0131055040,-0.0046406357,0.0300720484,-0.0395877708,-0.0005712013,-0.0367516647,0.0015455024,0.0353945493,0.0093567423,-0.0026395503,-0.0192869262,-0.0103666757,-0.0087346905,0.0231297597,-0.0171148331,0.0038968776,-0.0199025780,0.0125064098,0.0272600564,-0.0218365981,0.0362680178,0.0033565587,-0.0232797672,-0.0061046736,0.0073873260,-0.0062329685,0.0244234244,-0.0218563062,0.0034281585,-0.0295487337,-0.0015896003,0.0435208339,0.0487070041,-0.0039633096,-0.0027059021,-0.0365616132,-0.0318121849,-0.0175745678,0.0025067689,-0.0096471993,0.0036329005,0.0152495897,-0.0121185305,0.0290227217,-0.0158484228,0.0184581395,0.0107278608,-0.0248585745,-0.0004123277,0.0276749400
66.0000000000,0.0164954635,0.0063008872,-0.0019453075,-0.0334909347,0.0177258199,-0.0155881985,0.0028127653,-0.0014964506,0.0002853038,-0.0069810234,0.0179378226,-0.0118664799,-0.0136031962,0.0240211317,0.0243068566,0.0055152326,-0.0214043186,0.0142184496,-0.0138272895,0.0044170191,0.0076105433,-0.0137974399,-0.0109372589,-0.0156066792,0.0163048811,-0.0164715164,0.0162873614,0.0119558021,-0.0049192307,0.0041045478,0.0225363444,0.0307424978,-0.0299329510,-0.0000322151,0.0199779806,-0.0278834011,-0.0176670540,-0.0124975742,-0.0035523660,-0.0073572505,-0.0378563240,-0.0354122972,-0.0111623137,0.0091786344,0.0084526716,0.0213128021,-0.0162040911,-0.0196217250,-0.0127823146,0.0124361973,-0.0073624506,0.0135016201,-0.0108648984,0.0106289307,-0.0035508606,-0.0173356091,0.0241632469,0.0165315219,-0.0093037693,-0.0125470768,-0.0071295476,0.0096059371,0.0111943357
67.0000000000,-0.0009056158,-0.0072502602,-0.0156619154,0.0228180944,-0.0062902456,0.0205858200,-0.0069025958,0.0023784624,0.0203305707,-0.0008090186,-0.0211941412,0.0136296168,0.0032491002,0.0123226022,-0.0026916535,0.0085381321,-0.0209579177,0.0032658024,-0.0145817141,-0.0101802569,0.0085045398,0.0084850891,-0.0054924395,0.0004625550,-0.0064780231,-0.0047294735,-0.0125343939,0.0025614119,-0.0193484052,-0.0035265733,0.0207830513,0.0074902111,-0.0307052121,0.0074879018,0.0209458576,-0.0294587725,-0.0050503187,-0.0169383548,-0.0048786420,0.0143123263,0.0179531160,-0.0104439254,-0.0081703880,0.0050211973,-0.0057503516,0.0079246671,0.0022732208,0.0025417921,-0.0190594317,0.0027161996,-0.0114247081,-0.0004528954,-0.0238744351,-0.0053489004,-0.0234318510,-0.0110091401,0.0013113801,-0.0043588348,0.0011072697,0.0086193337,-0.0075043194,0.0115848440,0.0091244516
68.0000000000,-0.0036486417,0.0086180572,-0.0069325146,-0.0087694338,0.0255857020,-0.0086139354,0.0031628101,-0.0059948745,-0.0159250889,-0.0265746101,-0.0016444837,0.0171088077,0.0020570236,-0.0123519102,-0.0191375825,0.0208846740,-0.0205286964,-0.0003188737,-0.0186807963,0.0089677121,0.0124963896,-0.0266242512,-0.0226929193,-0.0118201825,-0.0378257939,-0.0021266678,0.0052750326,0.0009748533,0.0066593700,-0.0065268126,0.0176278218,0.0383018269,-0.0057665137,0.0132304916,0.0081314457,-0.0239028854,-0.0097763294,-0.0163720597,-0.0159886010,0.0041524287,-0.0168867238,0.0069533006,0.0031013134,-0.0192185385,0.0074139513,0.0129250235,0.0134385033,0.0094115236,-0.0157322572,-0.0011374581,-0.0133484969,-0.0097138406,-0.0230193429,0.0054651365,0.0080962947,-0.0035170117,0.0144924934,0.0130152953,0.0110675464,0.0192239408,0.0060514415,0.0166524758,-0.0331638870
69.0000000000,-0.0104381727,0.0136433701,-0.0166002240,-0.0053839117,0.0228354402,0.0073718894,0.0133460619,0.0303835334,-0.0083676740,0.0126165196,0.0071199263,0.0153406099,-0.0212166281,-0.0019478916,0.0197020748,-0.0010776535,-0.0064253524,-0.0227688456,-0.0134844782,-0.0126943861,0.0102020017,-0.0160473974,0.0033490155,-0.0182005360,-0.0187869641,0.0005426040,0.0089882048,-0.0133359498,0.0014359267,0.0208067926,-0.0071274342,0.0065504426,0.0068876152,-0.0056449775,0.0049216070,-0.0200569647,-0.0109146398,0.0002469275,0.0120539307,0.0115018761,-0.0219866194,0.0077431757,-0.0072122134,0.0011340666,0.0192651074,0.0204178711,-0.0213714366,0.0099263597,-0.0111196579,-0.0140383075,-0.0014047850,-0.0020686265,-0.0029392114,0.0143810216,0.0119336084,-0.0195008361,0.0189677746,0.0144556904,0.0143958069,0.0050811668,-0.0180174318,-0.0234282228,0.0068310753
70.0000000000,0.0147368683,-0.0121366410,0.0166885299,-0.0181961804,0.0198382519,0.0196436981,0.0088702160,0.0204185284,-0.0065782734,-0.0265328581,0.0218352843,0.0235314339,-0.0131072463,-0.0044708922,-0.0046836442,0.0015333579,0.0009848924,-0.0131027657,-0.0124539351,0.0110190784,0.0035760186,0.0013617235,-0.0005825771,-0.0077385719,-0.0224517014,-0.0123919753,0.0189922352,-0.0169228718,-0.0042307908,-0.0163082221,0.0089266030,0.0121257182,-0.0155865454,0.0111349495,0.0136718388,-0.0083258701,0.0022665500,0.0088224713,0.0092493528,0.0095688031,-0.0266837473,-0.0047715447,-0.0103093880,-0.0129090222,0.0210478431,0.0220062867,-0.0103480580,0.0104088861,0.0053298064,-0.0077224805,-0.0086639018,0.0096765433,-0.0233832111,-0.0062921352,0.0029023925,-0.0189588786,0.0032889396,0.0106868248,0.0007889467,-0.0280524590,0.0028123370,0.0327957168,-0.0347227184
71.0000000000,0.0369974387,0.0112857811,0.0154914728,-0.0055885011,0.0157343663,0.0039032217,-0.0031558156,0.0135443088,-0.0182357325,-0.0284078427,0.0204787032,-0.0071360982,-0.0097431343,0.0046256585,0.0144452678,0.0009091076,-0.0052639514,0.0072978983,-0.0072346885,0.0056469796,0.0092034976,-0.0053562081,0.0085497450,-0.0276586140,-0.0129684169,-0.0060612296,-0.0052324752,-0.0092181180,0.0163748631,-0.0157348609,0.0117178629,0.0245407253,0.0074507441,0.0073985247,0.0168944311,-0.0355726296,0.0047365109,-0.0027505954,-0.0197191020,-0.0012530355,-0.0039346824,0.0094872254,-0.0305150150,0.0112293409,0.0208798780,0.0326331484,0.0027261828,-0.0186837298,0.0084759490,-0.0147122623,-0.0006233653,-0.0022347230,-0.0034680695,-0.0345563307,-0.0031716729,-0.0373689727,0.0118769941,0.0062633332,-0.0030907045,-0.0005870299,-0.0219445789,0.0073805991,0.0192001622
72.0000000000,0.0142547412,0.0055396171,0.0127790832,-0.0162755754,0.0184385806,-0.0077221095,0.0257257461,0.0164710228,0.0152112117,-0.0483235471,0.0079066290,0.0398479665,-0.0021203423,0.0150050277,0.0033036546,0.0194240654,-0.0039949507,0.0015777888,-0.0203659925,0.0036219554,0.0282141696,-0.0086592103,-0.0016198987,-0.0123894434,-0.0121882623,-0.0151229394,0.0429091394,-0.0249504055,0.0032203738,0.0140169159,0.0165470416,0.0297144540,-0.0002219999,0.0314985958,0.0248461345,-0.0021500431,-0.0121669662,-0.0104624164,-0.0068378880,0.0103490802,-0.0430167134,-0.0159302141,-0.0200782454,-0.0075715488,0.0088905128,0.0293896555,-0.0030504852,0.0068606154,-0.0144244863,-0.0130566518,-0.0059229165,0.0290162939,-0.0092207936,0.0112698194,-0.0173807588,-0.0338011414,0.0112780932,0.0008710558,0.0057167869,0.0012449326,-0.0123324238,0.0177036061,-0.0238828375
73.0000000000,0.0266330525,-0.0066516077,-0.0068968778,-0.0069786323,0.0225948412,-0.0033908441,0.0039274415,0.0247368262,-0.0113169371,-0.0367719062,0.0012008772,0.0364894212,0.0238936693,0.0314106069,-0.0042287569,0.0224412919,0.0026931889,-0.0165866121,-0.0163577739,0.0089550866,0.0311153315,0.0024158686,-0.0195005199,0.0068835397,0.0040638321,-0.0055556521,0.0153352043,-0.0097156563,0.0089505938,-0.0251980233,0.0098115364,0.0209298904,-0.0246171034,0.0100153565,0.0188460574,-0.0178961347,0.0029439916,0.0126149917,-0.0013673366,0.0249017484,-0.0178687318,-0.0157079442,-0.0268493213,0.0000345067,0.0328761691,0.0206247052,-0.0030367588,0.0090408613,-0.0013166654,-0.0059777481,-0.0128044310,0.0134028610,-0.0331562475,0.0020299309,-0.0019074578,-0.0239280343,0.0121272657,0.0108529378,0.0235037937,0.0072480947,0.0018319979,0.0090648930,0.0029154582
74.0000000000,-0.0085500194,0.0079400888,-0.0027226598,-0.0385595382,0.0148528621,0.0007310275,0.0028160238,-0.0041918343,0.0000013224,-0.0114827258,0.0127914668,-0.0052644818,0.0077116976,0.0216693631,-0.0004202583,0.0293481682,-0.0179835220,0.0069746981,0.0118877679,-0.0155929120,-0.0069024909,0.0160941326,0.0038476502,-0.0086761594,-0.0014817897,-0.0081480687,0.0075532316,-0.0031520630,0.0011721977,-0.0119961633,0.0298593997,0.0374212882,-0.0142387893,-0.0099705440,0.0047355849,-0.0367284083,0.0147552019,-0.0234368838,-0.0132886950,0.0060766980,-0.0035916292,0.0015309821,-0.0241890155,0.0058253359,0.0291398530,0.0304178276,-0.0175145856,-0.0102421749,-0.0014797758,0.0061788280,0.0191064375,0.0176392749,-0.0214001569,0.0018485864,-0.0040959798,-0.0066290529,0.0076852403,0.0122316498,0.0091653910,-0.0001864245,-0.0131649020,0.0055009857,-0.0026503891
75.0000000000,-0.0021965088,0.0071183051,0.0098567565,-0.0249289214,0.0286029728,0.0154355042,0.0208074010,-0.0299513465,-0.0010150948,-0.0148257291,0.0163131849,0.0164854430,-0.0012527446,0.0117476797,-0.0082579289,0.0117993986,-0.0128443399,-0.0080573546,-0.0160904273,0.0098027877,-0.0011136326,-0.0232565956,-0.0006689011,-0.0264525729,-0.0168849274,-0.0132456226,0.0177852401,-0.0196897358,0.0063947719,-0.0063249366,0.0278275789,0.0331413944,-0.0243963084,0.0179637685,0.0314911401,-0.0409661614,0.0332584537,0.0081367536,-0.0555060697,0.0023216306,-0.0290572069,-0.0155247077,-0.0209023028,0.0000367543,0.0020505714,0.0357110230,-0.0097587610,-0.0030906641,-0.0098003489,-0.0016973331,-0.0131551960,0.0109279742,-0.0210681915,0.0323649874,-0.0016283974,-0.0320054334,0.0296282693,0.0156308121,-0.0036219202,-0.0008103673,-0.0021097199,-0.0052762432,-0.0083074572
76.0000000000,0.0308374933,0.0167335329,0.0132135794,-0.0073275893,0.0089847435,-0.0119881505,-0.0151129535,0.0053569715,-0.0021352294,-0.0176994155,0.0167580691,0.0083846569,0.0055536356,-0.0015476186,0.0007760457,-0.0157258352,-0.0002785856,-0.0110960435,-0.0150842173,0.0039444233,0.0152801851,-0.0124665883,0.0010360079,-0.0044721036,0.0073088610,-0.0203610230,0.0062325758,0.0025822683,0.0125917961,0.0028932165,0.0090614371,-0.0190272155,-0.0189698978,0.0103910765,0.0202845184,0.0021420952,0.0030843228,-0.0286049129,-0.0101714806,0.0125286271,0.0068477114,-0.0105928606,-0.0078534888,-0.0105183176,0.0219045778,-0.0075305585,0.0046965259,0.0001266372,-0.0246148213,0.0181318154,0.0005399841,0.0102464621,-0.0044235977,0.0067559703,0.0114056623,-0.0290288537,-0.0073782764,0.0012639532,-0.0086088545,0.0167565608,-0.0008482260,0.0057507638,-0.0294548884
77.0000000000,-0.0100614883,-0.0123175037,0.0044842588,-0.0102814984,0.0335704532,-0.0037106275,0.0047572846,0.0261716143,0.0040379692,-0.0275904193,0.0108205028,-0.0015637606,-0.0013004299,0.0054556547,-0.0037391731,0.0030341517,-0.0113175420,-0.0149310796,-0.0167765649,-0.0038884299,-0.0253713814,-0.0120263331,-0.0116184806,-0.0257659368,-0.0032487772,-0.0118858990,0.0216788017,-0.0038619589,-0.0232564379,-0.0113203541,0.0080241591,0.0221833755,0.0121626356,0.0344268156,0.0189904460,-0.0134806230,-0.0035036939,0.0302252401,0.0146528112,0.0259033851,-0.0060836415,-0.0263342000,-0.0152920740,-0.0046616894,0.0372376372,0.0211333219,-0.0155600925,-0.0086573689,-0.0239356998,-0.0168740525,0.0018495802,-0.0146132310,-0.0231334636,-0.0032546427,-0.0282454164,-0.0190068967,-0.0048080420,-0.0042770202,-0.0065955083,-0.0010485419,-0.0219798450,0.0011999280,0.0216199389
78.0000000000,0.0050236546,0.0109868399,0.0205446217,-0.0247285444,0.0243838361,0.0039044860,0.0131446645,0.0208576041,-0.0194816936,-0.0304106134,-0.0018766752,0.0343562243,-0.0079364418,0.0000678484,-0.0002686548,0.0226260004,-0.0132182725,0.0134598702,-0.0190662186,-0.0127001943,0.0108374931,-0.0213602897,-0.0321958539,-0.0115420918,-0.0105648915,-0.0275430460,0.0546097875,-0.0146504405,-0.0135565255,-0.0175975554,0.0233052373,0.0293377662,-0.0016351688,0.0188812743,0.0319822358,-0.0175325271,0.0165327853,0.0091121192,0.0021383421,0.0219785757,-0.0198103667,-0.0110589625,-0.0293886169,-0.0051289640,0.0232696797,0.0362935132,0.0007781017,-0.0106706164,-0.0301866921,-0.0018073576,0.0228593390,0.0044633316,-0.0025750075,0.0068545954,0.0091315260,-0.0229879376,0.0251952405,0.0021482925,-0.0122841384,0.0161617068,-0.0122775557,0.0377546457,0.0012971785
79.0000000000,0.0083034250,-0.0077448680,0.0005232498,-0.0168478418,0.0088367824,0.0168149350,0.0144463099,-0.0092110860,-0.0251310726,-0.0131989255,0.0119893391,0.0019299300,-0.0123917736,0.0033658763,0.0027006020,-0.0086202644,-0.0111532563,-0.0132764528,-0.0005697551,0.0031604570,-0.0125231987,-0.0187030083,0.0046065345,-0.0033894239,-0.0071125667,0.0027486773,0.0255240008,0.0147892549,0.0176062238,-0.0094735576,0.0011922615,0.0024449976,-0.0068859287,0.0166271137,-0.0097491742,-0.0226166268,0.0008212011,0.0010949769,0.0034202606,0.0258021836,0.0067040025,-0.0121998929,-0.0035413534,-0.0156730045,-0.0063765393,0.0296216860,0.0072799405,0.0117595940,-0.0176575980,0.0123923247,-0.0254716935,0.0015221104,-0.0015601503,0.0065759545,-0.0254311649,-0.0032087613,-0.0169787657,0.0164555218,0.0103509275,0.0163870799,-0.0156209041,0.0058046335,0.0049161583
80.0000000000,0.0225637777,-0.0013714873,0.0136947871,-0.0246157657,0.0207349945,-0.0127076261,0.0329656597,-0.0074333889,-0.0057306441,-0.0244045492,0.0138445142,-0.0046210727,0.0097538878,-0.0010606117,-0.0026215759,0.0203127106,-0.0346824124,-0.0206351869,-0.0030117312,-0.0083072292,0.0237220899,-0.0129449528,-0.0203229261,-0.0293352975,0.0135776774,0.0009664502,0.0363713354,0.0023337662,0.0159808512,-0.0277518653,0.0120214804,0.0184741824,-0.0094845438,0.0219259355,0.0208467716,-0.0604216556,0.0008572932,0.0041691365,0.0040912081,0.0245994508,-0.0211756466,-0.0260249685,-0.0170367892,-0.0012693567,0.0487199986,0.0277116491,-0.0013795485,-0.0042979027,-0.0274927585,-0.0091011535,0.0192927512,0.0071332554,-0.0112274440,0.0140899156,0.0075895494,-0.0205029374,0.0153477018,-0.0004107057,-0.0189439268,-0.0052906154,-0.0250660792,0.0177052925,0.0311725339
81.0000000000,0.0200545212,0.0245556231,0.0134840372,-0.0196423888,0.0049249582,0.0201590884,-0.0178911845,0.0036537619,-0.0101313242,-0.0117634530,0.0313826398,0.0009953092,0.0128517569,0.0145904391,-0.0108921272,0.0111259919,-0.0174012571,0.0150992960,-0.0355736150,-0.0034269955,-0.0138081476,-0.0069837916,-0.0220288115,-0.0155948484,-0.0093488045,-0.0098045533,0.0115516953,-0.0149878621,-0.0118068407,-0.0045475203,0.0065963847,-0.0048861857,-0.0164349895,0.0174305551,0.0007246234,-0.0158057920,0.0047732473,-0.0063987240,-0.0022918144,0.0016269590,-0.0172979799,-0.0209869326,-0.0141410021,-0.0202278042,0.0174810217,0.0222382987,0.0069507894,-0.0120551317,-0.0278494021,-0.0266375946,0.0213394772,0.0006259976,0.0167829676,-0.0033632678,-0.0063870141,-0.0327222100,0.0308273778,-0.0201601202,0.0036342410,0.0070716330,-0.0022733754,0.0035537575,0.0082664690
82.0000000000,0.0090032797,0.0025077763,-0.0055144485,-0.0104777583,0.0180863586,0.0045478247,0.0096764808,0.0183244838,0.0036271993,-0.0317429162,-0.0011656586,0.0124541897,-0.0110852009,-0.0085935510,-0.0102644186,0.0322198768,-0.0172408036,-0.0396707799,-0.0079851656,0.0127294240,0.0015371069,0.0207188415,-0.0219934147,-0.0272964340,0.0091960978,-0.0105859995,0.0203475114,0.0003311672,0.0085407430,0.0002305270,0.0060960257,0.0198631962,-0.0061032967,0.0059757955,0.0200065446,-0.0072691963,0.0071493175,0.0052542617,0.0138220486,0.0283606020,-0.0269074863,-0.0159294424,-0.0206538758,-0.0015985311,0.0268889378,0.0156643591,-0.0197198520,-0.0043559170,-0.0203545177,-0.0233127756,0.0043174971,0.0089975742,-0.0058641491,-0.0202257257,-0.0155366169,-0.0116805209,-0.0239672990,-0.0034689385,0.0001553225,0.0025202899,-0.0174472276,0.0155861299,0.0067881441
83.0000000000,0.0324431493,0.0037903392,0.0214332636,-0.0298345435,0.0156455384,-0.0131381021,-0.0014052294,-0.0033110495,0.0059229749,-0.0153575144,0.0177654898,0.0083627992,-0.0048859247,0.0080784001,-0.0000333175,0.0264718401,-0.0179486605,0.0204179702,-0.0139421311,-0.0048991281,-0.0087979939,0.0338401051,-0.0373925393,-0.0247141943,0.0077085908,-0.0244781275,0.0296747856,0.0052758085,0.0009844479,-0.0189941775,0.0167016576,0.0333174391,-0.0252418023,0.0178956065,0.0130667339,-0.0364385091,0.0003365260,-0.0221891307,-0.0121845290,0.0095843714,-0.0377937964,-0.0071682562,-0.0275957152,0.0027393999,0.0363049318,0.0385241536,0.0012466936,0.0051869199,-0.0332897903,0.0118890045,0.0041084732,0.0170697769,-0.0115749464,0.0115383293,-0.0222977998,-0.0207217957,0.0253070805,-0.0040165347,0.0175336310,0.0082736339,-0.0085351991,-0.0124336184,0.0322175418
84.0000000000,0.0313187127,0.0089738869,-0.0079082339,-0.0396386568,0.0150282681,0.0240521052,0.0004806711,0.0223028069,-0.0236430210,-0.0399025983,0.0109289264,-0.0090065204,0.0019252523,0.0192816051,-0.0114813236,0.0185397996,-0.0267648011,-0.0121378474,0.0051201936,-0.0031038204,0.0004988292,0.0107253488,-0.0120967333,-0.0037887193,-0.0055078703,-0.0135202903,0.0361473235,0.0048195015,0.0086514328,-0.0240738497,0.0120037554,0.0367651164,0.0066532546,0.0190171064,0.0223364738,-0.0498819157,-0.0056894599,0.0061770092,-0.0058164646,0.0224492568,-0.0368395786,-0.0204856143,-0.0126691009,0.0059997416,0.0325952351,0.0471337100,-0.0012203890,-0.0228231724,-0.0141838399,-0.0294028830,0.0078346481,0.0185314681,-0.0037756742,0.0042989032,-0.0077259151,-0.0343239394,-0.0082233657,0.0078028821,0.0106148258,0.0009335447,-0.0290031133,0.0063473286,0.0223559098
85.0000000000,0.0306356616,-0.0160839288,0.0207541346,-0.0271244351,0.0074872213,0.0022123981,-0.0027170240,0.0021013933,-0.0127523378,-0.0325795642,-0.0057627638,0.0028281527,0.0079531327,-0.0280598427,0.0018615116,0.0161297518,0.0008232232,-0.0191590225,-0.0237432711,0.0058787034,0.0021085839,-0.0056018352,-0.0156251603,-0.0088858822,-0.0088873019,-0.0105575611,0.0388167887,-0.0036512747,0.0041159767,0.0026548943,0.0128312058,0.0301729413,-0.0185552566,0.0097847966,0.0305537628,-0.0284454849,-0.0096411057,-0.0078766690,0.0119621969,0.0340738944,-0.0256798020,-0.0120841731,-0.0144318649,-0.0012607139,0.0062542575,0.0441507873,-0.0036635922,-0.0080608481,-0.0341537459,0.0158680106,-0.0145668504,0.0129402754,0.0063946992,-0.0003366288,0.0035305467,-0.0173651914,0.0160461223,-0.0109640685,0.0158912103,0.0025626927,-0.0274321613,0.0218627170,0.0183396817
86.0000000000,-0.0091452254,0.0018299436,0.0072263755,-0.0018297378,0.0150867599,0.0014003546,0.0148454650,0.0337051862,0.0091945577,-0.0443076391,0.0090185798,0.0199849036,0.0123019828,-0.0184773205,0.0161162159,0.0283669947,-0.0080141082,0.0119935973,-0.0273483693,0.0256871674,-0.0056832241,-0.0143335535,-0.0252503166,-0.0066881201,0.0168261138,-0.0043477712,0.0238753706,0.0051205407,0.0033398280,-0.0014454558,0.0189450860,0.0443349321,-0.0325400752,0.0125419179,0.0256356892,-0.0168391961,0.0100811774,-0.0091988689,0.0031458808,0.0178777217,-0.0169914204,-0.0047221706,0.0045111250,0.0036754703,0.0050066609,0.0078003859,-0.0156433513,0.0083256721,-0.0150532486,-0.0066039822,-0.0072258847,0.0319623598,0.0056537673,-0.0088709302,0.0025954457,-0.0373405415,0.0243537229,-0.0105179841,-0.0081348929,0.0008929412,-0.0026276004,-0.0001070046,0.0147352567
87.0000000000,0.0080447503,0.0151528755,0.0240635074,-0.0192787096,0.0171745035,0.0023584016,0.0338326381,0.0039066123,0.0036091852,-0.0324705616,0.0331369663,0.0215468079,-0.0064321527,0.0105444251,-0.0038513951,0.0191327339,-0.0005013886,-0.0256537640,-0.0169369495,-0.0131268933,0.0134933441,-0.0117316899,-0.0019519548,-0.0249154910,-0.0107288912,0.0065390233,-0.0018586080,-0.0027398899,0.0131028053,0.0142853315,0.0046433552,0.0137944242,0.0000945551,0.0077307490,0.0111788623,-0.0190864521,0.0058169212,0.0118026931,-0.0056188572,0.0160349889,0.0015863070,-0.0062256773,-0.0304983194,0.0083315873,0.0124900343,0.0156507930,0.0072546102,0.0004306589,0.0079491556,0.0017274718,-0.0214856899,-0.0044168023,-0.0078451244,0.0014838209,-0.0121127393,-0.0033558420,0.0215930275,-0.0105959641,-0.0037436778,0.0032063025,-0.0109414559,0.0171386095,0.0135190369
88.0000000000,0.0331819308,0.0280445352,0.0153121994,-0.0074962391,0.0314779246,0.0052844493,-0.0068337016,0.0112536234,-0.0012072156,-0.0333641195,0.0259839549,0.0159161415,0.0013899747,0.0081871179,-0.0018299600,0.0287835658,0.0117790645,0.0008370996,-0.0008289568,0.0144062357,-0.0016435908,-0.0121947820,0.0086660501,0.0051353363,0.0137801615,-0.0079455689,0.0250377254,-0.0156111894,0.0082905356,-0.0069645387,0.0021281367,0.0256574961,-0.0050079991,0.0255259450,0.0214794325,-0.0143952038,-0.0056347876,-0.0178014423,-0.0012904252,0.0047843948,-0.0041231265,0.0162919768,-0.0288199536,-0.0335226163,0.0071022321,0.0418727490,-0.0081328676,0.0196431046,-0.0299146088,-0.0117586087,-0.0038845325,0.0012042607,-0.0008432385,-0.0184164772,-0.0121154978,-0.0027646961,0.0095260519,-0.0057377775,-0.0020769847,0.0007794312,-0.0052075699,0.0003389468,0.0147587090
89.0000000000,0.0246299056,0.0174753796,0.0141484932,-0.0226426258,0.0179136754,0.0117666795,0.0142055822,0.0118391176,-0.0025768637,-0.0278447626,0.0254419453,0.0173696888,-0.0016566787,0.0095855243,-0.0148007683,0.0311621350,0.0038589632,0.0017417613,-0.0156725224,0.0048966176,0.0036409886,-0.0067430647,-0.0135587492,0.0040598601,0.0063578486,-0.0137234313,0.0110636529,-0.0157910432,-0.0082176088,0.0155551458,0.0146161699,0.0220390700,-0.0403407989,0.0079661088,0.0260959951,-0.0269445069,0.0042080533,0.0059903548,-0.0035202037,0.0204006647,-0.0305963127,-0.0200123265,-0.0025503947,-0.0010528912,0.0194394734,0.0138644832,0.0015804122,0.0143942570,-0.0324714615,-0.0123292448,0.0041708382,0.0085784209,-0.0129804485,-0.0105917999,0.0058910300,-0.0269614112,0.0296944311,-0.0044977939,0.0251206307,0.0049755126,-0.0086181179,0.0228452654,0.0011770134
90.0000000000,0.0038593134,-0.0031811506,-0.0015188297,0.0108366135,0.0178018283,-0.0222256538,0.0104549562,0.0107951037,0.0126170916,-0.0090203256,-0.0026692629,-0.0280320454,0.0077301028,0.0220954349,-0.0025063786,0.0029892484,-0.0072557335,-0.0025347894,-0.0189667557,0.0283301564,-0.0015712588,0.0123150163,-0.0013219031,-0.0108068996,0.0131524768,0.0073694981,0.0282719762,0.0201701342,0.0066361718,0.0034470612,0.0265465753,0.0039661939,-0.0225486253,0.0165036204,0.0230366712,-0.0111225174,-0.0021095047,-0.0014548442,-0.0077309407,0.0180707238,0.0002275999,-0.0182031958,-0.0153201320,0.0060131063,0.0153812852,0.0086056867,-0.0029488892,0.0129331358,-0.0071463030,-0.0094509515,0.0069719422,-0.0024163841,-0.0216054835,-0.0029988656,0.0016672813,-0.0227226518,0.0152308768,-0.0045335935,0.0020001438,-0.0158741303,0.0061436924,0.0059639518,0.0097494219
91.0000000000,0.0182058841,0.0133880347,-0.0004307773,-0.0304339301,0.0212705965,0.0014121096,0.0061035280,-0.0224639705,-0.0009315561,-0.0196031376,0.0225181120,0.0064727857,-0.0123852603,0.0141076274,-0.0233864043,0.0145475248,0.0041994276,0.0114978451,-0.0260495727,-0.0082447171,0.0155716767,-0.0155656364,-0.0188741933,-0.0244631712,0.0014671467,0.0080798816,0.0212143666,-0.0188068906,0.0010011431,0.0130801434,0.0113942397,0.0269964821,-0.0093514876,0.0305540393,0.0224698042,-0.0186687345,-0.0078787314,0.0050656806,-0.0112983086,0.0072552397,-0.0243722141,-0.0335306713,-0.0359833688,0.0093771189,0.0249533938,0.0500905708,-0.0074644996,-0.0017210309,-0.0161717325,-0.0135362714,-0.0134453268,0.0079208121,-0.0174060617,-0.0017292497,0.0000600829,-0.0223515648,0.0042053071,-0.0079590442,0.0120782191,-0.0144747903,-0.0200354692,0.0080221388,0.0065487346
92.0000000000,0.0346646887,0.0095887029,0.0200063954,-0.0027733171,0.0137439904,0.0121233530,0.0134209610,-0.0128545376,0.0012320810,-0.0262737675,0.0061676597,-0.0043217986,-0.0065060822,0.0040815413,-0.0216561975,0.0137818508,-0.0042033280,0.0077126617,-0.0038712473,-0.0185180449,0.0065962086,0.0111333242,-0.0079158652,0.0124432059,0.0141612702,-0.0071654301,0.0163490890,0.0123854670,0.0138153845,0.0121859808,0.0098769616,0.0110772564,-0.0229654926,0.0229309230,-0.0026379338,-0.0051127087,-0.0252923353,-0.0004661278,0.0299814047,0.0054203028,-0.0223690291,-0.0082089442,-0.0029526460,0.0106414307,0.0219180328,0.0189415715,-0.0028486882,0.0276945978,-0.0222208773,0.0226126035,0.0173099680,-0.0052293257,0.0014034073,-0.0069978127,-0.0110155509,-0.0056483290,0.0207060904,-0.0104868898,-0.0039336211,-0.0074218074,0.0022018348,-0.0073531032,0.0003738530
93.0000000000,0.0366616313,-0.0021943417,-0.0015499523,-0.0034931907,0.0125371223,-0.0035600484,-0.0077577634,0.0177735517,0.0161139782,-0.0234881771,0.0062355188,0.0091729245,0.0055519724,0.0206092980,-0.0162345460,0.0136050474,-0.0030170954,-0.0004683972,-0.0251427991,0.0125283270,0.0062167701,-0.0081590388,-0.0087525756,-0.0261816947,0.0256321302,-0.0048654364,0.0180795740,-0.0189557929,-0.0146812663,0.0007318661,0.0030488264,0.0196835988,-0.0102632232,0.0320197576,0.0136496787,-0.0250901923,0.0102633052,-0.0117986059,0.0218436313,0.0305594266,-0.0222927242,-0.0140288105,-0.0214381735,-0.0065257550,0.0260173234,0.0391537161,-0.0120629588,-0.0100737703,-0.0253799593,-0.0221561120,-0.0184694654,-0.0072347793,-0.0145797713,0.0021098036,-0.0234626521,-0.0410138693,0.0223909592,0.0039869353,-0.0049146041,0.0255467220,-0.0048114559,-0.0019162984,-0.0006184119
94.0000000000,0.0252211592,0.0050784210,0.0025025405,-0.0087027086,0.0315642371,0.0184916037,-0.0067688337,0.0227813313,-0.0063861308,-0.0237477473,0.0362729529,-0.0026356976,-0.0015100759,0.0058020752,-0.0159901105,0.0115201730,-0.0038656602,-0.0061571045,-0.0219417391,-0.0125432395,0.0086330517,0.0072397194,-0.0415576910,-0.0120047822,0.0146849581,-0.0075321970,0.0294125804,-0.0031230250,0.0001359978,-0.0079104456,0.0001416099,0.0135201244,-0.0057687710,0.0137942134,0.0416894808,-0.0252751310,0.0110109268,0.0023782800,0.0103705073,0.0117341278,-0.0262434265,-0.0060846481,-0.0438038972,-0.0218512975,0.0343107733,0.0196310978,-0.0091306319,-0.0005942946,-0.0103855414,-0.0080619491,-0.0038864627,0.0011775697,-0.0343896060,0.0162369181,-0.0077377080,-0.0305785031,0.0216917111,0.0001514510,0.0200188487,0.0129340391,-0.0004942873,-0.0186125996,0.0048578373
95.0000000000,0.0283790261,0.0100316474,0.0041450769,-0.0062256504,0.0391770455,0.0038436140,0.0091753861,-0.0115741434,-0.0169047474,-0.0152493442,0.0120250589,-0.0024927238,0.0018779413,0.0005280383,-0.0329097112,0.0372717564,-0.0116725606,-0.0154339043,-0.0287176479,-0.0040700707,0.0011067642,-0.0120542590,0.0048387325,-0.0119396614,-0.0063573638,-0.0171650336,0.0239291595,0.0259068860,-0.0029843793,-0.0192383256,0.0289890774,0.0190728164,-0.0071016047,0.0195779649,0.0143389015,-0.0347137426,-0.0095154095,0.0006317495,0.0163432671,0.0071480296,-0.0258946671,-0.0072474256,-0.0256396084,0.0069963519,0.0366558549,0.0275120261,-0.0309845808,-0.0033425895,-0.0074277645,-0.0188510535,-0.0038996715,0.0184783785,-0.0019141245,0.0248892825,-0.0254004218,-0.0445121007,0.0221543608,-0.0002961497,0.0027395795,-0.0020823535,-0.0266437647,-0.0205393463,-0.0073657595
96.0000000000,0.0033940255,-0.0111518799,0.0006662722,-0.0089008259,0.0180146708,-0.0196877794,-0.0048809331,0.0123055802,-0.0207528927,-0.0234135136,-0.0036106038,0.0162404258,0.0069576865,0.0097406753,-0.0081495982,-0.0009913321,-0.0218017861,-0.0071991731,-0.0312450807,-0.0127013491,0.0262958608,-0.0080613347,0.0059679105,-0.0055727586,0.0036641383,-0.0141485468,0.0260777050,-0.0320222005,0.0020265240,-0.0293593205,0.0093674641,0.0346258115,-0.0175876614,0.0285867865,0.0125779905,0.0088517031,-0.0009470446,0.0040418225,0.0023089665,0.0142341035,0.0006265057,-0.0318938156,-0.0218774662,0.0232631631,0.0411902154,0.0282342105,0.0032555692,-0.0158013260,-0.0126318295,-0.0116022668,0.0211888637,0.0074195020,-0.0048247247,-0.0009318698,0.0099112658,-0.0164527977,0.0163487261,-0.0190412090,0.0082943945,0.0032597449,-0.0037986085,0.0145257088,0.0082225175
97.0000000000,0.0301982980,0.0042549956,0.0032077048,-0.0098743896,0.0379651520,-0.0027341890,-0.0004473679,0.0175076323,0.0139975241,-0.0324925473,-0.0032782205,0.0310877739,0.0062219484,-0.0010029498,-0.0089941305,0.0222144310,-0.0215703207,-0.0033701768,-0.0167539933,-0.0031839333,0.0254210063,-0.0007483532,-0.0061365517,-0.0218646795,0.0020811067,-0.0137823801,0.0392590917,-0.0039144545,0.0092776010,-0.0081587909,0.0334032370,0.0209644548,0.0115464168,-0.0031217135,0.0180286436,-0.0057437773,0.0075040734,-0.0052669682,0.0162668169,0.0353390929,-0.0286733601,-0.0007340311,-0.0300812792,0.0042624396,-0.0065141730,0.0241997310,-0.0326520504,-0.0049130708,-0.0322213028,-0.0052828662,-0.0146459206,0.0076647523,-0.0010507363,-0.0109071311,0.0151999869,-0.0188194434,0.0018348977,0.0096816162,-0.0103965051,0.0207682677,-0.0281671475,0.0205054302,0.0109345397
98.0000000000,0.0145863476,0.0115718606,0.0191370523,-0.0047839453,0.0030545530,-0.0118792629,0.0039184000,-0.0076478382,-0.0106345878,-0.0029157902,0.0030032985,0.0128619434,-0.0047392422,-0.0097655436,-0.0077312837,0.0079255824,-0.0107177160,0.0060392858,-0.0253123462,-0.0159569132,0.0171463416,-0.0253676343,-0.0219941151,-0.0080299811,-0.0055223061,-0.0260526464,0.0172065455,-0.0008304637,-0.0143065665,0.0094188252,0.0169688190,0.0134136604,-0.0113874600,-0.0142499433,0.0012976367,-0.0190079541,0.0164652196,0.0060062635,0.0071776300,0.0042663014,-0.0218994651,-0.0019870578,-0.0158231699,-0.0011755743,0.0260100162,0.0035063942,0.0113187167,-0.0176937709,-0.0175756489,0.0003661428,-0.0028389180,0.0196359777,-0.0154411866,-0.0000092840,0.0028584886,0.0053920289,0.0147437536,0.0130546066,-0.0082202238,0.0017923514,-0.0098361363,-0.0050799922,-0.0245233276
99.0000000000,0.0283768262,-0.0127840020,0.0229032891,-0.0327636898,0.0137135397,0.0020281361,-0.0184135043,0.0032340836,-0.0086273543,-0.0198726389,0.0200110811,0.0299887235,-0.0148643169,0.0188208189,0.0148478870,0.0126228168,-0.0034919911,-0.0087836769,-0.0094526433,0.0185837865,0.0072949182,0.0116844282,-0.0157270695,-0.0119762146,0.0195773116,0.0125296657,0.0214908684,-0.0061529952,0.0062469384,0.0068349073,0.0002013261,0.0263415611,-0.0136308261,-0.0154137311,0.0110457224,-0.0142762586,-0.0077174920,0.0185261194,0.0074356181,0.0198723786,-0.0248073099,-0.0198917114,-0.0249188016,-0.0166568655,0.0325663694,0.0156057917,-0.0066783605,-0.0001312818,-0.0197340591,-0.0007104724,-0.0151024740,0.0213312088,-0.0036910045,0.0005538813,-0.0096709131,-0.0102703028,0.0132370206,0.0109404094,-0.0050390962,0.0061113603,-0.0054602480,-0.0004097405,0.0266369909
100.0000000000,0.0258425241,-0.0094520176,0.0141552849,0.0008744208,0.0100297544,0.0015740225,-0.0031025180,-0.0212853444,0.0075517613,-0.0232917466,0.0005150819,0.0070192047,-0.0071623642,0.0385057127,0.0058129684,0.0122841572,-0.0203531184,-0.0253642337,-0.0268847558,-0.0034773405,0.0029385768,-0.0104104409,-0.0026399334,-0.0065801230,0.0193828203,-0.0093387574,0.0178099065,0.0009382425,0.0005480169,-0.0125032385,0.0268331892,0.0241602240,-0.0045549048,0.0286059550,0.0015700769,-0.0206243647,-0.0011046809,0.0112400555,-0.0113597406,0.0120554822,-0.0402002934,-0.0137980733,-0.0328355420,0.0048001535,0.0218751125,0.0258183929,0.0094588168,0.0015774576,-0.0210793396,-0.0189049542,-0.0032667375,0.0004735975,-0.0244676595,0.0130887200,0.0068365957,-0.0297321341,0.0351432623,0.0027382696,0.0234639037,0.0026993466,-0.0110140432,0.0008152423,0.0000876440
101.0000000000,0.0351937244,0.0051006549,-0.0118316446,-0.0173984062,0.0368024084,-0.0180814166,-0.0076180022,-0.0103869687,-0.0121161882,-0.0314508050,0.0083076910,0.0225134729,-0.0024429745,-0.0006390893,-0.0030994656,0.0186038058,-0.0053191623,-0.0123676320,-0.0292522804,0.0074374089,-0.0009636125,-0.0158120744,-0.0146175363,-0.0011159137,0.0189807347,-0.0018337174,0.0285589593,0.0004065201,0.0051454017,-0.0184897655,-0.0015714950,0.0364490610,-0.0206072958,0.0103016635,0.0202090411,-0.0374421117,-0.0123249754,-0.0127116247,-0.0233540994,0.0310890707,-0.0247340575,-0.0326186479,-0.0392130214,0.0032325216,0.0250667961,0.0328013789,-0.0135922161,-0.0073046129,-0.0074754590,-0.0366796515,0.0039580654,0.0045987640,-0.0159122167,0.0043435806,-0.0079448451,-0.0286986652,0.0083846648,-0.0131840270,-0.0015814143,-0.0176141062,-0.0098249631,0.0133597854,0.0033631572
102.0000000000,-0.0080210277,0.0049778137,0.0064327309,-0.0071525286,0.0326867069,0.0028118843,0.0158619568,0.0040153138,0.0002116049,-0.0322965816,0.0178099485,0.0152138210,0.0180613846,-0.0095462623,-0.0148752481,0.0174067059,-0.0047062685,-0.0035698928,-0.0067810786,0.0089493693,-0.0189121713,-0.0120538933,-0.0282222871,-0.0079986403,-0.0098604240,-0.0111712653,0.0153356544,0.0052092954,0.0016906306,-0.0031742287,0.0024759425,0.0157312406,-0.0211832719,-0.0064414609,0.0258007680,-0.0121835732,0.0058396743,0.0055270223,-0.0100263045,0.0176414456,0.0037126449,0.0027287856,-0.0053371110,-0.0200780035,0.0381318392,0.0156799236,-0.0092035900,0.0051439696,0.0049582763,-0.0308032732,-0.0000930411,-0.0058194831,0.0008782660,-0.0009524910,-0.0030713549,-0.0188697136,-0.0048388111,-0.0202802862,0.0025281935,-0.0070108309,0.0053820060,-0.0001437456,0.0099285702
103.0000000000,0.0015344539,-0.0137579626,-0.0109725339,-0.0209284065,0.0308582197,0.0094794993,-0.0009875308,0.0113702373,0.0034564033,-0.0282522999,0.0216766498,0.0093964949,0.0041177320,0.0175107935,0.0015059241,0.0257394949,-0.0069998615,-0.0088221737,-0.0223407325,0.0033113495,0.0073191788,0.0023221947,-0.0132300187,-0.0195444740,-0.0095969679,-0.0040936096,0.0150400274,0.0045430874,-0.0327318123,-0.0172225895,0.0134950284,0.0061774847,-0.0117102967,0.0109987060,0.0093556211,-0.0229595510,0.0058956791,-0.0141153988,-0.0233893637,0.0157562249,-0.0301799429,-0.0202365432,-0.0274473001,-0.0055314254,0.0230946183,0.0226847525,-0.0152701901,-0.0180736463,-0.0157501917,-0.0217314277,0.0017936149,-0.0036262107,-0.0088425189,0.0075736997,-0.0038737546,-0.0325199081,0.0304106819,-0.0160225820,-0.0008622015,0.0032651668,-0.0242510119,-0.0039543623,0.0089428100
104.0000000000,0.0463007602,-0.0009378524,-0.0072677770,-0.0122951020,0.0261691078,0.0062265709,-0.0081698395,-0.0082735787,0.0069499384,-0.0389864162,0.0081371387,-0.0097068530,0.0009489860,-0.0128930496,-0.0007913062,0.0327712943,-0.0228006637,0.0158914279,-0.0163304098,-0.0156873313,0.0057616843,-0.0229720138,0.0067535999,-0.0191424325,0.0053655354,-0.0110614185,0.0513505892,0.0014560389,0.0209386206,0.0022341664,0.0061590252,0.0053678809,-0.0288962385,-0.0013499148,0.0122520793,-0.0369723062,-0.0049517716,0.0001041919,0.0117772296,0.0294499758,-0.0375343427,-0.0170290556,-0.0179697444,-0.0047436914,0.0062175843,0.0361229009,-0.0197510471,-0.0277419169,-0.0241855465,-0.0289434716,-0.0060335796,0.0053202734,-0.0071940276,0.0204995500,-0.0166307892,0.0018061321,0.0222544126,0.0061775658,0.0063460807,0.0122190768,-0.0080196027,0.0035905956,0.0080604985
105.0000000000,0.0064815621,0.0054453459,-0.0097708293,-0.0265866954,0.0131756113,-0.0002165067,-0.0145350699,-0.0075399510,-0.0085120046,-0.0297099868,0.0205691425,0.0115506548,0.0052857433,-0.0023980132,-0.0125847779,-0.0150603029,-0.0382605713,-0.0049778673,-0.0395359402,-0.0027104574,0.0008969171,0.0034632033,-0.0166856215,-0.0040083031,-0.0013339213,-0.0042650657,0.0413652670,0.0029015499,-0.0119868528,-0.0215615965,0.0103091052,0.0211515214,-0.0160918989,0.0145012778,0.0265189258,-0.0161468139,0.0179481251,-0.0173440797,-0.0143411122,0.0210851951,-0.0323112901,-0.0117004949,-0.0260366925,-0.0122856201,0.0049464819,0.0096370305,0.0005087931,0.0012245599,-0.0290375728,-0.0007819264,-0.0014977519,-0.0029330622,0.0046120248,-0.0063146010,-0.0028366966,-0.0511574404,-0.0032876733,0.0099788843,0.0046574918,0.0005131042,-0.0161159513,0.0017702111,0.0034705326
106.0000000000,0.0171321086,0.0095818916,0.0175005064,-0.0259890657,0.0229247355,0.0110971127,-0.0048867049,0.0041895732,-0.0061609746,-0.0185408852,0.0158439501,0.0222244365,-0.0034635513,0.0183355712,-0.0251748885,0.0062994408,-0.0201642771,0.0196903791,-0.0308257019,0.0119243986,-0.0021803085,-0.0091829281,-0.0161560020,-0.0222103947,0.0080404404,0.0003682940,0.0241712555,-0.0040228169,-0.0071420824,-0.0091607768,0.0512192903,0.0235466324,-0.0055908603,0.0084399557,0.0382693148,-0.0487199554,-0.0048378882,0.0027347390,-0.0324838999,0.0222451205,-0.0327024566,-0.0360261707,-0.0145985770,-0.0179297582,0.0337973245,0.0234419523,-0.0041380965,-0.0106436048,-0.0448411706,-0.0323145267,-0.0018617889,0.0183239831,0.0036055756,-0.0112921322,0.0008342580,-0.0184188570,0.0023840877,-0.0218556457,0.0051157529,0.0132026990,0.0110947757,0.0069884302,-0.0060793469
107.0000000000,0.0085372138,-0.0104580696,0.0172402901,-0.0138608240,0.0237718802,0.0014947954,0.0133247046,0.0030177735,0.0172972052,-0.0150202835,-0.0061533861,-0.0009647892,-0.0005611679,-0.0010610362,0.0045468992,0.0054129555,-0.0349233072,-0.0207695611,0.0005068856,-0.0039119556,0.0038423389,-0.0131247158,0.0157682963,0.0010574185,-0.0106267709,0.0053684230,0.0185013368,0.0018204257,-0.0096511686,0.0093470173,0.0112387961,0.0121512482,-0.0142978589,-0.0008883425,0.0070767568,-0.0263357378,-0.0175709439,0.0061403470,-0.0270237552,0.0106154463,-0.0084613655,-0.0018577389,0.0005090340,0.0104069091,-0.0188521218,0.0084737507,-0.0069928753,-0.0218769252,0.0059183969,0.0044027074,0.0123756558,-0.0132574022,0.0004896266,-0.0030711445,0.0000860258,-0.0354614834,-0.0049741206,0.0038458312,0.0017807640,0.0148412596,0.0082502305,-0.0100193399,-0.0032875468
108.0000000000,0.0016801657,-0.0085564834,-0.0116587801,0.0039931822,-0.0034541985,-0.0183014456,-0.0014660904,-0.0025998350,-0.0136065243,-0.0149037013,0.0064725127,0.0039973668,0.0029317197,0.0133199562,-0.0073181241,0.0129900920,-0.0150587127,0.0052163908,0.0167677961,0.0148958750,0.0047420470,-0.0202244594,0.0098574217,-0.0294525411,-0.0061039903,0.0133683259,-0.0084122488,0.0124998208,-0.0073715666,-0.0009923421,0.0043170261,-0.0069162070,-0.0107219083,0.0032453655,0.0033838287,-0.0119229458,0.0219814956,-0.0134092647,0.0044991269,-0.0046603396,-0.0226581808,-0.0201669605,-0.0197384114,0.0038390717,0.0116246233,0.0056215055,0.0231543000,0.0185575884,-0.0016702842,-0.0098809325,0.0030471792,-0.0064839288,0.0069289891,0.0156443682,-0.0273610531,-0.0152735244,0.0077732753,0.0029607716,0.0011829765,0.0193731209,-0.0309196624,-0.0078768623,-0.0226587147
109.0000000000,0.0091581637,-0.0133308295,-0.0096562820,-0.0112436071,-0.0021865462,-0.0165561275,-0.0034321769,-0.0059443332,-0.0083680149,-0.0174666007,0.0008693440,0.0003547623,0.0089238436,-0.0005589562,0.0041348568,0.0168352185,0.0114165545,-0.0119118599,-0.0178693234,-0.0112441524,0.0249790611,0.0203480565,0.0063434705,-0.0193749162,0.0116555643,-0.0088987974,0.0036227715,-0.0215882991,0.0124401477,-0.0180426305,0.0122561251,0.0135927800,-0.0128222256,0.0035257271,0.0045209900,-0.0109581891,-0.0084852195,0.0015115307,-0.0118266265,0.0105217724,-0.0142246759,-0.0073287693,-0.0072500950,-0.0049999895,0.0030494191,0.0161365625,0.0063721066,-0.0042184433,-0.0127743609,-0.0140429214,0.0176808062,-0.0095214928,-0.0106741183,0.0015332424,0.0091049907,-0.0091028559,0.0161250222,-0.0099069603,-0.0064670697,0.0157958160,0.0054150867,0.0237254483,-0.0081908726
110.0000000000,0.0321128929,0.0002268259,0.0155494987,-0.0252917957,0.0305934415,0.0101527505,-0.0114275083,0.0113936218,-0.0107756079,-0.0134808715,0.0405905519,0.0197466573,0.0060978315,0.0138838738,-0.0026877274,0.0191088954,-0.0265370966,0.0055021908,-0.0302921407,0.0123882404,0.0226247204,-0.0081074165,-0.0046715661,-0.0059248316,0.0117325754,0.0024111400,0.0193200229,0.0013981530,-0.0225782239,-0.0038108079,0.0320848437,0.0249431246,-0.0113134796,0.0421923299,0.0047956754,-0.0502621979,0.0018215566,0.0058452394,0.0084120094,0.0053228134,-0.0482274234,-0.0100764980,-0.0389953752,-0.0123281199,0.0378176825,0.0426399275,0.0061887186,0.0001318270,-0.0367379110,-0.0280903752,0.0042027189,0.0131361401,-0.0084599235,0.0093886127,-0.0102529586,-0.0340200546,0.0145844475,0.0079344795,0.0019297296,0.0164509459,-0.0148070615,0.0200154188,-0.0051423949
111.0000000000,0.0000364663,-0.0091280656,0.0200958763,-0.0093596824,0.0097719418,-0.0050629658,0.0108344626,0.0141693366,0.0130888016,-0.0185874007,0.0296928337,0.0134836850,-0.0121732326,-0.0100663981,-0.0055801920,0.0079039771,-0.0543976260,-0.0101566768,-0.0192971031,0.0051080533,0.0154724611,-0.0092321318,-0.0068984885,-0.0086114422,0.0035805857,-0.0142972070,0.0259457250,-0.0039716973,0.0044185327,0.0086962558,0.0057553419,0.0163783355,-0.0218249421,0.0273891010,0.0195433926,-0.0229762498,-0.0049521209,0.0018273692,0.0061485460,0.0071982876,-0.0088007964,-0.0100517071,-0.0207396183,-0.0174820640,0.0214168251,0.0290062172,0.0040462987,0.0012641132,0.0089798949,-0.0257396284,0.0033877133,0.0024437327,-0.0073700938,-0.0185411041,-0.0361774119,-0.0218411809,0.0202437283,-0.0146098532,-0.0101899257,0.0112476819,-0.0262275859,0.0278637039,0.0159784518
112.0000000000,0.0069763085,0.0168909551,0.0249987988,-0.0122788099,0.0281916996,0.0007718544,0.0172262934,0.0006768474,-0.0075687687,-0.0458384710,0.0227962153,-0.0035872400,-0.0143600168,0.0091675737,-0.0159841135,-0.0144503819,-0.0334364286,-0.0009545806,-0.0276284343,-0.0323636286,-0.0102696557,-0.0023667834,-0.0060694219,0.0031958110,0.0119071503,-0.0118101865,0.0293318583,0.0040847650,-0.0248512928,-0.0057652315,0.0153906966,-0.0056493670,-0.0519727171,0.0220556524,0.0261506266,-0.0274293684,0.0027018264,0.0020353355,0.0109542640,-0.0030073575,-0.0103854399,-0.0152475530,-0.0251273750,0.0011381284,0.0276087034,0.0411723531,-0.0206072512,-0.0003979720,-0.0279031169,-0.0149999628,-0.0039736828,0.0297990655,-0.0208203609,0.0197732104,-0.0184417926,-0.0336880305,0.0096366053,-0.0017190898,-0.0028979501,0.0047890573,-0.0183347764,-0.0028829696,0.0080077413
113.0000000000,0.0174791831,-0.0020871241,0.0105432136,-0.0163112463,0.0299135385,0.0099429082,0.0040319146,0.0466151272,-0.0086731395,-0.0278094300,0.0132391521,0.0126958525,0.0019610587,0.0214933786,0.0161438361,0.0164435564,-0.0136529224,-0.0120615423,-0.0184798289,-0.0186296096,0.0165975145,0.0109378418,0.0038828972,-0.0332309022,0.0103515893,0.0028329474,0.0072772462,-0.0058363857,-0.0090731047,-0.0001118145,0.0191337424,0.0280477867,-0.0098484129,0.0227120869,0.0159996693,-0.0221163897,-0.0268501228,0.0059024070,-0.0134323451,-0.0022382403,-0.0405416196,0.0006809972,-0.0225654497,-0.0244158161,0.0085731018,0.0203027547,0.0228111907,-0.0026105340,-0.0241699509,-0.0205441043,0.0004194903,0.0183177979,-0.0176496781,0.0183614048,-0.0217283737,-0.0039157443,0.0304756313,-0.0170715531,0.0046758862,0.0101119235,-0.0168303719,0.0199741322,0.0154508021
114.0000000000,0.0158966928,0.0073094323,0.0157499831,-0.0109024953,0.0090764390,-0.0224118756,-0.0060137549,-0.0026266179,-0.0061019687,-0.0002002333,0.0011758193,0.0144529994,-0.0111830044,0.0122901777,0.0008816547,0.0312474359,-0.0166509783,0.0021882066,0.0094996640,-0.0053913760,0.0062015643,0.0003577232,0.0163868820,0.0104067906,0.0109057292,0.0177893453,0.0231746689,0.0117216920,-0.0079339024,0.0146098769,0.0032426704,-0.0081289618,-0.0164417327,0.0288332506,0.0069388341,-0.0067768123,-0.0087553537,0.0168407123,-0.0078698065,0.0034641794,-0.0235243012,-0.0056316057,-0.0119720865,0.0086203466,-0.0021712912,0.0005347736,-0.0001073683,-0.0008350635,-0.0213918390,-0.0028915954,-0.0069599318,0.0117529089,-0.0204829694,-0.0038265776,-0.0127043361,-0.0208498735,0.0101406734,-0.0131226996,0.0065208566,-0.0003411246,0.0038579528,0.0164754418,0.0074459735
115.0000000000,0.0276009482,0.0091833068,0.0155016267,-0.0457144046,0.0264493225,-0.0117464813,-0.0015845415,0.0013840369,-0.0060549470,-0.0509098655,0.0219760385,0.0270213609,-0.0146360561,0.0117523822,-0.0064100294,0.0059559063,-0.0125463456,-0.0249371588,-0.0354700945,0.0064756276,0.0260228077,-0.0071982171,-0.0184811449,-0.0313410439,-0.0004208806,0.0016045154,0.0060398764,-0.0070492467,0.0186340720,-0.0122198622,0.0175793682,0.0407576838,0.0075616120,0.0202322493,0.0268197948,-0.0421721188,-0.0209670323,0.0232720371,-0.0127944403,0.0296881947,-0.0127321769,-0.0381505581,-0.0192654135,-0.0054393736,0.0526162662,0.0272565788,-0.0008762150,0.0029556134,-0.0477249592,-0.0222098933,-0.0039734812,0.0047551752,-0.0211201781,0.0118793294,-0.0127484286,-0.0449510936,0.0267231004,-0.0210067193,0.0144650599,-0.0111170739,-0.0261084250,0.0045079048,0.0233109535
116.0000000000,-0.0243883674,-0.0009738871,-0.0000315155,-0.0137350560,0.0171441352,0.0148157233,0.0023178590,-0.0252240149,0.0084325534,-0.0205793453,0.0117232022,-0.0028237704,0.0104495810,0.0015691056,-0.0174166351,0.0018387342,-0.0224743624,-0.0139221350,-0.0097079660,-0.0094085446,0.0055149238,-0.0110393444,0.0010011414,-0.0384019977,-0.0095822840,0.0169704449,0.0158516493,-0.0224468700,0.0171398002,0.0069123646,-0.0032528219,0.0301922242,-0.0181369892,0.0318225149,0.0048253615,-0.0011409784,-0.0057382192,0.0080438003,0.0124557328,0.0114553245,-0.0366167384,-0.0093180157,-0.0364166678,-0.0038275324,0.0188285901,0.0040547591,-0.0045850092,-0.0171053120,-0.0231479670,0.0026698510,0.0068015754,-0.0108023128,-0.0095544368,0.0171402924,-0.0029258637,-0.0296363065,0.0033978867,-0.0025892105,0.0044574271,0.0038156131,-0.0031884809,0.0131487895,0.0033539002
117.0000000000,0.0143020871,0.0112781414,0.0094579699,-0.0228626952,0.0081304794,-0.0146656143,0.0135406243,-0.0061740291,0.0062022775,-0.0170794747,0.0130051755,0.0089206223,-0.0259057170,-0.0038052095,0.0002669974,0.0042480877,-0.0093731337,-0.0001886927,-0.0032963798,0.0011086820,0.0139761811,-0.0327088122,-0.0123263474,-0.0215515665,0.0144882329,0.0043124046,0.0098965119,-0.0050096603,-0.0058285536,0.0015820345,-0.0019154903,0.0107082283,0.0030943535,0.0075612171,0.0074972031,-0.0395753110,0.0003525658,0.0148336151,-0.0106222612,0.0021014766,-0.0257556998,-0.0121841946,0.0012990649,0.0157314895,0.0189031574,0.0292700557,-0.0018508127,0.0124450224,-0.0222029021,-0.0016938567,-0.0028955977,0.0185172323,0.0062216738,-0.0072197267,-0.0079143753,-0.0142594115,-0.0085944508,0.0213412407,-0.0143201294,0.0165658901,-0.0150902534,-0.0163575603,0.0087922669
118.0000000000,0.0070799414,-0.0097778375,0.0403930749,-0.0221970098,0.0224662909,-0.0129955664,-0.0061085767,-0.0185836894,-0.0024197876,-0.0291336971,-0.0063062205,0.0210333894,-0.0186012006,0.0236868441,-0.0174736585,0.0055614708,-0.0119045477,-0.0241898966,-0.0347468980,-0.0123713097,0.0200918610,0.0011704039,0.0062716077,-0.0191863597,0.0181203103,-0.0085030173,0.0143233988,-0.0186860861,0.0018383803,-0.0145874237,0.0374446323,0.0320950786,-0.0121709151,0.0287747320,0.0115546406,-0.0297100823,-0.0186038461,-0.0204429759,-0.0046709646,-0.0014100326,-0.0176073856,-0.0176168958,0.0014315380,0.0091521516,0.0281846935,0.0230064148,0.0029652424,0.0025887616,-0.0175332848,-0.0193760244,-0.0061422861,0.0185166085,-0.0117816760,-0.0204186054,-0.0051313952,-0.0357253093,0.0459818835,-0.0004307870,-0.0048807237,0.0089456961,-0.0012159405,0.0096829271,0.0343615270
119.0000000000,0.0087464157,-0.0002971264,-0.0014878313,-0.0072387933,0.0244851196,0.0076085883,0.0209175986,-0.0097663809,0.0036361794,-0.0498476046,0.0061820150,-0.0060064593,0.0212373238,0.0108166362,-0.0032290456,0.0189100706,-0.0244863786,-0.0149183758,-0.0115188361,0.0010915658,0.0383944899,-0.0209318025,0.0046164698,-0.0041657142,-0.0297511850,-0.0063098318,0.0282878872,0.0043969447,-0.0137980149,-0.0204377153,0.0024874597,0.0206226842,-0.0312866965,0.0172237607,0.0130318018,-0.0465259052,-0.0080649196,0.0186895775,0.0151431037,0.0174296901,-0.0146425249,0.0145746719,-0.0159570210,-0.0100142185,0.0330002201,0.0332907298,0.0112799696,-0.0039597854,-0.0286531334,-0.0147638286,0.0024864160,0.0234723459,-0.0030986227,-0.0016615956,0.0045572538,-0.0144126952,0.0220710899,-0.0208879060,0.0213894695,0.0114267973,-0.0387204091,-0.0087188820,0.0244057805
120.0000000000,0.0222920195,0.0111805044,0.0030269825,-0.0093367294,0.0082012659,0.0081530709,0.0172163454,0.0152696954,0.0122784821,-0.0112111532,0.0058162420,0.0254490866,-0.0178448271,-0.0069672673,-0.0231062451,0.0119885474,-0.0003267933,-0.0054846175,0.0013112809,0.0041282148,-0.0017341513,-0.0148745651,0.0082436902,-0.0041678720,0.0069732856,0.0029405132,0.0191837991,-0.0005143444,0.0012120287,0.0032438034,0.0262902632,0.0201498484,-0.0127815780,0.0200869367,0.0121345345,-0.0160085498,0.0136566833,-0.0149806955,0.0064318294,0.0071194482,-0.0134205690,-0.0138361864,-0.0198168184,-0.0105278240,0.0280126976,0.0197781822,0.0013118654,-0.0066487379,-0.0190764300,-0.0182783591,0.0050721444,0.0108511347,-0.0095884299,0.0036815069,-0.0027210659,-0.0313520004,0.0250732313,0.0017067363,0.0002762621,0.0125922209,-0.0080305117,0.0028569677,-0.0008612126
121.0000000000,0.0177588412,-0.0008539594,0.0083853052,-0.0178835967,0.0036625414,0.0161255367,0.0084343130,0.0098036087,-0.0075609260,-0.0115515394,0.0304585081,-0.0100601464,0.0055801096,0.0005353601,0.0016261221,0.0148783321,-0.0223007096,-0.0020234791,-0.0163288782,-0.0124206085,0.0009806451,-0.0095041094,-0.0193935889,0.0032238626,-0.0085081031,-0.0008592583,0.0013552638,0.0019825244,0.0182813600,0.0080060351,-0.0008539343,0.0088501723,-0.0051239344,0.0113317816,0.0066151927,-0.0117094308,-0.0068203382,0.0062050990,0.0170937961,0.0229179227,-0.0066339028,-0.0018521079,-0.0070796392,-0.0092106283,-0.0100315349,0.0139447938,0.0058175856,-0.0175523842,-0.0176920278,-0.0092836247,0.0177855026,0.0046168712,0.0059543014,-0.0044480974,-0.0022544894,0.0004431553,0.0171243972,0.0077320882,-0.0158574128,-0.0043900878,-0.0122229502,0.0025039500,0.0195351681
122.0000000000,0.0120391161,0.0043151360,-0.0040803435,-0.0260235885,0.0296492249,-0.0097280879,0.0140123589,-0.0067002502,-0.0233136914,-0.0221968966,0.0120846469,0.0066601668,-0.0124650331,0.0163812748,-0.0148874153,0.0339571849,0.0060224306,-0.0124336591,-0.0217863048,0.0041203104,0.0319495741,-0.0222516001,-0.0202874173,-0.0108736384,0.0057077876,-0.0240512446,0.0347715427,-0.0203760722,-0.0026854564,-0.0125178090,-0.0045255823,0.0257192868,0.0042700830,0.0225781066,0.0060097126,-0.0336064074,0.0132391491,0.0044493530,-0.0040981847,0.0117297181,-0.0192990262,-0.0387192317,-0.0043061432,-0.0231866994,0.0367473629,0.0126735065,0.0143117127,0.0022135748,-0.0432461231,-0.0108747042,-0.0097390536,-0.0140617459,-0.0221204960,-0.0082302816,0.0165742479,-0.0273773641,0.0185173883,0.0159284197,0.0194002131,0.0096885716,-0.0262336167,-0.0253810167,0.0165144398
123.0000000000,0.0241479141,-0.0042958789,0.0020162531,-0.0065754840,0.0379258797,-0.0034468172,-0.0142217257,0.0102206650,-0.0209089280,-0.0301392498,0.0476162744,0.0256275605,-0.0028817190,0.0006940129,-0.0041355923,0.0133990340,-0.0269782096,-0.0150695334,-0.0052832765,0.0201719410,0.0344481334,-0.0130500944,-0.0139805342,-0.0184763800,0.0026228605,0.0108594534,0.0470204046,-0.0273444895,0.0077276475,-0.0021283720,0.0131481160,0.0372236485,-0.0118071141,0.0174438609,0.0327699128,-0.0526307882,-0.0070405937,-0.0125136816,-0.0005819912,0.0138582189,-0.0318183588,-0.0239067724,-0.0371276846,-0.0018782357,0.0184842250,0.0256022089,-0.0158090052,0.0082949721,-0.0170362508,-0.0069289381,-0.0228073662,0.0211945907,-0.0189594243,0.0067995989,-0.0031443156,-0.0406819886,0.0010594466,-0.0005416510,0.0132718124,0.0148597005,-0.0095453285,0.0016030158,0.0181920870
124.0000000000,0.0114152052,-0.0134637383,0.0075174601,0.0020157577,0.0496968602,0.0019666458,0.0055134697,0.0350638646,-0.0221514411,-0.0329978671,0.0360875017,0.0133189787,-0.0033205640,0.0216506972,-0.0179075296,0.0217469432,-0.0280890125,-0.0030532491,0.0051677682,-0.0049123560,0.0001950122,-0.0168695602,-0.0213844270,-0.0284959641,-0.0124683974,0.0265711383,0.0304351064,-0.0053405173,-0.0019343800,-0.0048337190,0.0122554083,0.0311740698,-0.0207618585,0.0080119320,0.0235663415,-0.0315921702,-0.0070486953,-0.0014059500,0.0020982764,0.0266427190,-0.0353545580,-0.0245572020,-0.0479280974,0.0238448817,0.0436289106,0.0246669933,-0.0228343213,-0.0180943365,-0.0015134247,-0.0150371335,-0.0077750664,0.0225077323,-0.0069473642,0.0178110158,-0.0040292488,-0.0411587521,0.0171696120,0.0058081478,-0.0060962909,0.0353805844,0.0027560392,0.0127329396,0.0068415252
125.0000000000,0.0145726286,0.0018554385,0.0204604861,-0.0153496992,0.0297247433,-0.0002625974,0.0263776999,-0.0036662629,0.0047919023,-0.0356857625,0.0140835600,0.0383178511,0.0128681502,0.0059375155,0.0060191764,0.0172001326,-0.0135065646,-0.0086137648,-0.0327454115,0.0065479043,-0.0033527533,-0.0052553615,-0.0031357121,0.0049683174,-0.0077880519,-0.0136303820,0.0272724345,-0.0096506420,-0.0027030727,-0.0056427764,0.0086829622,0.0364721753,-0.0181322693,0.0319968602,0.0156190405,-0.0318254691,-0.0049159670,-0.0059486099,-0.0209285955,0.0173717121,-0.0473481999,-0.0330565058,-0.0431155876,0.0272541411,0.0408920265,0.0334423721,0.0188309465,-0.0175967546,-0.0328925466,-0.0373530464,0.0119586256,0.0069228570,0.0065643336,0.0109849393,-0.0151543822,-0.0321619494,0.0322673807,0.0054015134,0.0057315510,0.0013318578,-0.0117213802,-0.0038527257,0.0047025624
126.0000000000,0.0097070892,0.0403389390,0.0316276810,-0.0036093623,0.0166714656,-0.0019290672,0.0078738602,0.0155491882,0.0071884725,-0.0068228217,0.0024370766,-0.0176292251,0.0023385270,-0.0094006665,0.0060063932,-0.0014058488,0.0092556061,-0.0039690315,-0.0050115477,-0.0035858154,0.0010691966,-0.0088697169,-0.0223173463,-0.0432453985,-0.0071451294,0.0031765713,0.0114441609,0.0073367308,0.0000907451,-0.0289805046,0.0132653564,0.0262729087,-0.0170954575,0.0068133550,0.0245070553,-0.0134970241,0.0006695280,-0.0208814974,-0.0185678282,0.0178271613,-0.0341873210,0.0079527414,-0.0154734914,0.0051240246,0.0132500962,0.0078192524,0.0182330476,0.0225205087,-0.0322452735,0.0036511498,0.0089104978,0.0162297591,-0.0039825795,-0.0093773096,-0.0181870479,-0.0032321225,-0.0116288333,-0.0026653413,0.0031084437,0.0086917392,-0.0107615540,-0.0271131986,0.0173249807
127.0000000000,0.0083873187,0.0193501310,0.0032306261,0.0022421445,-0.0114991844,-0.0010006021,0.0248168370,0.0229508151,-0.0091053184,-0.0355116996,-0.0132652172,-0.0070350239,-0.0089943375,0.0198756917,-0.0345959817,0.0047606820,-0.0143580522,-0.0121079120,-0.0060479219,-0.0197677932,-0.0053664342,0.0105900735,0.0118980421,-0.0066973049,0.0126314803,-0.0028187662,-0.0024693639,0.0053011841,0.0279230718,-0.0125957597,0.0178189158,0.0274520766,0.0047464190,-0.0046783240,0.0027125932,-0.0129600337,-0.0108435102,-0.0135799132,-0.0179463642,0.0297845497,-0.0117292803,-0.0023187571,0.0102059817,-0.0237490878,0.0133112297,0.0054477098,0.0134436391,-0.0017677672,-0.0203266105,-0.0206962456,0.0128862598,0.0116647756,-0.0026642335,0.0059767149,0.0013141448,-0.0314465456,0.0149761314,-0.0234723976,-0.0092654328,0.0000809956,-0.0378068183,0.0289695408,0.0008735073
128.0000000000,-0.0058098144,0.0039661881,0.0202517409,-0.0189124845,0.0130371275,-0.0096245739,0.0267096266,-0.0058488530,-0.0027524805,-0.0151900278,0.0024010706,0.0186155580,0.0018909649,0.0175200171,-0.0179188453,-0.0038092584,0.0038535748,0.0043692663,-0.0034967329,-0.0039725744,0.0125856737,-0.0060351516,0.0124572635,-0.0165638065,0.0047045199,0.0055658052,-0.0033179970,0.0041810397,0.0078552219,-0.0057060302,0.0224974428,0.0040090328,-0.0185474312,0.0201606307,0.0087100387,-0.0390065850,-0.0037039304,-0.0042291014,-0.0160913578,0.0247790695,-0.0152402926,-0.0097054809,-0.0260822606,0.0011044512,0.0289926252,0.0256251400,0.0160886463,-0.0090947787,-0.0129658417,-0.0220993906,-0.0040491994,0.0294653499,-0.0144083104,0.0047344372,0.0080301123,-0.0175977312,-0.0002696282,0.0041013371,0.0185946112,0.0138005627,-0.0238578981,-0.0002294371,0.0198078169
129.0000000000,0.0170310671,0.0110374195,0.0062282463,-0.0118487385,0.0231094484,0.0146336654,0.0046731936,0.0036081654,-0.0066194306,-0.0424173053,0.0254003261,0.0232405817,0.0192529783,-0.0027847236,-0.0091661579,0.0138698618,-0.0215286179,-0.0020355085,-0.0160238470,0.0146937615,0.0099967373,0.0084668171,-0.0011169101,-0.0228964621,0.0016370231,0.0054669064,0.0145286034,0.0088056776,0.0032136593,-0.0172880707,0.0094935599,-0.0037156208,-0.0013011426,0.0017652122,0.0099509755,-0.0223205420,-0.0119306272,0.0092776905,0.0181105635,0.0026347481,-0.0257100121,-0.0220519682,-0.0203708716,-0.0111514172,0.0204651866,-0.0050250263,-0.0119147946,-0.0107147208,-0.0204012637,-0.0218477611,-0.0056757843,0.0011459878,0.0074907829,-0.0242248652,0.0060867546,-0.0338014928,-0.0014983456,0.0202862011,0.0332608315,0.0200939482,-0.0048917829,0.0076427519,0.0184762737
130.0000000000,0.0248054320,-0.0051230133,0.0358129859,-0.0108599595,0.0303230014,-0.0001313264,0.0129085209,0.0031290318,0.0282603151,-0.0276206942,0.0261687771,0.0040567415,-0.0054205431,-0.0040214556,0.0069578382,0.0285295842,-0.0187097476,-0.0021860363,-0.0233007252,0.0280760309,0.0097948483,-0.0014415604,-0.0114840458,-0.0184214444,-0.0008453368,-0.0111883746,0.0162590183,-0.0140909824,0.0157758552,-0.0246500395,0.0293674349,0.0289296594,-0.0203154438,0.0274518258,0.0184904065,-0.0372809329,-0.0278992734,0.0231724705,-0.0150907695,0.0209486750,-0.0077537145,-0.0263396896,-0.0203151770,0.0058568967,0.0122598069,0.0273376722,-0.0333817350,-0.0015622211,-0.0447465027,-0.0102503439,0.0032170443,-0.0064642136,-0.0144236079,0.0000049467,-0.0120376194,-0.0303739507,-0.0040994881,0.0018600797,0.0066068330,0.0054865746,0.0023552416,0.0059800953,-0.0077806558
131.0000000000,0.0110885889,0.0061281648,0.0176412050,-0.0068106798,0.0321286181,0.0076381720,0.0260736947,0.0234548840,-0.0013981455,-0.0084078862,0.0057348323,0.0091816959,0.0090514314,0.0134117248,0.0007501729,0.0047306901,0.0010584508,-0.0018179930,-0.0039163523,0.0162671463,-0.0269360945,0.0150926751,-0.0032216938,-0.0107411833,0.0038286881,0.0105404888,0.0144866529,-0.0014532768,0.0045971927,-0.0028329942,-0.0257548135,0.0103130282,-0.0278056988,0.0126762719,0.0352678094,-0.0379120558,-0.0042685384,0.0003216523,0.0031500366,0.0145476788,-0.0059428117,-0.0149654151,-0.0005392973,0.0154294877,0.0130115985,-0.0198554512,0.0068625705,-0.0030774433,0.0053252132,0.0025974932,0.0339951021,0.0040825367,-0.0236049843,-0.0090837795,-0.0297881565,0.0123813950,0.0038153472,0.0236425182,-0.0266106851,0.0008745649,-0.0079042761,-0.0152570238,0.0246926953
132.0000000000,0.0238237219,0.0014190715,0.0029855422,-0.0160430300,0.0143072226,-0.0021599943,0.0153296185,-0.0086298612,-0.0097309357,-0.0268984903,0.0240703421,0.0126498828,-0.0136872352,0.0154299395,0.0143251949,0.0021462153,-0.0262907250,-0.0017428978,-0.0131228638,-0.0083202585,0.0220517841,0.0056727452,-0.0168885714,0.0026452942,-0.0008284557,-0.0138164109,0.0298195416,-0.0007856080,-0.0092650722,-0.0036218385,-0.0046938952,0.0146432300,-0.0004237596,0.0083391135,0.0220734955,-0.0100664944,-0.0342665412,-0.0061789530,0.0226384009,0.0356151687,-0.0400466546,-0.0199247648,-0.0062498877,-0.0320644747,0.0139649974,0.0323609691,0.0055166467,0.0083406544,-0.0554981426,-0.0297395640,-0.0083187244,0.0286879010,-0.0191461485,0.0045857843,-0.0098990512,-0.0372838324,0.0098416993,0.0150873480,0.0013631477,-0.0090033934,-0.0106515417,-0.0016799606,-0.0042912277
133.0000000000,-0.0084137824,-0.0154714551,0.0275708610,-0.0084766413,0.0168427196,-0.0021085095,0.0134538850,0.0078538570,0.0091533199,-0.0084522529,0.0026338585,0.0019032683,0.0075654698,0.0097232742,0.0004366988,-0.0115642867,-0.0050251109,-0.0029862151,-0.0299268437,-0.0051153303,0.0147272168,-0.0210954397,-0.0057883246,-0.0077627915,-0.0094193611,-0.0177214239,0.0399949767,-0.0198947232,-0.0112891985,-0.0042489519,0.0218802041,0.0175311445,-0.0069310059,0.0129816565,0.0120899598,-0.0147571454,0.0022078022,-0.0017497165,-0.0136229341,0.0443122323,-0.0158607868,-0.0048166743,-0.0118446812,-0.0054125382,0.0314135885,0.0184296304,-0.0112348157,0.0048375932,-0.0010758186,-0.0024341627,-0.0006721447,0.0103295565,0.0006089303,0.0008063623,0.0101662421,-0.0279163528,0.0105055764,-0.0074398695,0.0188554334,-0.0035366065,-0.0040510485,0.0121929553,0.0201145777
134.0000000000,0.0137734954,0.0019036069,-0.0085724494,-0.0078064183,0.0105459537,0.0187883805,0.0108231972,0.0016484523,-0.0207505269,-0.0194871498,0.0095684531,0.0125234394,0.0137925582,0.0111455684,0.0090130033,-0.0155690015,-0.0149954631,0.0082642028,0.0111896652,-0.0029595186,-0.0036128971,-0.0106423151,-0.0115296518,0.0000782067,0.0036102906,-0.0130605549,0.0170849686,-0.0101023970,-0.0025705600,-0.0013130873,-0.0068848535,0.0400341183,-0.0095531686,0.0250710732,0.0203011088,-0.0210786877,0.0120330737,-0.0099277953,-0.0051084571,0.0076226428,-0.0412009043,-0.0166873059,-0.0264915370,-0.0144096530,0.0061821902,0.0222413136,-0.0017022208,-0.0284392032,-0.0084449919,0.0007518857,-0.0106244347,0.0137161658,-0.0102453575,-0.0185307204,-0.0113139774,-0.0178523988,0.0173899498,-0.0038940549,-0.0150352883,0.0165549433,-0.0109786934,0.0148250446,-0.0060417759
135.0000000000,0.0090152889,0.0101687151,-0.0017696020,0.0089648735,0.0090605565,0.0256323262,-0.0023553388,0.0207380329,-0.0138830348,-0.0082407973,0.0022094842,0.0169523427,-0.0107578767,0.0131011061,0.0088511187,-0.0112309659,0.0092322215,-0.0000754737,-0.0286718126,-0.0157758193,0.0110764735,-0.0054931263,0.0245782801,-0.0019573875,-0.0030379861,-0.0131991402,0.0133845695,-0.0053004385,-0.0058426545,0.0051622148,0.0104268106,0.0322153446,-0.0189544062,0.0258407676,0.0058488571,-0.0318262501,0.0005961519,-0.0129679253,0.0096859574,0.0054435763,-0.0009765396,-0.0114233719,-0.0210671698,0.0036443375,0.0182369465,0.0142317991,0.0125188137,0.0014053091,-0.0281157663,-0.0217514775,-0.0117353020,0.0172593996,-0.0169021431,0.0055478534,-0.0122610427,-0.0047323305,0.0125794687,-0.0283514260,0.0173897707,-0.0350576195,-0.0024156686,0.0039694947,0.0099685504
136.0000000000,-0.0140225991,-0.0012682655,0.0237245644,0.0004285735,0.0041727200,0.0241563238,-0.0051250049,0.0264799005,-0.0001756266,-0.0261619387,-0.0121996406,0.0011752540,0.0174971396,-0.0010744728,0.0078874727,0.0038892291,0.0037448644,0.0098254070,0.0122210792,0.0044711040,-0.0031936877,0.0062522179,-0.0177811745,-0.0230918389,0.0001645918,0.0018248009,0.0338431639,0.0149200371,-0.0004130631,0.0044183138,0.0083177640,0.0095537720,-0.0022813673,0.0275807123,0.0193162200,0.0059955735,-0.0361694240,0.0164958905,0.0136125826,0.0248233121,-0.0015137965,-0.0160298141,-0.0046660325,-0.0194650505,0.0179049133,0.0083443022,-0.0005071098,0.0015201562,-0.0242346965,-0.0031699693,-0.0181398799,0.0060969937,0.0018278031,0.0009719751,0.0097448320,-0.0102810488,-0.0041691002,-0.0075144125,0.0223572335,-0.0074238387,-0.0086697149,0.0009303731,-0.0072682418
137.0000000000,0.0230495141,0.0254128656,0.0122886609,-0.0222284921,0.0496955774,-0.0020876899,0.0140849970,-0.0092908108,-0.0228449301,-0.0212438969,0.0079285682,0.0003565160,0.0115357753,0.0284278057,-0.0014110824,-0.0097829770,-0.0169799382,-0.0072868678,-0.0150898884,-0.0043044514,0.0083731762,0.0001001792,-0.0107372095,-0.0164178604,0.0155818432,0.0152760020,0.0243636382,0.0069166468,0.0086911537,-0.0026459851,0.0286581531,0.0010109877,-0.0195087164,0.0076444445,0.0129501986,-0.0134071300,0.0009791347,0.0064434117,0.0178919067,0.0152961857,-0.0285004840,-0.0135495328,-0.0413233010,-0.0102063256,0.0329684639,0.0192524729,0.0048993587,-0.0011908836,-0.0253051185,-0.0133364713,-0.0080639719,0.0037970051,-0.0221099059,0.0023333328,0.0115202843,-0.0193693895,-0.0010096155,-0.0201345727,0.0119632222,0.0126596997,-0.0314135976,-0.0131374741,0.0158628353
138.0000000000,-0.0115496392,-0.0015132052,0.0095438594,0.0022970840,0.0161641280,0.0025730307,-0.0044553079,-0.0067416467,-0.0015476258,-0.0318328372,0.0047146797,0.0161460556,0.0027332660,0.0127944149,-0.0214223659,0.0065934395,-0.0152430890,-0.0154742212,-0.0206754757,-0.0126374496,0.0134844950,-0.0352371601,-0.0094275751,-0.0164357949,0.0263238650,-0.0110515230,0.0204978554,-0.0245245869,-0.0033569109,-0.0096094608,0.0020437026,0.0087619335,-0.0386301517,0.0075136745,0.0173723925,-0.0409793305,-0.0029867536,-0.0194950859,0.0066748674,0.0079896594,-0.0181249173,-0.0095157897,-0.0202615494,-0.0094042608,0.0159801085,0.0098611161,0.0068479320,0.0247858274,-0.0267767507,0.0128708697,0.0073610355,-0.0069708054,-0.0134600380,-0.0072592281,0.0211018481,-0.0285810630,0.0252233337,0.0037757072,0.0123126873,-0.0029048041,-0.0085465285,0.0109293663,0.0108221088
139.0000000000,-0.0050109621,0.0084937333,-0.0044390787,0.0016365641,0.0132443647,0.0030377696,0.0018516055,0.0244716356,-0.0063785913,0.0039275666,0.0222165755,0.0082266236,-0.0055708691,0.0093714168,-0.0014218352,0.0060249436,-0.0071060335,-0.0147915759,-0.0037504160,0.0051993027,0.0232909457,-0.0117876890,-0.0131283824,0.0053106287,-0.0007653466,0.0059561808,0.0146927010,0.0075533494,0.0128812968,0.0241011473,0.0024055421,0.0082555700,-0.0041126068,-0.0140182401,0.0279822135,-0.0238655585,-0.0112419029,0.0116658979,-0.0004837688,0.0044219505,-0.0081388360,-0.0462465312,-0.0337516801,-0.0035903392,-0.0005841542,0.0069777665,0.0250194841,-0.0012918508,0.0055230692,0.0066566563,0.0034280879,-0.0117989735,-0.0130281856,0.0010000790,-0.0003210438,-0.0238131807,-0.0040862888,0.0111978061,0.0076990737,0.0128639480,-0.0020689700,-0.0005945195,0.0060728248
140.0000000000,0.0065175077,0.0013464616,0.0200854896,-0.0012540619,0.0107731409,0.0062482998,-0.0019510996,0.0129554764,0.0160868878,-0.0112006066,0.0059919348,0.0129839919,-0.0146625265,-0.0038680624,-0.0123526341,0.0143999380,0.0012026599,-0.0075635749,-0.0257442862,0.0143834342,0.0091710946,-0.0092422762,-0.0058542098,-0.0050611008,-0.0002838570,-0.0123787557,0.0008723881,-0.0148353033,0.0087793391,0.0048649235,0.0148955189,0.0204645991,0.0031833676,0.0005848116,0.0001141699,-0.0387127869,-0.0219569444,-0.0198413730,0.0127254040,0.0186793128,-0.0105366748,-0.0280609125,-0.0054886778,0.0018329943,-0.0006764790,0.0056411385,-0.0103322722,-0.0026072278,-0.0343734456,-0.0133458587,0.0109895885,-0.0018679963,0.0069842924,-0.0168468094,0.0043136406,0.0020363810,0.0061954599,0.0039673901,0.0237587541,0.0163967381,0.0138794224,-0.0018191196,0.0124695089
141.0000000000,0.0160715859,-0.0014955340,-0.0060115037,0.0034995017,0.0333114288,-0.0177334085,0.0050623715,0.0342212175,-0.0018650551,-0.0220410105,0.0216614288,0.0215834375,-0.0108271550,-0.0100446877,-0.0145466596,0.0062637088,-0.0109131951,0.0007033784,-0.0163981407,-0.0003534986,0.0172056297,-0.0080150398,0.0008653081,-0.0225303715,0.0047752941,0.0042383479,-0.0019342260,-0.0246799182,0.0042889549,-0.0214453011,0.0118832163,0.0192352765,-0.0076670723,0.0224414892,0.0158130477,0.0028741101,-0.0010320898,0.0101078007,0.0105706151,0.0173408564,0.0019480615,-0.0076819322,-0.0166712692,-0.0159246513,0.0045006138,0.0184617307,0.0060136259,0.0091192241,-0.0241868238,-0.0351513009,0.0040141637,0.0080520662,-0.0256792219,0.0083045194,-0.0067159851,-0.0415724121,0.0059772355,0.0051391330,0.0033741014,-0.0090270277,0.0113934197,0.0207209914,0.0165820579
142.0000000000,0.0114278311,0.0118224980,0.0127097747,-0.0212130592,0.0303772493,0.0086085903,0.0032366209,0.0060977523,-0.0000262565,-0.0176565132,0.0229548014,0.0155272906,-0.0073397520,0.0176458023,0.0078660568,0.0078391005,-0.0304897233,-0.0073926186,-0.0306142521,0.0030086738,0.0271483831,-0.0074837358,-0.0070198637,-0.0243434015,-0.0035962879,-0.0249595053,0.0396708219,0.0022955008,-0.0073081388,0.0012043184,-0.0064442778,0.0299276513,-0.0213001911,0.0276963568,0.0292717744,-0.0462445299,0.0085269121,0.0066635732,-0.0283654651,0.0254793004,-0.0418817889,0.0065288359,-0.0315231846,-0.0214260869,0.0146671696,0.0311430790,-0.0010496107,0.0041200758,-0.0497716360,0.0049171279,-0.0068088790,0.0038499982,-0.0071760569,0.0194256499,-0.0149347046,-0.0392088093,0.0245441260,-0.0368218812,0.0130240456,-0.0058829850,0.0092547101,0.0051006995,0.0046490495
143.0000000000,0.0104209537,-0.0023241663,0.0079784666,-0.0176672993,0.0024076887,-0.0181651879,-0.0112276164,0.0086406542,-0.0086820004,-0.0324879372,0.0230522925,-0.0059749683,0.0111394661,0.0044930155,0.0065679497,0.0374643247,-0.0121682981,0.0008208345,-0.0236265192,0.0030595679,0.0242291254,-0.0099741936,-0.0105396901,-0.0049131701,0.0107618738,-0.0048792295,0.0121848078,0.0101796319,-0.0050608981,0.0204043398,0.0107457938,0.0170049790,-0.0149892079,0.0044863510,0.0230189127,-0.0407284848,-0.0039408717,-0.0226937054,-0.0050673674,0.0059943608,-0.0407774806,-0.0127864267,-0.0177660616,-0.0076785827,0.0141272054,0.0156407848,0.0123457788,-0.0051522924,-0.0203926495,-0.0031702162,-0.0029511869,0.0077879375,-0.0307673838,-0.0090379548,-0.0133370283,-0.0057464580,0.0092474947,-0.0002944126,0.0108109717,-0.0082112219,-0.0032110908,-0.0186695818,0.0079212960
144.0000000000,0.0067828268,-0.0116105821,0.0001438953,-0.0032603755,-0.0109118779,-0.0128944420,-0.0010856035,-0.0012908097,-0.0073784574,-0.0088789112,0.0244500633,0.0408294324,0.0011591723,-0.0009754711,-0.0076665255,0.0099816442,-0.0042614701,0.0010325338,-0.0271181348,-0.0044875541,-0.0039188983,0.0019537604,-0.0132509066,-0.0220511642,0.0109049085,-0.0115459334,0.0246467879,-0.0018286876,-0.0082376442,0.0089425851,-0.0076851172,0.0086628585,-0.0049536549,-0.0019788197,0.0123964036,-0.0139819406,0.0049464168,-0.0022141405,0.0037332586,0.0065515650,-0.0217255615,-0.0050450151,-0.0075514410,0.0008596938,0.0121664204,0.0245900102,-0.0004440987,-0.0059306736,0.0073850836,0.0057036013,-0.0018781277,0.0000954014,-0.0087210373,0.0073619859,0.0086091390,-0.0256933542,0.0124222536,0.0075876120,0.0228042028,-0.0085998829,-0.0111027487,-0.0033645655,-0.0112972885
145.0000000000,0.0232150047,-0.0161004636,0.0367073354,-0.0338279588,0.0181703761,0.0026123062,0.0071888380,0.0242066380,-0.0053405789,-0.0067037990,0.0352472025,0.0054362428,-0.0207175603,-0.0156922610,-0.0072956240,0.0132044554,0.0106393489,-0.0256017129,-0.0379956073,-0.0069289020,0.0243534966,-0.0240434762,-0.0061533210,-0.0090611798,-0.0053703320,-0.0200862497,0.0307254045,0.0110839752,0.0185157520,-0.0135387188,0.0129609447,0.0113343759,-0.0102615176,-0.0017492051,-0.0080703345,-0.0052438353,-0.0010415063,0.0070518231,0.0001995732,0.0184912065,-0.0116631038,0.0034675768,0.0111824779,-0.0149493868,0.0273883969,0.0067657855,-0.0213851870,-0.0004786766,-0.0425864938,-0.0082873533,0.0050758149,0.0119260781,-0.0152918923,0.0050433037,-0.0034626185,-0.0095863020,-0.0055657953,-0.0232037665,0.0115737251,-0.0060126295,0.0012854495,0.0031788637,0.0017193740
146.0000000000,0.0072055565,0.0064969731,0.0027093732,-0.0442659191,0.0148141598,-0.0018672501,-0.0126390241,-0.0034007530,-0.0050502801,-0.0008523892,-0.0000177750,-0.0012151346,0.0029661171,0.0250415731,0.0052084462,0.0102479339,-0.0218804849,-0.0113339869,-0.0275073033,0.0228754555,0.0090555539,-0.0244172797,-0.0190052555,-0.0126197508,0.0076465138,-0.0008236095,0.0230275446,-0.0188615070,0.0078149076,0.0072372590,0.0249486151,0.0304014799,0.0140476328,0.0232844488,0.0107315063,-0.0217791935,0.0069957950,0.0127068648,0.0075045503,0.0146170293,-0.0101569709,0.0123798930,-0.0388242143,0.0249906797,0.0151684243,0.0120079706,-0.0046920342,-0.0007016643,0.0125977992,-0.0102847717,-0.0212975022,0.0194173173,-0.0169195632,-0.0122783693,-0.0131078168,-0.0214890020,0.0413643646,-0.0004997933,0.0201384301,0.0064338226,-0.0185748247,0.0231093538,0.0025797644
147.0000000000,0.0068235661,0.0229466335,0.0017540469,-0.0067308767,-0.0067354972,-0.0157872428,0.0074004180,-0.0183037851,-0.0130827529,-0.0177812755,-0.0020598195,0.0028951507,0.0079487060,-0.0178733816,0.0144305948,-0.0068344208,-0.0115330677,0.0011614729,0.0064295301,-0.0055166286,0.0119974620,0.0055560539,0.0100254242,0.0001884409,0.0118871565,-0.0068100838,0.0060737616,-0.0120975309,-0.0161458289,-0.0223383122,0.0047010787,-0.0010846219,0.0003867908,-0.0105965415,0.0091083444,-0.0063851819,0.0102615687,-0.0038361833,-0.0009434659,0.0299517708,-0.0016368241,0.0206669745,-0.0194509691,-0.0024039705,0.0099690529,0.0035720200,-0.0153764834,0.0119929610,-0.0177909165,-0.0049380623,-0.0166673747,-0.0041940904,-0.0036085515,-0.0000961537,-0.0003549425,0.0106274778,0.0015611459,-0.0126004718,-0.0037813680,0.0021441357,-0.0280538449,-0.0021253387,-0.0145116787
148.0000000000,0.0094311032,0.0100268019,-0.0041889946,-0.0295949241,0.0321849161,-0.0131462611,0.0035253597,0.0113812023,0.0049636768,-0.0037511060,0.0183467502,-0.0039259768,0.0088382665,-0.0044921496,-0.0168837466,0.0273234844,-0.0145598826,-0.0113934008,-0.0005823443,-0.0058327152,-0.0142313753,0.0032064662,-0.0080275439,-0.0183251743,-0.0079166820,0.0065316080,0.0124050444,-0.0131463738,-0.0070040025,-0.0034201615,0.0246536412,0.0459540276,-0.0191977222,0.0302148078,0.0007925162,-0.0197587683,0.0046777419,-0.0091346227,-0.0029794900,0.0195350464,-0.0224436297,-0.0116735685,-0.0284087603,-0.0123042706,0.0365382487,0.0145075400,0.0113838394,-0.0057448167,-0.0119526666,0.0015459145,0.0115236462,0.0138229161,-0.0168600448,-0.0200631419,-0.0179929782,-0.0161527548,0.0092992298,-0.0115115265,-0.0131905143,-0.0069219878,-0.0187474556,-0.0049931053,0.0209987462
149.0000000000,0.0098845983,0.0042488357,0.0244570271,-0.0235040823,-0.0142893031,0.0059792742,-0.0053070478,0.0092063839,0.0037204088,-0.0204896942,0.0178443117,0.0139485693,0.0056364758,0.0043895337,0.0282632452,0.0062465912,-0.0051257371,-0.0161451910,-0.0206076202,0.0158481566,0.0155272696,0.0166491004,-0.0080074106,-0.0313547162,0.0022739926,-0.0181842157,0.0234505309,-0.0179793509,-0.0149369694,0.0144374803,-0.0013389206,-0.0137640073,0.0159247793,-0.0124356928,0.0037582290,-0.0199778081,-0.0145604162,0.0045941837,0.0175828481,0.0093602796,-0.0295678549,-0.0086535128,-0.0175542836,0.0014551886,0.0079219174,0.0197579744,-0.0094995012,-0.0013197380,-0.0161150707,0.0016575828,-0.0010723847,0.0212777299,-0.0394728677,0.0049913691,-0.0065022948,-0.0448321988,-0.0085504526,-0.0002253603,-0.0012282060,0.0048100619,-0.0024819264,0.0057322041,-0.0074509187
150.0000000000,0.0041488337,0.0289033764,0.0157498451,-0.0113048512,0.0276243653,-0.0025723942,0.0000066658,0.0126175497,-0.0125206083,-0.0176516861,0.0146087561,0.0205205235,0.0087835705,0.0204018804,-0.0013846015,0.0187921194,-0.0055574250,-0.0030379087,-0.0117083373,-0.0063915471,0.0070673821,0.0148998284,-0.0189203515,-0.0141506227,-0.0043358815,-0.0120299154,0.0174814792,-0.0188333269,-0.0196017511,-0.0003860490,0.0133711293,0.0232446814,-0.0106591987,0.0182223218,0.0335854523,-0.0385169415,0.0125397676,-0.0029757630,-0.0045243805,0.0213499977,-0.0008349826,-0.0179741897,-0.0321965445,-0.0022842444,0.0239814778,0.0296989711,-0.0089244082,0.0205126110,-0.0316670602,-0.0239360507,0.0115660652,-0.0031840719,-0.0055367990,0.0116059443,-0.0165073518,-0.0153802721,0.0205883619,-0.0077646984,0.0055733949,0.0298162870,0.0060866275,0.0139783588,0.0001033833
151.0000000000,0.0165632042,-0.0031421608,0.0099160314,-0.0317924383,0.0301216451,0.0208599247,0.0174663748,0.0071631594,-0.0144696402,-0.0136585185,0.0163752243,0.0259215355,0.0106070976,0.0083524704,-0.0045954949,0.0265320907,-0.0408818974,0.0009987175,-0.0066814934,0.0116874115,0.0142341660,0.0113332050,-0.0018423669,-0.0385580859,0.0115775653,-0.0026097145,0.0285825091,-0.0134799471,0.0094173363,0.0102824653,0.0097494829,0.0185449360,-0.0138005927,0.0342106404,0.0182307914,-0.0313267738,0.0260543343,0.0245920316,-0.0052000822,0.0314925079,-0.0110855498,-0.0260375488,-0.0178875421,-0.0085534323,0.0314942271,0.0368849311,-0.0193849130,-0.0059400446,-0.0343861496,-0.0194758482,0.0101389193,-0.0039871420,-0.0179785272,0.0137003763,-0.0078820387,-0.0183067521,0.0333543442,-0.0062547533,0.0009650801,0.0072949308,-0.0188489447,0.0041980067,0.0236962849
152.0000000000,0.0238205228,-0.0003132264,0.0064880793,-0.0277528981,0.0174953731,0.0142150634,0.0061331377,-0.0023624376,0.0156446830,-0.0452658848,0.0081123056,0.0159558250,0.0107463920,-0.0039492708,0.0033794400,0.0097969314,-0.0262552557,-0.0041965556,-0.0170772012,0.0009591879,-0.0029249995,0.0144203365,-0.0063647041,-0.0227899961,0.0045732124,-0.0080397732,0.0152429857,-0.0068627802,-0.0112104197,-0.0161493271,0.0176678559,0.0395474225,-0.0097824516,0.0130600228,0.0456150816,-0.0251450708,0.0020477177,0.0082645249,0.0026815091,0.0145456805,-0.0207672816,0.0054703929,-0.0283268274,-0.0236909728,0.0229818665,0.0011889264,-0.0155372752,0.0048932992,-0.0299386961,-0.0111470346,-0.0218072232,0.0051410473,-0.0194059935,-0.0092055278,-0.0149413431,-0.0399470352,0.0197397079,0.0143331388,-0.0240468689,-0.0146437722,-0.0205467393,0.0203556737,0.0266554026
153.0000000000,0.0159804527,0.0151705562,0.0103539358,-0.0141420407,0.0302608365,0.0052257255,-0.0255518502,0.0110523279,-0.0036321937,-0.0246119662,0.0018213428,-0.0157431489,0.0214753697,0.0080813387,-0.0222236431,0.0371343532,-0.0114677372,-0.0192894812,-0.0103273779,0.0060994358,0.0082863110,-0.0004477111,-0.0114755155,-0.0047208597,0.0142234053,0.0049642589,-0.0101982531,0.0130850004,-0.0010075615,0.0086962938,0.0209745717,0.0121257703,-0.0312327784,0.0055375749,0.0279119685,-0.0158945153,0.0039351694,0.0032696241,0.0060791337,-0.0011260424,-0.0146413345,0.0136765759,-0.0087967988,0.0151816500,-0.0113434647,0.0181487672,0.0094936271,-0.0240196722,-0.0155718389,0.0059532829,0.0052475848,-0.0085254595,0.0108377451,-0.0073372027,-0.0087245671,-0.0166481995,0.0164343395,0.0007787764,-0.0001324723,-0.0216468596,0.0002979415,0.0227493876,-0.0168198086
154.0000000000,0.0089384032,0.0122957424,-0.0142135514,-0.0036930972,-0.0034266237,0.0023164339,-0.0236470942,0.0053800120,-0.0117592142,-0.0056039005,0.0343388808,0.0000777873,-0.0032682104,0.0158065404,-0.0079292663,0.0184695567,-0.0181678852,0.0071666640,-0.0038652688,0.0123388860,-0.0117234856,-0.0155286857,-0.0060057298,0.0115513729,0.0035576319,-0.0023572751,0.0025753634,-0.0007850352,-0.0186681596,-0.0065501962,0.0052549018,0.0173683499,-0.0057672111,-0.0019341256,0.0088600741,-0.0264081173,0.0160210885,0.0078675164,0.0022009266,0.0208969337,-0.0164992356,-0.0188954766,0.0038036817,-0.0279668526,-0.0015649131,0.0153043006,0.0081726905,-0.0125788429,-0.0142188683,-0.0275712690,0.0359398238,-0.0005535314,-0.0127972746,0.0003190076,-0.0146352123,-0.0149896634,0.0036938727,0.0105105538,-0.0060444161,0.0040391302,-0.0176135175,-0.0246996700,0.0325957675
155.0000000000,0.0489327360,-0.0071879873,0.0172281238,-0.0232277421,0.0355909835,-0.0121566664,-0.0148409326,0.0181422841,0.0094879772,-0.0530563842,0.0194187621,0.0421427331,-0.0218989790,0.0163768292,-0.0256389766,0.0119339789,-0.0344024062,-0.0066356600,-0.0313065200,-0.0172765883,0.0025341933,-0.0222226266,0.0032153872,-0.0163626312,0.0101802179,-0.0076263432,0.0676573315,-0.0031899307,0.0088766741,-0.0048890611,0.0126705492,0.0276575813,-0.0235542963,0.0182385210,0.0338074774,-0.0216521246,-0.0049567407,-0.0073147924,-0.0102460117,0.0515791527,-0.0400182215,-0.0318636888,-0.0305827224,-0.0252587699,0.0291484223,0.0443818398,0.0152702835,0.0018539060,-0.0165196727,0.0003923574,0.0005996157,0.0157392023,-0.0055911142,0.0102847320,-0.0067563418,-0.0097158047,0.0457655440,0.0001187218,0.0011756208,0.0027008179,0.0127414378,0.0130854069,0.0106647471
156.0000000000,0.0135314765,0.0028955514,-0.0057284644,-0.0174087529,0.0327333797,-0.0017963153,0.0156692834,0.0089907872,-0.0042068795,-0.0312681648,0.0271527328,0.0148274285,-0.0009247061,-0.0047667182,-0.0160898092,0.0301542842,-0.0032519765,-0.0075874317,-0.0442605057,-0.0031539035,0.0005956532,0.0008596363,-0.0048605804,0.0003520181,-0.0017426726,-0.0083308943,0.0364781966,-0.0005575433,-0.0065310445,0.0066950717,-0.0113039235,0.0285436356,-0.0086899053,0.0018287299,0.0049968102,-0.0481409998,0.0134734348,-0.0171941407,0.0001469744,0.0239169123,-0.0222021799,-0.0192175369,-0.0327194733,-0.0120109649,0.0181563815,0.0167708425,0.0082832387,-0.0101908575,-0.0153072239,-0.0131528121,0.0111484752,0.0040672591,0.0072717559,0.0112063476,0.0003304619,-0.0314807049,0.0087136861,-0.0101442289,0.0144077247,0.0259564651,0.0101903263,0.0119139613,0.0125563695
157.0000000000,0.0180119796,-0.0103778861,-0.0284199817,0.0047789134,0.0134039826,0.0149545307,0.0280042591,0.0319975835,-0.0203277844,-0.0173064304,0.0446955893,0.0399517141,0.0059893856,0.0127142319,0.0062596992,0.0228994106,-0.0134080201,-0.0036606180,-0.0243729564,-0.0019239623,0.0068191073,-0.0124823426,-0.0347215212,-0.0119485203,-0.0180174333,0.0219349547,0.0295286438,0.0046573537,0.0284333892,-0.0014790480,0.0256816586,0.0268719674,-0.0013102572,0.0153012995,0.0100496765,-0.0138645897,-0.0170992010,-0.0008479528,0.0025433045,0.0206606838,-0.0372749338,-0.0035456940,-0.0311810804,-0.0056318256,0.0095194778,0.0178237729,-0.0319481440,-0.0105130470,-0.0255482892,0.0100480503,0.0202722695,-0.0030684123,-0.0023522088,0.0121412547,-0.0065230906,-0.0201115422,0.0066202965,0.0001382849,0.0126023049,0.0187211281,-0.0150983814,0.0088029178,0.0186574789
158.0000000000,0.0176449880,-0.0189704040,0.0058710633,0.0072250640,0.0251561868,0.0267730702,-0.0278560273,0.0223474601,-0.0042963209,-0.0070554709,0.0254505594,-0.0172816435,0.0029857384,0.0124582402,-0.0011293192,0.0136469511,0.0083699902,0.0160822079,-0.0228305193,-0.0058001775,0.0059941153,-0.0020342945,-0.0125539523,-0.0264182176,0.0075187271,0.0144685160,0.0091938790,0.0031808430,-0.0033266894,-0.0091028178,0.0271809827,0.0271580994,-0.0229285067,0.0127317591,0.0272314262,-0.0175134177,0.0231809953,0.0037721347,0.0043114547,0.0047156821,-0.0213712457,0.0059172181,-0.0246728784,-0.0063874215,0.0120735101,0.0356779641,-0.0074620160,0.0076627148,-0.0405387522,-0.0228376769,-0.0107219532,0.0217745479,-0.0081103495,-0.0154220100,-0.0059946485,-0.0035537676,0.0222985669,-0.0011368010,0.0138735212,-0.0085573438,-0.0261185619,-0.0103812197,0.0095425988
159.0000000000,0.0064100984,-0.0138180073,0.0151107844,-0.0122945629,0.0308503186,0.0001626235,-0.0010762519,-0.0056072841,0.0106917709,-0.0212492801,0.0133269416,0.0023599637,0.0053316679,-0.0055378946,-0.0159384930,0.0137588103,-0.0066053725,0.0000217643,0.0109895000,-0.0152435687,0.0011769110,-0.0043305715,-0.0195229387,-0.0244854115,-0.0122406952,0.0110213627,0.0245277318,-0.0162988627,-0.0086336153,0.0036945795,0.0148937212,0.0068521424,0.0005461743,0.0180052971,0.0276489163,0.0111474037,0.0070457707,-0.0026736850,-0.0107249226,0.0031766450,-0.0072088719,-0.0021611870,-0.0242456078,-0.0196597743,0.0269513789,0.0034655682,-0.0052167348,-0.0099009159,-0.0312419501,-0.0072943177,-0.0102162147,-0.0018843364,-0.0094030165,0.0270650009,0.0073744341,-0.0255128282,0.0217541876,0.0046340006,0.0027541299,-0.0077325091,-0.0242275986,0.0077163765,0.0044889473
160.0000000000,0.0095046067,-0.0070826268,0.0030741206,0.0045263416,0.0164826849,0.0140709684,-0.0124703815,-0.0037319321,-0.0123352352,-0.0163679686,-0.0001019363,0.0208771210,-0.0001687465,0.0222873035,-0.0187723436,0.0009753288,-0.0030851348,-0.0041851443,-0.0104893537,0.0216388011,0.0062553729,-0.0041204954,-0.0110077549,0.0061192498,0.0000127046,0.0016554584,0.0121876784,0.0013101639,0.0063656898,0.0041111127,0.0228213912,0.0149884217,-0.0009834011,0.0075753321,0.0093179857,-0.0219470061,-0.0197812908,-0.0097696020,-0.0044192748,0.0162427697,-0.0342338709,-0.0073805091,-0.0075086054,-0.0050215230,0.0173528514,0.0200702201,0.0086623128,0.0121379108,-0.0259582910,-0.0234301732,-0.0035904700,-0.0116063146,-0.0057542545,0.0063514205,-0.0167588614,-0.0168126602,0.0210401906,0.0269041485,0.0208119979,-0.0012501786,0.0071541970,-0.0114875678,0.0268869842
161.0000000000,0.0219792870,0.0108619167,0.0309282391,-0.0132706215,0.0018080128,-0.0019984172,0.0038693045,0.0185368243,0.0071306324,-0.0088853434,0.0150329445,0.0051545592,-0.0061930963,-0.0054384647,-0.0010465542,0.0260217837,-0.0057051090,-0.0205736601,-0.0112418672,-0.0171974922,0.0091668853,-0.0149340807,0.0010506828,-0.0336387017,-0.0011480917,0.0010996547,0.0156192326,-0.0192271755,0.0095850114,0.0070731991,0.0069452590,0.0205784706,-0.0092135312,-0.0007587023,0.0020088077,-0.0110042885,0.0028566363,-0.0171300081,-0.0026182244,0.0184280940,-0.0248239804,-0.0045063496,-0.0075782617,-0.0106017537,0.0171945331,0.0277680397,0.0063380174,-0.0049831553,-0.0049415630,-0.0070252580,0.0174991543,0.0022155653,0.0034488278,0.0036480056,-0.0009307946,-0.0121867724,0.0151570599,-0.0041394920,-0.0190449729,0.0070970537,-0.0084651739,0.0144154564,0.0038287143
162.0000000000,0.0173722047,0.0076810503,-0.0104296269,-0.0169877733,0.0057450783,-0.0111305318,0.0269583643,0.0120723030,0.0109206779,-0.0024312035,-0.0045701777,0.0263463770,0.0086674934,0.0068809292,-0.0015509014,0.0025610797,-0.0343336048,-0.0033692723,-0.0052404783,0.0054068461,-0.0004040730,-0.0124867233,0.0028366556,-0.0271206220,0.0202291706,-0.0165899280,-0.0014892839,0.0045663951,-0.0200419697,0.0050414746,0.0093035508,0.0190524197,-0.0260015023,0.0117110203,0.0127630586,-0.0045129530,0.0079068109,0.0090770029,-0.0064115712,-0.0063266938,-0.0143803222,-0.0078121333,-0.0208979363,-0.0120248677,0.0171727622,-0.0030543528,0.0096118518,0.0189572588,0.0013411657,0.0035809197,0.0003905642,0.0314280012,-0.0097298577,0.0072759270,-0.0069514386,-0.0411851003,0.0163849610,0.0060455621,0.0047164933,-0.0004198030,0.0044753618,-0.0005752617,-0.0094294921
163.0000000000,0.0313309895,0.0125388240,0.0102683192,-0.0237275366,0.0127784690,-0.0015710930,-0.0004351431,0.0111963746,-0.0112376623,-0.0284164398,0.0144559839,0.0175697434,-0.0185176082,-0.0131753911,0.0111692605,0.0321949691,-0.0082148957,-0.0054072295,-0.0242993605,-0.0040662543,0.0171965240,0.0029006215,-0.0069005682,-0.0039768209,0.0075315922,-0.0196517680,0.0120757277,0.0051478144,0.0095553902,-0.0176923063,0.0424507640,0.0166709150,-0.0081878845,-0.0031754559,0.0085705116,-0.0216214021,0.0177817562,0.0020566530,-0.0005066874,0.0274987791,-0.0245031032,-0.0205784096,-0.0185714587,0.0217973019,0.0325045631,0.0507022652,-0.0203226031,-0.0009924496,-0.0411613763,-0.0150779399,0.0021739074,-0.0093530588,-0.0216687713,-0.0064890311,-0.0131842850,-0.0172490026,0.0081912110,-0.0012574604,0.0067425803,0.0121328340,-0.0051664811,0.0075242554,0.0046006237
164.0000000000,0.0268705800,-0.0080159406,0.0048316151,-0.0181305898,0.0028113518,0.0111832322,0.0088744708,-0.0107886065,-0.0201506001,-0.0151504343,-0.0080550427,-0.0049426057,0.0122322648,0.0079189232,-0.0041283518,-0.0002326095,-0.0094859734,-0.0258346163,-0.0219686590,-0.0038136947,0.0020215237,0.0030980241,-0.0110761580,-0.0421443842,0.0015809884,0.0042363893,0.0264714638,0.0137740676,0.0067574392,-0.0129509711,-0.0006478778,0.0082793016,-0.0169384212,0.0263202144,0.0152766512,-0.0065045060,-0.0197608815,-0.0008698256,-0.0160991338,0.0315051986,-0.0162488664,0.0060060001,-0.0165295772,-0.0014839874,0.0324386707,0.0246410970,-0.0038228486,-0.0079515200,-0.0306939724,-0.0030337919,0.0108083434,0.0141180552,-0.0148347588,0.0171346632,-0.0196991687,-0.0220571635,-0.0108279818,-0.0039350523,0.0069179870,0.0049461588,-0.0145784957,0.0089312467,-0.0073099696
165.0000000000,0.0071159587,0.0112063209,-0.0095500098,-0.0181728787,0.0117203741,-0.0056763302,0.0130034916,0.0038286095,0.0040008752,-0.0168830895,0.0097999264,-0.0008267082,0.0171286406,0.0207833537,0.0176645246,0.0093290373,-0.0010157292,0.0010657015,0.0047429838,-0.0081170142,0.0115785910,-0.0027359092,0.0083303681,0.0040484823,-0.0040227926,-0.0071140345,0.0245862706,-0.0187851618,-0.0069802142,-0.0001174651,0.0172846430,0.0078836588,-0.0205747735,0.0196648992,-0.0006754456,-0.0210828060,-0.0019861303,-0.0013448992,-0.0065962095,0.0087878146,-0.0330906979,0.0029307956,-0.0347362352,0.0205568223,-0.0096339054,0.0305875476,-0.0061672798,0.0077645341,-0.0051458225,-0.0178980287,0.0055739968,0.0160456613,-0.0223307895,-0.0129142951,-0.0164981188,-0.0064371569,-0.0081735272,0.0054878068,0.0157844255,0.0103431116,-0.0099551957,-0.0066583024,0.0120290410
166.0000000000,0.0107207853,-0.0026384102,0.0016321948,-0.0122485251,0.0134218995,0.0261778679,-0.0113018813,0.0132461850,-0.0209217117,-0.0161190133,-0.0011096995,0.0147444270,-0.0149752909,0.0079986569,0.0095802857,0.0087964598,-0.0364673121,-0.0059390799,-0.0064264312,0.0255887019,0.0033876663,-0.0075714937,0.0032164347,0.0025798057,-0.0050118249,-0.0100769839,0.0051755810,-0.0367284290,-0.0029288031,0.0023200967,0.0230135694,0.0271801671,-0.0209242008,0.0151194634,0.0129830996,-0.0177948866,0.0016126089,-0.0078537877,0.0085324574,0.0109718197,0.0054204558,-0.0133949303,-0.0106126615,-0.0073018861,0.0183911312,0.0241970409,-0.0003941964,0.0050188030,-0.0366920021,0.0085501706,-0.0067627860,0.0063598511,-0.0051017719,0.0015169588,-0.0249703562,-0.0332078112,-0.0001314360,-0.0093376943,0.0270946785,0.0007120402,0.0056832775,0.0167821188,0.0117406638
167.0000000000,0.0110260716,-0.0259938902,-0.0238171307,-0.0040553557,0.0024251261,0.0021778225,0.0124392741,0.0075806868,-0.0116708715,-0.0271000436,0.0014040567,0.0093282176,0.0077356206,-0.0169253997,-0.0333543698,0.0169113067,0.0018483414,-0.0135791025,-0.0375103280,0.0125881687,0.0184788422,-0.0169211904,-0.0079624303,-0.0133643546,-0.0202998625,-0.0058938068,0.0202135840,-0.0262384984,-0.0070760065,-0.0069379721,-0.0232654541,0.0225292756,0.0159061834,0.0035734677,0.0192536357,0.0019487489,-0.0200813368,0.0136040314,-0.0051628079,0.0053359215,-0.0210200786,-0.0094240582,-0.0142988666,0.0050615983,0.0124598817,0.0363965256,-0.0000266705,-0.0063817705,-0.0038697968,-0.0089050471,0.0020171756,0.0153053199,-0.0096492882,-0.0091068513,-0.0041399981,-0.0117138035,0.0164428920,0.0182452274,0.0138454280,0.0167984223,0.0065856444,-0.0013841384,-0.0110882273
168.0000000000,0.0378894310,0.0013235914,0.0027665548,-0.0176753438,0.0333485380,-0.0271605365,-0.0017566407,0.0174247792,-0.0005797186,-0.0192162010,0.0278388825,-0.0134046304,0.0052086476,0.0124594386,-0.0179901663,0.0201460458,-0.0073897294,-0.0152155115,-0.0196128225,0.0122956383,-0.0029399387,-0.0199406367,-0.0119322372,-0.0244598221,0.0062568980,-0.0172761017,0.0141107787,-0.0139182394,0.0042449450,-0.0130009599,0.0268716884,0.0398070447,-0.0223622119,0.0158281621,0.0435163863,-0.0196762412,0.0233405019,-0.0243085987,-0.0099803692,0.0268770438,-0.0276711127,-0.0111293481,-0.0299479149,-0.0079171488,0.0271946220,0.0320234945,-0.0085626655,-0.0107236202,-0.0313856459,-0.0111639952,-0.0133656728,0.0190491840,-0.0111396132,-0.0050534969,-0.0006243297,-0.0383878473,0.0332121472,0.0227757394,-0.0182279024,0.0087372194,-0.0053484998,0.0050728074,-0.0004248008
169.0000000000,-0.0000824210,-0.0006848517,0.0057156445,-0.0047716647,0.0132542688,-0.0085605019,0.0133698263,0.0125494455,-0.0116127566,-0.0178670796,-0.0125059130,-0.0089930571,0.0078806300,-0.0062917784,0.0136384624,-0.0236699656,0.0022775229,-0.0213724964,0.0032150979,0.0065138363,-0.0183572812,-0.0106249538,0.0023227868,-0.0117704849,-0.0105348290,-0.0136995758,-0.0083296778,0.0111822603,0.0030109274,0.0032206039,0.0204590818,0.0046006944,-0.0208900070,-0.0185374847,0.0242311738,-0.0151996931,-0.0053078272,0.0068339547,-0.0021074996,-0.0076491880,-0.0245308616,-0.0089096887,-0.0248708101,0.0184875839,0.0009207785,0.0153769377,0.0065894192,0.0034236744,0.0050907095,-0.0054981517,-0.0032663160,0.0032520179,-0.0162513966,-0.0004916357,0.0157339417,0.0118529995,0.0068313000,-0.0252841322,0.0208783064,0.0361401266,0.0129432150,0.0075027452,-0.0001833387
170.0000000000,0.0113509515,-0.0017455480,-0.0006282803,-0.0155573649,0.0425249528,-0.0063587367,0.0244566521,0.0137004294,-0.0033028623,-0.0160691210,0.0031300937,0.0112421770,0.0059868220,0.0059421838,0.0030467240,0.0249316564,-0.0269509140,-0.0093011028,-0.0091341598,0.0054342907,0.0201359223,-0.0200962395,-0.0203558614,-0.0178481543,0.0126020319,0.0016231967,0.0099608077,-0.0109524997,-0.0028138678,0.0148129266,0.0439910215,0.0246690688,-0.0191204427,0.0091085685,0.0295756077,-0.0372185440,0.0074094556,0.0062790899,0.0152528806,0.0143737589,-0.0235937778,-0.0098683329,-0.0132596112,0.0173324425,0.0082115908,0.0249167639,-0.0028810921,-0.0087604080,-0.0200210501,-0.0143507780,0.0075909586,0.0435612313,-0.0343300451,0.0070434484,0.0028323308,-0.0389603939,0.0128774764,0.0035439867,0.0299319617,0.0220359698,-0.0220766341,0.0023065170,0.0114746229
171.0000000000,0.0133477613,-0.0191531240,0.0192771502,-0.0052153218,0.0265905956,-0.0001200318,0.0247756421,0.0097787944,-0.0129887341,-0.0351547251,0.0167211796,0.0020937976,0.0007974888,-0.0152799851,-0.0067403566,0.0122537362,-0.0075975726,0.0051760443,-0.0116448360,-0.0205277748,0.0131120926,-0.0174751814,-0.0005113113,-0.0351786563,0.0140468920,0.0071530017,0.0386907477,-0.0219467749,0.0025262563,-0.0073474877,0.0193667561,0.0230993867,-0.0203720555,0.0183825690,0.0381258371,-0.0292870192,0.0203424787,0.0020572384,-0.0072870477,0.0162090998,-0.0354261873,-0.0238578207,-0.0325615670,0.0037671673,0.0275184303,0.0411392285,0.0189159043,-0.0173231831,-0.0310588621,-0.0353909020,0.0132645678,0.0128294657,-0.0106607199,0.0252798116,-0.0170683039,-0.0154350820,0.0082780460,0.0088246579,0.0112769742,0.0126771026,0.0003969725,-0.0071542940,0.0227738308
172.0000000000,-0.0020273133,0.0178395420,-0.0175744176,0.0057710030,0.0220831321,0.0113918474,0.0270374558,0.0139609232,-0.0008121650,-0.0323404189,0.0086515984,0.0180028601,0.0083482822,-0.0301690051,-0.0040593546,-0.0185288972,0.0018622238,-0.0025764219,-0.0275664967,0.0026843423,-0.0073842245,-0.0068840339,-0.0061992526,-0.0012465610,-0.0155885312,-0.0090729393,0.0081045828,-0.0103385855,0.0139714670,0.0260240742,0.0047061834,0.0353516579,-0.0021092428,-0.0090138097,0.0459473371,-0.0125783709,-0.0101423081,0.0146909898,-0.0022099415,0.0064539013,-0.0228787646,0.0010963725,-0.0175212123,-0.0050654298,0.0017412757,0.0052986882,-0.0063614503,-0.0075892724,-0.0042534926,-0.0032872308,-0.0103993084,0.0071078972,-0.0111877914,0.0051424817,-0.0031641393,0.0134625847,0.0053893588,-0.0164822912,0.0187229825,-0.0082352123,-0.0116380148,0.0042686832,0.0044043150
173.0000000000,0.0046089009,0.0213808337,-0.0131150302,-0.0252464344,0.0213433977,0.0055225352,-0.0090510924,-0.0019311403,-0.0103801426,-0.0531829476,0.0035958077,0.0279586179,-0.0008047307,0.0276085701,0.0030216422,0.0122656245,-0.0008701397,-0.0092910465,-0.0053035464,0.0140229543,0.0153430406,0.0015501199,-0.0191630787,-0.0060714797,-0.0088877265,-0.0096857929,0.0101993840,0.0134984120,0.0042879405,-0.0248145523,0.0177780661,0.0066159379,-0.0104742002,0.0114997837,0.0152656900,-0.0026512020,-0.0004211073,-0.0075407708,-0.0107952559,0.0140909271,-0.0067926817,-0.0230203568,-0.0281549548,-0.0091214206,0.0285216364,0.0026215185,-0.0095298216,-0.0049503271,-0.0167565037,-0.0081355591,-0.0129335955,-0.0132001497,-0.0263809585,-0.0068557609,-0.0031156602,-0.0116269766,0.0218453767,0.0150154396,-0.0010557361,0.0175117347,-0.0008000612,0.0118238292,0.0106543301
174.0000000000,-0.0025224787,0.0001424181,-0.0094739879,-0.0049890162,0.0119511796,0.0070031837,-0.0022173955,0.0089226231,0.0149060764,-0.0290259125,0.0087546069,0.0028339106,0.0190652625,-0.0005245759,0.0081438065,-0.0153440138,-0.0195365458,0.0100116861,-0.0259120474,-0.0039396248,0.0107697192,-0.0051937993,0.0115843185,-0.0132581685,-0.0042105208,-0.0142136464,0.0194180039,0.0319587032,-0.0152876343,0.0106896582,0.0137791425,0.0241743200,-0.0427888677,0.0007931559,0.0196693067,-0.0163958109,-0.0180430291,-0.0011011890,-0.0053473374,0.0210556556,-0.0127114996,0.0162209490,-0.0129848790,0.0045816256,0.0285975393,0.0163663835,-0.0117280781,0.0141489548,-0.0065323234,-0.0146269787,0.0354182325,0.0109474808,-0.0158601467,0.0100600048,-0.0118327020,-0.0154574000,0.0010655805,-0.0067167128,0.0125654622,0.0107211993,0.0009355844,0.0073756130,0.0002289808
175.0000000000,0.0067730162,-0.0058406808,-0.0086066798,0.0058886482,0.0259176179,-0.0040222543,0.0167922357,0.0125171248,0.0079883462,-0.0076532949,0.0186019072,0.0049381190,-0.0161243380,0.0011003147,-0.0081026797,0.0009852935,-0.0215366403,0.0049888944,-0.0160603713,-0.0320393487,0.0049045277,0.0191227498,-0.0095603294,-0.0154299569,0.0043994455,0.0143362438,0.0070097861,-0.0064518150,-0.0159261880,-0.0190250519,0.0108302653,0.0256031667,0.0017300879,0.0197874917,0.0215110722,-0.0318395102,0.0099408731,0.0082585643,0.0061092490,-0.0137369969,-0.0177589302,0.0074662906,0.0192714160,0.0173239628,0.0197458112,-0.0060633834,-0.0091243192,0.0163431638,-0.0060653934,-0.0111143257,-0.0099843948,-0.0120679229,0.0012464024,0.0242514813,-0.0092406210,-0.0063393234,0.0103018332,0.0069322666,0.0064715504,0.0263281724,0.0004077810,-0.0161492817,-0.0036217812
176.0000000000,0.0244222025,0.0037662124,0.0135827610,-0.0069831692,0.0087094812,0.0227764033,0.0015590538,0.0018697036,-0.0128874353,-0.0147191393,0.0076795451,0.0127498031,-0.0099166735,0.0017550262,-0.0123447180,0.0112670093,-0.0092458259,-0.0105624370,-0.0101329615,-0.0216580091,0.0028308091,0.0094101224,-0.0030066425,-0.0196839295,-0.0171554806,-0.0167343895,0.0030925281,0.0028087490,-0.0137129328,-0.0106830771,0.0046603818,0.0017547798,-0.0100251976,0.0189497135,0.0161463775,-0.0035517099,-0.0004412490,0.0281409551,0.0051809421,0.0146936325,-0.0212763728,0.0028080074,-0.0145592035,-0.0033702012,0.0085053860,0.0262955788,0.0098031658,-0.0003004082,-0.0077112509,0.0109865981,-0.0081239972,-0.0017694988,-0.0127405083,0.0111524020,-0.0083366148,0.0064735213,0.0006165963,-0.0056980254,0.0216197274,-0.0059733068,-0.0195158201,-0.0007627375,0.0259458331
177.0000000000,0.0070789137,-0.0107565290,0.0102428200,0.0035612382,0.0011539533,0.0036535382,0.0023892003,-0.0253866711,-0.0241079739,0.0011876338,-0.0044076198,0.0089109935,0.0033777320,-0.0161520776,0.0121791863,0.0322021903,0.0186064750,-0.0032136416,-0.0020754244,0.0065356126,0.0079417024,0.0184152102,0.0084959189,-0.0351986873,0.0001531332,0.0069478908,-0.0102854704,-0.0100166489,0.0150656803,-0.0072417229,0.0019178108,0.0147749650,0.0151411324,0.0195640365,0.0170822460,-0.0138008104,-0.0025762219,0.0045971214,-0.0025054785,0.0132557548,-0.0110476101,-0.0110758526,-0.0111689549,-0.0363569715,0.0138775485,0.0119019336,-0.0049061354,-0.0370704994,0.0033821276,-0.0029127051,-0.0055987493,0.0003613035,-0.0159785485,-0.0034857852,0.0070559008,-0.0375074735,0.0247990918,-0.0021023155,0.0055714370,-0.0195868756,0.0056874709,0.0066610507,0.0023278018
178.0000000000,0.0158421781,0.0165944971,0.0276527923,-0.0082465021,0.0351926917,-0.0121673151,-0.0015356648,0.0026042822,-0.0188747817,-0.0287574069,0.0008068666,0.0086765673,-0.0113688773,0.0197041971,-0.0063959446,0.0225884569,0.0017704369,-0.0000078545,-0.0111411386,-0.0193428812,0.0248897116,-0.0003490399,0.0127114130,-0.0124787939,0.0060514467,-0.0073025774,0.0341107564,-0.0216083522,0.0186894087,-0.0129339287,0.0077945877,0.0321288460,-0.0074147317,0.0228091088,0.0199595923,-0.0342508388,-0.0038199190,0.0069639800,0.0101170177,0.0003706258,-0.0109892903,-0.0149877968,-0.0244727095,-0.0101585783,0.0227724252,0.0411214125,0.0012882770,0.0219197685,-0.0342883563,-0.0199857075,0.0072003885,0.0045819990,-0.0149513179,-0.0009640561,0.0011831189,-0.0516182321,0.0228038808,0.0152003451,0.0065525884,-0.0037239078,-0.0156150985,-0.0112912790,0.0261931516
179.0000000000,0.0173903576,-0.0171435777,0.0042886759,-0.0184785451,0.0083952226,0.0100318507,0.0161762037,0.0030454824,-0.0154723014,-0.0110623224,0.0194704396,0.0272424047,0.0201123640,0.0206247384,0.0014379492,0.0078140514,-0.0094121280,0.0012173904,-0.0258565541,-0.0113335046,0.0227145209,0.0051807481,-0.0267060643,-0.0242144377,0.0151863567,-0.0103182075,0.0149688132,0.0197633441,-0.0108279805,-0.0112554835,0.0070482165,0.0133962012,-0.0061775560,0.0161492569,0.0157203874,-0.0508306824,0.0043554039,0.0117400463,-0.0139259783,0.0278830154,-0.0283193276,-0.0140422391,-0.0370524152,0.0060692871,0.0186780825,0.0295867969,-0.0106262047,0.0110706081,0.0032214933,-0.0096088221,-0.0051995036,-0.0030528463,-0.0149286524,-0.0105319374,0.0238091608,-0.0316640781,0.0204016708,0.0119112064,0.0219689239,0.0272492676,-0.0179105197,0.0159145014,-0.0038238634
180.0000000000,0.0093562698,0.0068907756,0.0130336038,-0.0298656465,0.0275376902,0.0087029389,0.0146512820,0.0073149910,0.0062263189,-0.0371413630,0.0163789294,0.0222184781,0.0043424048,0.0050245683,0.0103630725,0.0184604716,0.0028787036,-0.0074536932,-0.0321949544,0.0104496000,0.0001244457,0.0021598278,-0.0177647789,-0.0224696050,0.0033600984,0.0069975117,0.0363237002,0.0148517361,0.0133093025,0.0120321798,-0.0017450016,0.0132501959,0.0008879778,0.0203799980,0.0081161346,-0.0163205945,0.0115574167,-0.0054520203,0.0161664852,0.0252297384,-0.0279094693,-0.0253806270,-0.0185194462,-0.0110835994,0.0415152065,0.0190782866,0.0056132248,0.0122184345,-0.0273575396,0.0100438885,0.0065393991,0.0258763585,-0.0079945230,-0.0215760045,0.0103908003,-0.0042470395,0.0563454899,0.0056544442,-0.0151486301,0.0129244589,-0.0260705540,0.0137693636,0.0087188860
181.0000000000,0.0139880645,0.0010279590,0.0232230749,-0.0086879093,0.0144349012,0.0169109438,-0.0214807409,0.0122758360,-0.0112109849,-0.0194210485,0.0220456069,0.0074462891,0.0098815970,0.0280115006,0.0099293184,-0.0056642755,-0.0195625032,-0.0067001214,0.0039023878,0.0052896594,0.0051922644,0.0104990768,-0.0175837886,-0.0177059050,0.0022752335,-0.0118926112,0.0203257123,0.0069554687,0.0000927138,-0.0001565669,0.0183057195,0.0166690373,0.0039114272,0.0266052654,-0.0073204539,-0.0475917900,0.0210956152,-0.0021201299,-0.0043990314,0.0194305955,-0.0268813678,-0.0320801729,-0.0282104807,-0.0259378146,0.0053009214,0.0192461855,-0.0216033381,0.0073752281,-0.0175835824,-0.0168813283,0.0066164828,0.0082050260,-0.0229963347,0.0029326624,-0.0155729407,-0.0070928391,0.0125784669,0.0028060645,-0.0050852112,0.0049829408,-0.0051895015,-0.0086534788,0.0112423506
182.0000000000,0.0135832272,0.0278128600,0.0164895263,0.0050608895,0.0055725160,0.0090753918,-0.0065502948,-0.0018295827,-0.0212872676,-0.0048521036,0.0157812470,0.0152746038,-0.0203586326,0.0133156991,-0.0028495697,0.0181606090,-0.0185931717,-0.0103362123,-0.0257483211,-0.0081283462,0.0206118904,-0.0191208967,0.0063518382,-0.0014395542,0.0147895717,0.0048056650,0.0229095884,-0.0138361540,0.0055168615,-0.0071572264,0.0152382149,0.0110884357,-0.0286395723,0.0074998278,0.0063275121,-0.0383786450,0.0017886514,0.0259146455,-0.0044934797,0.0052647549,-0.0250800002,-0.0342907006,-0.0180884612,-0.0155567627,0.0016162989,0.0129306293,-0.0288597937,0.0050711970,-0.0323844481,-0.0115916897,0.0079153928,-0.0037515848,-0.0363354504,-0.0002371305,-0.0203640084,-0.0018280292,0.0070452980,0.0169680481,0.0044332084,0.0173764349,-0.0130982187,0.0045531418,-0.0003508129
183.0000000000,0.0057180233,0.0017345291,0.0101490213,-0.0034746824,0.0217047519,0.0003329334,0.0082221812,0.0153785569,-0.0236219988,-0.0336211181,0.0237516816,0.0095300193,-0.0012821957,0.0170984795,0.0159970731,0.0366333398,-0.0362370720,-0.0037679312,0.0005543113,-0.0024461326,0.0280534308,-0.0162674758,-0.0299327037,-0.0008629777,-0.0035988536,0.0084506964,0.0259627482,-0.0071759176,-0.0167723903,0.0064328192,-0.0017211015,0.0129257806,-0.0087661426,0.0391290298,0.0058499137,-0.0129014851,0.0051552673,-0.0252990762,-0.0064493509,0.0190496725,-0.0377395497,-0.0156411305,-0.0065073104,0.0027182557,0.0152332298,0.0179914248,-0.0079999879,0.0053174376,-0.0055199433,-0.0040514143,0.0158023721,0.0196427111,-0.0010365639,0.0291487033,0.0069912483,-0.0132295322,-0.0027092918,0.0042578768,0.0156476489,0.0104937214,-0.0110104363,0.0116108818,0.0148845597
184.0000000000,0.0227672245,0.0098478484,0.0171927679,0.0075661129,0.0263470239,-0.0134179130,0.0054170647,0.0206105306,0.0103835389,-0.0141268009,-0.0139184828,0.0201471578,0.0127121313,0.0282018166,0.0035870089,0.0247700948,-0.0241618974,-0.0133485101,-0.0228886357,0.0101948689,-0.0082034903,0.0052547338,-0.0144091480,-0.0125729959,0.0215268855,-0.0350425482,-0.0005794680,0.0117613530,-0.0083742196,-0.0228620609,0.0167749439,0.0181058795,-0.0085172883,0.0313390358,0.0117232341,-0.0234279511,0.0084162535,-0.0065378553,-0.0109318615,0.0313592182,-0.0272063234,-0.0267275935,-0.0211352839,-0.0002822962,0.0208247121,0.0241533471,-0.0051702622,-0.0113250525,0.0031389642,-0.0191381358,-0.0003041928,0.0093697693,0.0093120575,-0.0156405570,0.0220372273,-0.0084115644,0.0109479043,-0.0100515272,0.0170788466,0.0043512228,-0.0112941311,-0.0027497061,-0.0030115999
185.0000000000,0.0250453753,-0.0129386940,0.0095300560,-0.0154579713,0.0123789121,-0.0130178180,0.0174935790,-0.0079708191,-0.0129790190,0.0021821377,0.0149517861,0.0154233532,-0.0012883274,-0.0020223931,-0.0097681207,0.0065937890,0.0026224270,0.0054162100,0.0180762185,-0.0023728987,0.0184502369,-0.0066560592,-0.0139014417,-0.0268479667,-0.0032667661,-0.0051741651,0.0062336299,-0.0021907995,-0.0122751113,0.0250198973,0.0170174400,0.0335809014,0.0066504204,0.0119597626,-0.0144441135,-0.0079917311,0.0248672130,0.0026601984,0.0182670954,0.0080844476,-0.0098125790,-0.0139177211,-0.0193287473,0.0072882274,0.0009069743,-0.0064622589,-0.0030263084,-0.0073808389,-0.0018067386,-0.0129155678,-0.0161329103,-0.0032099148,0.0011573647,0.0051657064,-0.0037147807,0.0111173675,0.0287876010,-0.0008293738,0.0005687040,-0.0297204755,0.0185805699,0.0099715002,-0.0289068748
186.0000000000,0.0171292728,0.0068132975,0.0034190977,-0.0182148611,0.0229805976,0.0037848642,0.0209053989,0.0084530310,0.0044155687,-0.0365469801,-0.0021245131,0.0048117424,-0.0057973345,-0.0049386447,-0.0136096559,0.0323203375,-0.0347340719,0.0082596688,-0.0105429517,-0.0124999950,0.0059850471,-0.0206102108,-0.0195520744,-0.0216091302,0.0050897874,0.0071682331,0.0270057502,-0.0150062931,0.0124126520,-0.0235343402,0.0015541211,0.0116340258,-0.0218517446,0.0195360182,0.0162041322,-0.0393257873,0.0111052566,0.0160698245,0.0075361276,0.0196467902,-0.0091068857,-0.0099789781,-0.0399125694,-0.0072942060,0.0203350444,0.0144115259,0.0161237764,0.0038392386,-0.0483963621,-0.0027800879,0.0103918534,0.0281527345,-0.0084234738,0.0009615855,0.0093693186,-0.0332246134,0.0136416601,0.0034249555,0.0194865261,0.0054347506,-0.0199705150,-0.0007141319,-0.0082463318
187.0000000000,-0.0046219609,-0.0104234886,0.0115578212,-0.0158980605,0.0267396617,-0.0076843177,0.0086226457,0.0021589822,-0.0056884977,-0.0074639365,0.0268336818,0.0011985266,-0.0037259079,0.0177135484,-0.0302036807,0.0128028603,-0.0051803659,-0.0124269450,-0.0198972527,0.0032346946,0.0156837364,-0.0197424784,-0.0018528540,-0.0001863818,-0.0171235236,-0.0125722688,0.0163253325,-0.0137662448,0.0027620953,-0.0082939090,0.0178636170,0.0106010810,-0.0057297238,0.0105670455,0.0307851432,-0.0308064676,0.0017910935,-0.0005894112,-0.0092242081,0.0195107403,-0.0310445187,-0.0272493193,-0.0250399031,-0.0047143024,0.0107495921,0.0228206078,-0.0198272655,-0.0313393722,-0.0317526285,-0.0045034389,-0.0019816174,0.0125796193,-0.0169818539,0.0047351478,0.0101084592,-0.0276240983,-0.0175340039,0.0118709833,-0.0039503141,-0.0070858213,0.0042810914,0.0167567069,0.0199866339
188.0000000000,0.0164037191,0.0242708188,0.0036154525,-0.0070208871,0.0287079274,-0.0009775004,0.0156581570,0.0069014238,-0.0011765384,-0.0163832943,0.0179945011,-0.0049150339,0.0217765508,0.0129417500,-0.0128083348,0.0224430004,-0.0123694706,0.0010910498,-0.0124904269,-0.0138748592,0.0012541706,-0.0243727945,-0.0228748953,-0.0040476442,-0.0175069919,0.0038897236,0.0247913918,-0.0263799165,0.0073994608,0.0008134796,-0.0117983570,0.0392625661,-0.0032011176,-0.0149290536,0.0086277461,-0.0118911653,0.0054258843,0.0289317585,-0.0189159161,0.0509556687,-0.0223450378,0.0000077552,0.0152394268,0.0111141081,0.0434684985,0.0028365045,-0.0035144049,-0.0003288311,-0.0215464131,-0.0094206700,0.0121835501,0.0059329509,0.0048007024,0.0076373235,-0.0010244232,-0.0131453715,0.0090331975,-0.0080517792,-0.0037917663,0.0264883503,-0.0173818603,-0.0006531124,0.0113493002
189.0000000000,0.0125286999,0.0322570242,0.0028872930,-0.0294227930,0.0271385638,-0.0034957439,-0.0150918337,0.0070635720,0.0060472493,-0.0246864439,0.0088733769,0.0014498148,0.0044408997,0.0035210620,-0.0058364303,-0.0020491548,-0.0283329894,0.0104583946,-0.0146688112,0.0070474489,0.0009276771,0.0066365970,0.0091577931,-0.0202220158,0.0096883661,-0.0081880889,0.0185307911,-0.0063919047,0.0129430252,-0.0065406285,0.0127440018,0.0306415887,-0.0214132634,0.0197887369,0.0151095039,-0.0451349558,-0.0078912891,0.0058197523,-0.0290759045,0.0185232828,-0.0137313759,-0.0056219506,-0.0276656196,0.0121222390,-0.0054345804,0.0324704767,-0.0068545105,-0.0086660196,-0.0339956042,-0.0118740335,0.0009109758,0.0047455228,-0.0128343556,-0.0164360779,-0.0137245253,-0.0389354250,0.0019306805,-0.0222313852,0.0021759270,0.0102550083,-0.0298526161,0.0129268010,0.0034388479
190.0000000000,0.0347249570,0.0020038977,-0.0088700558,-0.0205097452,0.0305417218,-0.0086991480,0.0243454318,0.0089051609,0.0072068346,-0.0291626960,0.0320074337,0.0286792773,0.0080125469,0.0139456407,0.0018015759,0.0209284390,-0.0162450923,0.0045593328,-0.0289501714,0.0029362025,0.0194945767,-0.0124392676,-0.0056114815,-0.0159187373,-0.0084872331,-0.0052653031,0.0334954576,-0.0025064702,-0.0078520746,-0.0095922596,0.0328456320,0.0118796210,-0.0020302929,0.0125806356,0.0195239713,-0.0324887921,0.0075175920,0.0051340096,0.0092731608,0.0095841798,-0.0230581748,-0.0101747108,-0.0156270696,-0.0200683701,0.0348098645,0.0064921526,-0.0170684895,-0.0175821342,-0.0161981488,-0.0275059404,0.0000354791,0.0231417749,-0.0044230420,0.0004157155,-0.0065282004,-0.0360276810,0.0156349582,0.0011725038,0.0143787399,-0.0003294243,-0.0280707995,0.0252180498,0.0007804598
191.0000000000,-0.0126050969,-0.0093999249,-0.0061413116,-0.0118506867,0.0268025295,0.0085924374,0.0141487486,0.0052740632,-0.0094452632,0.0028554950,0.0085427853,0.0063560873,0.0005235919,0.0085774466,-0.0193535655,-0.0147975411,-0.0006479375,-0.0311607647,-0.0194183584,-0.0041290850,0.0023070162,0.0150906655,-0.0128793667,-0.0185919184,0.0159822155,-0.0142181029,0.0157887292,-0.0141841413,0.0071067461,0.0093732158,-0.0056885763,0.0269758427,0.0247679945,0.0183666538,0.0306153822,-0.0400273305,-0.0023247867,0.0138133850,-0.0162001725,0.0178342805,-0.0167938952,-0.0097192289,-0.0068377392,-0.0008271742,0.0241501840,-0.0071508911,-0.0182034396,-0.0033370414,-0.0217523831,0.0072516472,-0.0009072655,0.0014250183,0.0084396285,-0.0045486538,-0.0002655634,-0.0174902655,0.0034235967,0.0004862324,0.0109506964,-0.0230659595,-0.0185183945,-0.0184628768,-0.0221209268
192.0000000000,0.0251773939,0.0149229235,0.0269657696,-0.0177263450,0.0016296482,0.0011579733,0.0083341794,0.0204366306,0.0154047566,-0.0334961958,0.0187677405,0.0320336819,0.0296003532,0.0345531674,0.0039037490,0.0095579437,-0.0244588360,0.0091319594,-0.0358324175,-0.0207217554,0.0055304836,-0.0465146687,-0.0177349211,-0.0252439690,-0.0070935657,-0.0046800026,0.0306257364,0.0004972313,0.0039953503,-0.0032237496,0.0293425752,0.0375366980,-0.0130129072,-0.0048144154,0.0178728977,-0.0380271757,0.0104886651,0.0082693207,-0.0045825891,0.0163206318,-0.0276346761,-0.0023034792,-0.0262984308,0.0029346313,0.0138696686,0.0248498377,0.0063190328,-0.0092799493,-0.0277506575,-0.0317769439,0.0254665162,0.0138515937,-0.0225750172,-0.0041059730,-0.0055315667,-0.0338288895,0.0258091038,0.0065680445,-0.0011915651,0.0152492161,-0.0005768729,-0.0236778382,-0.0023750076
193.0000000000,0.0044344729,0.0142529578,-0.0110886796,0.0000498579,0.0245905867,0.0151857628,0.0224727687,0.0142102999,-0.0139684383,-0.0184549579,0.0253717647,0.0181733815,-0.0005325770,0.0421144302,0.0157266340,0.0229647402,0.0017583448,-0.0122809606,0.0081210997,-0.0150766747,0.0145589156,-0.0002428987,0.0009414011,-0.0251011792,0.0006942058,0.0038067770,0.0237904381,-0.0009930864,0.0194576702,0.0158226894,0.0269988179,0.0312540143,-0.0025742550,-0.0019711010,0.0054467508,-0.0289113828,0.0071091920,-0.0074488021,0.0043951509,0.0092693506,-0.0247730572,-0.0071361432,0.0053062847,-0.0156747250,0.0098432659,0.0226483329,-0.0037016295,-0.0180129417,-0.0113044514,-0.0053645575,0.0089287228,0.0001959330,-0.0180456727,0.0143396888,0.0056046847,-0.0054136608,0.0039129886,0.0204637568,0.0079685311,0.0043670435,-0.0106028987,-0.0104202085,-0.0071387132
194.0000000000,0.0308814210,-0.0041624104,0.0159519603,-0.0012934725,0.0221110888,-0.0116628999,0.0194256308,-0.0119512969,0.0096478682,-0.0415771220,0.0066779905,0.0339206680,0.0007397406,-0.0065362393,0.0053140925,0.0297685918,-0.0135765792,-0.0202486428,-0.0292144095,0.0101365230,0.0098066631,-0.0166093303,-0.0277220603,-0.0009415890,-0.0261502649,-0.0008823968,0.0311716649,-0.0030804739,0.0077390697,-0.0295593311,0.0154473921,0.0401779951,-0.0009295299,0.0261821636,0.0276818324,-0.0173793458,0.0044828470,-0.0132025742,-0.0082070979,0.0015540745,-0.0241914817,-0.0044585522,-0.0198758368,-0.0096562138,0.0118191305,0.0148532886,0.0128622496,-0.0217010303,-0.0329000695,-0.0121783141,0.0095322675,-0.0165542464,-0.0236121835,0.0300929888,-0.0044724475,-0.0283522611,0.0172018727,-0.0025217429,-0.0027741625,-0.0029888089,0.0206992844,-0.0105175002,0.0321495931
195.0000000000,0.0119858935,-0.0041612675,-0.0030906703,-0.0274051937,0.0386705980,0.0105347759,-0.0122638023,0.0135038285,0.0056441508,-0.0428468085,0.0071454608,0.0149991292,0.0035904738,0.0305154559,0.0088938606,-0.0078292479,-0.0077731585,-0.0122988223,-0.0254618426,-0.0062055307,-0.0186307886,-0.0091886769,-0.0149791279,-0.0170292885,-0.0010120339,-0.0196395110,0.0074101269,-0.0124887529,0.0245752395,-0.0134321160,0.0163555778,0.0268463126,-0.0067472249,0.0259682127,0.0276077491,-0.0248595998,0.0054842190,-0.0034957793,-0.0128572247,0.0070144554,-0.0161802710,-0.0158840163,-0.0248666598,-0.0202576348,0.0248665842,0.0155312924,-0.0056776514,-0.0088170944,-0.0142928264,-0.0400017084,-0.0132375333,-0.0080859894,-0.0170712911,0.0185707107,0.0007137110,-0.0138970143,0.0140451091,0.0068046554,0.0170664709,-0.0051510887,-0.0109841073,0.0106413208,0.0175995138
196.0000000000,0.0192139500,-0.0055053457,-0.0091938785,-0.0240528928,0.0247914395,0.0043713443,0.0019107223,0.0074846253,-0.0124716586,-0.0240331284,0.0247115007,0.0147794143,-0.0057479776,0.0062141362,-0.0036074868,0.0152846402,-0.0207018432,-0.0139327195,-0.0289588960,-0.0200017248,0.0023734903,-0.0062911906,-0.0076538001,-0.0149495835,0.0150330405,-0.0248620255,0.0168435358,0.0147638234,-0.0083904317,0.0049699596,-0.0317817504,0.0075643932,-0.0193504528,0.0194842856,0.0074648683,-0.0274708370,0.0030619369,-0.0018214726,0.0123484795,0.0173962498,-0.0233077393,-0.0155513568,-0.0047579861,0.0106391693,0.0219748604,0.0129360431,0.0036369795,0.0058553287,-0.0126028587,-0.0061102229,0.0153779532,0.0248347599,-0.0111537999,0.0117252576,0.0027934413,-0.0310647585,0.0328848728,-0.0236614610,-0.0009074634,-0.0039986934,0.0010529745,-0.0190437911,-0.0112773348
197.0000000000,0.0052677849,-0.0216917338,0.0047297196,-0.0248496315,0.0282276874,0.0199265531,-0.0118237673,0.0040975491,-0.0224232217,-0.0005213320,0.0173650195,0.0058322664,-0.0021443398,-0.0072839184,0.0010629393,0.0056619340,-0.0068082835,-0.0122839095,-0.0112872408,-0.0043808574,0.0305734989,0.0088850859,-0.0246677394,-0.0206301647,0.0278701427,0.0053948187,0.0213593764,0.0092471889,-0.0000479800,0.0066577780,0.0017276537,0.0096481029,-0.0221758406,0.0044143996,0.0091592965,-0.0229697382,-0.0022841646,0.0018488471,-0.0023835678,-0.0006821617,-0.0315078769,-0.0372119178,-0.0066863534,-0.0155809826,0.0086799351,0.0263890710,-0.0122188589,-0.0085992526,-0.0211651837,-0.0226309524,0.0011775850,0.0088948638,-0.0140156844,0.0150354383,-0.0103343783,-0.0080051184,-0.0004903915,-0.0194924522,-0.0225308810,0.0058864989,-0.0099663705,-0.0033258453,0.0030148234
198.0000000000,0.0123260055,0.0101368786,0.0218480632,-0.0076153730,-0.0025119466,0.0029074130,-0.0021149554,0.0103417578,0.0061827476,-0.0061197705,0.0024259515,0.0244421032,0.0036204420,-0.0109433878,-0.0299612821,0.0040265450,-0.0000140717,-0.0198415290,-0.0053332832,-0.0290395607,0.0119668765,0.0025827012,-0.0138831824,-0.0064653179,0.0143953627,0.0003377578,0.0002043057,-0.0178882806,0.0072528800,-0.0153466400,0.0059192641,0.0166981830,-0.0027303272,0.0283332913,0.0092522327,-0.0105774053,0.0027527170,0.0007229662,-0.0059469036,0.0036920657,0.0011240820,-0.0118417812,-0.0005321625,0.0095600441,0.0310627697,0.0215353704,-0.0014735109,0.0001272051,-0.0332408787,-0.0047466627,0.0091021470,-0.0005693804,-0.0238894830,-0.0022832365,0.0021518096,-0.0000187084,0.0074473985,0.0025040165,0.0056214070,-0.0261344695,-0.0063777211,0.0083264110,-0.0006816605
199.0000000000,0.0052416897,0.0229547390,0.0218812605,-0.0167661708,0.0211506186,0.0084526145,-0.0018577908,-0.0063897958,-0.0179061112,-0.0424362564,0.0093572613,0.0156300858,-0.0101366373,0.0131965409,0.0104072986,0.0119053445,-0.0098276776,-0.0058999669,-0.0124618240,-0.0039280199,0.0084363148,-0.0038146323,0.0164497170,-0.0212821893,-0.0045556449,0.0011557790,0.0411808369,-0.0006899613,-0.0009327902,0.0005046332,0.0268190872,0.0275014222,-0.0103441608,0.0234073431,0.0150272902,-0.0413527554,0.0116144441,-0.0032657566,-0.0183593316,0.0223900868,-0.0223459272,-0.0173629652,-0.0206231391,0.0147298315,0.0128709466,0.0124738920,0.0253574343,0.0075622302,-0.0235095564,-0.0128402801,-0.0069937429,0.0074568200,0.0025233028,0.0125914466,-0.0019804372,-0.0082990736,0.0027728330,-0.0112403694,0.0083978930,0.0169956572,-0.0264212479,0.0133361985,0.0094581781
200.0000000000,0.0253225140,0.0093510076,0.0188048747,-0.0236177867,0.0497494581,-0.0367573559,-0.0067820388,0.0167956277,-0.0018567763,-0.0290461624,-0.0157188064,0.0273432490,-0.0066021540,-0.0156506382,-0.0018276048,0.0221371122,-0.0050847376,0.0105174979,-0.0041214353,-0.0272744396,0.0004072411,-0.0010974150,-0.0258981620,-0.0266018920,0.0037867636,-0.0074019354,-0.0036262976,-0.0096916127,0.0133690700,-0.0007559106,0.0264321583,0.0267747617,0.0179257897,-0.0045067660,0.0139479705,-0.0107477823,0.0023607681,-0.0002901417,0.0073588311,0.0165751940,-0.0159336692,-0.0215561360,-0.0045027827,-0.0108817880,0.0403782515,0.0218055875,-0.0126751100,0.0019993035,-0.0095209600,-0.0004457193,0.0024072269,-0.0052807936,-0.0190643707,-0.0121197119,0.0173497261,-0.0219450701,-0.0108719605,-0.0026842185,0.0081883001,0.0093815843,-0.0127141567,-0.0139316856,0.0194061664
201.0000000000,0.0397023751,-0.0308588152,0.0083320027,0.0003485708,0.0113890231,-0.0033427417,0.0265827806,-0.0055639684,-0.0138137786,-0.0254869318,0.0053416395,0.0060029184,-0.0023573417,0.0063800519,-0.0113599781,0.0107896643,-0.0097778369,-0.0025778997,-0.0374715296,0.0054355911,0.0139159564,-0.0045924455,-0.0138699537,-0.0038632836,-0.0059295854,-0.0210475715,0.0077976413,-0.0076182530,0.0005344139,-0.0269006511,0.0112868924,0.0083928831,-0.0265509524,0.0313981900,0.0363323193,-0.0159604971,-0.0018238065,0.0049309267,0.0009174420,0.0038539952,-0.0367344669,0.0047402532,-0.0252690494,-0.0130870481,0.0068886819,0.0234596000,0.0173404205,-0.0024096981,-0.0229003540,-0.0006979537,-0.0093394152,-0.0060709526,-0.0133148140,-0.0337519197,-0.0037169169,-0.0038020326,0.0005376599,0.0132780952,0.0071769579,0.0094165213,0.0006243138,0.0097578314,0.0221268325
202.0000000000,0.0064312852,0.0227961572,0.0012524369,-0.0316264025,0.0234892130,0.0051558920,-0.0021555103,-0.0049240725,-0.0053892836,-0.0334408730,0.0106965341,-0.0129120638,0.0089839112,0.0078807098,0.0001275270,0.0095227647,-0.0285859536,-0.0022374972,-0.0177372447,0.0104281248,0.0137588955,0.0016124154,-0.0090622536,-0.0326838233,0.0330231889,-0.0073151866,0.0179319741,0.0183838370,0.0089756489,0.0165630660,0.0158487842,0.0297719756,-0.0088767510,0.0235076625,0.0187415352,-0.0438547411,-0.0003185051,0.0116190573,-0.0158655652,0.0291560734,-0.0338706610,0.0014759908,-0.0272150708,-0.0055061006,0.0368188185,0.0171941830,-0.0011860241,0.0016269733,-0.0212355940,-0.0059996608,0.0170858326,0.0063938717,-0.0036361707,-0.0084508868,-0.0010785432,-0.0400315267,0.0328931219,-0.0251507959,-0.0110006294,0.0214296615,-0.0316526284,-0.0241566959,0.0218898910
203.0000000000,0.0052364824,-0.0088878880,0.0266549787,-0.0261799420,0.0130099954,-0.0109372806,0.0247526747,0.0166493224,-0.0055713287,-0.0130465625,0.0104108851,0.0039156794,-0.0098222683,0.0277885411,-0.0147606493,0.0152271214,-0.0309989888,0.0032076809,0.0177777800,-0.0210431042,0.0158503213,-0.0137518283,-0.0059663849,-0.0013279494,0.0094903128,0.0037900339,0.0090912988,-0.0076260791,0.0176915621,0.0217420182,0.0119047376,0.0098837684,-0.0130471135,0.0049776089,0.0023514858,-0.0203058149,-0.0015509158,-0.0222684861,0.0031565695,0.0176640280,-0.0255200455,-0.0131040328,-0.0082034140,0.0082836762,0.0094897274,0.0259831960,-0.0120913927,0.0098303612,-0.0303236047,-0.0095376535,0.0104305271,0.0196920761,-0.0129897970,0.0276118676,-0.0058117141,0.0044620831,0.0128093774,-0.0083056746,0.0048346165,0.0040272357,-0.0193360568,0.0055341821,0.0035418986
204.0000000000,0.0075694326,-0.0115947368,-0.0143517986,-0.0197572142,0.0055714785,0.0023115782,0.0031045441,0.0035622832,0.0079068859,-0.0203713033,0.0153931693,0.0104762582,-0.0188894042,0.0010673292,-0.0189215959,0.0068284528,0.0007030892,0.0080051784,-0.0175654726,-0.0169443712,0.0192110737,-0.0101322055,-0.0184479027,-0.0090688385,0.0125644876,-0.0077299513,0.0133970203,-0.0134370085,0.0153112747,0.0005106632,0.0059110165,0.0032268042,-0.0142322606,-0.0023681575,0.0199377031,-0.0077674615,-0.0127378295,0.0264314686,-0.0089602561,0.0112693807,-0.0357490251,-0.0188680672,0.0135222538,0.0056778536,0.0121524397,0.0058143831,0.0054756823,0.0094084490,-0.0229558156,-0.0201146456,0.0275031555,0.0139371916,0.0025400448,-0.0027386104,-0.0031079071,-0.0115035151,0.0060487563,-0.0050746607,0.0158407423,0.0104031639,0.0009572729,0.0019047318,0.0032361913
205.0000000000,0.0055910295,0.0113853442,0.0055455193,0.0130198203,0.0300848686,0.0007622671,0.0066098398,0.0122136657,-0.0011861098,-0.0310125535,0.0016334987,0.0025209577,0.0005339744,0.0212955933,-0.0185851894,0.0090976587,0.0175088157,-0.0192414780,-0.0074236707,0.0012673963,0.0173534248,-0.0117136316,-0.0092541127,-0.0168118612,0.0036246107,0.0199496950,-0.0020960014,0.0002675712,0.0024107400,-0.0021005840,0.0144805281,-0.0004614506,-0.0155297913,-0.0065586075,0.0091193604,-0.0171172273,-0.0085171297,0.0038643561,-0.0117912267,0.0063634693,-0.0251969910,-0.0091754612,-0.0076775877,0.0004937553,0.0223508524,0.0053180230,-0.0098045894,0.0045617787,-0.0184778016,-0.0058390764,-0.0055983206,-0.0018469612,-0.0058992557,0.0012908649,-0.0107148990,0.0060889596,0.0014344002,-0.0035600366,-0.0038878739,-0.0103370169,-0.0159714311,0.0030560099,0.0085723242
206.0000000000,0.0152642976,0.0045384549,0.0132033634,-0.0151393530,0.0280335263,-0.0031246244,-0.0041699415,0.0022231762,-0.0065207794,-0.0405792067,0.0011053624,0.0145622168,-0.0094805513,0.0038660132,-0.0082505691,0.0170315035,-0.0099800313,-0.0061210542,-0.0269819157,-0.0037996857,-0.0020642439,-0.0099532877,0.0092379029,-0.0310706980,0.0143949791,-0.0090052906,0.0216362977,-0.0076580351,0.0029941395,-0.0098432118,0.0097714030,0.0306797137,-0.0070031113,0.0218353552,0.0050629795,-0.0236886793,0.0198195976,-0.0070851621,-0.0107223515,0.0390130228,-0.0437592209,-0.0121972135,-0.0193265591,-0.0264691218,0.0171360841,0.0240731780,0.0070237410,-0.0293883283,-0.0221267664,-0.0074169106,-0.0016256872,-0.0101821509,0.0033713947,0.0037422811,-0.0027276590,-0.0218240046,0.0207234298,-0.0040619690,0.0124416181,0.0175127211,-0.0201464912,-0.0052211933,0.0128399413
207.0000000000,0.0309199453,-0.0076080987,-0.0084233948,0.0061167362,0.0070115989,-0.0154659698,-0.0037282712,-0.0112804230,0.0003006673,-0.0412966863,0.0127155409,-0.0061781151,-0.0020039118,0.0013334745,-0.0022110643,0.0102323803,-0.0191926454,0.0072774282,0.0143591275,-0.0117380116,0.0157866590,-0.0272744371,0.0081754925,-0.0224516852,0.0070448332,-0.0017442909,0.0167485823,0.0058287499,0.0226020473,-0.0015291589,0.0033850710,0.0282405943,-0.0194601585,0.0319281888,-0.0001553676,-0.0141413499,0.0001229726,-0.0124606121,-0.0009509170,0.0155258456,-0.0204043428,-0.0014822996,-0.0121748654,0.0012960977,0.0022633145,0.0125564937,0.0192331824,-0.0162809148,-0.0057801484,0.0081042294,-0.0111507151,0.0111923023,-0.0303259974,-0.0140298601,0.0326394566,0.0023531182,-0.0030351307,0.0007896076,0.0187810207,0.0099351453,-0.0189572245,-0.0004702627,0.0203460462
208.0000000000,0.0158502144,0.0107654036,0.0123844461,-0.0050125390,0.0233299258,0.0041039845,0.0069687223,0.0003462507,0.0136932497,-0.0303872396,0.0223211515,0.0264725279,-0.0052846297,0.0122483750,-0.0118601583,0.0234471529,-0.0093145593,0.0078019252,-0.0140130316,0.0021612347,0.0262968807,-0.0034500765,-0.0145753723,-0.0068545600,-0.0009425953,0.0014072312,0.0160925363,-0.0188496467,0.0079587740,-0.0114971969,0.0295377917,0.0404594936,-0.0324255129,0.0227302863,0.0350051847,-0.0291647884,-0.0103228633,-0.0405632286,0.0083846377,0.0051880902,-0.0222527734,-0.0130662988,-0.0268497225,-0.0130948061,0.0278843935,0.0499224024,-0.0121152333,-0.0108163813,-0.0406908383,-0.0196908184,-0.0072108466,0.0232292430,-0.0028944294,0.0119881338,-0.0034904779,-0.0352676322,0.0142450824,-0.0309349066,0.0272784358,0.0244783699,-0.0204188887,0.0107993012,0.0050013184
209.0000000000,-0.0138804237,0.0081232325,-0.0044041781,0.0028423896,-0.0033548875,0.0159608079,0.0145532971,0.0180551408,-0.0107906996,0.0068326742,0.0076366976,0.0102449729,0.0060987262,-0.0066286540,-0.0013404792,0.0043980783,-0.0075506985,0.0051048010,0.0041136872,-0.0046915046,0.0097047611,-0.0038316412,0.0004979878,0.0030026906,0.0116703482,0.0050930022,0.0178895118,-0.0052628296,0.0014166597,-0.0077242934,0.0042017168,0.0154041874,-0.0168384907,0.0020419789,-0.0010192556,-0.0204467081,0.0045525155,-0.0152007542,0.0120339552,0.0077670951,-0.0035403157,0.0112576354,-0.0056001090,0.0263091185,0.0203599510,0.0109776211,-0.0030088889,0.0015797537,-0.0058884389,-0.0112710290,-0.0011814307,-0.0033303579,0.0033081801,0.0293555312,-0.0053541586,-0.0194581328,0.0223818548,-0.0130224775,0.0199002214,-0.0107605989,-0.0022035790,-0.0101771903,0.0205820671
210.0000000000,0.0000768468,0.0088886848,0.0283138429,-0.0193296081,0.0240771914,0.0130327284,-0.0070935212,0.0048334320,-0.0297093151,-0.0426191291,0.0144902195,0.0165054844,0.0050879188,0.0018974368,0.0054102929,0.0215199493,-0.0086704260,0.0078621988,-0.0295123617,0.0023994639,0.0074720076,0.0073352447,-0.0225576064,-0.0111430644,-0.0007745170,-0.0035713579,0.0117757625,-0.0097407802,-0.0075990257,-0.0156893282,0.0120449095,0.0208401727,-0.0124031150,0.0167754789,-0.0136653895,-0.0214622369,-0.0087718729,0.0157337806,0.0092013130,0.0610456897,-0.0539812155,-0.0019196616,-0.0191921684,-0.0008352215,0.0342366455,0.0118486961,0.0156486589,-0.0120354004,-0.0365243029,-0.0000430220,-0.0065087428,0.0019413945,-0.0029255644,0.0268090739,-0.0198896930,-0.0366198812,0.0312535106,-0.0034179670,0.0124179253,-0.0007148398,-0.0193098014,0.0006945516,0.0170820954
211.0000000000,0.0296031554,-0.0149907801,0.0353936576,-0.0123697386,0.0312334691,0.0177883955,0.0157165791,0.0086054791,-0.0095696073,-0.0254666224,0.0079999537,0.0065919851,-0.0210270281,0.0005045630,-0.0062783461,0.0047434489,-0.0059003678,-0.0045693104,0.0071516546,-0.0031137228,-0.0020946385,0.0060218669,0.0023999646,-0.0123272943,0.0023001427,-0.0093349247,0.0148119215,-0.0158663007,0.0042282010,0.0124927103,0.0183450698,0.0375871856,-0.0051158446,0.0058295083,0.0157671710,-0.0335159644,0.0076536022,-0.0019507272,0.0121453432,0.0102159489,-0.0247171284,-0.0042299026,-0.0139173020,-0.0024097229,0.0358439084,0.0030958422,-0.0099737610,0.0007787989,-0.0461984233,-0.0010429603,-0.0060029303,0.0074404042,-0.0147057292,0.0108372946,0.0144313859,0.0020929339,0.0102165095,0.0064568247,-0.0190506813,0.0146335146,0.0311783091,-0.0154509993,0.0013234293
212.0000000000,0.0285593943,-0.0055338746,0.0074391624,-0.0119099235,0.0142560935,0.0115868944,0.0213215375,0.0112026196,0.0034034724,-0.0253481090,0.0109220896,0.0146678540,0.0098715557,0.0162329950,-0.0181005244,0.0055931017,-0.0090387107,0.0305000490,-0.0264422695,0.0054089425,0.0173429144,0.0053227449,-0.0035312772,-0.0218003853,-0.0139616061,0.0019910005,0.0146285795,0.0077962669,-0.0079060420,-0.0186144707,0.0117705935,-0.0013696146,-0.0311632866,0.0158942592,0.0246989322,-0.0146360322,-0.0110305845,-0.0388507524,0.0030511559,0.0136707239,-0.0230242880,-0.0106012567,-0.0063861972,-0.0020229348,0.0027087481,0.0492256966,0.0099470661,-0.0101318610,-0.0221449769,-0.0339843095,-0.0059827722,0.0118480027,-0.0006666378,-0.0026702538,0.0002773172,-0.0273997926,0.0054809689,0.0151063293,0.0098986543,0.0121212611,-0.0094932265,-0.0027903779,0.0049149976
213.0000000000,-0.0090029372,0.0020689151,0.0101039888,-0.0327880920,0.0091754407,-0.0149548083,-0.0011433558,0.0170256646,-0.0124146473,-0.0091504970,-0.0048414986,0.0214595496,0.0032700284,0.0153632294,0.0048537502,0.0062422335,-0.0095914436,-0.0235337999,0.0008737158,-0.0141770650,0.0034503615,-0.0008487296,-0.0212888187,0.0066316966,-0.0121682129,0.0008271265,0.0173575716,-0.0193937355,-0.0027169520,0.0218900985,0.0187531092,0.0222573780,-0.0116607168,0.0035025178,0.0103066788,-0.0183601374,0.0053563563,0.0090823739,0.0175782591,0.0319614474,-0.0281995312,0.0057814032,0.0130003883,0.0160075142,-0.0006825786,0.0314729259,0.0009231340,-0.0063091352,-0.0177746869,-0.0101518898,-0.0082267428,-0.0011475430,-0.0180861054,0.0065233520,0.0099876782,-0.0250840720,-0.0028168164,0.0112388907,0.0174123972,-0.0129477617,-0.0001421180,0.0188809628,0.0014432216
214.0000000000,0.0220054464,-0.0093200483,0.0177757545,-0.0195226762,0.0092566163,-0.0128191719,0.0018389220,-0.0043750233,-0.0008586950,-0.0330072152,0.0061228564,-0.0187968468,0.0036853963,0.0110536403,0.0030344342,0.0009297766,0.0074572687,-0.0065822712,-0.0189843685,0.0030360251,0.0052640116,0.0058866544,-0.0184878151,-0.0143252418,0.0105866202,-0.0006777410,0.0082636244,-0.0169203611,0.0123290497,-0.0005011156,0.0201498010,0.0024802070,0.0010740239,0.0180818737,0.0015966427,-0.0289179093,0.0042639278,0.0074892781,0.0115729835,0.0033371093,-0.0097640342,-0.0034955543,-0.0372545396,-0.0075835798,0.0102109606,0.0261772057,0.0041597539,0.0035056072,-0.0247600044,0.0143011778,-0.0112238829,0.0113497492,-0.0080137769,0.0194072861,-0.0004251908,-0.0207532276,0.0339246908,0.0081541531,0.0430278437,0.0147862145,-0.0199211448,0.0085867613,0.0197511320
215.0000000000,0.0021354359,0.0078020371,0.0103730783,-0.0065438037,0.0377786854,-0.0046176410,0.0194142585,0.0040994029,-0.0063576592,-0.0292910978,0.0157741095,0.0299060155,-0.0077202159,-0.0081559444,-0.0072266254,0.0162182215,-0.0206807136,0.0014004758,-0.0102365137,0.0079075468,0.0227885478,-0.0266303347,-0.0233536443,-0.0223043688,0.0161404262,-0.0003407012,0.0066035611,0.0186458058,0.0022335701,-0.0402963995,0.0325760978,0.0298544651,-0.0024760532,0.0356452971,0.0100639716,-0.0189499837,-0.0096584463,-0.0202563460,0.0086528517,0.0118797852,-0.0090618826,-0.0110504712,-0.0162029137,0.0036916446,0.0379100784,0.0203819523,-0.0119463131,0.0035170584,-0.0196054817,-0.0084794263,0.0157481813,0.0118929446,-0.0099103840,-0.0070012848,-0.0069750254,-0.0063458562,0.0184136474,0.0251774799,0.0164813209,0.0222359744,-0.0069052847,0.0062149279,0.0132796247
216.0000000000,0.0039728844,0.0059794936,0.0084488810,-0.0129099943,0.0346681859,0.0244309638,0.0161054346,0.0133388620,0.0036849558,-0.0105781963,0.0098288472,0.0274350624,0.0011475152,0.0307367716,0.0131321875,0.0250470554,-0.0019500948,-0.0270597864,-0.0129268051,0.0155523443,-0.0095987303,-0.0038511770,0.0026162156,-0.0073727474,0.0017912892,-0.0005614586,0.0235105158,0.0079101619,-0.0024979450,0.0160391647,0.0078740851,0.0228274154,-0.0077880761,0.0322771591,0.0360877197,-0.0383820467,0.0185107107,-0.0039045891,0.0170118637,0.0369495909,-0.0369265794,-0.0111096884,-0.0256148296,-0.0123832180,0.0253853258,0.0216328280,0.0106032816,0.0074453474,-0.0261304333,-0.0198630442,0.0070839736,0.0079710332,-0.0254226886,0.0279585754,-0.0021625023,-0.0210788339,-0.0084226619,-0.0017766763,0.0138766338,0.0163800986,0.0137930871,0.0020575056,-0.0050085441
217.0000000000,0.0364156590,-0.0084667872,-0.0081876864,-0.0113659263,0.0143140971,-0.0012775802,0.0317334114,0.0121875393,-0.0059250937,-0.0228906986,0.0097040072,0.0258560907,0.0088818468,-0.0053332630,-0.0240699240,0.0067752922,-0.0286623397,-0.0016852314,-0.0150673749,-0.0127220112,0.0266677874,-0.0118095342,0.0165800725,-0.0105461069,-0.0065612853,-0.0072720020,0.0379750092,-0.0005421417,0.0384819846,0.0094922692,0.0050526386,0.0084840113,-0.0062572585,0.0138870811,0.0171634229,-0.0291712569,-0.0089671668,-0.0142498493,0.0085096951,0.0202956875,-0.0120190641,-0.0101622254,-0.0272873574,-0.0023944849,0.0149788714,0.0212152092,-0.0014844171,0.0065594846,-0.0072041457,-0.0239320771,-0.0102114597,0.0095327518,-0.0124134338,0.0213134414,-0.0270964914,-0.0182636441,0.0030049944,-0.0084977021,-0.0039981533,-0.0175696339,-0.0102781284,0.0095237695,-0.0013896679
218.0000000000,0.0072246416,0.0071595554,-0.0061296753,-0.0184412387,0.0168911115,-0.0219096603,0.0064743831,0.0128403331,-0.0194128756,-0.0093153930,0.0206650786,0.0081365913,-0.0178444209,0.0276455950,-0.0162833619,-0.0063889675,-0.0001743412,0.0050509129,-0.0199293210,-0.0199571247,0.0294833192,-0.0086038218,-0.0269015346,-0.0409822059,0.0055167122,-0.0119477719,-0.0024011089,-0.0087190033,0.0120169072,-0.0089964506,0.0107903692,0.0363544326,-0.0023429525,0.0000854022,0.0138190964,-0.0182160450,0.0051876517,0.0024012118,-0.0129933047,-0.0119306452,-0.0360291668,-0.0257452066,-0.0252834504,-0.0016730050,0.0154351908,0.0106264807,-0.0048944595,-0.0039744769,-0.0135186670,0.0011664039,0.0101142645,-0.0085715641,-0.0085214020,-0.0125021288,-0.0164304929,-0.0210386997,0.0032160750,-0.0232163558,-0.0019028405,0.0240646214,0.0036560127,0.0129444440,-0.0070633194
219.0000000000,0.0186166015,-0.0055859676,0.0201555003,-0.0157080004,0.0080713633,0.0110887980,0.0201185858,0.0207488794,0.0044426320,-0.0098003300,0.0037060005,-0.0048153452,-0.0117936039,0.0093358101,-0.0046073421,0.0169515620,-0.0087409490,-0.0015328765,-0.0275399945,0.0214532418,0.0186570155,-0.0016546108,-0.0086130503,-0.0283024708,-0.0098427603,-0.0084381499,0.0035039741,-0.0027734883,0.0024572243,0.0018560175,0.0304794665,0.0257073428,-0.0058465806,0.0058766540,-0.0107718471,0.0138699667,-0.0015770192,0.0116851513,-0.0110241153,0.0067105506,-0.0161166147,-0.0040652213,-0.0072491192,0.0012033711,0.0296475786,0.0285096302,-0.0170389014,-0.0109240384,-0.0215393557,-0.0245529498,0.0209066396,-0.0238952347,0.0071923023,0.0098738474,0.0040141600,-0.0090655801,0.0055330785,0.0117358662,-0.0057253205,0.0042705436,-0.0081774469,-0.0127489359,0.0197893966
220.0000000000,0.0166864285,0.0108088070,0.0196845504,-0.0064153107,0.0159952919,0.0210431575,0.0181383707,0.0065925825,-0.0046929272,-0.0250086478,0.0128940864,0.0157349076,0.0099148832,0.0068185422,-0.0095809687,0.0048425866,-0.0102490697,-0.0068143987,-0.0057954840,0.0009056821,0.0177092427,-0.0078584665,-0.0054928474,-0.0248728637,0.0050721579,0.0199377428,0.0010927563,-0.0077764420,-0.0075736888,-0.0096262661,0.0041199906,0.0357409702,-0.0181464213,0.0022134072,0.0011366676,-0.0062596839,0.0129626891,0.0009668784,-0.0087137625,0.0168986472,-0.0388733925,-0.0079215705,-0.0211976366,-0.0268777827,0.0197047858,0.0327708852,-0.0029063343,0.0073450238,0.0052932949,0.0044724575,0.0031973112,0.0040304443,-0.0147731086,-0.0115244780,0.0012731418,-0.0200422407,-0.0068136576,-0.0074013320,0.0165545252,0.0029040279,-0.0241830674,0.0057350072,0.0163857305
221.0000000000,0.0324209950,-0.0001415017,-0.0038843857,-0.0318686018,0.0071389774,-0.0082744744,-0.0128829478,0.0199302669,0.0218484522,-0.0446822162,0.0180167704,0.0209612775,0.0020258625,-0.0018942681,0.0185976180,-0.0017194374,-0.0432253554,0.0042820705,-0.0168036528,0.0007807544,0.0042762967,0.0058254614,-0.0001499947,-0.0056331877,-0.0039196476,-0.0151455320,0.0057716993,0.0092619213,0.0178129804,-0.0046613817,0.0113486998,0.0298531838,-0.0025118797,0.0171895251,0.0232624180,-0.0404463183,-0.0041176920,-0.0078423004,-0.0110542174,0.0123063937,-0.0249328018,0.0059913224,-0.0305955193,-0.0109061654,0.0106271174,0.0245817078,-0.0031329673,0.0099782469,-0.0271498129,0.0000322602,-0.0083010528,0.0032299566,-0.0204497956,-0.0083409160,0.0028535317,-0.0121575043,0.0094068942,-0.0013054259,0.0214913321,0.0200286300,-0.0056764803,0.0266124105,0.0057818085
222.0000000000,0.0200738188,0.0035445181,0.0009717879,-0.0229418654,0.0328319453,0.0158787484,0.0152130162,-0.0081184514,-0.0142344682,-0.0078322060,0.0038300968,0.0081314823,-0.0151445679,0.0174370657,-0.0076494653,0.0028537634,-0.0151927594,0.0078117012,0.0027694137,-0.0090020901,-0.0077489811,-0.0068153644,0.0126923174,-0.0272247481,0.0088376502,-0.0161761607,0.0046017015,0.0007659015,-0.0101559263,-0.0005788127,-0.0021421348,0.0113251957,-0.0257325015,-0.0070911689,-0.0009053190,-0.0147724384,0.0064369810,-0.0186893313,0.0020849553,0.0062689009,-0.0079836917,-0.0243160401,-0.0307142755,-0.0202465178,-0.0021669991,0.0083592142,0.0258358050,0.0242632320,-0.0130016000,-0.0116189764,-0.0119508578,0.0069046259,-0.0011514301,-0.0049107789,0.0157225112,-0.0184780271,0.0207733191,0.0048165851,0.0072278909,-0.0086467874,-0.0135861899,0.0077766671,0.0168976699
223.0000000000,0.0114992454,0.0060823662,0.0161744951,-0.0090598815,0.0094137932,0.0032671900,-0.0005665940,0.0127115100,0.0007101837,-0.0134112121,0.0047660035,0.0133993298,-0.0265673765,0.0083507363,0.0022359056,0.0089185047,-0.0013091199,0.0053248195,0.0019857643,0.0220193320,0.0114612570,-0.0241721367,0.0019618502,-0.0269685891,0.0210506204,-0.0240348418,-0.0054762102,-0.0060467282,0.0217981912,-0.0006490999,0.0231412267,0.0196298799,-0.0079026419,0.0073363293,0.0188020486,-0.0093582919,-0.0053087659,0.0172038235,0.0015409422,0.0173314275,-0.0316294988,0.0098027725,-0.0142540963,0.0255032861,0.0039213778,0.0408178147,0.0182349567,0.0140284654,-0.0064005259,-0.0069512302,0.0154330520,-0.0237992653,-0.0006911864,0.0156121327,-0.0128136143,-0.0202083359,0.0087308089,-0.0133078980,-0.0106259185,0.0126055317,-0.0001947545,-0.0032887923,0.0055476629
224.0000000000,0.0163190503,0.0306189380,0.0076049671,0.0003783933,0.0255237402,-0.0157354066,0.0045144899,0.0071035189,0.0100458891,-0.0442123864,0.0228164238,-0.0059128350,-0.0053286774,0.0170469014,-0.0387327072,0.0094246783,-0.0105152638,0.0001144340,-0.0112302154,0.0245118562,0.0162842715,-0.0193491377,-0.0169234422,-0.0254824178,-0.0068063562,0.0053817159,0.0102603988,-0.0061478876,0.0085819319,-0.0050211755,0.0165662197,0.0121204588,-0.0003932538,0.0356145556,-0.0064433570,-0.0221681378,0.0112575060,0.0193978131,0.0000306438,0.0081885241,-0.0376890443,-0.0166326883,-0.0246209817,-0.0089785471,0.0122514789,0.0134245324,-0.0205730065,0.0294392446,-0.0340906391,-0.0085420034,0.0002238304,-0.0005648487,-0.0188385045,-0.0112533119,0.0070146094,-0.0390393606,0.0289234061,0.0112872220,0.0062480772,0.0164787955,-0.0042061601,0.0113287380,0.0120669999
225.0000000000,0.0123077715,0.0082758406,0.0216809291,0.0016841464,0.0331305827,-0.0130808898,-0.0170329726,0.0270723588,-0.0000844469,-0.0429769354,0.0053733533,0.0339217576,-0.0103204156,-0.0008967728,-0.0091681855,0.0107589357,-0.0147432473,-0.0331834554,-0.0301036729,0.0034062427,-0.0136865923,-0.0062931338,-0.0120668343,-0.0051608641,-0.0138826694,-0.0052372643,0.0138744487,-0.0045296542,-0.0280332115,-0.0076823493,-0.0068297445,0.0262671585,-0.0061324618,-0.0005330210,0.0266035247,-0.0370781062,0.0101553726,0.0043336680,0.0016185894,0.0117247023,-0.0238894778,-0.0034130230,-0.0302789086,-0.0068653769,0.0109823099,0.0280343886,-0.0163488578,0.0088173393,-0.0276061342,-0.0044915452,0.0040883913,0.0195593945,-0.0070631558,0.0104475916,-0.0085410361,-0.0309816380,0.0061065044,0.0138135057,-0.0014989017,0.0080214452,0.0012160839,-0.0012691007,0.0014648699
226.0000000000,0.0132078759,0.0006524565,0.0020581846,0.0034787234,0.0329849521,-0.0069154069,0.0202133652,0.0059967562,-0.0107855070,-0.0168934679,0.0212195431,0.0106516395,-0.0019250058,0.0063110545,0.0063066498,-0.0011943997,-0.0211068573,-0.0029321366,0.0000818506,0.0106072781,0.0084032687,0.0114207541,0.0013279012,-0.0268548407,-0.0102426979,-0.0161824073,0.0325574143,-0.0146360331,0.0266600924,0.0115965597,0.0186137609,0.0117802070,-0.0139606170,0.0294369811,0.0000654403,-0.0033714691,-0.0076095315,-0.0013840785,-0.0003606320,-0.0073653283,-0.0279645024,-0.0167681896,-0.0225016963,-0.0044508954,0.0235221071,0.0067993001,0.0083288427,0.0164178846,-0.0252178438,-0.0035144330,0.0008250182,0.0036069945,-0.0200808370,-0.0081015575,0.0271345223,-0.0235024353,0.0052881884,-0.0154599823,0.0045439402,0.0074296764,0.0190981686,-0.0039347648,-0.0009863571
227.0000000000,0.0216336426,-0.0078981784,0.0061539179,-0.0195070882,0.0216333494,-0.0005840507,-0.0146278770,-0.0014541276,-0.0122485937,-0.0119625144,0.0291073594,0.0052967207,0.0047294406,0.0101977261,-0.0120193551,0.0035770561,-0.0254850294,0.0018032204,-0.0235008457,-0.0028765122,0.0090618428,-0.0075458973,0.0093602880,-0.0309654324,0.0127654469,-0.0134319672,0.0068720622,0.0226245510,-0.0166020758,-0.0161103287,0.0465453224,-0.0053494813,0.0159229515,0.0167180276,0.0197685146,-0.0246936610,0.0002405259,-0.0087096283,-0.0102996471,0.0192272077,-0.0195464679,-0.0064423522,-0.0060156379,0.0068111464,0.0212162469,0.0188973076,-0.0028960109,-0.0075081750,-0.0197036168,-0.0108917252,-0.0095278923,0.0334604556,-0.0091822053,0.0061472505,0.0130095383,-0.0111475905,0.0094545742,0.0186916239,-0.0018128128,0.0077245578,-0.0134012744,-0.0099771536,0.0048144074
228.0000000000,0.0005615121,0.0144440265,-0.0036343886,-0.0065186671,0.0303080129,0.0052452137,0.0121826546,0.0198777641,-0.0079351541,-0.0130167544,0.0139385312,0.0220871055,0.0074934339,-0.0103774987,-0.0074905479,-0.0072190346,-0.0204334974,0.0216381671,-0.0084244563,-0.0141090230,-0.0019488174,-0.0107768994,-0.0263596143,-0.0287837467,0.0067587355,-0.0026595110,0.0073212950,0.0028585530,0.0030267234,0.0153608183,0.0224594102,0.0195144405,-0.0129835226,0.0263291743,0.0110433400,-0.0138914585,-0.0014247102,-0.0167568047,-0.0058065994,0.0194985749,-0.0452587563,-0.0079771913,-0.0187148199,0.0004170020,0.0081374679,0.0180342808,-0.0168307117,-0.0115073777,-0.0089530645,0.0098304966,-0.0106797248,-0.0170471288,0.0073133583,-0.0021657506,-0.0219513141,-0.0576814627,0.0134181554,-0.0021433167,0.0131639434,0.0020991069,-0.0114751100,-0.0022474888,0.0034886309
229.0000000000,-0.0001703890,0.0051667241,0.0050857893,0.0065804429,0.0074941762,-0.0211368654,-0.0094873549,0.0032200300,-0.0064545775,-0.0191507007,0.0216451214,0.0151038273,-0.0031873882,0.0065321914,-0.0105508272,-0.0068490122,-0.0113513016,-0.0079021426,-0.0266209399,0.0007706617,-0.0073938200,-0.0032212081,0.0120281294,-0.0116021684,-0.0002719159,0.0107192662,0.0237568235,-0.0014736291,0.0116750697,-0.0103089066,0.0150108635,0.0047735324,-0.0134965972,0.0144389479,0.0058437162,-0.0221899902,0.0024027017,-0.0083044404,-0.0070987423,0.0073634121,-0.0187874225,-0.0090493180,-0.0412873511,-0.0272071811,0.0229432562,0.0213893757,-0.0154886558,-0.0037052277,-0.0329055158,-0.0124012138,-0.0104924940,0.0080834069,-0.0045210948,0.0103434111,0.0064999396,-0.0407225120,0.0000028013,0.0121494483,-0.0073809596,-0.0013473084,-0.0043827294,-0.0244152490,-0.0087623570
230.0000000000,-0.0107850513,-0.0034269939,-0.0125812174,0.0026659591,0.0043490388,0.0103991895,-0.0117356833,0.0081599569,-0.0043686378,-0.0093314319,0.0178456909,0.0112438788,-0.0158129005,0.0032352041,0.0072810173,-0.0006914055,-0.0091523358,-0.0000834948,-0.0221056102,0.0012766822,0.0044781707,-0.0022881796,-0.0112320150,-0.0146052975,0.0260757349,-0.0130516568,0.0288243598,-0.0359458141,0.0004943482,0.0122514318,0.0076819978,0.0304654884,-0.0155136952,-0.0140778607,0.0080394040,-0.0286743965,0.0129143546,-0.0131376014,-0.0160706858,0.0203764215,0.0060237876,-0.0029224441,0.0107410095,0.0203470200,0.0118756203,0.0051884804,0.0034163275,-0.0014036694,-0.0114209862,-0.0118624972,-0.0070848622,-0.0079734070,-0.0005966605,-0.0067478516,-0.0061953357,-0.0080195981,0.0111213015,-0.0035300939,0.0076547081,0.0073381249,-0.0094147552,0.0052187482,-0.0081028783
231.0000000000,0.0138618052,0.0090033866,0.0222438659,-0.0098671220,0.0142292789,0.0002533195,0.0009698356,0.0076475346,-0.0191857563,-0.0143023930,0.0233972859,0.0009446732,-0.0071261496,0.0150523012,0.0188503466,0.0090976533,-0.0089908753,0.0031287897,0.0019036710,-0.0060878683,0.0034555519,-0.0060619660,-0.0128672018,-0.0217920391,0.0114537448,-0.0178778425,0.0156213157,0.0037991045,0.0082148108,-0.0081956986,0.0064577916,-0.0080367208,-0.0017147623,0.0250964267,0.0306926027,-0.0477618543,-0.0008395426,0.0047378975,0.0015162843,0.0277661964,-0.0237898327,-0.0150094035,-0.0215003286,-0.0187230502,0.0094071790,0.0189905088,0.0006505456,0.0041927167,-0.0257051100,-0.0238567605,0.0115857075,0.0001857432,-0.0130129562,0.0110478186,-0.0080971161,-0.0295236305,-0.0262039563,0.0100335691,-0.0078947691,-0.0034573253,-0.0137747002,-0.0209585137,0.0066973598
232.0000000000,-0.0002440237,-0.0042168699,-0.0013576514,-0.0232757825,0.0103344648,-0.0193813059,-0.0143240199,0.0086492026,-0.0147267809,-0.0373730956,-0.0044929273,0.0060688467,0.0050567519,0.0055783682,-0.0185938002,-0.0071964164,-0.0016985954,-0.0133776552,-0.0011250099,-0.0095953968,0.0067340891,0.0010789480,0.0019755562,0.0000523091,-0.0043970361,0.0059532893,0.0279133866,-0.0038450731,0.0024634574,0.0071206718,-0.0169328591,-0.0084622358,0.0049924323,0.0028356394,0.0050402405,0.0006820794,0.0029536603,-0.0032643199,-0.0133652287,0.0007333331,-0.0195598747,0.0068438895,-0.0084475998,-0.0262601088,-0.0056801354,0.0214700371,-0.0077924148,0.0061663938,-0.0188441509,-0.0201866852,0.0106749000,0.0019336773,0.0043271384,-0.0111777010,0.0008289575,-0.0321167729,0.0147724477,0.0033395488,0.0100931401,-0.0225372047,-0.0196172793,0.0101475735,0.0096500484
233.0000000000,0.0066993061,0.0100831212,0.0087303964,-0.0270218577,0.0065015149,0.0013982887,-0.0048862518,0.0303560893,-0.0156109313,0.0006484408,0.0045965913,0.0352189112,-0.0193423369,0.0111295948,0.0087572097,0.0058107179,-0.0057306439,-0.0071323563,-0.0076980954,0.0011969709,0.0122722250,0.0011960899,-0.0172075761,-0.0224243856,0.0193416370,-0.0103465884,0.0181256079,-0.0034510974,0.0134517825,-0.0051128443,0.0182911830,0.0225949666,-0.0303004115,0.0235717254,0.0305357067,-0.0045685117,-0.0091340854,-0.0084603663,0.0190119986,0.0377397480,-0.0155188857,-0.0407527451,-0.0042891271,-0.0026189955,0.0191183413,0.0217005045,-0.0154893314,-0.0091372689,-0.0352289321,0.0268088782,-0.0000764850,0.0081387347,0.0253486002,0.0053439962,0.0053611425,-0.0250301115,-0.0030236413,0.0105785422,0.0341457046,-0.0173190750,-0.0228257374,-0.0180852994,0.0201998743
234.0000000000,0.0018117280,0.0048747572,-0.0125095106,-0.0210649923,0.0277598853,-0.0039609311,0.0166463251,0.0190123096,-0.0023952197,-0.0277327033,-0.0051616646,0.0013674974,-0.0001122976,-0.0181611881,-0.0171034146,-0.0179053077,0.0116306876,-0.0101509958,0.0137239843,0.0105975090,-0.0004548364,-0.0296118338,-0.0057021447,-0.0052126629,0.0126289786,0.0183931538,-0.0027421620,-0.0118736552,0.0030990814,0.0051514822,-0.0215123351,0.0229566490,-0.0169246336,-0.0041715671,-0.0105093059,-0.0105492179,-0.0056053532,-0.0171771746,0.0031813785,0.0117178552,-0.0237236579,-0.0072691174,0.0216400608,-0.0242816250,0.0178866632,0.0192411533,-0.0070101543,-0.0079308708,-0.0142486952,0.0150128212,-0.0015153250,0.0087202859,-0.0142734291,-0.0142436312,0.0090296720,-0.0106596195,0.0059449994,0.0090522817,0.0002361558,0.0188942186,-0.0052655602,0.0094041185,-0.0118141491
235.0000000000,0.0164552659,0.0030691331,0.0138659902,-0.0318284344,0.0277187302,0.0007546377,0.0263532432,-0.0045675632,0.0006725495,-0.0472723647,0.0064063010,0.0201238147,0.0037781070,0.0129132892,-0.0115018891,0.0041836322,0.0050693804,-0.0038859570,-0.0197614596,0.0097743441,0.0097605402,-0.0160563113,0.0201932024,-0.0196110599,-0.0025530818,-0.0080881551,0.0098170585,-0.0045343767,0.0106874417,0.0070463866,0.0354720994,0.0441533967,0.0063200863,0.0165064768,0.0135186982,-0.0232760964,0.0079006704,0.0132170745,-0.0087893291,0.0217093443,-0.0230313076,0.0032684539,-0.0463102467,-0.0012419814,0.0323111624,0.0150847111,0.0067221880,-0.0160654529,-0.0199010270,-0.0142873402,-0.0179854044,0.0186536966,-0.0050342505,-0.0100991161,0.0181025633,-0.0181821758,0.0215385692,-0.0033305038,-0.0057952420,0.0010637431,-0.0023908180,0.0022465428,0.0189086618
236.0000000000,0.0211397832,0.0124223838,0.0108850026,-0.0088726018,0.0205861345,-0.0062370472,-0.0026189015,-0.0000138656,-0.0069610533,-0.0238109656,0.0263489828,0.0201444530,-0.0006112409,-0.0084613132,-0.0165049458,0.0122982408,-0.0197504452,-0.0153726707,-0.0250987419,-0.0176355331,0.0036733530,-0.0084912729,-0.0054454232,-0.0100106913,-0.0112316409,-0.0174311810,0.0147565216,-0.0220648087,-0.0046297257,-0.0139907155,0.0182250484,0.0227081121,-0.0082911349,0.0167868353,0.0139313469,-0.0355858941,-0.0002315284,0.0124576209,-0.0179958051,0.0102595892,-0.0112982179,-0.0259099706,-0.0171580334,0.0144483064,0.0158733988,0.0255984918,0.0065599535,-0.0023778897,-0.0222517239,-0.0089418333,-0.0116665934,0.0127362032,0.0136525159,0.0006998404,-0.0115971852,-0.0366350241,0.0065358927,0.0048116071,0.0308994076,0.0148176766,-0.0157963927,0.0090994328,0.0107831807
237.0000000000,0.0339720795,-0.0025397290,0.0219865458,-0.0329006474,0.0317121732,-0.0046263960,0.0122470577,0.0164953713,-0.0143036798,-0.0104975542,0.0062576667,0.0109336305,0.0113993799,-0.0012103258,-0.0023170977,0.0180363242,-0.0249067906,-0.0102575173,-0.0226563710,0.0071574842,-0.0089443892,0.0100257241,-0.0112713488,-0.0201117946,-0.0054372903,0.0031817014,0.0243847102,-0.0224232164,0.0014819717,-0.0245574642,0.0298807838,0.0112091597,-0.0184540621,0.0032488156,0.0092967212,-0.0286532995,0.0162774578,0.0069138907,-0.0184226301,0.0149526735,-0.0266029282,-0.0160599636,-0.0153918464,0.0024036657,0.0204669517,0.0141379170,0.0209364355,-0.0054481980,-0.0435517061,-0.0184479134,-0.0116762916,-0.0159085591,0.0207699198,-0.0114516042,-0.0043777599,-0.0233568994,0.0127688854,0.0244541792,0.0177140125,0.0087649953,-0.0138954626,0.0113778301,0.0203511047
238.0000000000,0.0147012985,-0.0172098549,0.0079216786,-0.0157815748,0.0325734576,0.0036867396,0.0137429708,0.0112233075,0.0285961764,-0.0315081630,0.0229124339,0.0206279953,-0.0098613766,0.0089359056,0.0067089244,0.0150641348,0.0190919793,-0.0065568537,-0.0159078445,-0.0017915591,0.0327026398,-0.0220911708,0.0066416075,-0.0047924441,0.0004690668,-0.0047239741,0.0200785467,-0.0243590931,0.0097744029,-0.0285876601,0.0245758696,0.0225616712,0.0000691911,0.0333464366,0.0073003824,-0.0171151154,-0.0126063853,-0.0217166173,0.0046845034,0.0429748952,-0.0258116230,-0.0323913468,-0.0356220443,-0.0037998200,0.0461161230,0.0399979146,-0.0076058111,-0.0099829973,-0.0265978329,-0.0198959909,0.0116447635,-0.0064841972,-0.0253780142,0.0036697281,-0.0285438314,-0.0208235463,0.0253702554,-0.0157129524,0.0142615957,0.0046245592,-0.0122469043,0.0012235334,0.0071183773
239.0000000000,-0.0035750365,0.0081247382,-0.0034879778,-0.0178385705,0.0272425643,0.0218646259,0.0162473737,0.0076883904,-0.0107555472,-0.0152064757,0.0261169856,0.0094532292,-0.0051125298,0.0199093042,-0.0005477543,0.0237202332,-0.0039484507,-0.0089373977,-0.0183518963,-0.0313556889,0.0270167889,0.0025476223,-0.0076302870,-0.0255767429,0.0135599133,-0.0072367613,0.0280797344,-0.0079102380,-0.0128646724,0.0114685657,0.0230163769,0.0149768911,-0.0140338772,0.0245590423,0.0002881357,-0.0295416013,0.0032058166,-0.0071894347,-0.0225903709,0.0024847538,-0.0428872279,-0.0176625327,-0.0217633348,-0.0086287505,0.0406573383,0.0200258882,-0.0009978687,-0.0157727190,-0.0282994991,-0.0154696045,0.0083812191,0.0080576878,-0.0306712769,0.0092839456,-0.0265581585,-0.0078015000,0.0108692373,-0.0030775886,0.0132126358,0.0030898574,-0.0130660347,0.0010369773,0.0255796653
240.0000000000,-0.0023778044,-0.0035618707,0.0165025787,-0.0151564106,0.0100835908,-0.0045098601,-0.0079839001,0.0188524585,-0.0072525095,-0.0437748914,-0.0004539675,0.0040816425,0.0174273201,0.0211618850,-0.0009002190,0.0019974575,-0.0376777984,-0.0021271356,-0.0202912708,0.0080832643,0.0150051639,-0.0227960090,-0.0149684782,-0.0204172113,0.0094799698,0.0134218335,0.0514861741,0.0320568439,-0.0077538904,-0.0163738781,0.0193475520,0.0392162712,-0.0296337385,-0.0069935420,0.0155496931,-0.0374908318,0.0161192509,-0.0045416054,-0.0070375663,0.0068053786,-0.0057513176,-0.0235856824,-0.0287703880,0.0028934058,0.0325913075,0.0284514154,0.0028345576,-0.0028408426,-0.0292655664,-0.0154802775,0.0239222916,0.0046241566,-0.0134605223,0.0133640348,0.0006551955,-0.0281365275,0.0082418886,-0.0074986473,0.0085472960,0.0211242983,-0.0082768693,-0.0166609417,0.0235224094
241.0000000000,-0.0102218289,-0.0087554891,-0.0057830942,0.0081492739,0.0154039160,-0.0033657895,0.0235719184,0.0059248479,-0.0054628885,-0.0235959107,0.0126638702,0.0135004605,0.0151856639,-0.0140173185,-0.0031588433,-0.0069899633,-0.0070931594,-0.0172280420,0.0122939571,0.0086498084,-0.0169530667,-0.0074211101,-0.0274696239,-0.0114686423,-0.0127012184,0.0241312776,-0.0063361187,-0.0114253500,-0.0061211361,0.0075382883,0.0070062979,-0.0000140861,0.0069147873,0.0014818834,0.0186834214,0.0036857383,0.0016126683,0.0080976942,-0.0000727241,0.0153583187,-0.0035299269,-0.0010641650,-0.0181455712,-0.0134098045,0.0100537553,0.0170756676,-0.0076027953,-0.0006721665,-0.0230419826,0.0015357065,-0.0135395497,0.0185121800,-0.0256500853,0.0067062829,-0.0035046175,-0.0087487370,-0.0081322230,-0.0087566763,0.0122850849,0.0014434169,0.0059424066,0.0086486848,0.0119439673
242.0000000000,0.0070159226,-0.0019691388,-0.0050131579,-0.0050766106,0.0221691215,-0.0189311801,0.0126595327,0.0082576865,0.0033436910,-0.0155040909,0.0186822669,0.0165696279,-0.0029419718,0.0000181354,-0.0150231684,-0.0151902088,0.0021326831,0.0102969608,-0.0038142026,0.0122873850,0.0092324783,-0.0004194074,-0.0118821875,-0.0081736904,0.0020693580,-0.0002742688,0.0092640756,0.0294388885,-0.0095482070,-0.0066673715,0.0041981313,0.0086772616,-0.0377725558,0.0043920574,0.0127179434,-0.0286614987,-0.0100377747,-0.0047169574,0.0149199581,0.0088096203,-0.0088297380,-0.0286385761,-0.0142228599,-0.0200770483,-0.0148613719,0.0054757356,0.0031032620,-0.0026241208,-0.0262514732,0.0113860976,-0.0016594607,-0.0048427729,0.0145619077,-0.0231124841,0.0058730854,-0.0196956379,0.0331011215,0.0106730661,0.0008353670,0.0138001292,0.0001527915,-0.0014559054,0.0048535757
243.0000000000,0.0145772220,0.0137449823,-0.0011495196,-0.0199380159,-0.0073603500,0.0254957990,-0.0038008102,-0.0101102044,-0.0051109339,-0.0214730471,-0.0120524106,0.0227682970,0.0076759296,-0.0026042172,0.0062447647,0.0237433636,0.0199601995,0.0127464572,-0.0220822242,0.0054840126,0.0054391120,-0.0121056346,0.0207222865,-0.0077728572,-0.0027499705,-0.0164767343,-0.0024651755,-0.0094486202,0.0224868135,0.0121446285,0.0241043394,-0.0083768154,-0.0172985450,0.0061689122,0.0231205983,-0.0221799124,-0.0098505529,0.0091121886,0.0038501303,0.0041601004,-0.0314034525,0.0017937360,-0.0240450386,-0.0120164637,0.0280043576,0.0435238094,-0.0044779442,0.0074904634,-0.0111069572,-0.0184284999,-0.0079854103,0.0044199791,-0.0139278404,0.0256168904,0.0026761065,-0.0096515822,0.0121405959,-0.0255660438,0.0047447048,0.0250660456,-0.0281538497,-0.0096975513,0.0035671429
244.0000000000,0.0016721049,0.0201291271,0.0000929401,-0.0336075806,0.0057088205,0.0201241433,0.0085902911,0.0074733557,0.0007620618,-0.0274667037,0.0120962521,0.0186988715,0.0053830267,-0.0049814859,-0.0079309211,-0.0152808549,-0.0112045514,-0.0027559625,-0.0106962456,-0.0090732582,0.0265329900,0.0046021084,-0.0066381484,0.0188351515,0.0125746089,-0.0305923831,0.0065121160,0.0283565165,0.0165450094,-0.0034669659,0.0177079238,0.0236749222,0.0017191719,0.0108086819,-0.0024402379,-0.0228331020,0.0062490446,-0.0014124504,-0.0130985222,-0.0136054839,-0.0189511539,0.0154597301,-0.0294769680,-0.0121609225,0.0031122519,0.0417959007,-0.0015203937,-0.0082219875,-0.0286945570,-0.0128848349,-0.0121108412,-0.0033553420,0.0084565648,0.0035332586,0.0182887067,0.0009454492,0.0248920658,0.0042503377,-0.0056472571,0.0157174955,-0.0064940043,-0.0090597541,0.0025444665
245.0000000000,0.0235311695,-0.0184495822,0.0082995647,-0.0155965871,0.0398520256,-0.0136207603,0.0035190545,0.0014640126,-0.0049355814,-0.0309788179,0.0242354544,0.0335074504,-0.0019268717,0.0012406679,-0.0269270077,0.0202681107,0.0001935393,0.0087146166,-0.0020004617,-0.0019322993,0.0048253313,0.0049410218,-0.0106941423,-0.0076295867,0.0029798428,-0.0077893810,0.0182809352,-0.0041697060,0.0122232054,-0.0024898012,-0.0025235962,0.0370167992,-0.0280582898,0.0371433405,0.0075044515,-0.0375010875,-0.0077123722,0.0039522196,0.0117350546,0.0080717431,-0.0161153567,-0.0248745909,-0.0221345737,0.0008668977,0.0433146380,0.0318464550,-0.0199338028,0.0111532546,-0.0316250638,-0.0085570425,0.0167948775,0.0361090665,-0.0174202113,0.0099452341,-0.0158136276,-0.0118765912,0.0054743108,-0.0031806333,0.0072340565,-0.0039735485,-0.0224409341,0.0078140160,0.0228860264
246.0000000000,0.0082523185,-0.0058849841,-0.0097354616,0.0023165979,0.0137330928,0.0041449748,0.0037745346,-0.0057181294,-0.0200465319,-0.0184032116,-0.0029573851,0.0058856308,-0.0033306968,-0.0070504496,-0.0134319487,0.0001049329,-0.0136818190,-0.0025663200,0.0035289413,-0.0097789793,0.0098590829,0.0016607726,0.0264981548,-0.0165071543,0.0017692112,0.0026828560,0.0361246946,-0.0087630314,0.0266538316,0.0005045550,0.0024204053,0.0098435073,0.0039804047,0.0048587842,0.0032104252,-0.0246251901,0.0072316076,-0.0221227671,0.0017699698,0.0028393113,-0.0162636189,-0.0129974692,-0.0098994737,-0.0189855943,0.0404242916,0.0121587277,-0.0196234548,-0.0022495613,-0.0275442771,-0.0320094832,0.0148667528,0.0074982513,-0.0213417872,-0.0078709232,-0.0097067639,-0.0335062536,0.0246195114,-0.0009228191,0.0065630995,-0.0149862171,-0.0012284616,0.0202199861,-0.0198011066
247.0000000000,0.0196363122,0.0042759657,0.0141709499,-0.0191125656,0.0303962982,-0.0068392026,0.0203658678,0.0142872373,-0.0055511896,-0.0168298124,0.0147587459,-0.0040802199,-0.0098593254,0.0186732994,-0.0034469205,0.0237946171,-0.0188345660,-0.0259984504,-0.0267505677,0.0150411816,0.0185495309,0.0145471952,0.0024953745,-0.0114348749,0.0212207612,0.0033437690,0.0216645033,-0.0072923091,0.0181615013,-0.0034895684,0.0161657697,0.0178440848,0.0081673647,0.0279562337,0.0249370428,-0.0109796466,-0.0057696290,-0.0031318138,0.0096295859,0.0215646066,-0.0373856051,-0.0211134686,-0.0057040066,0.0059763387,0.0271882573,0.0354879312,-0.0109931122,0.0014097718,-0.0208845799,-0.0290138300,-0.0091452916,0.0057272624,0.0003423232,0.0220431060,-0.0087738166,-0.0236398636,0.0138775303,-0.0041305851,0.0059148384,0.0164959744,-0.0148069637,0.0037820417,0.0216002773
248.0000000000,0.0327682172,0.0074251785,0.0235294211,-0.0305579690,-0.0008441149,0.0118020907,0.0051374295,0.0192586484,-0.0060785686,-0.0102848821,0.0113873344,-0.0116500977,-0.0182028060,-0.0112175129,-0.0084969097,0.0195866801,0.0041906929,0.0063244703,-0.0125937542,-0.0004323771,0.0160582889,0.0155394461,-0.0035942635,-0.0175838798,0.0116518177,-0.0158249494,0.0152468621,-0.0159265278,0.0059874079,-0.0289572103,0.0181172898,0.0067463705,-0.0228531553,0.0308570050,0.0277610026,-0.0282694533,0.0007852799,-0.0166909203,-0.0202094046,0.0141286915,-0.0197527097,0.0024223830,-0.0192642269,0.0035897870,0.0271224057,0.0133246617,-0.0222329532,-0.0133993804,-0.0040045514,0.0042137828,-0.0024090677,0.0130694037,-0.0029849458,-0.0010312969,-0.0084274319,-0.0300001131,0.0223985344,-0.0138211890,-0.0000534970,-0.0070272636,-0.0216710093,-0.0036208102,0.0065305495
249.0000000000,0.0195864161,0.0044637761,0.0149497952,-0.0164345994,0.0041936657,0.0030048733,-0.0018777637,-0.0026874694,-0.0024627448,-0.0142230431,0.0228966738,0.0148706434,0.0008594909,0.0047911475,0.0107927429,0.0053831728,0.0079884160,-0.0075158343,-0.0161161656,0.0052433506,0.0036175697,0.0107922421,0.0043008197,-0.0107452816,0.0088091897,0.0004852997,0.0088123016,0.0103745861,0.0081322521,-0.0077368180,0.0267722021,0.0339994381,-0.0008640232,0.0007000875,0.0178746271,-0.0031124757,0.0045846345,0.0011515454,-0.0050939811,0.0185909101,-0.0133060420,-0.0107818173,-0.0254383557,0.0008266038,0.0139126346,0.0350016911,-0.0002341715,0.0074159049,-0.0148911216,-0.0147009320,0.0094085805,0.0083724551,-0.0069971261,0.0098852220,0.0038091233,-0.0294259355,0.0118348834,0.0121968028,0.0201958861,0.0034846594,-0.0233749232,0.0218670929,0.0099558693
250.0000000000,0.0116637412,0.0189601285,-0.0103707617,-0.0162204541,0.0337578775,0.0237445985,0.0165641582,0.0285215472,0.0007360299,-0.0169568145,0.0009020009,0.0205943588,0.0090001051,0.0046768983,-0.0102737730,0.0047892163,-0.0035079685,-0.0061345301,-0.0043422342,0.0029845005,-0.0231903942,0.0205489776,0.0134870251,-0.0004761128,-0.0117019476,-0.0057379363,0.0012222751,-0.0030334065,-0.0085738519,-0.0208485633,0.0009618873,0.0052955781,-0.0105513517,0.0150227482,0.0069558970,0.0048024326,-0.0130778853,-0.0227288361,0.0059997688,0.0050519384,-0.0123654481,-0.0226021221,-0.0194882375,0.0065232176,0.0226743927,0.0266206022,-0.0120068343,-0.0103510017,-0.0179908210,0.0078281822,0.0020679158,-0.0022721507,-0.0066435783,0.0049598516,0.0025614766,-0.0155950123,-0.0100844674,-0.0094369164,0.0145784910,0.0005364504,-0.0082322079,-0.0000122488,-0.0101070249
251.0000000000,0.0201048911,0.0137423125,0.0026418437,-0.0022832889,0.0150536160,-0.0111118766,0.0041122857,0.0203419983,-0.0080731563,-0.0160868683,0.0059241948,0.0100257242,-0.0164821597,0.0313149715,0.0213752081,0.0060960102,-0.0186332629,-0.0194318904,-0.0119205703,-0.0173286897,0.0122814022,-0.0128710150,0.0069073422,-0.0301509029,0.0097500298,0.0023283069,0.0049141749,-0.0219475211,-0.0070217538,-0.0068626427,0.0001923969,0.0220464382,-0.0017953664,0.0071415250,0.0302660316,-0.0293932979,0.0192235011,0.0174729495,-0.0224824946,0.0186001159,-0.0324659501,-0.0150368013,-0.0086177402,0.0059779050,0.0068361829,0.0187052737,0.0114682738,-0.0039863574,0.0206674258,-0.0114214316,-0.0063020959,-0.0022129923,-0.0121303072,-0.0072552249,-0.0226072476,0.0050008718,0.0008439950,-0.0311272880,-0.0004622099,0.0087022035,0.0022664604,0.0037482722,-0.0060632371
252.0000000000,0.0054354205,-0.0028407110,0.0132107678,-0.0129414747,-0.0205363739,0.0178787330,-0.0013544046,-0.0059916962,0.0163962890,-0.0043059942,0.0055426053,0.0007568331,-0.0101024670,0.0063285693,0.0075047441,0.0087652985,-0.0115569960,0.0048407072,0.0059594471,0.0010926713,0.0059933277,-0.0127846681,-0.0100895651,-0.0152034191,-0.0080429032,0.0121621414,-0.0042344125,-0.0062927989,0.0118475644,-0.0073153295,-0.0006886180,-0.0121540225,-0.0270186059,0.0260454423,-0.0103087584,-0.0155380457,-0.0086328333,-0.0114604744,-0.0124045099,0.0052846533,-0.0013885509,-0.0203805092,0.0064977988,-0.0126821221,0.0057283836,-0.0124669086,-0.0116455785,0.0037983087,-0.0130285180,0.0042036496,-0.0024677069,-0.0089766078,-0.0093506847,0.0255517449,0.0024423410,-0.0091021982,0.0186850419,0.0040869717,0.0159512657,-0.0121361527,0.0083956042,0.0011716143,0.0131113408
253.0000000000,0.0035944161,-0.0150016719,-0.0188458936,-0.0121521047,0.0118767245,-0.0234457549,0.0133400216,0.0157655155,0.0145602261,-0.0195398328,0.0120854007,-0.0023390375,0.0122428927,-0.0007326410,0.0070992549,0.0348742512,0.0087959747,0.0122462132,0.0016251403,-0.0052242435,0.0114128023,-0.0147125673,0.0069787274,-0.0109140180,-0.0109437161,-0.0045501292,0.0296516623,-0.0084922479,-0.0002975506,-0.0300022677,0.0120878447,0.0326547160,0.0262275942,-0.0151125499,0.0024291928,-0.0217191277,0.0105291549,-0.0111980459,0.0132346851,0.0099117022,-0.0033454659,0.0047864136,-0.0083093065,-0.0048368128,-0.0087098533,0.0282310521,-0.0088015349,0.0032812456,-0.0288666390,-0.0011998409,-0.0021852244,0.0044678415,0.0025368804,-0.0038505365,0.0180102183,-0.0183256278,0.0198634682,-0.0032132448,-0.0012682933,0.0074536131,-0.0164507264,0.0055434403,0.0081299835
254.0000000000,0.0210423264,0.0159946956,0.0025753629,-0.0011086861,0.0245658786,-0.0016715155,-0.0104028400,-0.0234863039,0.0026479223,-0.0176173736,0.0095794914,0.0044675127,0.0222204676,0.0149451266,-0.0055122611,0.0331314113,-0.0172281999,-0.0187323216,-0.0375457583,0.0087781214,0.0225247652,0.0057173480,0.0006025666,-0.0216305752,0.0101297573,0.0211710527,0.0278347082,-0.0081434998,0.0139152070,-0.0194238283,0.0277572884,0.0288256449,-0.0054805959,0.0272591216,0.0109245929,-0.0376389121,0.0156143574,0.0041913564,-0.0208202469,0.0139343975,-0.0180079482,-0.0025549699,-0.0051877021,-0.0101281204,0.0185665542,0.0269952826,0.0050580439,0.0102426784,-0.0132114272,-0.0045584298,-0.0025375316,-0.0045625882,-0.0069770956,0.0110043710,-0.0073905042,-0.0248556900,0.0030696722,-0.0247038540,0.0082587342,-0.0002411808,-0.0109748676,0.0219575036,-0.0055244050
255.0000000000,0.0034277654,-0.0044808753,0.0116261008,-0.0098265745,0.0211627828,-0.0059925493,0.0083252867,0.0085428553,-0.0165113155,-0.0061780674,0.0056439773,0.0109566253,-0.0080907631,-0.0004752730,0.0170648039,-0.0143996102,-0.0033697776,-0.0062750572,-0.0253594942,-0.0015789308,-0.0043415130,-0.0158831661,-0.0082785891,-0.0024259748,-0.0020207071,0.0071300336,0.0213947636,0.0116015150,-0.0098529226,0.0045515637,0.0035172700,0.0115527415,-0.0139290551,0.0060594371,0.0107391066,-0.0138043929,-0.0060305418,0.0097660897,-0.0124156792,0.0023756266,-0.0216165431,-0.0076112045,-0.0220477421,-0.0096976065,0.0114731201,0.0358098891,-0.0143233469,-0.0085101590,-0.0212660696,-0.0231953282,0.0169080904,0.0161056294,-0.0236978474,0.0009461530,-0.0026737601,-0.0066045617,-0.0143633236,-0.0050641306,0.0042494337,-0.0143014598,0.0116861373,0.0083665242,0.0103042501
256.0000000000,0.0325339358,0.0114572062,-0.0150986717,-0.0134470437,0.0398173096,0.0167408462,0.0287275970,0.0126940285,0.0048739315,-0.0421442314,0.0320703556,0.0050547554,-0.0086321547,0.0075126232,0.0103258991,0.0261598543,-0.0054385179,-0.0024876573,-0.0163321298,0.0073913034,0.0138728097,-0.0070210710,-0.0039902606,-0.0260470277,-0.0113236097,-0.0085561653,0.0349776668,0.0062015176,-0.0112912871,-0.0040791578,0.0423275301,0.0666600006,-0.0203281107,0.0303055238,0.0298700604,-0.0448236059,-0.0072660629,-0.0052905692,0.0105008810,0.0135652633,-0.0481999207,-0.0093522731,-0.0322398559,-0.0234052496,0.0207461680,0.0721655715,-0.0076692003,0.0057410667,-0.0398915373,-0.0217957247,0.0265743663,-0.0009185249,-0.0073568060,0.0057677164,-0.0134180324,-0.0392592021,0.0203163995,-0.0062070251,0.0066837483,0.0196167976,-0.0196305701,0.0033089476,0.0245096015
257.0000000000,0.0185622437,-0.0170364225,0.0071325611,-0.0200244914,-0.0028454525,-0.0052980596,-0.0011049578,0.0167115002,-0.0114123679,-0.0151967719,0.0109154450,0.0106851510,-0.0075133127,0.0255708172,0.0024650626,0.0126787403,-0.0005769945,-0.0124196955,-0.0070638907,-0.0070348188,-0.0066892465,-0.0113560214,0.0061944066,-0.0013824453,0.0210757539,0.0023820359,0.0161987079,0.0019172937,0.0003393381,-0.0146311795,-0.0007905824,0.0071722161,-0.0113240522,0.0093525981,0.0128640005,-0.0339644989,-0.0037381070,0.0149946091,-0.0148050196,-0.0021885076,-0.0535776265,-0.0102850258,-0.0341347080,-0.0248361632,0.0238936316,0.0255798566,-0.0017413901,0.0032710296,-0.0061923524,-0.0310982647,-0.0082178740,0.0157963588,0.0043938756,0.0122394822,-0.0014306541,-0.0292954674,0.0393145391,-0.0003269188,0.0093104086,0.0016318944,-0.0102633393,-0.0042123960,0.0144463817
258.0000000000,0.0058653508,-0.0140843745,0.0080516431,-0.0097627328,0.0472480688,-0.0006444896,0.0163354068,-0.0011575459,0.0072884509,-0.0092628896,0.0072139321,0.0234332538,0.0032347435,-0.0114789117,0.0074585398,0.0159624599,-0.0004093819,-0.0186472584,-0.0150147106,0.0042536946,0.0130662014,-0.0155067074,-0.0055962803,-0.0231006229,0.0039020573,-0.0005144845,-0.0030387702,0.0075011058,0.0070905113,-0.0142738954,0.0020138555,0.0305144980,-0.0132357675,0.0153512073,0.0392794410,-0.0417433168,-0.0125162887,0.0101574252,-0.0096209281,0.0109533298,-0.0106621506,-0.0186058804,-0.0204960166,0.0111339294,0.0129173357,0.0446650691,-0.0115414013,-0.0174477862,-0.0235528838,-0.0222318868,-0.0086773248,-0.0100753568,-0.0038181114,-0.0114885254,-0.0065833383,-0.0097184861,0.0099754277,-0.0024459383,0.0294940312,0.0183543564,-0.0113603563,0.0122283210,0.0031079684
259.0000000000,0.0242592958,-0.0016004485,-0.0076289333,0.0143131064,0.0202739391,0.0108362226,0.0111387009,0.0113417501,-0.0075138851,-0.0076337368,0.0040285181,-0.0055664338,0.0088970639,0.0117100617,-0.0079086455,0.0184295625,-0.0166460599,0.0102803675,-0.0059076098,-0.0030818777,0.0099054544,-0.0043258976,0.0038067288,0.0006728604,-0.0125527592,-0.0135624650,0.0184167132,-0.0055468608,-0.0028601477,-0.0113175112,0.0261221604,0.0304725384,-0.0249418681,0.0172672901,-0.0017657635,-0.0106090643,-0.0166993615,0.0178916733,-0.0010722041,0.0153106569,-0.0338891442,-0.0098170854,-0.0173105755,-0.0116092792,0.0030547131,0.0152713067,0.0073380649,-0.0182519860,-0.0333398650,0.0157916726,0.0104851593,-0.0063769896,0.0014788674,0.0130983462,-0.0055726922,-0.0185860750,0.0175828329,0.0180076795,0.0023796405,0.0063770835,0.0076640330,-0.0086768826,-0.0026303415
260.0000000000,0.0136467309,0.0178324422,0.0194999818,-0.0122067193,0.0073852457,0.0073004669,0.0234118316,0.0080452310,-0.0159144881,-0.0196322418,0.0154415386,0.0096326590,-0.0031471258,0.0069676322,0.0002442895,0.0130437592,-0.0337566774,-0.0112855153,-0.0252751326,0.0164459607,0.0228235682,-0.0048365507,0.0092483030,-0.0092861404,-0.0129836043,0.0098082426,0.0135013919,-0.0055181695,-0.0129630391,-0.0039094688,0.0167298302,0.0188737596,-0.0235759549,0.0304409970,0.0057867879,-0.0186603800,0.0105228557,-0.0231205258,0.0055512039,0.0193497565,-0.0485792605,-0.0129839162,-0.0267327672,-0.0017097356,0.0187905581,0.0350129846,-0.0107731871,0.0114727579,-0.0155244002,-0.0298350819,-0.0031351242,0.0148513009,-0.0123718702,0.0128860342,-0.0121278766,-0.0254544781,-0.0141965286,0.0131924945,0.0202206825,0.0055667464,-0.0120143646,0.0079476159,0.0089328086
261.0000000000,0.0174382155,0.0030459606,-0.0058778128,-0.0048654680,0.0191685483,0.0101072977,0.0093048062,-0.0006030840,-0.0083952736,-0.0277539288,0.0237436856,0.0178552681,-0.0096815692,0.0006442854,-0.0093103904,0.0193968260,-0.0144020253,0.0018200424,-0.0145415311,-0.0133117363,0.0018503000,0.0073809150,-0.0244795227,-0.0139338871,0.0135304654,0.0032095165,0.0122902801,-0.0040981046,0.0096598560,-0.0050290682,0.0074663526,0.0258869666,-0.0164641066,0.0126775361,0.0100986313,-0.0221880807,-0.0125857510,-0.0020044677,0.0053758258,0.0157114172,-0.0249309581,-0.0187435269,-0.0263905061,0.0013450758,0.0140795102,0.0264657026,-0.0164099372,-0.0045273702,-0.0167916435,-0.0223347440,0.0170141530,0.0049480615,-0.0135797470,0.0074812011,0.0039338676,-0.0076868527,0.0124999652,0.0049817088,-0.0090656350,0.0123095047,0.0005620584,-0.0002736280,-0.0108049212
262.0000000000,0.0061435845,-0.0082086379,0.0129739127,-0.0119049013,0.0383960723,-0.0080148038,-0.0062987740,-0.0055816870,0.0135344144,-0.0218358736,0.0145637782,0.0172659205,-0.0151810307,0.0100242051,0.0022074698,0.0194915175,-0.0308419054,0.0061532638,-0.0153821757,0.0268636925,0.0047271261,-0.0007967477,0.0023133835,0.0129505581,-0.0054892063,-0.0038605153,0.0072239506,0.0122826652,0.0001637007,-0.0199860855,0.0252846574,0.0140080261,-0.0070842174,0.0032799257,0.0136477333,-0.0292112228,-0.0086281301,-0.0149162954,-0.0115193592,0.0297520695,-0.0361362962,-0.0240579619,-0.0096829958,-0.0067389635,0.0370262252,0.0258614211,0.0105041130,-0.0075832820,-0.0323171240,-0.0061757430,-0.0060035802,-0.0104804780,-0.0048554237,0.0022230469,-0.0151338673,-0.0122185511,0.0299893758,-0.0090757698,0.0130567636,-0.0015791313,-0.0270454506,-0.0008310181,0.0133038814
263.0000000000,0.0276552489,0.0044327604,0.0128528942,-0.0349717794,0.0308246412,0.0061615366,-0.0134204519,0.0093011939,-0.0065137891,-0.0579172185,0.0136688453,0.0249731870,-0.0127864816,0.0121739150,-0.0070841824,0.0305808025,-0.0038696932,-0.0251894479,-0.0431766191,-0.0034845726,0.0044100084,-0.0296426407,-0.0142928128,-0.0313835631,0.0064426047,0.0165324444,0.0247801143,-0.0140647850,0.0055413628,-0.0283246054,0.0041829330,0.0175169126,-0.0324906058,0.0355847941,0.0231213734,-0.0453030357,-0.0033534340,0.0052212025,-0.0167372432,0.0135544821,-0.0306309206,-0.0070941354,-0.0067051332,-0.0329248648,0.0312826314,0.0511207064,-0.0176606929,-0.0173160656,-0.0458160728,-0.0378713301,-0.0087302835,0.0090911306,-0.0111765029,0.0054465410,0.0013424192,-0.0384463394,-0.0011405204,-0.0116094741,0.0036040643,0.0101564957,-0.0015752763,-0.0026408600,0.0282929139
264.0000000000,0.0144611756,-0.0029287840,-0.0057022633,0.0049636703,0.0155493566,-0.0064509469,-0.0054151991,0.0118013946,-0.0061421354,-0.0280304119,0.0256438669,0.0008361599,-0.0147057817,0.0007931434,0.0030806257,0.0343025897,-0.0100992422,-0.0060420828,-0.0226730393,0.0063345564,0.0124544930,0.0015031852,0.0077100511,-0.0174114586,-0.0135362348,-0.0158148014,0.0082006474,-0.0294459698,0.0078307626,-0.0033559123,0.0153543326,0.0297660955,0.0118545740,0.0227993542,0.0042097195,-0.0155017489,-0.0042271731,-0.0212762036,-0.0003501060,0.0294439483,-0.0098951158,0.0006284116,-0.0047222224,0.0065967395,-0.0013863837,0.0338587274,0.0085836254,-0.0036017650,-0.0442107827,0.0063618399,-0.0072001807,-0.0090420809,-0.0217238843,-0.0016847677,-0.0060732997,-0.0240740519,-0.0061705446,-0.0010654169,-0.0199443595,0.0023419372,0.0091175459,0.0051290425,0.0040501941
265.0000000000,0.0148182800,0.0096890586,-0.0117688284,-0.0149649684,0.0238106882,-0.0051025425,0.0184258051,0.0146236509,-0.0047433551,-0.0131526194,0.0130360862,-0.0031974433,-0.0005769480,0.0008694500,-0.0070828792,0.0142441470,-0.0212046007,-0.0083283603,-0.0162727927,0.0118321900,0.0198533308,0.0023984851,-0.0145178579,-0.0074956580,0.0036262878,0.0165186535,0.0281073238,0.0090041002,-0.0064536680,-0.0088640342,0.0148288850,0.0160673598,-0.0012690540,0.0120545193,0.0271752565,-0.0268213710,-0.0015824896,0.0115729335,0.0092615053,-0.0043484342,-0.0600441191,-0.0086133781,-0.0288213496,-0.0156513649,0.0191951871,0.0267997675,0.0057556188,0.0024151358,-0.0273796015,-0.0182440368,0.0135193396,0.0189999071,-0.0012786686,0.0117217949,-0.0238473193,-0.0234319928,0.0228183418,-0.0072746729,0.0147648348,0.0263222368,-0.0181639983,0.0080028755,0.0097348754
266.0000000000,0.0419145648,-0.0058601512,0.0131676164,-0.0225355658,-0.0072226562,0.0226636234,-0.0158477886,0.0116896672,-0.0198605729,-0.0343260730,0.0128798302,0.0107195399,-0.0274354724,-0.0085713819,-0.0245821950,0.0280081500,-0.0112729321,-0.0123371316,-0.0185804040,-0.0007504997,0.0087009499,0.0001178820,-0.0084025016,-0.0222962411,-0.0087585956,-0.0144015143,0.0046456013,-0.0076887984,-0.0133139570,0.0037154211,0.0300599450,0.0210181033,0.0047916145,-0.0024208910,-0.0118285233,-0.0158420057,0.0121094381,-0.0099709572,-0.0164971093,0.0308659907,-0.0204885512,-0.0162624412,0.0051881701,-0.0026749585,0.0245168804,0.0111758337,-0.0099134117,-0.0107734968,-0.0122082643,-0.0377018805,-0.0174344166,-0.0020309966,0.0038069151,0.0045627022,0.0038420274,-0.0148296552,0.0220917126,-0.0005604759,0.0129794311,-0.0041792793,0.0021102238,0.0055088781,0.0115446430
267.0000000000,0.0006350611,0.0001488062,0.0257363656,-0.0137585316,0.0207235734,0.0208652910,0.0278423880,0.0141763041,0.0123683135,-0.0166569558,0.0155871012,0.0080617961,-0.0224476678,-0.0045835483,-0.0015342047,0.0158087094,-0.0156958128,-0.0040284661,0.0066106086,0.0004073103,0.0179872363,-0.0012610623,-0.0300556597,-0.0457215794,0.0021219410,0.0120432771,0.0216450558,0.0018082957,-0.0130301429,-0.0127272325,-0.0063119519,0.0294358939,0.0008718128,0.0141666301,-0.0050602958,-0.0238337769,0.0012794531,-0.0133209366,-0.0039196578,0.0040740748,-0.0235053359,-0.0285306266,-0.0070594452,0.0003697085,0.0005624366,0.0331112687,-0.0010393179,0.0117433493,-0.0350698220,-0.0008932893,0.0112534188,0.0121441721,-0.0164057080,-0.0115416476,0.0026798745,-0.0160057872,0.0154292735,-0.0020289479,-0.0104447273,-0.0209042354,-0.0179353767,0.0018228811,0.0252981526
268.0000000000,0.0207639692,0.0022200517,0.0004069092,-0.0400605826,0.0443660404,-0.0032293539,0.0065927738,-0.0045026472,-0.0258728639,-0.0379537201,0.0200974377,0.0130077836,0.0057785773,0.0019319595,-0.0210376236,0.0155239859,-0.0255378198,-0.0074360263,0.0000757306,0.0154909232,0.0133966840,0.0064944284,-0.0108145637,-0.0455291066,0.0017856769,0.0072649186,0.0283123474,-0.0125208227,-0.0011622857,-0.0071176952,0.0247252846,0.0411591936,-0.0200365329,0.0322298923,0.0084615706,-0.0470373901,0.0188589033,-0.0082341953,-0.0001807463,0.0106711713,-0.0242298927,-0.0348475049,-0.0453905540,-0.0178864432,0.0235537587,0.0228961067,0.0143505933,-0.0040740435,-0.0439150701,-0.0165644232,0.0072225809,0.0171593885,-0.0012919827,0.0300636924,0.0053586147,-0.0343928626,0.0292173760,-0.0171465966,-0.0257662625,-0.0022929077,0.0183253048,-0.0069998810,0.0041303053
269.0000000000,0.0221721625,0.0122069071,0.0013049083,-0.0038967414,0.0229819274,0.0013499422,0.0014446261,0.0068746433,0.0151963311,-0.0253052365,0.0006709139,0.0193536741,0.0072152473,0.0150673441,0.0002707584,0.0233213198,0.0100906932,-0.0203349956,-0.0146372495,0.0052541697,0.0187398736,0.0121091671,-0.0165271781,-0.0375250089,0.0146236489,0.0065794528,0.0096798288,0.0055140727,-0.0038328012,0.0132361398,0.0121688565,-0.0060854995,0.0006431719,0.0212188255,-0.0017061197,-0.0020840801,-0.0221952210,0.0059109078,0.0057833427,-0.0060811388,-0.0183524467,-0.0128779841,-0.0066776734,-0.0119250382,0.0172622803,0.0097130970,0.0149305796,-0.0231987314,-0.0157390097,-0.0121525213,0.0235755805,0.0198421071,-0.0113512463,-0.0059778149,0.0018805264,0.0009313890,0.0155434001,-0.0171674719,0.0128335095,0.0047963730,-0.0008124325,0.0169850152,0.0207817688
270.0000000000,0.0071165982,0.0351526065,0.0004114828,-0.0123399001,0.0168710932,0.0002473973,0.0015707897,0.0215909572,-0.0011224143,-0.0322293916,0.0246288198,0.0088764035,0.0039481578,0.0082596247,-0.0120504358,0.0071025387,-0.0227904965,0.0029477483,-0.0435572067,0.0015585661,0.0074696664,-0.0098282479,-0.0138985327,-0.0291376664,-0.0150798691,0.0016247369,0.0398358329,-0.0017686311,0.0040419156,-0.0077296265,0.0048181725,0.0166088180,-0.0142979873,0.0144604809,0.0297720156,-0.0223485512,-0.0234354956,-0.0201331163,-0.0132432165,0.0434854523,-0.0286199872,-0.0168579250,-0.0407653838,-0.0008181697,0.0297068683,0.0317306541,0.0168204097,-0.0032045961,-0.0185120316,-0.0242447288,-0.0047920304,-0.0158524145,-0.0084717190,0.0306352055,0.0039932960,-0.0338896432,0.0163310081,-0.0294559703,0.0157718883,0.0051436907,-0.0133138359,0.0093488821,0.0196150134
271.0000000000,0.0082030929,-0.0025688013,0.0190180641,-0.0083431350,0.0413962339,-0.0024563992,0.0257325069,-0.0071330537,0.0039107176,-0.0333790992,0.0052871973,0.0060196992,0.0082836608,0.0043718978,0.0111447445,0.0324903717,-0.0183787542,-0.0363467680,-0.0065252235,-0.0064157271,-0.0193456859,-0.0006089902,-0.0183927508,-0.0018868143,-0.0002777755,-0.0113424195,0.0182859218,0.0166248172,0.0103368862,0.0094465754,0.0176163987,0.0175961965,-0.0156576710,0.0231123750,0.0230221668,-0.0325641605,-0.0084469583,0.0138796422,-0.0073801961,0.0281688121,-0.0242238490,-0.0192943136,-0.0153222604,-0.0130521876,0.0241630043,0.0217967320,0.0026560050,0.0073548904,-0.0042338192,-0.0174184890,0.0227225697,0.0002423454,0.0079242516,-0.0090306328,-0.0094081939,-0.0316890991,0.0075820753,-0.0174196142,0.0029428598,-0.0003169636,-0.0118861341,-0.0065636168,0.0219124548
272.0000000000,0.0053156467,0.0165762390,0.0115205627,-0.0239635421,0.0169737738,-0.0001562303,0.0010035009,0.0057568564,-0.0191208060,-0.0146561226,0.0229914230,0.0237810382,0.0058712396,0.0077544342,-0.0320705356,0.0158908069,-0.0234288722,0.0105639752,-0.0374656433,-0.0076620277,0.0031701716,0.0002921111,-0.0007499950,-0.0234683457,0.0044227564,-0.0156984063,0.0034637165,-0.0046185332,0.0070678882,0.0042130275,0.0229853035,0.0060639193,0.0009253636,0.0145219801,0.0155441769,-0.0279854687,-0.0059889417,-0.0020178649,0.0086457351,-0.0014915560,-0.0120526070,0.0089449870,-0.0060474517,-0.0059559716,-0.0183901433,0.0134115679,0.0173602195,-0.0072365194,-0.0371668476,-0.0027332194,-0.0179611251,-0.0032079375,-0.0016502061,0.0034990641,0.0071578311,-0.0208348484,0.0230400617,-0.0095825843,0.0112318436,0.0141869483,0.0015804826,-0.0196398655,0.0194285473
273.0000000000,0.0322440709,0.0033603133,0.0044467640,-0.0108573118,0.0302313900,-0.0026260975,0.0104696322,-0.0197089996,0.0072848346,-0.0405210970,0.0126669686,0.0052982447,0.0024714355,0.0344002204,0.0218005276,0.0194468369,-0.0185922276,-0.0102893749,-0.0158494237,0.0058168237,0.0121981179,-0.0075443574,-0.0117717335,-0.0234699686,0.0177304761,-0.0296642087,0.0258862702,0.0065478811,-0.0043518236,0.0141389389,0.0247043459,0.0348492955,-0.0212003523,0.0132921660,0.0507565550,-0.0265155517,0.0046281817,-0.0158590272,-0.0185325670,0.0124389489,-0.0219451776,-0.0114691904,-0.0137387297,-0.0121722385,0.0288124813,0.0330172224,0.0047056368,-0.0112362271,-0.0228047345,-0.0191219959,-0.0246806551,-0.0015885273,-0.0045043969,0.0019162659,0.0108589529,-0.0285377193,-0.0014168358,-0.0152103147,0.0352753153,0.0069946105,-0.0040072256,0.0013634651,0.0235089216
274.0000000000,0.0065834116,0.0171231779,-0.0000318960,0.0103309583,0.0129985281,0.0069183669,0.0050435956,-0.0196392540,-0.0182755508,-0.0432646332,0.0322168841,0.0111005544,0.0144755281,0.0319304056,-0.0036562733,0.0090869120,-0.0084991072,-0.0174604268,-0.0392440914,0.0279643350,0.0142958274,0.0203178951,0.0178816049,-0.0097533052,-0.0014300700,-0.0215449395,0.0159119854,0.0056508750,0.0149622774,-0.0021897914,0.0209953751,0.0127264550,0.0242877639,0.0222353405,0.0143980270,-0.0306645897,0.0084869749,0.0167603697,-0.0172027946,0.0010091415,-0.0537360699,-0.0056214042,-0.0403246424,-0.0235227372,0.0387163994,0.0343242946,-0.0163846847,-0.0143997866,-0.0141217623,-0.0106760844,-0.0216597009,0.0137754080,-0.0169104770,-0.0158743244,-0.0104803734,-0.0110758599,0.0054892580,-0.0054509116,0.0286435042,0.0091795979,-0.0152815361,0.0101001957,0.0071027821
275.0000000000,0.0221010816,0.0190672338,0.0168922309,0.0079156671,0.0191552474,0.0080450003,0.0083339332,0.0165595600,0.0342410860,-0.0175565374,0.0038202817,0.0175236753,0.0015974927,-0.0051595803,0.0048894673,0.0093814175,-0.0119329409,-0.0001093331,-0.0359180578,0.0244076879,0.0245813456,-0.0192484994,-0.0381361140,0.0067942936,-0.0024357087,0.0067170561,0.0230977205,-0.0055403548,0.0029598907,-0.0218978380,0.0198886755,0.0343494338,-0.0178108924,0.0224830199,0.0320575721,-0.0153234712,0.0117204043,0.0060730258,-0.0034736854,0.0115164902,-0.0123015083,-0.0278766083,-0.0125331575,0.0205056263,0.0201229400,0.0224694302,-0.0264345265,-0.0221171638,-0.0199054406,-0.0025680590,0.0056852305,0.0201296212,0.0070419017,0.0156558185,0.0000963114,-0.0203099199,0.0511269473,0.0015128214,-0.0098391412,0.0090814568,0.0007597601,-0.0097040091,0.0004131005
276.0000000000,0.0054128236,0.0094565601,-0.0119303417,0.0005195804,0.0124850872,0.0054410733,0.0129074560,-0.0019792022,0.0233745185,-0.0188897696,0.0153622115,0.0054710062,0.0012563823,0.0125278952,-0.0322396025,0.0172022420,-0.0287222396,-0.0060667453,-0.0283910457,-0.0084501857,0.0106135605,0.0102139299,0.0121621026,-0.0088155405,-0.0164121574,-0.0025215433,0.0186724531,0.0177093988,0.0112570768,0.0193334208,0.0193103586,0.0200722617,-0.0018002959,0.0315818417,0.0105036810,-0.0058692992,-0.0175205992,-0.0125509306,0.0013921061,-0.0010011752,-0.0109198067,-0.0050990533,-0.0310135988,-0.0014976181,-0.0103560076,0.0247210404,0.0016830029,-0.0055548924,-0.0251442003,0.0126585159,0.0046578074,0.0107169119,-0.0099458679,0.0020874486,0.0076868451,-0.0394635416,0.0086266685,0.0070655376,0.0036136492,-0.0112074983,-0.0116022108,-0.0018341582,-0.0100344726
277.0000000000,-0.0037935832,-0.0080807815,-0.0110795245,-0.0127067605,0.0099438063,0.0027300039,0.0176516198,0.0065341855,-0.0468042522,-0.0115823425,0.0016020956,0.0073270828,-0.0133852002,0.0176311778,-0.0081650478,0.0117060297,0.0039863772,-0.0038744865,0.0010894853,0.0025531358,0.0063550200,-0.0038382721,0.0022159809,0.0053721058,0.0191565796,-0.0040842825,0.0296803965,-0.0026578987,0.0108937262,0.0004379285,0.0253786986,0.0336474989,-0.0368661739,0.0014893430,0.0113915543,-0.0090753456,-0.0031723947,-0.0078569647,0.0238845178,0.0228025265,-0.0043348124,-0.0108888517,-0.0138069147,-0.0030275081,0.0095167160,0.0360691885,-0.0072005002,-0.0069080979,-0.0040175741,-0.0045453760,0.0067457041,0.0082303606,-0.0076460151,0.0151567447,0.0042884209,-0.0045901690,0.0308647336,0.0128860988,0.0222353120,-0.0070259160,-0.0056699210,0.0225189590,-0.0049775998
278.0000000000,0.0081794352,0.0122658773,0.0056714081,-0.0129801048,0.0125309308,-0.0034368458,-0.0059786018,0.0011576818,-0.0121685300,-0.0071407039,0.0152625775,-0.0083893832,-0.0102010982,0.0107412752,0.0051174781,-0.0048325195,-0.0086567551,-0.0043114527,-0.0225805576,0.0041915685,0.0013025444,0.0098758169,-0.0152916611,-0.0357922171,0.0140769821,-0.0178941535,0.0236847063,-0.0045742573,-0.0079419101,0.0047707815,0.0225798445,0.0122344801,0.0175547600,0.0077431106,0.0044291486,-0.0240167804,0.0081112347,0.0089843928,0.0095475321,0.0149362991,-0.0100383273,0.0028328083,-0.0167949147,-0.0033612363,-0.0022993835,0.0166339849,-0.0103257024,0.0070984048,-0.0051382178,0.0044109360,-0.0157131649,0.0178597617,-0.0062312647,0.0231323535,0.0140967423,-0.0196486356,0.0031604425,-0.0115360979,0.0290822855,-0.0077564434,-0.0250723285,0.0192012465,-0.0001467009
279.0000000000,-0.0019028441,0.0058802515,0.0157521568,-0.0168191884,0.0262643855,0.0019489854,0.0076257790,0.0048034240,0.0035103067,-0.0120130982,0.0103688278,-0.0013850959,0.0061246439,0.0069002424,-0.0164610384,0.0032131874,-0.0160377522,-0.0019191240,-0.0386462161,-0.0099964675,-0.0095791273,-0.0314559731,-0.0271933282,0.0189521927,0.0030909809,-0.0143346865,0.0083285323,-0.0126290154,0.0110583844,-0.0242476151,0.0094241287,0.0270899588,0.0011913717,0.0264875582,-0.0099175066,-0.0151341293,-0.0089771050,-0.0392838476,-0.0056299416,0.0276353609,-0.0399639939,-0.0030413662,-0.0051291681,-0.0020193850,0.0353406987,0.0119822317,0.0142453942,-0.0123627675,-0.0048824902,-0.0146336292,0.0007405830,0.0000571773,-0.0101180504,0.0042062654,-0.0030776502,-0.0332449453,0.0100604766,0.0027940965,0.0207886888,0.0106373793,-0.0166366004,-0.0124112554,0.0176586873
280.0000000000,0.0017254322,0.0029460154,0.0121073819,-0.0226535833,0.0314777495,-0.0014127315,0.0132837123,0.0144465449,-0.0015601699,-0.0106001496,0.0369531633,-0.0125564209,-0.0008838962,0.0201378989,-0.0336072979,0.0111123393,-0.0237720990,-0.0001057567,-0.0199338837,0.0047704444,0.0041327551,-0.0224980273,-0.0036255307,-0.0283952953,0.0042626299,-0.0074032957,0.0292173681,-0.0074659649,0.0099557606,-0.0184802109,0.0310141108,0.0178223621,0.0146008042,0.0259842534,0.0143014864,-0.0276964306,0.0249079181,0.0042734007,0.0177081508,0.0038174804,-0.0144365746,-0.0391183211,-0.0306963596,0.0062533802,0.0161762234,0.0391516039,-0.0152979052,-0.0210846796,-0.0136378924,-0.0059211634,-0.0106355166,0.0117314905,-0.0204650848,0.0218742380,-0.0082362580,-0.0350637559,0.0380426352,0.0159350215,0.0220255013,0.0269659390,0.0049865720,-0.0151600943,0.0187247899
281.0000000000,0.0033876746,0.0077219138,0.0171316097,-0.0016119158,0.0282301728,-0.0137552602,0.0174971667,-0.0022793102,-0.0092824037,-0.0317484002,0.0274658299,0.0156558399,0.0221280270,0.0089494994,-0.0251399055,0.0136986442,-0.0069898306,0.0006666444,-0.0246944582,0.0045202316,0.0009176382,-0.0044759696,-0.0025316256,-0.0069325741,-0.0037532376,-0.0273870989,0.0140310910,0.0036151015,-0.0045018963,0.0046544008,0.0212063710,0.0166090685,-0.0053119463,0.0111252571,0.0228006706,-0.0246073698,-0.0148178162,-0.0096362643,0.0110014877,-0.0103380343,-0.0357223285,-0.0153344759,0.0116367274,-0.0075569793,0.0394695801,0.0120402366,-0.0066004050,0.0012774299,-0.0305233979,-0.0341624029,-0.0105166865,0.0263260438,-0.0177299251,0.0092712770,-0.0159477041,-0.0382055582,0.0142084404,-0.0104295766,-0.0073424288,0.0071489125,-0.0177821230,0.0057972834,0.0049704937
282.0000000000,0.0169340157,-0.0012418631,0.0243277794,-0.0049958837,0.0188346258,0.0042525016,-0.0056289084,0.0068098813,-0.0178915388,-0.0304318716,0.0135707347,-0.0044015639,0.0121220118,-0.0038975037,-0.0216476678,0.0240026098,-0.0106312757,-0.0036498867,-0.0314533818,-0.0111016504,0.0203287493,-0.0061784074,-0.0008185229,-0.0238431306,0.0003078817,-0.0005182365,0.0138455141,0.0291929664,-0.0046841445,0.0031271518,-0.0009488742,-0.0082919270,-0.0043164489,0.0164298883,0.0156259076,-0.0058167879,0.0035647517,0.0067452759,0.0077616684,-0.0014445611,0.0060998282,-0.0085677167,-0.0077034794,-0.0023523453,0.0164331694,0.0337416437,-0.0210040123,-0.0103245439,0.0107986142,0.0078343468,0.0001578433,-0.0039693060,-0.0168294552,0.0122693357,0.0101540262,-0.0405457490,0.0037068530,-0.0002326988,0.0112998160,0.0076377723,-0.0088561307,0.0055902027,-0.0049974219
283.0000000000,0.0127451707,0.0036406042,0.0152964738,-0.0079135031,0.0358561435,-0.0232104059,0.0047974403,0.0024953896,0.0072490661,-0.0317522179,0.0219198876,0.0078058199,0.0198398711,0.0069309621,-0.0025524690,-0.0029799036,-0.0170685407,0.0021060539,-0.0175294136,-0.0050805444,0.0208879991,0.0225928692,-0.0289073688,-0.0166141701,-0.0021663530,0.0053179048,0.0268268315,-0.0017595198,0.0058239466,0.0105714394,0.0164122617,0.0093620974,-0.0013832412,0.0208223715,0.0082756326,-0.0313877690,0.0032570335,-0.0065333789,-0.0034615327,0.0248737885,-0.0356106728,-0.0211191938,-0.0124928872,-0.0140293857,0.0209570165,0.0387201074,0.0002964545,-0.0099562294,-0.0039818747,0.0012353054,0.0041483755,0.0149998975,-0.0166158101,-0.0070550196,-0.0044326804,-0.0304317836,0.0345653331,0.0242276281,-0.0168044533,0.0040907130,0.0003928187,0.0147333971,0.0018788524
284.0000000000,0.0392447130,-0.0058062921,0.0087828890,-0.0167594136,0.0187518384,0.0008580958,-0.0063018816,0.0115849840,-0.0121438920,-0.0264213073,0.0408841663,0.0053851666,-0.0018619037,0.0069078755,0.0022339652,0.0112305998,-0.0097890726,-0.0176327824,0.0016074824,0.0043286252,0.0153479806,0.0097840759,-0.0276738776,-0.0162899216,0.0131894053,-0.0045843430,0.0344593794,-0.0065717981,-0.0021191962,-0.0031812898,0.0014780069,0.0130655578,0.0042418254,-0.0123815721,0.0072092727,-0.0281963729,0.0017641150,-0.0079403233,0.0190347422,-0.0077911617,-0.0455822098,-0.0179374613,-0.0451547706,0.0062514056,0.0361925261,0.0422189936,-0.0144475804,0.0007725284,-0.0186276293,-0.0032704489,-0.0107945717,-0.0016954534,-0.0098526073,0.0232325025,-0.0039456486,-0.0148146682,0.0151743174,0.0078331220,0.0324766233,0.0127861469,-0.0040710147,0.0158219347,0.0070888641
285.0000000000,0.0111931346,0.0077319212,0.0051278942,-0.0075055894,0.0379252784,0.0042146526,0.0352268699,0.0016191751,-0.0021043132,-0.0249384718,0.0305959945,0.0245333587,0.0084206490,0.0342866182,0.0242709899,-0.0056471075,-0.0058366012,-0.0011817277,-0.0024391686,-0.0001059412,0.0129905888,-0.0021250281,-0.0129560244,-0.0014775296,0.0100711407,-0.0100103177,0.0346626866,0.0147419909,0.0021984075,0.0058933386,0.0267389248,0.0029945047,-0.0127994279,0.0307779444,0.0083695628,-0.0155407303,0.0052167128,-0.0071283528,0.0127986913,0.0159937355,-0.0451492069,-0.0242697511,-0.0135107453,-0.0256872630,0.0223380457,0.0215902182,0.0022376094,-0.0236673444,-0.0324968342,0.0038999695,-0.0170711661,-0.0007346352,0.0100084747,0.0158672697,0.0098711764,-0.0250852758,0.0263325987,-0.0137116174,0.0024835993,-0.0002656627,-0.0064654566,0.0185704417,0.0098128026
286.0000000000,0.0144837597,0.0006912304,0.0113507803,-0.0259311646,0.0202976601,-0.0008083982,0.0171503318,0.0146262647,0.0247648696,-0.0111797489,0.0370584185,0.0084459700,0.0010635076,0.0226474904,0.0009581156,0.0211518893,-0.0049144854,0.0076365927,-0.0278160138,-0.0065102802,0.0188777907,-0.0017664043,-0.0044649450,-0.0280434179,0.0003685655,0.0047450543,0.0051069385,-0.0184457233,-0.0046395146,0.0012034994,0.0176961814,0.0006313458,-0.0216466529,0.0202593741,0.0102156121,-0.0307642777,-0.0243054560,-0.0125942519,0.0166581864,-0.0027771379,-0.0262207623,-0.0052710981,-0.0143686091,-0.0044933731,0.0098611536,0.0170152341,-0.0042167551,-0.0133455489,-0.0282708099,-0.0205657678,0.0030494184,0.0115183143,-0.0100931677,0.0176622720,-0.0063781547,-0.0263647891,0.0369788167,0.0200026919,-0.0000370486,0.0201033732,0.0007281094,0.0008140174,0.0023886719
287.0000000000,0.0112516076,0.0197476815,-0.0041584350,-0.0140819889,0.0259864102,-0.0216901033,0.0095876827,0.0106530704,-0.0064379530,-0.0214901599,0.0182237419,0.0296048043,-0.0018164886,0.0053093818,0.0056340596,0.0153078699,-0.0332995831,0.0011101467,-0.0305324252,0.0102111006,0.0200827437,0.0042515997,-0.0061808075,-0.0301839091,0.0130992487,-0.0042580720,0.0037193035,-0.0030482465,-0.0175162780,0.0051081079,0.0314110686,0.0349089332,-0.0021913847,0.0044237682,0.0149132878,-0.0187456551,-0.0028557558,0.0127308367,-0.0009491945,0.0001688338,-0.0180739214,-0.0212740608,-0.0073512503,-0.0102630257,0.0121051654,0.0271539090,-0.0113557235,-0.0134282534,-0.0385780240,0.0028823561,-0.0151548010,0.0143115018,0.0179792081,-0.0041671789,0.0089767367,-0.0386259276,0.0183533406,-0.0061078795,0.0285610887,0.0247994087,0.0001449527,0.0067476467,0.0150855473
288.0000000000,0.0148417453,0.0183923383,0.0136270513,-0.0004750597,0.0174226561,-0.0096716736,0.0106144383,0.0163061718,-0.0041563953,-0.0036609604,0.0286774172,0.0164720229,-0.0098812948,0.0170656480,-0.0174715994,0.0289120278,-0.0398548066,-0.0216653746,-0.0033990468,-0.0228473243,0.0129199955,-0.0129521311,0.0219718468,-0.0273919983,0.0014293039,-0.0051026397,-0.0017965978,0.0196679545,-0.0046626844,-0.0150615544,0.0312827997,0.0286692321,-0.0056201619,0.0153991302,0.0254547743,-0.0399980405,-0.0191138214,0.0158429435,-0.0085667440,0.0170078738,-0.0119747380,-0.0130980463,-0.0230070777,0.0037494352,0.0085630267,0.0198141783,-0.0087102768,-0.0038972368,-0.0227191820,-0.0068156540,0.0141591852,0.0181450828,-0.0205188950,0.0206262362,0.0011198725,-0.0273239512,0.0160382654,0.0012274803,-0.0028611273,0.0082414307,-0.0181457104,0.0129165108,0.0065461572
289.0000000000,0.0170971919,-0.0140203279,-0.0126170804,-0.0148914616,0.0139588966,0.0082693801,0.0093396885,-0.0054541695,0.0022653043,-0.0349028166,-0.0008942982,0.0057527098,0.0243913113,0.0175396473,0.0023383744,0.0257824165,-0.0187462251,-0.0264650917,-0.0262734162,0.0033929286,0.0126980652,-0.0215919170,-0.0121184348,-0.0231508995,0.0117628657,-0.0062231366,0.0308936003,-0.0006663875,-0.0009636869,0.0031436740,0.0060774905,0.0120370739,-0.0117519307,0.0092414023,0.0361443494,-0.0206624272,-0.0140103934,-0.0137280485,0.0134871885,-0.0027412094,-0.0335111754,-0.0046401324,-0.0321292664,0.0003038243,0.0266992910,0.0197873750,-0.0247031611,0.0055197494,-0.0395717311,-0.0215070822,0.0135713287,-0.0034033948,-0.0003715238,0.0056154265,0.0129978273,-0.0147401085,0.0071446747,-0.0030760710,0.0010560816,0.0187553781,-0.0216864755,0.0143843226,0.0011615912
290.0000000000,0.0149747448,-0.0018203504,0.0072945860,-0.0099495605,0.0027069547,0.0245576397,-0.0262585721,-0.0058639347,-0.0246080840,-0.0050030738,-0.0243518118,0.0150098113,0.0054765357,0.0128524459,0.0215285730,0.0162792131,-0.0133221815,-0.0010818656,0.0013332626,-0.0141714215,-0.0079578910,0.0191175289,0.0013258863,0.0011338253,0.0126889822,-0.0087387097,0.0132643404,0.0021812313,-0.0164142869,-0.0024743441,0.0305199261,0.0129853208,-0.0102388872,0.0107710520,0.0053786097,-0.0062718715,0.0090879599,0.0045849513,0.0067109984,0.0140192856,0.0016087840,0.0055112075,-0.0296891231,0.0002924278,0.0041465352,0.0082323815,-0.0021403526,0.0189777945,-0.0203771460,-0.0011138512,-0.0140650934,-0.0006102802,-0.0067107204,-0.0051418254,-0.0122177196,-0.0227992711,-0.0123192235,0.0008910265,-0.0000432273,0.0067918724,-0.0314856522,-0.0004204866,0.0130670152
291.0000000000,0.0325212617,0.0044386185,0.0113293489,-0.0106736627,0.0252446555,0.0037947009,0.0040639947,0.0223823419,-0.0002430717,-0.0272132591,0.0126844433,0.0268649012,0.0058407468,-0.0255207035,-0.0307506654,0.0100540262,-0.0120235156,-0.0154783405,-0.0139058360,0.0010827056,0.0274785759,-0.0105215664,0.0003879902,-0.0120929260,-0.0130680343,0.0081831919,0.0272195739,-0.0115517259,-0.0090098723,-0.0013918837,0.0277885225,0.0091338254,-0.0168318535,0.0222005135,0.0140726349,-0.0534945371,0.0111903857,0.0047270906,0.0071716281,0.0243653868,-0.0359081050,-0.0143197958,-0.0201177693,-0.0106334675,0.0106748710,0.0399392915,-0.0094546594,0.0125638710,-0.0444342200,-0.0041028493,-0.0222719660,0.0217805800,-0.0093645596,0.0127315441,0.0135866336,-0.0270622289,0.0252312699,-0.0148566887,0.0081633112,-0.0140346555,-0.0192263992,-0.0003692024,0.0211006684
292.0000000000,0.0159315164,-0.0018734005,0.0144727074,-0.0139415290,0.0233456803,0.0128461743,-0.0178385501,0.0010413892,-0.0053829905,-0.0128712762,0.0335558717,-0.0001629605,0.0172451150,0.0184373770,-0.0134587346,0.0133534283,-0.0122985294,0.0008516322,-0.0293406944,0.0073753016,-0.0035429223,-0.0039008210,-0.0285385724,-0.0084067003,0.0043442078,0.0023150920,0.0259762813,-0.0020986824,0.0116624658,-0.0005743841,0.0198633492,0.0249939315,-0.0066202822,0.0189085907,0.0165993808,-0.0266144486,-0.0064563706,-0.0001844462,-0.0079570346,0.0377793990,-0.0132886129,-0.0209071145,-0.0244640754,-0.0081811767,0.0167209738,0.0337269578,-0.0129422652,-0.0024624064,-0.0215474941,-0.0063911499,-0.0091858892,0.0130126239,-0.0165607470,-0.0058184434,-0.0020852364,-0.0347234411,0.0077985319,0.0100650523,0.0268983025,0.0155048444,-0.0042219293,0.0050045273,0.0103301129
293.0000000000,0.0065670195,0.0058892073,0.0173420963,-0.0142308121,0.0260033605,-0.0005844232,0.0155554964,0.0104684213,-0.0184224198,-0.0073254443,0.0099095925,0.0102171753,-0.0129638571,-0.0004713507,-0.0088811325,0.0191606199,-0.0077130348,-0.0200953607,-0.0313093856,-0.0154777994,0.0204201334,0.0000711070,0.0062729061,-0.0015218973,-0.0026341459,-0.0141892041,0.0002133698,-0.0016723194,-0.0099491387,-0.0013048190,-0.0071618844,0.0209224244,-0.0100041630,0.0058643238,0.0128427305,-0.0114658548,-0.0237189440,0.0029941028,-0.0057507944,-0.0139707470,-0.0111701178,-0.0041006767,-0.0274489558,-0.0026179063,0.0204181391,0.0192835642,-0.0121259774,0.0111528395,-0.0268970981,-0.0045099387,0.0001355781,-0.0109148785,-0.0111450515,-0.0151196401,-0.0085732887,-0.0196644196,0.0143958215,-0.0262282247,-0.0195558432,0.0078856383,-0.0227759464,0.0032029221,0.0072661254
294.0000000000,0.0245956795,0.0073275791,0.0188003413,-0.0138746492,0.0302347506,-0.0083496534,0.0103749092,0.0119580374,-0.0034101507,-0.0042929203,-0.0025317269,0.0076511340,-0.0058105567,-0.0061755753,0.0054494746,0.0088689352,0.0219530443,0.0030838252,-0.0135084488,-0.0019767982,0.0113808736,0.0058700182,0.0018752228,-0.0125336678,0.0051596313,0.0002519231,0.0028908351,0.0136883336,-0.0082160202,-0.0098577252,0.0035280503,-0.0136972325,0.0014147026,-0.0035731233,0.0155953618,-0.0319665014,-0.0167527272,0.0142821649,0.0115528061,0.0023357716,-0.0108295838,-0.0061106466,-0.0305671754,0.0083542042,0.0259113679,0.0087318270,0.0087615524,0.0016437547,-0.0144198928,-0.0308410437,0.0068122794,0.0141992391,-0.0133147613,0.0024593029,-0.0002694868,-0.0333108327,0.0116645042,0.0056854212,0.0023177738,0.0158698571,0.0158866423,0.0027059666,0.0038055795
295.0000000000,0.0174794684,0.0104358250,-0.0001088354,-0.0223048382,0.0026080009,0.0057581226,0.0097794048,0.0249346664,-0.0032232841,-0.0081716816,-0.0064282988,0.0003612839,0.0011028294,-0.0008428017,-0.0044697185,0.0113671200,-0.0164928093,-0.0255675776,-0.0151597284,-0.0004195957,0.0077442218,-0.0136520974,-0.0011515614,-0.0217923220,0.0160482508,-0.0227143559,0.0209704426,0.0155536986,-0.0050898873,0.0008342676,0.0214103529,0.0312115629,-0.0173352977,0.0291392933,0.0012972104,-0.0050550857,0.0029391285,-0.0028145511,0.0163501276,0.0141601569,-0.0262283762,-0.0284142886,-0.0008654395,-0.0134363175,0.0217455210,-0.0094314380,0.0129594910,-0.0032043959,-0.0181435928,-0.0011675020,0.0285270519,-0.0037044234,-0.0165411787,-0.0147071719,-0.0129489085,-0.0158044066,0.0074248529,0.0041504517,0.0111133683,-0.0162045778,-0.0088045771,0.0079232773,-0.0152254433
296.0000000000,0.0015518953,-0.0038981877,-0.0087245878,-0.0207966834,0.0448508919,-0.0146002172,0.0069555720,0.0104366377,0.0002801295,-0.0237247915,-0.0052868265,-0.0006708197,-0.0023001849,0.0141756718,-0.0123217254,0.0056895706,-0.0139898500,0.0107187899,-0.0066863631,-0.0096108282,0.0121777839,-0.0110295983,-0.0261850824,-0.0406767581,0.0034378596,0.0080670981,0.0296551351,-0.0282090805,0.0100041531,-0.0250335704,0.0041581898,0.0173893716,-0.0138076825,-0.0004536960,0.0195195489,-0.0150858495,-0.0106088173,0.0012521647,-0.0151516247,0.0042374900,-0.0284877778,-0.0419457509,-0.0175488711,-0.0193767464,0.0237060996,0.0312582913,-0.0217082265,0.0007960615,-0.0026547197,-0.0179786503,0.0126747020,0.0087376453,-0.0203157006,0.0246108276,0.0143425370,-0.0230451761,0.0000628336,0.0073140101,-0.0026489426,0.0162867568,-0.0365042275,0.0131655452,0.0172304411
297.0000000000,0.0055625731,-0.0196404059,-0.0122339563,0.0071259876,0.0095671264,-0.0254116185,0.0067267754,0.0271688057,0.0143343675,-0.0017645223,0.0236056072,0.0082315016,-0.0030509391,0.0138546460,0.0137204826,0.0226599304,0.0036295070,0.0101933638,-0.0009641147,0.0054484803,0.0314783746,-0.0128711090,-0.0167201834,-0.0101359662,-0.0064078931,-0.0037424100,0.0284761091,-0.0191784389,-0.0020486852,-0.0051053185,0.0219267028,-0.0008776824,0.0047825378,0.0136538567,0.0253956708,-0.0146975970,-0.0164141998,0.0130902031,0.0027840660,0.0121547806,-0.0200467663,-0.0231000346,-0.0142390626,0.0025772936,-0.0009633855,0.0285813656,-0.0088664877,-0.0142601781,0.0004766818,-0.0145908210,0.0001866956,0.0138524681,-0.0020990216,0.0325654300,-0.0130350888,-0.0262956368,0.0208565699,-0.0038596467,-0.0174589083,0.0006079346,-0.0058781348,0.0130514314,-0.0101233323
298.0000000000,0.0260391725,0.0113802192,0.0232542369,-0.0278015152,0.0170974787,-0.0144590201,-0.0057586965,-0.0236704159,0.0244003654,-0.0433526995,0.0112596196,-0.0078113883,-0.0014463020,0.0127925444,0.0017118857,0.0262399299,-0.0003151870,0.0071065021,-0.0181755031,0.0100930686,0.0200434850,-0.0173961017,-0.0092188115,-0.0085065417,0.0095860991,-0.0189351489,0.0287043545,-0.0068367842,-0.0091527298,-0.0004505645,0.0196104633,0.0201037471,0.0156197909,0.0153435264,0.0283526994,-0.0393242496,-0.0236050245,0.0047673656,0.0113150835,-0.0087505830,-0.0239740298,-0.0194557384,-0.0239896233,-0.0067758516,0.0218558477,0.0286010259,-0.0021292191,-0.0150097335,-0.0341940483,-0.0004967493,-0.0022722551,0.0103382533,-0.0244412906,0.0032831493,0.0118883506,-0.0444032067,0.0078818145,0.0163566998,0.0274328575,0.0044200386,0.0054567377,0.0041022694,-0.0031958217
299.0000000000,0.0224395207,0.0000067658,0.0036103344,-0.0156782216,0.0140623282,0.0127917359,-0.0086193124,0.0065617729,-0.0156870854,-0.0132118743,0.0322877753,0.0059656651,0.0039753725,0.0132110435,-0.0104920995,0.0036760506,-0.0060604271,-0.0333963246,-0.0082825720,0.0042040773,0.0027087094,-0.0136147176,-0.0135742706,-0.0019211970,0.0085684050,-0.0038712525,0.0147142423,-0.0077459960,0.0094065744,0.0100188468,0.0044807743,0.0294346874,0.0050972032,-0.0131962929,0.0081606446,-0.0184580194,0.0075669002,0.0029285500,0.0018730022,0.0303373564,-0.0190346675,-0.0068383583,-0.0075148352,-0.0062342661,0.0133260292,0.0206532308,-0.0038713575,0.0086882931,-0.0256041943,-0.0250668394,0.0097031265,0.0092975907,-0.0067837505,-0.0143396167,0.0161771483,-0.0151155693,0.0163193453,0.0033464927,0.0192699272,0.0151730392,-0.0052443944,0.0055518722,0.0186802715
300.0000000000,0.0077020377,0.0255848248,0.0093160117,-0.0101303681,0.0246135125,-0.0037121815,0.0101135881,-0.0004526202,0.0001534519,-0.0073418708,0.0150991285,0.0176452769,0.0055434241,-0.0043735533,-0.0241287955,-0.0043775429,-0.0132251903,0.0064228440,-0.0082229214,0.0019466698,-0.0036952204,0.0195961525,-0.0252375815,-0.0315578504,-0.0154893897,-0.0019798949,0.0212642253,-0.0030478474,-0.0002835906,-0.0002810857,0.0169873789,0.0127045025,-0.0062172452,-0.0032623365,0.0201194521,-0.0117113020,-0.0015713264,-0.0030522592,-0.0017904033,0.0142058920,-0.0349946213,-0.0069028948,-0.0316745866,-0.0183932924,-0.0049982881,0.0144447820,0.0037951175,0.0013449886,-0.0295428501,0.0075675366,-0.0054789720,0.0048743672,-0.0387089594,0.0019255022,-0.0124450502,-0.0307076938,0.0104091142,-0.0039697323,0.0242407047,-0.0067537354,-0.0256224672,-0.0216286166,0.0137326887
301.0000000000,0.0155145596,0.0029851172,0.0124319211,-0.0199917035,0.0288482814,0.0041953836,0.0067746667,0.0099159870,-0.0094578578,-0.0275670331,0.0131004517,0.0165033249,-0.0008279915,0.0070002497,0.0120299199,0.0264088049,-0.0206738992,0.0090028257,-0.0237308515,0.0131162161,0.0247732428,-0.0117451727,0.0021507441,-0.0095794959,0.0125717151,0.0032989921,0.0182095704,-0.0095252060,0.0048603145,-0.0108017587,0.0119124167,0.0474327174,-0.0099085471,0.0145630628,0.0199073092,-0.0256254286,-0.0107516821,0.0055386669,-0.0045556731,0.0159983330,-0.0010037890,-0.0152501792,-0.0232802861,-0.0178155761,0.0090812414,0.0540471250,-0.0078988453,-0.0009989013,-0.0197314709,-0.0103150514,0.0096529039,0.0130910761,-0.0113559021,-0.0013161383,-0.0023902060,-0.0189924958,0.0456014170,-0.0217895636,0.0142996152,0.0209094791,-0.0453212088,-0.0021137639,0.0089183123
302.0000000000,0.0076807543,0.0013132803,0.0328568041,-0.0090553929,0.0016335002,0.0016607905,0.0129457116,-0.0028590718,-0.0107436937,-0.0174372246,0.0096135169,0.0053552953,-0.0026535215,0.0225894250,-0.0228030937,0.0080779975,-0.0113931223,-0.0197101200,-0.0221112827,-0.0137197196,-0.0110007346,0.0123372382,-0.0126981600,-0.0067604396,0.0223021379,0.0105782231,0.0190993149,0.0081295182,0.0067430150,0.0100096714,0.0236511646,0.0128307643,-0.0173674845,0.0054491989,-0.0057174400,-0.0152314788,0.0076891961,0.0086025472,0.0033932541,0.0068628550,-0.0288870846,0.0088096977,-0.0325382136,-0.0148576181,0.0189652292,0.0337907094,-0.0141980600,0.0087651165,-0.0320934102,0.0135848316,0.0067345409,-0.0271656892,0.0078307931,-0.0144766738,-0.0066393602,-0.0062864288,0.0305658134,0.0081626787,0.0014741484,-0.0004932877,-0.0040230624,0.0100568036,-0.0019264881
303.0000000000,0.0167022698,0.0061971372,0.0011415004,-0.0029974366,0.0118213517,0.0360307652,-0.0135951721,0.0196632497,-0.0096890392,-0.0242436776,0.0211196554,0.0206335909,-0.0074720501,0.0084426689,0.0212257004,0.0303164919,0.0130592028,-0.0038141755,-0.0174586304,0.0121876042,0.0160880074,0.0223128091,-0.0132760469,0.0008849816,-0.0201763069,-0.0126849992,0.0347722299,-0.0053150253,-0.0039144635,-0.0093679843,0.0403597131,0.0097366748,-0.0007470031,-0.0060144085,-0.0170930470,-0.0473022843,-0.0006895198,0.0070620981,0.0087238041,-0.0005594040,-0.0348127321,-0.0025044065,0.0161329764,-0.0228845584,0.0037540011,0.0300368434,0.0001368552,-0.0198040688,0.0033614012,0.0039654621,-0.0136228353,-0.0099297142,-0.0151807153,0.0069751467,-0.0001362579,-0.0185042117,-0.0067774424,0.0178401367,0.0347794838,-0.0005045471,-0.0245794512,0.0177610459,0.0110156077
304.0000000000,0.0249210030,-0.0003162237,0.0071049092,-0.0250035068,0.0176821778,0.0062138651,0.0166113747,0.0241826605,0.0135492499,-0.0221272692,-0.0077218495,0.0233204368,0.0131967731,-0.0076777923,-0.0315361385,0.0228208673,-0.0131018387,-0.0215332806,-0.0349647928,-0.0037982775,0.0008507234,-0.0243832953,-0.0188187994,-0.0100585804,0.0052933858,-0.0182089122,-0.0060402688,0.0016273803,-0.0091709102,-0.0007152789,0.0130115651,0.0109610626,-0.0029083185,0.0109412138,0.0114723857,-0.0277405180,-0.0071404528,0.0022242077,0.0222403374,0.0184120118,-0.0035144621,-0.0046907314,-0.0026995834,-0.0273354955,0.0139014786,0.0105712595,-0.0030346021,-0.0205333518,-0.0114931706,-0.0028706306,-0.0155893087,0.0028333026,-0.0223907699,0.0042314670,0.0018159839,-0.0271504503,0.0210814501,-0.0074625349,-0.0011723711,0.0150749976,-0.0164733338,-0.0025396219,0.0016575431
305.0000000000,0.0284532881,0.0078920493,0.0288908644,-0.0206402841,0.0162749193,0.0027015353,0.0156362005,0.0067856390,0.0074776638,-0.0095659825,0.0137226923,-0.0064679617,-0.0017519651,0.0188426166,-0.0019409469,0.0086186448,-0.0068302617,0.0040894260,-0.0172336479,0.0062358223,0.0010263067,0.0048611193,-0.0180040104,-0.0231138516,-0.0155188541,0.0133026137,0.0009018839,-0.0158381607,-0.0099607812,-0.0194531476,0.0060298592,0.0261104762,-0.0200010040,-0.0092031180,0.0074334516,-0.0210623231,0.0008542593,-0.0114360627,0.0063041266,0.0228642155,-0.0136814455,-0.0053819691,0.0050709142,-0.0326208160,0.0224936973,0.0260197869,-0.0064542569,-0.0062136432,-0.0277659289,-0.0278343688,0.0253937174,0.0009125518,0.0004904600,0.0033542392,-0.0025631340,-0.0384701854,0.0025821826,0.0071812156,-0.0058734299,0.0247358554,-0.0142015122,-0.0142209789,0.0034079642
306.0000000000,0.0023374499,-0.0007428131,0.0068005822,-0.0087121497,0.0358431268,0.0189774935,0.0110856698,0.0064714239,-0.0087408139,-0.0173993687,0.0177574515,0.0066872971,-0.0063419239,0.0232801354,-0.0233266484,0.0116997072,-0.0146014324,-0.0033367279,-0.0155171380,-0.0014111327,-0.0095608330,-0.0358335475,-0.0232821842,-0.0079283330,-0.0091239558,-0.0117462159,0.0146716611,0.0002524143,-0.0006944490,-0.0111809378,-0.0156333742,0.0252051585,-0.0263944673,-0.0086192258,0.0078074098,-0.0206269598,-0.0197622503,-0.0034092368,0.0034897952,0.0288424828,-0.0299195608,-0.0236142894,-0.0087590900,0.0021283275,0.0412026576,0.0086923405,0.0154488219,0.0100096806,-0.0298261175,-0.0128142481,-0.0143904357,-0.0027796814,-0.0102107010,-0.0128895005,0.0012826552,-0.0434487796,-0.0008989949,0.0011485960,0.0227863810,-0.0079357936,-0.0098730015,0.0185735217,0.0099200177
307.0000000000,0.0107012014,-0.0082102787,0.0184508491,-0.0173778023,0.0422094668,0.0061511101,0.0133028655,0.0043021344,-0.0107092214,-0.0359738365,-0.0010993158,0.0177542704,-0.0021155297,0.0002763826,-0.0030776216,0.0068629186,-0.0143475329,-0.0102484397,-0.0111401989,0.0076978728,0.0020924809,0.0240189818,-0.0166236716,-0.0174665667,0.0079634930,0.0056620001,0.0367452417,0.0016064627,0.0136604064,-0.0101904350,0.0167129681,0.0024733820,-0.0279775289,-0.0046413638,-0.0056046227,-0.0144137106,0.0141362476,-0.0142851768,-0.0029233617,0.0081685644,-0.0191953710,-0.0420842418,-0.0212552109,-0.0203831712,-0.0011964839,0.0056659115,-0.0162735133,0.0022449207,-0.0137385121,0.0148221847,0.0098655878,0.0103713824,-0.0028116941,-0.0031104729,0.0103425782,-0.0061595430,0.0142959625,-0.0015219886,0.0119237384,0.0074331202,-0.0035477314,-0.0010584688,0.0008527663
308.0000000000,0.0204299132,0.0184263069,0.0145251200,-0.0145636859,0.0099365298,0.0061626084,-0.0201215017,0.0080170239,0.0103562601,-0.0215453001,0.0081785224,0.0055683064,0.0091512256,0.0031410608,0.0036613147,0.0327687201,-0.0036805272,0.0041659587,-0.0155857786,0.0086245064,0.0063821792,-0.0076853146,0.0014653997,-0.0359113327,-0.0260507541,0.0030221377,0.0389559969,-0.0278722230,-0.0057923647,-0.0041544719,0.0102354385,0.0326107408,-0.0239845538,0.0272252162,0.0084908328,-0.0345954909,0.0049811907,0.0097699229,-0.0095783852,0.0233201575,-0.0214917612,0.0008061230,0.0074831183,-0.0259355634,0.0095733708,0.0112911357,-0.0024116850,-0.0062663580,-0.0104331969,-0.0184409943,0.0081333458,-0.0058441970,-0.0098076193,0.0141562405,0.0184192356,-0.0240810617,0.0017397225,0.0192641347,-0.0025313681,-0.0031368968,0.0052147005,0.0043440376,-0.0075409848
309.0000000000,0.0203915571,0.0162316959,0.0209448494,-0.0127379819,0.0266218760,-0.0137402752,-0.0012874214,0.0002209073,0.0049230128,-0.0434951708,0.0195975951,0.0253021179,0.0123054483,-0.0160232759,-0.0001419649,0.0055038112,0.0031390620,-0.0063555765,-0.0313025001,-0.0036109105,0.0226743615,-0.0087708856,-0.0003023302,-0.0015068864,-0.0128477944,-0.0081950796,0.0396269465,0.0086552068,0.0042743553,-0.0100966529,0.0136607280,0.0060865903,0.0068140490,0.0259255361,0.0374345420,-0.0289396804,-0.0170862493,0.0108696313,-0.0052786962,0.0420081429,-0.0503229671,-0.0260249014,-0.0185549210,-0.0070642227,0.0335928873,0.0183479318,-0.0073098435,0.0005963986,-0.0183570881,-0.0279852740,-0.0070238134,0.0152346991,-0.0134121414,0.0028279694,-0.0029038857,-0.0441576023,0.0256401805,0.0018684240,-0.0029525000,-0.0043120100,-0.0180090865,0.0072431413,0.0274173085
310.0000000000,0.0021652663,0.0195920813,0.0060757483,-0.0135573060,0.0111073530,-0.0028376594,0.0142702383,0.0110294569,-0.0285438255,-0.0111172162,0.0124462355,0.0069126389,0.0056515286,0.0165969730,0.0072037444,0.0108673470,-0.0203163709,-0.0288328326,-0.0225091054,0.0017502534,0.0206243376,0.0034283371,0.0120285439,-0.0096203488,0.0018141870,0.0079848378,0.0355512927,-0.0034518682,0.0247467368,-0.0111946062,0.0154234627,-0.0019394640,-0.0373181418,0.0152982056,0.0213734516,-0.0043529897,0.0050770063,-0.0054133518,-0.0220066368,0.0224943459,-0.0122735837,-0.0372739413,-0.0140663736,0.0031661523,0.0029796386,0.0288839472,-0.0045058450,0.0020391256,-0.0041300226,0.0019831435,0.0059249587,0.0189511345,0.0028785048,-0.0005871660,-0.0048260676,-0.0211176407,-0.0074632535,-0.0148581942,-0.0002806937,0.0058164438,-0.0084122182,0.0017247822,0.0160190666
311.0000000000,0.0197548638,-0.0045679473,-0.0146380891,-0.0236230032,0.0244502373,0.0041467238,0.0033080786,0.0244975703,-0.0087514886,-0.0153046895,0.0013122427,0.0158580235,0.0050345740,0.0005840715,0.0024338098,0.0170356038,-0.0080990618,0.0060609624,0.0008492457,0.0032077995,0.0019669223,-0.0047341335,-0.0108413662,-0.0336454140,0.0009483784,-0.0006614250,0.0201608648,-0.0016702648,-0.0266228563,0.0068052909,0.0047005844,0.0281482347,-0.0152075086,0.0089853111,0.0312125471,-0.0092872272,-0.0037658866,0.0080451939,0.0004600202,0.0013527112,-0.0101215455,0.0154691257,-0.0320504861,-0.0032257471,0.0124328780,0.0160103229,0.0093526991,0.0029805413,-0.0219020271,-0.0138619377,-0.0103396279,-0.0080732705,-0.0071839556,-0.0052794918,-0.0065653762,-0.0336327739,0.0238326257,0.0004579850,0.0045652276,0.0299099268,0.0020043687,0.0030973587,0.0055512091
312.0000000000,0.0286557883,-0.0157869460,0.0068738639,0.0051961632,0.0233507833,0.0338784074,-0.0150516816,-0.0182802588,0.0158148434,-0.0109186635,0.0051470669,0.0190920560,-0.0115105843,0.0207461301,0.0035517350,0.0121733565,-0.0214874322,0.0061462655,-0.0253837902,0.0187412489,0.0238236124,0.0036672027,0.0108904451,-0.0086430096,0.0320754268,-0.0015764102,0.0291607433,-0.0170856059,-0.0119795971,0.0024961583,-0.0053880816,0.0319244563,-0.0302310448,0.0225114432,0.0282721913,-0.0177974761,-0.0171730215,0.0092393731,0.0079422203,0.0142483706,-0.0131850651,-0.0275522725,0.0030937830,-0.0254526093,0.0162928600,0.0091852556,-0.0153313079,0.0030666366,-0.0286481077,-0.0325292080,-0.0101914629,-0.0024261356,-0.0108554354,-0.0031603314,-0.0133794649,-0.0157519160,0.0200580575,-0.0071644062,-0.0080473701,-0.0185788934,0.0067820490,-0.0068307355,0.0112221420
313.0000000000,0.0301813698,0.0005183734,0.0019255774,-0.0127030919,0.0306078885,-0.0038712441,0.0274935539,0.0180335983,0.0050140798,-0.0057048607,-0.0052734111,0.0210902639,-0.0098837881,0.0136085213,0.0105625492,0.0250877624,0.0208499513,0.0087270447,-0.0333387508,0.0310829676,0.0229260829,-0.0041768596,-0.0342381684,-0.0362202716,0.0092228306,0.0045764675,0.0146677821,-0.0025848607,0.0078390145,-0.0226596767,0.0221428650,0.0238014216,-0.0059096483,0.0082886300,0.0309300352,-0.0348052688,0.0103613809,-0.0320119366,-0.0036324685,0.0014010324,-0.0444452962,-0.0058320133,-0.0167176058,0.0027929545,0.0337376204,0.0203067781,-0.0005339355,0.0083345008,-0.0308437672,-0.0405010055,0.0155565762,0.0239526584,-0.0203275850,-0.0001283436,0.0150139423,-0.0401725033,0.0057985623,-0.0112901143,0.0033124483,-0.0027913433,-0.0127836524,-0.0009269600,0.0142412467
314.0000000000,0.0039151275,-0.0090039475,0.0010018336,-0.0062785060,0.0223521367,0.0004671561,0.0060663126,-0.0070521519,0.0028409504,-0.0184247493,0.0096402298,0.0266531908,0.0029051460,0.0110109884,-0.0141705442,0.0019693713,-0.0106282924,-0.0157367972,-0.0271259886,0.0023164891,0.0092155861,-0.0110023343,-0.0101427932,-0.0070022317,-0.0053616121,0.0038770628,0.0156018863,0.0113149818,0.0034814375,0.0026463363,0.0040812512,0.0355358430,-0.0053487267,0.0090621633,0.0202325776,-0.0125955433,-0.0026705910,0.0037804555,0.0088038496,0.0051360435,-0.0120947156,-0.0326677669,-0.0154859056,0.0115116976,0.0327547673,0.0381401538,-0.0227284493,-0.0024384553,-0.0121039823,-0.0114965561,0.0074028016,-0.0008322779,-0.0210598831,0.0042597861,-0.0098800094,-0.0158314829,0.0223329763,-0.0152441181,0.0040917597,0.0172395443,-0.0004782405,0.0262390887,0.0040847224
315.0000000000,0.0205819248,-0.0218549007,-0.0052149933,-0.0220601402,0.0363821030,-0.0065843570,0.0191122133,0.0157758388,0.0039825926,-0.0231939456,0.0223242009,-0.0119414797,-0.0101840678,0.0264406883,-0.0165578203,0.0239399695,-0.0263753489,-0.0172045363,-0.0403516905,-0.0055550794,0.0094272655,0.0026414173,-0.0122562160,-0.0105652730,-0.0015492215,-0.0178618033,0.0240955006,-0.0229346890,0.0062789058,0.0094555400,0.0355259922,0.0067453804,-0.0264994799,0.0198412293,0.0039090639,-0.0221398295,0.0070547065,0.0087678094,-0.0069713468,-0.0069437862,-0.0249177844,-0.0137748872,-0.0334337411,-0.0098964754,0.0209429252,0.0214104019,-0.0299625181,0.0016875595,-0.0098620303,-0.0188976545,-0.0041519194,0.0169607722,-0.0276630248,-0.0155540517,-0.0056779259,-0.0403579877,0.0200010583,-0.0030429453,0.0121516168,0.0063919175,-0.0048666871,0.0008132929,-0.0108504362
316.0000000000,-0.0054540432,0.0217059017,0.0027436233,-0.0049997171,0.0230700714,-0.0002630037,0.0059929015,0.0029364210,-0.0133659027,-0.0222199099,0.0026062101,0.0191797806,0.0043388926,-0.0022757807,-0.0119105085,0.0099120779,-0.0039903345,-0.0083255376,-0.0062468682,0.0140431687,0.0141120358,-0.0241488712,-0.0223563269,0.0048292286,-0.0138221657,0.0053226479,0.0142686704,-0.0178393414,0.0005988966,-0.0051815404,0.0082017087,0.0109201582,-0.0074502652,-0.0011488179,-0.0126695060,-0.0335591135,-0.0088899929,0.0027413095,-0.0230993936,-0.0045850983,-0.0098025587,-0.0190070033,-0.0207470690,0.0053644904,0.0094028818,-0.0057521699,-0.0170068851,-0.0058089158,-0.0104126130,0.0004078809,-0.0109795531,0.0007355542,-0.0193545478,-0.0135117943,-0.0033316453,-0.0020329157,0.0203022754,0.0021101450,-0.0379743836,-0.0135068602,0.0009106774,-0.0031276120,0.0066022846
317.0000000000,0.0168575731,0.0146847389,-0.0078817177,-0.0163740033,0.0401787660,0.0010639718,0.0039713335,-0.0160957941,-0.0048666122,-0.0220316934,-0.0033060891,-0.0036291190,0.0089118356,-0.0039190039,-0.0233278861,0.0235689193,-0.0163719222,-0.0022514039,-0.0213532893,0.0088476126,0.0155298852,0.0202700223,-0.0068328796,0.0054508751,0.0202046772,0.0077887629,0.0189447033,-0.0043451334,0.0038048914,-0.0011786381,0.0109736753,0.0468437389,-0.0261469488,-0.0123166451,0.0154690347,-0.0438246663,-0.0182651520,-0.0064850591,0.0042780276,0.0098230266,-0.0203457273,0.0100463611,-0.0101481017,0.0020979686,-0.0049467055,0.0323171213,-0.0065683957,0.0259991655,-0.0105255733,0.0058384650,0.0001309251,-0.0103652679,-0.0191248648,0.0158378888,0.0199237607,-0.0174878946,0.0287620783,-0.0263156624,0.0107552291,0.0151927614,-0.0061031035,0.0010100044,0.0094980365
318.0000000000,0.0222837423,0.0034497979,0.0150361145,-0.0142597477,0.0227134305,0.0034712075,-0.0083593010,0.0171535932,0.0063817337,-0.0466331490,0.0048045000,-0.0077546929,-0.0013301397,0.0139955678,0.0104041594,0.0210612108,-0.0298448859,0.0190553258,-0.0499146471,0.0033911007,-0.0076342185,0.0087724295,0.0001605803,-0.0282952079,-0.0184531917,0.0015492165,0.0236839714,0.0075676995,0.0167831055,-0.0265344073,0.0122203292,0.0214547006,-0.0228115169,0.0112542018,0.0190702703,-0.0269923514,-0.0177827473,-0.0133129788,-0.0074760058,0.0100710996,-0.0181936314,-0.0139528256,-0.0127174119,-0.0052425665,0.0255826507,0.0295142926,0.0065988938,-0.0085570369,0.0025541918,-0.0212500916,0.0100862144,0.0019061427,-0.0090461518,-0.0063649859,-0.0077411011,-0.0369828139,0.0177797021,-0.0095113506,0.0112961297,-0.0137137634,-0.0170800949,0.0116679565,0.0110902644
319.0000000000,0.0043979274,0.0126026770,0.0233824770,0.0081064311,0.0362977003,-0.0017141391,0.0068273986,0.0003157853,0.0039530352,-0.0303868243,0.0218737093,-0.0076786911,0.0055118522,0.0231504783,-0.0051846792,-0.0101689542,-0.0154790839,0.0145313517,-0.0303302585,0.0168987486,0.0047995034,-0.0131621574,0.0060834827,0.0021320546,-0.0054448775,-0.0024176620,0.0390739900,-0.0014730989,-0.0043434892,0.0108798440,0.0207688632,0.0198043474,0.0105431749,0.0229909420,0.0107878758,-0.0181433833,-0.0087592993,0.0086809119,-0.0038110770,0.0265023062,-0.0168737960,-0.0174825255,-0.0136649590,0.0081955348,0.0282546009,0.0210107970,-0.0151683570,-0.0107575526,-0.0072589656,-0.0155266094,0.0009565195,0.0150070374,0.0069762414,-0.0011446483,-0.0026354609,-0.0100313939,0.0211155548,0.0056351532,0.0084860411,0.0049088535,-0.0142330453,0.0160522023,-0.0066807116
320.0000000000,0.0160416245,0.0179978873,0.0212990827,-0.0327602335,0.0214908817,-0.0082761468,-0.0036831715,-0.0011608657,0.0049064118,-0.0348462451,0.0066334698,-0.0029487430,-0.0053253000,0.0130795456,0.0040083383,0.0175429457,-0.0130670345,-0.0179568704,-0.0154917198,0.0006941504,0.0119404141,0.0146799273,-0.0062255680,-0.0106605639,0.0071786365,-0.0000212779,0.0076320444,-0.0029964429,-0.0093175965,-0.0132006467,0.0124865070,0.0484189788,0.0079088899,0.0156546105,-0.0097603697,-0.0248527233,-0.0125373509,-0.0021631953,0.0016782433,0.0287605808,0.0005811389,-0.0228577613,-0.0166902746,0.0090441161,0.0350020930,0.0373259513,-0.0193575165,0.0024973663,-0.0122907615,-0.0030135057,0.0261100844,0.0189621482,-0.0118206104,-0.0011423587,-0.0118521404,-0.0455978397,-0.0067809186,0.0082090472,0.0159023215,-0.0025686991,-0.0025375714,0.0131759208,0.0026677133
321.0000000000,-0.0174194856,0.0098274848,0.0125896357,-0.0095742034,0.0239039561,-0.0098900154,-0.0160566065,0.0073312757,-0.0173267369,-0.0177327355,0.0018591974,0.0160743195,0.0033757018,-0.0038699826,-0.0387799014,0.0333636122,0.0230569048,-0.0221873781,-0.0313178493,0.0094411563,-0.0042105777,-0.0031549521,-0.0120410647,-0.0127821794,0.0041419232,0.0159577981,0.0059792999,0.0217771219,0.0061707694,-0.0025646263,0.0049436448,0.0124028684,-0.0130125628,0.0406174332,0.0085845414,-0.0284147021,-0.0089991576,-0.0017566843,-0.0007480849,-0.0044269180,-0.0249578557,-0.0017340817,-0.0285244678,-0.0353935615,0.0111405476,0.0292611319,0.0007996222,-0.0109755309,-0.0075989907,-0.0409220340,0.0130453357,0.0120600377,-0.0100072335,0.0019060128,-0.0068093592,-0.0189317484,0.0046680262,-0.0070342757,0.0229772819,0.0212106476,-0.0022004874,0.0018873098,0.0159134118
322.0000000000,0.0240075544,0.0061060466,-0.0198769669,-0.0234380364,0.0257856141,-0.0050567998,0.0104538383,-0.0038014863,-0.0273370240,-0.0372637888,0.0295399238,0.0299232108,0.0192992114,0.0203375548,-0.0050908398,0.0074542561,-0.0250339762,0.0078007645,-0.0138202382,-0.0020432830,0.0169226011,0.0005713832,-0.0144369243,-0.0241034744,-0.0006258089,-0.0167249984,0.0250948855,-0.0098691101,-0.0031223963,0.0199935145,0.0126152555,0.0283237785,-0.0147656955,0.0351926184,0.0201175458,-0.0374063854,-0.0152314196,-0.0045938595,0.0157576906,0.0156416930,-0.0332299871,-0.0328881557,-0.0037011975,0.0157616904,0.0307214230,0.0388624815,-0.0176816905,0.0046736219,-0.0199122821,-0.0108626610,-0.0071507005,0.0016620504,-0.0195175857,0.0090173362,-0.0038250973,-0.0252581191,0.0270873281,-0.0006791454,0.0129418627,0.0119032840,0.0073756935,0.0082228544,0.0180751635
323.0000000000,0.0287366413,0.0020814752,-0.0026855774,-0.0307486734,0.0136655142,0.0033801105,-0.0203116440,0.0236998616,-0.0251255331,-0.0174239494,0.0053971484,0.0346452050,-0.0031173412,0.0173521103,0.0017684367,0.0146054947,-0.0266814511,-0.0119505222,-0.0393056920,0.0059149761,0.0165794911,0.0114211807,-0.0200768598,-0.0369827479,-0.0181069660,-0.0172435366,0.0552344478,-0.0134233367,-0.0016583808,-0.0098348131,0.0393072189,0.0501088253,-0.0232514539,0.0068426525,0.0061902735,-0.0454473915,-0.0183255203,-0.0180823613,0.0011629962,0.0167788138,-0.0488195468,-0.0331293666,-0.0215762439,-0.0132487399,0.0320607397,0.0341514093,-0.0227861219,-0.0075609921,-0.0271315572,-0.0071513445,-0.0022196902,0.0032530646,0.0015015631,0.0053504661,-0.0139609317,-0.0246531628,0.0085020318,-0.0019473514,0.0119147442,0.0086932276,-0.0005987973,0.0019490520,-0.0137674106
324.0000000000,0.0125331802,-0.0040870866,0.0074023422,0.0025082536,0.0182496143,0.0149702913,-0.0013389962,0.0148892898,0.0332622042,-0.0191496104,0.0082253594,0.0049688581,0.0037591006,-0.0037555214,-0.0102860812,0.0121787620,-0.0165155718,-0.0033182554,0.0037015751,0.0046242937,0.0032599340,0.0043754537,-0.0232408853,-0.0157723851,-0.0066447187,0.0081259239,0.0087154565,-0.0013930263,0.0098909849,-0.0062350270,0.0106830255,-0.0011693979,-0.0076251670,0.0205826789,0.0143643803,-0.0100607103,-0.0090736238,-0.0086612191,0.0118242368,-0.0006337481,-0.0127518529,-0.0165541617,0.0058028627,0.0103753603,0.0035823927,-0.0049849674,0.0018629225,-0.0157202229,0.0041922389,0.0071014321,0.0071311641,-0.0010497349,-0.0121239884,0.0065782869,0.0103553145,-0.0223077415,0.0186533101,0.0039970574,0.0138167938,-0.0015771744,-0.0039836015,-0.0126303060,0.0160088332
325.0000000000,0.0173862898,0.0034270435,-0.0000928228,-0.0188612921,0.0088308319,0.0039904190,0.0168346822,0.0011456996,0.0144003408,-0.0192672349,0.0027114928,-0.0004638078,-0.0222230518,-0.0159608871,0.0081477108,0.0169097745,0.0027271442,-0.0095062644,-0.0175838382,-0.0176005858,0.0254298330,-0.0004707718,-0.0267422590,-0.0251006887,0.0040651911,-0.0059072216,0.0064753826,0.0048575761,-0.0072135259,0.0244594963,-0.0047269649,0.0025010083,-0.0065362196,0.0226539419,-0.0011498383,-0.0185501387,0.0094438220,-0.0030351667,0.0028978566,0.0076607755,-0.0127816856,-0.0024913437,-0.0107754855,-0.0088437699,0.0240791645,-0.0144823006,-0.0025631167,0.0126162409,-0.0128180010,0.0024871285,-0.0002808756,0.0038749223,-0.0159189950,0.0025492897,-0.0168612716,-0.0354594599,0.0153017120,0.0007811766,-0.0132711240,-0.0022268687,-0.0075164609,-0.0089552235,0.0059380513
326.0000000000,0.0340468799,-0.0030267200,0.0114408857,-0.0272153936,0.0197417775,-0.0175965916,0.0181389448,0.0170670603,-0.0064966920,-0.0030606419,0.0121743226,0.0141133833,-0.0150779737,0.0179551559,0.0036594893,-0.0065089063,-0.0068921993,-0.0205555846,-0.0188890987,-0.0064417439,0.0389387043,-0.0178127480,-0.0022883809,-0.0358167524,-0.0029621256,0.0058906345,0.0208091757,-0.0165709774,-0.0093182567,0.0042982804,0.0141927542,0.0396578737,-0.0159339440,-0.0126337844,0.0348993429,-0.0420107091,0.0023613201,0.0035494333,0.0130822099,-0.0023246317,-0.0320036152,-0.0231614767,-0.0368988121,-0.0144869352,0.0258864191,0.0451153128,0.0153163330,0.0060820237,-0.0294918341,-0.0238696825,0.0055632108,0.0440626980,-0.0024318857,-0.0009788062,-0.0071018964,-0.0564545309,0.0354010213,-0.0291942065,0.0067416653,0.0226371521,0.0056348554,-0.0074250083,0.0042652075
327.0000000000,0.0359891388,-0.0022279267,0.0150475382,-0.0267697769,0.0385197841,-0.0101093375,0.0052592789,0.0037463928,-0.0165111507,-0.0349247266,0.0295920287,0.0115314984,-0.0137499869,-0.0064406255,0.0076463214,0.0278394934,0.0005921658,-0.0023444086,-0.0224502482,0.0209456481,0.0054381876,-0.0080617753,-0.0255022463,-0.0087247229,0.0003689695,-0.0031291133,0.0356079964,0.0077682200,-0.0235117362,0.0066590297,0.0134568331,0.0272578798,-0.0205893300,0.0315450670,0.0201823814,-0.0345162202,0.0248890884,0.0158150998,0.0062292082,0.0282079942,-0.0403041324,-0.0009209523,-0.0368224241,-0.0069446236,0.0243782632,0.0426005631,-0.0074310880,-0.0059278902,-0.0294612319,-0.0136828422,0.0187758909,0.0242890620,-0.0082979422,0.0236074401,0.0042667344,-0.0161422667,0.0071864404,0.0016704123,0.0103026732,0.0063600973,-0.0120191274,0.0117006163,-0.0014488308
328.0000000000,0.0373567105,-0.0103055313,-0.0011711022,-0.0150417752,0.0330792756,0.0114128035,-0.0137115090,0.0400637662,0.0169185301,-0.0119063072,0.0091063756,0.0159070989,-0.0008671005,-0.0020429985,-0.0021834951,0.0234055343,-0.0004968168,-0.0020851096,-0.0481797726,0.0015679007,0.0164727958,-0.0249578514,-0.0130281930,-0.0382998973,0.0268958788,-0.0150766353,0.0257909590,-0.0033179660,0.0192339801,0.0087357232,0.0034854757,-0.0044046586,-0.0108373654,0.0120142487,0.0131730504,-0.0154638026,-0.0026755373,0.0084134870,0.0041417165,0.0071100357,-0.0183684844,-0.0289729606,0.0050816391,-0.0122812691,0.0204290103,0.0077067861,0.0113277504,-0.0074737446,-0.0212351010,-0.0044811103,0.0269857664,0.0005597979,-0.0220941668,0.0057247748,0.0097473593,-0.0264442408,-0.0121967132,0.0171273135,0.0000756327,-0.0010256021,-0.0118666724,0.0026023307,0.0003265954
329.0000000000,-0.0051773070,0.0075543188,0.0221233383,-0.0061715711,0.0143675325,-0.0218970278,0.0149126443,-0.0052788149,-0.0131598189,-0.0092299840,0.0211585766,0.0135734348,0.0303850401,-0.0318066515,0.0073171689,0.0118376204,-0.0150430815,-0.0068681821,-0.0250725180,-0.0073053979,0.0205043845,-0.0007046924,-0.0068108282,-0.0273025018,-0.0088243038,-0.0132350154,-0.0027561132,-0.0083304507,0.0091353259,-0.0059930351,0.0214818798,0.0251576446,-0.0197360866,0.0028924637,0.0026377554,-0.0225354142,-0.0092822206,-0.0036291661,0.0036324698,0.0069193906,-0.0191192229,-0.0041790025,-0.0180181108,-0.0285645788,0.0177212990,0.0368185643,-0.0089072937,-0.0131344117,-0.0055933370,-0.0209894253,-0.0160171677,0.0080006353,-0.0189578982,0.0015658482,-0.0108816553,-0.0158977242,0.0176604685,0.0218793097,0.0074356155,-0.0004543416,-0.0133213193,0.0000367898,0.0141116158
330.0000000000,0.0269056429,0.0152073184,0.0205811926,-0.0048606785,0.0070375747,0.0037424294,0.0207874949,0.0092092472,0.0072458329,-0.0154788816,0.0169353513,0.0066130846,-0.0072734994,0.0113336767,0.0114202324,0.0195149812,-0.0021242187,-0.0158769990,0.0029781082,0.0150609916,0.0295117741,0.0137844469,-0.0003643638,-0.0097586623,0.0099232480,0.0123912175,0.0018478877,-0.0022819444,-0.0060235462,-0.0185754224,0.0209646113,0.0159379019,0.0110008051,0.0197105271,0.0087392948,-0.0083565031,-0.0110274742,-0.0131112016,0.0094440639,0.0207026892,-0.0472998798,-0.0142167133,-0.0236347879,-0.0048341034,0.0148371008,0.0211146074,0.0107985626,0.0029254430,-0.0375598708,-0.0199210331,0.0043024962,0.0133601705,0.0058923522,0.0097805170,-0.0044347542,-0.0233839885,0.0112568229,-0.0057156787,0.0066208436,-0.0050002665,0.0051537834,-0.0147416657,0.0304895510
331.0000000000,0.0057689473,-0.0038999859,0.0079070520,0.0080593531,0.0129246256,0.0065891126,0.0179201539,0.0081782329,-0.0036759148,-0.0211935126,0.0131618136,0.0150693897,0.0047445046,0.0019620798,0.0032816515,0.0143616637,0.0017772096,0.0026032021,-0.0033172520,-0.0056134500,-0.0088899147,-0.0088312728,0.0096866796,-0.0084087233,0.0041642807,-0.0079906587,0.0261094934,-0.0191388140,-0.0057136415,-0.0116371829,-0.0048215892,0.0299333958,0.0109162054,0.0219354242,0.0130954219,-0.0014406836,0.0029410096,-0.0077877482,-0.0011186616,0.0046338836,-0.0168273277,-0.0035750757,0.0131401070,-0.0181594219,0.0272544333,0.0086446378,0.0030753099,-0.0018321266,-0.0167547569,0.0156508736,-0.0121031489,-0.0012956797,-0.0027421037,-0.0025546065,-0.0053780073,0.0013440247,0.0119262689,0.0078069538,-0.0082552624,0.0050375326,0.0156682302,0.0189513156,0.0066750469
332.0000000000,0.0151464617,0.0216391217,0.0130743044,-0.0227766715,-0.0043747211,0.0020554407,-0.0141814312,-0.0003844533,-0.0045619996,-0.0078059995,0.0118646040,-0.0041605543,0.0027226061,0.0149094099,0.0034359555,0.0121271773,-0.0067298312,-0.0113977573,-0.0010510049,0.0051124161,0.0046177495,-0.0174775851,0.0013088474,-0.0026689636,0.0031662244,0.0000189479,0.0046829459,-0.0085808057,-0.0098149326,0.0031922763,0.0152389484,0.0313552130,-0.0053669282,-0.0020505776,0.0270869766,-0.0286414641,-0.0212212245,-0.0252020492,-0.0247271876,0.0175899366,0.0027272997,-0.0014077642,-0.0270265654,-0.0220402387,0.0111126441,0.0024107671,0.0070822886,0.0131357982,-0.0256892751,-0.0249598628,0.0076249822,-0.0045173400,0.0032115747,-0.0051820908,0.0033204401,-0.0203435859,0.0062083329,-0.0076236235,0.0412918810,0.0091546016,-0.0027580657,-0.0008204990,-0.0068615709
333.0000000000,0.0218481247,-0.0002662278,0.0223208014,-0.0124742684,0.0188678370,0.0185175456,-0.0144225421,0.0157673568,-0.0087049191,-0.0091753813,0.0248178455,0.0080800964,-0.0070274844,0.0167854315,-0.0161210382,0.0162283578,0.0050529284,-0.0024412179,0.0057804951,-0.0221944296,0.0040218061,-0.0099476662,-0.0170919899,0.0091643701,0.0161524351,0.0106052341,0.0203890083,-0.0068268031,0.0070980809,-0.0015797829,-0.0091555779,-0.0008476397,-0.0109906610,0.0238791018,0.0124837351,-0.0410374950,-0.0036755192,0.0013096006,0.0078565736,0.0102123266,-0.0079728166,-0.0101111409,-0.0031367453,0.0002263520,0.0309861666,0.0312640799,0.0086808495,0.0200586869,-0.0255952194,0.0028468376,0.0235915683,0.0164604996,-0.0152546118,-0.0040175875,-0.0116531888,-0.0111351774,0.0125832378,-0.0163550749,0.0079276425,-0.0075312811,-0.0033047638,-0.0027099304,-0.0037789199
334.0000000000,0.0053354875,-0.0037570170,0.0162573609,-0.0166018352,-0.0044989889,-0.0132816789,-0.0191386884,-0.0002426827,-0.0208272600,-0.0375266515,0.0139967133,0.0282202802,-0.0255667385,0.0347706144,0.0113169589,-0.0129721938,-0.0022463208,0.0124281411,-0.0163378904,-0.0019946573,0.0329075823,-0.0138417979,-0.0208142383,0.0151952479,-0.0088896136,-0.0048560165,0.0113289473,0.0015975961,-0.0006908876,0.0072621697,0.0046359693,0.0098631174,-0.0404180005,0.0156695223,0.0304096604,-0.0321645852,-0.0060996318,-0.0092915164,-0.0149968807,0.0190042649,-0.0201937581,-0.0298433287,-0.0042659013,-0.0047475443,0.0061439318,0.0141124199,-0.0029634930,-0.0051884746,-0.0030289776,-0.0052687614,-0.0005351060,0.0081063461,-0.0131478882,0.0184899648,-0.0088646592,-0.0167338329,0.0059533249,0.0035520960,-0.0010988224,0.0206467736,-0.0053966950,-0.0039690992,0.0064670983
335.0000000000,0.0008468951,-0.0117621321,0.0067921130,-0.0126772178,0.0373979689,0.0015535049,0.0099751241,0.0155794991,0.0046963369,-0.0170998341,-0.0001371236,-0.0059210638,0.0200421609,0.0070416288,-0.0047929421,0.0043185874,-0.0186441091,-0.0115492216,-0.0235654875,0.0039160186,0.0157632256,0.0074932166,-0.0019556353,0.0011910633,-0.0008684666,-0.0087081454,0.0103106992,-0.0141824532,-0.0132023416,-0.0086027898,0.0223416808,-0.0002310120,-0.0062019036,0.0119519774,-0.0078179741,-0.0334941870,0.0049165073,-0.0054211190,-0.0091382499,-0.0008787699,-0.0204664350,-0.0071979479,-0.0344222485,0.0018498277,0.0305239164,0.0426395037,0.0001873531,0.0007851702,-0.0322128115,-0.0117754062,-0.0289167524,-0.0009182024,-0.0165176591,0.0225209641,-0.0113550176,-0.0222819341,0.0202586774,-0.0015072704,0.0244059452,0.0125538446,-0.0037565148,0.0181150072,0.0042325258
336.0000000000,-0.0019900634,0.0042803016,0.0058469891,-0.0225526294,0.0284809118,0.0180337162,0.0040361867,0.0160124771,0.0031043463,-0.0317505100,0.0198087728,0.0159876548,0.0049505805,0.0104542515,-0.0127288165,0.0037424481,-0.0333877816,0.0079222490,-0.0263513479,0.0160047548,-0.0012945906,-0.0150142767,-0.0142602563,-0.0223905058,0.0003489204,-0.0218932926,0.0383037658,0.0027452020,0.0012373555,-0.0101154878,0.0085414182,0.0157418108,-0.0114201025,0.0227547175,0.0319720447,0.0043618453,0.0070362244,0.0015391584,-0.0012535116,0.0270069698,-0.0273903936,-0.0086072540,-0.0496276623,0.0127089326,0.0051804480,0.0337180540,-0.0157833686,0.0098547121,-0.0304298350,0.0009073877,-0.0088820508,0.0223986587,-0.0149224316,0.0420397477,-0.0032736159,-0.0138608410,0.0010603965,0.0037252151,0.0151225210,0.0018642670,-0.0205828569,-0.0168545201,0.0036993643
337.0000000000,0.0338947675,0.0275510735,-0.0011890073,-0.0269297014,0.0032942052,0.0089817381,-0.0237502464,0.0287745784,-0.0123609000,-0.0528272409,0.0323570888,0.0240996885,-0.0141947078,0.0109898699,-0.0073228613,0.0145684483,-0.0127853970,-0.0198787628,-0.0316746025,0.0024188374,0.0220128045,-0.0180625115,-0.0014144640,-0.0169304979,0.0066195813,-0.0243575670,0.0272807437,0.0023069824,0.0008729669,0.0050760425,0.0094683985,0.0245174968,-0.0098493013,0.0014449463,-0.0157283892,-0.0416896894,-0.0119783796,-0.0020709288,-0.0206376843,0.0018255229,-0.0152611711,0.0077263552,-0.0511026807,-0.0081906426,0.0234706738,0.0454782748,-0.0242029248,-0.0107046630,-0.0287579636,-0.0211660039,-0.0012875061,-0.0038639898,-0.0060668109,0.0168090990,-0.0042191030,-0.0407049101,0.0191358733,0.0080550495,-0.0081916094,0.0339371782,-0.0235356280,0.0025256214,-0.0087046036
338.0000000000,0.0062808144,0.0016417326,0.0097691791,-0.0269954630,0.0194020892,0.0004580802,-0.0007507553,0.0008117236,-0.0107590790,-0.0120603723,-0.0004708345,0.0219257665,-0.0059818594,0.0148509647,-0.0101772215,0.0121499645,-0.0167351546,-0.0063577044,-0.0114150223,0.0094935191,0.0187931936,0.0141267248,-0.0133478329,-0.0121566601,-0.0038694766,-0.0124548589,0.0195702393,-0.0248173659,0.0036796578,0.0039160422,0.0162209916,0.0146937982,-0.0215899030,0.0069313468,0.0372230402,-0.0102933364,0.0161489160,-0.0094101326,-0.0025060717,0.0096022000,-0.0132792024,-0.0081508937,-0.0133780696,0.0042555083,0.0077335138,0.0290994125,0.0006526623,-0.0083187452,-0.0126430215,0.0033934244,0.0081931226,-0.0098186753,0.0108251829,-0.0245201479,-0.0025883033,-0.0054514840,0.0241642654,-0.0077794506,0.0108337739,0.0084160025,0.0081880835,-0.0024110389,0.0073526116
339.0000000000,0.0058892251,0.0140034268,0.0066886716,-0.0216021245,0.0257109865,0.0045713816,0.0119834890,-0.0067581469,-0.0158403015,-0.0119872960,-0.0033422438,0.0323059484,0.0190282534,0.0005025790,-0.0250631015,0.0321684080,-0.0037951170,-0.0007759920,-0.0230707033,0.0005597076,0.0069902488,-0.0143160437,0.0098848090,-0.0262175534,-0.0001154260,-0.0261286880,0.0295011382,-0.0149261028,0.0080082675,0.0025128097,0.0039635436,0.0348676148,-0.0333222337,0.0356991021,0.0176941630,-0.0207338548,-0.0012820092,-0.0024589029,-0.0123328819,0.0011856032,-0.0187032102,-0.0053830073,-0.0441476864,-0.0178904983,0.0268645770,0.0269826891,-0.0156489289,0.0049318182,-0.0262399993,-0.0135003852,0.0101652000,0.0144800469,-0.0058648615,-0.0154081966,0.0280442279,-0.0319116869,0.0124420119,0.0038941994,-0.0077299812,-0.0050553571,-0.0032587901,0.0065498687,0.0231804998
340.0000000000,0.0172953112,-0.0049767968,0.0082970178,0.0118648283,0.0212166342,0.0105975137,0.0112339967,0.0069813861,0.0121063603,0.0010674400,0.0023265753,0.0062726739,-0.0038784913,0.0071439094,0.0048717280,0.0128727842,-0.0159762770,-0.0044358164,-0.0341420172,-0.0050983659,-0.0134182883,0.0091401493,-0.0024973754,-0.0207878192,0.0036488666,0.0205103223,0.0053025799,0.0015872133,0.0089380376,-0.0153450151,0.0027065990,0.0168413099,-0.0069392757,0.0207942324,0.0063711976,-0.0349132040,-0.0175676847,-0.0017061982,0.0107820153,0.0270584024,-0.0181323540,-0.0107598727,-0.0245865529,-0.0053573932,0.0011098215,0.0213566062,-0.0167767598,-0.0000307465,-0.0224740968,-0.0095184840,0.0050270647,-0.0175902709,-0.0140661901,-0.0020707856,-0.0184441824,-0.0144255194,-0.0029695283,-0.0050779365,-0.0010035900,0.0064350504,-0.0189227766,0.0230934758,0.0150238463
341.0000000000,0.0413760208,0.0063692165,0.0040691266,-0.0012265973,0.0294686634,-0.0229609160,0.0084772482,0.0085747130,0.0013091917,-0.0149204601,0.0132914253,0.0191588072,0.0107239388,0.0296195033,-0.0025631052,0.0020079166,-0.0086259587,-0.0072020017,-0.0271664424,-0.0064031599,0.0035512078,-0.0079023266,-0.0023533001,-0.0125781112,0.0001068118,-0.0130356017,0.0078884367,0.0100418842,0.0219341708,-0.0098011475,-0.0096372090,-0.0049274268,0.0100635320,0.0403153704,0.0063324396,-0.0227975054,0.0033205731,0.0023477124,-0.0137684261,0.0339614387,-0.0037892962,-0.0254221975,0.0083588314,-0.0115973646,0.0344590808,-0.0090975221,-0.0047322566,-0.0056231113,-0.0283176041,-0.0092256563,-0.0161827637,0.0369874661,-0.0036184563,-0.0017450214,-0.0115893196,-0.0226760971,0.0191112352,-0.0075570875,0.0002209863,0.0215032887,0.0016803986,-0.0209033946,0.0049546159
342.0000000000,-0.0125368370,0.0055189325,0.0266978515,-0.0045713900,0.0289366601,0.0078278629,0.0126543806,-0.0018407483,0.0077130690,-0.0098569448,0.0385675528,0.0152681298,-0.0040349290,0.0057413289,0.0098962919,0.0232581617,-0.0241032072,0.0028585403,-0.0146233345,-0.0081453857,0.0107427526,-0.0032397033,-0.0191851259,-0.0037838852,0.0151239049,0.0121814647,0.0218887781,-0.0149500148,-0.0073564859,-0.0107978314,-0.0023890772,0.0267986433,-0.0106817200,0.0229632918,0.0080363870,-0.0215966265,-0.0150167302,0.0014295733,0.0013784376,0.0265350931,-0.0162750322,-0.0175843227,0.0041703342,0.0042890383,0.0124187090,0.0305053458,-0.0043070018,-0.0244130097,-0.0302945445,0.0141035326,0.0122877404,0.0100045913,0.0002636110,0.0060127954,-0.0043537833,-0.0145620001,0.0060197397,0.0123465441,0.0044432965,0.0137801707,-0.0086390704,-0.0089937953,-0.0009117562
343.0000000000,-0.0049218307,0.0011472008,0.0010746736,-0.0287902655,0.0159002578,0.0172338779,0.0070880332,0.0141182205,0.0064076354,-0.0254354475,0.0101260293,0.0049983323,-0.0111317225,-0.0213925906,0.0021996567,0.0153322512,-0.0057718929,-0.0045015623,-0.0047827944,0.0006164480,0.0001445867,-0.0252262434,0.0038458949,0.0028769537,-0.0172583493,-0.0186963403,0.0087334194,-0.0133055296,0.0062846964,-0.0079399857,0.0029012120,0.0218965339,0.0062590723,0.0170517019,0.0222537788,-0.0105230169,0.0084238133,-0.0044567724,-0.0178478127,0.0100786738,-0.0141545263,-0.0050199278,-0.0141486768,-0.0004364814,0.0035572216,0.0209610759,-0.0226150776,0.0106285485,-0.0184299163,-0.0288047766,-0.0178273861,0.0016441343,0.0022674752,0.0091667270,0.0112800918,-0.0065037663,0.0149500206,0.0043407920,0.0196251744,0.0032320491,-0.0211021269,-0.0105543457,-0.0113703146
344.0000000000,0.0249566524,0.0051019169,0.0106849529,-0.0171058692,0.0374505490,0.0101011786,0.0035190114,0.0070522304,-0.0022151506,-0.0000245251,0.0017454453,0.0251210862,0.0036378531,0.0251276992,0.0075711431,0.0064989428,-0.0258157382,0.0182269217,-0.0191526718,-0.0009369119,-0.0085176392,-0.0308649894,-0.0151136811,-0.0069033269,-0.0036085692,-0.0023802923,0.0225121991,-0.0024658225,0.0200118627,-0.0018563213,-0.0048764899,0.0282542387,0.0261789531,0.0160530062,0.0208257319,-0.0350889364,0.0203230671,-0.0169257286,0.0007250654,0.0271947145,-0.0309279376,-0.0231077159,-0.0301137747,-0.0116457466,0.0269236903,0.0218719554,0.0110121125,-0.0100948311,-0.0301421352,-0.0343163439,-0.0137412102,0.0195412036,-0.0075037300,-0.0030310170,-0.0195286867,0.0005611607,0.0337057557,0.0095059278,0.0141925246,0.0187259228,-0.0138715457,0.0031980729,0.0235023688
345.0000000000,0.0012030555,0.0346764864,-0.0124274053,0.0020036416,0.0276686010,-0.0243605993,0.0103351814,-0.0069915177,0.0038695952,-0.0141095842,0.0193612281,0.0147184667,0.0082306769,0.0013442177,0.0067536307,0.0111015167,-0.0154923547,-0.0091834294,-0.0210673750,0.0049458557,-0.0061139269,-0.0009397975,-0.0061784288,-0.0196555968,0.0080070053,-0.0075735879,0.0194381633,-0.0275913746,0.0374592608,-0.0037635864,0.0308964069,0.0265593797,-0.0238775944,0.0130183208,0.0284064479,-0.0326810223,-0.0031723479,0.0256422738,-0.0078136563,-0.0187528623,-0.0087009304,-0.0107717836,-0.0261077735,-0.0019793554,0.0081036562,0.0399151137,-0.0012905435,0.0010507428,0.0033381447,0.0143968234,0.0204554226,0.0036668771,-0.0187835729,-0.0010491150,0.0127482251,-0.0234599380,0.0230975471,-0.0182993222,-0.0021300582,0.0147339119,-0.0145151719,-0.0208618282,-0.0040761715
346.0000000000,0.0178717475,0.0219996747,0.0110292780,-0.0292017456,0.0237965785,0.0055075371,0.0048393846,0.0045731637,0.0080818857,-0.0320171148,0.0043152476,0.0011233404,0.0075182123,0.0180647009,-0.0087350525,0.0114786513,-0.0337389265,0.0156963802,-0.0365983991,0.0048178002,0.0292101912,-0.0078761807,-0.0260697038,0.0001851265,0.0020878789,-0.0110049912,0.0508497094,0.0027972386,-0.0076228903,-0.0205540335,-0.0030251841,0.0208214252,-0.0042839919,0.0275970147,0.0102310333,-0.0185570948,0.0089828961,0.0111443276,0.0061765735,0.0096445074,-0.0129528057,-0.0111909766,-0.0193084808,0.0052622945,0.0134518408,0.0282647700,-0.0110441808,0.0067871206,-0.0234939025,-0.0125393588,-0.0035081388,0.0074272810,-0.0047968545,0.0130860180,0.0116566691,-0.0079723224,0.0126942890,-0.0140701573,0.0397148359,0.0193026357,-0.0230012655,0.0161451816,-0.0096365722
347.0000000000,0.0157213905,-0.0019835507,0.0033507894,-0.0206690653,-0.0017554008,0.0173971441,-0.0033417725,0.0126353722,-0.0155786592,-0.0132635922,-0.0271779120,0.0233709487,0.0233899589,0.0117440834,0.0035338689,-0.0005698252,-0.0010811254,0.0195149087,-0.0307487788,0.0107250697,-0.0102352557,0.0039061366,-0.0164325964,-0.0146532604,0.0000713156,0.0030780599,0.0213165081,-0.0231029218,-0.0216123998,-0.0054445845,0.0172250438,0.0290303928,-0.0071320466,-0.0093524019,0.0292702299,-0.0326119844,-0.0178110054,-0.0059786953,0.0123360785,0.0277930890,-0.0507530706,-0.0102335970,-0.0296456864,-0.0100916792,0.0096555581,0.0164332817,-0.0320948237,-0.0054177294,-0.0069888073,-0.0099412586,0.0119938923,0.0033477208,0.0033522726,0.0001332991,-0.0145214098,-0.0079931667,0.0309530383,0.0074823138,0.0236570951,-0.0064691040,-0.0102804857,-0.0036609896,0.0064871413
348.0000000000,0.0239200160,0.0218467492,0.0172811888,-0.0307850369,0.0309328532,0.0129018892,0.0089488255,-0.0038767653,0.0008269051,-0.0555724759,0.0127333567,0.0414224838,-0.0060927328,0.0188277415,-0.0034066120,0.0221342141,-0.0080801502,-0.0126067284,-0.0356687100,-0.0074611498,0.0149077077,0.0139291078,-0.0197445550,-0.0367765919,-0.0081588327,-0.0182439745,0.0051979619,-0.0171366936,0.0151434243,-0.0185675489,0.0263821291,0.0318832447,-0.0306540431,0.0244103984,0.0359783839,-0.0356074478,0.0010717491,0.0009206941,-0.0151457476,0.0173715422,-0.0293237041,-0.0297365243,-0.0458354102,0.0122165281,0.0221633728,0.0224513988,0.0083258487,-0.0071422224,-0.0209899779,-0.0169851104,-0.0046492192,-0.0017611363,0.0092549867,0.0099355791,-0.0086682426,-0.0366277262,0.0246114823,0.0078746687,-0.0075253150,-0.0060106692,-0.0263811542,0.0107486019,0.0203279927
349.0000000000,0.0275157946,0.0005034002,0.0105891160,-0.0133157662,0.0422507082,-0.0034645423,-0.0001951253,0.0080134972,0.0043002209,-0.0187567132,0.0076178662,-0.0231548673,-0.0026744349,0.0464028617,-0.0011058465,-0.0048214670,-0.0035231649,-0.0178330100,-0.0192158583,-0.0027346573,-0.0049813587,-0.0046523109,-0.0129119015,-0.0173530444,-0.0100968166,-0.0040806464,0.0295303745,-0.0126258279,0.0032097957,0.0029702310,0.0188011779,0.0018327527,-0.0174795879,-0.0096700387,0.0274589063,-0.0069673826,0.0029509321,0.0012281195,-0.0045679811,0.0279794775,-0.0352026219,-0.0138937622,-0.0124053614,-0.0067525944,0.0245087625,0.0106539030,-0.0023755195,0.0172891276,-0.0120180597,-0.0084131461,-0.0033420575,0.0124909733,-0.0191786677,-0.0042432327,0.0057697811,-0.0290467627,-0.0045891164,0.0050501808,0.0189252064,0.0155058067,-0.0117072834,-0.0052541167,-0.0065545024
350.0000000000,0.0119791491,0.0134257066,0.0136855413,-0.0176081583,-0.0014319407,-0.0037013700,-0.0113409106,0.0204479137,-0.0010975867,-0.0201035851,-0.0084922140,0.0163901314,0.0090273277,0.0116011945,-0.0104359986,0.0123551861,0.0019968247,0.0060695033,-0.0046376298,-0.0196934097,0.0009266496,-0.0125825617,0.0125053427,-0.0068598048,0.0042576539,0.0063793937,0.0311219700,0.0107368454,-0.0098330841,-0.0089715821,-0.0134132952,0.0150152081,-0.0294562190,0.0434410768,0.0194308071,-0.0269309551,0.0206032330,-0.0019305348,-0.0109081762,0.0231614268,-0.0154608017,0.0053167447,0.0115528166,-0.0156813367,0.0052587198,0.0320790553,0.0039623996,0.0023501499,-0.0168324879,-0.0313835159,0.0038888966,0.0130742678,0.0038465588,-0.0075525756,0.0071879348,-0.0004284738,0.0218626091,-0.0071695093,-0.0003265933,0.0003134429,-0.0158535379,0.0104785084,0.0053773137
351.0000000000,-0.0058873617,-0.0094260894,-0.0031279837,-0.0292676643,0.0001548509,-0.0036585392,0.0078142802,-0.0197238720,-0.0027151606,-0.0359917834,0.0116821666,0.0103519003,0.0215099604,0.0145757406,0.0187614810,0.0208215783,-0.0363097572,-0.0071815416,-0.0113963614,-0.0009359511,-0.0004152105,0.0138235555,-0.0139755329,-0.0008512947,0.0233105820,-0.0160505125,0.0285174033,-0.0080005495,0.0066447271,0.0044093901,0.0099196670,0.0440661451,-0.0107720097,0.0006768279,-0.0137203213,-0.0322094316,-0.0037830384,-0.0045020446,-0.0098984320,-0.0231477511,-0.0068021372,0.0149248992,0.0051625437,0.0062721564,0.0216576841,0.0189173740,-0.0236048653,-0.0081155206,-0.0160557400,0.0047457844,0.0112091260,0.0138752208,0.0043523651,0.0146637972,-0.0062120155,-0.0103829133,0.0169520737,0.0077008583,-0.0063319391,0.0052697873,-0.0076059071,-0.0026433058,0.0062382685
352.0000000000,0.0021249214,0.0118231889,-0.0019286350,-0.0093187781,0.0169819396,-0.0107662835,-0.0018364937,-0.0019269484,0.0053107121,-0.0273337952,0.0069267881,0.0295761610,-0.0038414372,0.0048988654,-0.0045026539,0.0118757369,-0.0034787751,-0.0039764457,-0.0103768477,0.0179631689,0.0073436461,-0.0051213828,-0.0011237973,-0.0159270008,-0.0015896290,0.0013701900,0.0179937771,0.0100335139,0.0094043691,-0.0017213526,0.0088302009,0.0175046932,-0.0070573641,-0.0154574523,0.0141565162,-0.0018937350,0.0032879259,0.0085306277,-0.0067154343,0.0291028336,-0.0047599483,-0.0019305408,-0.0044418845,-0.0061643223,0.0062823379,0.0166937687,-0.0103175662,0.0010270291,-0.0289396167,-0.0133021409,-0.0038690313,0.0157446500,-0.0348295648,-0.0011510946,-0.0028862446,-0.0160328932,0.0153194089,-0.0099546697,-0.0089214430,-0.0092083275,-0.0050976121,-0.0181299316,0.0003869109
353.0000000000,-0.0030295553,0.0179411336,0.0334443799,-0.0121794299,-0.0064549116,0.0177692749,0.0155196143,0.0069386544,-0.0020481448,-0.0158194123,-0.0100249237,0.0101372449,-0.0096238326,0.0191123092,0.0192602692,-0.0093102991,-0.0107449463,-0.0158344389,-0.0062229280,-0.0036697782,0.0191459546,-0.0027068293,-0.0089702767,-0.0195644708,-0.0006548020,-0.0003920751,0.0174828151,-0.0194625450,-0.0034595011,0.0041017021,0.0204941897,0.0031759923,-0.0130622353,0.0052137993,-0.0176502820,-0.0223227783,0.0178454354,0.0145114922,-0.0001124883,0.0333275334,-0.0432769147,-0.0097373776,-0.0022745735,-0.0214245975,0.0132512964,0.0057904405,-0.0202356784,0.0068031659,-0.0211548440,0.0006835557,-0.0032202086,0.0024983040,0.0002938578,0.0163599289,-0.0106820177,-0.0328203648,0.0082073984,-0.0123609850,0.0044179076,-0.0001579961,-0.0192569220,-0.0086370898,0.0129543683
354.0000000000,0.0160047701,0.0065699066,0.0144612394,-0.0036937898,0.0113956285,0.0006446592,0.0093698932,0.0134675820,0.0028273291,-0.0079081407,0.0042598898,0.0242875234,0.0002904190,0.0136108600,-0.0034700416,0.0177377298,-0.0135759870,-0.0058263758,-0.0248206263,-0.0003817344,0.0065094584,0.0029368540,-0.0125700493,-0.0313635163,0.0193360748,-0.0132574467,0.0228358929,0.0078940177,0.0173201242,0.0005133328,0.0266573926,0.0086127418,-0.0273240201,0.0257011456,0.0233041281,-0.0363425423,-0.0007531997,-0.0054484259,0.0171614591,0.0416770384,-0.0592662088,-0.0091958126,-0.0252558472,0.0003820811,0.0076699981,0.0195333606,-0.0074848804,0.0079829992,-0.0336664690,-0.0220191210,0.0085672523,-0.0144813732,-0.0028483097,0.0050541277,0.0057592582,0.0027948394,0.0190216111,0.0050477947,-0.0032536942,0.0041566690,-0.0106652796,0.0114716161,-0.0058893146
355.0000000000,0.0125928078,0.0059016730,0.0245523329,-0.0303097149,0.0269932432,-0.0021053196,0.0086258265,0.0106342595,0.0023129421,-0.0301160291,0.0193621867,0.0270974006,0.0150862556,0.0207136463,-0.0323324861,0.0054239359,-0.0352624196,0.0137277013,-0.0071662383,0.0163651145,0.0209920086,0.0033352671,-0.0078560049,-0.0154089375,-0.0130320012,-0.0088013143,0.0234403327,0.0032519680,0.0062407070,-0.0035691641,0.0200514494,0.0200681528,-0.0234956147,0.0367187445,0.0228857235,-0.0428363702,-0.0013179959,0.0081489274,0.0098732865,0.0054910153,-0.0256182605,-0.0182881319,-0.0171644193,-0.0119419681,0.0197659983,0.0469838743,-0.0004154123,0.0095238254,-0.0134895228,-0.0180733742,0.0160499859,0.0175652416,-0.0084300519,-0.0152747091,0.0095022334,-0.0194011115,0.0227627441,0.0054302364,0.0002745339,0.0191338319,-0.0142233829,-0.0055483576,0.0081546541
356.0000000000,0.0233084074,-0.0014992668,0.0081726892,-0.0062372786,0.0041449707,-0.0072410075,0.0234320247,0.0076330683,-0.0057583515,-0.0241512404,-0.0030919454,0.0159264159,0.0097543922,-0.0174504373,-0.0103159656,0.0347742440,-0.0062880274,0.0175804999,-0.0091407271,0.0181329504,0.0114233153,0.0065293993,-0.0063603797,-0.0101882140,0.0141651920,0.0012890667,0.0357902159,-0.0173354073,-0.0042683407,-0.0078492607,0.0197119569,0.0281037012,0.0197716246,0.0144695087,0.0198318237,-0.0162594060,0.0099261585,-0.0041022222,0.0191148951,0.0122093763,-0.0089686552,-0.0089713715,-0.0249550053,-0.0263907504,-0.0106762755,0.0295546894,-0.0315916803,0.0033284435,-0.0191848769,-0.0149621451,-0.0078189771,0.0026632154,-0.0180646851,-0.0030453302,0.0283263806,-0.0299734285,0.0306710656,-0.0238537008,0.0009199786,0.0099422484,-0.0024043885,0.0072207867,0.0063745658
357.0000000000,0.0175074955,-0.0039193906,-0.0088013757,-0.0150578942,0.0154037820,0.0161288274,0.0073439359,0.0084881769,0.0054052290,-0.0151563113,0.0246109842,0.0142339047,0.0191018366,-0.0107641565,-0.0071800032,0.0167014480,-0.0066007323,0.0093759134,-0.0190605289,-0.0048288165,-0.0016948916,-0.0096598156,-0.0045308473,-0.0264171256,0.0144232366,-0.0121779340,0.0166557745,-0.0101871529,-0.0088677872,-0.0035560873,0.0187700146,0.0265776508,-0.0041820789,0.0140026311,0.0243529323,-0.0146705573,-0.0073977849,-0.0118176861,-0.0053955212,-0.0145932327,-0.0122510737,0.0128603195,-0.0298624008,-0.0085145310,-0.0095000039,0.0317172841,-0.0220326018,-0.0081931213,0.0086639042,-0.0051170867,-0.0006798524,0.0341032318,-0.0157643312,0.0183339126,-0.0059277490,-0.0355109325,0.0012727544,0.0010694455,0.0136728443,-0.0157146392,0.0030883051,0.0096026101,0.0012376914
358.0000000000,0.0342970987,0.0115436853,0.0107172375,-0.0164458071,0.0258292064,0.0101307385,0.0144849392,-0.0041711232,0.0036824794,-0.0081229891,0.0382892134,-0.0170596803,0.0062679243,-0.0048671841,-0.0018718951,0.0209189939,-0.0078955157,0.0161731513,-0.0090563471,0.0044611123,0.0050978462,-0.0160445447,-0.0102092530,-0.0231556152,0.0018595255,0.0067912520,0.0279960766,0.0030096721,0.0011651630,-0.0203639858,0.0148733543,0.0155894765,-0.0221952975,0.0148373043,0.0142588702,-0.0032410040,0.0127445947,-0.0222967839,0.0046695658,0.0207751597,-0.0287189811,-0.0289204098,-0.0300588958,-0.0125763058,0.0248923387,0.0222366672,-0.0081191492,-0.0050398077,-0.0198945493,-0.0182003614,0.0022395387,-0.0017616130,-0.0101581115,-0.0003199988,-0.0141551689,-0.0136970482,0.0073547648,-0.0058670307,-0.0097782907,0.0087429122,-0.0178968919,-0.0301096751,0.0136083432
359.0000000000,0.0161404351,0.0018344099,-0.0041610458,-0.0097576552,0.0050960288,-0.0054246155,0.0009065886,0.0080152717,-0.0101813731,-0.0301040539,-0.0007645756,-0.0062331094,0.0109191151,-0.0015885348,0.0138847384,0.0035990863,0.0161907257,-0.0088092331,-0.0272135780,0.0061753313,-0.0100864953,-0.0020464436,0.0033930975,-0.0037254440,-0.0021351883,-0.0044467331,0.0225414161,-0.0109415778,0.0184725359,0.0078453174,0.0136310099,0.0266201996,-0.0026940551,0.0152564204,0.0128738576,-0.0148832284,0.0076196073,0.0128568222,-0.0183118658,0.0074006559,-0.0261710206,-0.0062368253,-0.0236542655,-0.0066059277,0.0000494046,0.0173197133,0.0158090596,0.0076507862,-0.0129025052,0.0048401441,0.0068025797,0.0033091803,0.0073138264,-0.0170884321,-0.0173247106,-0.0241036978,-0.0047528914,0.0014521394,0.0020375446,-0.0071519015,-0.0067548883,0.0063799368,0.0123510965
360.0000000000,0.0137869110,0.0119698443,0.0357131167,-0.0114383660,0.0103149626,-0.0086863518,0.0110690901,0.0258841896,-0.0295773501,-0.0010389619,0.0159009461,0.0115786085,-0.0080251542,0.0323766470,-0.0266638914,0.0228098819,-0.0240444392,-0.0148933814,-0.0113393463,0.0179564375,0.0111101139,-0.0250503718,-0.0090945008,-0.0204059486,0.0158456177,0.0110366618,0.0144679687,-0.0025807419,0.0012165884,-0.0131248955,-0.0087098319,0.0186569097,-0.0134236642,0.0188023845,-0.0159317102,-0.0270547565,0.0010332010,0.0179541346,0.0163499552,0.0335496918,-0.0168755235,-0.0172992061,-0.0297229320,-0.0110098539,0.0116541484,0.0357679961,0.0139350811,0.0014592789,-0.0439774396,-0.0149400960,-0.0037724816,-0.0039201907,-0.0155018086,0.0290899832,-0.0206683742,-0.0095078711,0.0050565059,0.0306864660,0.0088872550,-0.0279280375,-0.0052350586,0.0035737330,-0.0002746079
361.0000000000,0.0094146933,-0.0092201393,0.0302664807,-0.0185066445,-0.0037214404,0.0039825233,0.0173646021,0.0135660848,-0.0065138714,-0.0172098945,-0.0070664060,0.0097215705,0.0018742085,0.0163522181,0.0019945297,0.0052913095,-0.0191351381,0.0045341663,-0.0066911958,0.0162045663,0.0038384009,0.0105032292,-0.0147564530,0.0162558725,-0.0240320215,-0.0153558848,0.0190201532,-0.0107413561,0.0031932332,-0.0179466910,-0.0028861878,0.0102219084,0.0000844614,0.0224033577,0.0042950977,-0.0246846748,-0.0040739371,-0.0146039905,0.0133936829,0.0065263437,-0.0143363891,-0.0129788091,-0.0206510135,0.0202103627,0.0275674179,0.0170439465,0.0173638552,0.0098292991,-0.0278648943,0.0006903493,0.0037575143,0.0047831270,0.0133174075,0.0112138081,-0.0155054253,-0.0168390433,0.0008314662,0.0063967692,0.0067269153,0.0282491802,-0.0182320290,-0.0105974631,0.0148548254
362.0000000000,0.0191988300,0.0188864949,0.0202583769,-0.0142797069,0.0010042858,0.0027971524,0.0077191319,0.0166393237,-0.0155886833,-0.0154334735,0.0004889074,0.0244239444,0.0127172094,-0.0161020704,0.0174936587,0.0275999119,0.0000746600,-0.0022106930,-0.0136704068,0.0139273322,0.0002087018,-0.0289002982,0.0067641558,0.0194714047,-0.0044958692,-0.0092062615,0.0202649376,0.0088667256,-0.0052104614,-0.0189585590,0.0049773795,0.0062717114,-0.0074288643,0.0172493679,-0.0006304532,-0.0266638687,0.0090168051,0.0073000691,0.0127466976,0.0016947848,0.0061468536,-0.0052046947,-0.0221574442,-0.0029584579,0.0281210666,0.0043858596,-0.0142219742,-0.0170338084,-0.0226875021,0.0173274138,-0.0119116234,-0.0088431856,-0.0195496015,0.0001501495,-0.0087769513,-0.0152591893,-0.0008352363,0.0068346334,-0.0229729803,0.0090541882,-0.0024336585,0.0006817786,-0.0079316427
363.0000000000,0.0252977012,0.0145693787,0.0001669308,-0.0126381401,0.0324481186,-0.0099085289,0.0313310746,0.0293359283,0.0042529629,-0.0321690972,0.0128704711,0.0156185452,0.0165146196,0.0200732627,-0.0098013600,0.0089722691,-0.0529195859,-0.0219159275,-0.0116945837,-0.0060215618,0.0139046922,0.0081660730,-0.0233163251,-0.0216235073,0.0081486925,0.0229306583,0.0204377295,-0.0250768410,0.0059644961,0.0066506351,-0.0052723584,0.0453441793,-0.0195831456,0.0282597084,0.0127358121,-0.0268069521,0.0057296214,-0.0090460934,0.0047258267,0.0260067857,-0.0075325293,-0.0100620028,-0.0367025903,-0.0006496313,0.0109345065,0.0271129449,-0.0063261741,-0.0139657412,-0.0335504695,-0.0299217773,0.0068148024,0.0053102808,-0.0106673608,-0.0053736671,-0.0080272116,-0.0205223641,-0.0097533242,0.0151244770,-0.0001942133,0.0085738751,-0.0259245814,0.0225913790,0.0126252209
364.0000000000,0.0200465031,0.0102043288,0.0147792965,-0.0138948221,0.0563879021,-0.0134459463,-0.0086214937,0.0246351395,-0.0068956246,-0.0155537327,0.0177426023,0.0307779064,0.0085420797,0.0279693804,0.0040545506,0.0100950535,-0.0139631487,-0.0090242762,-0.0241018598,0.0024935930,0.0180959667,-0.0048206669,-0.0244100128,-0.0149145032,0.0101840856,-0.0231890283,0.0019110000,-0.0037975074,0.0132838839,-0.0111211683,0.0209366700,0.0255649275,-0.0097939967,0.0376188047,0.0300397460,-0.0390607918,-0.0125384480,0.0045355562,0.0178287971,0.0263773628,-0.0287970362,-0.0108106513,-0.0198549933,-0.0098427655,0.0195093648,0.0230316634,-0.0279126842,-0.0043013190,-0.0374595992,-0.0171612510,-0.0139223523,-0.0062353541,-0.0023322502,-0.0148946755,-0.0009342618,-0.0288836846,0.0203942288,-0.0072788587,0.0173671832,-0.0025074078,-0.0008249753,0.0123302522,0.0029378861
365.0000000000,0.0186879204,0.0084400390,0.0163435171,-0.0031425429,0.0190265339,0.0134545587,-0.0044458920,-0.0187292307,0.0097288630,-0.0129504563,-0.0046850133,0.0167187395,0.0184892174,0.0191635817,0.0071974876,0.0274917986,-0.0132487035,-0.0199973924,0.0026902911,0.0043095875,0.0016354342,-0.0070883330,-0.0059081721,0.0077516762,-0.0133821948,-0.0042889226,0.0277671173,-0.0021024721,0.0060546373,0.0165399916,0.0014903546,0.0393529974,0.0008397210,0.0037346341,0.0041647615,-0.0143617476,-0.0082150502,-0.0224665495,0.0121019924,0.0172960730,-0.0164967720,-0.0092460072,-0.0247553683,0.0139500511,0.0175670629,0.0152633937,-0.0052707930,-0.0010227542,-0.0163797255,0.0018341370,0.0089719012,0.0054455419,-0.0123083628,-0.0280149921,0.0063039004,-0.0116378268,0.0218051423,-0.0053973526,0.0110789979,0.0246860317,-0.0058826516,-0.0023319965,0.0033308473
366.0000000000,0.0145219229,-0.0017289335,0.0074248402,-0.0118360182,0.0179469446,-0.0168163015,0.0043349814,0.0185677844,0.0136523303,-0.0079726320,0.0026537733,0.0237921322,-0.0032546213,0.0091288114,0.0213161082,0.0121919885,-0.0172650582,0.0073490201,0.0059216840,-0.0022508585,0.0183675971,-0.0042974324,-0.0098609741,-0.0331243932,-0.0056960694,0.0213640313,0.0292470279,-0.0138112387,0.0057122923,-0.0282323459,0.0303614143,0.0308657333,-0.0130637426,0.0111010076,0.0286552724,-0.0351569666,0.0168057142,-0.0005416235,0.0124979671,0.0240615040,-0.0127653230,-0.0108743965,0.0074228599,-0.0153772884,0.0239400004,0.0210319797,-0.0237066137,0.0054969030,0.0024409336,-0.0080368535,0.0053697466,0.0024557257,-0.0030139176,-0.0084863428,-0.0033317490,0.0007869143,-0.0037182503,0.0026101144,-0.0040262981,0.0191302313,-0.0070132229,0.0041879014,-0.0066698759
367.0000000000,0.0137867201,-0.0086591371,0.0018918119,-0.0180161191,0.0379902526,0.0061480104,0.0083190122,0.0181351955,0.0221057073,-0.0374084309,0.0093315361,0.0234794675,0.0051479357,-0.0025481445,-0.0088112097,0.0376822541,0.0047128100,-0.0148647372,0.0082000006,-0.0044597913,0.0231189729,-0.0119129277,-0.0072886033,-0.0193636383,0.0067635800,0.0060455895,0.0100037709,0.0037325327,-0.0044536744,0.0031939857,-0.0018536466,0.0274027865,-0.0128427446,0.0315966844,0.0262029485,-0.0301722040,0.0331449241,-0.0087491438,0.0112681990,-0.0017521524,-0.0226658741,-0.0098690058,-0.0236670655,0.0028165497,0.0152244554,0.0299232001,-0.0024147135,-0.0183962843,-0.0046433098,-0.0151020181,0.0239626629,-0.0019996690,-0.0115271672,-0.0134707270,0.0018360440,-0.0250506013,0.0103999337,0.0214480820,0.0020148974,-0.0212275885,0.0188449529,-0.0027990835,-0.0101948988
368.0000000000,0.0252007640,0.0011072159,0.0146172450,-0.0377816075,0.0023082708,-0.0121006398,-0.0037508087,-0.0051756024,-0.0027943389,-0.0259614117,0.0016284377,0.0155760558,0.0059399570,0.0120759741,-0.0010053881,0.0284106983,-0.0058947633,0.0128905917,-0.0416678635,-0.0051681051,-0.0080433513,0.0121582137,0.0136414637,-0.0170408968,0.0078872212,-0.0230431923,0.0025232058,-0.0326558432,-0.0002460950,0.0042517753,0.0023176163,0.0542375245,0.0055154568,0.0322219335,-0.0080586504,-0.0398547863,-0.0045845496,-0.0032527141,0.0007811770,0.0290671742,-0.0234739704,-0.0209894572,-0.0290964265,-0.0084681019,0.0173174951,0.0178020606,-0.0126544666,-0.0049304259,-0.0049746353,-0.0271545203,-0.0026455229,0.0085909515,0.0040677686,0.0145156383,-0.0000101673,-0.0094259683,0.0166999410,0.0039385333,0.0124312019,-0.0044737870,0.0011740337,0.0188388149,0.0034973447
369.0000000000,0.0178011189,-0.0102606700,0.0238654006,-0.0386770882,-0.0022405017,-0.0268153496,0.0039866083,0.0055862753,0.0042600987,-0.0365391461,0.0063436145,0.0094168902,0.0108740411,0.0151149882,-0.0153977005,0.0283225107,-0.0077619133,0.0054087298,-0.0274594728,-0.0022535775,-0.0063957162,-0.0054390676,-0.0184798544,-0.0111562182,-0.0100326968,-0.0088229594,0.0155831135,0.0027691290,0.0146847239,-0.0019897889,0.0326362796,0.0158847699,0.0169313505,-0.0053430705,0.0241685063,-0.0195496351,0.0103757663,0.0184278770,-0.0100650251,0.0236928813,-0.0218036291,-0.0224422460,-0.0242686878,-0.0136507725,0.0165842655,0.0236792005,0.0193963657,0.0027816112,-0.0199123231,0.0013427177,-0.0027629228,0.0084801750,-0.0151954048,0.0096047093,0.0018026817,-0.0200537062,0.0148544189,-0.0030408312,0.0125782691,0.0054566590,-0.0273987280,0.0094252286,0.0122773477
370.0000000000,-0.0062504535,-0.0133188628,0.0314840322,-0.0202197580,0.0436646071,0.0092783896,0.0114451952,0.0163273518,-0.0124031743,-0.0420172920,0.0131492432,0.0363771934,-0.0044872148,0.0194750919,-0.0003263852,0.0087353030,-0.0173796638,-0.0076323900,-0.0341345668,0.0212687775,-0.0082131163,0.0065345388,-0.0346676552,-0.0418833569,-0.0139316531,-0.0052316112,0.0425583809,0.0089645344,0.0167794948,-0.0117627113,0.0257874002,0.0264547904,-0.0387223883,0.0482590126,0.0405988682,-0.0621657337,-0.0119739431,0.0068852938,0.0126635895,0.0204825718,-0.0378189984,-0.0332899769,-0.0369250393,-0.0066058665,0.0345309787,0.0210429481,-0.0133120738,-0.0166159262,-0.0395509585,-0.0318448712,0.0010758468,0.0125139612,-0.0220277657,0.0297314714,0.0215074368,-0.0470401628,0.0280253833,-0.0015597417,0.0197394618,0.0102726311,-0.0101894817,-0.0133281102,0.0047085627
371.0000000000,0.0313961760,-0.0136715217,0.0070540100,-0.0347851036,0.0172935024,0.0035361394,0.0115274937,0.0149630279,0.0092776075,-0.0139554895,0.0013678188,0.0112084949,0.0041637990,0.0175373505,-0.0268395736,-0.0068598653,0.0087968746,-0.0209792067,0.0014689283,0.0257977922,-0.0094209739,-0.0001466522,-0.0020490674,0.0011485900,-0.0106606607,-0.0111873097,0.0238557792,0.0045521265,0.0169580490,-0.0457530228,-0.0077643435,0.0337859143,-0.0144953543,0.0205509242,0.0079745888,-0.0320373361,0.0003015450,0.0030810717,0.0128482109,0.0004874196,-0.0089654831,-0.0126646643,-0.0191635900,-0.0013762766,0.0190904886,0.0414432764,0.0117251004,-0.0148463257,-0.0295798204,-0.0006481664,0.0139394188,0.0085801620,-0.0024343059,0.0051290869,-0.0096642574,-0.0340725588,0.0258803691,-0.0214997401,0.0235647166,0.0034984911,-0.0012728544,-0.0016437116,-0.0036263314
372.0000000000,0.0177192960,-0.0186847524,0.0045319728,0.0010081925,0.0017820553,-0.0042294714,-0.0048648437,0.0184287228,0.0052289774,-0.0246126609,0.0421923361,-0.0032371820,0.0035239044,0.0048559766,0.0010391300,0.0277151368,0.0043482040,-0.0139975993,-0.0171102918,-0.0179051498,0.0029316736,-0.0191055043,-0.0114539210,-0.0211688306,-0.0020140387,0.0140489079,0.0158926544,0.0241461759,-0.0091730297,0.0026768734,0.0153993731,0.0067211121,-0.0395849723,0.0009625872,0.0067850764,-0.0105968697,0.0100756379,-0.0164379828,-0.0135411083,-0.0079850479,-0.0180942936,-0.0252561043,-0.0198766766,0.0068251676,0.0204968519,0.0207302070,-0.0077867978,0.0057195366,-0.0209325817,-0.0147558553,0.0074537484,-0.0196524049,-0.0069517211,0.0030409814,0.0047230121,-0.0262706769,0.0251262025,-0.0017099678,0.0005423675,0.0189811461,-0.0048859891,-0.0128742826,0.0048021595
373.0000000000,-0.0034349043,0.0160113920,-0.0008545222,0.0120894502,-0.0195735646,-0.0170587107,0.0068619315,0.0050234790,0.0076734404,-0.0143214028,0.0263555959,0.0005601481,-0.0024748888,-0.0004464874,-0.0137200946,0.0133397973,-0.0064484290,-0.0099087157,0.0024306554,-0.0035986617,0.0248311668,0.0061716526,-0.0004576916,-0.0049573669,0.0042782702,0.0045811468,-0.0078167994,0.0066611138,-0.0196981674,-0.0079044332,0.0067150778,0.0145069859,0.0034761828,0.0144304146,0.0011016865,-0.0096002503,-0.0024948969,-0.0138515126,-0.0236006191,-0.0095005199,-0.0088427993,-0.0226620045,-0.0042711032,-0.0220968155,-0.0151369808,0.0291363415,0.0026426303,0.0032064247,0.0114804934,0.0222743193,-0.0046697484,0.0062913848,0.0005737697,0.0127903410,0.0175824809,0.0008817188,0.0084644706,0.0079661723,0.0036085765,-0.0126364603,0.0021368169,0.0086454244,-0.0022698515
374.0000000000,0.0033815934,0.0216686106,0.0254036182,-0.0238700297,0.0121411531,-0.0103307339,0.0059850606,0.0072257983,-0.0078870294,-0.0092814466,0.0142384503,0.0007490136,0.0081214785,-0.0118448083,0.0097750559,0.0097819392,-0.0012314065,0.0107736833,-0.0167014382,0.0096303006,0.0106895098,-0.0023253558,-0.0179311829,0.0038811787,-0.0084800148,-0.0043046027,0.0313799713,-0.0100579441,0.0118754718,-0.0176431826,0.0277951998,0.0110983653,0.0003358109,0.0140080531,0.0245658420,-0.0164777248,-0.0087102141,0.0174926036,-0.0051684886,0.0261861971,-0.0141408570,-0.0136327510,-0.0141293274,-0.0106137983,0.0112629289,0.0129950860,-0.0000978371,-0.0028006043,-0.0135954486,0.0181105529,0.0013143110,0.0128629881,-0.0155828435,0.0031816909,0.0251731096,-0.0219803112,0.0047536473,-0.0044322742,-0.0004614748,-0.0111107280,-0.0172057153,-0.0152481897,-0.0050566481
375.0000000000,0.0154033953,0.0167389641,-0.0015878227,-0.0201863454,0.0274703521,0.0222895584,0.0018010972,0.0093782442,0.0133084064,-0.0081362350,0.0317544337,0.0106495171,0.0035215364,-0.0046677571,-0.0095196062,-0.0097433658,0.0080401781,-0.0052078899,-0.0099586513,-0.0179922355,0.0311615428,-0.0112735749,-0.0057621245,0.0003275499,-0.0061856699,-0.0159246702,0.0212980634,0.0105620328,-0.0094194570,-0.0161459259,0.0295002245,0.0195133076,-0.0157450281,0.0096990778,0.0172072157,-0.0294185257,0.0134907115,-0.0369516426,0.0094452103,0.0248450834,-0.0202161095,0.0028746667,-0.0124235468,0.0025393555,0.0263254444,0.0206537428,-0.0172489788,0.0161277149,-0.0236191271,-0.0174281177,-0.0108574552,0.0010686537,-0.0220481308,0.0006538024,-0.0093060250,-0.0069547901,0.0106871701,0.0042116659,0.0270088330,0.0040436150,0.0048816842,0.0190527671,0.0183235626
376.0000000000,0.0240495212,0.0079238083,0.0138146725,-0.0251890879,0.0318217533,0.0051973770,-0.0008615607,0.0246117531,0.0041602993,-0.0186185931,0.0164655651,0.0005698442,-0.0130576121,0.0259098729,-0.0154392940,0.0241973587,-0.0181074732,0.0114244330,-0.0295374745,0.0099377353,0.0131921971,-0.0033889559,-0.0269565742,-0.0407506112,-0.0027145909,0.0076737893,0.0276826717,-0.0163734022,-0.0039898913,-0.0010921379,0.0204302649,0.0230664982,-0.0148395237,0.0308549166,0.0259925504,-0.0570848651,0.0152439742,-0.0158996346,0.0118369367,0.0206048019,-0.0366870309,-0.0288285490,-0.0168250458,-0.0111501367,0.0224988786,0.0355326352,-0.0262646478,-0.0062684653,-0.0299019669,0.0051425776,-0.0092280441,0.0163935787,-0.0316858923,0.0096932600,-0.0115827502,-0.0358294498,0.0133069835,-0.0027824122,0.0204082401,0.0071635240,-0.0188407373,0.0015721526,0.0163015497
377.0000000000,0.0028360182,-0.0142758805,0.0322459115,-0.0081496803,0.0245778662,0.0099640934,0.0153483451,-0.0109375673,-0.0116530771,-0.0056916924,0.0087539804,0.0039114603,-0.0076607255,-0.0038499819,0.0091759404,0.0172173010,-0.0103055394,0.0015100575,-0.0137869722,-0.0032105878,0.0344711849,-0.0095299545,-0.0076009243,-0.0054965343,0.0058576378,-0.0053898740,0.0256344518,0.0131163599,0.0045241127,-0.0214081519,0.0043258190,0.0195708633,-0.0107920918,0.0139243971,0.0122005185,-0.0153413141,0.0028271310,-0.0169445103,-0.0172479040,0.0187632488,-0.0094609081,-0.0215726059,-0.0110269360,-0.0098792453,0.0046059881,0.0180907324,-0.0114287247,0.0045097504,-0.0477669052,0.0098818019,0.0093955802,-0.0207410166,0.0091769299,0.0163394073,-0.0148052123,-0.0434516202,0.0109435855,0.0014793757,0.0014253029,0.0092367793,0.0036891702,-0.0167609361,0.0183899158
378.0000000000,0.0210944744,0.0044837757,-0.0055074125,-0.0240832331,0.0268300238,-0.0250727306,-0.0006803523,0.0139864823,-0.0170793106,-0.0371630318,0.0195146831,0.0083030007,0.0135886372,0.0117349519,-0.0028795909,0.0257738609,-0.0197949775,-0.0191516286,-0.0026945561,0.0090216401,0.0167130793,0.0012526816,-0.0067131490,-0.0247793785,-0.0142319766,-0.0032391085,0.0268457855,-0.0074732664,0.0021026720,0.0047020132,0.0145011568,0.0431137048,-0.0131576424,0.0236293631,0.0046493141,-0.0042412353,-0.0003414333,-0.0034362444,-0.0146741098,0.0157180318,-0.0347472172,-0.0090585445,-0.0151780347,-0.0071902323,0.0245467912,0.0266754105,0.0042049824,-0.0025866636,-0.0106149051,-0.0069525506,-0.0173264286,-0.0138952779,-0.0117292991,0.0067814398,0.0078074586,-0.0260186560,0.0304699499,-0.0060483657,0.0066692008,0.0053202367,-0.0201433249,-0.0077069772,0.0031242919
379.0000000000,0.0134301298,0.0036878778,-0.0124540675,-0.0137402754,0.0093115626,-0.0130882999,-0.0077589486,0.0168007820,0.0034793289,-0.0344217032,0.0163413184,0.0111436404,-0.0053773572,0.0018673689,-0.0154780952,0.0096348005,-0.0230988734,-0.0183676726,-0.0047459421,0.0010304150,0.0024688177,-0.0229308587,-0.0001417243,-0.0072927480,0.0054078987,-0.0093169066,0.0274965940,-0.0063083757,0.0176197375,-0.0156384646,0.0137510366,0.0215709150,-0.0066444141,0.0249741509,0.0061265743,-0.0073598133,0.0101431446,-0.0143983128,0.0018922743,0.0109588815,0.0064414054,-0.0076611716,-0.0309055353,-0.0011410221,0.0174023747,0.0152517224,0.0104667959,-0.0022626306,-0.0413904316,-0.0142377240,-0.0094294279,0.0123633195,0.0003426374,0.0129548582,-0.0033105518,-0.0310917197,0.0387984201,0.0077562959,-0.0036900877,-0.0028627670,0.0166894257,0.0162253464,-0.0078240164
380.0000000000,0.0159366505,0.0013022255,-0.0064820328,-0.0072353681,0.0208753103,0.0070137688,0.0071191234,0.0032345820,-0.0038882347,-0.0318774794,0.0169182902,0.0141862360,-0.0055150617,0.0003066467,-0.0107397463,0.0031429122,-0.0099339560,-0.0157811933,-0.0168200457,0.0174625852,-0.0109480999,-0.0157839764,-0.0038942255,-0.0134115420,0.0209250895,-0.0029006269,0.0120479534,0.0004302170,0.0172187638,-0.0212681860,0.0350009417,0.0110189464,-0.0117225212,0.0227721359,0.0114588537,-0.0564144988,0.0068097148,-0.0131762117,-0.0189712800,0.0222330279,-0.0296783093,-0.0408203101,-0.0285803906,-0.0254929341,0.0225311350,0.0204640217,-0.0039345039,-0.0024161915,-0.0385963350,-0.0051027728,-0.0248605308,-0.0233074038,-0.0326466488,0.0018616129,0.0240066709,-0.0463252343,0.0146480658,-0.0172205628,0.0043085148,0.0071615800,-0.0096960247,0.0029166005,-0.0030979027
381.0000000000,0.0086158934,0.0176742748,0.0015095918,-0.0329509630,0.0254819707,-0.0089490623,0.0091697907,0.0177526476,0.0037174353,-0.0478764958,0.0168473692,0.0301154890,-0.0014416337,0.0283241238,-0.0334355043,0.0279325864,-0.0426848443,-0.0236502439,-0.0322550436,-0.0058346855,0.0060917147,-0.0140093917,-0.0241272810,-0.0344916743,-0.0121382479,0.0085010609,0.0109191328,-0.0056704633,-0.0018073584,-0.0169898904,0.0272056160,0.0294142522,0.0105268386,0.0164590167,0.0334631104,-0.0419891392,-0.0012194163,-0.0275027438,0.0041234802,0.0145070172,-0.0225316665,-0.0133924365,-0.0562218348,-0.0194132514,0.0416383399,0.0395742910,-0.0309587837,0.0071179712,-0.0495999930,-0.0122561525,-0.0014356681,0.0003360669,-0.0170324598,0.0151845913,-0.0070320303,-0.0405062822,0.0468681717,-0.0253957120,0.0217863134,-0.0076485967,-0.0115476678,-0.0129259344,0.0274007843
382.0000000000,0.0323125351,0.0101222389,0.0262292356,-0.0008367285,0.0146493323,0.0095614454,-0.0033509086,-0.0024182683,0.0035498331,-0.0160721067,0.0151610113,0.0220662713,0.0030736722,0.0029455555,0.0082340112,0.0082069255,-0.0062179471,0.0211094674,-0.0048271115,-0.0206575801,-0.0222999832,-0.0010138488,-0.0048744292,-0.0172547870,0.0124744787,-0.0051547810,0.0334009065,-0.0264299705,-0.0064295832,-0.0179943701,0.0226707761,0.0172786966,-0.0179454963,-0.0069490662,0.0282353654,-0.0225586127,-0.0190624771,0.0004207127,-0.0030540285,0.0064983782,-0.0217424062,-0.0100904107,-0.0191614604,-0.0124343198,-0.0052841727,0.0231112824,-0.0032756487,-0.0027734870,-0.0227278857,-0.0305797444,0.0006607896,-0.0041736705,0.0042124275,-0.0242373726,-0.0083141285,-0.0115308058,0.0171884740,-0.0253544914,-0.0156280060,0.0204363147,-0.0065735417,-0.0003838179,-0.0021719785
383.0000000000,-0.0102609255,-0.0036277186,0.0187448417,-0.0089800912,0.0199075580,-0.0129012740,0.0057388564,0.0162630091,0.0037281799,-0.0347814239,0.0163671785,0.0030592595,0.0040237222,0.0078659410,-0.0066675408,0.0199248124,-0.0160866539,-0.0021076578,-0.0083353087,0.0072335132,0.0225100007,-0.0113220785,-0.0077066486,-0.0043685654,-0.0003287533,-0.0279618603,0.0331981043,-0.0105645285,0.0041744886,0.0063415452,-0.0083036659,0.0029352250,-0.0022493769,-0.0015188967,-0.0086026587,-0.0309042192,0.0073711309,-0.0139297942,0.0017778198,0.0108107417,-0.0191963490,-0.0061924280,-0.0242224678,0.0155841642,0.0275618372,0.0324474787,0.0157856300,-0.0043595433,-0.0407346468,-0.0217317449,0.0003970910,0.0108376138,-0.0018761243,-0.0035418814,-0.0217829624,0.0077200794,0.0177450943,0.0061414621,0.0090493067,0.0000751065,0.0133658442,-0.0044858572,-0.0189790411
384.0000000000,0.0057070732,0.0094742369,0.0229861592,-0.0308951505,0.0339855301,0.0084780428,0.0053245939,-0.0004588715,-0.0130619517,-0.0401120185,0.0117802874,-0.0079191109,0.0014353630,0.0133150908,-0.0050337242,0.0187923788,-0.0280926981,-0.0341463531,-0.0215465623,-0.0077662547,0.0275055393,-0.0056951589,-0.0057399479,-0.0205492306,-0.0011899481,-0.0035684685,0.0181727169,0.0066802285,0.0062844930,0.0044305060,0.0128442590,0.0135118469,-0.0117328117,0.0247942395,0.0202989332,-0.0506253254,-0.0044575419,0.0076446582,0.0062775050,0.0173875407,-0.0391319631,0.0043809526,-0.0200814192,0.0113835984,0.0192785628,0.0218074720,-0.0120888279,0.0009342129,-0.0317918295,-0.0039774514,0.0101639251,0.0020697483,-0.0189483445,0.0112580316,0.0088050432,-0.0348616394,0.0352520152,-0.0083899312,-0.0013518241,0.0050545178,-0.0143397536,0.0131370033,0.0048590524
385.0000000000,0.0115876478,-0.0123685756,0.0065391211,-0.0178556315,0.0212579520,-0.0025902449,0.0033272534,0.0189952910,-0.0172870253,-0.0284513139,0.0294933814,0.0058817881,0.0141599267,0.0192600240,-0.0238908130,0.0027958720,-0.0243559835,-0.0041429825,-0.0238228491,-0.0000499971,0.0162476593,0.0001812094,-0.0101242743,-0.0072625044,0.0006089944,-0.0227544852,0.0281548602,0.0080461316,0.0066506811,-0.0057400227,0.0106832772,0.0214455234,-0.0133129832,0.0047710191,0.0228861547,-0.0300666659,-0.0021531209,-0.0046899410,-0.0009111697,0.0046612224,-0.0250496311,-0.0166876406,-0.0387167551,-0.0080003553,0.0191242863,0.0407861093,-0.0032957128,0.0108828127,-0.0386285330,-0.0046649387,0.0139546213,0.0123212697,-0.0232921265,-0.0032290570,-0.0116165127,-0.0324943287,0.0023568341,0.0072576704,-0.0153487019,-0.0254215600,-0.0053535256,-0.0224731155,0.0119099695
386.0000000000,0.0285306861,0.0095366638,0.0264483673,-0.0059401084,0.0220543691,-0.0048381290,0.0122840097,0.0085869042,-0.0080173637,-0.0161687475,0.0387338318,0.0019657305,-0.0311618720,0.0025244067,-0.0025284512,0.0149280173,-0.0229717734,-0.0182099613,-0.0171769840,0.0194986405,0.0137460770,-0.0094609123,0.0055441196,-0.0393524329,0.0045123457,-0.0124488471,0.0317586714,-0.0122115913,0.0041502419,-0.0051391922,0.0151625639,0.0296404128,-0.0161507480,0.0489154662,0.0097273979,-0.0297713445,-0.0081466570,-0.0145046780,0.0213746939,0.0198691468,-0.0183410038,-0.0183531785,-0.0254576915,-0.0119635185,0.0290462653,0.0450044190,-0.0004538879,-0.0163306622,-0.0284384829,-0.0150150831,-0.0181900748,0.0307493322,-0.0096855584,0.0090666854,0.0117724660,-0.0129354046,-0.0123023672,0.0053403676,-0.0222852428,0.0029080105,-0.0055801931,0.0045558463,0.0106864719
387.0000000000,0.0117434711,0.0298380397,0.0136025922,-0.0177528724,0.0358092288,-0.0141520565,0.0239019675,-0.0065971468,0.0089044963,-0.0245670911,0.0288088072,-0.0120859130,-0.0085514502,0.0086836712,-0.0167144594,0.0095220274,-0.0184100142,-0.0072720404,-0.0061959240,0.0109580510,0.0307826227,0.0052686217,-0.0088224339,-0.0073356957,-0.0139670135,-0.0008923847,0.0198570059,-0.0157847945,0.0094500847,-0.0131098992,0.0038040776,0.0149348862,-0.0081703117,0.0199298839,0.0294532086,-0.0224089949,0.0133799289,0.0030093687,0.0021340557,0.0117826028,-0.0377229615,-0.0389961960,0.0013067005,0.0168634656,0.0163819536,0.0049578412,0.0089730766,0.0045463935,-0.0147405396,0.0020814403,0.0226128616,0.0165232507,-0.0121281543,-0.0132281666,0.0006274353,-0.0171799978,0.0223636865,0.0065994570,0.0208022239,0.0101617115,0.0072549396,0.0120774234,0.0211546950
388.0000000000,0.0338807693,0.0328455138,0.0150012050,-0.0185696767,-0.0026825233,0.0127602047,0.0198637544,0.0176175794,0.0186948549,-0.0190854922,-0.0108168198,0.0115540765,0.0213865348,0.0132549329,-0.0056789252,0.0146104055,-0.0048602600,0.0099185785,-0.0208880057,-0.0022420895,0.0195256466,-0.0078668723,0.0076291353,-0.0208638149,0.0072505986,0.0018486739,0.0001126217,-0.0133500409,-0.0093615091,-0.0115189543,0.0222617223,0.0394432774,-0.0078762646,-0.0026920804,0.0186247926,-0.0366238112,0.0063868127,0.0076516547,-0.0063146399,0.0084224555,-0.0263161171,-0.0195214407,0.0086539187,-0.0060635334,-0.0155770310,0.0380079248,0.0083720590,0.0080321407,-0.0271864815,-0.0051216611,-0.0013370885,0.0149112639,-0.0113084221,0.0124534011,-0.0086756557,-0.0173295800,0.0126709803,0.0018881481,-0.0041971982,0.0024154133,-0.0114058969,0.0060876339,0.0104628165
389.0000000000,0.0130512815,0.0152873411,-0.0005010305,-0.0090977010,0.0245076538,0.0027659355,0.0153008830,0.0189967805,0.0097952059,-0.0207305682,-0.0062278514,0.0154351836,0.0000257446,0.0010284387,0.0059907431,0.0044067594,-0.0025671977,-0.0234132636,-0.0227295091,0.0210342636,0.0281088203,-0.0228020782,-0.0055345179,0.0086559786,-0.0140979677,-0.0101394942,0.0335249322,0.0068364736,0.0000407571,0.0104260514,-0.0034216889,0.0065260922,-0.0099522019,0.0532425879,0.0399029080,-0.0122038560,-0.0275412643,-0.0155016914,-0.0344267716,0.0188478370,-0.0056208312,-0.0186908752,-0.0244553014,-0.0010484807,0.0216000016,0.0472177394,-0.0012823746,-0.0266337392,-0.0360048177,0.0031720424,-0.0116424908,-0.0060435514,-0.0260733312,-0.0126324868,0.0003632477,-0.0249874061,0.0168631724,0.0080255399,-0.0065875943,-0.0035463115,-0.0093669648,0.0140795873,-0.0187930192
390.0000000000,0.0043105189,0.0003441528,0.0256820764,-0.0256385809,0.0429609404,-0.0061554917,-0.0153074208,-0.0012957597,0.0027298244,-0.0112345830,0.0098212701,0.0309312048,-0.0129645414,0.0230675487,-0.0119936203,0.0161349980,-0.0259003999,-0.0204515004,-0.0207356524,0.0141617691,0.0124659783,0.0033530553,0.0151089564,-0.0339410434,0.0184045957,-0.0202355262,0.0406377392,-0.0058458136,0.0016499292,0.0002627599,0.0163258782,0.0333568228,-0.0124260795,0.0181806662,0.0321039496,-0.0469404992,0.0132620338,-0.0088994304,0.0164828472,0.0168158748,-0.0366182770,-0.0160017613,-0.0221507134,-0.0268460016,0.0221315931,0.0372485540,-0.0203103149,0.0311514928,-0.0194639070,0.0019125748,0.0022188596,0.0075047260,0.0097132647,0.0044571308,-0.0108798050,0.0071103437,-0.0057953003,0.0072257499,0.0089417908,0.0140966207,0.0063523886,-0.0126202567,0.0146287205
391.0000000000,0.0114171455,-0.0051591166,-0.0058220450,0.0089264860,0.0305721177,0.0050858129,-0.0058251283,0.0212691386,-0.0121458143,-0.0225301765,0.0080265336,0.0150816997,0.0114208176,0.0188011406,0.0110796796,0.0287182406,-0.0318864701,-0.0106213898,-0.0206678445,0.0292700965,-0.0124530893,-0.0287954615,0.0011732651,0.0012116186,0.0135046703,-0.0015647575,0.0233262631,-0.0055165921,-0.0138271780,-0.0040532752,0.0265606291,0.0189817789,-0.0157375132,0.0223548799,0.0097247990,-0.0326787390,0.0067545953,-0.0056359240,0.0216540143,0.0292623096,-0.0291980869,-0.0081329821,-0.0283199316,-0.0013376187,0.0200842901,0.0354074081,-0.0028797744,0.0310901802,-0.0386147465,0.0065613631,0.0097595263,0.0278999653,-0.0120680623,0.0199498672,-0.0053180457,-0.0176322396,0.0195504596,0.0141030700,0.0037646109,0.0166614921,-0.0031955588,0.0083624961,0.0010646042
392.0000000000,0.0315121442,-0.0055455631,0.0075946853,-0.0333158565,0.0263473881,-0.0130199355,0.0143149502,0.0247908070,-0.0060502637,-0.0363575443,0.0201614945,0.0255262451,0.0037504866,-0.0162192739,-0.0066637905,-0.0076796329,-0.0076040110,0.0007103395,-0.0224608677,0.0084747803,0.0165369523,-0.0020234309,0.0037166386,-0.0057710432,0.0072497195,-0.0281143143,0.0350111303,0.0021031037,-0.0007456762,-0.0009537409,-0.0093911639,0.0287374207,-0.0039892636,0.0214211567,0.0129099726,-0.0367527960,-0.0181886807,0.0116443845,-0.0023137330,0.0059293670,-0.0155904124,-0.0008483579,-0.0250772461,0.0132857673,0.0091956438,0.0121951613,-0.0051776959,-0.0139023905,-0.0346853976,-0.0226300658,0.0008977223,0.0024023466,-0.0135299280,-0.0149813293,0.0064060123,-0.0055469513,0.0190649858,-0.0015137404,0.0043569139,0.0111111295,-0.0066099057,0.0120283609,0.0264339418
393.0000000000,0.0341115489,-0.0126611789,0.0154658120,0.0010423192,0.0389537533,-0.0017024932,0.0007053745,-0.0138600895,0.0040838467,-0.0388262507,0.0237019062,0.0233931411,-0.0069321184,-0.0039751446,0.0071875156,0.0135001811,-0.0228956721,-0.0196906259,-0.0143393373,0.0012970535,-0.0048504325,0.0066821029,-0.0027451585,-0.0315454546,-0.0167003089,0.0035934583,0.0222038526,-0.0050577522,0.0028658828,-0.0218196848,0.0024597110,0.0405519744,-0.0029999657,0.0392665447,0.0136649047,-0.0128660532,-0.0070027229,-0.0154995239,-0.0089933018,0.0060707093,-0.0261742662,-0.0348098436,-0.0335567514,-0.0187314116,0.0074534606,0.0275158358,0.0019854452,-0.0060151683,-0.0306243703,-0.0022442706,-0.0084447077,0.0223238708,-0.0026399386,0.0043176345,-0.0179183464,-0.0060815555,0.0084739673,-0.0101522975,-0.0082757605,0.0186914037,-0.0167699057,0.0237802860,0.0269063470
394.0000000000,0.0213039711,0.0053760696,0.0017337432,-0.0161720000,0.0364376089,0.0093632354,0.0022754127,0.0150665303,0.0027158617,-0.0141736422,0.0051437502,0.0066560548,-0.0135727703,-0.0002231430,-0.0210194117,0.0009504508,-0.0175836888,0.0083806098,-0.0290315422,0.0142007009,0.0086609989,0.0057741073,-0.0070786850,-0.0087092510,0.0193286071,0.0012025011,0.0471312160,0.0040148747,0.0156424570,0.0019313587,0.0107012533,0.0266215363,-0.0359093818,0.0237876513,0.0337427935,-0.0376571371,-0.0000210373,0.0219728059,-0.0159314215,0.0233840473,-0.0496674685,-0.0196859303,-0.0238301013,-0.0188874357,0.0452142828,0.0134247754,0.0152265089,-0.0191264044,-0.0343652419,-0.0089039783,-0.0093574823,0.0345711370,-0.0152932317,0.0053887785,-0.0196533128,-0.0254307815,0.0185699833,-0.0013386712,0.0172476643,0.0064250748,-0.0176509572,0.0283824655,0.0077531408
395.0000000000,0.0141583011,0.0050156047,0.0233358008,-0.0286160373,0.0182037334,0.0038436259,0.0026869432,0.0374266432,-0.0106845319,-0.0342578196,0.0112429778,0.0191947644,0.0119493868,-0.0047744315,-0.0135465178,0.0293845732,-0.0169348364,-0.0187183241,-0.0384533590,0.0148339036,-0.0213784022,0.0088184721,-0.0241819853,-0.0193867780,0.0196647058,-0.0171868662,0.0124175529,0.0050738539,-0.0081354466,-0.0091376780,0.0031753038,0.0264143657,-0.0009063710,0.0332052402,0.0192119985,-0.0276437246,0.0056189419,0.0178891437,-0.0059026577,0.0080222493,-0.0157412227,-0.0218586375,-0.0526160934,-0.0192564408,0.0234400594,0.0474148159,-0.0144622712,-0.0156070797,-0.0331166995,0.0147090422,0.0136244335,0.0208043062,-0.0247658952,0.0094373869,0.0033689508,-0.0374479768,0.0136988598,-0.0053861285,0.0021745251,-0.0118080444,-0.0053915376,-0.0246471422,-0.0001098295
396.0000000000,0.0073077485,0.0097976459,0.0030059718,-0.0129407166,0.0027531605,-0.0129950149,0.0069228904,0.0111502283,0.0102984533,0.0035342677,0.0137614434,0.0071034025,0.0023548467,0.0019692937,-0.0018829739,0.0105156718,0.0053951316,-0.0191592872,-0.0026987217,-0.0028110678,0.0104789030,-0.0014102838,-0.0021602018,-0.0032218565,-0.0195367025,-0.0183726579,0.0154627863,-0.0242034961,0.0041368053,0.0061313358,0.0170984868,0.0103146490,-0.0033300945,0.0239004040,0.0161733489,-0.0353728232,-0.0099365233,0.0091266027,0.0085766723,0.0130956004,-0.0176044026,-0.0098281591,-0.0214719381,-0.0206927562,0.0177386249,0.0291868436,-0.0235771901,0.0032658481,-0.0225849991,0.0040160907,-0.0008282401,0.0172362796,-0.0172537856,0.0171960917,0.0247476660,-0.0113025186,0.0345137205,-0.0272134926,0.0077398567,0.0129685908,-0.0018757475,-0.0364325779,-0.0001434970
397.0000000000,0.0300559400,0.0082428911,0.0127403568,0.0069256417,0.0225383788,0.0005115489,-0.0047829544,0.0004438270,-0.0108688500,-0.0110477578,0.0011212641,0.0329291750,-0.0237094274,0.0141953381,-0.0036368241,0.0027571056,-0.0154262198,-0.0233621558,-0.0287475047,-0.0080244710,-0.0117208452,-0.0086226804,0.0091964503,-0.0165341468,0.0126751575,-0.0016811805,0.0343302029,-0.0134318132,-0.0063507350,-0.0156327009,0.0281744642,0.0324012083,0.0035872331,0.0094011344,0.0086772582,-0.0253988098,-0.0206519106,-0.0092773789,-0.0061485494,-0.0016121494,-0.0137459247,-0.0212379722,-0.0176391053,-0.0243057599,0.0044135260,0.0170842936,-0.0123650802,0.0147486373,-0.0318533491,-0.0287447675,0.0148047533,0.0206922554,-0.0159486555,0.0099382539,0.0185163169,0.0034589282,0.0085742594,0.0190041823,0.0126348419,0.0085517089,-0.0082303333,0.0101027208,0.0230839719
398.0000000000,0.0120004662,0.0059384649,0.0071927324,-0.0064555700,0.0243311848,0.0093700836,-0.0024490652,0.0089937496,0.0099757821,-0.0171454999,0.0001354510,0.0179940479,-0.0186930311,0.0153164261,0.0024844225,0.0155876088,-0.0177562218,-0.0190899466,-0.0164758056,-0.0020465693,0.0187483913,-0.0007945936,-0.0128169258,-0.0318930020,-0.0108649927,-0.0115151819,0.0217623060,-0.0010491358,0.0084439646,0.0016574537,0.0065292933,0.0165812760,-0.0226910021,0.0169106004,0.0147611878,-0.0256466527,0.0089996356,-0.0088766347,-0.0012767924,0.0012007606,-0.0150340641,-0.0140108145,-0.0349638589,-0.0022621301,0.0172674119,0.0206851141,-0.0027295076,-0.0126043689,-0.0010838697,-0.0000034640,-0.0351131587,0.0021600528,0.0023159155,-0.0123335416,-0.0115475753,-0.0164808145,-0.0037270098,-0.0324246612,0.0301014885,0.0017592868,-0.0240558689,-0.0001832492,0.0194040983
399.0000000000,0.0050154495,0.0068277577,0.0020287573,-0.0320475712,0.0298734455,-0.0073690597,0.0075833475,0.0101244177,0.0069364941,-0.0389381170,0.0056069101,-0.0058312325,-0.0262965735,0.0168366451,-0.0324047992,0.0164418914,-0.0476169750,-0.0166736296,-0.0338165382,0.0160988264,0.0216723461,0.0040447014,-0.0018529750,-0.0250639175,-0.0029762711,0.0026773658,0.0155009728,-0.0062951723,-0.0147233946,0.0064951813,0.0367852671,0.0394439385,-0.0194356927,0.0324509559,0.0418816300,-0.0238048744,-0.0046178195,-0.0043098364,0.0060687680,0.0006971590,-0.0338301422,-0.0265790235,-0.0434393875,-0.0027811862,0.0316153010,0.0354746388,0.0051554815,0.0069093788,-0.0177794531,-0.0159595025,0.0124222293,-0.0041581834,0.0030858031,0.0073656196,0.0081896011,-0.0464472932,0.0142513062,-0.0118238466,0.0195798956,-0.0024850678,-0.0197619235,0.0124181439,-0.0283973693
400.0000000000,0.0184440320,0.0207120612,0.0015791983,0.0202962325,0.0075425201,-0.0000477429,0.0025165942,0.0020659759,-0.0039316960,-0.0017821968,0.0127330977,-0.0190648265,-0.0105106412,-0.0262011830,-0.0000079587,0.0107486472,-0.0066183971,-0.0161131109,-0.0121690323,0.0056823351,-0.0043781519,-0.0045049004,0.0039230504,-0.0140078193,0.0020621513,-0.0039395412,0.0043655792,-0.0146146088,0.0133517815,-0.0032101591,0.0102359392,0.0036782934,-0.0221374638,0.0261532576,0.0030470012,-0.0115039358,-0.0198590611,-0.0272118860,-0.0078276677,0.0348116613,-0.0206367522,0.0066761706,0.0019346354,-0.0080315677,0.0142040954,0.0196038698,-0.0094392237,0.0183416985,-0.0029362302,0.0298693438,0.0111819891,0.0220897748,0.0001071073,-0.0082165721,-0.0023180186,-0.0231232537,0.0126175627,-0.0057395424,-0.0042225148,0.0073197245,-0.0284726198,0.0073353427,-0.0116024559
401.0000000000,0.0231540976,-0.0210110220,-0.0153202903,-0.0093857922,0.0281710563,0.0107098582,-0.0208233085,-0.0003538342,-0.0051579856,-0.0280525379,0.0001840428,0.0351951604,-0.0002123245,0.0099445890,0.0070073588,0.0200512967,-0.0217307124,0.0042046804,-0.0252593061,0.0236073725,0.0045389788,-0.0107410722,0.0159504648,-0.0301749501,0.0025687780,0.0028889901,0.0312630613,-0.0102775894,0.0020824702,-0.0063950665,0.0268500348,0.0280372472,-0.0087116929,0.0255998043,0.0107481710,-0.0380066271,-0.0077517072,0.0070945252,-0.0028173737,0.0111941480,-0.0337184528,-0.0155341998,-0.0258646525,-0.0149854694,0.0335853353,0.0252733402,-0.0070475451,0.0129124774,-0.0276018000,-0.0056824298,-0.0114876770,0.0177263130,-0.0041137642,0.0156203517,0.0012224308,-0.0395570133,0.0311053886,0.0023293009,0.0093347141,0.0036441106,-0.0033984851,0.0002177128,0.0269685406
402.0000000000,0.0176225625,0.0146555117,-0.0031759165,-0.0102390901,0.0162925166,0.0164961119,-0.0041944428,-0.0017151573,-0.0029810426,-0.0198374581,0.0234829214,0.0204430263,-0.0080925944,0.0168039271,-0.0141287472,0.0080409563,-0.0092178070,-0.0035347109,-0.0213483479,0.0103322948,0.0275663077,0.0114721410,-0.0070626363,-0.0034934342,-0.0221520399,0.0031093166,-0.0091050625,0.0018089097,0.0023261478,-0.0186454867,-0.0019973612,0.0187861620,0.0086315545,-0.0033120974,0.0115776905,-0.0072650328,0.0104214677,0.0055799120,0.0122084019,0.0257141243,-0.0480148261,-0.0077702698,-0.0108949127,-0.0027330054,0.0238507780,0.0313412199,-0.0124842723,-0.0172118960,-0.0296199696,-0.0149869933,0.0022093462,0.0043275217,-0.0264071767,0.0027092981,-0.0055225864,-0.0010958392,0.0173220325,0.0012493567,0.0121947934,-0.0006927362,-0.0262487863,-0.0069054817,0.0149465358
403.0000000000,0.0169372778,-0.0067958702,0.0004129054,-0.0242381876,0.0289802958,-0.0031983266,0.0114396858,0.0005140507,0.0124861352,-0.0087404760,0.0263953075,0.0127883292,-0.0240108759,0.0066592197,0.0164789256,0.0124901504,-0.0333429496,0.0134956888,-0.0129082100,-0.0060829934,0.0056879789,-0.0198227827,-0.0078328894,-0.0258106489,-0.0095645335,0.0106866250,0.0255864939,-0.0035578611,0.0111521786,-0.0103707684,0.0015126839,0.0285373211,-0.0145780595,0.0030504124,0.0050165221,-0.0219093042,0.0012393146,0.0142979045,-0.0076049005,-0.0085153651,-0.0237171133,0.0086828903,-0.0225507677,-0.0222563825,0.0197455053,0.0341549875,-0.0006416870,0.0036147787,-0.0144554123,-0.0036505779,-0.0037118819,0.0267142754,0.0094815329,0.0085965446,-0.0147283228,-0.0191658643,0.0181168200,-0.0026071428,0.0127223741,-0.0163339671,-0.0054737330,0.0181931190,0.0077940457
404.0000000000,0.0229117531,-0.0161488648,0.0174670555,-0.0101196059,0.0166015188,-0.0282268361,0.0166080762,-0.0103742160,0.0097295997,-0.0239123865,0.0278293897,0.0372393989,-0.0057183095,-0.0064033969,-0.0075728293,0.0443180844,-0.0103182486,-0.0207720523,-0.0202537698,0.0020261031,0.0107618380,0.0204861422,-0.0144871241,-0.0332636542,-0.0087197107,0.0009999368,0.0390263201,-0.0041145530,-0.0167925675,-0.0282492231,0.0168688809,0.0161728210,-0.0204911379,0.0331263582,0.0328982398,-0.0116277064,-0.0038028639,-0.0037343662,-0.0133438000,0.0024010927,-0.0303059903,-0.0088644874,-0.0148245628,-0.0203379111,0.0317581062,0.0355047037,0.0054036745,-0.0064030950,-0.0243722665,-0.0136802147,0.0126026529,0.0143483912,-0.0396004874,0.0043284793,-0.0088506834,-0.0446951138,0.0110261075,-0.0143853712,0.0125062694,-0.0016685447,-0.0159458758,-0.0105750160,0.0068744822
405.0000000000,0.0004188939,-0.0049087388,0.0143861438,-0.0049279322,0.0135288791,0.0032263654,0.0142696887,-0.0032241317,-0.0019048914,-0.0132243607,0.0055620748,-0.0118276232,-0.0119470864,-0.0001609280,-0.0131702203,0.0022382134,-0.0040067588,0.0275820114,-0.0113785780,0.0129170237,-0.0050348205,-0.0120079605,-0.0035873839,-0.0277232816,-0.0092534245,0.0240545602,0.0215354290,-0.0077699539,-0.0049898905,-0.0094439840,0.0067786988,0.0137162564,-0.0144130384,0.0085898376,0.0134109365,-0.0192438824,-0.0018923288,-0.0048041514,0.0087860769,0.0423402704,-0.0398221202,-0.0244634228,-0.0435090884,-0.0059661157,-0.0010666246,0.0340337179,-0.0032470483,-0.0153155445,-0.0226265719,0.0065378283,0.0041050045,-0.0052653283,-0.0262650109,0.0171693070,-0.0101266883,-0.0415963429,0.0141308485,0.0269848317,-0.0119190316,0.0049396424,-0.0191844571,-0.0042239219,0.0155001884
406.0000000000,0.0288419298,0.0275054218,-0.0153018273,-0.0105593392,0.0186115306,0.0180168616,0.0006953812,0.0057927163,-0.0125143780,-0.0287973791,-0.0036199957,-0.0008848200,-0.0138725809,0.0255496977,-0.0283146455,0.0294900980,-0.0018933355,-0.0060615230,-0.0217331775,0.0173480449,-0.0057408299,0.0247969142,0.0058631242,-0.0003455591,0.0130012954,-0.0128324766,0.0155444028,-0.0096007809,-0.0072439337,-0.0079739435,0.0095681692,-0.0098893772,-0.0030018498,0.0234413412,0.0183203128,-0.0145354870,-0.0030424534,0.0201079795,-0.0215793152,0.0379005073,-0.0097447587,-0.0065817436,-0.0120984860,-0.0083097083,0.0060012943,0.0327134194,-0.0036730267,0.0086172211,-0.0000629111,-0.0016332734,0.0034805647,0.0145544967,-0.0005389022,-0.0101189068,-0.0007269008,-0.0464802467,0.0117578476,-0.0024086362,0.0164947314,0.0177932509,-0.0038016949,0.0156823350,0.0037994590
407.0000000000,0.0011934480,-0.0001938570,0.0087789775,0.0077324585,0.0309538878,-0.0016939911,0.0113456539,-0.0087951211,0.0120848579,-0.0098781722,0.0048969495,0.0081706275,0.0159908491,-0.0161742444,0.0174977884,-0.0035312139,0.0219589302,-0.0083515271,-0.0227034045,-0.0009497632,0.0154035776,0.0081731917,-0.0050445129,-0.0173513308,0.0033247595,-0.0001636132,-0.0023468239,-0.0048188166,-0.0097304589,-0.0078072222,0.0256654787,0.0306373216,-0.0009941270,0.0202798481,0.0147513995,-0.0044798056,-0.0068651541,-0.0031236166,0.0085976842,-0.0114705701,-0.0192746611,-0.0123876658,0.0015205346,0.0146278085,-0.0150311116,0.0136536114,-0.0027846219,0.0060818182,-0.0219973960,-0.0074754706,-0.0000841276,0.0181482222,0.0015182735,0.0105452723,0.0057117980,-0.0057023059,0.0169061863,-0.0218233641,0.0127009738,-0.0186828884,-0.0000089179,0.0066892208,-0.0031594822
408.0000000000,0.0071012925,-0.0002364441,0.0238372836,-0.0369146488,0.0092454837,0.0044664982,0.0139894980,0.0009548489,0.0019234367,-0.0269834869,0.0149038996,0.0186350994,-0.0035816123,0.0210482428,-0.0079412174,0.0168612589,-0.0088253652,0.0006126307,0.0031364123,-0.0049022315,0.0170567135,0.0136227127,-0.0140928074,-0.0053029360,0.0221759148,-0.0131639982,0.0100533580,0.0005761879,0.0003469834,-0.0165446311,0.0032725821,0.0345726381,-0.0042638764,0.0252515680,0.0152146137,-0.0204194793,0.0191730351,-0.0243880191,0.0144624813,0.0134841543,-0.0201863047,-0.0212200262,-0.0358338147,-0.0067950724,0.0162487903,0.0276568038,0.0005122935,-0.0040951660,-0.0290001078,0.0024494934,0.0037476843,-0.0129198038,-0.0033564285,-0.0046536774,0.0039979232,-0.0434235949,0.0408480353,-0.0106467859,0.0019001999,0.0145027888,-0.0293266162,0.0114048720,0.0083463147
409.0000000000,0.0357129542,0.0286927493,0.0048622095,-0.0241796822,0.0446207070,0.0015194347,0.0127816487,0.0215328169,-0.0105796912,-0.0155632467,0.0162948091,0.0030373450,-0.0072099635,-0.0160752976,-0.0169393329,0.0112927112,-0.0178059452,-0.0124573241,-0.0117001437,0.0081400326,0.0084291114,-0.0054292424,-0.0152729979,-0.0012076617,0.0125462362,-0.0030881910,0.0221160669,-0.0206868863,-0.0191746178,-0.0078520303,0.0202462985,-0.0065136428,-0.0060082995,0.0011092043,0.0165224807,-0.0323522054,0.0165456601,-0.0133669579,0.0108737011,0.0133271329,-0.0132297495,-0.0089248583,-0.0052162694,-0.0162746055,0.0165590204,0.0254787779,-0.0028753776,-0.0031957041,-0.0259368782,0.0068386579,-0.0206434665,0.0077787213,-0.0118351559,-0.0025131834,0.0033194342,-0.0259381895,0.0117260931,-0.0058595146,-0.0057230340,0.0098690830,-0.0224120200,0.0045848874,0.0191198872
410.0000000000,0.0133360061,-0.0024280584,0.0146287909,-0.0108269212,0.0307342304,0.0062863962,0.0244631824,0.0258902748,-0.0104488684,-0.0420350970,0.0316492401,0.0194085340,0.0027395312,-0.0075498040,-0.0108420227,0.0308731530,-0.0269007074,-0.0141322561,-0.0066497422,-0.0176754833,0.0212024085,-0.0200643178,-0.0012467073,-0.0037327038,0.0119082162,-0.0246030889,0.0318387431,-0.0079620896,0.0153596666,-0.0113659941,0.0148495508,0.0388948287,-0.0146081398,0.0213540816,0.0307779305,-0.0243282336,0.0002687249,0.0018117635,-0.0125988637,0.0282371646,-0.0382748637,-0.0110850586,-0.0417789052,-0.0046552425,0.0254175075,0.0399263098,0.0053913212,-0.0229869234,-0.0529992399,-0.0136356358,0.0126043480,0.0208018683,-0.0071121619,-0.0047882617,-0.0134279007,-0.0365652860,0.0369639572,-0.0078744106,0.0183119377,0.0171726701,0.0104103705,0.0004686976,0.0148074853
411.0000000000,0.0264060130,-0.0083641806,0.0241612823,0.0034938326,0.0007092195,-0.0033541976,-0.0007839344,0.0245309365,0.0050913891,-0.0125255923,0.0132022370,0.0032909009,0.0046618558,0.0139983902,-0.0088763688,0.0119750822,0.0015903847,0.0051425808,-0.0031818439,0.0147353037,-0.0105941699,0.0060228216,0.0082869909,-0.0039336165,0.0134975107,-0.0058142839,-0.0101816951,-0.0055380867,0.0054116102,0.0093005426,-0.0002523335,-0.0034923787,-0.0207675592,0.0194823919,0.0378123510,-0.0234781338,-0.0166135194,0.0212132739,0.0172319378,0.0203573873,-0.0260917088,0.0037757473,0.0021863614,0.0035898163,0.0115590860,0.0158001904,-0.0043798442,0.0077474369,-0.0176931288,-0.0057560726,-0.0014205767,0.0091037898,-0.0036186551,-0.0138347057,-0.0051028225,-0.0158101069,0.0089647224,-0.0039517129,-0.0129671862,0.0237847054,-0.0239406003,0.0033207187,-0.0102229874
412.0000000000,0.0213715385,-0.0140251947,0.0008416325,-0.0263689961,0.0243795878,0.0188924796,-0.0008943862,0.0104105122,0.0033194788,-0.0299164584,0.0264828634,-0.0118388637,0.0071464502,-0.0104739162,-0.0125496357,0.0368371768,-0.0239187939,0.0027619915,-0.0272929718,0.0123685511,0.0081057681,-0.0134908751,0.0019605551,-0.0073943861,0.0122310308,-0.0192725191,0.0203561891,-0.0292064673,-0.0127205689,-0.0001894275,0.0139222615,0.0099754109,-0.0191674102,0.0065796127,0.0138377453,-0.0521293629,-0.0213296023,0.0154475744,-0.0170939247,-0.0014364968,-0.0127428730,0.0188183003,-0.0304870428,-0.0057871687,0.0199786451,0.0369716251,-0.0076605346,-0.0084703539,-0.0177173725,-0.0109471142,-0.0084689320,0.0009862976,0.0015575527,-0.0082071966,0.0016957948,-0.0214912940,0.0040195670,-0.0114448025,0.0065776573,0.0043533495,-0.0110589483,-0.0089518619,0.0061334409
413.0000000000,0.0159451577,0.0067714011,0.0070844283,-0.0133972483,0.0043425748,0.0156003243,-0.0020289026,0.0089877610,-0.0072981566,-0.0118910245,-0.0031658317,0.0146082357,-0.0168662861,0.0324986423,0.0053249377,0.0104183773,0.0202548497,-0.0080608226,-0.0189310278,-0.0166071641,0.0084298655,0.0005232479,-0.0121957619,-0.0152194502,0.0096890101,-0.0012364038,0.0209179572,-0.0093732254,0.0107695289,-0.0006556937,0.0068726291,0.0229041477,-0.0021822437,0.0124661210,0.0145698603,-0.0275754690,-0.0080992265,0.0105537174,-0.0074921195,0.0204300563,-0.0168379601,-0.0310030325,-0.0288089936,0.0045526703,0.0104351024,0.0169579703,-0.0284055325,0.0123910871,-0.0094416736,-0.0045397275,0.0116448614,0.0014653173,-0.0109590431,-0.0015167232,-0.0044147173,-0.0195720992,0.0178712841,0.0133586978,0.0169136924,-0.0042233033,-0.0060655657,-0.0070593932,0.0034349548
414.0000000000,0.0048407162,0.0224256874,0.0182060196,-0.0152710466,0.0203122058,0.0129711097,0.0132842414,-0.0033283609,-0.0078575415,-0.0325670708,0.0248587454,0.0256803266,-0.0305670998,0.0022594905,0.0051608336,0.0201617472,-0.0048769248,-0.0179238676,-0.0074494089,-0.0011654454,-0.0005754040,0.0068760459,-0.0171873963,-0.0097696288,-0.0046856002,-0.0125493082,0.0311854665,-0.0155311486,0.0136251082,-0.0001379906,0.0413268975,0.0362976078,-0.0038020293,0.0298902804,0.0159781681,-0.0269868461,-0.0084334524,0.0009074996,-0.0050488542,0.0124626913,-0.0431378453,-0.0262174781,-0.0343173358,-0.0067175355,0.0351931250,0.0033551875,0.0052062896,-0.0203049058,-0.0474746121,-0.0189794340,-0.0149170314,-0.0096777148,0.0059851117,0.0316299209,-0.0109694014,-0.0353643208,0.0155062569,0.0017680399,-0.0004938049,-0.0032442361,-0.0268694992,-0.0191910454,0.0105442782
415.0000000000,0.0054340350,-0.0169962763,-0.0067730052,-0.0232341426,0.0527561087,0.0023367963,0.0125331689,0.0136817544,-0.0274890402,-0.0296917401,0.0129204155,0.0158750332,-0.0073486540,0.0087718305,0.0129569568,0.0180033676,-0.0098096873,-0.0288849220,-0.0174643273,0.0000703061,0.0399601303,0.0017216992,-0.0119362847,-0.0307995823,-0.0043998107,-0.0176525984,0.0082858444,-0.0064227549,-0.0013033656,-0.0240713986,0.0199530211,-0.0081733111,-0.0036170368,0.0050499003,0.0027194611,-0.0317934330,-0.0060270528,0.0121144629,-0.0102799581,0.0351838580,0.0031609028,0.0020392429,-0.0068047665,-0.0201069363,0.0011044696,0.0388981893,0.0070500748,-0.0115773804,-0.0252562419,0.0056931861,-0.0042726472,0.0129520651,-0.0104899626,-0.0063439489,0.0053134084,-0.0194921189,0.0417498034,0.0058160143,0.0086802828,-0.0054647552,-0.0331768297,-0.0075777583,0.0042518570
416.0000000000,0.0251777695,-0.0027380580,0.0271455873,-0.0229061847,0.0063529785,0.0155492122,0.0291412252,0.0089641253,0.0088671137,-0.0140272004,0.0128321872,0.0102116315,-0.0112283003,-0.0016807619,-0.0196836290,0.0091522770,0.0073499440,-0.0175895104,-0.0098108540,-0.0077868327,0.0151111149,-0.0300594152,0.0103618029,-0.0173426678,-0.0012603920,-0.0226619537,0.0229833814,0.0039069815,-0.0179804892,0.0002634508,0.0194402905,0.0132869403,-0.0172035778,0.0327762535,-0.0261724167,-0.0027843314,0.0285946515,-0.0041384700,-0.0038008990,0.0183864375,0.0017353090,-0.0128969893,-0.0159955371,0.0112136529,0.0110798772,0.0306184264,-0.0165218937,-0.0135757847,-0.0091769212,-0.0155022338,0.0041155868,-0.0184704048,-0.0099903965,-0.0040699962,0.0010573483,-0.0432259670,0.0177480251,-0.0160139838,0.0151903720,0.0035170865,0.0006303923,-0.0141049790,0.0064321598
417.0000000000,0.0011470977,0.0081269093,0.0176024343,-0.0269199760,0.0211475965,0.0051001238,0.0287608187,0.0287459032,0.0030885022,-0.0221744152,0.0333841865,0.0194176040,0.0088211189,0.0104534018,0.0015906740,0.0270133566,-0.0165232793,0.0129165090,-0.0203729553,0.0009864179,0.0185749967,0.0018223633,-0.0318928434,-0.0110844101,0.0183612666,-0.0018083274,0.0253972907,-0.0094239372,0.0296129178,0.0037777957,0.0113752583,0.0224905522,-0.0220737427,0.0329908803,0.0258715503,-0.0102070531,-0.0254102697,-0.0105572863,0.0014665259,0.0254573101,-0.0253548367,-0.0277473141,-0.0057723696,-0.0088174575,0.0291845000,0.0201511111,0.0049536243,-0.0041690627,-0.0272000289,-0.0096199332,-0.0102164007,0.0050665053,-0.0051075825,-0.0181679330,-0.0012661055,-0.0311010389,0.0142586532,-0.0094601428,0.0033790655,0.0146174015,-0.0168290657,-0.0024518047,0.0116428045
418.0000000000,0.0335434059,-0.0063483259,-0.0016296245,-0.0227398096,0.0183637997,-0.0102324486,0.0075881868,0.0236081397,-0.0299923476,-0.0195309414,0.0307336675,-0.0097354437,-0.0025858271,0.0266824332,0.0100157297,0.0165388174,0.0073141262,0.0034740683,-0.0388983648,-0.0047226158,0.0224962530,-0.0073741118,-0.0085751839,-0.0196229147,0.0173788631,-0.0117843605,0.0346673820,-0.0203872546,0.0100416952,-0.0218343398,0.0045422498,0.0094670793,-0.0118483978,0.0210853692,0.0230256548,-0.0278779052,-0.0019856354,-0.0049958685,-0.0134365783,0.0048191299,-0.0137095394,-0.0264632656,-0.0214282253,0.0059914269,0.0053221984,0.0262719790,0.0065802685,-0.0011441123,-0.0204343836,-0.0113105328,0.0050224195,0.0095919150,0.0041429887,0.0059978398,0.0073102989,-0.0073028042,0.0196234918,-0.0009397468,0.0155359978,0.0041108871,0.0063737497,0.0054623400,0.0012473590
419.0000000000,0.0104873365,0.0135111008,-0.0115146356,-0.0139756693,0.0042659948,0.0007611388,0.0001139461,-0.0119283002,-0.0117664475,-0.0407600110,0.0005924443,0.0239722863,0.0152018641,0.0195042591,-0.0204086942,0.0057405559,-0.0255415144,-0.0052422261,-0.0029585682,0.0087152242,0.0124567898,-0.0165628389,-0.0087536121,-0.0038640611,0.0060291867,-0.0001503922,0.0183445901,-0.0195576432,0.0098843619,-0.0089709792,0.0272835266,0.0163107637,-0.0198115998,0.0542102757,0.0111488017,-0.0306409117,0.0099252442,-0.0033114052,-0.0058119584,0.0158894913,-0.0161647398,-0.0270670807,-0.0178572240,-0.0132950053,0.0260872974,0.0365935421,0.0045167695,-0.0085725752,-0.0036736677,0.0115580862,-0.0007323820,-0.0133867288,0.0023138713,-0.0000022565,-0.0016004135,-0.0178013713,0.0162704722,0.0058715234,-0.0138789254,0.0160668474,-0.0007101401,0.0017648807,0.0182441814
420.0000000000,0.0217185253,0.0172470287,0.0198287928,-0.0257244410,0.0261415699,-0.0023889178,0.0041426275,0.0304633761,-0.0101356557,-0.0414843958,0.0067663308,0.0117781788,-0.0009262532,0.0031379533,0.0271341254,-0.0054340629,-0.0242313355,0.0048817568,-0.0105608086,-0.0089645642,-0.0024928205,-0.0019561152,0.0082213559,-0.0061848203,-0.0048181022,-0.0002577022,0.0094711041,0.0058854755,0.0039317923,-0.0059201325,0.0152816070,0.0130179145,-0.0033546133,0.0154817432,0.0130382304,-0.0321994241,-0.0115231891,0.0209062494,0.0130611398,-0.0006109212,-0.0138377757,-0.0255379857,-0.0087652081,0.0139248559,-0.0070472112,0.0326187958,0.0062049887,-0.0050631628,-0.0084749750,-0.0007093438,0.0016321784,0.0153649633,-0.0045188464,-0.0032379210,0.0161994477,-0.0359865467,0.0073963262,0.0129943131,-0.0102783122,0.0133266784,-0.0103443237,0.0207248854,-0.0041807517
421.0000000000,0.0173025263,0.0294869009,0.0077719603,-0.0204061093,0.0321479361,-0.0151961615,-0.0027765139,-0.0258455701,-0.0033918993,-0.0534449396,0.0216415363,0.0387673983,-0.0266010436,0.0010470451,-0.0013069617,0.0216605937,-0.0017144257,-0.0144867137,-0.0189882118,-0.0135308478,-0.0021662535,-0.0301404874,-0.0418593968,-0.0142633180,0.0057991038,-0.0138913688,0.0154489327,0.0003197206,-0.0015455192,-0.0250510307,0.0207449576,0.0299513892,0.0053447207,0.0380446023,0.0325293530,-0.0441188753,0.0015811416,0.0074896120,-0.0057756816,0.0184332566,-0.0263873244,-0.0011913112,-0.0351272618,-0.0088723850,0.0166612363,0.0365464465,-0.0150822059,-0.0098659787,-0.0375347504,-0.0082987415,-0.0008729030,0.0135266116,0.0098746794,0.0081607583,-0.0023915514,-0.0414363722,0.0150964407,-0.0125402969,0.0068534320,0.0018412209,0.0004936086,-0.0046675084,0.0248215387
422.0000000000,-0.0000725807,0.0104698667,0.0029223957,-0.0162238131,0.0092057042,-0.0135868458,0.0135402784,0.0183430473,-0.0176798309,-0.0204549513,-0.0010539571,0.0115937031,0.0118867092,0.0139364586,-0.0069108552,0.0324669526,-0.0215245063,-0.0033920100,-0.0126421889,-0.0119052789,0.0057243690,0.0116706873,-0.0066447690,-0.0371233859,-0.0169579474,-0.0209257981,0.0092434397,-0.0172533271,0.0064173519,0.0065510436,0.0008071450,0.0165252817,-0.0069830942,0.0232903903,-0.0006095949,-0.0337323891,0.0138162447,0.0013988814,-0.0010513215,0.0203039598,-0.0192076670,-0.0131601750,-0.0120001705,-0.0013514687,-0.0026609321,0.0248291136,0.0110942635,0.0106653386,-0.0054241748,-0.0030511858,0.0070446403,0.0005759626,-0.0205816881,0.0211974971,0.0157457631,-0.0151814382,0.0022232035,0.0099685874,-0.0042804643,0.0241864248,0.0035307190,0.0027976729,0.0134557139
423.0000000000,0.0062632604,0.0214241720,0.0288770377,-0.0187070487,0.0108510233,0.0060555077,-0.0132258186,0.0180740861,0.0239614787,-0.0220729557,0.0196201199,0.0295707056,-0.0042657150,0.0280407099,-0.0009362946,-0.0041099437,-0.0137042135,-0.0212991594,0.0057282608,0.0075759342,-0.0091579477,-0.0221433982,-0.0174111888,-0.0165277574,0.0123981192,0.0010065951,-0.0064730559,0.0127286058,-0.0044684546,-0.0018642521,0.0133489572,-0.0015811186,-0.0114539241,0.0064896338,0.0105715646,-0.0139318067,-0.0111569818,0.0081324675,-0.0050057795,0.0482973651,-0.0407161686,-0.0143360512,-0.0291490161,-0.0041079394,0.0159051435,0.0189837527,-0.0004450179,0.0015892767,-0.0027545606,0.0114757457,-0.0005751245,-0.0009335023,-0.0109674873,0.0012592608,0.0084752309,-0.0372625328,0.0197168185,0.0097524719,0.0158217074,0.0025926898,0.0007933347,0.0190122034,0.0104082576
424.0000000000,-0.0230893213,0.0024618537,0.0022537563,-0.0075955101,0.0091063993,0.0054444872,0.0140102891,0.0200839368,-0.0263538750,-0.0355301571,-0.0007632256,0.0184884034,0.0120697336,0.0095175815,-0.0066504549,-0.0204359142,-0.0060449918,-0.0105795933,-0.0255109936,-0.0178543231,0.0104442040,0.0049101184,-0.0097537156,-0.0136910633,0.0155392508,-0.0017102795,0.0067489820,0.0143193128,0.0210014822,-0.0199525121,0.0181338540,0.0223074589,-0.0046333261,0.0165660500,0.0295607540,-0.0024865420,-0.0068349565,-0.0202000494,-0.0174461007,0.0055992641,-0.0091481602,-0.0115130341,-0.0085994474,0.0131803892,0.0199881607,0.0273497957,-0.0146691941,-0.0063556537,-0.0093179072,0.0006849154,-0.0014646748,0.0185980634,-0.0126097957,-0.0118197765,-0.0085503952,-0.0117376079,0.0172751516,-0.0078691979,0.0167370625,-0.0100616680,-0.0125799710,0.0085109441,0.0032377993
425.0000000000,0.0233314122,0.0034660087,0.0305809995,-0.0368845089,0.0367812195,0.0077877126,0.0161295147,0.0234303189,-0.0117217528,-0.0098705141,0.0187169130,0.0019725125,-0.0020820761,-0.0008534298,-0.0261616346,0.0218210558,-0.0213287274,-0.0205024351,0.0000293756,0.0204931849,0.0065762422,-0.0084155925,-0.0157031222,-0.0142599148,-0.0106029428,-0.0120911036,0.0191532521,0.0039842492,0.0157977668,0.0036943921,0.0100432641,0.0384713250,-0.0179779408,0.0079471498,0.0273071186,-0.0308848081,0.0105069430,0.0098993177,-0.0165372171,0.0057821665,-0.0364164900,-0.0021211761,-0.0245541905,-0.0137678271,0.0140681428,0.0178797936,-0.0229055204,-0.0033611508,-0.0118919608,-0.0105598101,-0.0106990808,-0.0199581472,-0.0149182842,-0.0001930311,-0.0093468061,-0.0258100891,0.0259373990,-0.0129352306,-0.0155612417,0.0009830021,0.0005887820,0.0231824492,-0.0070984124
426.0000000000,0.0153516089,-0.0124397556,0.0194463660,0.0051525919,0.0090561967,-0.0094190374,0.0031635498,-0.0048482578,-0.0217336681,-0.0208035246,-0.0117358144,-0.0254166129,0.0321604405,-0.0015229017,-0.0076077002,-0.0081967048,-0.0145632083,-0.0084048406,0.0006175135,0.0065998394,-0.0105906021,0.0194233822,-0.0093031189,-0.0215435197,0.0098981617,0.0023013727,0.0066019711,-0.0164119678,0.0045866807,0.0093961332,0.0291659427,0.0175155152,-0.0105701494,0.0191949172,0.0190537537,-0.0182069790,0.0150759014,0.0159271310,0.0123417831,0.0059594643,-0.0091575112,0.0197900024,0.0016286055,-0.0043783603,0.0144404175,-0.0044216425,0.0116424778,0.0012640221,0.0095506572,-0.0015352949,-0.0066560838,-0.0038081820,0.0010441525,-0.0098940103,-0.0078716338,-0.0353851798,-0.0065638508,-0.0013536346,0.0025803570,0.0045926595,-0.0005450034,0.0049432628,0.0050650040
427.0000000000,0.0161205511,0.0036193571,-0.0105907674,-0.0114895163,0.0073737090,0.0090757785,0.0087946639,-0.0138114509,0.0040181059,-0.0180726482,0.0104865557,0.0236970985,0.0244247129,0.0114357062,0.0006368908,0.0135739803,-0.0176825134,0.0049898560,-0.0052232993,0.0160039055,0.0237691267,-0.0077965677,-0.0290905136,-0.0045534764,0.0176925021,0.0094698847,-0.0011748272,-0.0086889104,-0.0003157157,-0.0068527504,0.0202212110,0.0156322785,-0.0130813056,0.0110118960,0.0164799392,-0.0083873458,0.0079659154,0.0080763756,0.0034773224,0.0252897483,-0.0430543569,-0.0307288793,-0.0257721573,-0.0060780330,0.0052062681,0.0230569173,0.0084036617,0.0018552169,-0.0165197024,-0.0016023704,0.0202672031,-0.0125819801,0.0094718526,-0.0264837439,0.0008194357,-0.0226814737,0.0126320257,-0.0063903829,0.0207143563,0.0192725095,-0.0030710956,-0.0067884770,0.0046170525
428.0000000000,0.0078646679,0.0017564401,0.0040680529,-0.0045971191,0.0309259001,0.0189915571,-0.0003645678,0.0080805244,-0.0106710022,-0.0265803662,-0.0001006772,0.0104190061,0.0074693288,0.0213060538,-0.0186946065,-0.0102515785,0.0011022381,0.0008624947,-0.0117486985,0.0073778583,0.0183239570,-0.0316702837,0.0169234110,-0.0256283299,0.0114092487,0.0088430796,0.0044896688,-0.0340707193,0.0082233295,-0.0103385204,0.0070471095,0.0135646216,0.0152857138,0.0017417043,0.0424342190,-0.0295317367,0.0084523922,-0.0153965312,-0.0061270322,-0.0103570135,-0.0567478740,-0.0055923941,-0.0180890793,-0.0229076972,0.0154630415,0.0136546328,-0.0161103012,0.0073952031,-0.0347600559,0.0040190988,-0.0024131098,0.0128199138,-0.0223714318,0.0049987045,0.0043442510,-0.0125833466,0.0160559996,-0.0009382035,0.0145365767,0.0098494460,-0.0275918409,-0.0036906549,0.0092257418
429.0000000000,0.0319248225,0.0308709367,0.0072654809,-0.0183487346,0.0219640702,0.0112506216,0.0098942447,0.0119193091,-0.0193042637,-0.0211851880,0.0343367776,0.0243123684,0.0234141683,0.0207825870,-0.0039067470,0.0265617724,-0.0051950955,0.0017070021,-0.0624949854,-0.0146332596,0.0312956827,-0.0275206118,-0.0133722219,-0.0189498881,-0.0004275854,-0.0256521961,0.0155727713,-0.0032391142,-0.0032902716,0.0058427491,0.0012547808,0.0310079182,0.0047700778,0.0173812151,0.0089440831,-0.0382140426,0.0148403385,-0.0079013042,0.0000852791,0.0141619892,-0.0426410242,-0.0058699304,-0.0200836001,-0.0208888783,0.0275213229,0.0330418104,-0.0029914730,0.0081232958,-0.0340567113,-0.0096548413,-0.0110233950,-0.0034720634,-0.0253976685,0.0178956617,-0.0160668683,-0.0300857268,0.0194571864,-0.0027347738,0.0087977987,0.0084056006,-0.0311075192,-0.0033597125,-0.0119594919
430.0000000000,0.0007766204,-0.0031723000,0.0163535286,-0.0060674738,0.0153556746,0.0021366457,-0.0015483858,0.0051272135,0.0032881155,-0.0198689171,0.0104868665,0.0141786391,0.0137121162,0.0147811801,0.0135839657,0.0319511899,-0.0199468056,-0.0045173092,-0.0158485346,-0.0020684222,0.0306651207,-0.0000746220,-0.0113688716,-0.0093409705,0.0073057806,-0.0028004075,0.0043777906,0.0001515555,0.0028345634,-0.0022015258,0.0283779262,0.0021577416,-0.0193933440,0.0051260765,0.0007347939,-0.0089137281,0.0101612317,0.0125848273,-0.0077646640,0.0027932422,-0.0354067883,0.0001996098,-0.0417743201,-0.0248450768,0.0122402908,0.0298625812,-0.0111924607,0.0026754104,-0.0351178249,-0.0093896060,-0.0049456882,0.0028274484,-0.0110543418,0.0289134755,0.0144728205,-0.0350628133,0.0083237652,0.0004991274,0.0075988581,0.0239420034,-0.0034476595,-0.0101558706,0.0150985462
431.0000000000,0.0128516799,0.0057905814,0.0108043148,-0.0004904127,0.0145571678,-0.0189742698,-0.0064547905,0.0008471242,-0.0095660459,-0.0349005344,0.0037982065,0.0069275524,-0.0169313609,0.0126053874,0.0105400270,0.0065915759,0.0128323405,0.0044199550,-0.0114547142,0.0006255612,0.0202060637,-0.0266373696,-0.0040432521,-0.0201721226,-0.0045373664,-0.0024098443,0.0298866453,0.0102159769,0.0152762881,0.0094875757,0.0161131717,0.0080376827,0.0060133305,0.0172768807,0.0128992014,-0.0173992874,0.0113198843,0.0118992070,-0.0171300715,0.0106229977,-0.0289333696,-0.0140048582,-0.0224336847,0.0278287906,0.0348767975,0.0155655680,-0.0141342888,-0.0037876992,-0.0115547014,-0.0043647219,-0.0345574792,0.0109773831,0.0106695395,-0.0042471038,-0.0140995049,-0.0221440775,0.0127946522,0.0028122808,-0.0053463524,0.0089550661,0.0050511296,0.0243949650,-0.0035415349
432.0000000000,0.0217560218,0.0031586160,0.0304194671,-0.0165232263,0.0107225329,0.0035281332,0.0069964131,-0.0046231171,0.0014276136,-0.0615380539,0.0200977632,0.0183672016,-0.0079730694,0.0183758672,-0.0079642659,0.0207713788,-0.0245413426,0.0131327025,-0.0297916933,-0.0086382387,0.0173768941,0.0191837592,0.0047804219,-0.0122709001,-0.0127775335,-0.0134159293,0.0200720179,0.0042678688,0.0044176576,-0.0132830208,0.0122616410,0.0170209479,-0.0274195150,0.0268860822,0.0302670498,-0.0255704249,-0.0202320502,-0.0151074658,-0.0178109957,0.0086122028,-0.0351056694,-0.0183802797,-0.0496584688,0.0151285055,0.0258846603,0.0608406748,-0.0128044400,-0.0232641938,-0.0293431509,-0.0050303922,-0.0001167426,0.0195522880,-0.0154010591,-0.0037923998,0.0085322439,-0.0495776216,0.0154228244,-0.0005962301,0.0125651929,0.0195040371,-0.0339508498,0.0036912459,0.0032565815
433.0000000000,0.0098739736,0.0093583642,-0.0165805604,-0.0011435693,0.0205511573,0.0056455409,-0.0055786186,-0.0097860965,0.0006096652,-0.0189676369,0.0091395921,0.0006681761,0.0147783246,-0.0022149451,0.0136302809,0.0077850011,-0.0240974861,-0.0030415497,0.0014752021,0.0270757211,0.0301368568,-0.0023579446,-0.0052739440,0.0046316058,0.0097769848,-0.0082367522,0.0004751838,0.0151456028,-0.0084542131,-0.0373512525,-0.0039956973,0.0217983006,-0.0020394113,0.0132195887,0.0074305454,-0.0000973266,-0.0092070296,-0.0084811594,0.0225436669,0.0231502523,-0.0268653670,-0.0127277215,-0.0188639460,0.0009636216,-0.0152265512,0.0116258052,-0.0131602855,-0.0168255092,-0.0068908483,-0.0092106000,-0.0191138866,0.0191328121,-0.0107304989,-0.0078202094,-0.0005957010,0.0036884573,0.0187182037,0.0022145585,0.0059046334,-0.0065332268,-0.0004020091,-0.0119441491,-0.0006668636
434.0000000000,-0.0126283518,-0.0250258122,-0.0124253544,-0.0174110353,0.0085845081,0.0078126470,-0.0145921337,0.0156752023,-0.0091690533,-0.0293065082,0.0104152684,0.0066787010,-0.0106869171,0.0021646466,0.0103846183,-0.0002138279,-0.0126162553,0.0007511935,-0.0039581628,0.0203159118,-0.0140351766,0.0287372294,0.0133507524,-0.0110490226,0.0052851008,-0.0245909158,0.0212327065,0.0047370318,0.0059034201,0.0158671039,-0.0015609863,0.0132323294,0.0100828447,-0.0230545691,0.0040090150,0.0131108203,0.0155245093,0.0015273086,-0.0001205157,-0.0046030112,0.0071543522,0.0095422607,-0.0084815623,-0.0180467784,0.0095973339,0.0252500514,-0.0210489277,0.0192295441,0.0304982992,-0.0126389526,-0.0068023148,0.0019052464,0.0021071870,-0.0088191530,-0.0265354061,-0.0008232496,0.0041875753,-0.0066244382,-0.0153237606,0.0018279420,0.0000927919,-0.0057079757,-0.0116040615
435.0000000000,0.0138061402,-0.0108981199,0.0073613900,-0.0138039748,0.0106338218,0.0063297290,0.0111601649,0.0159846685,-0.0227480099,-0.0182701543,0.0130503551,0.0266005589,0.0063091544,0.0082424245,0.0167101068,-0.0008333121,-0.0271221346,-0.0122071196,-0.0304791991,0.0107889139,0.0093289073,-0.0229370713,0.0047412167,-0.0065121881,-0.0008314873,0.0193878641,0.0228528705,0.0144345236,-0.0190455216,-0.0060658044,0.0215041700,0.0089646635,-0.0150743397,0.0131076141,0.0241457119,-0.0385994611,0.0091868489,-0.0046966475,0.0043227241,0.0179938029,-0.0412264505,-0.0256881505,-0.0354850907,0.0106874402,0.0136148842,0.0310083588,-0.0069731161,0.0006717366,-0.0356756751,-0.0068045291,-0.0115313904,-0.0094735617,-0.0126892336,-0.0181204745,0.0046143982,-0.0255674757,0.0101591701,0.0075625185,0.0096822393,0.0191616139,-0.0040358401,0.0003092831,0.0062937371
436.0000000000,0.0090325179,0.0029172797,0.0143916074,-0.0112982449,-0.0042441929,-0.0227823447,0.0030450449,0.0010329092,-0.0016483641,-0.0019930307,0.0111164555,0.0406320142,0.0004817961,0.0131051435,0.0147227710,-0.0026952186,-0.0216735623,0.0045121484,-0.0129092547,0.0037602244,0.0154375648,0.0107525811,-0.0043143094,0.0143173471,-0.0030305979,-0.0378748032,0.0100969217,-0.0071925503,0.0235162267,-0.0094535637,0.0010369950,0.0184997442,-0.0114191733,0.0177797508,0.0154536165,-0.0104827007,0.0161243058,0.0064614260,-0.0065068619,0.0243607100,-0.0177240585,-0.0153029290,-0.0046342569,-0.0115904228,0.0004003470,0.0113109731,-0.0216538000,0.0224458187,-0.0195246384,-0.0111530014,0.0081904335,0.0053167177,0.0034531093,0.0106163990,-0.0186012948,-0.0245061587,-0.0012109832,-0.0159218614,-0.0100736970,0.0268045765,0.0171358498,0.0120562860,0.0279313641
437.0000000000,0.0143927129,0.0124079205,0.0169095938,-0.0171110821,-0.0020268132,0.0095172060,0.0040054614,0.0190485142,-0.0260089551,-0.0339414888,-0.0041474462,0.0018775650,-0.0121135106,0.0242733220,-0.0155921910,-0.0020887983,-0.0250607436,-0.0180307449,-0.0086313438,0.0308148713,-0.0064157269,-0.0347352032,0.0233636880,-0.0127836444,0.0123693465,-0.0125000018,0.0097892921,-0.0025637471,0.0146641888,-0.0020288001,0.0032118611,0.0166532535,0.0000669783,0.0071139596,0.0042006360,-0.0221316311,0.0057844560,0.0040162828,-0.0116603031,0.0017223787,-0.0312564820,-0.0179254791,-0.0218327064,-0.0011890684,0.0092091480,0.0145175138,-0.0126037927,-0.0263745835,-0.0065960542,-0.0361679026,-0.0043155515,-0.0139357357,0.0167198485,-0.0115249795,0.0015161910,-0.0215536224,0.0070794302,0.0094831763,0.0405113647,0.0062692246,-0.0045685327,0.0127949008,0.0075372990
438.0000000000,-0.0023917605,0.0226885531,0.0052807179,-0.0171585700,0.0242248217,-0.0322485149,0.0019153561,0.0185504902,0.0017221116,-0.0034336555,0.0070324172,0.0283699736,0.0059226669,0.0115889221,-0.0008878940,0.0266046120,-0.0092607003,-0.0055447709,-0.0057723067,0.0029358173,0.0055213705,0.0228221783,-0.0079271515,-0.0060177478,-0.0122390008,-0.0256298596,0.0292558647,-0.0181274589,-0.0038615817,-0.0009113480,0.0077902153,0.0125855959,-0.0019068818,0.0103214843,0.0105524316,-0.0261833479,0.0130721103,-0.0102024859,-0.0022477118,0.0192052172,-0.0192717101,-0.0148236401,-0.0193231052,0.0052766072,0.0158451742,0.0308224695,0.0097273903,0.0083228411,-0.0303464673,-0.0110702247,-0.0319287331,-0.0008734795,-0.0189238724,0.0235668452,-0.0057886677,-0.0317537424,0.0128734053,-0.0074604813,0.0176902679,0.0142848305,-0.0117566680,0.0129456421,0.0138737270
439.0000000000,0.0236400229,0.0019370770,-0.0066964234,-0.0106614522,0.0220435625,-0.0015873333,0.0101462017,-0.0001826363,-0.0089722639,-0.0192587932,-0.0217484842,0.0073333787,-0.0212029708,0.0033961505,-0.0193939223,0.0206206947,-0.0248347579,-0.0369793610,-0.0127925632,0.0075919907,-0.0036312916,-0.0026177451,-0.0049788825,-0.0024524771,-0.0011614981,-0.0180072366,0.0203222387,-0.0246826825,-0.0184420998,0.0084969122,0.0023633025,0.0119976300,-0.0352810395,0.0433023425,0.0228054346,-0.0253397129,-0.0049577465,0.0052781353,-0.0078374290,-0.0150466637,-0.0081607349,-0.0263704182,-0.0037726611,-0.0031780950,0.0063065273,0.0156306980,0.0001354716,0.0061693962,-0.0093319290,-0.0186992460,0.0225341509,0.0310800742,-0.0092086902,-0.0021481683,-0.0257818281,-0.0343190411,0.0226170817,0.0066610165,0.0222524567,0.0224674290,-0.0421135231,-0.0220984771,0.0060955105
440.0000000000,0.0166140879,0.0010103374,0.0070552377,-0.0164191658,-0.0090802722,-0.0075695417,0.0151722621,0.0137216812,-0.0121847744,-0.0193985675,0.0149696631,0.0071380595,-0.0062535442,0.0102630513,0.0037401381,-0.0041394485,0.0129939079,-0.0101750229,-0.0102478144,0.0051661091,0.0028907646,-0.0052526821,-0.0098160225,-0.0083756386,-0.0211995631,0.0023331314,0.0314664654,-0.0129385520,0.0034510377,-0.0111235103,0.0329494961,0.0222131456,-0.0224376589,-0.0186732858,0.0054614408,-0.0254704585,-0.0077447707,-0.0197170069,0.0025191874,0.0175761941,-0.0025157900,-0.0224425667,-0.0027762036,0.0013268047,0.0105417800,0.0093071902,-0.0253872711,-0.0178637394,-0.0070080292,-0.0192920805,-0.0038530636,-0.0136064430,-0.0058236520,0.0098829682,-0.0111028555,-0.0264368918,-0.0039972606,0.0112660650,-0.0020012051,0.0112041069,-0.0004964061,0.0142572231,0.0087412847
441.0000000000,-0.0025090947,-0.0015851381,0.0178804434,-0.0140478754,0.0232284240,-0.0104578533,0.0155626499,0.0112862256,0.0047016448,-0.0073931686,-0.0014886145,0.0182328610,0.0093141881,0.0003885657,0.0003163254,0.0043162062,0.0139384495,-0.0332046023,-0.0059858937,-0.0097193265,0.0201554918,0.0170979620,-0.0076008148,0.0088854977,-0.0091426637,0.0285076650,0.0062558039,0.0032752295,-0.0128965885,-0.0207713207,0.0130950190,0.0076485276,-0.0053663602,0.0151849421,0.0118969542,-0.0070530242,-0.0168510288,0.0100167774,-0.0219761403,0.0174148283,-0.0199693992,-0.0134157060,-0.0228270265,0.0107324368,0.0104871117,0.0163764487,0.0077967753,0.0047221064,-0.0114245713,-0.0024150211,0.0139575186,-0.0006349622,-0.0061136789,0.0002224927,-0.0111211695,-0.0095064008,-0.0088781796,-0.0018998839,0.0044404644,-0.0017177149,0.0044420752,0.0105297064,0.0105165539
442.0000000000,0.0383412611,0.0246596240,0.0140911507,-0.0040809353,0.0484080230,-0.0128723203,-0.0111321550,0.0113564620,-0.0184812105,-0.0257293511,0.0083465769,0.0061694011,-0.0069269578,0.0144115157,0.0197304092,-0.0171882189,0.0106639441,-0.0156230497,0.0047031191,0.0043902320,0.0060671217,-0.0009109684,-0.0257844425,-0.0230548165,-0.0026122723,-0.0167737255,0.0274814728,0.0059285514,0.0177812485,-0.0225990375,0.0217918282,-0.0017518701,0.0008263934,0.0056768464,0.0093400416,-0.0337030755,0.0012430860,-0.0130985414,0.0146288902,0.0006900292,-0.0308824872,-0.0180883002,-0.0225236404,0.0076713432,0.0230984382,0.0218079922,0.0107976447,-0.0010811030,-0.0267799598,-0.0151708823,-0.0010514896,0.0154226452,0.0112399213,0.0060033941,0.0004516277,-0.0156875131,-0.0079662707,-0.0006312206,0.0269307833,0.0061829287,-0.0161377388,0.0128545139,0.0148160522
443.0000000000,0.0121901093,0.0265077710,0.0160670025,-0.0189719083,0.0208044443,0.0099555402,0.0244325173,0.0162784478,-0.0128179710,-0.0249111573,0.0078293271,0.0051029791,0.0039050486,0.0059473274,-0.0096231668,0.0075404876,-0.0116075588,0.0055957748,-0.0095249235,-0.0011628485,0.0286873510,-0.0056677077,-0.0359729128,-0.0156628639,0.0082332629,0.0080622197,0.0062751835,-0.0078415789,0.0003177571,0.0025187579,-0.0077170442,-0.0035631161,-0.0083930909,0.0339078963,0.0227213772,-0.0257566983,-0.0026746323,0.0025469152,-0.0065244573,0.0184978430,-0.0362609475,-0.0145800751,-0.0194525386,-0.0112387651,0.0159614623,0.0176767267,-0.0025558651,-0.0007027977,-0.0090062788,-0.0205412195,-0.0015346518,-0.0074698778,0.0013898083,0.0088879645,-0.0268062760,-0.0178065666,0.0006181975,0.0169205972,-0.0004672246,0.0004932157,-0.0152306454,-0.0183135627,0.0100053931
444.0000000000,0.0183231919,0.0172239840,0.0427275339,-0.0216519919,0.0234863369,-0.0055145579,-0.0069206770,0.0182254915,0.0061506233,-0.0103501657,-0.0012863214,0.0301789232,0.0084707454,0.0191730156,0.0079835694,-0.0016185092,-0.0121954779,-0.0337802645,-0.0160317335,-0.0209034465,-0.0076856002,-0.0057242932,-0.0006499998,-0.0206800242,-0.0056543137,-0.0004604978,0.0031893671,0.0250846998,-0.0021803266,-0.0053325266,0.0192965387,0.0194606956,-0.0251749703,0.0254080091,0.0142292956,-0.0193675782,-0.0078588586,0.0008009661,-0.0118190009,0.0125494616,-0.0115920595,-0.0025467605,-0.0182953236,0.0046457108,0.0157358008,0.0346462026,0.0095726319,0.0010192385,-0.0206305240,-0.0077879090,0.0127217720,-0.0024509298,-0.0367308553,-0.0059970155,-0.0023112468,-0.0114128026,0.0042420041,-0.0188848474,0.0121019823,-0.0217628415,-0.0142235544,0.0064921654,0.0157572295
445.0000000000,0.0087212977,0.0117383954,0.0025160594,-0.0179226642,0.0404424676,-0.0144507920,0.0135202242,0.0116345350,-0.0055526741,-0.0458142663,-0.0020540452,0.0192567097,-0.0118037282,-0.0132595692,0.0071707272,0.0109709788,0.0043691040,-0.0011222387,-0.0204132769,0.0292302515,0.0129798171,-0.0228163723,-0.0051961136,-0.0387862302,-0.0005246245,-0.0117739873,0.0122396186,0.0041049218,-0.0018333340,-0.0103241677,0.0285103508,0.0296385477,-0.0307212948,0.0215853880,0.0333046953,-0.0545653600,-0.0048219609,0.0088624424,0.0254295267,0.0130730304,-0.0438515479,-0.0165832979,-0.0403951855,0.0051991700,0.0165091591,0.0503620417,0.0019980955,-0.0349859618,-0.0442197250,-0.0117979172,-0.0154637828,0.0072045432,-0.0101419896,-0.0046372297,-0.0111984261,-0.0298255369,0.0127275214,-0.0129587986,-0.0032135162,-0.0093770019,-0.0166678273,0.0183014299,0.0112073193
446.0000000000,0.0112126297,0.0151546881,-0.0003768262,-0.0020317491,0.0329984333,0.0047251876,0.0038339769,0.0170454252,-0.0197789162,-0.0362941650,-0.0052837804,0.0294420220,0.0015093527,0.0149940862,-0.0028520105,-0.0103366853,0.0014714589,0.0022246710,-0.0202302006,0.0091893453,0.0088853669,-0.0093704347,-0.0040930027,0.0191831969,0.0077313166,0.0045597604,0.0306492873,0.0109656285,0.0118957708,0.0003942850,0.0390954199,0.0199684167,-0.0262172558,0.0096393788,0.0070491908,-0.0304053353,0.0127046560,-0.0068908823,0.0134258997,0.0136552737,-0.0092377403,0.0061877146,-0.0164020236,-0.0010086985,0.0306930855,0.0224699014,0.0044891858,-0.0012758671,-0.0108602360,-0.0084319982,0.0043963109,0.0009175201,0.0024752954,-0.0142260428,0.0145192011,-0.0032758091,0.0281655765,0.0153350892,0.0032675063,-0.0103379976,-0.0004759808,0.0064374798,0.0312824347
447.0000000000,0.0011951032,0.0105607818,0.0064991430,-0.0005690937,-0.0094501551,-0.0048822612,-0.0021238530,0.0060444113,0.0049318866,-0.0267939494,-0.0036201489,0.0065214305,0.0066373707,0.0000521719,-0.0161756817,0.0192596401,0.0059535254,-0.0194849766,-0.0098743405,-0.0032157813,0.0163046680,-0.0084108132,0.0130323881,-0.0186558512,-0.0040814491,-0.0071317572,-0.0012232789,0.0111951243,-0.0096161211,0.0195063410,0.0122156430,0.0006500270,0.0165467733,0.0268870092,-0.0066600739,-0.0308639273,0.0019885745,0.0105705246,-0.0021179417,-0.0062803461,-0.0142150447,-0.0133106751,-0.0045582925,0.0199129173,-0.0115682834,0.0229988672,-0.0034379780,-0.0123177356,-0.0042900829,-0.0031417708,-0.0042827021,-0.0056149814,0.0070056205,-0.0209895320,0.0026645382,0.0016235529,0.0193535235,0.0004042984,0.0099133755,-0.0033544541,-0.0230271134,0.0259774329,-0.0048695680
448.0000000000,0.0310519161,-0.0074188280,0.0087471088,-0.0078809071,0.0258094558,-0.0022377773,-0.0162200362,0.0040128744,-0.0060413160,-0.0286417663,0.0297945433,-0.0100194729,0.0019187740,-0.0049002349,0.0009632959,0.0074692796,-0.0112304888,0.0168903136,-0.0044157988,-0.0002619912,-0.0204218637,0.0121327187,0.0066567006,-0.0150575366,0.0100701177,0.0131759740,0.0033432771,0.0015693730,0.0038740388,-0.0207963478,0.0122471659,0.0110069073,-0.0032785197,0.0168161126,0.0218900467,0.0119416035,0.0023416902,-0.0216281808,0.0342348756,0.0029227717,-0.0298198705,0.0101681275,-0.0065060032,0.0160204928,0.0095266922,-0.0002893268,-0.0017892434,-0.0051783912,-0.0095923551,-0.0012301233,-0.0292309079,0.0227095887,0.0023851661,0.0089745697,-0.0065290204,-0.0160321621,0.0019947425,-0.0098951487,0.0213191865,0.0036753330,-0.0007816136,-0.0300425317,0.0200530668
449.0000000000,0.0124572350,0.0148759291,0.0030309711,-0.0186007389,0.0277624546,-0.0132411203,-0.0294851508,0.0043436512,-0.0007114114,-0.0141128024,0.0216662299,0.0050210500,0.0117950597,0.0262376593,0.0131602083,0.0322838789,-0.0188886719,-0.0096920868,-0.0051286489,-0.0233129327,-0.0063687206,0.0262609140,-0.0146973456,0.0030050115,-0.0012879199,0.0143737718,0.0062457458,-0.0193928928,0.0203570184,0.0117187455,0.0110238432,-0.0055710306,-0.0168216914,0.0354588077,0.0171869215,-0.0165720142,-0.0016518135,0.0014420834,-0.0096595670,0.0107617699,-0.0199065050,0.0016615140,-0.0080539959,-0.0046819655,0.0309682199,-0.0129908453,-0.0127585090,0.0060094992,-0.0271540016,-0.0147227217,0.0161268485,0.0161138275,-0.0078056629,-0.0049107689,-0.0000748201,0.0052475410,0.0132935284,-0.0033830407,0.0166846052,-0.0170647978,0.0095920437,0.0005326146,0.0059563074
450.0000000000,0.0129171565,-0.0186895564,0.0009623703,-0.0069105450,0.0034579571,0.0053387510,-0.0062788436,0.0143054610,-0.0058007661,-0.0274723669,0.0225052121,0.0061437576,-0.0197994227,0.0193204658,-0.0076395534,0.0001893792,-0.0062878591,-0.0112718998,0.0017457789,-0.0083903624,0.0335474441,-0.0191198927,0.0024263930,-0.0297264299,-0.0162000975,-0.0196243804,0.0093184053,-0.0071020471,0.0076542362,0.0063767826,0.0110970618,0.0122231318,-0.0134111048,0.0038265886,0.0095824431,-0.0257636683,-0.0110244942,0.0047073780,-0.0088623595,0.0343589406,-0.0042995980,-0.0363902075,-0.0330818120,-0.0070585339,0.0280836220,0.0208233457,-0.0137526359,0.0091711932,-0.0217722563,-0.0176351718,0.0000334971,0.0151041935,-0.0074692057,0.0160813990,-0.0152985279,-0.0358899087,-0.0137504181,-0.0097699844,-0.0008858461,0.0322107031,0.0154492417,-0.0065340538,0.0193675783
451.0000000000,0.0260359668,-0.0028539161,0.0159774713,-0.0201319257,0.0391330542,0.0032652895,-0.0084642983,0.0175194369,-0.0216374711,-0.0478648733,0.0309682452,0.0383071116,-0.0075352761,0.0258771293,-0.0109352502,0.0011822404,-0.0239214243,-0.0221598616,-0.0090481415,0.0048930905,0.0150604996,-0.0243782554,-0.0101179162,-0.0109687668,-0.0148246789,0.0257333410,0.0065263428,-0.0087895196,0.0458386037,-0.0018958603,0.0098007607,0.0079815780,-0.0155280230,0.0337522316,0.0028830333,-0.0196544422,-0.0159392753,0.0103654459,0.0147034527,0.0190873193,-0.0354230141,-0.0062736138,-0.0112861481,0.0004171341,0.0182701670,0.0010720217,-0.0174753906,-0.0167204626,-0.0008201624,-0.0150875206,0.0005097467,-0.0014091096,0.0177227735,-0.0133797113,-0.0014438022,-0.0203167055,0.0250600285,0.0165967875,0.0080915132,0.0147049692,0.0016303896,0.0119355290,0.0105023032
452.0000000000,-0.0060468042,0.0112667945,-0.0010794945,-0.0296065380,0.0288586510,0.0035763148,0.0018425655,0.0164568660,0.0038905079,0.0071697379,-0.0027342955,0.0140491361,0.0171717629,-0.0116020418,0.0203581426,0.0035018642,-0.0081175601,-0.0166367326,-0.0148304562,0.0142605411,0.0000958942,0.0056962337,-0.0050754855,-0.0407720194,0.0052686431,0.0029778687,0.0144337099,-0.0014227234,-0.0043727795,-0.0086901450,0.0259202540,0.0285718228,-0.0068242907,0.0231781517,0.0129475426,-0.0018858218,0.0097300170,-0.0039770796,-0.0069463216,0.0213591584,-0.0249854431,-0.0067624267,-0.0058469360,0.0038724949,0.0098248061,0.0240074778,0.0101209895,-0.0021055215,-0.0129855429,-0.0085403775,-0.0062159170,0.0208564057,0.0020002453,0.0062772969,0.0070886801,-0.0128524845,0.0215432752,-0.0142447399,0.0025264641,-0.0124538058,-0.0261226376,0.0028672951,0.0082384832
453.0000000000,0.0016969776,-0.0158667622,-0.0088279470,-0.0163105586,0.0233076843,-0.0128845830,0.0092364826,0.0238297995,0.0082532552,-0.0090066830,0.0087403818,-0.0170622238,0.0067323241,-0.0097857302,0.0165168631,0.0224691031,-0.0218943590,0.0219399710,-0.0233916889,0.0128144658,0.0282662201,-0.0097662023,0.0107587228,-0.0240407986,-0.0147779717,-0.0019611840,-0.0009836336,-0.0070944782,0.0007810375,0.0102299809,0.0241326269,0.0108050306,0.0102913433,0.0059241440,0.0156625411,-0.0160390561,0.0191160142,-0.0012941706,-0.0153002999,-0.0008751169,-0.0331821990,-0.0046187798,-0.0117300757,-0.0063329646,0.0090959533,0.0239228823,-0.0188739145,0.0198588307,-0.0245316405,0.0020025171,0.0065395282,0.0010489897,-0.0090738728,-0.0007222106,-0.0208259130,-0.0415918846,0.0143313094,0.0082274527,0.0204136712,-0.0185014922,-0.0080305090,0.0071518036,0.0097034737
454.0000000000,0.0304877226,0.0165496692,0.0108359796,-0.0289974543,0.0225094855,0.0158767141,0.0148673602,-0.0025880220,-0.0288268504,-0.0409341628,0.0145911060,0.0241344080,-0.0101049279,-0.0078573400,-0.0225593550,0.0066355668,0.0049135383,-0.0103951245,-0.0066226336,-0.0020100676,-0.0053680467,0.0328036899,-0.0119516152,-0.0397009118,-0.0011242851,0.0013945826,0.0439543264,-0.0047580061,-0.0184600005,-0.0101352930,0.0158120075,0.0298457009,-0.0083524386,0.0090376786,0.0258908395,-0.0375849752,0.0047845478,0.0067686417,-0.0189167698,0.0314973909,-0.0311134124,-0.0207285374,-0.0264814272,-0.0327395156,0.0330705950,0.0405428907,-0.0245733730,0.0011248723,-0.0321626176,-0.0124026261,0.0097409563,-0.0128222331,0.0055121549,-0.0003783707,0.0061236235,-0.0207286653,0.0037432271,-0.0056416112,-0.0001218474,-0.0005016175,-0.0172176436,-0.0121337492,0.0027087995
455.0000000000,0.0222594690,0.0118427073,0.0164050783,-0.0209271277,0.0009281285,0.0104732839,0.0058691708,0.0111328207,0.0091001988,-0.0451006739,0.0136793131,0.0100148902,-0.0062205109,0.0154053371,-0.0058160849,0.0099436061,-0.0193490073,-0.0090803003,-0.0136712017,0.0007063630,0.0035817259,-0.0116064371,-0.0167968409,-0.0061428221,0.0137581382,0.0029218748,0.0155143467,-0.0014438489,0.0036724244,-0.0221207227,0.0023153388,0.0031991461,0.0000206267,0.0338495476,0.0112235268,-0.0427509335,0.0147704949,-0.0107965271,0.0095230106,0.0294902338,-0.0237425815,-0.0009231475,-0.0404560025,-0.0137577970,0.0258035075,0.0306346563,-0.0078394918,-0.0025334027,-0.0119992563,0.0037252664,-0.0071418573,0.0152150570,-0.0093898098,-0.0004649515,0.0049437691,-0.0245966798,0.0083238164,-0.0069265247,0.0128830273,0.0047244554,-0.0191384894,-0.0117658548,-0.0120061106
456.0000000000,0.0450559813,0.0102051796,0.0022846758,-0.0359922667,0.0361280401,-0.0163116301,-0.0192357102,0.0048052800,-0.0032534194,-0.0419908207,0.0217713549,0.0166125588,-0.0181593289,0.0089631682,-0.0097649088,-0.0212866738,-0.0051747706,0.0169503796,-0.0174654408,0.0117836833,0.0216838930,-0.0186771997,-0.0056071196,-0.0137714556,-0.0148571875,-0.0084518226,0.0343670576,-0.0106677696,0.0145421278,-0.0047421184,0.0057470853,0.0330872341,-0.0082718365,0.0230182410,0.0152778887,-0.0283629988,0.0027256745,-0.0064906646,-0.0035380099,0.0239243469,-0.0272095781,0.0008473455,-0.0188439206,-0.0055742012,0.0222286113,0.0258731324,-0.0173653440,-0.0133696646,-0.0266807324,-0.0171982783,-0.0037565913,-0.0004757982,-0.0148652180,-0.0018050117,-0.0254179314,-0.0309065661,-0.0158800964,-0.0155543507,0.0020237529,0.0122578082,-0.0082178044,-0.0027468067,0.0344169377
457.0000000000,0.0125312404,-0.0035229361,0.0059461425,-0.0092828577,0.0064204031,-0.0003935055,0.0106926103,0.0257198117,-0.0182665697,-0.0201060288,0.0110960539,0.0154206780,0.0128564809,0.0146815448,-0.0157947018,-0.0008271119,-0.0039103440,-0.0138464578,-0.0094342500,0.0037309014,0.0097623102,0.0021525834,-0.0182327281,-0.0260912241,-0.0070866710,-0.0124628516,0.0233021252,0.0072027462,0.0117474869,-0.0198522704,0.0317874728,0.0433286883,-0.0121895924,0.0112410340,0.0129985767,-0.0428093523,-0.0020122337,0.0030270411,-0.0129991166,0.0108925656,-0.0222360920,-0.0287459590,-0.0458643292,-0.0177404162,0.0013220024,0.0183936881,-0.0227678227,-0.0097761943,-0.0065816270,-0.0351380088,0.0169518207,-0.0082217841,-0.0137335570,0.0218788154,-0.0058374796,0.0137887279,0.0112026600,-0.0009360009,0.0086501707,-0.0027012483,-0.0169069685,-0.0049435163,0.0231102088
458.0000000000,0.0226768458,0.0255677335,0.0040490140,0.0104674880,0.0122722666,0.0050847721,0.0095086833,0.0002946971,0.0201060171,-0.0166389359,0.0185042599,-0.0023222786,0.0058863936,0.0025855644,-0.0020997069,0.0067302678,-0.0359582244,-0.0271295374,-0.0185588635,0.0208442393,-0.0065141698,-0.0056236066,0.0027988773,-0.0233427935,-0.0125192269,-0.0086820513,0.0211524421,-0.0075870945,0.0182781011,0.0040680263,0.0191893747,0.0191111990,-0.0084759261,0.0140610392,0.0046769965,-0.0373539351,0.0101251913,0.0061908251,0.0183764978,0.0116436773,-0.0241872877,-0.0161551008,-0.0384569905,0.0071623180,0.0343366003,0.0353425690,-0.0203093974,-0.0178084497,-0.0448403009,-0.0047281324,-0.0012808939,0.0187412583,-0.0185539944,0.0094331190,-0.0139081667,-0.0216538712,0.0155409313,-0.0028524200,0.0104956021,-0.0144282978,0.0078613474,0.0063521026,-0.0045726118
459.0000000000,0.0090359256,-0.0025091362,-0.0106126249,-0.0175157633,0.0258748346,0.0011041396,-0.0120533092,0.0461437078,-0.0164882426,-0.0339699925,0.0133519695,0.0262931653,-0.0172218485,0.0035415002,-0.0155298847,0.0135631222,-0.0294120831,-0.0060820720,-0.0094775863,0.0093144655,-0.0083692168,0.0061617505,-0.0212814715,-0.0331108881,-0.0128249619,-0.0195766076,0.0350997674,0.0094310226,0.0157052696,0.0073903363,-0.0000704380,0.0278289952,-0.0191360274,0.0162736923,0.0190488138,-0.0271793195,0.0067983113,-0.0015048306,-0.0277933430,0.0057578341,-0.0400490990,-0.0172034286,-0.0279013938,0.0062060665,0.0224534628,0.0140140671,0.0101921232,0.0045544547,-0.0266018756,-0.0216495796,0.0103934681,-0.0155319691,0.0144986024,-0.0144322734,0.0010969692,-0.0231948711,0.0431246704,0.0019983409,0.0193273656,-0.0189451296,-0.0173380251,-0.0026618180,0.0071509816
460.0000000000,0.0259288162,-0.0086779729,0.0033838141,-0.0061669941,0.0290309605,0.0048858631,0.0096811864,0.0172096905,0.0213723459,-0.0497270732,-0.0051503261,0.0171697747,0.0073414288,0.0123446395,0.0043538251,0.0073045252,-0.0084780707,-0.0091847470,-0.0349324024,0.0112252243,0.0170471303,-0.0092114423,-0.0120862817,-0.0154132803,0.0015544292,-0.0140349780,0.0078462969,-0.0188741158,-0.0004448424,0.0359335198,0.0345857725,0.0269460007,0.0056266182,0.0129024567,0.0139886822,-0.0304382785,0.0025289943,-0.0070463644,0.0117374741,-0.0023359202,-0.0154777406,-0.0256276043,-0.0148833056,-0.0182684820,0.0230280361,0.0113880511,0.0082864941,-0.0107229042,-0.0032699521,-0.0007884879,-0.0133319271,-0.0011033673,-0.0222499593,0.0012202349,-0.0198988197,-0.0306850639,0.0192583085,-0.0113915183,0.0337511772,0.0111275110,-0.0031982144,0.0072743545,0.0026065778
461.0000000000,0.0122764278,-0.0048937437,0.0014091059,-0.0172119567,0.0030976627,0.0019633671,0.0047466678,0.0157679655,-0.0078696401,-0.0406119378,0.0079768510,-0.0014064487,-0.0148278607,0.0102751141,-0.0048014203,-0.0027100394,-0.0235305437,0.0129958722,0.0015247383,-0.0063932900,-0.0037439273,-0.0170674158,-0.0214880403,-0.0187223157,-0.0096220137,-0.0234632967,0.0302247409,-0.0194756714,0.0100309897,-0.0048098017,0.0205636998,0.0307914243,-0.0060350164,0.0244041916,0.0307252840,-0.0494258264,-0.0023891697,0.0010412271,0.0008510309,0.0014049518,0.0002928778,-0.0212905768,-0.0464336599,0.0056552861,-0.0005928299,0.0201060774,-0.0131298629,-0.0022518092,-0.0092487578,-0.0169930522,-0.0004151952,0.0248602534,-0.0007419528,0.0141294718,-0.0215560992,-0.0106630409,0.0059305863,-0.0053006201,0.0251516447,-0.0017020457,-0.0071557062,-0.0075747089,0.0321526924
462.0000000000,0.0228081687,0.0029907393,0.0007068060,-0.0250564913,0.0416531387,0.0088063444,-0.0028998202,0.0062188669,-0.0033691683,-0.0187735757,0.0161350162,0.0167763141,0.0127437961,0.0212062895,-0.0106544163,0.0260274479,-0.0318865890,-0.0116887691,-0.0322731840,0.0097854939,0.0175310336,-0.0256620309,-0.0128552317,-0.0327675639,0.0085238098,-0.0264604535,0.0300428557,-0.0241997686,0.0046937750,-0.0132636972,0.0136265161,0.0127416671,-0.0305445709,0.0003039107,0.0128949882,-0.0290491030,0.0179221630,0.0221986169,-0.0293090269,0.0300013394,-0.0329079620,-0.0216613276,-0.0324244631,0.0275231974,0.0189528702,0.0412522088,-0.0039887947,0.0103219959,-0.0439555746,-0.0128066638,-0.0001518390,0.0018833993,-0.0344707787,0.0451646099,-0.0022331851,-0.0088018759,0.0220322254,0.0069016652,0.0052220367,0.0238340328,0.0036348583,0.0191913434,0.0118110195
463.0000000000,0.0184497276,0.0033894307,0.0112980269,-0.0219547522,0.0116557206,0.0073933602,0.0165123529,0.0322128168,-0.0172615921,-0.0285197001,0.0026511398,-0.0014775358,-0.0291295316,0.0002037700,-0.0112524557,0.0008899485,-0.0114050216,-0.0062544922,-0.0192695415,0.0054863309,0.0033628396,0.0084016146,-0.0153164286,-0.0290637297,-0.0062933002,-0.0168786915,0.0203209242,-0.0027569277,-0.0055307477,-0.0064499900,-0.0101787478,-0.0032590526,-0.0017807019,0.0023465708,0.0126348379,-0.0333097603,-0.0289123369,0.0016510884,-0.0063453620,0.0112288811,-0.0197890905,0.0115157082,-0.0210484982,0.0040275928,0.0189406793,0.0375221708,-0.0023911580,-0.0020261018,-0.0115014990,-0.0130175134,0.0077676415,0.0031315044,-0.0092954099,-0.0214697301,-0.0022038688,-0.0331438624,0.0060939453,-0.0103750505,-0.0070194652,0.0111156067,-0.0064307734,0.0269796337,0.0065732701
464.0000000000,0.0147841476,-0.0072494727,0.0095441506,-0.0116410954,0.0201199590,-0.0033052254,0.0043470011,0.0025076224,-0.0015514641,-0.0041754914,0.0115797411,0.0153687558,0.0131621813,0.0283692397,-0.0120830500,0.0433791151,-0.0017841030,-0.0157817809,-0.0012531413,0.0069293846,0.0023771518,-0.0232954001,-0.0048591824,-0.0213839663,-0.0090749857,0.0014801655,0.0042699330,0.0057678021,-0.0089547753,-0.0137223197,0.0165622882,0.0192914375,-0.0347249396,0.0205529965,0.0162210180,-0.0318549807,0.0146515660,-0.0115383889,0.0278551700,0.0353839984,-0.0142285786,-0.0109703229,-0.0104892445,-0.0071912253,0.0039599012,0.0144160087,-0.0057561693,0.0029455845,-0.0138056369,0.0014761298,-0.0027573514,0.0039839367,-0.0340972979,0.0152426400,-0.0093998535,-0.0334532049,-0.0043516298,0.0095996962,0.0123216097,0.0029813159,-0.0183114758,-0.0122285438,0.0051433107
465.0000000000,0.0164538795,0.0062020576,0.0070161382,-0.0252086651,0.0235452352,-0.0084452978,0.0124602681,0.0016946545,-0.0217885106,-0.0346187243,0.0035982796,0.0201750692,-0.0001938272,-0.0085184151,-0.0135412956,0.0309354901,-0.0130684936,-0.0223095995,-0.0096786918,-0.0011107109,0.0261647223,-0.0058682528,-0.0063861805,-0.0148087014,-0.0016350895,-0.0280173645,0.0097483956,-0.0028447694,-0.0157785889,-0.0129531058,0.0238834444,-0.0036736756,-0.0003785301,0.0101047107,0.0063420315,-0.0203539341,-0.0139512477,0.0115145160,-0.0239522242,0.0118506367,-0.0204969652,-0.0194987337,-0.0152075015,-0.0110485510,0.0243550277,0.0183449979,0.0125322626,0.0036165031,-0.0129620496,-0.0165205887,0.0083591474,0.0245262153,-0.0215815651,-0.0158797222,-0.0160573481,-0.0140790421,0.0081857509,-0.0081678901,-0.0006816390,0.0008932583,-0.0317329125,0.0029291419,0.0077437962
466.0000000000,0.0065511020,0.0065166109,0.0193266609,-0.0111638004,0.0393292879,0.0075062941,0.0031237002,0.0340633299,0.0307981701,-0.0378172823,0.0036953074,0.0047451869,-0.0019110532,0.0135381308,-0.0018698107,0.0273220630,-0.0302761509,-0.0180472516,-0.0123843147,0.0121451852,0.0207050365,0.0055827159,-0.0182699839,-0.0134379413,0.0087365201,-0.0067723329,0.0303301646,0.0014697684,0.0147401643,-0.0279933147,0.0098046444,0.0270445495,-0.0305144394,0.0147794765,0.0186407004,-0.0322266626,0.0013070574,-0.0027197585,0.0115862042,0.0051860877,-0.0259788009,-0.0072366227,-0.0305495107,-0.0138005383,0.0087316357,0.0198209882,-0.0157534778,0.0007788509,-0.0100288261,-0.0307943932,-0.0032669273,0.0221014578,-0.0204331229,0.0153313352,0.0007695791,-0.0165057416,0.0164345846,-0.0107741145,0.0227188676,0.0086708598,-0.0239364464,0.0016368126,0.0286597216
467.0000000000,0.0037109078,0.0082141206,0.0028828820,-0.0151968921,0.0290667756,-0.0053921237,-0.0077095898,0.0271781233,0.0005347888,-0.0192294977,-0.0037060399,-0.0042486090,0.0007134544,-0.0036323695,-0.0095057191,0.0097578445,0.0196706665,-0.0241014507,-0.0134346274,-0.0060274677,0.0212481925,0.0049879187,-0.0136404776,-0.0177534337,0.0090667486,0.0085999096,0.0081737979,0.0039451266,-0.0132580792,-0.0016404605,0.0121025114,0.0017057562,-0.0067701060,0.0105412993,0.0153042519,-0.0372020787,0.0141551706,0.0107297324,0.0035279769,-0.0006085392,0.0056554584,-0.0045787078,-0.0009531964,-0.0046055176,0.0327039536,0.0067334520,-0.0032278442,0.0031729955,-0.0146498449,-0.0186251395,-0.0112771107,0.0121962836,-0.0114352845,0.0010818285,-0.0139396506,-0.0212027209,-0.0042434884,0.0009201930,0.0000093884,0.0150767710,-0.0094446971,-0.0012059929,-0.0267654143
468.0000000000,0.0316309114,0.0193462441,0.0108014948,-0.0121521533,0.0252729995,0.0062904140,0.0227261174,0.0312986165,-0.0180165834,-0.0285340571,0.0085389714,0.0229177069,0.0098041593,0.0016546476,-0.0045522228,0.0042996066,-0.0136161280,-0.0031156691,-0.0165839866,-0.0049884331,0.0084846758,-0.0064008244,0.0028352574,-0.0392108686,-0.0222133114,-0.0143823021,0.0544399040,-0.0040643959,-0.0147893116,0.0084709249,0.0048589004,0.0263115134,-0.0033162295,0.0323031867,0.0263486285,-0.0306632369,-0.0182434322,-0.0192174194,-0.0057878749,0.0069143945,-0.0280416308,-0.0343285200,-0.0102671323,-0.0206251485,0.0279854689,0.0138365724,0.0013150197,0.0128402368,-0.0250603929,-0.0327383570,0.0008517332,-0.0112214670,-0.0170950471,0.0103496885,-0.0061761996,-0.0481729996,0.0263407281,-0.0175453184,0.0024092525,0.0058195693,-0.0247497945,0.0060550969,0.0250449222
469.0000000000,0.0023334339,0.0144584035,-0.0089343559,-0.0272331414,0.0071657237,-0.0001720219,0.0023320619,-0.0105291887,0.0004795707,-0.0237644135,0.0072817273,0.0073588869,-0.0077415322,0.0099015186,0.0022366875,0.0039317057,-0.0216970010,-0.0153714241,0.0012095499,0.0012779834,0.0014251587,-0.0166043829,-0.0305612623,0.0002057112,-0.0205528214,-0.0406798908,0.0178955607,0.0167911550,0.0119445759,-0.0180702186,0.0022311116,0.0134739707,-0.0072385189,0.0065601044,0.0043986291,-0.0250499073,0.0171841177,-0.0117840286,0.0182706215,0.0138704391,-0.0110859228,-0.0203156740,-0.0331979368,-0.0081628972,0.0129099062,0.0264747309,0.0101422605,-0.0010770866,-0.0378390397,0.0044547861,-0.0164313297,0.0125873145,-0.0007527712,0.0018442526,-0.0100589430,-0.0431780572,0.0053328981,0.0116611066,0.0132759963,0.0221517574,-0.0139147385,0.0137044157,-0.0007642143
470.0000000000,0.0219427441,0.0168276987,-0.0123506347,-0.0275898769,0.0138601608,0.0134909554,0.0025128233,0.0064946465,-0.0003279365,-0.0136690477,-0.0068019317,-0.0016860378,0.0071968274,0.0060633083,0.0134592115,0.0236454728,-0.0012710058,0.0237878474,-0.0216188956,-0.0182758246,0.0087869013,-0.0200917840,0.0040655573,0.0053633595,0.0149857118,-0.0133477195,-0.0023150121,-0.0086394478,-0.0057686358,-0.0072328016,0.0095948604,-0.0039504508,-0.0143798945,-0.0112539362,0.0033461616,-0.0144952612,-0.0182332678,-0.0004659483,0.0085030882,-0.0068815159,0.0083988586,-0.0092263418,-0.0170492952,0.0060327945,0.0077611685,0.0551616408,-0.0126571497,-0.0009257432,-0.0289675193,-0.0040898650,0.0067870994,0.0142137972,-0.0112805341,0.0135739459,-0.0166293018,-0.0223527947,0.0230721582,-0.0102778704,-0.0123843105,0.0017108227,-0.0053629264,0.0114677029,-0.0069911366
471.0000000000,0.0045728156,0.0144223413,0.0320994649,-0.0267384255,0.0195208382,-0.0012022273,-0.0057657927,0.0146506805,-0.0120500633,-0.0252635295,0.0040184504,0.0195535558,0.0022286963,0.0024795691,0.0049103124,-0.0118252360,0.0101906175,-0.0150382176,-0.0089555267,-0.0167511206,0.0186150789,-0.0181860987,-0.0040079279,-0.0146115185,-0.0006191226,-0.0043049391,0.0361227105,0.0070399445,-0.0049541633,-0.0116078268,0.0040318604,0.0255608637,-0.0235329088,0.0162432279,0.0044701530,-0.0334606258,0.0170641740,-0.0033561842,-0.0150955263,0.0080601247,-0.0231817036,-0.0298357918,-0.0006263966,0.0279647613,0.0354179558,0.0303047097,-0.0181472861,0.0003948981,-0.0249091727,-0.0091196988,0.0024406464,-0.0087061855,-0.0070257674,0.0113536731,-0.0129536096,-0.0301989666,-0.0056176304,0.0074622387,-0.0084025131,-0.0055246919,-0.0021339388,-0.0012069218,0.0072141124
472.0000000000,0.0069522534,-0.0222219434,0.0060412945,-0.0038952421,0.0058259691,0.0140436106,-0.0240518436,-0.0031430451,0.0209279664,-0.0037076624,-0.0083091701,-0.0122433963,0.0168386643,0.0031254785,0.0060528486,0.0102370762,-0.0133170743,0.0079845630,-0.0087133300,0.0045593570,0.0094795252,-0.0056286398,-0.0104155547,-0.0092677120,0.0118691549,-0.0040094252,0.0274903059,0.0050192271,-0.0029282943,0.0267581021,-0.0044400951,0.0163176219,-0.0155384283,0.0298189241,0.0064253509,-0.0283513322,-0.0150555410,0.0026423283,0.0002725311,0.0060810204,-0.0163958602,0.0171848549,-0.0134079204,0.0027447591,0.0154271316,0.0401622212,-0.0028280883,-0.0010546635,-0.0189569529,-0.0109447455,-0.0065123476,0.0018672850,0.0204373491,0.0004801384,0.0032495538,-0.0359082877,0.0159682957,0.0080690323,0.0107686868,-0.0156437203,-0.0058280421,-0.0229728700,0.0026738197
473.0000000000,0.0196732326,0.0059581863,0.0200088235,-0.0169168906,0.0086430609,-0.0015379700,-0.0089478287,0.0150585260,0.0066263509,-0.0182342631,0.0168763240,-0.0034864145,-0.0109774423,0.0067851149,-0.0014423324,0.0094954635,0.0011405633,0.0026225172,-0.0013346701,-0.0206426201,0.0021773225,0.0123599054,0.0076046323,-0.0024227419,-0.0040251133,-0.0010367390,0.0322750814,0.0191631519,0.0147914442,0.0008985110,-0.0017112824,0.0410134890,0.0007612954,0.0288359393,0.0140008002,-0.0221727441,0.0082698930,-0.0081405814,0.0105327262,0.0300225392,-0.0154241157,-0.0376633315,-0.0090327671,-0.0113999774,0.0226892942,0.0210278670,-0.0036619589,0.0138198144,-0.0394407144,0.0127010896,-0.0052067276,-0.0026197549,-0.0262522794,0.0013956263,-0.0018189163,-0.0202413914,0.0030460387,-0.0030436169,0.0240211926,0.0126843525,-0.0206867943,0.0278529034,0.0111239618
474.0000000000,0.0105100904,-0.0031664351,-0.0070472941,0.0085567834,0.0089919281,0.0054936370,-0.0026891515,0.0023193594,-0.0106792529,-0.0192046744,0.0003990926,-0.0089953481,-0.0142483846,0.0119498254,0.0059361974,0.0049471661,-0.0061753318,-0.0103973990,-0.0186157764,-0.0045048365,-0.0032921999,0.0130867924,-0.0143289032,-0.0188227808,-0.0265395712,0.0146461166,0.0044638075,0.0092887336,-0.0153710889,0.0014698084,0.0205355082,0.0291426081,-0.0230717430,0.0444973655,0.0178424092,-0.0186092808,-0.0000215146,0.0184177459,0.0062557782,-0.0030372550,-0.0113601886,0.0009135265,-0.0125056362,-0.0063477336,0.0024126384,0.0339068314,-0.0032873177,-0.0239927137,-0.0185819395,-0.0129183588,0.0127315194,-0.0095738821,-0.0021665604,0.0091151570,-0.0182791631,-0.0282374210,0.0107911236,-0.0091409683,-0.0060190353,-0.0033611570,-0.0084321337,0.0032384034,0.0302405990
475.0000000000,0.0125249523,0.0111092540,0.0111518834,-0.0126740075,0.0417655646,-0.0209968893,-0.0214200608,0.0087876500,-0.0109393186,-0.0271370144,0.0107068154,0.0487425315,0.0077085053,0.0046070755,-0.0032172189,0.0023142613,-0.0117601201,-0.0065288825,-0.0148834977,0.0046153276,0.0074174643,0.0025557220,-0.0122466238,-0.0143732388,-0.0199248368,0.0264094437,0.0278234775,0.0039356645,-0.0064930801,-0.0146064298,-0.0047991936,0.0177310820,0.0025911623,0.0218172079,0.0123063703,-0.0091552189,0.0236000357,-0.0105837895,0.0077393637,0.0263436656,-0.0179451994,-0.0096969520,-0.0473946023,-0.0040642125,0.0129782180,0.0194056458,0.0195465511,-0.0127520670,-0.0303057646,0.0008296145,-0.0164903813,-0.0029803309,0.0026526240,0.0106783414,0.0038975962,0.0065868483,0.0205813499,0.0032541893,-0.0185153494,0.0017305099,-0.0114603229,0.0049768126,0.0047964066
476.0000000000,0.0039032787,0.0384351677,0.0097703362,-0.0133501885,0.0091946503,0.0172946971,-0.0140073863,0.0031799021,-0.0094039944,-0.0316369115,-0.0029639563,0.0052354110,0.0134124223,0.0037684911,-0.0094728845,0.0363080055,-0.0162853817,0.0178161054,-0.0025294734,0.0019428084,-0.0043004328,0.0114577528,-0.0067275959,-0.0018134989,-0.0026235862,-0.0104872307,-0.0092805374,0.0036138832,0.0023950641,0.0228588916,0.0013494484,0.0158726707,0.0000453867,0.0052376503,-0.0118936690,-0.0075926376,-0.0165542315,-0.0023174696,0.0040845370,-0.0085777242,0.0115324298,-0.0059463560,0.0082712275,0.0046078213,0.0032732728,0.0070937310,0.0161298588,-0.0135327618,0.0090655545,-0.0159262308,0.0132845102,0.0107882372,0.0046663536,0.0166742167,-0.0148541186,0.0046002284,-0.0136735864,0.0025648636,0.0058592456,-0.0063666756,0.0022409142,0.0096829598,0.0202807641
477.0000000000,0.0230233619,0.0251657201,-0.0007814050,-0.0134059261,0.0245865773,-0.0079224287,0.0136327691,0.0136310392,0.0096333718,-0.0145102135,-0.0083366122,0.0222575696,-0.0120101001,0.0154309106,0.0052935178,0.0047863469,-0.0118457181,-0.0098105133,-0.0129439419,0.0180047682,-0.0003049837,-0.0157361711,0.0117884432,-0.0034550112,0.0045194814,-0.0112149011,0.0088105403,0.0091136855,0.0008372385,0.0027669029,0.0127162540,0.0042787430,-0.0307369182,0.0153245363,0.0040252647,-0.0004414606,0.0105531800,0.0055289987,0.0014005261,0.0287717648,-0.0354018848,-0.0108367710,-0.0249421784,-0.0214285006,0.0249367502,0.0263657498,-0.0035295571,-0.0101649566,-0.0454551559,-0.0031946991,-0.0037853912,0.0285865249,-0.0160371575,-0.0081979490,0.0023786672,0.0174119212,-0.0035854269,-0.0007180840,-0.0012939906,-0.0130696460,-0.0094789467,0.0063655534,0.0075004882
478.0000000000,0.0083196629,-0.0172314485,-0.0116450057,-0.0008862081,0.0039244659,0.0035579105,0.0050238517,0.0330691654,-0.0024027499,-0.0114799932,0.0057297804,0.0014771522,0.0176140476,-0.0156387547,0.0002007240,0.0012914395,-0.0165562745,-0.0007888582,0.0197115373,0.0045016862,-0.0004875909,-0.0023062088,-0.0019470309,-0.0085175894,0.0100297155,0.0236737392,0.0071971434,0.0147166831,-0.0036000757,-0.0056094749,-0.0160340732,0.0019395233,-0.0214408539,0.0012639398,0.0201138202,0.0221047353,0.0072171694,0.0046612134,0.0107977795,0.0093105469,-0.0112409600,-0.0029625367,-0.0088580792,-0.0032016942,-0.0198659357,0.0154927970,0.0090282209,-0.0049490572,0.0044129842,0.0075885002,-0.0005328068,-0.0174569839,-0.0180847270,0.0084827822,0.0101858366,0.0045946536,0.0168209380,-0.0040410945,-0.0058399546,0.0003263748,-0.0186565409,-0.0081400117,0.0319206052
479.0000000000,0.0079126585,0.0173725333,-0.0067978723,0.0018285000,0.0054952975,0.0085840136,-0.0019413320,-0.0044878098,-0.0189352473,-0.0015424987,0.0100721060,0.0215054989,0.0043771275,0.0053955880,-0.0273332421,-0.0037222633,-0.0132219941,-0.0112661479,-0.0253077770,-0.0111521910,0.0106695362,0.0069914171,-0.0125090132,-0.0210472386,-0.0039700049,0.0158821048,0.0107220126,-0.0001811491,0.0188525816,0.0049021765,-0.0126839313,-0.0021955253,0.0090495399,0.0018943677,0.0072121242,-0.0070207293,0.0030686479,0.0036006528,-0.0174790641,-0.0127941096,-0.0126449000,-0.0158256557,0.0021931628,-0.0117441397,0.0091243748,0.0043496581,0.0098619459,-0.0014160542,0.0061814313,0.0012432880,0.0057922111,-0.0007702382,-0.0118949992,-0.0308242744,-0.0041253162,-0.0053246732,0.0004223905,-0.0025144097,0.0175166988,-0.0012708769,-0.0079767301,0.0026824801,0.0009013298
480.0000000000,0.0240441250,-0.0063823271,-0.0011478433,-0.0233683603,0.0123920367,-0.0042894100,-0.0150889860,-0.0023762527,0.0044645786,-0.0140031559,0.0174104016,0.0043667049,-0.0099984037,0.0135206126,-0.0188464265,0.0233185195,-0.0143227504,0.0037905459,-0.0254079084,-0.0019893505,0.0169559139,-0.0070560383,0.0102829840,-0.0137105612,0.0303665987,0.0108456214,0.0157987209,-0.0120256450,-0.0060007254,-0.0059647466,0.0011261712,0.0330159955,-0.0210632458,0.0161350427,-0.0047681247,-0.0132399376,-0.0087283639,0.0085376417,0.0121534405,0.0296274342,-0.0433788827,-0.0014918703,-0.0154226997,0.0036805400,0.0257551224,0.0254743399,-0.0084316486,0.0087000898,-0.0076656999,-0.0033101624,0.0093268292,0.0055534702,-0.0150851458,0.0113908521,-0.0208174387,0.0099659733,0.0107081688,0.0018131994,0.0202150217,0.0083646673,-0.0203451802,-0.0101288795,0.0049465227
481.0000000000,0.0109510635,-0.0039742125,0.0257980222,-0.0143302883,0.0155469264,0.0000458562,-0.0023253448,0.0187124425,-0.0129374790,-0.0119226354,0.0202169708,0.0059246028,0.0000110568,0.0190737204,-0.0091707330,0.0132202675,-0.0017913546,0.0088848916,-0.0284226945,0.0019972179,0.0135527471,0.0057363016,-0.0113978444,-0.0169068710,-0.0113979837,-0.0074979594,0.0259964020,0.0005399877,0.0129797410,0.0033076218,0.0145622563,0.0284124733,-0.0204882037,0.0268935491,0.0187683764,-0.0092793063,-0.0046535766,0.0099837839,-0.0075447137,-0.0080710174,-0.0161712595,-0.0255601184,-0.0510700816,-0.0064944783,0.0359214665,0.0346459234,0.0085708510,-0.0069815087,-0.0356986202,-0.0010599346,-0.0170601610,0.0204358183,-0.0113496159,-0.0027433734,-0.0122082174,-0.0180401195,0.0229287627,-0.0113240568,-0.0210764098,0.0106351198,0.0165144826,0.0106286673,0.0238548563
482.0000000000,0.0074335440,-0.0078021487,0.0185288856,-0.0014591522,0.0065267440,-0.0031397826,0.0127913813,-0.0113424278,0.0163243023,-0.0431390206,0.0257319391,-0.0027680043,0.0143319583,0.0017414902,-0.0157767943,0.0230272443,-0.0308239884,0.0222796092,-0.0355111961,0.0094243032,0.0205648930,-0.0008977751,0.0167819527,-0.0148137581,0.0183315876,0.0200238223,0.0289763314,-0.0155312563,-0.0145201352,-0.0297129712,0.0187547726,0.0260811280,-0.0224406585,0.0017694665,0.0253832762,-0.0062862461,-0.0088466217,-0.0021154738,0.0024581210,0.0062540053,-0.0206333119,-0.0209429752,-0.0287242742,-0.0250180404,0.0228768470,0.0185890260,-0.0048010078,0.0127370874,-0.0117710434,0.0040274536,0.0025832725,-0.0059705923,-0.0063710036,0.0309284651,-0.0047090324,-0.0321576158,0.0085426460,0.0106463148,0.0149970143,-0.0007514447,-0.0057001026,0.0169323938,-0.0041157847
483.0000000000,0.0096828706,0.0308257707,-0.0011257706,0.0044354573,0.0160857920,0.0031005389,0.0334935426,0.0146128463,0.0054484559,-0.0083399340,0.0271760911,0.0249894383,-0.0139452319,-0.0089265745,0.0139460799,0.0034502010,-0.0047016810,-0.0158251492,-0.0073743085,0.0036730672,0.0116319601,-0.0060869777,-0.0145191641,-0.0196536509,0.0002796999,-0.0181039436,0.0097000988,-0.0013640265,0.0027986957,-0.0073168367,0.0027049081,0.0062554081,-0.0029261993,0.0188716069,0.0271489948,-0.0129243094,0.0140320424,0.0030093637,-0.0152481426,0.0217891735,-0.0169836724,0.0167123888,-0.0212443639,-0.0129685393,0.0129313005,0.0433851610,0.0079848568,0.0251513537,-0.0376940824,-0.0023969922,0.0186552894,-0.0002752161,0.0024761937,-0.0158913922,0.0042785099,0.0048298266,-0.0164518016,-0.0104326037,0.0040165470,0.0147779356,-0.0162936554,0.0059363477,0.0013075894
484.0000000000,0.0048140964,0.0079955202,0.0080166473,-0.0235534503,-0.0048448355,0.0249069248,0.0104113501,0.0084859257,0.0062688096,0.0007141769,0.0283325805,0.0068192817,0.0205959125,0.0196482924,0.0204704619,0.0145935284,-0.0262122282,0.0205324416,-0.0220086767,-0.0060102071,0.0205867338,0.0045162451,0.0140036614,-0.0299581790,-0.0104147603,-0.0164587010,0.0200577338,-0.0096196318,-0.0036104465,-0.0015327972,0.0239581376,0.0179034782,-0.0122996924,0.0217266058,0.0245343910,-0.0352547826,-0.0219932229,0.0154824288,-0.0072224584,0.0087684829,-0.0291614510,-0.0099249617,0.0087554697,0.0101782933,0.0100990011,0.0472764178,-0.0099731248,-0.0056559238,-0.0141915845,0.0040987424,0.0084484437,0.0105961804,-0.0177445632,0.0222979239,0.0132309626,-0.0139499719,0.0031303604,0.0062760069,-0.0000598187,-0.0067376683,0.0081472265,-0.0127538393,-0.0072095720
485.0000000000,0.0205028006,-0.0018232228,0.0070981255,0.0076908455,0.0430780634,-0.0188100745,-0.0195966749,-0.0060530221,-0.0061117902,-0.0373018189,0.0209114752,0.0185510392,-0.0073823092,0.0032479423,-0.0092739663,0.0064795272,0.0021290752,0.0109868697,-0.0330586657,-0.0105702977,-0.0007827272,0.0010853799,-0.0039921042,0.0126732123,0.0147932689,-0.0027770302,0.0062751363,-0.0062838367,0.0067791981,0.0015004942,-0.0065223966,0.0283639475,0.0071966499,0.0360254982,0.0163642835,-0.0278917395,0.0006450852,-0.0012171285,-0.0014950569,0.0275113976,-0.0248294785,-0.0421460381,-0.0075396947,-0.0187466914,0.0117549760,0.0226408222,-0.0232821848,0.0054545786,-0.0208070249,-0.0120210200,-0.0058769737,-0.0027208904,-0.0194814769,-0.0181663348,-0.0095682521,-0.0234675364,0.0105262231,-0.0223880197,0.0059046075,0.0055353982,-0.0070254416,-0.0038451545,0.0154346119
486.0000000000,-0.0045431199,0.0159223782,-0.0026918738,-0.0060841710,-0.0006091703,0.0059358892,-0.0222818662,-0.0050666034,0.0016255670,-0.0067815536,-0.0092386535,0.0160758167,-0.0049319170,0.0113007413,0.0074917934,0.0211967047,-0.0068893422,-0.0093168823,-0.0083016381,-0.0081241004,0.0144230143,-0.0092225730,-0.0022903724,-0.0002932531,-0.0136747726,0.0032696303,0.0224538005,-0.0156036965,0.0082249579,-0.0130543743,0.0126788511,-0.0067980874,-0.0315428956,0.0016763492,0.0101122748,-0.0193165645,-0.0088601433,-0.0149966593,0.0035650265,0.0067535059,-0.0294285737,-0.0257605532,-0.0103886456,-0.0261431871,0.0230641725,0.0168986230,-0.0071867780,0.0213158800,-0.0214577299,-0.0054885512,0.0035508352,0.0253490751,-0.0118249833,0.0010604151,-0.0009395053,0.0090114695,0.0157261825,0.0090231523,-0.0150989603,-0.0062048700,0.0164329982,-0.0009743225,0.0178920441
487.0000000000,0.0229084578,0.0124068387,0.0117290610,-0.0147382492,0.0372105355,-0.0023219685,-0.0077080687,0.0076711114,-0.0144095485,-0.0076597650,0.0082102112,0.0346823571,0.0033157263,0.0177319281,-0.0129295883,0.0279337906,0.0130534892,0.0077174159,-0.0148430838,0.0130126221,0.0203751553,-0.0042675489,-0.0139316991,0.0078243286,-0.0014204691,-0.0187590550,0.0251443047,-0.0111495198,-0.0001632380,-0.0200617992,0.0224677825,0.0400230440,0.0015029730,0.0223182674,0.0294002013,-0.0341150065,0.0141523153,-0.0018856345,0.0038058748,0.0142484301,-0.0337209891,-0.0245283032,-0.0304977468,-0.0128593146,0.0217163116,0.0302725321,0.0040292741,0.0076850766,-0.0397441020,-0.0148468602,-0.0007819939,0.0015389008,-0.0205857000,0.0121626428,-0.0177997731,-0.0053854648,0.0415951163,-0.0057186981,0.0031031710,0.0182792847,-0.0295621385,0.0165635964,0.0028789948
488.0000000000,0.0085340676,-0.0018532120,0.0091019926,0.0038408327,-0.0037080821,-0.0339246335,0.0069326240,0.0148805660,-0.0122752826,-0.0315028742,-0.0015754032,0.0196384877,-0.0140456814,-0.0146790994,-0.0304785578,-0.0088029964,-0.0087281923,-0.0090248096,-0.0227587888,-0.0077106415,0.0160451666,0.0177927193,-0.0034948157,-0.0256517209,0.0058198312,0.0021127263,0.0042868395,0.0032374005,-0.0067803495,-0.0042136262,0.0304028062,0.0204273642,-0.0076647988,-0.0084722700,0.0330121094,-0.0259651189,0.0119029001,0.0185727997,0.0146866963,0.0125531970,-0.0409827611,-0.0033641894,-0.0251331091,-0.0115670075,0.0121622457,0.0365742101,-0.0034093761,0.0001050744,-0.0185349837,-0.0104822505,-0.0117994971,0.0037249853,-0.0238062385,0.0091670192,-0.0031941260,-0.0023712891,0.0077686649,-0.0264199709,0.0147543895,0.0205741835,-0.0085646132,0.0180107890,0.0051541237
489.0000000000,0.0353730164,-0.0030998974,0.0024609780,-0.0202735986,0.0071042895,0.0135645710,-0.0067436486,0.0125471620,0.0181185116,-0.0138905756,0.0074304257,-0.0128870437,0.0106021872,0.0045905019,-0.0139909308,0.0044784438,0.0011448718,-0.0057374880,0.0105633811,0.0133835975,0.0136259098,0.0080789487,0.0033641732,-0.0173859128,0.0057079544,0.0074950347,0.0299963187,0.0059191800,0.0066236859,-0.0020368298,0.0084356946,0.0205083064,-0.0269641773,0.0045882785,0.0123633853,-0.0303895676,-0.0164921427,-0.0075558596,-0.0065583126,0.0163070515,-0.0193847069,-0.0114196712,-0.0153511019,-0.0039092578,0.0386572700,0.0261954733,0.0080335755,-0.0053326640,-0.0224062661,0.0061293772,-0.0121518293,0.0064793266,0.0099114000,0.0020206138,-0.0105635698,-0.0272540769,0.0006102100,-0.0041461490,0.0013348819,0.0062783464,0.0051211125,-0.0093788651,-0.0139859792
490.0000000000,0.0072500615,0.0006369299,-0.0094800108,-0.0345802424,0.0226598325,-0.0307997070,0.0166496163,0.0077724074,-0.0036298977,-0.0253987542,0.0231389147,0.0118348513,-0.0263863465,-0.0005710059,0.0160808059,0.0198913741,-0.0253367683,-0.0061245376,-0.0040659732,0.0013555647,0.0030586226,-0.0044705203,-0.0137210344,-0.0375680918,0.0014921767,-0.0144602081,0.0306725806,-0.0148753379,-0.0247981484,0.0243759669,0.0421759727,0.0221338105,-0.0042778425,0.0149898054,0.0202872614,-0.0355058777,0.0078916519,-0.0343415366,0.0216518854,0.0393574985,-0.0198181638,0.0036396159,-0.0226715657,0.0122504515,0.0200156428,0.0255755129,-0.0158437118,-0.0101879276,-0.0052894029,-0.0148555909,0.0025742098,0.0307216938,-0.0078292398,0.0144433119,0.0005795843,-0.0259204082,-0.0059598029,-0.0237765042,0.0135536377,-0.0044192727,-0.0227249744,-0.0146519797,0.0191091871
491.0000000000,0.0206353287,0.0029940164,0.0113775723,-0.0248126195,0.0237859144,-0.0146793469,0.0241670866,0.0007148684,0.0023356813,-0.0038878634,0.0133882612,0.0078687714,0.0225923522,0.0038509929,-0.0244534746,0.0198296851,-0.0048488574,-0.0012162791,-0.0296353009,-0.0044718981,0.0089741870,-0.0014303021,-0.0128378949,-0.0201633033,0.0026693271,0.0026780621,0.0281033100,-0.0012645947,0.0118231811,-0.0104053219,0.0111717972,0.0077198975,-0.0192008932,0.0296381182,0.0141582694,-0.0216797988,0.0036309472,-0.0169460419,-0.0129992254,-0.0107609824,-0.0130650274,-0.0110497765,-0.0295164890,-0.0208995209,-0.0060225235,0.0132557420,-0.0087440361,-0.0047665466,0.0049080019,-0.0028869090,0.0134714151,0.0128034822,-0.0207561579,0.0004964586,-0.0050158009,-0.0286766589,0.0092595597,-0.0069669093,-0.0104684204,0.0181835526,0.0111622863,0.0107329039,-0.0090458909
492.0000000000,0.0085365500,0.0072214155,0.0006214757,0.0083433942,0.0329094145,0.0058371575,0.0064078063,0.0136779836,-0.0202187359,-0.0207953612,0.0065045599,-0.0014482884,-0.0087166990,0.0115829538,-0.0100318338,0.0029097138,0.0053365422,0.0052029674,-0.0192696551,0.0162544079,0.0078735558,-0.0123950861,0.0073777518,-0.0209642320,-0.0041130548,-0.0161230151,-0.0023185498,-0.0069013946,0.0048521279,-0.0105132264,-0.0044006076,0.0149540798,0.0095329238,0.0183676175,0.0130540610,-0.0112544021,0.0203742748,0.0054116163,0.0156429338,-0.0021744006,-0.0028916650,0.0033721611,-0.0009668685,0.0094120583,-0.0070087649,0.0285530377,0.0208091881,0.0019530888,0.0006211640,0.0074631981,-0.0013650538,0.0024340589,0.0142290767,0.0212038856,0.0018171637,-0.0231550875,0.0025522895,0.0123350514,0.0264188972,0.0045430211,0.0005200414,0.0073339550,0.0022525159
493.0000000000,0.0073608169,-0.0020341932,0.0035509718,-0.0313513715,0.0268266959,0.0082895258,0.0086152014,0.0103025332,-0.0163531392,-0.0073773026,0.0269744219,-0.0028081867,0.0153700612,0.0006127707,-0.0192973371,0.0186026388,-0.0171608811,0.0003644253,-0.0114565733,0.0060802091,-0.0079636328,-0.0065264082,0.0056870948,-0.0194794933,-0.0147522497,-0.0031320614,-0.0004589952,0.0055673892,0.0188534639,-0.0221594703,0.0225589467,0.0408900293,-0.0103778668,0.0334805595,0.0196714435,-0.0011281261,0.0035561259,0.0043182078,-0.0021223593,0.0123155956,-0.0227703214,-0.0073325494,-0.0190052734,-0.0004110133,0.0199284426,0.0106446096,0.0082499481,0.0030303642,-0.0456567001,-0.0038492114,0.0041044001,0.0065885840,-0.0065817427,-0.0229935541,0.0016615748,-0.0173049494,0.0341038886,0.0045960836,-0.0037746192,0.0061431430,0.0042230164,-0.0045279283,0.0029437802
494.0000000000,-0.0175335496,0.0066132515,0.0064955699,-0.0214962271,0.0271254341,0.0110806446,-0.0018561163,0.0069644847,-0.0065160018,-0.0184914672,-0.0007346939,-0.0111335395,-0.0017757402,-0.0028816172,-0.0329492254,0.0060351334,0.0158078271,-0.0224021237,-0.0048686121,0.0323749535,0.0122463746,-0.0112655772,-0.0007296019,-0.0170375215,0.0135164827,0.0043899881,0.0140671452,-0.0127377096,0.0129459980,0.0101615106,0.0295803398,0.0040338639,-0.0236679206,0.0080365161,0.0164609110,-0.0275768583,-0.0001531539,-0.0216237867,-0.0047553087,0.0308666978,-0.0150077581,-0.0155282934,-0.0205264144,-0.0145066096,0.0215345226,0.0346400064,-0.0054337067,-0.0096348625,-0.0294474218,-0.0096027549,0.0198954030,-0.0062023360,-0.0091887745,0.0102815661,-0.0015301918,-0.0071227319,-0.0185770289,-0.0007073129,0.0017150156,-0.0105432590,0.0211843094,0.0000279755,-0.0164462025
495.0000000000,0.0160718072,0.0345745812,-0.0073196834,-0.0208958295,0.0126290310,-0.0182793120,0.0086559196,-0.0044377633,0.0032448318,-0.0146342324,-0.0021582181,0.0014614893,0.0263927783,0.0020108757,-0.0081285284,0.0209128338,-0.0222380384,0.0030847073,-0.0150378724,-0.0097288285,0.0139953505,-0.0088422377,0.0111804887,-0.0123247731,0.0029213499,0.0123135248,0.0035662420,0.0101640217,-0.0061943966,-0.0006340001,0.0143970221,0.0163434293,-0.0008464689,0.0047516343,0.0335040136,-0.0303307117,0.0033891563,-0.0128255229,-0.0097461531,0.0197273739,-0.0056506373,0.0020141138,-0.0235432285,-0.0022876852,0.0038186553,0.0155570684,-0.0172989989,0.0015993462,-0.0079815497,0.0127512715,0.0137240267,-0.0066068825,-0.0135962614,0.0106817233,-0.0010154755,-0.0121508454,0.0195671148,0.0039101513,0.0165846834,0.0009110341,-0.0091723937,0.0192089122,-0.0047112089
496.0000000000,0.0061313772,-0.0051316292,0.0228258285,0.0050321481,0.0178070063,0.0022044544,0.0014692552,0.0142589826,-0.0098700758,-0.0142808329,0.0043946988,0.0132836308,-0.0107173068,0.0031617344,0.0032091977,0.0167352057,0.0060440223,0.0092087015,-0.0129703193,-0.0283010319,0.0249414508,-0.0429327661,-0.0164303598,-0.0202107019,0.0087656929,-0.0056653483,0.0173722403,0.0179231309,-0.0211258646,-0.0076636193,0.0178666995,-0.0104180867,-0.0064370212,0.0106911154,0.0265511457,-0.0174294988,-0.0087235626,0.0007516183,-0.0139158149,0.0004517321,-0.0057939966,0.0250281929,-0.0102638225,-0.0020288834,0.0330712310,0.0073220570,0.0014139489,-0.0058309589,-0.0127680403,0.0011809767,-0.0176457784,0.0152406609,-0.0098232242,0.0045863127,-0.0006305981,-0.0122502598,0.0047407875,0.0003659375,0.0140766919,0.0009207181,-0.0085924144,0.0120890452,0.0066371513
497.0000000000,0.0274006545,-0.0080358870,-0.0060784940,-0.0184747016,0.0274383867,-0.0107164145,0.0104577230,0.0110030464,-0.0215867562,-0.0455234868,0.0084751516,0.0234897810,0.0015372196,0.0049888009,0.0001708891,0.0328841610,-0.0092509805,-0.0153866639,-0.0002340491,-0.0057380712,0.0192125691,0.0122580855,-0.0088332181,-0.0374808151,-0.0047871678,-0.0030393119,0.0332590028,-0.0124558864,0.0014426383,-0.0255763571,0.0076010257,0.0329325948,-0.0064339487,0.0097598170,0.0335331586,-0.0420721764,0.0171313072,-0.0143457339,-0.0007597136,0.0226056745,-0.0356022658,0.0032497905,-0.0362747753,-0.0018859491,0.0229746710,0.0149044556,-0.0068681912,0.0061064833,-0.0425064097,-0.0224307024,0.0036172543,0.0101598102,-0.0201962465,0.0287424958,0.0163059203,-0.0374141643,0.0055934243,0.0009144306,-0.0083894677,-0.0046410222,-0.0053276891,0.0245297607,0.0045752111
498.0000000000,0.0061468113,0.0053436951,0.0159647544,-0.0053870531,0.0273424025,-0.0003427231,0.0079183321,0.0063644090,0.0073729525,-0.0275198645,-0.0012023080,0.0095101487,-0.0068757813,0.0241770364,-0.0009074311,-0.0006880990,-0.0027956363,-0.0071307151,-0.0134754337,-0.0004652032,-0.0077829517,0.0077083272,-0.0032549046,-0.0215933650,0.0053520288,0.0038517593,-0.0024931208,-0.0052980332,-0.0136845060,-0.0055042229,0.0351633469,0.0121744515,-0.0293285837,0.0279488884,0.0039054521,-0.0353459544,-0.0075025941,-0.0123252528,-0.0092018065,0.0033997945,-0.0061876008,-0.0173273960,-0.0133294481,-0.0065515118,0.0335223801,0.0401468515,-0.0001366967,0.0013893176,-0.0114856934,-0.0170766951,0.0051354381,0.0098231829,0.0086141094,-0.0102520887,-0.0038769118,0.0002330875,0.0073555646,0.0016672217,0.0019348255,0.0013948308,-0.0251095757,0.0079466172,0.0276658879
499.0000000000,0.0089420111,-0.0089012549,0.0207831987,-0.0255447584,0.0097821910,-0.0014137279,-0.0099444449,-0.0026959621,-0.0098354142,-0.0213121483,-0.0062471550,0.0016465387,0.0090927533,0.0181872579,0.0041833455,0.0345318202,0.0049205288,-0.0072946061,0.0142990064,0.0001742172,0.0165963944,-0.0083549031,0.0145254934,-0.0269510400,0.0005717198,0.0064334647,0.0087843832,-0.0056463557,-0.0102444054,0.0267734147,0.0113978602,0.0253075596,0.0011118315,0.0289683255,0.0159216954,-0.0206513315,-0.0020163296,0.0083086314,0.0087095477,0.0213488720,-0.0078632542,-0.0131774430,-0.0052707186,-0.0216252836,0.0072291572,0.0304866713,0.0097543633,-0.0080710119,0.0018982726,-0.0169504586,-0.0096387795,0.0142881855,-0.0195323424,0.0263245621,0.0083935809,-0.0301078354,0.0194320400,0.0346225397,0.0176523437,0.0121467320,0.0028686286,-0.0105809757,0.0132551361
500.0000000000,0.0181519738,0.0010976718,0.0180824364,0.0016876840,0.0281019684,-0.0178221172,0.0058578619,0.0104034051,-0.0154217933,-0.0524443796,0.0029983983,0.0237572150,-0.0185608510,0.0199082873,0.0060801124,0.0129422479,0.0036853136,-0.0078090518,-0.0110526598,0.0035319796,0.0078951436,-0.0300752473,-0.0170212897,-0.0018611294,0.0133532986,-0.0094315940,0.0261564838,0.0074158184,0.0065947742,-0.0069246583,0.0096208855,0.0165813866,-0.0144807862,0.0312779925,0.0178960308,0.0024555077,-0.0084380044,-0.0060262451,-0.0188343051,-0.0004726542,-0.0531437069,-0.0217147143,-0.0246204249,-0.0030449684,0.0089550977,0.0363150595,0.0154450968,0.0141914012,-0.0119022076,-0.0005376912,-0.0092318137,-0.0006822300,-0.0091734891,0.0203859750,-0.0131816927,-0.0440048254,0.0020157680,0.0052740597,0.0005568001,0.0111214829,-0.0169278520,0.0145962254,-0.0013165285
