1.0000000000,-0.0023661872,0.0063603740,-0.0011235511,-0.0065488584,-0.0079050240,0.0181466589,-0.0002685677,-0.0192682482,0.0033049225,0.0104284832,0.0323324991,-0.0208006492,-0.0007578006,0.0284238943,-0.0458470005,0.0259085868,-0.0196290010,0.0107310932,0.0014054700,0.0124136539,0.0063331017,0.0374883564,0.0182408596,-0.0012421173,-0.0090921679,0.0316119936,0.0034332290,-0.0003402378,0.0141819296,-0.0229073259,0.0182902715,0.0151293553,0.0085732626,-0.0114561569,0.0090944337,0.0084595180,0.0378545136,-0.0025900710,-0.0169823560,0.0001953648,0.0004946365,-0.0367981119,-0.0205812854,0.0189113677,0.0040061354,-0.0356503956,0.0219994975,-0.0111010781,-0.0108125834,0.0246032231,0.0167257831,-0.0032923477,0.0181987694,0.0073809947,-0.0048208509,0.0154741373,0.0091711651,0.0049438725,0.0074677110,-0.0034477741,-0.0244333725,-0.0063256036,0.0091648048
2.0000000000,-0.0121970772,-0.0061192317,0.0128672465,-0.0092628341,-0.0105669322,0.0229189126,0.0538464227,-0.0197403085,0.0179115062,-0.0018794147,0.0194955547,-0.0090708960,-0.0349608019,-0.0009464546,-0.0070581873,0.0380648426,0.0036193664,-0.0180781451,-0.0121604191,0.0035791542,0.0078386454,0.0159377895,0.0133591900,-0.0113343649,-0.0022104660,0.0318771954,-0.0006253558,0.0257005907,-0.0073831347,-0.0274841633,-0.0054547071,-0.0121716340,0.0035761259,0.0336344859,0.0092416588,0.0067666806,0.0333591564,-0.0060975262,-0.0189647038,0.0116302921,0.0017367250,-0.0048481233,0.0028607500,0.0216750463,0.0052764810,-0.0290228562,0.0221902103,-0.0256627579,-0.0253046715,0.0178626495,0.0156214261,-0.0041510054,0.0230772422,0.0040989764,0.0016197048,0.0004953482,0.0232065559,0.0223305993,-0.0192913127,-0.0214553981,-0.0183921347,0.0159563592,0.0104652254
3.0000000000,-0.0071545965,0.0048701359,-0.0150163212,-0.0125209174,0.0001142990,0.0138062419,0.0020332077,0.0002845462,-0.0005053579,0.0250107669,0.0188084886,-0.0046147247,-0.0025411062,0.0046705604,-0.0149333560,0.0200014018,-0.0032300158,-0.0021285879,0.0103547692,-0.0080648694,-0.0198801104,0.0079210608,-0.0062638041,-0.0066596311,-0.0056635965,-0.0044673852,0.0204075914,0.0097707324,0.0080841754,-0.0069292013,0.0084081773,0.0050041368,0.0143721450,0.0100615185,-0.0102769015,0.0071084377,0.0038535611,0.0025201853,-0.0042533059,-0.0166081941,-0.0024450305,-0.0118090961,-0.0008005469,-0.0148837386,-0.0040206515,-0.0030781762,0.0087619634,-0.0256365764,-0.0057433482,0.0131017084,0.0005322195,-0.0024030492,0.0226573532,-0.0125555273,-0.0102425484,-0.0016974020,0.0058735972,0.0067387725,-0.0043512339,-0.0041893846,0.0078348187,-0.0164163128,0.0162405543
4.0000000000,-0.0084314674,0.0116790960,0.0005419349,-0.0094053002,0.0101834166,0.0138301201,-0.0002349162,-0.0374596291,0.0154513791,0.0072705459,-0.0074901152,-0.0211700663,-0.0048122564,-0.0040897171,-0.0074473325,0.0082350554,-0.0081773986,-0.0081062405,0.0078161904,0.0008613676,0.0030852050,0.0191793266,0.0013375386,-0.0023401520,0.0019619015,0.0339994707,0.0009101442,0.0072701257,0.0033001362,-0.0058216614,0.0009371652,0.0362045728,0.0009288196,0.0366719363,-0.0090850305,-0.0278400338,0.0396139770,0.0155743658,-0.0006009073,0.0083476054,-0.0161252273,-0.0195247038,-0.0004466479,0.0053431543,-0.0220820129,-0.0419376373,-0.0200796768,-0.0225788629,-0.0116635804,0.0206371996,0.0181996711,-0.0029524610,0.0035755094,0.0074127258,0.0163971161,-0.0198853839,-0.0014258495,0.0134097514,-0.0019138080,0.0100006529,-0.0090411408,0.0154258825,0.0257942280
5.0000000000,0.0079183673,-0.0099336867,-0.0005736349,-0.0342927822,-0.0088794393,-0.0085420489,0.0234285974,-0.0228780195,-0.0026922043,0.0171067688,-0.0004475221,-0.0237435678,-0.0208896208,0.0026316888,0.0061645269,0.0144589584,0.0138737347,0.0173375091,0.0028717954,0.0111457342,-0.0057343537,-0.0027718996,-0.0184521106,-0.0163387684,0.0118106638,0.0268444805,-0.0096779044,-0.0247044624,-0.0318091760,0.0313660033,0.0052796116,0.0306741149,0.0241671652,0.0166910821,0.0054374718,-0.0034587567,0.0332426051,0.0112305035,-0.0001169357,0.0029747829,0.0026932549,-0.0174097312,-0.0262218093,-0.0080791635,0.0064769319,-0.0118818693,0.0068115204,-0.0091849082,-0.0018107448,0.0212974788,-0.0039603366,0.0206816354,0.0164075107,0.0021863228,-0.0123020979,0.0081429493,-0.0169510958,0.0055481002,-0.0095267446,-0.0014031659,-0.0113620538,-0.0112178101,-0.0000607589
6.0000000000,0.0081100540,0.0035946597,0.0094813133,-0.0101189284,0.0055359613,-0.0144855075,-0.0002905028,-0.0098276727,0.0108896225,0.0122825380,-0.0072129125,-0.0226278271,0.0030041271,0.0166518441,-0.0016724617,0.0119451137,0.0020315916,-0.0309362189,0.0238038628,0.0104259817,0.0051371010,0.0269030392,0.0111741348,-0.0151051135,0.0083618380,0.0251885725,-0.0198514583,0.0073829025,0.0039878169,-0.0050931699,-0.0126230814,0.0011258355,-0.0035729757,0.0139374930,-0.0217260461,-0.0172790995,0.0194818884,-0.0241951916,-0.0115658608,-0.0182679473,0.0015536737,0.0035534879,-0.0113734677,0.0143307712,0.0137327759,-0.0256751664,0.0296388704,-0.0117713593,-0.0066114492,0.0219531668,0.0048694581,-0.0093525097,0.0182114165,-0.0188384249,-0.0012006129,0.0121795330,-0.0066607337,0.0019154795,-0.0235286550,-0.0019143524,0.0013894401,0.0019484688,0.0155811218
7.0000000000,0.0176573813,-0.0029046335,0.0181303826,-0.0027113439,0.0071427414,-0.0021442363,0.0210686873,-0.0520132717,-0.0029830080,-0.0089075405,0.0089895088,0.0021492712,-0.0177575825,-0.0115664631,-0.0227944743,0.0000566950,0.0172136091,0.0008721555,-0.0052511336,-0.0049423091,-0.0022968912,0.0165412317,0.0064300412,0.0037021245,-0.0080916780,0.0124242935,0.0146351711,-0.0071023107,0.0047106626,-0.0141760155,-0.0057948627,0.0027341113,-0.0061310576,-0.0088023981,0.0068819659,-0.0184287915,0.0270530900,-0.0165141721,-0.0052005368,0.0126566403,-0.0149677799,0.0061625592,-0.0028838306,0.0055216966,-0.0040751518,-0.0133589023,0.0073050211,-0.0139440245,-0.0336294769,-0.0024410933,0.0092608705,-0.0115681927,0.0163379182,0.0070861929,-0.0177017271,0.0094692986,-0.0081757917,-0.0003036672,0.0046030018,-0.0083593524,-0.0226994015,-0.0058967022,-0.0025399806
8.0000000000,-0.0032016320,-0.0115711660,-0.0077412961,0.0227085315,-0.0025435067,-0.0097875491,-0.0182792066,-0.0256947585,-0.0029787018,0.0238333777,0.0071809337,-0.0035973262,-0.0099146887,-0.0099808110,-0.0224438207,-0.0049631439,-0.0136404305,0.0004712177,0.0005881986,-0.0009614153,-0.0088763641,0.0105769571,0.0211676168,-0.0132023623,0.0124768999,0.0095452784,-0.0204522218,0.0003746888,0.0033135243,0.0078278996,0.0195790950,0.0057154184,0.0202786220,0.0084674771,-0.0072122485,-0.0187228088,0.0376914811,-0.0160124031,0.0168525864,-0.0117097870,-0.0044967662,0.0063149452,0.0135836694,-0.0025548900,-0.0149124088,-0.0497922050,0.0012455981,-0.0115995622,-0.0054704603,0.0025881952,0.0073653243,-0.0081585258,0.0053980663,0.0000441724,0.0013913385,0.0039206357,0.0003609432,0.0207093530,-0.0344055336,0.0022341967,0.0060864446,0.0018346161,0.0164476504
9.0000000000,-0.0046263828,0.0004064596,-0.0024141195,0.0042264844,-0.0240523005,0.0168333039,0.0064384486,-0.0213720068,0.0053726954,0.0232246921,0.0065511140,-0.0047563383,-0.0023603610,0.0000224309,-0.0022411324,0.0291739682,0.0031485974,-0.0093369945,0.0147716797,-0.0018023760,-0.0216736145,0.0168927080,0.0129133110,0.0114778622,0.0028159943,0.0224306397,-0.0025403475,0.0104819091,0.0005224856,-0.0096258541,-0.0076878663,0.0013367725,-0.0075023632,0.0372304906,-0.0156184114,-0.0170941914,0.0524403961,-0.0134562535,0.0061524205,-0.0215552482,-0.0361958609,-0.0264423064,0.0025877990,0.0111915486,-0.0010476738,-0.0323941660,0.0100364080,-0.0139801427,-0.0111334000,0.0085186016,0.0120924413,0.0007166961,0.0294272818,-0.0035197684,0.0087159870,0.0082939052,-0.0051530196,0.0208283173,0.0280374197,-0.0087765899,-0.0076949308,0.0159966142,0.0332863642
10.0000000000,0.0192688970,-0.0136510301,0.0002845160,-0.0147200372,-0.0056491395,0.0024390321,-0.0126288780,-0.0247345317,0.0085003424,0.0170841655,-0.0008825912,0.0035704878,-0.0026298544,0.0067314016,-0.0098146749,0.0243737931,0.0084696077,-0.0009566800,0.0075750782,-0.0117753297,0.0030420247,-0.0061536256,0.0083368245,0.0078320270,0.0007279330,0.0442167814,0.0247409020,-0.0028275479,0.0185328791,0.0098312525,0.0078576879,0.0134083213,0.0140744239,0.0071531080,0.0066015111,0.0009747475,0.0345172385,-0.0046733027,-0.0060405126,0.0131926694,-0.0156960004,0.0065283172,0.0014006859,0.0217682186,0.0040096736,0.0035559941,0.0022233633,0.0093359351,-0.0158193536,0.0085189309,0.0136843816,-0.0153177700,0.0180218384,0.0089333503,-0.0106010751,-0.0000902451,0.0105062655,0.0108979572,-0.0132739631,-0.0113079516,-0.0218775970,0.0065180472,0.0186261012
11.0000000000,0.0135114481,0.0054107164,-0.0185746367,0.0159912573,-0.0034969864,-0.0006387959,-0.0021481126,-0.0200961942,0.0065902777,0.0224438963,0.0166107330,-0.0018603975,-0.0043724967,-0.0141024137,-0.0080992769,-0.0008756220,-0.0004807428,-0.0113972800,0.0056899725,0.0045779507,-0.0107086316,0.0145115256,0.0120773195,0.0072748582,0.0157175055,0.0224775002,-0.0202827645,0.0072870953,0.0071097562,0.0003113039,-0.0067718748,0.0072622924,-0.0003763953,0.0164151970,-0.0055460407,-0.0121538290,0.0032581348,-0.0140103799,0.0010087018,-0.0075308823,-0.0267207995,-0.0194877105,0.0132010450,0.0116309347,0.0064159733,-0.0148448419,0.0065177729,-0.0192233760,-0.0173488536,0.0120302212,0.0014936837,0.0035901249,0.0060235484,0.0117469386,-0.0132117955,-0.0105286325,0.0338306684,0.0106069457,-0.0088867564,0.0045856961,0.0059690035,0.0045721161,0.0157951530
12.0000000000,-0.0043236590,-0.0075512915,-0.0046514778,0.0088029448,-0.0096715182,0.0164018854,0.0097544780,-0.0351175597,0.0274063473,-0.0018841625,0.0182132921,0.0030196741,0.0015760700,0.0219674386,0.0069545679,0.0147496113,0.0055273305,-0.0264641345,0.0117032103,0.0123535074,0.0109116556,-0.0047415481,0.0024269213,-0.0295048859,0.0025923385,0.0244598136,-0.0129255909,0.0009512891,0.0013334011,-0.0292138082,0.0288333218,0.0129608611,0.0091170386,0.0009976013,0.0322158289,-0.0148596714,0.0333657192,-0.0134059371,-0.0060951425,-0.0031764878,0.0028708397,-0.0327569303,-0.0276845442,-0.0059274454,0.0028256633,-0.0204868428,0.0121291782,-0.0077873900,-0.0151286855,0.0115831395,0.0022525905,0.0105660451,0.0258707430,-0.0079146681,0.0059142840,-0.0017149231,-0.0082120097,0.0128417520,0.0013984263,0.0108009808,0.0037911670,-0.0106335446,0.0143371877
13.0000000000,0.0023842269,0.0129842035,0.0159765139,-0.0272193866,-0.0135498417,-0.0046083243,0.0103062133,-0.0237153925,-0.0114647282,0.0122515216,-0.0131107008,0.0015555289,-0.0182095061,0.0039264941,-0.0188265864,0.0041000509,-0.0006398598,-0.0000155266,0.0051490023,-0.0166884606,-0.0350961927,0.0146204680,-0.0012234761,-0.0000385226,-0.0032273217,-0.0156899872,-0.0129807793,-0.0179562228,0.0053627874,-0.0072369733,0.0049677636,0.0161536629,0.0072216039,0.0287891663,-0.0008997529,0.0043792652,0.0266711052,0.0127799558,-0.0093816470,0.0030766879,-0.0198809665,-0.0201386889,0.0004342122,0.0109548088,0.0081086028,-0.0191957161,0.0050173940,0.0102804164,-0.0392045213,-0.0048666552,0.0127738214,0.0128858350,0.0129338488,-0.0105923554,0.0196805794,-0.0170340589,-0.0032451219,0.0122765800,0.0083939916,-0.0033799400,-0.0428442990,-0.0065118135,0.0393734437
14.0000000000,0.0034705959,-0.0013061895,0.0123450991,-0.0104153574,-0.0322945211,-0.0021799140,0.0073454629,-0.0012371303,0.0028792771,0.0031759499,-0.0184171608,-0.0265671228,-0.0083853054,-0.0014633074,-0.0034452921,-0.0046840960,0.0011491130,0.0005723226,0.0041801556,-0.0079629693,0.0049081654,0.0180401603,0.0141338847,-0.0133838805,-0.0077639603,0.0150896418,-0.0117078961,0.0021209301,-0.0006859853,-0.0201348870,-0.0012485377,0.0027228198,0.0084500999,0.0126361479,0.0103951249,-0.0076267534,0.0316807567,0.0070905731,-0.0013851131,-0.0045751966,-0.0016046972,-0.0152604893,-0.0125682477,-0.0126501816,0.0206488551,-0.0169256746,0.0202887228,-0.0256352369,0.0130659936,0.0270758470,-0.0002399945,0.0131706547,0.0137111780,-0.0024626545,0.0055698882,0.0011435679,-0.0092587444,0.0004456726,0.0089810719,0.0045196285,0.0088011103,0.0141067409,0.0220772519
15.0000000000,0.0089011563,-0.0065207835,0.0079369191,-0.0118387572,0.0159705484,0.0221094855,0.0001371557,-0.0337571122,0.0031739267,0.0078829038,-0.0219699536,-0.0128072051,0.0019354543,0.0103056217,-0.0084564360,-0.0093730938,0.0010774475,-0.0261545255,-0.0049135288,0.0020989537,0.0007495700,0.0195614919,0.0023284924,-0.0061415705,0.0315383062,0.0310667188,-0.0199539302,0.0003396331,-0.0209867602,0.0097346403,-0.0140484704,-0.0079619488,0.0045705112,0.0080452109,-0.0174034308,-0.0110230536,0.0142390942,-0.0073859864,0.0096352641,0.0076775901,-0.0045145389,-0.0005219669,-0.0200306811,0.0028832946,0.0011212785,-0.0207902166,0.0201879321,0.0091417465,-0.0175742107,0.0295870719,0.0124441548,-0.0089621559,0.0453560342,0.0177347703,-0.0030683683,0.0018900535,0.0268119556,0.0197820007,0.0078066106,0.0015493436,-0.0221101701,-0.0075916451,0.0228752144
16.0000000000,-0.0087732568,0.0062528906,0.0032331945,-0.0063288643,-0.0156285574,-0.0108940597,-0.0091599045,-0.0281397976,0.0039595864,0.0352211375,0.0064183819,-0.0188594455,-0.0163554678,-0.0077813197,-0.0307470283,0.0198852311,-0.0213821435,-0.0115006494,-0.0034283391,0.0017988353,-0.0007458747,0.0188250345,-0.0086936734,-0.0075637678,-0.0112213790,0.0269442104,0.0054632014,0.0018765017,-0.0177428739,-0.0340781562,-0.0128496773,0.0019024697,-0.0087025253,-0.0010414979,0.0122585571,-0.0154906781,0.0375038107,0.0041690923,0.0051311122,-0.0095864136,-0.0195134168,-0.0083057879,-0.0048457719,0.0125049914,-0.0140253481,-0.0165071921,-0.0003059138,-0.0164311993,-0.0186924778,0.0131882072,0.0202122849,-0.0074863279,0.0264477871,-0.0058829551,0.0029569211,0.0175695035,-0.0073672060,0.0170782107,-0.0118399791,-0.0047057469,-0.0195491958,0.0088092339,0.0323449279
17.0000000000,0.0032876987,0.0137154139,0.0025468093,-0.0113545319,-0.0049536830,0.0099586402,0.0112273578,-0.0316050084,0.0033261638,-0.0029746501,0.0192242641,-0.0065261807,-0.0073114684,-0.0095119838,-0.0273290041,0.0170236215,-0.0072351239,-0.0101623188,0.0005344941,0.0104303151,-0.0243124187,0.0166028109,-0.0055624725,0.0128604200,0.0174844749,0.0484267090,0.0035099079,-0.0018357759,0.0021535191,0.0149048734,0.0132267651,0.0253105743,0.0139009899,0.0188045473,-0.0019848894,-0.0291301242,0.0375738711,0.0010185471,-0.0097317336,0.0035088124,-0.0034158384,-0.0169896970,-0.0072135214,0.0039657529,-0.0016493381,-0.0351366705,0.0095484590,-0.0257794252,-0.0186431564,0.0275111506,0.0182399429,-0.0112364939,0.0267624889,-0.0283037727,-0.0020317251,0.0128987038,0.0124103825,0.0147048149,0.0099964719,-0.0158638538,-0.0314502454,0.0209004597,0.0062395697
18.0000000000,-0.0089340934,-0.0011044291,0.0081287522,0.0075881342,0.0058625544,0.0069723640,0.0213972889,-0.0162007511,-0.0085407323,-0.0009515747,-0.0100524286,0.0022751060,0.0036721858,0.0159965356,-0.0134849360,0.0081290432,0.0043194485,-0.0167811972,-0.0003723978,0.0020778948,0.0130372647,0.0192779761,0.0099008794,-0.0018806256,-0.0040884089,0.0126551256,-0.0069717926,-0.0033343095,0.0142128590,0.0062109827,-0.0162283738,-0.0022415229,-0.0112642923,0.0250069934,0.0099869969,-0.0231363229,0.0355042551,-0.0112986880,-0.0048255121,0.0081892458,-0.0080559642,-0.0202333481,-0.0081090047,0.0126579888,0.0064167718,-0.0346552451,0.0129978899,-0.0098996903,-0.0266679192,0.0102072639,0.0149068464,0.0068751439,0.0145211773,0.0065951271,0.0014298562,-0.0076992541,-0.0036658925,0.0180687671,-0.0120227443,-0.0083438655,-0.0202956061,-0.0215868695,-0.0049550187
19.0000000000,0.0096356816,-0.0134748582,-0.0047572135,-0.0210255486,0.0181155392,0.0404469860,0.0124126975,-0.0168610251,-0.0096729805,0.0165264419,0.0089466981,-0.0038118841,0.0168235217,-0.0077279662,-0.0269135136,0.0171216903,-0.0142819137,0.0012903209,0.0074260515,-0.0188147265,0.0099700543,0.0234899774,0.0029967443,-0.0041954014,-0.0046481906,0.0234819634,-0.0232541850,0.0018729628,0.0101519107,-0.0096631188,0.0103207041,-0.0013025543,0.0118814966,0.0180239605,0.0103666281,-0.0260259993,0.0370377939,0.0053196863,-0.0118741576,-0.0052404353,0.0150178670,-0.0167950832,-0.0147123433,0.0091982214,-0.0218808129,-0.0407586376,0.0003030401,-0.0012884957,-0.0246285630,0.0116081464,0.0323929152,-0.0055874644,0.0195468770,-0.0085676675,-0.0060253741,0.0048331742,0.0112385468,0.0010831559,0.0106515655,0.0038409494,-0.0097313681,0.0148176242,0.0356120309
20.0000000000,0.0223342413,0.0103619062,-0.0030064726,-0.0135088149,-0.0100682599,-0.0166102897,0.0101979588,-0.0316120756,0.0056572366,0.0096572623,-0.0086639448,-0.0123693677,-0.0170162977,0.0157093707,-0.0073778938,0.0292250423,-0.0062661084,0.0015146252,-0.0159988272,0.0046718106,-0.0017619160,0.0114637398,0.0170387180,0.0163590231,-0.0015471093,0.0277030363,-0.0039828126,0.0060244976,0.0074023621,-0.0117230800,-0.0037904795,0.0391031254,-0.0026308807,0.0310718000,0.0040007641,-0.0151082418,0.0379429265,-0.0032470781,-0.0036424527,0.0138819662,0.0066033463,-0.0035998963,-0.0018789834,0.0169155038,-0.0130917853,-0.0393971725,0.0113026857,-0.0087037222,-0.0286024956,0.0302591587,0.0112046491,-0.0145575732,0.0257358240,-0.0110751461,-0.0017653890,-0.0079689238,0.0117138363,0.0107133515,-0.0004564303,-0.0199905621,-0.0498003754,-0.0121098087,0.0140077721
21.0000000000,-0.0112255637,-0.0088867451,0.0085374450,-0.0032997451,-0.0097420924,0.0049057405,-0.0075136922,-0.0029312148,0.0046126878,0.0032756275,0.0111173407,0.0085383370,0.0035828789,0.0006524317,0.0058155112,0.0041511115,-0.0006779497,-0.0065645282,0.0084229796,0.0073176771,0.0097748431,-0.0158979313,0.0205528823,-0.0112732776,0.0088550603,0.0166382301,0.0023337218,0.0102955555,-0.0005833061,0.0042110598,0.0017693543,-0.0134520233,0.0059956105,0.0046269783,0.0134945210,-0.0083293013,-0.0035064551,-0.0169093423,-0.0126898849,0.0164766535,0.0021031417,-0.0152868119,0.0044416121,-0.0024512176,-0.0132063894,-0.0150242490,-0.0134612229,0.0040317154,-0.0090893442,0.0202580136,0.0001055718,0.0081449423,0.0164811957,0.0156101225,-0.0224533837,-0.0221628689,0.0102052689,-0.0186574659,-0.0161658424,-0.0013828597,-0.0157939142,0.0104974009,-0.0091406893
22.0000000000,0.0059570410,0.0035453868,-0.0140601776,-0.0347064134,-0.0007863945,0.0071798500,-0.0042266901,-0.0312151709,0.0207310674,0.0202919618,-0.0129119790,0.0314103844,0.0016661452,-0.0132931361,-0.0127570598,0.0135469778,0.0052704351,0.0070322262,0.0173682124,0.0074253098,0.0134435523,0.0324128643,0.0000988788,0.0059721668,0.0106689875,0.0044841802,-0.0091948499,0.0156973978,0.0132185321,0.0037106256,-0.0013020230,0.0219617414,0.0112011774,0.0052920346,-0.0103930752,-0.0165266246,0.0286065029,-0.0080700469,0.0041154376,-0.0088122587,-0.0212886296,-0.0305889311,-0.0061903398,0.0296348033,0.0202971532,-0.0324525165,0.0021814643,-0.0100832163,-0.0120650224,0.0164543845,0.0064452195,0.0076382482,0.0334389549,-0.0165566626,-0.0030763011,-0.0072853375,-0.0059429684,0.0149421747,0.0035586692,-0.0066030566,0.0132925278,-0.0177482626,0.0080936109
23.0000000000,0.0037810016,0.0038299639,-0.0008925195,-0.0213552273,-0.0105867501,0.0310204879,0.0193826587,-0.0180758512,0.0319254050,-0.0000063499,0.0135342753,-0.0108001431,0.0074801424,0.0089594227,-0.0221275789,0.0018149164,0.0011286939,-0.0008291809,0.0093190672,-0.0154262244,0.0094163971,0.0148985502,0.0273297637,0.0149326948,0.0092212537,0.0195224888,-0.0099341898,0.0169582357,0.0063449641,0.0130380176,-0.0123965132,-0.0095984939,0.0083780675,-0.0089612324,-0.0037026874,-0.0055717437,0.0215113838,-0.0144137812,0.0042491943,0.0030899137,0.0051820098,-0.0197385021,0.0147126389,-0.0006877610,0.0142192091,-0.0198624071,0.0012827895,0.0023489409,-0.0088539514,0.0177174318,0.0163671597,0.0051005229,0.0099077065,-0.0010804067,-0.0215960548,-0.0053889811,-0.0341695272,-0.0097438285,-0.0158071282,-0.0260259357,-0.0021990471,0.0013706175,0.0102444744
24.0000000000,0.0153419432,0.0138746974,0.0109301218,-0.0054059205,0.0046611707,0.0017118577,0.0160485560,-0.0198485453,-0.0025260983,0.0077792203,-0.0082250976,-0.0231239842,-0.0160521192,0.0115078264,-0.0100188829,0.0158184512,-0.0346855815,-0.0124683118,-0.0067538897,0.0286746286,-0.0133533146,0.0197698040,0.0118901895,-0.0167372477,0.0091471366,0.0311957486,-0.0151019858,0.0026732771,0.0095069322,-0.0125323584,-0.0020606780,0.0117118329,-0.0142769362,0.0351211306,-0.0158611693,-0.0151800789,0.0216721421,-0.0216556747,-0.0078247844,0.0044553084,-0.0044770323,0.0028707270,-0.0131462012,0.0080659851,0.0073225989,-0.0275621746,0.0074815112,-0.0006655102,-0.0087727003,0.0033177993,0.0131972767,-0.0017327498,0.0074701052,0.0026800594,-0.0010672221,0.0134083371,-0.0109473341,0.0026282568,-0.0002255607,-0.0207556762,-0.0219774864,-0.0062058466,0.0199367153
25.0000000000,0.0153415554,0.0109674610,0.0177609127,-0.0098693674,0.0127658675,-0.0081401208,-0.0204929758,-0.0196034646,0.0027233448,-0.0051974313,-0.0166605223,0.0045759870,-0.0021325210,0.0120197163,0.0155906332,0.0086695503,-0.0040882810,-0.0235998584,-0.0096619095,-0.0014337700,0.0042907563,-0.0008258089,-0.0001413715,-0.0182487201,-0.0066959827,0.0102191926,-0.0145810563,0.0097710163,-0.0197384168,0.0129155529,-0.0138996040,0.0113439694,-0.0160275141,0.0240367288,-0.0069311671,0.0052736519,0.0085258309,-0.0168158711,-0.0192609095,-0.0152082959,-0.0176384309,0.0071525974,-0.0277011863,0.0335583336,0.0043352676,-0.0128236303,0.0063794380,-0.0228776898,-0.0164287197,0.0306623788,0.0091949173,0.0001604212,0.0226144487,0.0068498568,0.0017619885,0.0095442470,-0.0090873485,0.0014034010,0.0193865959,0.0059888231,-0.0187601948,-0.0032312653,0.0168859449
26.0000000000,0.0152942628,-0.0107933592,0.0041246427,-0.0131317412,-0.0194547995,0.0257812880,0.0091919284,-0.0248662894,0.0065971520,0.0107338290,0.0105626774,0.0031012564,-0.0084785204,0.0033624128,-0.0134975332,0.0034486239,-0.0111678745,-0.0140558826,-0.0131359521,0.0115681196,0.0101044757,0.0036067213,0.0008843962,0.0142223624,-0.0173393203,0.0294125939,-0.0165965758,-0.0149733536,0.0013774954,0.0218127831,-0.0001887943,-0.0120844492,-0.0128827258,0.0029041118,0.0002074592,-0.0161435756,-0.0013947747,-0.0125236865,-0.0017218090,0.0200522916,-0.0114089145,-0.0265587453,0.0043378415,0.0249950795,-0.0105035996,-0.0092931162,0.0099682306,-0.0067252951,-0.0032558520,0.0031754959,0.0015845333,0.0149968434,-0.0065345309,-0.0026743316,0.0071179825,0.0155473059,-0.0179176932,0.0109614471,0.0089493581,0.0022262297,-0.0131552563,-0.0064875793,-0.0026362044
27.0000000000,-0.0163963974,0.0277535718,-0.0009820516,0.0106082432,-0.0011568897,0.0062715632,-0.0003671141,-0.0096987748,-0.0134248645,0.0064634434,0.0011177117,0.0239925888,-0.0004325050,0.0078915040,-0.0111714585,0.0250696056,-0.0103631233,-0.0027718761,-0.0114820142,0.0034480348,-0.0190903881,0.0065939692,0.0148471496,0.0121844492,0.0015463462,0.0171676011,-0.0049704711,-0.0157434088,0.0152818693,-0.0097240848,0.0134423655,0.0072419200,0.0000855711,0.0086424150,-0.0090973772,-0.0002225063,0.0301454780,-0.0054677085,0.0007319885,-0.0197019217,0.0030631509,0.0081655668,-0.0189813224,0.0067237802,-0.0054239847,-0.0121719916,0.0039701286,0.0117030817,-0.0059996481,0.0196225191,-0.0019294352,0.0007457277,-0.0042877655,0.0000878001,0.0016629490,0.0054392419,-0.0015823035,0.0095217737,-0.0039223059,-0.0008475877,-0.0007431700,0.0182470693,0.0009232803
28.0000000000,-0.0119023075,0.0100327674,0.0024360050,0.0014430293,-0.0053879057,0.0057611203,0.0050295685,-0.0337164830,0.0012819104,0.0047002610,-0.0105055404,-0.0215486187,-0.0133403003,-0.0045552066,0.0084778745,0.0063167753,-0.0036400259,-0.0004376029,0.0029439444,0.0205561587,0.0138432753,0.0132438097,0.0070155418,0.0163702277,-0.0011224955,0.0098638000,-0.0050997766,-0.0019376368,0.0057119108,-0.0142527064,0.0117090775,0.0060596570,-0.0081014441,0.0251050399,0.0040113696,-0.0075451863,0.0437701940,-0.0012831590,0.0197206073,-0.0118702633,-0.0081831211,-0.0309996051,0.0082590022,0.0288679452,-0.0150569506,-0.0085872474,0.0052547730,-0.0094102959,-0.0131527995,0.0204709303,0.0288050294,0.0165243213,0.0026377321,-0.0207560260,-0.0086065976,0.0045583976,0.0173225489,0.0188676823,-0.0077640554,-0.0074426126,-0.0254031915,0.0084220178,0.0210597194
29.0000000000,0.0114712562,0.0120257472,0.0312050749,0.0015168417,0.0021942526,-0.0139378011,0.0139496947,-0.0263931094,0.0132562525,0.0133605522,0.0121354254,-0.0132630046,0.0014228180,0.0068390974,-0.0156381444,-0.0066295688,0.0121868524,-0.0214741937,0.0003411027,0.0065982301,0.0017949724,-0.0030270639,0.0110925062,-0.0043978048,0.0321003070,0.0197086008,-0.0128179362,0.0031456125,-0.0008596349,-0.0039606291,0.0072280368,0.0156391078,0.0020813645,0.0090111205,0.0084041052,0.0043636741,0.0185760825,-0.0178843623,0.0080390946,-0.0040337827,-0.0036152324,-0.0202682959,0.0219840221,-0.0015474402,0.0165119918,-0.0319305399,0.0133586638,-0.0026861358,-0.0282992165,0.0068198399,0.0143098913,0.0084742415,0.0354388911,-0.0072932232,0.0044256818,-0.0207958350,-0.0004619128,-0.0008183403,-0.0150876152,0.0072069401,-0.0180429830,-0.0211331918,0.0391553945
30.0000000000,0.0014213719,0.0099085450,0.0288022066,-0.0222021950,0.0074634741,0.0196308725,-0.0020957751,-0.0377442406,0.0034075614,0.0089288831,0.0061397039,-0.0070475962,-0.0144811933,0.0140566088,-0.0165875670,-0.0121610761,-0.0199122737,0.0056886982,0.0200343923,-0.0149079623,-0.0202095913,0.0187028130,-0.0003550826,0.0060807852,-0.0040370503,0.0260873662,-0.0144511909,0.0268382811,-0.0058607222,-0.0117346165,0.0076994134,-0.0225885910,0.0012552282,0.0085595160,-0.0111217654,-0.0093452545,0.0265371135,-0.0078805174,0.0139226761,0.0185602874,-0.0213398792,-0.0060329265,0.0079480967,0.0014688804,-0.0075841042,-0.0104704422,0.0263520873,0.0138249979,-0.0200630791,0.0202715162,0.0068138182,0.0294806677,0.0131073012,-0.0069030106,-0.0119439152,-0.0164633245,0.0050861122,0.0072653885,0.0008070828,0.0037730807,0.0015205312,0.0116399585,0.0152505222
31.0000000000,0.0019202614,0.0113502287,-0.0014759955,-0.0191910148,-0.0097511923,-0.0022849307,-0.0142902269,-0.0303380628,0.0194653699,-0.0040437114,-0.0086587216,-0.0029141914,-0.0072340477,0.0019839826,-0.0126030225,0.0055994613,-0.0039924089,0.0101624548,-0.0059497618,0.0255221562,-0.0257420364,0.0201624026,0.0279331914,-0.0217332554,0.0074584020,0.0252745509,-0.0125408715,0.0439661038,0.0002615320,-0.0149351103,0.0218592444,0.0168907327,0.0138693416,0.0043128097,0.0005897545,-0.0006970268,0.0268844078,0.0000991651,0.0072023234,-0.0109255498,0.0079933747,-0.0407757323,0.0157914955,0.0113779817,-0.0016943111,-0.0169990797,0.0237752192,-0.0064489845,-0.0286834149,0.0252935426,-0.0034386769,-0.0011524518,0.0331349212,0.0028349095,0.0118859733,-0.0137685769,0.0201679225,0.0180582203,0.0014706066,-0.0038569815,-0.0281489421,0.0180100716,0.0134274574
32.0000000000,0.0014589929,-0.0036416246,0.0125030331,-0.0181843466,-0.0120071280,0.0200614388,0.0180676137,-0.0298637680,0.0042554988,0.0109569144,0.0104596942,0.0132194365,-0.0078672524,0.0321748444,-0.0046913900,0.0268478535,-0.0144363761,0.0163321119,0.0046854139,0.0132653177,-0.0067195789,0.0158210339,0.0009445687,-0.0257146705,0.0010729476,0.0326250885,-0.0028313160,0.0035013516,0.0064722459,-0.0007550648,-0.0024416776,0.0066256460,-0.0012201491,0.0057182353,0.0230929910,-0.0305733903,0.0023276140,-0.0070115443,0.0107025534,0.0079373142,0.0034509340,-0.0036547878,0.0026247868,0.0206048274,0.0010304576,-0.0001692437,0.0029761794,-0.0172794889,-0.0102293460,0.0171226970,0.0125519845,0.0034074641,0.0344694878,0.0116736313,-0.0055122896,-0.0182464896,-0.0062886003,0.0017380470,0.0047873352,-0.0120357510,-0.0061724757,0.0223255704,0.0242842579
33.0000000000,-0.0016743650,-0.0050596798,-0.0057375210,0.0108358557,-0.0224261423,0.0358510771,0.0150244613,-0.0200170244,0.0075541419,-0.0093073541,0.0176297911,-0.0055491581,0.0033114359,-0.0095905440,-0.0281467288,0.0177570720,-0.0015538850,0.0157874971,0.0230312683,0.0078325077,-0.0082308374,0.0139757135,0.0087261932,-0.0151172856,0.0040900409,0.0168613216,-0.0052662019,0.0015584629,-0.0224834075,-0.0137015236,0.0270609006,0.0124037990,0.0026478871,0.0156158208,-0.0102278629,-0.0289273733,0.0350036829,-0.0182906319,0.0088839503,0.0154613198,-0.0068289235,-0.0346411932,0.0096536081,0.0226088812,-0.0022687997,-0.0056944418,0.0102914204,-0.0060719203,-0.0127947171,0.0099745830,0.0310104846,-0.0134885307,0.0072171289,0.0007660809,-0.0072702462,0.0239765629,-0.0041300393,-0.0081285808,0.0094190835,0.0061898251,0.0131603625,-0.0126018280,0.0033776688
34.0000000000,0.0044833987,0.0085320408,0.0005996312,-0.0361367948,0.0017248240,-0.0081531844,0.0115846250,-0.0374846106,0.0147640724,-0.0052734295,-0.0110910664,-0.0039978061,-0.0204344555,0.0021053479,-0.0135992181,0.0137429016,-0.0033909940,0.0086525021,0.0085573993,-0.0147263776,-0.0246738676,0.0128755559,-0.0182514815,-0.0107204713,0.0099560306,0.0225275967,-0.0221672315,-0.0165152781,-0.0101250358,-0.0068286169,-0.0114607340,0.0376800658,0.0118329044,0.0134881026,-0.0106058822,0.0077088305,0.0015946861,0.0081703491,0.0166894830,0.0092781772,0.0012973411,-0.0183270934,0.0178733928,0.0123121304,-0.0067574243,-0.0112705610,0.0110085594,-0.0224975064,-0.0009188503,-0.0012202239,0.0180179094,0.0199720219,-0.0001560238,-0.0048996207,-0.0022208148,0.0047594233,-0.0019188694,0.0189956857,0.0122866065,0.0073435621,-0.0174754009,0.0184416231,0.0197047532
35.0000000000,0.0216646418,0.0153080960,-0.0085644304,0.0018485801,-0.0064631083,0.0075791847,-0.0039097798,-0.0227074157,0.0071424417,-0.0010436745,-0.0026435286,-0.0226775757,-0.0089885677,0.0082900050,-0.0323878912,-0.0122673056,0.0117156770,-0.0138755886,-0.0062295911,0.0074361665,0.0050128986,0.0053743898,-0.0008392619,0.0125279483,-0.0068287983,0.0188207216,-0.0085307448,-0.0082702064,0.0228062076,-0.0019204699,0.0064143085,0.0208160706,0.0145202306,0.0106332027,0.0188266151,0.0023169889,0.0204238485,0.0078869633,0.0307926280,-0.0035799585,-0.0223752991,-0.0205394983,-0.0146819073,0.0280970529,0.0127521296,-0.0168859877,-0.0109782393,-0.0273088703,-0.0185130871,0.0071181424,0.0052730018,0.0114027015,0.0086151485,-0.0052173592,-0.0100376749,0.0234811107,0.0001392401,0.0194061569,0.0096963421,-0.0159323986,-0.0268908366,0.0224074190,0.0095237324
36.0000000000,0.0141413704,0.0079743995,0.0051701055,-0.0166286027,0.0135832890,0.0262044868,0.0289916847,-0.0262813750,0.0094309523,0.0335907777,0.0212836010,-0.0085425416,-0.0353082647,0.0119593581,-0.0283015798,0.0112401184,-0.0083533285,-0.0177056542,-0.0136593610,-0.0020948320,0.0020521381,0.0170012702,0.0267040421,-0.0045493258,-0.0039426200,0.0071601028,-0.0293270817,-0.0125382632,-0.0106937392,0.0047521939,0.0045034679,0.0201329552,-0.0082915278,0.0171069244,0.0023686014,-0.0166000039,0.0484303959,-0.0157389649,-0.0115677773,-0.0306209414,-0.0317114726,-0.0346542094,0.0126938697,0.0101628305,-0.0003576892,-0.0066401068,-0.0127236675,-0.0006506032,-0.0166365617,0.0138081329,-0.0152601867,-0.0212736707,0.0376405567,-0.0055998978,-0.0160157230,-0.0077457772,0.0106692161,0.0176384068,0.0016300183,-0.0011139036,-0.0208934913,0.0121851731,0.0017788593
37.0000000000,-0.0035250889,-0.0161302500,-0.0003153878,0.0146755396,0.0080557326,0.0113805937,-0.0067428435,-0.0248016328,-0.0108709857,0.0185094988,-0.0039543213,0.0074874060,0.0007304998,0.0091372541,-0.0010440666,0.0016803487,-0.0007500746,-0.0066387803,0.0008741054,0.0113164564,0.0013317959,0.0072650741,-0.0047164138,0.0196041930,0.0079112794,0.0009220241,-0.0139680959,0.0004262418,0.0096281979,-0.0164412488,-0.0105105867,-0.0042601604,0.0179431435,0.0042463714,0.0212616854,0.0102490871,0.0334661232,0.0015644786,-0.0136940414,-0.0157775015,-0.0121142320,-0.0137823355,-0.0081885098,-0.0025184899,0.0107670106,-0.0170517910,0.0060261790,-0.0226528610,-0.0352027338,0.0110447671,0.0096673695,0.0108036048,0.0025893718,-0.0138885273,-0.0085086372,0.0022603654,0.0029219259,-0.0032433582,0.0219243993,0.0140040454,-0.0199694894,-0.0070746774,-0.0064954428
38.0000000000,-0.0173632295,-0.0004115778,0.0082827852,-0.0188269302,-0.0044272090,-0.0141747551,0.0092963766,-0.0458178761,0.0007691925,0.0111649875,0.0060102052,-0.0166216945,-0.0150740377,0.0160117913,-0.0159470317,0.0201721636,0.0156593059,-0.0001237666,0.0184862478,0.0008920899,-0.0086041308,0.0035451723,0.0349282516,-0.0284171885,-0.0087371177,0.0172278434,-0.0357751391,-0.0012113535,-0.0166681273,-0.0029333738,0.0267380733,0.0073875030,-0.0101597726,0.0068044541,0.0101236217,-0.0051479373,0.0181835738,-0.0302428731,-0.0168746068,-0.0182278440,-0.0140268221,-0.0089829468,-0.0171318201,0.0186866571,-0.0204755170,-0.0042657350,0.0056429784,-0.0284912133,-0.0063531170,0.0216764087,0.0128035158,0.0049940925,0.0157371321,-0.0037973924,-0.0247528567,-0.0030852014,0.0061696196,0.0208690869,0.0015318482,-0.0116378894,-0.0287565339,0.0047508490,0.0263625304
39.0000000000,-0.0220327798,-0.0077295491,-0.0029597453,-0.0103005176,-0.0062200353,0.0061770212,0.0095274068,-0.0359282687,-0.0031290596,0.0263620687,0.0232343857,-0.0187033580,-0.0022061490,0.0167720428,-0.0237705057,0.0180349652,-0.0061869633,-0.0330165143,-0.0161258114,0.0088392872,-0.0035434644,0.0256039210,0.0184971866,-0.0084699219,0.0117842274,0.0261862661,-0.0065503083,0.0149086724,-0.0033650253,-0.0011269546,-0.0052609546,0.0127087990,0.0125076364,0.0456020951,-0.0141269275,-0.0044677860,0.0306332533,-0.0083176642,0.0136886671,-0.0218715006,-0.0102175389,-0.0043783899,-0.0303471384,0.0333338187,0.0035277513,-0.0383257484,-0.0048808990,-0.0138693544,0.0055185913,0.0277795006,0.0066263837,0.0094590132,0.0106099182,0.0033473732,-0.0215323871,-0.0111281508,0.0342761012,0.0381518205,-0.0036938932,-0.0058140922,0.0193424313,0.0275332268,0.0369208882
40.0000000000,0.0110494631,-0.0177280418,-0.0190409118,-0.0136918080,-0.0074826711,-0.0074726839,-0.0003957989,-0.0554766439,-0.0100910270,0.0203954035,0.0136735189,-0.0080938572,-0.0185947874,-0.0023814842,-0.0162425167,0.0105762107,-0.0115340259,-0.0179018726,-0.0051231600,0.0220706889,0.0117037065,-0.0048138279,-0.0055201366,-0.0047608274,0.0109339431,0.0187886512,0.0014254251,0.0042519496,0.0058574402,0.0111533492,0.0221149433,-0.0036568765,0.0017209425,0.0173989345,-0.0088164523,-0.0003108971,0.0170795083,-0.0155060292,0.0064084261,-0.0054709586,-0.0090080491,0.0027996281,-0.0185102150,0.0196034549,0.0081021571,-0.0109152146,-0.0074051504,-0.0021777210,-0.0112166983,0.0077447797,0.0164435082,0.0030212403,0.0218013088,-0.0156339504,-0.0091737992,-0.0087250542,0.0202471851,0.0167773173,0.0053452913,-0.0138637541,0.0020212606,-0.0055997264,0.0155622961
41.0000000000,-0.0055287278,-0.0001566726,0.0023930781,-0.0043181586,0.0051047488,0.0150180098,0.0007043196,-0.0304747723,0.0056241775,0.0153792443,0.0183792358,0.0032456887,-0.0131983177,0.0008455031,-0.0171847732,0.0269552344,-0.0071649368,0.0038495495,-0.0064321468,-0.0216924707,-0.0440672505,0.0017689778,0.0073641457,0.0023638731,-0.0059240768,0.0380614631,-0.0026080910,0.0176131548,-0.0093791187,0.0238715553,-0.0001593293,0.0036307060,0.0033757155,0.0178143908,0.0031255406,-0.0084831745,0.0260290048,-0.0089246018,-0.0531531538,-0.0159142827,0.0064620420,-0.0310669934,-0.0252039473,0.0183839532,0.0055550320,-0.0294806885,0.0113315083,0.0101855694,-0.0137596084,0.0235143452,0.0135039905,0.0092701776,0.0289050904,-0.0161375869,0.0215255381,0.0019423495,-0.0014198424,0.0035635838,-0.0090622659,-0.0142198075,-0.0175974402,0.0009559634,0.0357507169
42.0000000000,0.0021392032,0.0009612337,0.0126838283,-0.0201102898,0.0027982445,-0.0044077534,0.0121796423,-0.0059696985,0.0137314729,-0.0094277319,-0.0004464125,0.0074336312,-0.0129417666,-0.0015754863,-0.0126304592,0.0141007764,-0.0155450150,-0.0296051759,0.0080987940,0.0028220499,0.0108309310,0.0246732074,-0.0143619684,0.0013944012,0.0105350110,0.0026382612,0.0068474018,-0.0068416200,0.0078870838,0.0017416060,-0.0050336362,-0.0005218803,0.0150803394,-0.0017440039,0.0068668249,-0.0062389158,0.0166293554,-0.0128246215,0.0098662999,-0.0024265280,-0.0162217719,-0.0055741868,-0.0019840401,0.0202651741,0.0012675578,-0.0240761557,0.0283721342,-0.0218100021,-0.0134999372,0.0336186784,0.0137189810,-0.0114461372,0.0151485572,-0.0217045071,0.0182398353,0.0012555061,0.0070279131,0.0015988793,-0.0003353861,-0.0004377826,-0.0175809972,0.0416376632,0.0100823699
43.0000000000,0.0107003364,-0.0011449664,0.0059525845,-0.0048433643,-0.0179358916,-0.0068844631,-0.0013218509,-0.0048093220,0.0096132612,0.0452844146,0.0201578390,-0.0227020718,-0.0078349094,0.0023136865,-0.0188503781,0.0049713135,0.0070955912,0.0033915546,0.0168341818,-0.0037169626,-0.0212756901,0.0195365876,0.0114311129,0.0199312270,-0.0344043164,0.0143202872,-0.0115897962,-0.0120953436,0.0241082882,-0.0031281536,0.0084014904,0.0184064187,0.0333004607,0.0187421596,0.0065417925,-0.0042423071,0.0013810077,-0.0040221305,-0.0005983640,-0.0067299428,0.0019029032,-0.0181781856,-0.0191130291,0.0105691598,-0.0096169913,-0.0119196394,-0.0149029873,-0.0273907705,-0.0239994731,0.0155607371,0.0006668373,0.0197753733,0.0288703276,-0.0155344494,0.0005752639,0.0034440364,0.0108410552,-0.0154924058,-0.0207466053,0.0013600370,-0.0081478257,0.0069881652,0.0135817027
44.0000000000,-0.0087602441,0.0056631302,0.0153768949,-0.0426996116,0.0063767978,0.0373052679,0.0188065203,-0.0293363393,0.0244436500,0.0237830720,0.0291649412,-0.0040429827,-0.0148710455,0.0064611738,-0.0219575612,-0.0102252107,-0.0151193176,-0.0142644578,0.0171272987,-0.0045829531,-0.0294658713,-0.0036977559,0.0203898659,0.0140464328,0.0293343598,0.0426642503,-0.0083964736,0.0070950784,0.0156480658,0.0044426481,0.0172204695,0.0262394368,-0.0178240592,0.0122663183,-0.0034264231,-0.0038015862,0.0278459352,-0.0347925666,-0.0175589413,-0.0064371048,-0.0236527034,-0.0365068046,-0.0156975026,0.0230574165,-0.0047944516,-0.0239950008,0.0268265850,-0.0229216532,-0.0280271075,0.0223251707,0.0268160111,0.0070502752,0.0402005265,-0.0088466433,-0.0145002084,-0.0003778776,0.0050765559,0.0259222155,-0.0058652287,0.0008111688,-0.0266451592,0.0246758001,0.0096773612
45.0000000000,0.0025717522,-0.0202363709,-0.0019878887,0.0046102726,-0.0073593328,0.0049506259,-0.0235544088,0.0062637267,0.0066075275,-0.0000715669,0.0196202649,0.0095009515,0.0193255537,0.0021232126,-0.0018044487,0.0126187429,-0.0021099914,-0.0130946776,0.0112173744,0.0060001373,0.0085195362,-0.0041598964,0.0063480119,0.0105726392,0.0188221319,0.0027578474,-0.0055163601,0.0063196844,0.0190267585,0.0046828185,-0.0064615944,0.0107648498,-0.0110539706,0.0166119768,0.0032219339,-0.0145633491,0.0015611148,0.0030021756,0.0080662419,-0.0085776584,-0.0057865879,0.0085276267,0.0194570560,0.0033871960,0.0245030381,-0.0109955591,-0.0102817964,0.0007805951,-0.0203170566,0.0228567886,-0.0250452213,0.0029995629,-0.0042611759,-0.0120892010,0.0308629728,0.0036877308,-0.0075671878,-0.0140658488,-0.0035130380,0.0002289082,0.0028016181,0.0145040917,0.0134828016
46.0000000000,-0.0110936584,-0.0043391230,-0.0071563084,-0.0147094481,-0.0181128211,0.0084372399,0.0247408279,-0.0089500840,-0.0215534774,0.0013556946,0.0091581265,0.0021371348,0.0121454684,-0.0018142870,-0.0369271509,-0.0104536256,0.0130489490,-0.0164812900,0.0025355992,0.0014047896,0.0008375586,0.0139507827,0.0016889027,0.0082993358,-0.0040551211,0.0180527549,-0.0024070631,-0.0110243888,0.0184929806,-0.0096286715,0.0091517427,0.0054145516,0.0121606522,0.0189136087,0.0004639657,-0.0053666209,0.0173677487,-0.0232519287,-0.0025202957,-0.0031699436,-0.0034584607,-0.0144387417,0.0125651866,-0.0202464501,0.0058750761,-0.0157238757,0.0225883366,-0.0328635357,-0.0179230086,-0.0050097025,0.0047828783,0.0182113559,0.0041914804,0.0065846855,0.0043041082,0.0037455987,0.0149184564,0.0084375231,-0.0087558309,0.0068618018,-0.0106574311,0.0069775460,-0.0086811596
47.0000000000,-0.0087547977,-0.0143073724,-0.0116519386,-0.0142250285,-0.0103362377,0.0178975027,0.0261929759,-0.0462256937,0.0042565064,-0.0003014352,-0.0010652467,-0.0130751568,-0.0179167148,0.0108591250,-0.0241816786,-0.0000007435,-0.0315952842,-0.0174652979,0.0150931754,0.0128475264,-0.0249690879,0.0148591655,-0.0007849339,0.0098468993,0.0094896926,0.0186097997,-0.0070473674,0.0038118506,-0.0046519023,0.0152886053,-0.0005001930,0.0422598756,0.0179447117,0.0177274024,0.0213647014,-0.0232743112,0.0418953325,-0.0170567051,0.0002694295,0.0146799404,-0.0190500407,-0.0269760293,0.0015440845,0.0136203395,0.0350751566,-0.0221748428,0.0113244379,-0.0228599542,-0.0054231759,0.0394554617,0.0202040225,0.0138984349,0.0082275503,-0.0128610669,-0.0010540892,0.0258563255,0.0058129146,0.0041929153,-0.0209272304,-0.0045253903,-0.0222136598,0.0063578715,0.0238091462
48.0000000000,0.0160287330,0.0104161750,0.0004957404,-0.0164858954,0.0006370947,0.0080385457,-0.0088511701,-0.0443517566,-0.0142602591,-0.0013032712,0.0195357928,-0.0155889042,-0.0120789718,0.0192073061,-0.0404628424,0.0146174013,-0.0153543980,-0.0130087908,0.0004593000,0.0116490264,-0.0175531223,0.0039850929,-0.0089022863,-0.0096460209,-0.0030705136,0.0180925337,-0.0145039608,-0.0096921443,-0.0059009415,-0.0349670207,-0.0076904881,0.0165998145,-0.0118044946,0.0033156469,-0.0050109252,0.0049258585,0.0172026006,-0.0280770306,0.0067933883,0.0117427908,-0.0107673589,-0.0163960340,0.0014366801,0.0209860163,0.0185643150,-0.0123773585,0.0059641264,0.0105937063,-0.0000858786,0.0018809767,0.0175324427,0.0221577648,0.0173813594,-0.0212482926,-0.0048845195,-0.0052246601,-0.0075433661,0.0116898380,-0.0151396460,0.0032166622,-0.0192593351,0.0205561500,0.0332380168
49.0000000000,-0.0071850897,0.0158369107,0.0134118695,-0.0309743913,-0.0016797632,0.0033243660,0.0113754604,-0.0167096759,0.0152002437,0.0101343189,0.0261519752,-0.0035509716,-0.0155106505,-0.0001525571,-0.0370701623,0.0036189916,-0.0161445893,-0.0073320002,-0.0057732566,0.0108071566,-0.0221264025,0.0239559050,-0.0093509519,0.0017837230,-0.0070057927,0.0159670655,-0.0003601896,0.0264183599,0.0060216628,0.0010019022,-0.0033834673,0.0372403106,0.0216530067,0.0127237604,-0.0034992925,-0.0055740511,0.0144191621,0.0011093932,0.0091044571,-0.0011574840,-0.0019241442,-0.0379004497,-0.0053808488,0.0229085541,0.0073933720,-0.0103391351,0.0003830761,0.0039557731,-0.0188038871,0.0138568331,0.0218652556,0.0051814388,0.0105099494,0.0015364918,-0.0033625140,-0.0009842656,-0.0074849128,0.0129720205,-0.0062109427,-0.0142386635,-0.0137459830,-0.0121530375,0.0058609297
50.0000000000,0.0160626189,-0.0001916113,-0.0098339991,-0.0234050184,0.0253112946,0.0309297902,-0.0030321532,-0.0054172474,-0.0073898721,-0.0020309423,0.0124878431,0.0134278225,-0.0182024606,0.0021530242,-0.0293057321,-0.0011618124,0.0069020276,-0.0133880503,0.0085874613,0.0247832910,0.0142960448,0.0041679888,0.0006501558,-0.0077198955,0.0200011321,0.0177832773,0.0202709463,-0.0028501104,-0.0160250992,0.0010235116,0.0181317825,0.0060003294,0.0186867403,0.0067267042,0.0128359137,-0.0065644734,0.0299564769,-0.0151559098,-0.0113489966,-0.0250787612,0.0021206215,-0.0231444978,-0.0216185936,0.0184798238,0.0205997733,0.0008560712,0.0154810532,-0.0113788980,-0.0276730890,0.0068203319,0.0166944790,-0.0145302122,0.0120684895,-0.0148777550,0.0126928029,0.0003366248,0.0011447437,0.0080065250,-0.0147701398,0.0011732429,-0.0155108870,0.0037594149,0.0111691822
51.0000000000,0.0294466695,0.0056207327,-0.0153955890,0.0024583702,-0.0081300748,0.0004826332,0.0186941564,-0.0330005110,0.0190136182,0.0188916541,0.0387155235,-0.0185325924,-0.0222024011,0.0010184948,-0.0149864815,0.0002220557,-0.0122381347,-0.0161342567,0.0176397133,0.0149555678,0.0068771753,0.0114978933,0.0168999997,0.0110628906,0.0047976349,0.0195103503,-0.0192666483,-0.0253716299,0.0175337574,0.0212865000,-0.0113802821,0.0367038207,-0.0143130736,0.0271751741,-0.0014862455,-0.0317637812,0.0330341853,-0.0075867658,-0.0233044210,-0.0323251356,-0.0293881312,-0.0142892166,-0.0075012423,0.0087652655,0.0079197153,-0.0139910555,0.0169823547,0.0003669407,0.0005288660,-0.0086609545,-0.0208769252,-0.0025739690,0.0296462634,-0.0071170972,-0.0055690123,0.0050333230,0.0058011992,0.0144182793,0.0043112836,-0.0239427745,-0.0174822958,0.0240060539,0.0154183635
52.0000000000,-0.0058939907,0.0169155375,-0.0005199121,-0.0083079942,0.0027920885,0.0012804708,0.0001822843,-0.0132576332,-0.0001830402,0.0284208989,0.0369064926,-0.0327724771,-0.0197460644,-0.0195723180,-0.0055197556,-0.0113915096,-0.0182892030,-0.0106124531,0.0020439037,0.0024889514,-0.0115983644,0.0273049968,0.0170663338,-0.0096796879,-0.0204653947,-0.0079357554,0.0013655542,-0.0032509217,0.0043111790,-0.0118537812,0.0229994971,0.0221068185,-0.0105661163,0.0285940245,-0.0023492218,0.0017506252,0.0071602144,-0.0395801568,-0.0234359620,-0.0227665236,-0.0219441688,-0.0246430555,0.0026292985,0.0068729197,-0.0016676842,-0.0314844666,0.0112706499,-0.0188906693,-0.0091086123,0.0038306987,0.0003574696,0.0048449150,0.0060902885,-0.0146947056,-0.0096712533,-0.0204836540,-0.0046963341,0.0068249657,0.0122563586,-0.0184653416,-0.0238623330,0.0023308343,0.0196002125
53.0000000000,0.0119923764,0.0016303787,0.0357902087,-0.0286598886,0.0029681399,0.0261720435,0.0169360718,-0.0269882413,0.0209864037,0.0178992914,-0.0109531724,-0.0214438640,0.0160726728,0.0039280744,0.0072980940,0.0062711679,-0.0043333287,-0.0202894031,-0.0047118079,0.0188359182,0.0092622765,0.0120465496,0.0103498088,-0.0043597924,-0.0039527524,0.0344448174,0.0054195305,0.0015744429,-0.0158183925,-0.0210344376,0.0068099830,0.0033146888,0.0137569905,0.0229077068,0.0190530353,-0.0291381470,0.0256153135,-0.0248699378,-0.0097129107,-0.0102525856,-0.0292953976,-0.0254903320,-0.0048101241,0.0305951100,0.0186156848,-0.0201074479,0.0250478498,0.0151824954,-0.0261718288,0.0223790950,0.0224531090,-0.0003839427,0.0283263773,-0.0294584561,-0.0098679777,0.0135571007,0.0097175206,0.0256782888,0.0031944438,-0.0058926933,-0.0137044087,-0.0211406706,0.0268241336
54.0000000000,0.0113545191,-0.0069107758,0.0027262600,-0.0015372960,-0.0145670588,0.0172220093,0.0028896015,-0.0147074735,0.0213700540,0.0203289499,0.0049406871,0.0039448656,0.0059355350,-0.0006937863,-0.0433568770,0.0133330324,0.0002708764,0.0031596300,-0.0004154598,-0.0171989843,0.0123937798,0.0191107839,0.0208634035,-0.0143354347,0.0099980712,0.0158388642,0.0149692008,-0.0068165361,-0.0082931422,0.0060190870,0.0121186411,0.0199253803,0.0199128705,-0.0057655724,-0.0313163722,0.0005895434,0.0374320822,-0.0114850906,0.0225155030,-0.0194117694,-0.0086858695,-0.0400119204,-0.0195281165,0.0145464467,-0.0233089789,-0.0254923543,0.0182793849,-0.0295201404,-0.0026013215,0.0314125597,0.0193553434,0.0098946974,0.0180069466,-0.0315119151,-0.0029601406,-0.0050443389,0.0016523018,0.0163957443,-0.0053286742,-0.0022863184,-0.0163838403,-0.0081608324,-0.0002603601
55.0000000000,-0.0088304864,-0.0120765146,-0.0035449704,-0.0142736477,-0.0215517382,0.0206801776,0.0401403827,-0.0282700264,-0.0052538196,0.0218554597,0.0063066597,-0.0008474013,-0.0192686287,-0.0077690569,-0.0117825101,-0.0088730145,0.0091883798,-0.0171102588,0.0002715371,0.0101660925,-0.0026168222,0.0180938069,0.0228470934,-0.0109008155,-0.0037900370,0.0094032423,-0.0153419886,0.0056498883,0.0259126541,-0.0138325876,-0.0016291151,0.0186123422,0.0032639433,0.0085625872,-0.0173694901,-0.0221016957,0.0253343931,-0.0108234584,-0.0113694395,-0.0143209421,-0.0096713567,-0.0045347442,-0.0175877957,0.0300355007,-0.0072749720,-0.0168252099,-0.0095525354,-0.0082693584,-0.0248170657,-0.0024806274,0.0103164485,0.0086470949,0.0414893286,-0.0160868146,0.0044247741,0.0154689886,0.0065716091,0.0064828691,-0.0113014306,-0.0085270864,-0.0003161675,0.0183427896,0.0194325696
56.0000000000,-0.0093523769,-0.0068757140,0.0080298011,-0.0108299551,0.0095958511,-0.0043763939,0.0009189505,-0.0344379227,0.0170120550,0.0022986459,0.0126233188,-0.0109622404,-0.0139359500,-0.0027423563,-0.0147535748,0.0075498709,0.0022319768,-0.0076822936,0.0073585097,0.0034168156,-0.0006019469,0.0109078720,0.0164782185,0.0052911741,-0.0123036749,0.0159712431,-0.0074165261,-0.0130778172,-0.0040881909,0.0034009198,0.0043794601,0.0069264573,0.0147345500,-0.0077618908,0.0006949825,-0.0107750332,0.0322552658,-0.0177141292,0.0001106576,-0.0058855186,-0.0232040115,-0.0142054049,-0.0001117570,0.0049816334,0.0124502459,-0.0354174528,0.0196631630,0.0258926229,-0.0139630132,0.0219273176,0.0031860586,-0.0189140884,0.0309569541,-0.0175043696,-0.0091996611,0.0106351239,-0.0151708497,0.0051320901,0.0233776801,-0.0050354964,-0.0027648836,0.0144098300,0.0371277440
57.0000000000,-0.0143580545,0.0096084906,-0.0097883300,-0.0166047983,-0.0057063463,0.0264229533,-0.0016863424,-0.0102558206,-0.0157828069,0.0155297987,0.0161638615,0.0097949869,0.0051714117,0.0022533595,0.0070550369,-0.0150838923,-0.0120571953,-0.0111343818,-0.0144697382,0.0245575296,0.0105003649,-0.0015609416,0.0098615067,-0.0026250352,0.0111905057,0.0255619388,0.0044526213,0.0011553869,-0.0216572957,-0.0035777372,0.0118161787,0.0179307969,-0.0024987092,0.0292167658,-0.0056457028,0.0014621726,0.0376394931,0.0054338677,-0.0186578588,-0.0335553265,-0.0147825902,-0.0171389339,-0.0095904766,0.0085082966,0.0028633927,-0.0081547172,0.0031310541,-0.0108519590,-0.0063610462,0.0224343959,0.0170326962,0.0048270096,0.0445298363,-0.0001512239,0.0084832582,0.0075938361,0.0203275601,0.0157959514,0.0043190069,-0.0137437311,0.0024634176,0.0166564321,0.0184924839
58.0000000000,-0.0162863615,0.0082758150,0.0342219682,0.0074812389,0.0114297519,0.0192395316,0.0034037249,-0.0165279287,0.0169141164,0.0292781684,0.0217536043,-0.0102795502,-0.0094484190,-0.0072015381,-0.0274759074,-0.0052217112,0.0084021167,-0.0302754518,-0.0013716487,0.0018635359,0.0210795933,0.0177982905,0.0155294470,0.0086649656,0.0179680974,0.0178861978,-0.0017708298,0.0141171557,0.0034894447,-0.0005563106,0.0032084389,0.0189271873,0.0098383734,0.0093808097,0.0037408435,-0.0134676203,0.0290173939,-0.0233667534,0.0210693845,-0.0129929872,-0.0048464588,-0.0078671169,-0.0121366584,0.0121732322,0.0084404952,-0.0232894897,-0.0078347420,-0.0293890859,-0.0128833759,0.0109396011,0.0009858639,0.0039324411,0.0012420131,0.0014070852,-0.0039737121,0.0106718443,0.0019744976,0.0220521677,0.0026778539,-0.0084672980,-0.0033742522,0.0034019438,0.0180832971
59.0000000000,0.0036725817,-0.0093428512,-0.0094672995,0.0088113795,0.0077133409,-0.0053497430,-0.0043441875,-0.0435878005,-0.0112016124,0.0289639235,0.0254589839,-0.0247427146,-0.0149644100,-0.0147314428,-0.0209731688,-0.0082876233,-0.0096517876,0.0090013631,-0.0024382411,0.0003052181,-0.0014508724,0.0009420312,-0.0017835798,-0.0196627586,0.0062121104,0.0059101203,0.0107988731,-0.0028073221,0.0039846847,0.0096422981,0.0158271075,-0.0016862644,0.0103602924,-0.0066817358,0.0064269527,-0.0268932082,0.0327910695,-0.0138089362,0.0100859438,-0.0049452409,-0.0157919897,-0.0140914427,-0.0205692895,0.0159112058,0.0125634346,-0.0223709040,0.0103483120,-0.0254775606,-0.0027522255,0.0195975233,0.0300459328,0.0224459928,0.0114606375,0.0001342932,0.0059590786,0.0005578400,0.0077389240,0.0037261863,-0.0059836826,0.0010413611,-0.0158724635,-0.0061331918,0.0324850315
60.0000000000,0.0085911730,-0.0162423155,0.0034773552,-0.0001976901,-0.0147852816,-0.0204826547,0.0055828503,-0.0332695573,-0.0087493522,0.0360243231,0.0031164162,-0.0066398855,-0.0017472126,-0.0231098343,-0.0102070975,0.0286551017,0.0200542606,0.0094193931,0.0209448350,-0.0096868353,-0.0081870860,-0.0033664711,-0.0049878487,-0.0046457667,-0.0010151232,0.0302369085,-0.0015136837,-0.0058115932,-0.0096177053,-0.0017845274,-0.0114957581,0.0227895853,0.0009574636,-0.0035647645,0.0121701896,-0.0041695381,0.0413736900,-0.0086270751,-0.0153753763,-0.0055145031,-0.0173623409,-0.0097862792,-0.0015828116,0.0303376753,-0.0018621143,-0.0084053864,-0.0040738598,-0.0016842584,0.0119810934,0.0163354577,0.0216232462,-0.0130245905,0.0075949913,0.0163631436,-0.0028525650,0.0217297739,-0.0038005939,0.0096203199,-0.0089502845,-0.0026173090,-0.0202873272,-0.0033610656,0.0165557616
61.0000000000,0.0255828794,0.0078974105,0.0191068254,-0.0082316566,-0.0061668214,0.0102246605,0.0143884853,-0.0229769198,0.0048443039,0.0165514352,0.0285555205,-0.0214390866,0.0017387240,-0.0010402747,-0.0079617122,0.0047259646,-0.0117742100,0.0006238501,0.0081174526,0.0080451744,-0.0095683645,0.0048116271,0.0066766595,0.0080617256,0.0009259552,0.0394409748,-0.0125255380,-0.0045445032,-0.0031659556,-0.0004006974,-0.0190511176,0.0008141478,0.0278336108,0.0246452622,-0.0089494880,-0.0179993049,0.0343122813,-0.0136507613,-0.0192849730,-0.0121648478,-0.0110173898,-0.0257783649,0.0117953683,0.0235352771,0.0013878790,-0.0219638090,-0.0064679552,-0.0092259754,-0.0160276875,0.0043234548,0.0137534950,-0.0234545716,0.0197187554,-0.0015426198,-0.0027397191,0.0073987364,-0.0175814554,0.0028225138,-0.0073487366,-0.0205069953,-0.0030961899,0.0019310177,0.0184630652
62.0000000000,0.0030138631,0.0161419139,0.0112548994,-0.0215933509,-0.0110258335,0.0293463397,-0.0044371136,-0.0319336988,0.0214927677,0.0266782713,0.0172163886,0.0196680644,-0.0155446205,0.0200538273,-0.0436860073,0.0138711382,0.0028004200,-0.0248953428,0.0072282397,0.0132967908,-0.0150320205,0.0515707415,0.0157820393,0.0177303772,0.0099418028,0.0368336328,-0.0161838063,-0.0129212488,0.0015617880,-0.0229041629,-0.0028167689,-0.0061587447,-0.0185425553,0.0011226091,0.0003532204,-0.0204462127,0.0365764950,-0.0183409236,0.0077739489,-0.0131650229,-0.0153082046,-0.0179927806,-0.0064342541,0.0025593325,0.0141780238,-0.0334592327,0.0075032342,-0.0161973142,-0.0066948356,0.0198179997,0.0194044591,-0.0146158995,0.0431792617,-0.0053978887,-0.0005115708,0.0015078866,-0.0022184580,0.0052792773,-0.0118497732,-0.0120835849,-0.0149486039,-0.0136672958,0.0194810580
63.0000000000,0.0141786833,-0.0041326534,-0.0020150365,-0.0241450738,-0.0020724972,-0.0121845499,-0.0055380818,-0.0195260587,-0.0034829659,0.0032591716,0.0005214857,-0.0141569335,-0.0064367241,0.0049725228,-0.0323553225,0.0295564886,-0.0169333068,-0.0322527307,-0.0066220186,0.0139152291,-0.0065353522,0.0396767475,0.0106467056,-0.0151240821,0.0288020375,0.0222861112,-0.0067805610,-0.0032747598,0.0076840825,0.0060458274,0.0075014899,0.0105052996,0.0234997744,0.0114542200,0.0290327794,-0.0144149635,0.0426019699,0.0018656252,0.0007864428,0.0048900832,-0.0081835830,0.0102736476,-0.0139813062,0.0187014357,-0.0046117464,-0.0177489418,0.0165742679,-0.0167416507,-0.0206123014,0.0390708473,0.0046553947,0.0054160588,0.0151864275,-0.0292178018,-0.0159388227,-0.0064034891,-0.0041229291,0.0181731614,-0.0029312097,-0.0312175378,-0.0075330792,-0.0019943447,0.0215254219
64.0000000000,-0.0134861298,0.0046810065,0.0175001386,0.0058022200,0.0091678572,-0.0059731932,0.0072930408,-0.0070708117,0.0081423980,0.0082599496,0.0123224648,-0.0156261586,0.0150608498,-0.0039141774,-0.0046976964,0.0016126253,-0.0052543934,-0.0180834229,-0.0171905115,0.0289789013,-0.0150104179,0.0082093506,-0.0054337134,0.0118060233,-0.0004531001,0.0059779462,0.0037829008,-0.0017532079,0.0024006116,-0.0131828797,0.0015459397,-0.0096250569,0.0361838969,0.0054664392,0.0135459280,0.0162038126,0.0222251924,0.0137632604,-0.0229031459,0.0121490942,-0.0212046251,0.0099966485,0.0161299623,0.0036347520,-0.0037742117,-0.0230289607,0.0143616089,-0.0133918555,-0.0145153145,0.0167726767,0.0056905418,0.0030977659,0.0181054202,-0.0270678760,-0.0275302667,-0.0131372759,0.0087266847,-0.0017932189,0.0009091693,0.0014292204,-0.0067293659,-0.0058683256,0.0150288422
65.0000000000,-0.0086112707,0.0029154246,0.0175572427,0.0056462096,-0.0105325694,0.0028904249,0.0034081473,-0.0405609354,0.0291421307,0.0090358812,0.0072111807,-0.0130874937,-0.0229699488,-0.0104034686,-0.0178081828,0.0156000163,-0.0173727019,-0.0025446766,-0.0231055704,0.0069060784,0.0114783282,0.0295811378,0.0055265401,0.0116097573,0.0169660544,0.0590058746,-0.0059474359,0.0132435957,-0.0282564393,-0.0210720291,0.0278142004,-0.0050780247,0.0267105308,0.0084895620,-0.0011675417,0.0012676314,0.0403299484,-0.0211554350,-0.0126430313,-0.0391804638,-0.0112361431,-0.0230154115,0.0002671600,0.0247001947,-0.0059592030,-0.0133448007,-0.0125539164,0.0063872066,-0.0022613145,0.0486599288,0.0218254188,0.0134906780,0.0169180728,0.0094506124,0.0162602257,-0.0104993007,0.0028794615,0.0027419402,-0.0304474728,-0.0059633111,-0.0050352702,0.0165149463,0.0307471483
66.0000000000,-0.0159077820,0.0073092531,0.0046847913,-0.0022907625,-0.0123042406,0.0087087657,0.0203414879,-0.0312700420,-0.0002136437,0.0058358432,0.0131223073,-0.0120282221,0.0082252258,0.0084992405,-0.0272964296,0.0007847293,0.0068895629,-0.0013318216,0.0003003923,0.0006496134,0.0021945924,0.0174367253,-0.0019955752,0.0014120092,-0.0211685761,0.0308068632,-0.0215879547,-0.0136768091,-0.0073494379,0.0065885894,0.0059569471,0.0053956269,0.0128393190,0.0329192317,-0.0040034572,-0.0178042136,0.0286852742,0.0017592088,0.0093977299,-0.0069566681,-0.0341243906,0.0016602399,-0.0062507276,0.0035787613,0.0007625162,-0.0224603896,-0.0184774786,-0.0054722533,-0.0117490028,0.0137124739,-0.0113035191,0.0037995488,0.0210493134,-0.0108172128,-0.0027196560,-0.0038227026,0.0048608304,0.0103366781,-0.0128446748,-0.0107833495,-0.0235020165,-0.0000804082,0.0239325945
67.0000000000,-0.0042124369,-0.0150476755,-0.0101865308,-0.0099858483,-0.0128610519,-0.0021491533,0.0263667975,-0.0031000423,0.0023344382,-0.0170596801,-0.0138087865,-0.0093776326,-0.0131768003,-0.0023533517,-0.0142897629,0.0026090169,-0.0049957772,-0.0269110993,0.0045772830,0.0004478262,0.0046844463,0.0199176689,0.0079174332,0.0102578680,0.0126876824,-0.0079070563,0.0001480791,-0.0238933291,-0.0128237166,0.0100150675,0.0372092515,0.0042524223,-0.0172014379,-0.0041479105,0.0026460298,0.0067273575,-0.0038734421,0.0009106867,-0.0087395898,-0.0011094376,0.0011687833,-0.0236359007,-0.0036532322,-0.0011803487,0.0144223530,0.0165824289,-0.0088258209,-0.0107212985,-0.0140995045,0.0010118000,0.0063310242,0.0141842712,-0.0102123678,0.0000677703,-0.0075484767,0.0150774447,-0.0214452412,-0.0044520590,-0.0125316119,-0.0013095877,0.0005156080,-0.0089270009,-0.0075706753
68.0000000000,-0.0022437703,-0.0292009409,-0.0031068799,-0.0073700203,0.0087186896,0.0040864011,0.0226564532,-0.0111290694,0.0052523908,0.0218900043,-0.0027910178,-0.0110226247,0.0099491398,0.0011483812,-0.0159986389,0.0073553347,-0.0047821749,-0.0126624056,-0.0221030462,-0.0050601372,0.0111864678,0.0202176132,0.0097531543,-0.0245440199,0.0085020788,0.0064864865,0.0091720491,-0.0224018308,0.0338925675,-0.0278980503,0.0024222253,-0.0000954319,0.0151614052,0.0047165503,0.0091868827,-0.0153914097,0.0204924989,-0.0157019489,0.0064779210,-0.0044497203,-0.0236848189,-0.0049640938,-0.0005104845,0.0077935496,0.0173001341,-0.0006193283,0.0266366444,0.0088608197,-0.0128605439,0.0109690457,0.0071371995,0.0071084148,0.0200964325,-0.0178336951,0.0032034653,0.0010774723,-0.0016273589,-0.0007258329,-0.0053098956,-0.0261414969,0.0102086108,-0.0133065366,0.0106417695
69.0000000000,-0.0004107200,-0.0030243032,0.0085485040,-0.0008304211,-0.0101125549,0.0203580289,-0.0042443906,-0.0055107306,-0.0057875249,0.0071868143,0.0165873085,-0.0184477566,-0.0026469503,0.0023764631,-0.0187660022,0.0075029512,0.0061438053,0.0034451977,-0.0125566443,0.0004009970,-0.0215228716,-0.0152070475,0.0044900337,-0.0323139968,-0.0044293153,0.0239094324,0.0209449822,-0.0035281706,-0.0094536124,0.0021984072,0.0002165093,0.0004997915,0.0076263930,-0.0143977622,0.0097565377,-0.0025479654,0.0106656597,-0.0089601514,0.0033201482,-0.0050516121,-0.0134312808,-0.0065087369,-0.0220163937,0.0148093256,-0.0138748799,-0.0067517557,0.0030395717,0.0008855203,-0.0195185416,0.0243213488,-0.0049619425,-0.0154736209,-0.0033958739,-0.0155883009,-0.0180445294,-0.0096888493,0.0109486564,0.0078376817,-0.0039462303,0.0058956141,0.0122839361,-0.0333853027,0.0099722104
70.0000000000,0.0065364886,-0.0158171751,-0.0002683358,-0.0017284049,0.0172133605,0.0038200459,0.0163405097,0.0002753344,0.0062060097,-0.0050026161,0.0114812820,-0.0041938226,-0.0082223721,-0.0089517308,0.0052740761,-0.0085945416,-0.0110433850,-0.0030021432,-0.0017793265,0.0017085377,0.0028036775,0.0226140430,0.0055231069,-0.0061157333,-0.0152702389,0.0191311053,-0.0040702728,0.0057015840,0.0140123592,0.0013119526,-0.0048208461,0.0251029085,-0.0194292017,0.0077512744,0.0155560811,-0.0248471597,0.0338232798,0.0008392531,0.0009284828,0.0031613377,-0.0222101638,-0.0105976872,0.0069167234,0.0015648614,0.0079046805,-0.0100807451,-0.0018637240,-0.0115543619,-0.0171162359,0.0140706594,-0.0022897680,0.0197856281,0.0178095297,-0.0145892041,-0.0094938421,-0.0379598471,0.0036287060,0.0188271613,-0.0161181488,-0.0122397882,-0.0019265115,-0.0008547888,0.0061959582
71.0000000000,0.0001639585,-0.0117458216,0.0224244581,-0.0074382703,-0.0057910811,-0.0097596973,0.0038915094,-0.0264421263,0.0109618522,0.0052727178,0.0103586202,-0.0222242921,-0.0253921223,-0.0023080162,-0.0304199821,0.0239557663,-0.0061742186,-0.0085815492,-0.0030240669,0.0066478038,0.0006540333,0.0100513483,0.0067966885,-0.0010256490,0.0173654132,0.0079416694,-0.0011082001,-0.0268720641,0.0117183919,0.0201829669,0.0017172768,0.0257964833,-0.0180723674,0.0295622734,-0.0000346081,0.0051821870,0.0239991808,-0.0341382669,0.0073507664,-0.0030567639,-0.0038123767,-0.0114947303,0.0054057732,0.0213174379,0.0259389363,-0.0301319656,0.0173316839,-0.0241294170,-0.0284178184,0.0329882055,0.0172151577,0.0000717405,0.0186565481,0.0168461571,0.0003417776,-0.0116733484,0.0223096521,0.0070046687,-0.0000853738,-0.0193589292,-0.0064465939,0.0106194022,0.0264495373
72.0000000000,0.0042877667,0.0111987719,-0.0020764073,0.0060626631,-0.0000226936,-0.0000179244,0.0194992817,-0.0291863989,0.0001552241,0.0233734731,0.0214406671,-0.0070130329,-0.0095597929,0.0183522534,-0.0073077454,-0.0025789520,-0.0147385406,-0.0267743091,-0.0019094955,0.0100404616,-0.0022996435,0.0447944424,0.0239929420,0.0077172379,-0.0020970389,0.0115921243,-0.0209989116,0.0128580332,0.0045242260,-0.0273227064,0.0144746658,0.0216831933,-0.0029305556,0.0140968497,0.0060070382,-0.0211678032,0.0369302878,0.0073007210,-0.0089844771,0.0010065848,-0.0395103484,-0.0294365976,0.0080339508,0.0239467996,0.0142552832,-0.0270184655,0.0177961442,-0.0056096187,-0.0133737813,0.0274384125,0.0187930473,0.0010574456,0.0377102998,-0.0277997273,-0.0091621806,-0.0076665489,0.0295864284,0.0210956740,-0.0144124638,-0.0186837137,0.0125073476,0.0000199367,0.0496669949
73.0000000000,0.0069050914,0.0153670222,-0.0068589591,-0.0030323422,0.0088571013,0.0017071909,-0.0093456055,-0.0385334502,0.0060889889,0.0028557573,0.0160692768,0.0065938521,-0.0116960741,0.0027440985,-0.0184809245,0.0268655825,0.0038017207,-0.0105581397,-0.0100578987,0.0110020105,-0.0105581362,0.0299108593,0.0021332277,-0.0121775836,-0.0059203032,0.0248252156,-0.0128309751,0.0082329633,0.0013126899,-0.0128051087,0.0276542308,0.0140722547,0.0000147654,0.0197571609,-0.0059112649,-0.0268996369,0.0289457139,0.0035850394,0.0002539303,-0.0017590393,0.0037239302,-0.0200546931,0.0062775724,0.0140898013,0.0111110720,-0.0255844438,0.0155633285,-0.0147838084,0.0042619411,0.0187886522,0.0144420790,0.0057982498,0.0249926481,-0.0191176460,-0.0166910381,-0.0109297982,-0.0160289395,-0.0111918324,0.0062429051,-0.0118741603,-0.0300266945,0.0099065062,0.0223966854
74.0000000000,0.0148039757,0.0110560558,0.0029233247,-0.0135749237,-0.0089025646,-0.0046553717,-0.0000155254,-0.0312757134,0.0088882968,0.0159962787,0.0170150705,0.0131115437,-0.0126928023,0.0125554615,-0.0138823192,0.0212931379,-0.0081868574,-0.0203638443,0.0028612184,0.0017829190,0.0043637741,0.0143743646,0.0113393129,-0.0123010874,0.0186774659,0.0176326233,0.0336722087,-0.0102375906,0.0024183564,-0.0062837759,0.0106156834,0.0320751140,-0.0089488499,-0.0017563931,0.0069278527,-0.0240288392,0.0324389934,-0.0214276852,0.0200971667,0.0204753713,0.0063520303,-0.0179372718,0.0048359017,0.0322950560,-0.0092502982,-0.0273894449,-0.0108378408,-0.0257040836,-0.0069840775,-0.0016098363,-0.0064065857,0.0032138858,0.0064401814,-0.0171860813,-0.0036143135,0.0188165596,0.0003043805,0.0112331092,-0.0016752875,0.0012627836,-0.0002857724,0.0060102298,0.0093524984
75.0000000000,-0.0041810133,0.0032731501,0.0311328934,-0.0221131648,-0.0130882655,0.0119045699,0.0083436628,-0.0431983545,-0.0017260711,-0.0032921964,-0.0020228785,-0.0192254464,-0.0068767199,-0.0087521382,-0.0283587477,0.0084979455,-0.0115211118,-0.0168537342,-0.0070404329,-0.0172647852,-0.0300199853,0.0317157065,-0.0058678866,-0.0157032611,0.0057152316,0.0153002136,-0.0015235478,-0.0027965930,0.0061962585,-0.0029784407,-0.0131278065,0.0093835758,0.0179601335,-0.0001407427,-0.0058521519,-0.0210547695,0.0441525413,-0.0215740771,0.0017397100,-0.0022168055,-0.0207086520,-0.0255642520,-0.0022450606,0.0091988914,0.0161465958,-0.0298391654,0.0161101027,-0.0209951415,-0.0360320042,0.0363174670,0.0060239403,-0.0257032555,0.0444322182,-0.0251837881,-0.0124783078,0.0102611054,0.0095782341,0.0004836989,0.0062930056,0.0005220015,-0.0241827038,-0.0061363365,0.0190573025
76.0000000000,-0.0033247520,0.0123469646,-0.0021082941,-0.0113948238,0.0019513747,-0.0039298796,-0.0104372226,0.0020656591,-0.0025946092,-0.0040516922,-0.0071328704,0.0023412225,0.0158466496,0.0111215405,0.0162017091,-0.0164902375,0.0015997373,-0.0093446494,0.0104071506,-0.0076015404,0.0070026897,-0.0008398388,-0.0014374840,-0.0181066729,0.0082667273,-0.0064975222,0.0149498854,0.0114718910,-0.0080491377,0.0095036588,0.0210828893,0.0124408892,-0.0105984525,0.0275443849,0.0108928341,0.0098312985,-0.0078316803,-0.0073458860,0.0124954231,-0.0015036215,-0.0187953828,0.0117244404,-0.0078733677,-0.0114586491,-0.0102171194,0.0019366576,0.0097677474,0.0011295617,0.0041674095,0.0115284422,0.0250807455,0.0009374490,0.0114837614,0.0077568222,0.0145916562,0.0079982626,-0.0052632475,-0.0141279537,0.0021526607,-0.0092302233,0.0219745575,0.0099932098,-0.0036368492
77.0000000000,0.0168667507,-0.0089335458,0.0368275831,-0.0052341486,-0.0184298569,-0.0094805554,0.0113580924,-0.0205663316,0.0263951509,0.0193494479,-0.0093201605,0.0156757251,-0.0115847543,0.0224910863,-0.0149149292,0.0274078602,-0.0030245195,-0.0186473999,-0.0167640101,-0.0000317375,-0.0145612879,0.0067931372,0.0172034735,-0.0098279634,0.0104082063,0.0267230471,0.0013920607,-0.0127953472,0.0128469969,-0.0041046139,0.0012340689,0.0094475858,-0.0113496422,0.0202182804,0.0052042012,-0.0233917280,0.0071615749,-0.0081706139,-0.0004559238,0.0075224921,-0.0292027866,-0.0015141866,-0.0263062971,0.0082248623,0.0012377725,-0.0091355860,-0.0021557030,-0.0187842673,0.0073561720,0.0088954168,-0.0038669169,0.0094533783,0.0117074553,0.0011791277,0.0004489438,-0.0109018770,-0.0003423666,0.0195970261,-0.0274067990,-0.0259739326,0.0089388032,0.0029761065,0.0225692071
78.0000000000,0.0049816397,-0.0048402966,-0.0047112511,-0.0179210247,0.0150780376,0.0160949962,-0.0039520127,-0.0212761243,0.0031958767,0.0011843511,-0.0007913059,-0.0157003401,-0.0070168891,-0.0018878036,-0.0173098713,0.0051344427,0.0119851130,-0.0194170724,-0.0040017170,-0.0159774004,-0.0088220378,0.0170841171,0.0094648723,-0.0236567791,0.0168509634,0.0080812222,-0.0144486153,0.0042933847,0.0141760382,-0.0033698331,-0.0140819401,0.0186764708,0.0183347951,0.0176695092,-0.0267650917,-0.0030272798,0.0189043363,0.0045120685,-0.0206296379,0.0070569559,-0.0366951037,-0.0037055519,-0.0153842221,0.0251080429,0.0004111317,-0.0051689090,0.0007698744,-0.0162659473,-0.0199385646,0.0058491583,0.0179862919,0.0058804712,0.0057551954,-0.0116223893,-0.0051491621,-0.0101462257,0.0069417702,0.0186548249,0.0099076179,-0.0125160385,-0.0221719090,0.0104670074,0.0332445290
79.0000000000,0.0035573132,0.0057123672,0.0094577388,-0.0016209316,0.0146796755,0.0059979449,0.0150800037,0.0135380182,-0.0311021603,-0.0030901363,0.0132940808,-0.0138072114,-0.0041084765,-0.0136624543,-0.0108882014,-0.0059098182,0.0096670754,0.0140491712,-0.0024548153,-0.0220744666,-0.0066615454,0.0049819345,0.0245547983,-0.0104550521,0.0034044976,-0.0008737168,0.0049330997,0.0043589205,0.0047142710,-0.0044541524,0.0156808730,-0.0000650417,0.0126258633,-0.0093204690,0.0135044334,-0.0125166744,0.0122109900,-0.0073081727,-0.0002377598,0.0042832707,0.0016664791,-0.0229694557,0.0206718349,-0.0015913780,-0.0101487723,0.0000808631,-0.0011612947,0.0068584222,-0.0034337340,0.0038341176,0.0036152578,0.0011420069,0.0010369208,-0.0029661166,0.0025353182,0.0187101042,-0.0000502902,-0.0127142312,0.0019522634,-0.0159379911,-0.0004843594,0.0036609604,0.0152456589
80.0000000000,-0.0035793141,-0.0146460992,0.0107058657,0.0036445587,0.0220609362,0.0222052170,-0.0166944492,-0.0351278968,0.0084535772,0.0091087316,0.0086829182,-0.0239447058,0.0057225916,0.0049459676,-0.0101752299,0.0319909996,-0.0129698198,-0.0209007120,-0.0077381034,0.0197699155,-0.0005905383,0.0227660529,-0.0003150778,-0.0031771491,0.0147317173,0.0302585264,-0.0062628172,0.0134841166,-0.0091387220,-0.0156338056,0.0166451329,0.0306054857,0.0195692962,0.0070578505,-0.0031569770,-0.0236459260,0.0128240751,-0.0036239666,-0.0022670181,-0.0006426988,0.0025545024,-0.0285910500,0.0028270411,0.0145889254,-0.0112034224,-0.0138581765,0.0003499853,-0.0015009600,-0.0266923239,0.0151322833,-0.0015989279,0.0188284030,0.0338400754,-0.0152990959,-0.0162479153,-0.0058634412,0.0136241714,0.0138004534,0.0012042687,-0.0305086366,-0.0092301963,0.0153854362,0.0114683679
81.0000000000,0.0171484378,0.0011715249,-0.0204040711,-0.0096584414,0.0084248839,0.0090824019,-0.0092877114,-0.0144749956,0.0109869774,0.0227618882,0.0100578062,-0.0201476412,-0.0261231663,-0.0086023713,-0.0132711112,0.0159989529,-0.0252009522,-0.0131868793,0.0138084618,-0.0060345460,0.0008284089,0.0294798483,0.0134972024,-0.0085021417,-0.0166957758,0.0386470399,-0.0151563686,0.0207206120,-0.0024904172,-0.0127046587,0.0179410032,0.0208616020,-0.0092579559,0.0171117546,0.0025708832,-0.0045958475,0.0465459994,-0.0205750125,0.0145204774,-0.0117566093,-0.0323003410,-0.0184663769,-0.0231790646,0.0313914136,0.0103004662,0.0091919381,0.0348689818,0.0005077181,-0.0076805557,0.0177109717,0.0148199154,0.0051940942,0.0148666161,-0.0108369716,-0.0065906563,-0.0027384897,0.0116517743,0.0209191167,-0.0073832465,-0.0004879905,-0.0220443314,0.0001320055,0.0174215445
82.0000000000,-0.0054504055,-0.0256297441,-0.0026946034,-0.0119142701,-0.0152042873,0.0058750876,-0.0071958047,-0.0355066215,0.0201571283,0.0012535201,0.0079035875,-0.0180813910,-0.0089630039,-0.0043099850,-0.0214477977,-0.0036830051,-0.0084211119,-0.0032521617,0.0047561259,0.0259666173,-0.0050637885,0.0031647922,0.0114535684,-0.0093529660,-0.0086356799,0.0310912531,0.0059847717,-0.0145495155,0.0020286643,-0.0080286862,0.0076618682,0.0118146442,0.0094164819,0.0276889421,-0.0054607178,-0.0098495883,0.0251175198,-0.0258081128,-0.0049919291,-0.0179828350,-0.0204320840,-0.0272932854,0.0061368068,0.0225032891,-0.0216283467,-0.0111022472,-0.0123991363,0.0037169200,-0.0086485033,0.0125866961,0.0035328817,0.0227635193,0.0167647843,-0.0045719318,0.0002632154,-0.0066978977,0.0138237890,0.0005724984,-0.0111890267,0.0041266992,-0.0152936454,0.0001631987,0.0028392833
83.0000000000,0.0014544531,0.0013744689,0.0049224489,-0.0168360891,0.0053623146,0.0088896868,0.0035622871,-0.0151444300,-0.0147143175,0.0007229105,0.0129304621,-0.0213486810,-0.0080428471,0.0200484207,-0.0049539722,0.0342200093,0.0168446708,-0.0093050543,-0.0001347960,0.0057454915,-0.0251527323,0.0094405730,-0.0041601330,0.0024871052,0.0092594315,0.0244137325,-0.0024079673,0.0124649764,-0.0160086466,-0.0221993132,0.0124522312,-0.0086252421,0.0285219577,0.0232812499,-0.0134300229,-0.0146529440,0.0483945200,-0.0063953684,0.0019231282,0.0181228144,-0.0187695736,-0.0143919915,-0.0096437536,0.0341376085,0.0119165128,-0.0206691852,0.0033925998,0.0026250707,0.0116610710,0.0237886670,0.0046583592,0.0025263865,0.0345889288,-0.0027610296,0.0012626728,-0.0325355658,0.0057745874,0.0177211508,-0.0029299424,0.0012363226,-0.0040646829,0.0013121524,0.0075386824
84.0000000000,0.0128971373,0.0053034265,-0.0069060210,-0.0207423614,-0.0064066318,-0.0033978998,-0.0024164481,-0.0204775150,0.0137942232,-0.0013652703,0.0042042267,-0.0090351308,-0.0390160646,0.0070339376,-0.0204284245,0.0053210140,-0.0017531322,-0.0321960988,-0.0039585640,0.0022063129,-0.0144810017,0.0398628561,0.0111719752,-0.0309403614,0.0108444662,0.0492860063,-0.0100278716,0.0020982890,0.0056432738,-0.0241760713,0.0019517651,0.0042467586,0.0226917700,0.0160625278,-0.0003809650,-0.0330833359,0.0409929192,-0.0144945897,0.0030313882,-0.0161593026,-0.0197094077,-0.0062873079,0.0052144330,0.0278022321,0.0242750283,-0.0397826034,0.0222379168,-0.0181557895,-0.0109902312,0.0262768040,0.0268544943,-0.0098109522,0.0431884708,0.0021897238,-0.0056747629,0.0208875516,0.0117948661,0.0263339833,0.0027717934,-0.0183525947,-0.0260302878,0.0027012942,0.0175242701
85.0000000000,0.0011787268,0.0238937079,0.0099055609,-0.0064486628,0.0001410545,-0.0011246831,-0.0037466396,-0.0045128461,0.0036305462,0.0203137533,0.0316178521,-0.0051833686,0.0007665733,0.0115481525,-0.0138769484,0.0135751050,0.0016738137,-0.0168059215,-0.0074626044,0.0039753759,-0.0115954999,0.0292570195,0.0078201050,-0.0066563735,0.0066701411,-0.0006592090,-0.0059642142,0.0067413294,0.0161169910,-0.0129162077,0.0099089818,0.0018344005,-0.0020703138,0.0139426379,-0.0006704221,-0.0084393367,0.0350950013,-0.0061060897,-0.0143532949,-0.0071009172,-0.0157597559,-0.0411439028,0.0042112053,0.0384798855,-0.0014597091,-0.0334456594,-0.0007434051,-0.0025827972,0.0013875578,0.0257546393,-0.0001062103,0.0235297440,0.0290104577,0.0009833813,0.0105260198,-0.0010487274,0.0022150003,0.0001222203,-0.0163705140,0.0096956913,-0.0106124453,0.0283543208,0.0281676305
86.0000000000,-0.0024532955,0.0364765741,-0.0071723127,-0.0105607800,0.0007565379,0.0130931693,-0.0045053431,-0.0051368067,-0.0002340513,-0.0004773489,0.0111680530,-0.0222741232,0.0121152037,0.0003238438,-0.0289003133,-0.0068086034,-0.0030930835,-0.0030224643,-0.0126290827,0.0075735997,0.0007559839,0.0118018800,-0.0003426611,0.0074857593,-0.0024944229,0.0158245701,-0.0036248416,0.0015509379,-0.0038364331,-0.0003933121,0.0156779922,0.0045346658,0.0195485756,0.0182063948,0.0103693330,-0.0152083293,0.0296791635,-0.0229491101,-0.0111005647,-0.0083694492,-0.0287862612,-0.0109383547,0.0092229955,0.0086997896,-0.0069994879,-0.0113217461,-0.0004371304,-0.0029877962,0.0036015856,0.0072818772,0.0194338530,-0.0365015854,-0.0029742338,-0.0034861531,-0.0130753655,-0.0154492631,0.0015917647,0.0080091776,-0.0151142416,0.0182081472,-0.0209075665,0.0165667557,0.0070520531
87.0000000000,0.0100065963,0.0269300691,-0.0013253350,0.0130726815,-0.0097727485,0.0080915914,-0.0066078148,-0.0052852377,-0.0040789191,0.0121462500,-0.0044282533,-0.0113461283,0.0001132406,0.0219735691,-0.0035825208,0.0130917160,0.0062349080,-0.0119543570,-0.0086638623,0.0101567654,-0.0200693318,0.0184459782,-0.0309761992,-0.0188292316,-0.0005897527,0.0291680437,-0.0151246438,0.0164927301,0.0083836307,-0.0133228055,-0.0089253402,0.0137675135,0.0085604368,-0.0082639552,0.0120907338,-0.0262355663,0.0197139611,0.0160435841,-0.0068150751,0.0163501160,-0.0271073825,-0.0105479566,-0.0101507796,-0.0002364346,-0.0012092904,-0.0190907342,-0.0137699545,-0.0052737748,-0.0118991740,0.0246375944,0.0025471905,0.0150801519,0.0129719910,0.0024550892,0.0021125259,-0.0082063418,0.0000275508,0.0214489978,0.0182716726,-0.0004307776,-0.0138720068,-0.0039112134,0.0059824192
88.0000000000,0.0212632942,-0.0178575462,0.0000067107,-0.0076298758,0.0125558582,0.0082323154,0.0101512527,-0.0227343989,-0.0032984753,-0.0035481787,0.0255289831,-0.0041696861,-0.0120147690,-0.0109935725,-0.0083940570,-0.0067786247,0.0032580833,-0.0108493344,-0.0009712623,0.0085833900,-0.0017507488,-0.0064640281,0.0198699940,0.0023438357,0.0035161345,0.0125332994,-0.0035704083,0.0064014576,0.0006680084,0.0001792616,0.0001646106,0.0295592984,0.0021564883,0.0068991442,0.0129432399,-0.0121319604,0.0148385479,-0.0088748087,-0.0015649724,0.0143628534,-0.0033013725,0.0035122932,-0.0132137702,0.0101472447,-0.0134156476,-0.0244851524,-0.0155948371,-0.0034128094,-0.0101955044,0.0139237514,-0.0009914220,0.0269315820,0.0130808061,0.0008412728,-0.0268748180,0.0248775899,0.0009487966,0.0058950612,0.0177768438,-0.0056532776,-0.0062000201,0.0039188844,0.0158969790
89.0000000000,0.0228806233,0.0139257130,0.0157091701,-0.0058274749,0.0190570840,0.0189094736,-0.0009878801,-0.0418094054,-0.0145766481,0.0174468188,0.0206161294,-0.0271872659,-0.0210682108,-0.0107850107,-0.0419765562,0.0231499909,0.0060082352,-0.0100114124,-0.0148390310,0.0093293542,0.0049920467,0.0240243282,0.0307352306,-0.0079753772,0.0161380669,0.0326835994,0.0090613373,0.0060767406,0.0363157558,-0.0055025764,0.0169380436,0.0130591402,0.0373064410,0.0321879761,-0.0056534651,-0.0359023455,0.0182739861,0.0003971272,-0.0146976904,0.0048281641,-0.0318847804,-0.0259384398,-0.0009393521,0.0174484054,0.0010199873,-0.0253385221,0.0025689644,-0.0020277901,-0.0298955617,0.0166581526,0.0136308566,0.0026783347,0.0255799274,-0.0051360211,-0.0007956396,0.0042323463,0.0006873394,0.0110688951,0.0043628738,-0.0064489317,0.0015818651,-0.0197581401,0.0234853947
90.0000000000,-0.0024449191,-0.0043918021,-0.0012119675,0.0142565205,0.0059286828,-0.0001059055,0.0107810171,0.0019527894,-0.0240729807,-0.0039270884,-0.0071165074,-0.0011220917,-0.0150089145,-0.0035347598,-0.0305739165,-0.0106174328,-0.0070470984,-0.0154906865,0.0097866609,0.0115823471,0.0004309613,0.0109618310,0.0185942679,-0.0232232263,-0.0062820482,-0.0020458624,0.0043024152,-0.0175920079,0.0165387984,-0.0014080772,0.0158312473,0.0144079252,0.0140232236,0.0081371570,-0.0114252622,-0.0234899752,0.0438018362,-0.0065527568,0.0103445596,0.0013218960,-0.0260344905,-0.0120874139,-0.0185532985,0.0084764575,0.0115913705,-0.0196357375,0.0111538163,-0.0111263137,-0.0099108479,0.0013752165,0.0115153392,0.0010020522,-0.0000329133,-0.0007499922,-0.0061176754,0.0110707765,-0.0177058857,0.0166523219,-0.0149963581,-0.0034469513,-0.0103443490,0.0057522008,0.0152865773
91.0000000000,-0.0112313875,0.0089046659,0.0094091114,-0.0267063245,0.0037925183,-0.0081690449,0.0072106482,-0.0207946842,0.0212297417,0.0092623261,0.0281017338,0.0052329554,-0.0148194499,-0.0102602909,-0.0322826310,0.0252349219,-0.0181962715,-0.0098955951,-0.0228884201,0.0106440136,0.0077984702,0.0143342453,0.0013810267,-0.0059245866,0.0107645269,0.0189513412,0.0076978544,-0.0205758612,-0.0124101719,-0.0025119939,-0.0003574266,0.0127619342,-0.0033464519,0.0116210864,-0.0228845055,-0.0069688715,0.0156085832,0.0100360270,-0.0224180123,0.0035548202,-0.0082862671,-0.0070547086,0.0053671394,0.0106953365,0.0103520185,-0.0122737224,-0.0099223275,-0.0014076326,-0.0234511304,-0.0044841158,-0.0027416326,-0.0045620175,0.0280383588,-0.0020214695,-0.0306199602,-0.0034936981,0.0031246122,0.0147685794,0.0080236903,0.0003432434,-0.0557983183,0.0159386726,0.0023130059
92.0000000000,-0.0096882019,0.0113534968,-0.0147702830,-0.0071575515,0.0138001126,-0.0184715987,-0.0007175322,-0.0299780812,0.0037579666,0.0312658399,-0.0012087429,-0.0121217979,-0.0083010444,-0.0144980696,-0.0241004036,0.0141962456,-0.0014488460,-0.0092696102,-0.0079366708,-0.0013543294,-0.0100098631,0.0371204738,0.0025974022,0.0097250279,0.0145849504,0.0087663154,-0.0253251942,-0.0022357255,0.0051060138,-0.0074969623,0.0223245622,0.0141251197,0.0038143209,0.0051924688,0.0178187341,-0.0081978113,0.0338771013,-0.0168973761,0.0022546458,-0.0041556281,-0.0060179585,-0.0400210192,-0.0076357833,0.0205639478,-0.0151347564,-0.0016758997,-0.0003566290,-0.0103769968,0.0176660726,0.0151575524,-0.0040825093,-0.0018983521,0.0316613654,0.0157480891,0.0115980479,-0.0000050937,0.0009231357,-0.0167414308,0.0066935306,0.0034479568,0.0009145278,-0.0069150326,0.0013418620
93.0000000000,0.0049268689,0.0071042011,0.0085341438,-0.0132355413,-0.0022184076,0.0224162081,0.0014831962,-0.0200547557,0.0168242308,0.0135021657,0.0093243188,-0.0013621637,-0.0079866775,0.0086679441,-0.0099522170,-0.0078662812,0.0052398139,-0.0048692586,-0.0007150508,-0.0003512917,-0.0223162934,0.0056377147,0.0090375340,0.0038995645,0.0016566994,0.0251456399,-0.0154548101,-0.0204467880,0.0006139546,-0.0064667446,0.0033234132,0.0001795280,-0.0061740660,-0.0001962034,-0.0029769092,-0.0271662386,0.0180865428,-0.0056934523,0.0082909117,-0.0293649502,0.0065173705,-0.0030316650,-0.0271185115,0.0089268121,0.0085665244,-0.0277027367,0.0144022613,-0.0304183293,-0.0257838550,0.0156547758,0.0071387136,-0.0127962519,0.0050280812,-0.0083977371,0.0019692671,0.0077729148,0.0044861248,-0.0036404631,-0.0099842420,-0.0055462340,-0.0294356425,-0.0163274625,0.0266757531
94.0000000000,0.0057673887,-0.0002383371,-0.0066178407,-0.0105174926,-0.0066702875,0.0105896899,0.0128241110,-0.0194570719,-0.0020613249,0.0275128729,0.0136990914,-0.0140064473,-0.0052103999,-0.0088878269,-0.0070665585,-0.0033362586,-0.0023723777,-0.0278055955,-0.0116648203,0.0129304293,-0.0209098861,0.0210854877,0.0248229604,-0.0020446967,-0.0143308072,0.0209293435,-0.0335251873,0.0005273907,0.0108069714,-0.0213475599,0.0048929072,0.0201985254,0.0221043179,0.0007487694,-0.0220714056,-0.0135385267,0.0375901319,0.0023663386,0.0013285877,-0.0112949014,-0.0191284556,-0.0409307008,-0.0335848470,0.0190074708,0.0071736476,-0.0099798813,0.0180896110,-0.0217696956,-0.0202898640,0.0091555005,0.0306071039,-0.0005362041,0.0205838535,-0.0136265796,0.0051169584,0.0106912092,0.0088560842,0.0064501505,-0.0165834010,0.0027742783,0.0144890947,0.0026540279,0.0092177870
95.0000000000,-0.0029190406,-0.0130699006,-0.0016381016,-0.0062150224,0.0012969201,0.0373227059,0.0096705511,-0.0272487729,0.0052636318,0.0190369289,0.0207940889,0.0092114871,-0.0266548879,-0.0097625749,-0.0266726044,0.0065033982,-0.0133264749,-0.0219315938,-0.0273661730,0.0035866902,0.0017623147,0.0418250034,0.0083831567,-0.0207371102,0.0172545279,0.0045764866,0.0021183630,-0.0123682602,0.0197324820,-0.0261169269,0.0093286616,0.0026054971,0.0230361118,0.0159485393,-0.0121192367,-0.0179045830,0.0330247911,-0.0156593428,0.0084395665,0.0075188618,-0.0188785439,-0.0181034138,-0.0206596338,0.0350877040,0.0258890161,-0.0193052221,0.0151057963,0.0081221090,-0.0195053328,0.0090895223,0.0149744722,0.0125886501,0.0252535022,0.0029112298,-0.0287909362,0.0076913331,0.0032130943,0.0057161179,0.0078590907,-0.0147342665,-0.0079588115,0.0135744203,0.0363815208
96.0000000000,-0.0021471857,-0.0123611824,0.0038832986,-0.0071413597,0.0009337618,0.0117466913,-0.0026495800,-0.0197795569,-0.0057925918,0.0076711836,0.0150228374,0.0013004930,-0.0135452117,0.0062040704,-0.0417519557,0.0139079786,0.0215028368,-0.0165967866,0.0045734230,0.0075024108,0.0048195879,0.0051288440,0.0181384654,-0.0033140565,-0.0017776382,0.0248041403,0.0113642406,0.0131980420,0.0038023148,-0.0324135385,-0.0289765421,0.0045737268,-0.0065277528,0.0047726293,0.0139295443,-0.0201148972,0.0132531484,-0.0131213140,-0.0095786805,-0.0099321931,-0.0081666891,0.0023991651,0.0195642268,0.0181784414,-0.0068432898,-0.0360513824,0.0115017176,-0.0285358463,-0.0155860002,0.0176418922,0.0148897751,-0.0022997351,0.0380461265,0.0061084760,0.0131879767,0.0027873527,0.0095412596,0.0210867335,-0.0252523997,-0.0037458190,-0.0006897507,-0.0034281552,0.0008111597
97.0000000000,-0.0168315733,-0.0056893627,-0.0256915936,0.0045551885,-0.0046365810,0.0107862032,0.0083029408,-0.0148673504,-0.0039744129,0.0244820451,0.0013215614,-0.0061017848,-0.0120581950,0.0071734971,-0.0280571185,-0.0071974827,-0.0144091813,-0.0035694001,0.0122722767,0.0045345799,-0.0117082044,0.0146131083,-0.0100998120,0.0010398558,0.0053229677,0.0070812002,-0.0120154405,-0.0025123296,-0.0005853087,-0.0127119822,0.0117093905,0.0058230303,-0.0025330447,0.0067431832,-0.0148025232,-0.0149116724,0.0292827201,-0.0307414269,0.0118753852,0.0028701348,-0.0027860751,0.0022002859,0.0085133564,0.0111441234,0.0090274596,-0.0229875194,-0.0033386470,-0.0121799149,-0.0155112151,0.0142552804,-0.0021553908,0.0094768900,0.0153888596,0.0040927170,-0.0226739781,0.0007442762,-0.0133252972,0.0226979973,-0.0146459661,-0.0078670889,-0.0196602695,0.0317795983,0.0279723117
98.0000000000,-0.0073183413,0.0091991822,0.0076951892,0.0156862779,-0.0159277954,0.0165269528,-0.0063864990,-0.0004423826,-0.0018355869,0.0105068125,-0.0020038680,-0.0073850952,-0.0139626852,-0.0094491079,-0.0320840662,0.0107304677,0.0049620513,0.0158781644,-0.0232818808,0.0196017630,0.0170038839,-0.0016247008,0.0116633744,-0.0032846826,-0.0082875698,0.0082351168,0.0045154089,0.0216611402,-0.0132897515,0.0121846429,0.0211376585,0.0074972946,-0.0001629100,-0.0080810575,0.0100317913,-0.0203182309,0.0158836542,-0.0140306483,0.0039386665,0.0028424618,-0.0007353658,-0.0110570748,-0.0068667276,-0.0113967508,-0.0031447314,-0.0225437166,0.0000823719,-0.0141244094,0.0082543261,0.0097235783,0.0023553236,-0.0043762846,0.0322156774,-0.0104766883,-0.0103029665,-0.0010687879,0.0075356055,-0.0179151316,0.0272722187,0.0122187723,-0.0088121881,-0.0187933466,0.0018186245
99.0000000000,0.0111621677,0.0050139287,0.0012996747,-0.0149966837,0.0163734337,0.0018729142,0.0042509571,-0.0196779881,0.0040663778,-0.0213552903,0.0156094985,-0.0153030887,-0.0055456565,0.0062193966,-0.0154503810,0.0134626236,-0.0180238619,0.0061142528,-0.0172126905,0.0060649206,0.0176569447,0.0262243677,0.0078059702,-0.0064561366,-0.0142654476,0.0377881776,-0.0029816209,0.0115149545,0.0108458660,-0.0266846891,0.0168647114,0.0162911417,-0.0052120364,-0.0060143767,-0.0025371620,0.0074675287,0.0393350345,-0.0188820248,-0.0036721958,0.0225253003,-0.0095912448,-0.0100081471,0.0023383178,0.0101387661,-0.0118900693,-0.0012160929,0.0113171846,-0.0021966799,0.0026120049,0.0087701787,0.0138877572,-0.0064389939,0.0181046042,-0.0028894511,0.0058878425,0.0175513644,0.0157854959,-0.0050197462,-0.0030930822,-0.0207745749,-0.0093127709,0.0001316629,0.0186119797
100.0000000000,-0.0056186741,-0.0082943168,0.0161546645,0.0010659248,0.0107132909,-0.0059241724,-0.0086373580,-0.0266601826,0.0124501396,0.0218525714,-0.0055589473,0.0025062488,-0.0109309593,0.0089499298,-0.0093837454,0.0333175331,-0.0020041167,0.0058099081,0.0117501733,0.0056503129,-0.0009777397,0.0055512943,-0.0048063658,0.0007288428,-0.0074491428,0.0321203637,-0.0104923284,0.0119188737,0.0254840657,-0.0025062430,-0.0041838776,0.0199084338,0.0121113577,0.0328830867,-0.0253590894,-0.0162686173,0.0359331642,0.0020026838,-0.0168154770,0.0023261807,-0.0134444970,0.0139050726,-0.0097415563,0.0024160267,0.0154072731,-0.0226325639,0.0209035491,-0.0210766235,-0.0159578685,0.0099006580,0.0297844571,-0.0080063542,0.0206738348,-0.0134500305,-0.0028295204,-0.0101647064,-0.0065575429,0.0193021191,-0.0048096502,-0.0014659718,-0.0307985081,0.0115303282,0.0336547294
101.0000000000,0.0050969952,-0.0079033662,-0.0026041973,-0.0085816090,0.0050209823,0.0232691088,-0.0084416816,-0.0201062798,0.0090644592,0.0138834517,0.0111227951,-0.0154309505,-0.0397172927,-0.0347811063,-0.0273534893,0.0245025850,-0.0271158536,-0.0054221657,0.0018027760,0.0295997880,-0.0017892223,0.0177143385,0.0148830805,-0.0148333895,0.0034485846,0.0312095964,0.0046371286,-0.0061975967,-0.0062979077,0.0122952101,0.0150311270,0.0237945735,-0.0100971485,0.0083309103,0.0087420954,-0.0217509399,0.0502310445,0.0082879724,-0.0119044732,-0.0121623116,-0.0303094769,-0.0154699278,-0.0083107722,0.0204094609,-0.0070925931,-0.0254389061,0.0181720094,-0.0016766273,-0.0052532862,0.0216708755,-0.0094130386,-0.0214878922,0.0222181162,-0.0010740331,0.0133963663,0.0142424863,-0.0194742223,0.0075633660,0.0082635768,-0.0141639444,-0.0074396466,0.0139840873,0.0317578478
102.0000000000,0.0143229131,-0.0078858286,0.0087489195,-0.0049604095,0.0077954695,0.0160123441,-0.0067559685,-0.0081284450,0.0040381944,0.0243658278,0.0100835996,-0.0198646952,-0.0064978354,0.0079311607,-0.0062494009,0.0222397125,-0.0019095840,-0.0140970766,-0.0086293216,0.0045531210,-0.0054461868,0.0187609718,0.0025415186,0.0098326851,0.0032999663,0.0404583245,0.0015800136,-0.0070055546,-0.0087069761,-0.0069561566,0.0236924255,-0.0177486157,-0.0054909678,0.0060386099,-0.0073350005,-0.0193190565,0.0176831722,-0.0034902192,0.0130236699,-0.0107244515,-0.0157311560,0.0148569368,-0.0100224540,-0.0113536193,-0.0044356819,-0.0481907010,0.0048263165,-0.0244196490,-0.0181713681,-0.0041670142,0.0162653150,-0.0220801360,0.0342172919,0.0013839898,-0.0074421047,0.0024424568,-0.0028234195,0.0326346556,0.0060715450,-0.0038243226,-0.0155347827,-0.0166360759,0.0151691224
103.0000000000,0.0007579930,0.0128204013,0.0390234799,0.0001543641,-0.0065980974,0.0278582388,0.0144683516,-0.0244765345,0.0050885913,0.0128458826,0.0100469430,-0.0158462475,-0.0275754309,-0.0021372258,-0.0196029863,0.0029789911,-0.0042797751,-0.0183708660,-0.0103730197,0.0283421580,-0.0322474233,0.0054308427,0.0115205228,-0.0110442199,0.0154129493,0.0084053994,-0.0315783339,0.0061858590,0.0007974558,-0.0027775128,-0.0012322187,0.0061191972,0.0005348882,0.0138286040,0.0146728932,-0.0177196361,0.0296509639,0.0005757796,0.0131235556,-0.0020643388,-0.0112984465,-0.0026445809,-0.0160323469,0.0115065896,-0.0032224556,-0.0363076325,0.0127648038,-0.0088353830,-0.0114963926,0.0319805345,0.0177243995,0.0215409578,0.0168055537,-0.0070760816,-0.0134684030,-0.0009345828,-0.0035974356,0.0229811846,0.0155581189,-0.0270007305,-0.0023509188,0.0108053010,0.0212263611
104.0000000000,0.0043787832,0.0085169703,-0.0013004964,-0.0046518091,-0.0096535058,0.0106727434,-0.0047374832,-0.0146224938,0.0044079522,-0.0012803746,0.0185108248,-0.0172682185,0.0140074435,0.0036916281,-0.0187431066,0.0211284919,-0.0149522770,-0.0182948031,-0.0113496016,0.0057088086,-0.0056664477,0.0249343066,0.0151899031,-0.0126960244,0.0022411937,0.0372366451,-0.0199522482,-0.0005413277,-0.0168300207,-0.0112677772,0.0217244256,0.0138435909,0.0200340337,0.0033099485,0.0006980851,-0.0284919991,0.0369700244,-0.0205329032,-0.0189398332,0.0086233066,-0.0265148830,-0.0255212373,0.0001450411,0.0047502030,0.0020192824,-0.0152741139,-0.0014116796,-0.0148784970,-0.0175215731,0.0113137056,0.0181096120,-0.0004365339,0.0232719274,-0.0134555090,-0.0123727164,-0.0060288872,-0.0024981377,0.0106339911,0.0062679453,0.0100751963,-0.0370878278,0.0104362443,0.0169069770
105.0000000000,-0.0052714096,0.0060411920,0.0082734265,-0.0189734003,-0.0062263736,0.0064599223,0.0068165185,-0.0292988278,0.0027218080,0.0054010315,-0.0063195677,-0.0149618555,-0.0202835581,0.0135793220,-0.0222059534,0.0111267013,0.0041742227,-0.0137303429,-0.0098365762,0.0172468187,0.0081397446,0.0119512570,0.0232668079,-0.0037577279,0.0014662538,0.0320344829,-0.0043480040,-0.0036118805,0.0146535137,-0.0160948402,0.0121946875,0.0207713899,0.0022148535,0.0023259083,0.0144241246,-0.0089294996,0.0212643573,-0.0081908285,-0.0214030894,0.0142045664,-0.0130233973,-0.0195534974,-0.0249948158,0.0266051873,-0.0194355285,-0.0206250787,0.0054940818,-0.0167385079,-0.0282421762,0.0099999235,0.0218267098,-0.0099255105,0.0482428106,-0.0187945991,0.0077989937,-0.0033942993,0.0124228799,0.0281064377,-0.0080085123,0.0095602646,-0.0077832576,-0.0049289096,-0.0040172283
106.0000000000,0.0274321633,0.0118333221,0.0051287232,-0.0245341120,-0.0128976532,0.0284448013,-0.0143773817,-0.0529749215,-0.0012509086,0.0073710368,0.0075793095,-0.0051560449,0.0101591753,0.0227804449,-0.0181693597,0.0038892210,-0.0154741086,-0.0010886495,-0.0265926073,0.0139369327,-0.0155772568,0.0176387484,0.0455461908,-0.0123720219,0.0052791615,0.0032129275,0.0148912570,-0.0088995202,0.0010068377,-0.0021930486,0.0002094920,0.0291961532,-0.0008582147,0.0075452387,-0.0007707493,-0.0315128094,0.0289576119,-0.0036129589,-0.0030544305,-0.0257025788,-0.0187547362,-0.0249370723,-0.0017902309,0.0160109051,-0.0050811861,-0.0250713767,0.0144830673,-0.0030546734,-0.0120969342,0.0350899447,0.0010505015,0.0166334754,0.0340799535,-0.0014759799,0.0211668032,-0.0259522403,-0.0013113675,0.0086324693,0.0066684042,-0.0175822884,-0.0366569797,0.0023706358,0.0231244681
107.0000000000,0.0035925566,0.0130216357,-0.0043010625,0.0102701710,-0.0064673535,0.0049129081,-0.0005976374,-0.0178333829,-0.0056535791,-0.0048698532,0.0168086993,0.0012466013,-0.0010235204,0.0115966945,-0.0221944829,0.0018986104,0.0010815555,-0.0153207494,0.0103692913,0.0218629340,0.0196814086,0.0024220501,0.0099534535,0.0112943130,-0.0116124068,0.0362935909,-0.0020447441,-0.0239699203,0.0206493947,-0.0188550448,0.0065447131,-0.0015632185,0.0077103074,-0.0012619947,-0.0025091939,-0.0165147230,0.0258468668,0.0166297443,-0.0002109505,0.0133361108,-0.0073497986,-0.0034959364,-0.0103201993,0.0234774380,0.0180971811,-0.0177553117,0.0002419933,-0.0084030538,-0.0077274109,0.0187020313,-0.0141345435,0.0000021110,0.0114070323,0.0084122824,-0.0029520321,-0.0057969882,0.0029608045,-0.0119645220,-0.0118863484,-0.0007527825,-0.0123063884,-0.0155377195,0.0398904128
108.0000000000,-0.0035644999,0.0229888931,-0.0041655098,-0.0174898714,-0.0218699413,0.0244334247,0.0219411016,-0.0157755233,-0.0091337831,0.0014809430,0.0155057937,-0.0155359227,-0.0180005340,-0.0231619736,-0.0100939212,-0.0048127840,-0.0123446419,0.0094773752,0.0031684434,0.0087782253,-0.0098066609,0.0181194304,0.0271929543,0.0031556608,-0.0130049994,-0.0000709001,0.0259640754,0.0049102089,0.0082136992,-0.0045374439,0.0068240049,0.0299105736,0.0210205311,0.0035061289,-0.0080126382,-0.0025450612,0.0316520741,0.0037971199,-0.0179176664,-0.0045444763,-0.0147529849,-0.0218116995,0.0035481071,-0.0169285156,0.0087715184,0.0009231608,0.0095874462,0.0039612005,0.0037796864,0.0130124337,0.0166705365,-0.0081430745,0.0148499536,-0.0167815793,0.0006333667,0.0044828245,-0.0131673054,0.0136559727,0.0071488885,0.0041790250,-0.0034680405,0.0247357244,-0.0002829256
109.0000000000,-0.0019756829,-0.0002008618,0.0056371534,-0.0019837815,0.0065531804,0.0080215915,0.0070686283,-0.0117560708,-0.0036784364,0.0008356706,0.0140038807,-0.0038353675,-0.0029327374,0.0118562268,-0.0134487700,0.0117242144,-0.0077473950,-0.0261382601,0.0216952124,0.0143738149,-0.0052597305,0.0076794673,0.0017230325,0.0048146993,0.0116413122,0.0011392191,0.0152001403,-0.0081411608,0.0126912657,0.0026003061,-0.0072144414,-0.0103103718,-0.0146734199,0.0218992061,0.0070930822,-0.0204666813,0.0249913000,0.0093264561,-0.0190674319,0.0116624243,-0.0274478780,-0.0165322723,-0.0033084327,0.0063863748,0.0149725380,-0.0119364027,0.0130154634,-0.0184956080,0.0210010143,0.0331283262,0.0204354870,0.0030380854,0.0050515939,-0.0052099100,-0.0051559836,0.0050023118,0.0119074651,-0.0023586349,0.0005887963,-0.0104225218,-0.0075240464,0.0217364319,-0.0096790156
110.0000000000,-0.0017902193,-0.0109974433,0.0260901452,-0.0016264654,-0.0116930893,0.0290545702,0.0050287888,-0.0122028197,-0.0145553548,-0.0033943858,-0.0085769990,-0.0039591111,0.0030055721,-0.0082708045,-0.0393101113,0.0209841513,0.0020975647,-0.0248996472,0.0082205870,0.0325444682,-0.0164711274,0.0062220013,-0.0018304468,0.0029706364,0.0074574947,0.0315402990,0.0034469865,0.0120645577,-0.0013727837,-0.0261788406,0.0124152416,0.0363012381,-0.0017008716,0.0267236863,0.0258088792,-0.0057271288,0.0405215722,-0.0000089204,-0.0198442301,-0.0062742481,-0.0324701306,-0.0254266765,-0.0159819858,0.0262436809,0.0032982784,-0.0181557746,0.0228750423,-0.0063857759,-0.0271541631,0.0018341281,0.0318392157,0.0082251080,0.0195765298,-0.0132329340,0.0054726606,-0.0008259919,-0.0075977167,0.0144308536,0.0094021776,-0.0011958211,0.0011185836,0.0231587897,0.0330675478
111.0000000000,-0.0000999180,-0.0036317081,0.0065443219,-0.0187941158,-0.0295991595,0.0039394567,0.0045321177,-0.0182914948,-0.0095181326,0.0206518420,0.0084110607,-0.0176842644,0.0129466241,0.0147254701,-0.0217310531,0.0038730075,-0.0210082742,-0.0089780545,0.0058247786,0.0117811957,-0.0344371179,0.0098716619,0.0210757921,0.0079788345,0.0096469520,0.0296813703,-0.0112052764,0.0076478041,0.0047369271,-0.0027173768,0.0091093457,0.0175832498,-0.0221943877,0.0176547302,0.0266409894,-0.0204970884,0.0228864783,0.0007770836,-0.0067254921,-0.0046461619,-0.0362775538,-0.0055557308,0.0019053835,0.0314391767,0.0006245969,-0.0137554864,-0.0086852285,0.0050401062,-0.0119388726,0.0317970016,0.0207923091,0.0279870215,-0.0151637128,-0.0001271018,0.0019695452,-0.0018292901,-0.0002123797,0.0048364378,-0.0123637801,-0.0050468297,-0.0160005666,-0.0023146135,0.0154723111
112.0000000000,-0.0020087355,-0.0078979179,0.0133424348,-0.0153753552,0.0055185812,-0.0023920658,0.0177615200,-0.0239200830,-0.0005188007,-0.0102646567,0.0058130815,0.0038308129,0.0072151480,-0.0004614308,-0.0254461442,0.0123705857,-0.0195130990,-0.0013898941,-0.0055840071,0.0032199012,-0.0180719802,0.0158721449,0.0182728382,0.0041803301,0.0112669022,0.0165329837,0.0022828669,0.0362678893,0.0037646272,-0.0170482987,0.0096664871,0.0064265360,0.0241958921,0.0237042312,-0.0074084434,0.0152532804,0.0190071715,0.0082050859,0.0089276793,0.0014575552,-0.0270547989,0.0083862483,-0.0153434576,0.0156208622,0.0018102434,-0.0229800973,0.0124075328,-0.0233814054,-0.0083093823,0.0055751422,-0.0108506623,0.0054961090,0.0098417960,-0.0016400721,-0.0033121392,-0.0003408715,0.0202667463,0.0217267219,0.0132577132,-0.0141639264,-0.0295293704,0.0068805376,0.0148333228
113.0000000000,0.0052157848,-0.0130829963,-0.0061117195,-0.0031385435,-0.0069086970,0.0415416932,0.0020943917,-0.0348453072,-0.0018744707,0.0266086855,-0.0006620158,-0.0085578952,-0.0179339880,-0.0108993373,-0.0196139063,0.0094694035,-0.0017578208,-0.0165748773,0.0061780418,0.0232393157,-0.0028716620,0.0085652607,-0.0011930407,-0.0036498658,0.0006097953,0.0160142380,-0.0041861727,0.0103707561,0.0128348234,0.0146678879,0.0115654146,0.0111380261,0.0128937076,-0.0145055085,0.0015418127,0.0129680287,0.0203635046,-0.0134588445,0.0024505438,-0.0033937056,-0.0304653285,-0.0149917629,0.0047316067,0.0142461399,-0.0001341043,-0.0205077376,-0.0158442253,-0.0184102404,-0.0237638576,0.0327629517,0.0120444824,-0.0095800141,0.0226414231,0.0100245928,-0.0304809243,-0.0103969946,0.0089181142,-0.0103709934,0.0000765579,0.0063090418,-0.0181135383,-0.0125494082,0.0169473446
114.0000000000,0.0158562321,-0.0063253465,0.0139329427,-0.0260516780,-0.0013608791,0.0153537594,-0.0000396666,-0.0358769674,0.0120608376,0.0075288117,-0.0121668260,0.0062997407,-0.0139511561,0.0134334687,-0.0087771530,0.0132934598,0.0085003494,0.0035678265,0.0063321427,0.0066027586,-0.0068982193,0.0020070622,0.0148630799,0.0172433651,0.0084324967,0.0085736101,-0.0009361133,0.0012983639,-0.0076973523,-0.0031680861,-0.0042228938,-0.0007152237,-0.0097834623,0.0119276885,0.0136044556,-0.0308429421,0.0307680850,-0.0176367569,0.0044950851,-0.0113278396,-0.0027230762,-0.0201849946,-0.0332413296,0.0214754046,-0.0049370121,0.0104085159,-0.0001339904,-0.0253797117,-0.0086611425,0.0173682121,0.0181091854,-0.0189889585,0.0355904560,-0.0118011649,0.0079667671,0.0140123227,-0.0013440442,0.0223620389,-0.0018644605,0.0109071972,-0.0158496588,-0.0268325844,0.0355836016
115.0000000000,-0.0020421478,0.0077423569,-0.0099063514,-0.0433179611,0.0089365950,0.0066686849,0.0006521537,-0.0538266342,0.0059619617,0.0111382764,0.0112880426,0.0082437184,-0.0252937411,0.0052335245,-0.0296210432,0.0160457804,-0.0093887917,-0.0140547599,0.0111172817,0.0286551629,0.0128932997,0.0328532525,0.0281438982,-0.0267484758,0.0138660202,0.0103974249,-0.0035689497,-0.0095362112,0.0018064538,-0.0194630465,-0.0012176647,0.0424851367,0.0156167910,0.0265164397,0.0009396797,-0.0221760997,0.0637573015,-0.0042592754,0.0037299189,0.0016171969,-0.0125361079,-0.0175492042,-0.0076851026,0.0256459746,0.0050385878,-0.0330965700,0.0222126916,-0.0082512107,-0.0188051837,0.0271893399,-0.0045562429,0.0073770379,0.0231177069,-0.0246266471,-0.0137901293,-0.0001228275,0.0282537356,0.0350227542,0.0002931038,0.0092363427,-0.0157440342,0.0045802263,0.0275680273
116.0000000000,0.0115972561,0.0224122923,0.0034994324,-0.0155001876,-0.0162431390,0.0048239854,0.0211531562,-0.0298093666,-0.0033934752,-0.0090969476,0.0347190546,-0.0015902177,-0.0284565300,0.0025286482,-0.0167126241,0.0052908094,-0.0274340742,-0.0051829759,0.0050056703,0.0106918388,0.0190563915,0.0223897972,-0.0009012236,-0.0006766337,0.0146304817,0.0112060907,-0.0304732613,0.0146734485,-0.0355975350,-0.0192506043,0.0082724957,0.0228973758,0.0172094763,-0.0076609349,-0.0004572223,-0.0103704991,0.0304199322,-0.0143166763,0.0041002769,0.0025133719,-0.0067409576,-0.0037373037,-0.0117286134,0.0108338537,0.0213851223,-0.0040749307,0.0096711108,-0.0059003434,-0.0049816838,0.0242931016,0.0150028467,0.0042480410,0.0014838419,0.0181783479,0.0173584297,-0.0032576337,0.0048782011,0.0129595369,0.0040100785,-0.0009621826,-0.0015199866,-0.0051852111,0.0259704211
117.0000000000,0.0099430053,-0.0046763708,0.0069029944,-0.0221274278,0.0137613286,0.0033949965,-0.0044199785,-0.0503906377,0.0131651581,0.0049896580,0.0112028771,-0.0199511540,-0.0187482706,0.0014487316,0.0179751167,0.0170779254,-0.0079147194,-0.0185116044,0.0206872755,0.0072793661,0.0163735517,0.0281973365,0.0158044872,-0.0030523340,-0.0029555612,0.0104782205,-0.0000762263,0.0156094259,-0.0072089327,-0.0002430546,-0.0276554381,-0.0095652024,0.0207716340,0.0184787986,0.0048341488,-0.0251333964,0.0318957058,-0.0160924376,-0.0138262554,-0.0034305030,-0.0029452906,-0.0070271130,-0.0218453441,0.0069729812,-0.0017092296,-0.0137208317,-0.0024911405,-0.0254127591,-0.0202311824,0.0296575047,0.0057051336,0.0048157296,0.0207420220,-0.0190243195,0.0105972049,-0.0025480083,0.0124435562,0.0235819416,-0.0040845483,-0.0086748096,-0.0230172541,-0.0009536413,0.0159059666
118.0000000000,0.0227539911,0.0324542802,0.0105194727,-0.0008816961,0.0158845915,0.0096660901,-0.0039719474,-0.0383679040,0.0206450881,0.0195875667,0.0145908298,-0.0055170477,-0.0027909727,0.0132686193,-0.0139319895,0.0035271934,-0.0181470594,-0.0068952433,-0.0160713559,0.0264206129,-0.0221433960,-0.0003439398,0.0160989210,-0.0028519030,0.0158602071,0.0292170818,-0.0054837071,0.0014877923,0.0066886949,-0.0147187221,-0.0021434381,0.0236702166,0.0246951507,0.0342323514,-0.0005332555,-0.0062672565,0.0349816284,-0.0281694615,0.0072102474,-0.0001702763,-0.0047141881,-0.0079647811,-0.0107970296,0.0217099236,-0.0083064454,-0.0045047336,0.0090466603,-0.0105363639,-0.0392001156,0.0012992933,0.0284379883,0.0054290150,0.0203860966,-0.0136558473,0.0111793075,0.0143300055,0.0231164047,-0.0017292873,-0.0072441176,-0.0080256345,-0.0129422781,0.0092547283,0.0099662838
119.0000000000,0.0002650437,-0.0144439151,-0.0126273887,0.0110630124,0.0064875967,0.0378580964,-0.0085871237,-0.0136689691,-0.0075931104,0.0064722050,0.0225020627,-0.0147168213,-0.0395797169,-0.0028768416,-0.0064456984,0.0126682624,0.0012307506,-0.0117703663,-0.0123901888,-0.0080455592,-0.0022410073,0.0251673928,0.0218923227,0.0105476846,0.0082446239,0.0334889246,-0.0033266580,0.0042618374,0.0128956657,-0.0146931419,-0.0100863282,0.0222813834,-0.0025856592,0.0100794339,-0.0073994871,0.0053301158,0.0202496504,-0.0214216824,0.0139762575,-0.0199031546,-0.0169136959,-0.0103329838,-0.0103360491,-0.0078815467,-0.0034767217,-0.0364555276,0.0169134226,-0.0022336923,-0.0034319320,0.0022591045,0.0055738136,0.0086280396,0.0278855537,-0.0181132002,0.0075321722,-0.0120201608,0.0119546063,0.0358038946,-0.0128189814,-0.0035127053,-0.0091373001,-0.0074794825,0.0049567040
120.0000000000,0.0160355825,0.0108670217,0.0047609573,-0.0100339068,-0.0053593238,0.0136161173,-0.0015771765,-0.0224498706,0.0002106323,0.0011380771,0.0145982471,0.0078451130,-0.0057802127,-0.0167405919,-0.0414312891,0.0051566815,0.0036928188,-0.0319900385,-0.0033819614,0.0162973815,-0.0027430797,0.0019253844,-0.0033674769,-0.0247801900,-0.0005479167,0.0185751164,-0.0017492452,0.0158540126,0.0183404266,0.0008260049,0.0047144221,-0.0009844633,0.0337165735,0.0185307418,0.0023689982,-0.0141900079,0.0254946472,-0.0077445484,-0.0046206382,-0.0079294249,-0.0398152144,-0.0313492716,0.0104637596,0.0337050134,0.0128981577,-0.0059293227,0.0249520612,-0.0052595550,-0.0293646008,0.0267032010,-0.0054180542,0.0149521561,0.0084788374,-0.0091163412,-0.0091429082,0.0002612125,0.0182850881,0.0024069095,0.0155297410,-0.0177058809,-0.0185240053,-0.0228463566,0.0047510329
121.0000000000,0.0007938281,0.0030765648,0.0134735073,-0.0051883863,0.0004939724,0.0260731428,-0.0226189420,0.0009095472,0.0238133323,-0.0095123895,0.0118116647,-0.0208299467,-0.0085507454,-0.0140281970,-0.0213722399,0.0063005479,-0.0093645609,-0.0053622241,0.0139432653,0.0023723750,-0.0055780637,0.0131603941,0.0001572320,0.0028908728,0.0142814017,0.0391614789,-0.0170239365,0.0204400044,-0.0018083632,0.0067443178,0.0053272194,0.0319624642,-0.0070292482,0.0089527729,0.0139174840,-0.0013208155,-0.0025550571,-0.0124638974,-0.0013814476,-0.0086772686,-0.0297990979,0.0103439140,-0.0227080064,0.0212875327,-0.0027423531,-0.0139580088,0.0171520178,0.0000492551,-0.0172663199,0.0076336113,0.0242519387,-0.0117408659,0.0367266642,-0.0191873335,0.0188092083,0.0107013076,0.0165580541,0.0072564404,-0.0026570094,0.0048748640,-0.0239335537,0.0092028788,0.0067185172
122.0000000000,0.0133884601,0.0103136282,0.0291191853,-0.0155115826,0.0106563914,0.0251041301,-0.0087239044,-0.0353337777,-0.0132866037,0.0099694611,0.0120997389,-0.0099702390,-0.0200727411,-0.0111444011,-0.0066220871,0.0243098383,-0.0161377833,0.0133415669,0.0032143597,0.0076455661,0.0288023490,0.0388079072,-0.0089474137,-0.0016740837,0.0123240956,0.0299980855,-0.0000124006,-0.0002931275,0.0253710999,-0.0180922689,-0.0049928828,0.0290409367,0.0298110729,-0.0048051055,0.0013412542,-0.0021140863,0.0167348945,-0.0276094928,-0.0086902764,-0.0172403480,0.0010067273,-0.0090929309,-0.0161822576,0.0067446966,0.0204475840,-0.0143211860,-0.0124831339,-0.0100828244,-0.0258855898,0.0239210185,-0.0011030688,0.0077984378,0.0250058544,-0.0012903137,-0.0030096335,-0.0003813599,0.0192326345,0.0119509618,-0.0073867490,-0.0079638055,-0.0090216417,-0.0014255894,0.0271888217
123.0000000000,0.0185576363,-0.0046290358,0.0011905487,-0.0228405292,0.0091539554,0.0461824309,0.0186398990,-0.0423125151,0.0111282449,0.0274967390,0.0074745764,-0.0151636987,-0.0408219209,0.0188049940,-0.0265170033,0.0091121349,-0.0033002568,0.0010418555,0.0084983107,0.0083799355,-0.0006077379,0.0455187838,0.0150311074,0.0079757873,-0.0058141970,0.0437721823,-0.0135934778,0.0035459261,-0.0080548407,-0.0051122165,-0.0056364009,0.0068145520,0.0137629748,0.0037311429,0.0250756864,-0.0170285019,0.0175882183,-0.0232525740,0.0062243120,-0.0113345397,-0.0233252926,-0.0325884440,-0.0188142678,0.0139725357,0.0203593167,-0.0470935703,-0.0040313199,0.0032234138,-0.0173414966,0.0096451003,0.0023463451,0.0003799503,0.0291121842,0.0025725025,0.0023795094,0.0088605413,0.0233151667,0.0201692438,0.0072411574,-0.0063362349,-0.0200682931,0.0074087123,0.0249307288
124.0000000000,-0.0031161351,0.0186903397,0.0242489747,-0.0102643360,-0.0013189132,0.0087086979,-0.0047942682,-0.0366730298,0.0070089084,0.0079938850,0.0102732036,-0.0119541417,-0.0075385847,-0.0082573667,-0.0168283640,0.0093155725,-0.0060826617,-0.0050796732,0.0139113277,0.0097182491,0.0027008089,0.0324964420,-0.0192375902,0.0037612299,0.0063962283,0.0360491253,0.0011566028,-0.0147560737,0.0214488226,-0.0161082189,0.0307655015,-0.0010007739,0.0135297081,0.0156120551,0.0042948342,-0.0284682727,0.0305874740,-0.0218465588,0.0014466916,0.0117021264,-0.0154097324,-0.0265096844,0.0046009791,0.0185601750,0.0080038240,-0.0334272105,0.0083115893,-0.0114840967,-0.0203034157,0.0260975066,0.0122415051,0.0122770345,0.0396739784,0.0064763485,-0.0039419949,-0.0190351499,0.0155242712,-0.0000125319,0.0168226005,0.0027248137,-0.0229465741,0.0175899926,0.0172761229
125.0000000000,0.0147616752,-0.0107181399,0.0190910011,-0.0163856173,-0.0103129393,0.0184447963,-0.0050447251,-0.0342966499,0.0152267514,0.0283897971,0.0117404255,-0.0072930714,0.0006861536,0.0116140207,-0.0319489608,0.0351561395,0.0057030268,-0.0282606946,0.0078298996,0.0207562401,0.0196020633,0.0051429231,0.0240317025,-0.0006287341,0.0068151774,0.0467141334,-0.0007940614,-0.0062067297,-0.0029193213,-0.0035545653,0.0138464752,0.0128178871,-0.0101985177,0.0218439213,-0.0168967068,0.0068539396,0.0461939327,-0.0201707966,-0.0053600466,0.0067397695,-0.0233652521,-0.0166462275,-0.0135606669,0.0359386123,0.0151120530,-0.0261776020,0.0178671471,-0.0243119449,-0.0137460537,0.0135508205,0.0171633655,-0.0037902517,0.0251981007,-0.0250981673,-0.0042933527,0.0012490831,0.0158450143,0.0178662970,0.0089189908,-0.0116431013,-0.0154522964,0.0070176099,0.0418256119
126.0000000000,0.0065687760,0.0043792780,0.0147969224,-0.0198357216,0.0019743420,-0.0166514229,-0.0063350087,-0.0217365545,0.0031476142,-0.0026937410,0.0031018225,-0.0002787842,-0.0118499190,-0.0006558557,-0.0008617406,-0.0053556742,-0.0121545025,-0.0075187205,0.0055030576,-0.0062364866,0.0004543809,0.0165161171,0.0154567934,-0.0060804078,-0.0271548251,0.0234022955,-0.0071427712,0.0133929864,0.0074730084,0.0090372285,0.0170500915,0.0285132334,-0.0023976066,-0.0014466347,0.0031459689,0.0153742278,0.0390114741,0.0099028852,0.0200324454,-0.0034242966,-0.0126519738,-0.0098211977,-0.0106516584,-0.0114031350,0.0076737476,-0.0142287059,0.0160447737,-0.0036343893,0.0092176894,0.0262609143,0.0054071853,0.0086457201,0.0018990524,0.0078513517,0.0113403021,0.0001006818,-0.0019131304,0.0053712431,-0.0078060732,-0.0015454980,-0.0128268675,0.0093773460,0.0010815972
127.0000000000,0.0012555228,-0.0027728696,-0.0017952827,0.0170912972,-0.0038166923,-0.0119275110,-0.0081984964,-0.0193702858,-0.0036724574,-0.0011440597,0.0117827016,-0.0127723159,-0.0040193208,-0.0021914097,0.0146432092,0.0132414301,0.0016978805,-0.0151014728,-0.0037347210,-0.0021643025,-0.0127547475,0.0324748494,0.0148591418,0.0096629496,0.0063494989,0.0166259559,-0.0130498127,0.0192446403,0.0058176764,-0.0212123375,0.0199962947,0.0160091746,0.0172868978,0.0173675280,0.0151355610,0.0083553313,0.0282575107,-0.0150065682,-0.0091741421,0.0107960994,0.0007706794,-0.0261138052,0.0027372279,-0.0008593237,0.0072641099,-0.0028213315,-0.0061674884,-0.0078637449,-0.0077814743,0.0040866795,0.0087928639,0.0028020767,0.0185214868,0.0063756728,-0.0168208410,-0.0103172814,0.0049264306,0.0219814225,0.0018145600,0.0233635561,-0.0305520376,-0.0194027508,-0.0010873407
128.0000000000,-0.0059005680,0.0257708952,-0.0009227023,0.0028001705,-0.0169437746,0.0055778918,0.0051554997,-0.0077784168,-0.0143853700,0.0279051935,0.0042840688,-0.0187962480,-0.0206217160,0.0248138196,0.0150465111,0.0283352000,-0.0091128340,-0.0044541199,0.0079451696,0.0112346853,0.0051880579,-0.0043175679,0.0117805452,-0.0249968247,-0.0108052027,0.0249974337,-0.0080146276,0.0026435071,0.0058652238,-0.0108538642,-0.0140440174,0.0077118335,-0.0168256184,-0.0060610992,-0.0031971030,-0.0075025939,0.0252058653,-0.0067710847,0.0057903238,0.0040858763,-0.0163228831,-0.0203874227,-0.0078565805,0.0200719716,0.0109114426,-0.0092925734,0.0191540093,-0.0180836403,-0.0075431508,0.0045154395,-0.0084045078,-0.0005897455,-0.0062857577,0.0072155472,0.0156996879,-0.0078905763,-0.0040326682,0.0160453343,0.0054756140,-0.0240404353,-0.0172121385,0.0125752065,0.0324604294
129.0000000000,0.0083388768,-0.0171170313,-0.0074414599,0.0025920239,-0.0003313049,0.0035966673,0.0282021597,-0.0180769281,0.0019482276,-0.0029344744,-0.0101328098,-0.0136659275,-0.0050419259,-0.0111934967,-0.0162814654,0.0192219480,0.0334873822,-0.0250235620,-0.0053761010,0.0158560055,-0.0061210736,0.0277502241,0.0196077402,0.0100677206,0.0000291494,0.0251873424,-0.0129528066,-0.0068847535,-0.0005641950,0.0200212261,0.0060594138,0.0210192420,0.0130205964,0.0043669062,0.0262220866,-0.0051059769,0.0183664684,-0.0237582794,0.0020764356,-0.0070556302,-0.0282362404,-0.0074619976,-0.0100238370,0.0076763798,0.0108308646,-0.0068680692,0.0007057277,-0.0100297748,-0.0273947723,0.0245085651,0.0022150027,0.0107415650,0.0135150643,-0.0149704715,0.0055226225,0.0124323302,-0.0187652891,0.0090244385,-0.0039334083,0.0049939834,-0.0248331348,0.0008401977,0.0221371871
130.0000000000,0.0021704904,0.0018400062,0.0235714939,-0.0125680897,0.0047585792,0.0135184183,-0.0042232543,-0.0233537624,0.0030732571,0.0072895954,0.0200757973,-0.0156955716,-0.0142520116,0.0000694498,-0.0501823675,0.0136542138,-0.0060304516,-0.0043142027,-0.0008972414,0.0013762276,0.0088426745,0.0273414447,0.0200293989,-0.0036962381,-0.0012764390,0.0358940532,-0.0096375054,-0.0064610363,0.0034188750,0.0120082191,0.0049384839,0.0169136367,0.0096207358,0.0246255129,-0.0046915100,-0.0041626205,0.0312751449,-0.0241621525,0.0148951537,0.0125980875,-0.0090890912,-0.0159268607,-0.0071577061,0.0321570185,0.0118448107,-0.0239504020,0.0039182386,-0.0046324560,-0.0175039655,0.0134085901,0.0130391951,-0.0019005574,-0.0020124508,0.0039534556,-0.0165167130,0.0029060715,-0.0051538525,0.0155644482,0.0157310222,-0.0086982806,-0.0137752059,0.0164624848,-0.0096204201
131.0000000000,-0.0042305118,0.0020013394,0.0027700298,0.0004936689,0.0059659330,0.0229209971,-0.0068357893,-0.0156424615,0.0137039514,-0.0009965557,-0.0017535123,-0.0013107008,-0.0147187126,-0.0037052479,-0.0139590522,0.0054964631,-0.0220039010,0.0080671352,-0.0032397435,0.0012745497,0.0071352322,0.0132741996,-0.0014103862,0.0089574377,-0.0222034416,0.0246487166,0.0001150554,-0.0119966849,0.0202905735,0.0085078424,-0.0009231171,0.0027467991,-0.0143476439,-0.0160343988,-0.0064662170,0.0077168069,0.0153485067,-0.0003902136,0.0155151686,0.0103580616,0.0071573913,0.0032756047,-0.0031304694,-0.0030231301,0.0291376854,-0.0092886764,-0.0053425159,0.0132262407,-0.0168916832,0.0084552622,-0.0140627221,0.0048785454,-0.0053747463,0.0054322856,-0.0163747928,-0.0137526075,-0.0169668037,0.0003944339,0.0102770865,0.0159956552,-0.0181801068,-0.0019191807,0.0098747242
132.0000000000,0.0255027614,0.0099653654,0.0167133257,-0.0065399013,0.0015937217,0.0194439616,0.0030322560,-0.0201341316,0.0093217761,0.0242872213,0.0020656559,-0.0118771665,0.0081119517,-0.0058494443,-0.0042359812,0.0198771494,-0.0062084529,-0.0107499911,0.0146923816,-0.0010397580,-0.0000526324,0.0330882923,0.0010325247,-0.0054804110,-0.0128244398,0.0270573802,0.0027679058,0.0058422601,0.0140197778,-0.0102938355,-0.0160656934,0.0221557704,-0.0119253214,0.0233976020,0.0148075751,0.0011101297,0.0351458408,-0.0027330664,0.0045097135,0.0107040195,-0.0039006819,-0.0322781587,-0.0029346693,0.0094521091,0.0032869830,-0.0109305667,0.0118380123,-0.0137934371,-0.0348994572,0.0341549945,0.0324853782,-0.0031478210,0.0015016687,-0.0099692887,-0.0155831627,-0.0137633127,0.0146904756,-0.0063515615,-0.0123696785,0.0107183169,-0.0156097653,-0.0105440830,0.0171882544
133.0000000000,0.0019349027,-0.0103511482,-0.0115568527,-0.0088773649,-0.0027683026,0.0146441782,-0.0021282790,-0.0241750334,-0.0172214141,0.0045688811,0.0177381617,-0.0199029393,-0.0245020346,-0.0007370304,-0.0045444061,0.0032799840,-0.0148431386,0.0009299232,0.0198048729,0.0167160108,0.0089653236,0.0167465549,0.0277243436,-0.0148668497,0.0150329850,0.0072319407,-0.0009775815,0.0075799318,-0.0020650187,-0.0102357296,0.0100793850,-0.0121642063,-0.0196692955,-0.0007133398,-0.0182904719,0.0028659406,0.0394166877,-0.0006106317,-0.0023488873,-0.0076941605,0.0003379326,0.0022138220,-0.0210479783,0.0082964962,0.0139789500,-0.0313092041,0.0148123176,-0.0363397798,-0.0110880854,-0.0028058388,0.0209087254,-0.0012425269,0.0195949830,0.0374158357,-0.0248342635,-0.0007574323,-0.0147796919,-0.0126660770,0.0115588987,0.0046661357,0.0088586755,-0.0015696422,0.0195791136
134.0000000000,0.0094431310,0.0057737281,0.0076228273,-0.0210497219,0.0000429172,-0.0170909345,-0.0310195765,-0.0222854151,0.0181772644,0.0179570148,0.0228477128,0.0011304638,-0.0178164411,-0.0084444919,-0.0106548218,-0.0199325048,0.0033712638,-0.0298370646,0.0181531618,0.0094559042,-0.0178954585,0.0181403879,0.0068379916,-0.0159875916,-0.0190053610,0.0267608531,-0.0083385749,0.0090510962,0.0146743989,-0.0176535193,-0.0067087718,-0.0000137873,-0.0066075699,0.0249976061,0.0030687984,-0.0123402081,0.0081658042,-0.0079814570,0.0084943430,0.0018560402,-0.0152256461,-0.0110555299,-0.0066546249,0.0020061853,-0.0004618978,-0.0030535165,0.0110774704,0.0053218957,-0.0000722890,0.0239233458,-0.0035764084,0.0018445250,0.0213553460,-0.0117329804,-0.0057485767,0.0113885112,-0.0137365310,0.0202360240,0.0072356005,0.0071088175,-0.0302115126,0.0021882837,-0.0110055800
135.0000000000,-0.0018239488,0.0086375464,0.0152956986,-0.0197354673,0.0001100587,0.0129422406,-0.0002155547,-0.0141656626,-0.0164892745,0.0315945800,-0.0028536858,-0.0114398866,0.0160734616,-0.0150605047,-0.0009017516,0.0098035531,-0.0288145969,-0.0127233020,0.0001664420,0.0136717400,0.0035748647,0.0192406461,0.0028795979,0.0085030701,-0.0082065531,0.0038989271,0.0052871042,0.0036136472,-0.0272312063,0.0139052965,-0.0032001090,0.0160494174,-0.0013084137,0.0027677078,0.0049581904,-0.0224337199,0.0129167531,-0.0116084444,-0.0122563948,-0.0295080512,-0.0067088934,-0.0068257805,0.0009867553,0.0206866978,0.0137105394,0.0083272114,-0.0120604334,-0.0078472605,-0.0033738167,0.0263503395,0.0239855973,-0.0051051322,0.0047477923,0.0065785886,0.0077000837,-0.0007053719,-0.0176367029,-0.0010698623,0.0062397202,0.0054310632,-0.0035850309,0.0091019127,0.0244209242
136.0000000000,-0.0155256880,0.0030754361,-0.0208555060,-0.0068353377,-0.0045678003,-0.0172030573,0.0064530218,0.0040472592,-0.0059267202,0.0231762007,0.0057945507,0.0090651288,0.0087594509,0.0131767420,-0.0073955977,-0.0220252225,-0.0015636451,-0.0011105562,-0.0101927995,0.0347204543,0.0035776309,0.0221915281,0.0058253964,-0.0004057615,0.0110277654,0.0209375621,0.0001383719,0.0093906263,0.0042552544,-0.0089292159,-0.0018317206,0.0138827893,0.0196656513,0.0036554317,0.0154269113,-0.0215915344,0.0200010670,0.0195780811,-0.0109946322,-0.0047744208,-0.0038379727,-0.0100302928,-0.0349110573,0.0077903712,0.0289811824,-0.0130947123,0.0069340848,-0.0013201145,-0.0068680855,-0.0002926367,0.0157406601,0.0129196351,0.0072645079,0.0010709081,-0.0126380249,-0.0104498879,0.0124092737,-0.0228723822,-0.0039717187,0.0067951062,-0.0069078701,0.0032083498,0.0021483110
137.0000000000,-0.0093518133,0.0104727161,0.0050459740,-0.0281329599,-0.0048240724,0.0184890827,-0.0061863227,-0.0459158563,0.0013543413,0.0207072030,-0.0031069521,0.0170094118,-0.0104027773,-0.0053418094,-0.0271772094,0.0027986953,0.0138001884,-0.0094973962,0.0143726961,0.0033930454,0.0071348851,0.0248453544,0.0191143027,-0.0044853020,0.0118451899,0.0526176456,-0.0061353701,-0.0129404038,0.0086107136,-0.0006420928,0.0014803264,0.0254214894,-0.0010177797,0.0161809905,-0.0121200220,-0.0368243424,0.0271744938,-0.0106091056,0.0078669466,-0.0013099886,-0.0226797371,-0.0176573488,-0.0118611767,0.0387411942,0.0061887501,-0.0149545058,0.0060202383,-0.0432211181,-0.0333659548,0.0095683544,0.0152888882,0.0021240701,0.0192173007,-0.0149894716,-0.0138346761,-0.0040614310,0.0272681001,0.0086842475,0.0129314716,-0.0120022532,-0.0083553723,-0.0062158700,0.0032048915
138.0000000000,-0.0013707364,0.0052132563,-0.0159264515,0.0033220837,-0.0129940346,0.0164519090,-0.0072219086,-0.0350358860,0.0014566976,0.0107644014,0.0217571271,-0.0082669216,-0.0166463648,-0.0078047540,-0.0253063592,0.0078698429,0.0076695753,-0.0214783446,0.0119129106,0.0026892622,-0.0261324841,0.0045487191,0.0113125934,0.0021533460,0.0130969586,0.0345566158,-0.0087253365,-0.0144268306,0.0015439556,-0.0106116080,0.0070074785,0.0230219513,0.0007837891,0.0163419736,-0.0076507157,-0.0449592537,0.0225777290,-0.0116056367,0.0158004084,-0.0201275921,-0.0190567986,0.0022751638,-0.0123945311,0.0116218820,-0.0070670201,-0.0319793804,0.0064599183,-0.0075570370,0.0081517592,0.0245963931,0.0134454579,0.0082419937,0.0054167500,0.0043311949,-0.0111969443,-0.0024761919,0.0024156340,0.0146425419,-0.0062897174,0.0002540427,-0.0027770252,-0.0009619879,0.0408754615
139.0000000000,-0.0265165087,-0.0014560440,0.0009637047,0.0015686250,-0.0119959094,-0.0104538385,0.0293536212,-0.0431480088,-0.0112688751,0.0066973127,-0.0125134721,0.0015366020,0.0066153168,-0.0071031407,0.0017792728,0.0100634993,-0.0080663433,0.0246136952,0.0173788761,0.0156474438,-0.0005157328,0.0096904473,0.0022792055,0.0095245993,0.0084338921,0.0066391720,-0.0094502850,0.0004045113,0.0239594402,0.0059316019,-0.0064323677,-0.0072856027,-0.0013294084,0.0012982567,-0.0048473558,0.0010427228,0.0207736426,0.0088495209,-0.0084207959,0.0097987098,-0.0190815894,-0.0122326060,-0.0049995357,0.0241098801,-0.0116085974,-0.0126832432,0.0133835284,-0.0017549149,-0.0101988780,-0.0083376582,0.0145895047,0.0018288772,0.0190129571,0.0161118281,-0.0153544907,-0.0088655675,-0.0051296383,-0.0010894154,-0.0033217918,-0.0004578646,-0.0022423395,0.0046949398,0.0005318145
140.0000000000,-0.0035733305,0.0032983754,0.0291995200,-0.0186841738,-0.0032049155,0.0045950097,0.0089209358,-0.0093388544,0.0009724881,0.0119522681,0.0172686416,-0.0080997780,-0.0068053637,0.0076003779,-0.0345955580,0.0132879718,-0.0054431520,-0.0009154041,-0.0059215568,0.0087566589,-0.0022668094,0.0020404339,0.0104285861,0.0106322535,0.0011524078,0.0086058759,-0.0157947718,-0.0146550648,-0.0109376261,-0.0101319532,-0.0147686237,-0.0094810874,0.0013625057,0.0087639867,0.0127994230,-0.0174597173,0.0175119568,0.0066757992,-0.0240689605,-0.0305453752,-0.0057019854,-0.0021308070,-0.0226025509,0.0044465766,-0.0144059082,-0.0244709007,0.0094841061,-0.0248465903,0.0171572512,-0.0039684854,0.0153436226,0.0066118940,0.0167554530,-0.0032811699,0.0035016916,-0.0311089814,-0.0023353715,0.0151353546,-0.0041191905,-0.0107278655,0.0016592634,-0.0093888796,-0.0071117603
141.0000000000,-0.0017488185,0.0003742460,0.0056155313,-0.0165752625,-0.0020578654,-0.0011745929,0.0075429022,-0.0055722666,0.0110635820,0.0250646504,0.0202011617,-0.0189755085,-0.0071163511,0.0042395208,-0.0244038554,0.0288310927,0.0079055154,-0.0070877540,-0.0239867387,0.0066458688,-0.0246456372,0.0068976781,0.0000740841,0.0081949747,-0.0029981607,0.0192577971,0.0079541060,-0.0075465883,0.0232883411,-0.0095218325,-0.0035528087,0.0171546172,0.0117291211,0.0044913754,0.0043951290,-0.0042342084,0.0464921804,-0.0092505643,-0.0212762999,0.0098720485,-0.0055644990,-0.0194045369,-0.0063110748,0.0065609392,-0.0004441499,-0.0226961380,0.0107417181,0.0011949214,-0.0335941243,0.0435495990,0.0218883333,0.0105749132,0.0318432089,-0.0073322462,-0.0229897819,-0.0083545679,0.0016656723,0.0311730527,-0.0136259377,-0.0128543104,-0.0122050430,0.0090543691,0.0211891968
142.0000000000,-0.0016805509,-0.0072829288,0.0036488612,-0.0072355111,-0.0025838767,0.0274607043,-0.0080107319,-0.0284028597,0.0170545580,0.0061207726,0.0233082631,-0.0218748782,-0.0192181298,-0.0017758369,0.0055963438,0.0040863156,0.0180042868,-0.0070956684,0.0215189957,0.0339240023,-0.0170225602,0.0387024444,0.0286447982,-0.0086238423,-0.0090389391,0.0120373226,-0.0003987187,-0.0003287451,0.0067737119,-0.0056347365,0.0002864229,0.0165456183,0.0084745327,0.0197975220,-0.0002449610,-0.0425106437,0.0357977091,0.0146943084,-0.0227106011,-0.0179938555,-0.0109261614,-0.0050716186,-0.0233355870,0.0286365006,0.0133278979,-0.0393986177,-0.0000559227,-0.0223104466,-0.0242418112,0.0350870143,0.0288435826,0.0012265642,0.0258057594,0.0063260458,-0.0210568497,-0.0155351277,0.0259301599,0.0242128491,-0.0124680792,-0.0116498953,-0.0130533520,0.0161131814,0.0115142047
143.0000000000,-0.0151543609,-0.0042772936,0.0022789509,-0.0181964382,0.0035812845,0.0111203676,0.0194697539,-0.0182973214,-0.0199285191,-0.0007178165,0.0100080949,-0.0096442117,-0.0145502563,0.0245770769,-0.0059470094,-0.0059742943,-0.0122721788,0.0009450438,0.0096990090,-0.0081147764,0.0041664918,0.0144746642,-0.0045579391,0.0052761311,-0.0184705038,0.0215717179,-0.0072772115,0.0133214990,-0.0060941720,-0.0184144597,0.0054360269,-0.0047680510,0.0214879683,0.0050346884,0.0027540971,-0.0114781088,0.0354140367,-0.0017034605,0.0030266403,0.0165512858,-0.0244288244,-0.0081953536,-0.0033973162,0.0172004347,0.0022388000,-0.0270333150,0.0067213628,-0.0129239895,-0.0333960721,0.0193179162,0.0072050551,-0.0047927826,0.0099973706,-0.0099297418,0.0138314496,-0.0320850429,-0.0000845741,0.0104676837,-0.0113789568,-0.0003699171,-0.0183091970,0.0047148391,0.0400713759
144.0000000000,0.0058585209,0.0024156842,0.0166204081,-0.0011905043,0.0059314001,-0.0266689974,-0.0112410000,-0.0151975497,-0.0038450573,-0.0008289606,0.0127137199,-0.0035601789,0.0039688137,0.0051907930,-0.0234878224,-0.0027137151,0.0058442584,0.0024952680,0.0124155161,-0.0025893165,-0.0176109392,0.0347075388,-0.0053286073,0.0111995765,-0.0020450418,0.0087348912,-0.0061856470,0.0058093700,0.0187054643,-0.0143064481,0.0028817141,0.0036064152,0.0044027956,0.0165106512,-0.0053607955,-0.0192583548,0.0029359804,0.0155156073,-0.0261965104,-0.0101396310,-0.0049921669,-0.0196886635,0.0068929964,0.0010002357,-0.0118214041,-0.0243099452,0.0117675276,-0.0177973543,-0.0146277902,0.0148087110,-0.0049634645,-0.0042981175,0.0120111646,-0.0092817253,-0.0093297399,0.0049765705,-0.0044013773,0.0302374484,-0.0032050923,-0.0017504648,0.0112617627,0.0001823805,-0.0057900327
145.0000000000,0.0022183790,0.0002479082,0.0122815531,0.0244163978,-0.0062425809,0.0159379488,0.0008707711,-0.0160612508,0.0016742995,0.0144397352,0.0069146485,-0.0185841354,0.0083394648,0.0031251852,-0.0017498409,-0.0168316967,-0.0046602095,-0.0227058005,0.0289396777,0.0146077817,-0.0006419582,0.0114582732,0.0038865326,-0.0229416615,-0.0040738102,0.0090076016,0.0011717114,0.0037035552,0.0109544970,0.0068714568,-0.0076458502,0.0205321901,0.0067679326,0.0124211693,0.0157570379,-0.0113115169,0.0284240878,0.0030661648,0.0103741445,-0.0100325675,-0.0145704991,0.0010419907,-0.0108621566,0.0119588354,-0.0199165778,-0.0352083739,-0.0024563608,-0.0090633085,0.0045626017,0.0261100445,0.0256455869,-0.0084051227,0.0182971266,-0.0221280779,0.0065602519,0.0160376845,0.0133429201,-0.0043813738,0.0158347229,0.0131139132,-0.0029452846,-0.0009088660,-0.0096486841
146.0000000000,0.0340308536,0.0031408959,0.0111682202,0.0178341601,0.0004117512,0.0173011848,-0.0025647351,-0.0313846097,0.0005308861,0.0179475112,0.0191947451,-0.0050930714,-0.0043086263,0.0044025715,-0.0058440171,-0.0005770743,-0.0008010432,-0.0080168527,-0.0000936023,-0.0007315715,-0.0107430119,0.0167098785,0.0199825590,-0.0291159827,-0.0243630438,0.0177715937,0.0047515504,-0.0075536797,0.0075955119,-0.0073291548,0.0219028896,-0.0094366441,0.0192704679,0.0028649031,-0.0054131734,-0.0134490906,0.0434022512,-0.0058674152,0.0058175652,-0.0033710283,-0.0093901952,0.0074783115,-0.0187517190,0.0175957657,0.0028205482,-0.0180725369,0.0218348811,-0.0237499092,0.0007752826,0.0094466821,0.0199978098,0.0195873746,0.0187002485,-0.0093651568,0.0032627173,-0.0040929140,0.0135737189,0.0324388794,0.0067389790,0.0054332400,-0.0033583614,0.0169463742,0.0130601908
147.0000000000,-0.0005059826,0.0031557347,0.0049009127,0.0055701365,-0.0174192938,0.0159171121,0.0005195250,-0.0120227326,-0.0062941708,0.0021055964,0.0035464139,0.0031501280,-0.0077241994,-0.0156348180,-0.0110357307,0.0193615983,0.0195882041,-0.0058944473,0.0073125865,0.0273352630,-0.0084575071,0.0075288738,-0.0088404216,0.0004770820,0.0063352591,0.0145759478,0.0002844268,-0.0085913138,-0.0016114048,0.0062066257,0.0055460782,0.0021830349,0.0100753813,0.0039792600,0.0049652209,-0.0118284153,0.0081729190,-0.0002562825,0.0026359201,0.0115897033,-0.0060669709,0.0027252693,-0.0058671367,-0.0030260977,0.0225453582,0.0058121416,-0.0086260806,0.0033832340,0.0001135094,0.0069421931,-0.0209514806,0.0146070206,-0.0061832516,-0.0006757888,0.0107958359,-0.0159256884,-0.0003107718,0.0036509714,0.0130107943,-0.0224827311,0.0048865317,0.0021912047,-0.0078663616
148.0000000000,-0.0146059447,0.0108395955,-0.0027769683,-0.0007545896,-0.0075124715,0.0073249268,-0.0007180895,-0.0238625650,0.0148215102,0.0039674133,0.0058409646,-0.0102081597,-0.0134365172,-0.0022607540,-0.0102847224,-0.0102341787,-0.0105903170,-0.0076611540,0.0152077327,0.0138438695,-0.0220114818,0.0489928260,0.0240508695,-0.0135521818,0.0093856828,0.0043449359,-0.0141977189,0.0068340297,-0.0042277749,-0.0034742493,-0.0134331465,0.0229708147,-0.0132934567,0.0168647462,0.0099703174,-0.0001472164,0.0429677927,0.0000295095,0.0108447042,-0.0033447215,-0.0314565351,-0.0175927728,0.0119125465,0.0144852164,0.0167215156,-0.0061228347,0.0077006549,-0.0203451391,-0.0036997249,0.0000112717,0.0016467697,0.0136666528,0.0183445625,-0.0143809321,0.0093988548,-0.0135862686,0.0104212903,0.0215712772,0.0002737162,-0.0233788803,-0.0101707367,0.0041072769,-0.0072143856
149.0000000000,-0.0032584963,-0.0146630686,-0.0145650272,-0.0064390159,0.0102819433,-0.0060463716,0.0219621812,-0.0128981708,0.0037902314,0.0332244382,-0.0095353996,-0.0236434550,0.0016003866,0.0142715074,-0.0170269677,0.0257336747,-0.0266494326,0.0060625776,-0.0100217757,-0.0101945659,-0.0208750725,0.0264657203,0.0112380219,0.0045901111,-0.0015687666,0.0170601513,-0.0122744138,0.0247654717,0.0007562589,-0.0165316659,-0.0029712468,0.0234566237,0.0071452115,0.0095638302,-0.0050176024,-0.0039676420,0.0280773980,0.0149518091,-0.0188081859,-0.0180058667,-0.0153600591,-0.0010212444,-0.0047236223,0.0158915663,0.0007124448,-0.0200906509,-0.0100001851,0.0045680778,-0.0037893944,0.0394922610,0.0129041141,0.0011026386,0.0198503062,-0.0013743837,0.0123716563,0.0139849811,0.0032354673,0.0305938710,-0.0052649136,0.0004226303,-0.0054226660,0.0063989090,-0.0076179521
150.0000000000,-0.0024720123,-0.0268185697,0.0012167408,-0.0225158002,-0.0065766928,0.0084227448,-0.0012889805,-0.0199246621,0.0008808392,0.0196528373,0.0154740477,-0.0229090874,-0.0066190365,-0.0120693816,-0.0230130032,0.0094317865,-0.0120700010,-0.0145394958,0.0073139998,0.0267193325,-0.0171407458,0.0100684041,0.0062597136,0.0148032576,-0.0131712440,0.0067203004,-0.0029561813,0.0184549324,0.0066517575,0.0021374160,0.0047763607,0.0112077253,0.0122727397,-0.0016869952,0.0175188787,-0.0029034451,0.0337389394,0.0074334158,0.0103481069,0.0059041952,0.0073704451,-0.0294266155,-0.0204997106,0.0204515634,0.0172103632,-0.0357375293,-0.0064890817,-0.0024268206,-0.0005539216,0.0381119210,0.0046162721,0.0094659003,0.0285826073,0.0184794325,-0.0221725760,0.0045619171,0.0003757402,-0.0009163100,-0.0119467373,0.0036648907,-0.0334524856,-0.0072493860,0.0215485621
151.0000000000,0.0316491959,0.0105675043,-0.0045530788,-0.0197406383,0.0033541481,0.0144964458,-0.0089648669,-0.0323078686,0.0181067248,0.0096306839,0.0260571043,-0.0353168451,-0.0275633093,-0.0051031384,-0.0082485772,0.0362559868,-0.0258409190,-0.0090860069,-0.0290577884,0.0214919177,-0.0026911645,0.0364077253,-0.0001705131,-0.0135202040,0.0009633351,0.0279070427,-0.0134314240,0.0332444866,-0.0136476824,0.0057718946,0.0038570453,0.0324920941,-0.0099133971,0.0322213381,0.0099952593,-0.0151458445,0.0218935913,-0.0003956053,-0.0030942490,0.0074402960,-0.0361791315,-0.0131653933,-0.0112735897,0.0007001956,0.0074514094,-0.0383401672,0.0098382516,-0.0437625658,-0.0289614690,0.0310131088,0.0051437325,0.0229029552,0.0384883721,-0.0083849399,0.0082452650,-0.0334409866,-0.0124946868,0.0215593775,-0.0148149458,0.0047914566,-0.0349639816,-0.0070595325,0.0294947854
152.0000000000,-0.0012067982,0.0001604758,0.0119103664,-0.0008380070,0.0162985027,0.0249013056,0.0248978739,-0.0205121027,0.0136250482,0.0076371308,0.0087636254,-0.0079271283,-0.0090140127,0.0062011375,0.0097183532,-0.0061444722,-0.0020193861,-0.0260670803,0.0063215339,0.0398783989,-0.0152064900,0.0253179914,0.0082512483,-0.0267908245,0.0007211081,0.0220493203,-0.0089240677,-0.0190637674,0.0048058475,-0.0023777168,0.0226067694,0.0229048141,0.0053837692,0.0046839134,-0.0080468573,-0.0002039547,0.0215438670,-0.0073189989,-0.0060637366,-0.0184395461,-0.0169355015,-0.0176072325,-0.0230605011,0.0133392286,-0.0006553664,-0.0418824231,0.0146258435,-0.0186833004,-0.0208823503,0.0087768713,0.0063558514,0.0158422452,0.0298612335,-0.0090251822,-0.0026569998,0.0097674188,0.0030342742,0.0161033548,-0.0154166026,-0.0074114074,-0.0128495890,0.0031355157,-0.0068523678
153.0000000000,-0.0025166199,0.0117797099,0.0095978736,-0.0022694406,0.0044462406,-0.0029986075,0.0142229844,-0.0257846006,0.0168541611,0.0119603812,0.0232704242,-0.0269913588,-0.0157481561,-0.0071222929,-0.0114757795,0.0075567693,0.0151953319,-0.0104852088,0.0086986013,-0.0006693947,-0.0170954902,0.0125925009,-0.0172197625,-0.0075200759,-0.0081386156,0.0233928004,0.0062160332,-0.0078387245,-0.0094993272,-0.0072123816,0.0069765644,0.0055331824,0.0177127446,0.0131616248,0.0167880332,-0.0200503945,0.0388172152,-0.0087629850,-0.0028471556,-0.0085501074,0.0182456894,-0.0136509491,0.0231072147,0.0188911657,-0.0048120904,-0.0093712449,0.0048799827,-0.0031943038,-0.0309242634,-0.0016411079,0.0053159119,0.0006419951,0.0231192748,-0.0155132042,0.0012694750,-0.0147297366,-0.0200692922,0.0024384787,-0.0050180331,-0.0091940998,-0.0336714843,0.0106337112,0.0389873063
154.0000000000,0.0063966746,0.0149746269,0.0144989328,0.0034520882,-0.0079453305,0.0126347479,0.0079058929,-0.0229927073,-0.0081829162,0.0159563303,0.0171650575,-0.0054255779,-0.0157217772,0.0037623287,-0.0189891651,0.0149087069,0.0139952426,0.0073482500,-0.0092100483,-0.0129292906,-0.0117099557,0.0206997288,0.0069163642,-0.0111816423,-0.0041159265,0.0195279002,0.0162792719,0.0145361422,0.0043094019,0.0021138498,-0.0031532782,0.0032515705,-0.0049493419,0.0014940989,0.0071995939,-0.0019415826,0.0203199166,-0.0020112609,-0.0051355240,-0.0002735875,-0.0216957544,-0.0146295559,-0.0035995762,-0.0085928284,-0.0051782761,-0.0058215474,0.0006024841,-0.0118238535,0.0071061209,0.0157025348,-0.0027601529,0.0277160815,0.0263250071,-0.0035873821,-0.0173968362,-0.0014354643,0.0007445196,0.0070782307,-0.0050016246,-0.0141016384,0.0025823941,-0.0102301847,0.0051532875
155.0000000000,-0.0101415072,0.0090370069,0.0100578863,-0.0306705129,-0.0020334494,0.0296824002,0.0362147695,-0.0475113005,0.0100001788,0.0210994094,0.0103276435,-0.0143157870,-0.0258961939,0.0269361598,-0.0019199265,0.0094104468,-0.0306749944,-0.0042067111,-0.0064981243,0.0139010316,-0.0161195031,0.0365347573,0.0115066062,-0.0060889552,0.0015108667,0.0253943418,-0.0010903894,0.0107396206,-0.0023696885,-0.0029352024,0.0004878132,0.0155653412,0.0124463137,0.0286780264,-0.0004009129,-0.0177312823,0.0432255719,-0.0037725650,-0.0208635668,-0.0151329996,-0.0315710733,-0.0393240890,0.0059291194,0.0197998660,0.0024419654,-0.0383582002,0.0226903206,0.0075075028,-0.0124475040,0.0318513051,0.0342596499,0.0038930296,0.0306102266,0.0182814290,0.0011872138,0.0039435189,0.0342282394,0.0224028285,-0.0024845432,-0.0104851565,-0.0145878207,-0.0218898026,0.0434948800
156.0000000000,0.0177348076,0.0090577789,0.0043955867,-0.0266611492,-0.0176061762,0.0009145713,-0.0030745365,-0.0297192090,0.0114582967,0.0229266035,0.0236268303,-0.0061087681,-0.0016057775,0.0099988572,-0.0186293646,0.0151431292,-0.0167324457,-0.0040877859,-0.0211723069,0.0056645821,-0.0119209473,0.0150571434,-0.0054131164,-0.0072888110,-0.0057452758,0.0122769144,-0.0174545609,-0.0032214311,0.0193990720,-0.0020086136,0.0085529242,0.0027372162,-0.0170703146,0.0079524757,-0.0188192322,-0.0152674654,0.0394243498,-0.0156495382,0.0030766114,-0.0174615497,-0.0354659974,-0.0167744659,-0.0186384328,0.0174135368,-0.0166669450,-0.0047524726,0.0091586986,0.0029471244,-0.0319524859,0.0142953143,0.0260318849,0.0044792910,0.0202437058,0.0051985048,-0.0113624904,0.0086546067,0.0017371413,0.0200040153,0.0056670719,-0.0226098192,-0.0078041486,-0.0034702375,0.0078561600
157.0000000000,0.0119368134,0.0190659754,0.0002749112,-0.0122298816,0.0018772928,0.0069528885,-0.0007020455,-0.0398723242,0.0159940535,-0.0025956834,0.0160033099,-0.0068144673,-0.0120099449,-0.0047222930,-0.0190315261,-0.0085120559,-0.0255866664,-0.0237449196,-0.0129342188,0.0052300957,-0.0088347124,0.0260832218,0.0273314336,-0.0079225516,-0.0043088354,0.0184739612,-0.0096699878,0.0182248234,0.0016341773,-0.0188417829,-0.0052362612,0.0355775069,0.0141426714,0.0230642400,-0.0122324376,0.0041190867,0.0391797975,0.0019036349,-0.0143215316,-0.0072801066,-0.0067705122,-0.0047817907,-0.0022709327,0.0222306667,-0.0092295827,-0.0046895753,-0.0042679040,-0.0142973771,-0.0282641301,0.0359804616,0.0122978417,0.0117380788,0.0292433397,-0.0092419288,-0.0165937449,-0.0102482603,-0.0103732732,0.0038472123,0.0051146314,-0.0121603779,-0.0006654142,0.0005398646,0.0195772500
158.0000000000,-0.0033242044,-0.0143213229,0.0113714616,-0.0230403172,0.0149219628,-0.0014405012,-0.0147761915,-0.0239115214,-0.0048677676,0.0136750333,0.0266468933,-0.0058115710,0.0039724967,-0.0009594265,0.0000317225,0.0293058140,-0.0090121847,-0.0443673107,0.0205679689,0.0100013160,-0.0110847925,0.0145743884,0.0162589717,-0.0123464091,0.0088407785,0.0100454438,0.0066148639,0.0021653249,0.0121207204,-0.0255339128,0.0008495892,0.0031651355,0.0024836440,0.0199038636,-0.0009422858,-0.0216710240,0.0246505303,-0.0014724099,-0.0362141281,-0.0066243023,-0.0305674743,-0.0238471088,-0.0127255445,0.0085914749,-0.0127852619,-0.0231019927,-0.0080631383,-0.0124693188,-0.0244238246,-0.0015595779,0.0055545908,-0.0005301437,0.0236362693,0.0055007249,-0.0157422184,-0.0079023014,0.0128492525,0.0027532210,-0.0146266585,-0.0260167549,-0.0135484728,-0.0088312812,0.0042892300
159.0000000000,0.0047004679,0.0052261174,0.0087129277,-0.0009842324,-0.0157949341,0.0195065616,0.0158202562,-0.0343940361,-0.0022999813,0.0178924944,-0.0219391731,-0.0131661498,-0.0024801861,-0.0182277365,-0.0222209142,-0.0041509549,-0.0058661571,-0.0041316717,0.0098908278,0.0017309605,0.0046698882,0.0290910799,0.0072878983,-0.0115199381,-0.0067319379,0.0161734425,-0.0016137117,-0.0218608336,-0.0052380605,0.0066327780,0.0217489498,0.0063455831,0.0132381495,0.0084898834,-0.0047978651,-0.0349265008,0.0117411470,-0.0117830882,0.0150356412,-0.0076014707,-0.0077471254,-0.0089719290,0.0005667009,0.0251508481,0.0247995797,-0.0234263217,0.0151351949,-0.0076897719,-0.0054992553,0.0258986360,0.0095463009,-0.0071682278,-0.0065551628,0.0012915711,-0.0029045207,0.0049189842,-0.0013536504,0.0013543962,0.0058008389,-0.0010544305,-0.0181439470,-0.0145772507,-0.0025502348
160.0000000000,0.0023029557,0.0138818187,-0.0042499226,-0.0049690209,-0.0232470829,0.0083211500,-0.0075365990,-0.0084219471,0.0052869888,0.0178262176,0.0236891938,-0.0032675316,-0.0009342523,-0.0128454516,-0.0122592026,0.0089076907,-0.0070622400,-0.0090729121,-0.0060123504,0.0098253074,-0.0118971167,0.0015276707,0.0024195446,-0.0120152313,-0.0055821500,0.0131159823,-0.0121992353,-0.0024719155,-0.0051019266,0.0090055416,0.0090613286,0.0183035713,-0.0133216182,-0.0017000468,-0.0060608764,-0.0145260341,0.0357575710,-0.0101162506,-0.0260659946,-0.0058678079,-0.0119284014,-0.0333297196,0.0001698431,0.0057222003,0.0091600632,-0.0120770198,0.0101406121,-0.0392822034,-0.0143423646,0.0255047006,0.0336100277,-0.0315441247,0.0504357189,-0.0044837930,-0.0019414011,0.0086211896,0.0001847577,0.0105896401,0.0238632968,-0.0017796127,-0.0272624047,-0.0094348190,0.0143962522
161.0000000000,-0.0082543732,0.0138198843,0.0031830119,-0.0099585066,0.0196810917,-0.0108882027,0.0078059149,-0.0212081896,0.0010119865,-0.0055962157,0.0301509123,-0.0138373894,0.0011961085,-0.0201292978,-0.0319138074,-0.0027315651,-0.0176351163,-0.0084055211,0.0079324857,0.0033536072,-0.0083253297,-0.0088665817,0.0246705550,-0.0078169168,0.0228896183,-0.0037849258,-0.0197693666,0.0061443671,-0.0049665060,0.0007566605,-0.0301743244,-0.0167066162,0.0046572039,0.0191938653,-0.0270061507,0.0106019292,0.0467527615,-0.0224795752,0.0047931835,-0.0037209838,0.0135377845,-0.0058093423,-0.0192940076,0.0094287336,-0.0074104300,-0.0282461389,-0.0048896910,-0.0231702264,-0.0144592792,0.0354473331,0.0106282939,0.0035921855,-0.0195223675,0.0079634963,0.0131683351,0.0080246672,0.0108517032,0.0177227223,-0.0245154063,-0.0038684921,-0.0356054658,-0.0146095905,0.0158961509
162.0000000000,0.0099891382,0.0134553131,0.0046175382,-0.0166228715,-0.0150919879,0.0012298434,0.0108034676,-0.0429863213,0.0048177744,-0.0107421226,0.0000150933,-0.0201750253,0.0059199122,-0.0185016550,0.0070746883,0.0094992424,0.0181697317,-0.0163564733,-0.0072723897,0.0121141554,-0.0006471393,0.0006811132,0.0001866416,0.0108033344,-0.0026676505,0.0369865756,-0.0074690705,-0.0009035635,0.0009849983,-0.0060021546,0.0014549309,0.0165958765,-0.0143242574,0.0148555250,0.0061210705,-0.0267212874,0.0184291872,-0.0147789325,0.0151070124,-0.0162208523,-0.0158261287,0.0191749611,0.0182914977,0.0134020446,-0.0012672218,-0.0087910743,0.0098443766,-0.0044869178,-0.0115930526,0.0022046429,0.0377272234,0.0048407510,0.0158951103,0.0107763504,0.0052236443,0.0077089348,0.0083006439,0.0094565950,0.0094954007,0.0032070997,-0.0115993382,0.0143442509,0.0084219823
163.0000000000,0.0102499178,0.0183060713,0.0132809120,0.0216530682,-0.0005782040,-0.0093974143,0.0148196328,-0.0036818007,-0.0100132484,0.0057309109,0.0059563898,0.0097474432,-0.0204571051,0.0204902735,-0.0231823713,0.0210444628,-0.0041928163,-0.0111591370,-0.0043208379,-0.0011090137,-0.0191893099,0.0093350335,0.0083068121,-0.0078364419,0.0048450170,0.0171148873,0.0365776810,0.0024743751,-0.0057447380,-0.0239505621,0.0221971210,-0.0081091222,-0.0172835558,0.0025179450,0.0152023285,-0.0538116202,0.0415575449,-0.0075129611,0.0066254132,-0.0008888554,-0.0316660037,-0.0032936904,0.0141768935,0.0220511561,0.0095067178,-0.0193259906,0.0217188751,-0.0391156828,-0.0287331320,0.0115126941,0.0271731319,-0.0073622720,0.0215762532,0.0235070585,0.0000783751,-0.0174565499,0.0028113690,0.0084431466,-0.0056586740,-0.0187645432,-0.0023036361,0.0005885411,0.0206441197
164.0000000000,0.0026868771,-0.0128524710,-0.0053018747,-0.0189682962,-0.0129588725,0.0206162745,0.0007581364,-0.0306135918,0.0213504168,-0.0047239595,0.0002412525,0.0118495657,0.0039414592,0.0117357609,-0.0130544002,0.0115414953,0.0013664364,-0.0099471617,0.0022593135,-0.0084933921,-0.0104138348,0.0111959539,-0.0014777170,0.0111722000,-0.0063668369,0.0015866366,-0.0216222661,-0.0097741806,0.0285111402,-0.0111492903,0.0031025537,0.0182699242,0.0105788819,0.0043726963,-0.0178082275,-0.0136140823,0.0378517810,-0.0182400208,0.0090435214,-0.0034647736,0.0049813580,-0.0020326735,-0.0067728711,0.0172150768,-0.0068250766,-0.0214495517,0.0114907606,-0.0008190164,-0.0056420845,0.0319804709,0.0209701977,-0.0212425267,0.0143197083,0.0125145679,-0.0004690851,-0.0155746976,0.0129191258,0.0057751364,-0.0071190857,-0.0149288727,-0.0134788865,0.0096717132,0.0106989628
165.0000000000,0.0261165757,-0.0053193004,-0.0123539179,0.0002944023,0.0060063924,0.0190808406,0.0043312613,0.0095934119,0.0073504100,0.0253090448,0.0052921250,-0.0289294342,-0.0006876409,-0.0005851729,-0.0200517856,0.0219258110,0.0039533595,-0.0055655421,0.0053394009,-0.0142743236,-0.0132261730,0.0202527498,0.0251325158,-0.0080606422,0.0069974764,0.0181736734,-0.0075563502,-0.0036179062,0.0103827011,0.0134637238,0.0081055193,0.0220004796,0.0079869851,0.0113723033,0.0265461243,-0.0133387955,0.0338654793,-0.0003562966,-0.0284385635,-0.0037743095,-0.0123867869,-0.0114425195,-0.0149439018,-0.0058345272,0.0260047734,0.0019301194,0.0188316942,-0.0014986789,0.0081261892,0.0227608721,0.0038279076,0.0110080035,0.0285187477,0.0162940379,0.0180554730,-0.0031001324,0.0270784876,0.0071157947,-0.0013288297,0.0066417264,-0.0273423059,0.0019923850,0.0167957499
166.0000000000,-0.0016211429,-0.0048362388,0.0030521534,-0.0044173047,-0.0068134538,0.0159885226,0.0176729492,-0.0213996462,-0.0168124760,0.0199716292,0.0081567506,-0.0142240651,-0.0102696369,0.0001681855,-0.0129282068,0.0167522844,0.0051564654,0.0000173893,-0.0087322172,0.0053058736,0.0018909775,0.0013871686,0.0047628404,0.0005880343,0.0045405873,0.0254705573,0.0144926071,0.0168416659,-0.0329561910,0.0042205208,-0.0008848351,0.0251181974,0.0274561708,-0.0011633464,0.0041093014,-0.0106008898,0.0297524666,0.0038178359,0.0238887621,0.0005611434,-0.0122107740,0.0144226641,0.0200334608,0.0146347842,-0.0008997303,-0.0186525318,0.0188708769,0.0202489443,-0.0210455391,0.0187547967,0.0114652344,-0.0085948755,0.0052056471,-0.0070401522,-0.0000191128,0.0084052211,-0.0071818958,0.0165287285,-0.0190336883,-0.0176497313,-0.0257312086,0.0023345968,-0.0096259465
167.0000000000,0.0319779116,-0.0035879808,-0.0041735160,0.0029772006,-0.0011561853,-0.0125678683,0.0085965130,-0.0256871534,-0.0098833210,0.0122480599,0.0126507578,0.0019127871,0.0019180428,-0.0136514256,-0.0113164131,0.0239033375,0.0193376423,-0.0057862763,-0.0004177408,0.0058831365,-0.0005976927,0.0042311609,-0.0162177847,-0.0051887430,-0.0014280113,0.0164186828,-0.0199811316,-0.0017601149,0.0229740647,-0.0117039691,0.0098548344,0.0304715761,0.0191800630,0.0035951486,0.0107080419,-0.0269670476,0.0153395134,0.0121736246,-0.0074842992,0.0053299484,-0.0083098163,0.0093111806,-0.0122981685,0.0036108555,0.0112537650,-0.0045732815,0.0008563909,-0.0106238983,-0.0175957217,-0.0122578083,0.0322330820,0.0107903189,0.0172534202,0.0100658995,-0.0142606615,-0.0044551693,-0.0040731383,-0.0057893891,0.0007483145,-0.0161324185,-0.0017017930,-0.0080553960,0.0080134911
168.0000000000,-0.0007112940,0.0092273970,0.0172524610,-0.0124017360,0.0060178482,0.0055243661,-0.0053072034,-0.0318192872,0.0134788631,0.0140267813,-0.0004389258,-0.0024388564,-0.0139099991,-0.0210348594,-0.0191191539,0.0041156376,0.0071335213,-0.0174958049,-0.0056065497,-0.0061910444,-0.0129425693,0.0070506532,0.0010710183,-0.0039313341,0.0110393154,0.0399675646,-0.0105770743,-0.0037812214,0.0012523376,-0.0154919489,0.0073902276,0.0401141708,-0.0123968031,0.0180170783,-0.0089391239,0.0149210145,0.0492148800,-0.0047289572,0.0036161049,-0.0040815090,-0.0181353624,-0.0270576100,-0.0234663437,0.0278571479,0.0244122361,-0.0241815976,0.0147926849,0.0008908155,-0.0217474367,0.0233560132,0.0433494548,-0.0082057747,0.0178845095,0.0036830488,0.0106424824,0.0000473852,-0.0028208886,0.0069790879,-0.0110896249,-0.0126501502,0.0041747985,0.0259458344,0.0105884845
169.0000000000,-0.0012638329,0.0154931873,0.0083656859,-0.0143284995,0.0067958065,0.0038727361,0.0122008839,-0.0180881561,0.0042496012,-0.0048385424,-0.0201130565,-0.0098555459,0.0075445824,-0.0009509204,-0.0041910474,-0.0229212481,-0.0027273129,-0.0061669606,0.0061424473,0.0112405289,-0.0084703747,-0.0135790320,0.0021985124,0.0086872705,0.0156805792,-0.0198546110,0.0198223445,-0.0085162745,0.0220678289,-0.0007628038,0.0135125543,0.0129786122,0.0090897538,0.0023433067,0.0042265619,-0.0190654552,-0.0078185456,-0.0012760567,0.0183794206,-0.0028614074,-0.0186903893,0.0100922879,0.0252735773,0.0189722769,0.0064069476,-0.0150161912,0.0193352248,0.0175475940,-0.0041790730,0.0015110728,0.0163098513,0.0060317914,0.0062169761,0.0005584846,0.0079949144,0.0127316302,-0.0123808580,0.0109332152,0.0306785247,-0.0040678261,-0.0078607654,-0.0018435910,-0.0025992346
170.0000000000,0.0172801182,-0.0055437392,0.0109091424,-0.0013901530,-0.0158216179,-0.0044058729,-0.0099555600,-0.0066155451,0.0124037999,0.0207742330,0.0099179640,-0.0167586510,-0.0325973323,0.0123184879,-0.0212434373,-0.0111218586,0.0084704458,0.0033067762,-0.0080364268,0.0105242148,-0.0181437902,0.0066086030,0.0080822547,-0.0058878985,0.0265225283,0.0197774225,-0.0197216660,-0.0188600915,0.0044611871,-0.0125317401,0.0187726213,0.0024717373,0.0030421612,0.0185594960,0.0195494684,-0.0002196745,0.0312408923,-0.0156757459,-0.0069910243,0.0184503213,-0.0193129486,-0.0201520554,-0.0267732830,0.0213228367,0.0210228641,-0.0288677912,0.0187744548,-0.0310201326,-0.0510167419,0.0114739638,0.0293557987,-0.0116804154,0.0616573419,-0.0052001656,-0.0105125013,-0.0063944628,0.0174752723,0.0095240822,-0.0329678968,-0.0107853590,-0.0050876332,0.0194004530,0.0046097091
171.0000000000,-0.0131348993,-0.0130559076,0.0070724127,-0.0058421488,0.0253179174,0.0085235985,-0.0078406271,-0.0320198882,-0.0036402502,0.0112994082,0.0084134533,-0.0016708413,-0.0041379148,0.0023256125,-0.0154211956,0.0191740522,-0.0166463612,-0.0042320042,-0.0082343103,0.0191877106,0.0190896382,0.0207077163,0.0242372115,-0.0260327992,-0.0126290129,0.0281124899,-0.0102380881,0.0013564553,0.0085290991,-0.0287494458,0.0010456256,0.0042419668,0.0204345811,0.0339895748,-0.0060155701,-0.0287524684,0.0426940385,-0.0026324616,0.0081161711,-0.0117401848,-0.0187150135,-0.0269798081,-0.0039353118,0.0152023307,-0.0059410309,-0.0071796883,0.0255968439,-0.0115607641,-0.0257009788,0.0120612394,0.0132490389,0.0047043713,0.0197268116,0.0002719907,-0.0082327414,-0.0207307779,0.0214842459,-0.0062009071,-0.0020571400,-0.0238458176,-0.0219785193,-0.0014310453,0.0235641281
172.0000000000,0.0222366400,0.0022148408,-0.0161992643,-0.0029971147,-0.0132575341,-0.0000475114,0.0023869511,-0.0029410919,-0.0020125894,0.0123611186,0.0081021280,0.0096681687,-0.0099423352,0.0029417964,-0.0035056420,0.0087997002,0.0212185852,0.0205054706,-0.0103506062,-0.0045766137,0.0010795762,-0.0092639238,-0.0037421567,0.0012445182,-0.0298904375,0.0080832070,0.0126512126,-0.0026144843,-0.0136418870,0.0168611211,-0.0053813739,0.0052134467,-0.0107951090,-0.0145246097,-0.0035060546,-0.0069306047,0.0157449628,-0.0200485700,0.0016060257,-0.0091282865,-0.0144394346,-0.0059503165,0.0188441239,-0.0061146213,0.0074937856,0.0169006071,-0.0159680734,-0.0136991398,-0.0262187848,-0.0074747197,-0.0133149855,0.0086886010,-0.0162780139,0.0099125988,0.0110372070,0.0115370511,-0.0059794124,0.0118705395,0.0057519694,0.0145399996,-0.0104649265,-0.0031295973,0.0031051583
173.0000000000,-0.0033974798,0.0069847001,-0.0208741436,-0.0087595358,-0.0067510396,0.0202210223,-0.0041778013,-0.0321531873,-0.0020760025,0.0262145040,0.0254826824,-0.0236355922,-0.0008911941,-0.0030066113,-0.0092705169,0.0177887019,-0.0114755087,-0.0077082112,0.0055346259,-0.0150947138,-0.0186455463,0.0077909637,0.0170365821,-0.0059406127,-0.0113696066,0.0352737311,0.0063821111,0.0015254381,-0.0181410576,0.0040414363,0.0157048750,0.0107449947,0.0057613657,-0.0195549867,-0.0049043341,0.0006911114,0.0223388916,0.0071481937,0.0136665338,-0.0259733878,-0.0159668773,-0.0166361234,0.0014188464,0.0033136246,0.0109178551,-0.0325328612,0.0131513482,-0.0246970813,-0.0154611234,0.0124002546,0.0148702531,0.0050990297,0.0245461594,0.0099369264,0.0059214664,0.0166631334,0.0016275250,0.0107093731,0.0012091458,-0.0050963908,-0.0099632798,0.0075445550,0.0462048667
174.0000000000,0.0131821384,-0.0112271626,0.0111951606,-0.0030105532,-0.0090506164,0.0092765470,-0.0149562056,-0.0161517675,0.0082261710,0.0329856604,0.0177635180,-0.0251034638,-0.0082668876,0.0040466301,-0.0031330437,-0.0226954345,-0.0086682312,-0.0083331061,0.0176583924,0.0112975352,-0.0097064788,0.0084408785,0.0063741461,-0.0183162577,0.0020062552,0.0175024861,0.0043852282,-0.0148809291,-0.0082835656,-0.0132589970,0.0048195741,0.0207648646,-0.0024783025,0.0100407698,0.0080543390,0.0077485863,0.0250185300,-0.0067465400,-0.0328834253,-0.0059767641,-0.0215474912,-0.0081973650,-0.0184251287,0.0071659402,0.0127164936,-0.0080048511,0.0184988940,-0.0227346321,0.0142537107,0.0213689564,0.0126998193,0.0073358893,0.0370681295,0.0051454580,-0.0145300383,-0.0148905253,0.0083678840,0.0124711046,-0.0400685701,-0.0045719395,0.0079542016,0.0151348154,0.0374708646
175.0000000000,-0.0091034800,-0.0226227297,-0.0108387486,0.0008673192,0.0225851832,-0.0124284437,-0.0064845759,-0.0203998239,-0.0031775911,0.0114280636,0.0057442665,0.0108067620,-0.0013305144,0.0138808949,-0.0185534690,-0.0004957352,-0.0085226384,-0.0077851251,-0.0055604685,-0.0098701578,0.0038149142,-0.0015524919,-0.0138645069,-0.0047863410,0.0095156150,0.0114596127,0.0013151464,0.0049505582,-0.0094190721,-0.0147136460,-0.0079871235,-0.0035988267,-0.0122944607,0.0502949584,-0.0189971600,-0.0050079220,0.0063917516,-0.0043947691,0.0054101589,0.0273887111,-0.0227322828,-0.0281647205,-0.0152361711,0.0102547392,0.0125175291,-0.0079352006,0.0116545140,0.0090121411,0.0019055591,0.0118529765,-0.0088342858,0.0228840079,0.0298965671,-0.0039734479,-0.0098942800,-0.0001939583,-0.0111039855,0.0092987122,0.0122278649,-0.0255777916,-0.0014863587,-0.0032993411,0.0272492615
176.0000000000,0.0059305949,0.0015958904,-0.0285909739,-0.0009233948,0.0078673291,0.0304109182,0.0035957699,-0.0231717128,-0.0102192453,0.0054550918,-0.0012726980,-0.0089347838,0.0058485732,0.0183354526,-0.0193022722,0.0262100675,0.0217551948,-0.0278616652,0.0064659662,0.0189037767,0.0023956183,0.0038942612,0.0013794372,0.0107725146,-0.0105858582,0.0144564502,-0.0075168158,0.0095202883,0.0235372324,-0.0079283846,-0.0216262063,0.0059151406,0.0099944865,-0.0073163158,-0.0069065573,-0.0414557887,0.0177769910,-0.0006232426,-0.0067610961,-0.0006550816,-0.0025285837,-0.0146994704,-0.0147611020,0.0175740380,-0.0058631104,-0.0196230167,0.0161597720,0.0087793844,0.0041391830,-0.0017501521,0.0080217477,0.0005314418,0.0270218417,-0.0005965003,0.0021053077,0.0050061973,0.0214627920,0.0003812081,0.0073174247,-0.0253334524,-0.0244708081,-0.0184237442,0.0139573050
177.0000000000,0.0090311644,0.0088366077,0.0172368601,-0.0047350081,-0.0003561335,0.0138416113,0.0021651273,-0.0189934965,-0.0087172459,-0.0116374920,0.0215113209,-0.0165605022,-0.0122595321,0.0051580084,-0.0111860147,-0.0113021425,0.0066492967,-0.0035970143,-0.0022682479,0.0210446729,0.0277066462,0.0066846640,0.0100824143,0.0117554103,0.0138201465,0.0080504383,0.0082180091,0.0067209683,0.0185311895,0.0143779429,0.0046909205,-0.0062443926,-0.0149735441,0.0201285825,-0.0152438740,-0.0135485289,0.0261628936,-0.0028396842,-0.0014314366,-0.0061527533,-0.0020203503,-0.0253276403,-0.0002679002,0.0148109223,0.0070339881,-0.0086920330,0.0111453953,-0.0117300287,-0.0154385249,0.0099166789,0.0165529565,-0.0096431752,-0.0113514014,-0.0084102177,-0.0128606719,-0.0032697108,-0.0186359759,-0.0078505797,-0.0095664889,-0.0104200624,0.0054146436,0.0139404369,0.0066986824
178.0000000000,0.0108468183,0.0130999720,-0.0128418277,-0.0279897357,-0.0105952471,0.0258325673,0.0053483796,-0.0376032870,0.0015993664,0.0224380488,-0.0001505527,-0.0148284663,-0.0268139775,-0.0183787597,-0.0351804999,0.0093802495,-0.0007762630,-0.0102894414,-0.0029903403,0.0148615473,0.0016311273,0.0388544998,0.0058891939,-0.0077286195,0.0308527959,0.0284383632,-0.0099344570,-0.0148396010,0.0176117858,0.0103825656,0.0081759691,0.0015056197,0.0074015565,0.0285946173,0.0305637479,-0.0135756322,0.0341403850,0.0040422270,0.0070364416,-0.0262127110,-0.0341619245,-0.0362937474,-0.0142381902,0.0311044300,0.0039259017,-0.0519123678,0.0176726135,-0.0227973314,-0.0254445716,0.0166667310,0.0199082335,0.0052885542,0.0295782701,-0.0209823812,-0.0104896530,0.0009053508,0.0108907406,0.0032910128,-0.0054936048,0.0119710621,-0.0230832898,0.0091476399,0.0279460109
179.0000000000,-0.0151599749,0.0064249718,-0.0053126155,-0.0026755407,0.0128960009,-0.0040436978,0.0208415401,-0.0285725550,0.0225181048,-0.0035396986,0.0179652603,0.0016320755,-0.0150087951,-0.0042239888,-0.0354788814,0.0166754491,-0.0009885146,-0.0229737443,-0.0126358013,0.0053049900,-0.0097236219,0.0248259600,0.0126307343,0.0139197262,-0.0045057631,0.0256973151,0.0030259603,0.0020666436,-0.0065549214,-0.0052109381,0.0008885404,-0.0042044562,0.0021371900,0.0050819778,-0.0168817621,-0.0353018219,0.0482234668,-0.0124898998,-0.0107247760,-0.0115028505,-0.0125939728,-0.0179399802,0.0138555445,0.0024456384,-0.0004733625,-0.0353699336,0.0285305632,-0.0178950876,-0.0046045593,0.0240025017,-0.0070648047,0.0099817789,0.0190883449,0.0000331522,0.0057036513,-0.0073942079,0.0043162758,0.0178115225,0.0109399551,-0.0182721808,-0.0184150130,-0.0061408210,0.0052780594
180.0000000000,0.0112647230,-0.0054418607,-0.0022416557,-0.0126074592,-0.0281460000,0.0160599457,0.0043107499,-0.0239380924,0.0017630705,0.0226192685,0.0175208152,-0.0095182364,-0.0044018797,-0.0067367347,-0.0156312873,0.0193225524,0.0034449459,0.0043809396,0.0150056056,0.0117950080,-0.0068341929,0.0339362900,-0.0035968913,0.0020830567,0.0065519068,0.0258909513,-0.0199255009,-0.0097141506,0.0102221605,-0.0001097084,-0.0108621561,0.0257383239,0.0016805246,0.0232227700,0.0001748504,-0.0265898425,0.0390972445,-0.0246269146,0.0010228113,-0.0189514324,-0.0361340355,-0.0200486605,-0.0180245809,0.0212886959,0.0077265057,-0.0135767717,0.0086993107,-0.0416060802,-0.0316700333,0.0424909525,-0.0027325031,0.0100357808,0.0296329662,-0.0079974218,-0.0125753665,0.0073090124,0.0091776959,0.0037467810,-0.0049406264,-0.0155281725,-0.0086434739,0.0028146987,-0.0012126095
181.0000000000,0.0150429663,0.0163829903,-0.0030132126,-0.0158794142,-0.0106678047,0.0211400836,-0.0020640526,-0.0141101324,0.0113642883,0.0266639980,0.0411659257,-0.0170592412,-0.0117018728,0.0142672462,-0.0261840116,0.0056979232,-0.0267414284,0.0003176562,-0.0109849248,0.0081507358,0.0125280053,0.0302095487,-0.0078994969,0.0008483102,-0.0094304185,0.0240833749,-0.0011245123,0.0034712945,0.0269248188,-0.0063530547,0.0211492217,0.0244956972,0.0042139762,0.0267265086,-0.0049381380,-0.0188622225,0.0270858325,-0.0164587303,0.0023149619,-0.0027409142,-0.0132022994,-0.0078948608,-0.0010003394,0.0220285109,0.0163030943,-0.0185041745,0.0053291252,-0.0281888036,-0.0030808547,0.0420101955,0.0113698712,-0.0188322054,0.0339704678,0.0067809251,-0.0136913609,0.0063677097,0.0084667939,-0.0125209904,-0.0068886334,-0.0016776150,-0.0037594808,0.0016467889,0.0298029529
182.0000000000,-0.0110126598,0.0058521931,0.0082893495,0.0064756936,0.0104325939,0.0145553684,0.0274783655,-0.0133632934,-0.0243267923,-0.0044984801,0.0316218014,-0.0016780544,-0.0062338835,-0.0088893092,-0.0039456991,-0.0000916442,0.0015101099,0.0382819082,-0.0017808909,-0.0034634049,-0.0044157545,0.0037365893,0.0029605793,-0.0073119565,-0.0055925090,0.0077516684,-0.0040672808,-0.0191668574,0.0038581314,-0.0016368267,0.0090289865,0.0102151110,0.0397966291,0.0014069930,-0.0041266015,-0.0041159302,0.0451253791,0.0023312206,-0.0127892015,-0.0149153407,0.0012963913,-0.0350661068,-0.0081075189,-0.0044598792,-0.0093446378,-0.0066092175,-0.0030370910,0.0044009629,-0.0033714517,0.0064387965,-0.0105735838,-0.0141049182,0.0245198905,0.0046567858,-0.0105316898,-0.0274930259,-0.0131448530,-0.0032629161,-0.0343151587,-0.0043264094,-0.0136312413,0.0181667821,0.0202887566
183.0000000000,-0.0010787657,0.0121983147,0.0042117210,-0.0015096891,-0.0088085428,0.0147764062,0.0123941809,-0.0202724502,-0.0022106000,0.0080302563,0.0030272688,-0.0107035139,-0.0009210848,-0.0052810856,0.0171847141,-0.0086851983,-0.0154239868,0.0071789453,-0.0021281725,0.0094643512,-0.0082601230,0.0116815746,0.0167370885,-0.0010580111,-0.0040564662,0.0048271941,0.0087986412,0.0208582458,-0.0017410387,-0.0157128997,0.0014528014,0.0275854527,-0.0196997257,-0.0018556163,0.0129289915,-0.0043270282,0.0253726258,-0.0103793008,-0.0071666003,0.0048848522,-0.0037990398,-0.0350384719,0.0067393262,0.0048980470,0.0004491373,-0.0027463233,0.0078056484,-0.0281053740,0.0010248447,0.0088577032,0.0173536553,-0.0053894491,0.0199917137,-0.0164689498,-0.0123905493,0.0007057782,0.0060053700,0.0131455981,-0.0024227256,-0.0091802060,-0.0232243730,0.0049704213,0.0095591491
184.0000000000,-0.0116458138,0.0058788796,0.0090375769,-0.0088953370,0.0034655003,-0.0031141303,0.0057599189,-0.0243981054,0.0019240856,-0.0007529074,0.0127894338,0.0208816527,-0.0045356400,0.0107039307,-0.0228758595,0.0056903588,0.0013370430,-0.0115707765,-0.0165572797,0.0152899792,0.0167651149,0.0118815291,0.0203766483,0.0034538265,-0.0065310478,0.0355355315,-0.0025263991,-0.0105345913,-0.0053671802,0.0031975740,-0.0007096784,0.0255102596,0.0125131954,0.0278624613,-0.0051829641,-0.0135469673,0.0204677333,-0.0156677692,0.0128740631,-0.0086471996,-0.0056734650,-0.0232746060,-0.0107843765,0.0028488353,-0.0001810977,-0.0090709655,0.0198660714,-0.0214729144,-0.0064105572,-0.0049987778,0.0025905144,0.0068893398,0.0056511163,-0.0173137170,0.0129238958,0.0115323569,0.0122004397,0.0094901109,0.0002158620,-0.0131240176,-0.0071961152,0.0060017431,0.0185334249
185.0000000000,-0.0019440934,0.0047472711,0.0037125017,0.0226643950,-0.0012308932,-0.0017804376,-0.0071349391,-0.0103644395,0.0150592831,0.0145548244,0.0172944852,-0.0139403443,0.0076714092,0.0008478503,-0.0370864266,-0.0048168075,0.0026891509,0.0070307894,0.0114982101,-0.0006686911,0.0021259733,0.0244656847,0.0192027861,-0.0050268956,0.0046427450,-0.0069491560,0.0219554464,0.0004355995,0.0120305001,-0.0162536591,0.0082734870,0.0104515639,0.0037004652,-0.0067003196,0.0101707394,0.0018396941,0.0069389303,-0.0193353008,-0.0148075167,-0.0293279908,-0.0222157036,0.0009001337,0.0073877062,-0.0109068352,0.0079702027,-0.0221748366,-0.0023783437,-0.0099573567,-0.0267146934,0.0072587189,-0.0047696645,-0.0106273528,0.0292164158,-0.0268152384,-0.0012860075,-0.0010352917,0.0193910708,0.0078787291,0.0070014130,-0.0037910455,-0.0155609488,0.0105976098,0.0315270271
186.0000000000,0.0001840797,-0.0086930281,-0.0137428122,-0.0183967709,-0.0120861686,0.0016412058,0.0124173026,-0.0341386485,-0.0091830479,0.0109167427,0.0034869634,0.0005948803,-0.0094750233,-0.0075602480,-0.0293496370,0.0086515107,-0.0035792384,0.0076423264,0.0097736170,-0.0214046316,0.0045703753,0.0237202964,0.0181014130,0.0116625846,0.0134681013,0.0260216239,-0.0139453583,0.0139173613,0.0070813971,0.0089865662,-0.0046582984,-0.0073411588,0.0172531593,0.0014179499,-0.0138380786,-0.0142253923,0.0477052109,-0.0104977562,-0.0230791071,0.0067661886,-0.0004503352,-0.0004782281,0.0067110171,0.0271929932,0.0017835492,-0.0404505198,-0.0029179951,-0.0190551700,-0.0004357390,0.0308922924,0.0222790725,0.0076423542,0.0208716165,-0.0039957117,0.0149328396,0.0116647893,0.0279004838,0.0255772396,-0.0027538637,0.0273910271,0.0085505163,0.0178265853,0.0406479563
187.0000000000,-0.0032862628,0.0281970569,-0.0014078360,-0.0250312744,-0.0079592241,-0.0010638402,0.0157068421,-0.0264256082,-0.0025329299,-0.0169964954,-0.0024460454,-0.0080950857,-0.0070740651,-0.0207220932,-0.0079734006,-0.0017938695,-0.0197046745,0.0023629474,0.0001824886,-0.0070976300,-0.0226759025,0.0051686083,0.0087168926,0.0018763999,0.0041024060,-0.0099536703,-0.0024457872,0.0069647280,-0.0033682047,0.0154400186,0.0171978142,-0.0094976140,0.0075585285,0.0028235750,0.0041804814,-0.0230830875,0.0316103415,0.0135261985,-0.0084803793,0.0046471129,-0.0272495124,-0.0392499393,0.0067652856,0.0172085900,0.0029725074,-0.0076606554,0.0113845316,-0.0121520095,-0.0154952787,0.0012508872,0.0020681065,0.0035976426,0.0168096829,-0.0173687813,0.0045489330,0.0037064255,-0.0072889023,-0.0001457528,0.0065418629,-0.0227952345,-0.0211373207,-0.0161001027,0.0187864597
188.0000000000,0.0219546034,-0.0063187175,-0.0138270076,-0.0271465768,-0.0028473520,0.0154161872,0.0173767841,-0.0139672219,-0.0052718322,0.0235328541,0.0219099317,-0.0059317796,-0.0046789496,-0.0058791546,-0.0232711984,0.0022826973,-0.0002153125,-0.0103372916,-0.0136442669,-0.0068123580,-0.0182690151,0.0077679251,0.0174229659,0.0185014055,0.0136567081,0.0235541502,-0.0107283266,-0.0083070068,-0.0105061435,-0.0091863570,-0.0235386833,0.0115004865,0.0074650482,0.0171244744,0.0049522824,-0.0085484866,0.0517808997,0.0041949612,-0.0022382405,-0.0031777274,-0.0060469812,-0.0052787686,-0.0026491677,0.0073473704,0.0241878258,0.0063130988,0.0064270593,-0.0097179563,0.0007315981,0.0272174522,0.0109214583,0.0110312204,0.0263993594,-0.0104690628,-0.0243359534,0.0139940681,0.0070569883,0.0209251052,-0.0071613952,-0.0278944650,-0.0109236169,0.0006012293,0.0116873519
189.0000000000,-0.0019966659,-0.0118110304,0.0036107244,-0.0183702950,0.0094530982,0.0149484162,-0.0034590815,-0.0267326959,-0.0022033721,0.0139919969,0.0052495170,-0.0235610363,-0.0096595278,0.0103334947,-0.0148562296,0.0183246358,0.0130270224,-0.0059046901,0.0020218561,-0.0001000511,-0.0059052320,0.0156611247,0.0035259904,0.0070547643,0.0110842776,0.0145686646,-0.0137275079,-0.0092323959,0.0028655322,-0.0098810649,-0.0036198465,0.0080202670,0.0094541451,0.0004682305,-0.0186310901,-0.0265864604,0.0193556190,-0.0107121391,0.0021977811,0.0025332062,-0.0281582066,-0.0076867424,0.0051831600,0.0056333005,-0.0174880062,-0.0296237575,-0.0016753411,-0.0050297973,0.0010902462,0.0206879164,0.0164835387,-0.0134114302,0.0367014277,-0.0168770547,0.0018508221,-0.0206368167,0.0082039901,-0.0005856177,0.0107853744,-0.0049599477,-0.0149328560,-0.0026601276,0.0402811036
190.0000000000,-0.0099133117,-0.0071684745,-0.0152341754,-0.0184253664,-0.0097650277,0.0023330705,-0.0042391049,-0.0404544800,0.0022850215,0.0038893391,-0.0034385688,-0.0185575094,-0.0110759517,0.0153106320,-0.0021548685,-0.0140896930,-0.0122725075,-0.0039167843,0.0137818207,-0.0014433978,0.0062301055,0.0030146881,0.0167875186,0.0148886299,-0.0107384009,0.0240829194,0.0008217633,0.0090153245,0.0056723863,-0.0048271954,0.0162604869,0.0172371313,-0.0090838162,0.0171276410,0.0102759427,-0.0230353397,0.0241110163,-0.0026570205,0.0165930302,-0.0003667595,-0.0088028496,-0.0116488263,-0.0075529101,0.0298127044,0.0078526575,-0.0220680685,-0.0048620315,0.0037425277,-0.0037875517,0.0219755717,0.0166895004,0.0115680624,0.0163435716,-0.0076638007,-0.0014359467,0.0055640201,0.0094410823,0.0281639501,0.0139714805,-0.0319402469,-0.0074199892,-0.0150245053,0.0118906380
191.0000000000,-0.0039696239,0.0195172165,0.0413149245,-0.0161913767,-0.0166616865,0.0328753267,0.0067008114,-0.0267277043,0.0083637700,0.0187551499,0.0053270870,-0.0027899242,-0.0201779850,0.0097882976,-0.0333292251,0.0032263325,0.0152403856,0.0176341895,0.0012248969,0.0306722797,0.0028905100,0.0339010663,0.0299808543,0.0016673253,0.0053524068,0.0242122179,-0.0013996385,0.0078012575,0.0192676015,0.0184882615,-0.0123017151,0.0112661781,0.0018518006,0.0194146373,-0.0020386459,-0.0070205893,0.0316855538,-0.0192515813,-0.0091413476,-0.0171077976,-0.0021065991,-0.0235013813,-0.0009171399,0.0149235087,0.0144375732,-0.0127397352,0.0095515462,0.0003119760,-0.0456465966,0.0097094123,0.0193489584,-0.0065822686,0.0330538345,0.0151862558,-0.0044394477,-0.0190584266,0.0157529901,0.0149874582,-0.0040465507,0.0052229839,-0.0150765216,-0.0163843243,0.0054048430
192.0000000000,0.0034650385,0.0214922663,0.0138838710,-0.0120903581,0.0091102357,0.0178272761,0.0135580547,-0.0329282434,0.0012058665,0.0154689418,0.0103204529,-0.0189765279,-0.0216404649,0.0227774864,-0.0167559301,0.0264208894,-0.0047526472,-0.0239527103,0.0076656040,-0.0017046783,-0.0204860429,0.0149301836,0.0157168289,-0.0022942356,-0.0018533364,0.0344905662,-0.0071601464,-0.0048917558,0.0145751287,0.0020153646,0.0020312775,-0.0023597035,0.0043052063,0.0356512131,0.0114367865,-0.0264094830,0.0271183358,-0.0149637860,0.0093601898,0.0043746825,-0.0019496080,-0.0349474365,-0.0068491964,-0.0111824436,0.0068814991,-0.0379762925,0.0443836578,-0.0265980189,-0.0308900664,0.0396371555,0.0063089649,0.0015180950,0.0126314155,-0.0129522859,-0.0189902028,-0.0402094913,0.0319201029,0.0038675221,0.0006718077,-0.0131381824,-0.0286243076,-0.0139024169,0.0200856297
193.0000000000,0.0167539972,-0.0014099911,-0.0175854604,-0.0157257936,0.0095997677,0.0053212750,0.0081067915,-0.0206015584,0.0041907996,0.0022332265,-0.0009242398,-0.0051615698,0.0096487691,0.0117563695,-0.0076793952,-0.0102573287,-0.0052025237,-0.0256464264,-0.0008918570,-0.0041950649,-0.0060723855,0.0075696025,0.0406021140,0.0079483124,0.0013948745,0.0198179114,0.0191393804,0.0101473541,-0.0147450545,-0.0003467358,0.0097499591,0.0135264205,0.0029083093,0.0137847849,-0.0035770088,-0.0058841461,0.0001515042,-0.0209021280,-0.0063601875,0.0001963044,0.0223171170,-0.0202204921,0.0046978001,-0.0021618762,-0.0028435918,-0.0036174555,0.0097999338,-0.0118716137,-0.0157860324,0.0020076575,0.0030439902,0.0012335396,0.0045473617,-0.0005319780,-0.0100774388,-0.0182558571,-0.0020191431,0.0040739140,-0.0016703497,-0.0108374640,-0.0187322229,-0.0064554988,0.0341284228
194.0000000000,-0.0026744986,-0.0197067620,0.0397688527,0.0004448211,-0.0231786802,-0.0037747019,0.0016785384,-0.0336994948,-0.0190451663,-0.0045729958,0.0035809786,0.0084203085,-0.0012295976,0.0072660040,-0.0104746408,-0.0172883327,-0.0130679242,-0.0280740925,0.0212301425,0.0090302831,-0.0054726950,0.0257401016,0.0346970228,0.0025309316,0.0057002763,0.0352879793,-0.0134092841,0.0145605091,-0.0029828673,0.0138264240,-0.0079121674,0.0165843828,-0.0103081102,0.0138983670,0.0054905142,-0.0227837069,0.0352532575,-0.0085827109,-0.0054059820,-0.0024697330,-0.0111607555,-0.0092853956,0.0038796815,0.0281639113,0.0093552237,-0.0352996184,0.0047470164,-0.0284646877,0.0022402534,0.0167255560,0.0024274629,-0.0015623322,0.0319251031,-0.0120652071,0.0168065850,-0.0006649134,0.0211899886,0.0145208998,-0.0152658626,0.0056011141,-0.0097896481,0.0005872792,0.0150461729
195.0000000000,0.0201800513,0.0010791145,0.0070102814,-0.0249405160,-0.0084432379,0.0050707667,0.0028047299,-0.0405314021,0.0368237584,0.0283622422,-0.0017477241,-0.0130095777,-0.0277917951,0.0180780349,0.0044261899,0.0056875092,0.0080536674,0.0154085534,-0.0054307021,0.0112100340,-0.0255060286,0.0300145533,0.0070240996,-0.0038047733,0.0050207003,0.0352389326,-0.0253774489,0.0002034139,-0.0083878819,0.0007268462,-0.0094445239,-0.0026156125,0.0076469240,-0.0004349729,-0.0123754441,-0.0012804566,0.0454789222,-0.0028707249,-0.0053814619,-0.0187464590,-0.0144916382,-0.0070732807,-0.0033028934,0.0216686381,-0.0044911233,-0.0434899943,0.0071844235,-0.0060169685,-0.0015644342,-0.0063464327,0.0148578162,0.0153662751,0.0224942266,-0.0003462582,-0.0023970529,0.0112926253,0.0271235832,0.0037563117,0.0004936405,-0.0052666870,-0.0145809178,0.0347035802,0.0115721882
196.0000000000,0.0150633686,0.0238339083,-0.0286153510,-0.0136770390,0.0152872562,-0.0084492041,0.0129274549,-0.0362006220,0.0008148922,0.0112504898,0.0075207229,0.0066395218,-0.0053226989,-0.0017898653,-0.0195938715,0.0001937741,0.0129733453,0.0046477905,0.0172073592,0.0070675353,0.0009181856,0.0208412202,-0.0030756245,0.0050560365,0.0064162092,0.0235757512,0.0017082416,-0.0024385828,0.0117978307,-0.0341324447,0.0036643633,0.0197949570,0.0326885401,0.0180560206,-0.0111451191,-0.0014204365,0.0179090987,-0.0026653943,-0.0032558433,-0.0038684062,-0.0185017527,-0.0338751649,-0.0018744756,0.0092985673,0.0142028785,-0.0223259574,-0.0089645661,0.0146252380,-0.0127180199,0.0245796930,0.0092808368,-0.0006884308,0.0189259766,-0.0010316127,0.0065235617,-0.0063258995,-0.0091695457,0.0122647686,-0.0230144239,-0.0099183806,-0.0318258886,0.0069704910,0.0015004723
197.0000000000,0.0297582178,-0.0144310386,-0.0156969381,-0.0076079737,0.0013110887,-0.0083597995,0.0134506018,-0.0099650678,-0.0198685804,0.0012716823,0.0208588503,0.0090406277,-0.0119573929,0.0063175698,-0.0118055587,0.0116608748,-0.0049778026,-0.0148466146,0.0062800659,-0.0037230989,0.0039335503,0.0212422616,0.0120012332,-0.0040994810,-0.0015268526,0.0192859442,0.0162080205,-0.0196094402,0.0040131089,-0.0275535325,0.0051853134,0.0168873159,0.0024622859,0.0119202773,0.0029646726,-0.0099619548,0.0224459120,-0.0012702309,-0.0111723656,0.0046484992,-0.0151773247,-0.0135610993,0.0242142253,0.0194567822,-0.0093826337,-0.0202849948,0.0088030821,-0.0092267087,-0.0033843702,0.0488581457,0.0221479367,0.0238221277,0.0263003665,-0.0071375719,0.0040379902,0.0041306109,0.0096805564,0.0168494470,-0.0135070875,-0.0336579336,-0.0116194887,0.0054079160,-0.0098507807
198.0000000000,-0.0004576164,-0.0021335794,-0.0011402030,-0.0175564976,0.0087372228,0.0097506144,0.0060111265,-0.0136235200,-0.0033314959,0.0063056870,0.0279297345,0.0202986870,-0.0007915497,0.0125070862,-0.0223801971,0.0074616229,-0.0216001301,-0.0038750178,0.0055273346,0.0162544502,-0.0106755472,0.0268452599,0.0075612852,0.0027162090,-0.0029681657,0.0037864085,0.0233394861,0.0040069480,-0.0072093026,-0.0019121702,-0.0036401816,0.0136880306,0.0200025838,0.0119509990,0.0103809119,-0.0105625527,0.0350204946,-0.0133063278,-0.0138626696,0.0034723314,-0.0115701705,-0.0088567097,-0.0154500712,-0.0107144392,0.0064129799,-0.0058660830,0.0024395302,-0.0164284144,0.0035637772,0.0160542629,0.0160200474,-0.0037768244,0.0295889137,0.0014524138,0.0108306671,0.0315950293,0.0057228366,0.0142966538,0.0188719912,-0.0357054189,-0.0026314324,-0.0028433080,0.0238928199
199.0000000000,-0.0116151418,0.0158550194,0.0091680130,-0.0307385686,-0.0160061406,0.0215819445,-0.0009422237,-0.0400040611,0.0086725985,0.0114944051,0.0065020396,0.0046832964,-0.0225724033,0.0134508392,-0.0241618412,-0.0132912908,0.0111795693,0.0014130418,0.0036117944,-0.0095774502,0.0070815054,0.0261847163,0.0295125157,0.0027758889,0.0135052138,0.0075946560,-0.0103390156,0.0069329913,0.0076013114,-0.0109567954,-0.0192097487,0.0371530340,0.0062985842,0.0165532612,0.0289051339,-0.0097354758,0.0363789969,0.0115368500,0.0094420635,-0.0093773739,-0.0288628699,-0.0421137921,0.0109758512,0.0207778835,0.0024756200,-0.0286973638,-0.0233555876,-0.0153144963,-0.0288073620,0.0162670305,0.0183549480,-0.0024763711,0.0204221159,-0.0208202701,-0.0031241308,0.0012059187,0.0200650743,0.0046032256,-0.0128086681,-0.0165903405,-0.0190829689,-0.0047251107,0.0146834834
200.0000000000,0.0223363997,0.0027457278,-0.0058969282,-0.0194026239,0.0063506183,-0.0088505265,-0.0091303668,-0.0377138963,-0.0122247670,0.0097913171,0.0307242032,-0.0060214045,-0.0003061433,0.0022143139,-0.0349577749,0.0079576195,0.0028512971,-0.0023047543,-0.0164402375,0.0066529592,-0.0163974323,0.0129958790,-0.0061337820,-0.0085203642,0.0016818876,0.0193519323,-0.0248177313,-0.0090496519,0.0125612450,-0.0045683021,-0.0050234013,-0.0006012749,0.0185224440,-0.0099440094,0.0087814316,-0.0151194260,0.0381849512,0.0001330272,-0.0067295045,0.0094293178,-0.0232804455,-0.0261587673,-0.0181245703,0.0042079563,0.0070254735,-0.0184357298,-0.0043621514,-0.0211490148,-0.0274778486,0.0185483855,-0.0060525558,0.0027575099,0.0181737985,0.0196745412,-0.0257307186,0.0139912432,0.0046319100,0.0047377583,-0.0185365550,-0.0134750511,-0.0259362259,-0.0204731075,0.0119119599
201.0000000000,-0.0166282991,0.0108749388,0.0006493501,-0.0074031823,0.0022968419,0.0074472205,0.0055906556,-0.0208018004,0.0101913602,-0.0221147193,-0.0035828742,-0.0244586209,-0.0007913955,-0.0073400823,0.0023403050,-0.0031797253,-0.0050211089,-0.0011060398,0.0041286452,0.0182905518,0.0016711751,0.0020738343,-0.0120111303,0.0162825632,-0.0104443361,0.0178382128,-0.0104279265,-0.0213109427,-0.0008729211,0.0051959300,0.0150291648,0.0203731522,0.0070914358,0.0145723269,-0.0123111415,-0.0158915545,0.0205498860,-0.0111802664,-0.0005598054,0.0054321480,-0.0167906229,-0.0169788355,0.0068499199,-0.0121154940,0.0013421177,-0.0262922094,0.0091305407,0.0004760783,-0.0149155380,-0.0009515191,0.0170452889,0.0033903238,0.0067107458,-0.0035670341,0.0037995362,-0.0056606171,0.0223827052,-0.0037914922,-0.0079460065,-0.0227746404,-0.0148506935,-0.0102964012,0.0125629865
202.0000000000,-0.0143563149,0.0020927628,-0.0170582540,-0.0175705043,-0.0174413409,0.0304427139,0.0138438059,-0.0444808032,0.0150699200,0.0218917358,0.0117242142,-0.0141764980,-0.0061384022,0.0060752019,-0.0205382834,0.0044860693,-0.0155505794,-0.0036595410,0.0006769986,0.0117523688,0.0092305902,0.0127378277,0.0016554616,-0.0027593824,-0.0138386291,0.0324976283,0.0005744166,-0.0152911627,0.0227005725,0.0062011674,0.0047884180,0.0199136850,0.0120020398,0.0062507158,0.0025943709,0.0044951622,0.0464992213,0.0052727609,-0.0074025681,-0.0014253335,-0.0290341483,-0.0125338974,0.0020608770,-0.0034981732,0.0071868940,-0.0179620871,0.0208453696,-0.0038815462,-0.0273251017,0.0079901759,0.0061355783,0.0057986130,0.0101240604,0.0051200420,-0.0225065131,0.0121033076,0.0182572049,0.0153630675,-0.0296794181,-0.0121942480,-0.0157535954,-0.0048894181,0.0138728620
203.0000000000,0.0069498022,-0.0084481043,-0.0010431768,-0.0335107625,-0.0198772995,0.0083064635,0.0189618756,-0.0214960602,-0.0056723632,0.0265148015,-0.0104871041,-0.0094859861,-0.0138753583,0.0043832863,-0.0301948781,0.0180930724,-0.0009497445,-0.0307315441,-0.0016587415,0.0060945565,-0.0068734527,0.0189984346,-0.0228921903,0.0090817305,-0.0099741360,0.0033136712,0.0057860352,0.0183242426,-0.0091118709,-0.0201877078,0.0133677681,0.0021475921,-0.0060064637,0.0276486214,-0.0212616494,0.0085526653,0.0224049215,-0.0009289280,0.0293317972,-0.0114144214,0.0036438353,-0.0071253740,-0.0094535800,0.0132341489,0.0162164056,-0.0187394632,0.0062346768,0.0072584994,-0.0066200826,0.0137339803,0.0032073839,-0.0100450793,0.0157405166,-0.0029899502,0.0191614144,0.0032424847,0.0250120682,0.0370356069,-0.0045026153,0.0185320276,-0.0219269062,-0.0166722178,0.0181574743
204.0000000000,0.0133104409,0.0227717376,-0.0113364731,0.0066879639,0.0022865645,0.0207050157,0.0207913629,-0.0221987882,-0.0059298464,0.0149785728,-0.0005636532,-0.0057126245,-0.0188348437,0.0141704304,-0.0051593884,0.0173864502,0.0166266751,-0.0034668383,-0.0050894500,0.0053058820,0.0200571765,0.0267041664,0.0039900043,-0.0098050166,0.0138266028,0.0353955108,-0.0054555366,-0.0073160901,-0.0011623893,0.0284752931,0.0087851271,0.0019843428,-0.0222668292,0.0020923700,0.0100113692,0.0050086061,0.0427705304,-0.0036082274,0.0177832163,0.0045644547,-0.0054830417,-0.0076285426,-0.0013831921,0.0030337513,0.0090687835,-0.0118767867,0.0000968340,-0.0114609538,-0.0248288601,0.0119106900,0.0153388335,0.0060180133,-0.0007762388,0.0094131343,-0.0096997587,-0.0070183601,0.0245126377,0.0222514918,0.0106691856,0.0013953353,-0.0143740664,0.0057681022,0.0145583509
205.0000000000,-0.0068408344,-0.0235095523,0.0067856396,0.0061799862,-0.0086919741,-0.0062816797,0.0022914918,-0.0057597010,-0.0076527933,-0.0148442014,-0.0111358498,0.0181620317,-0.0189432582,-0.0144648288,-0.0278997394,-0.0035582505,-0.0234660150,-0.0170224276,0.0122857792,0.0123700783,-0.0006771446,0.0294387893,0.0145288424,0.0142693115,0.0218638343,0.0243317123,0.0045000407,0.0010968033,-0.0067161064,-0.0015682318,0.0065209254,0.0072356444,0.0207763153,0.0275233502,-0.0132763269,0.0107711881,-0.0073895412,-0.0060087770,-0.0037301491,0.0002165855,0.0082673450,-0.0041764587,-0.0158401822,0.0169257931,-0.0111803434,0.0122730618,0.0164202878,0.0154174401,-0.0153180744,0.0083712898,-0.0125272680,0.0064778408,0.0153378873,-0.0032841008,-0.0158967008,0.0015140837,-0.0067133023,-0.0030110439,0.0088644633,-0.0014159410,-0.0119698972,0.0045517492,-0.0019205582
206.0000000000,0.0192779738,0.0133308659,0.0217884648,-0.0038256097,0.0084380813,0.0107699400,-0.0019347021,-0.0231160205,-0.0132604596,-0.0199631396,0.0103805566,-0.0026389008,-0.0162664917,0.0010973566,-0.0048399222,0.0090809514,-0.0089441115,-0.0250122698,0.0041439313,-0.0042179229,-0.0011306434,0.0171090181,0.0310707264,-0.0037891963,0.0027595383,0.0154369080,-0.0104276033,0.0244678380,-0.0128480345,0.0104455568,-0.0101325940,0.0296408201,0.0121129581,0.0183575439,-0.0170234237,-0.0244163722,0.0446115411,-0.0175115141,0.0166189146,0.0111600785,-0.0403037927,-0.0263531904,-0.0101116210,0.0202623962,-0.0132720258,-0.0309666615,0.0002214788,-0.0189159635,0.0048105043,0.0003979197,0.0378655774,0.0329158815,0.0101445894,0.0052042058,0.0064984260,0.0046756122,0.0228705143,0.0030791747,0.0032694456,-0.0129567718,-0.0184813201,-0.0102601640,0.0183532529
207.0000000000,-0.0037523289,-0.0064785570,0.0213707782,0.0148087995,0.0042908381,0.0247815951,0.0057086254,-0.0131912779,-0.0006085827,-0.0092978772,0.0062938613,-0.0020516675,0.0245338796,-0.0049327852,-0.0042781623,-0.0071622311,-0.0199008542,-0.0100161811,-0.0097139380,0.0147241383,-0.0042747061,0.0006431625,0.0184486783,0.0160986713,0.0183460202,-0.0021841932,-0.0073305444,-0.0074081143,0.0220182655,-0.0106391420,0.0159934730,0.0091391106,0.0001820589,0.0093548036,-0.0019751278,-0.0055334151,0.0109635579,-0.0074198542,-0.0189183088,0.0021267016,-0.0042031578,-0.0171322397,0.0120937173,-0.0085487568,0.0081556147,-0.0075594207,0.0068984374,0.0111067540,-0.0032048232,0.0272664158,0.0162189556,0.0030851476,0.0049326159,0.0061071292,-0.0053028435,-0.0087922131,0.0107191246,0.0118597415,-0.0054403194,-0.0003231194,-0.0044877568,0.0329070037,-0.0060835111
208.0000000000,0.0052489315,0.0074497072,-0.0034397723,-0.0220982118,-0.0227693061,0.0080453915,0.0148271122,-0.0438776778,0.0005747438,0.0186635459,0.0289948865,-0.0198756939,-0.0100323870,0.0178725202,-0.0318377536,0.0230909476,-0.0154529193,-0.0399021429,-0.0007564489,0.0024638791,-0.0062438038,0.0174671301,0.0182792165,0.0018856514,0.0090571146,0.0110382845,0.0107740723,-0.0016410192,0.0229079324,0.0054675912,0.0304266153,0.0252956760,0.0128079934,0.0085719944,0.0023746640,-0.0287565144,0.0395233120,0.0155239497,-0.0113186027,-0.0193765356,-0.0138402296,-0.0172099798,0.0036635236,0.0003385587,-0.0002960595,-0.0350099556,0.0231344447,-0.0074804334,-0.0101964087,0.0136069207,0.0205056495,0.0090437360,0.0347895921,0.0021524911,-0.0016975391,0.0101140185,0.0101138723,0.0190832712,0.0159564982,-0.0196063985,-0.0307554545,0.0162642298,0.0113482990
209.0000000000,0.0028018137,0.0051153253,0.0090199319,0.0076641334,0.0176486904,0.0178933828,0.0047806867,0.0034719116,-0.0051018934,0.0179069971,0.0054625531,-0.0119174163,0.0031456488,-0.0026309123,-0.0037316908,-0.0053867826,-0.0273510212,0.0087044300,0.0046811835,-0.0035333039,0.0076709877,0.0088902406,-0.0007568394,0.0047713976,-0.0098287096,0.0054437516,0.0051830447,-0.0128039208,0.0024254306,-0.0122691124,-0.0020602471,0.0047173826,-0.0183346091,0.0096276747,0.0003389042,0.0094269306,0.0106173274,0.0063328736,-0.0173234450,-0.0170121813,-0.0030969970,-0.0090789438,-0.0115083183,0.0113070332,0.0010292692,-0.0014694676,0.0103976189,-0.0061941053,-0.0296456517,-0.0000594988,0.0032698384,-0.0120207881,-0.0057606393,0.0072976267,-0.0096936620,0.0089681162,0.0005888882,0.0081293842,0.0053972138,-0.0005569141,0.0012580475,0.0028909725,-0.0014273704
210.0000000000,-0.0016888035,0.0164556214,-0.0039053115,-0.0360085942,-0.0105734130,0.0215251269,-0.0091768277,-0.0449080432,0.0026429035,-0.0017810286,0.0370335950,-0.0043130006,-0.0184021741,-0.0264145199,-0.0127332842,0.0247128729,0.0019152804,-0.0155817977,0.0006901712,0.0089906280,-0.0282285832,0.0251593666,0.0142483176,0.0085363929,0.0104170955,0.0583382947,-0.0043814056,-0.0083866178,0.0137784431,-0.0088463556,0.0102994131,0.0208798064,0.0337580022,0.0340418254,-0.0023278011,-0.0124232414,0.0225096220,-0.0178427476,-0.0210879220,0.0080251222,-0.0127388408,-0.0428216240,-0.0137325655,0.0122924416,-0.0079466556,-0.0050547652,0.0178216876,-0.0212804797,-0.0148939951,0.0211901568,0.0073637466,0.0114175568,0.0377643201,-0.0038665258,-0.0081864235,-0.0051836779,0.0048750416,0.0100710574,-0.0280296553,0.0046724837,0.0058438342,-0.0131790202,0.0050094431
211.0000000000,0.0214148216,-0.0004523099,-0.0034486579,-0.0003210286,-0.0053512357,0.0100086768,0.0194149497,-0.0153912340,0.0075223300,-0.0043810927,0.0194929117,0.0098085896,-0.0076355786,0.0242492974,-0.0361621812,0.0179258164,-0.0036831686,-0.0088967202,0.0104867856,0.0142762589,-0.0172459846,0.0421611264,0.0107236207,-0.0185152661,0.0050878482,0.0027027793,0.0106688197,0.0126853098,0.0095950389,0.0008625656,-0.0053792449,0.0130504635,0.0114650045,0.0174898765,-0.0109067024,-0.0065361634,0.0256411920,-0.0256911695,0.0071213070,-0.0079547247,-0.0134802538,-0.0189411455,0.0227870765,0.0072221744,0.0108939833,-0.0029299962,0.0109740018,-0.0095497238,-0.0216238824,-0.0007820868,0.0048028108,0.0134885500,0.0256946804,0.0253582879,-0.0022524686,0.0129547244,0.0027109458,-0.0038790197,-0.0000912593,0.0145389386,-0.0084875243,0.0053776625,0.0255253545
212.0000000000,0.0056690154,0.0056342241,-0.0076806211,0.0077888269,0.0147180874,0.0178899778,0.0077337986,-0.0244972492,-0.0066731382,0.0254492525,0.0271320690,0.0068339595,-0.0199196116,-0.0060244936,-0.0046879631,0.0159379065,-0.0101510586,-0.0053890666,-0.0078602967,0.0022570542,0.0127906384,0.0076472358,-0.0035795978,-0.0113518330,0.0157973234,0.0072660535,0.0124754412,0.0061307090,-0.0092423654,-0.0036053967,0.0159852984,0.0173253051,-0.0083027573,0.0088956963,-0.0059235424,-0.0258401816,0.0288211188,0.0144663043,0.0179221823,0.0335318402,-0.0177773014,-0.0125577090,0.0149657195,0.0269226023,0.0074170857,-0.0235182973,-0.0114771730,0.0044365479,-0.0073301417,0.0068673621,0.0298349708,-0.0008904284,0.0166463059,-0.0207788487,-0.0187418420,-0.0034579940,0.0007582110,0.0296728323,-0.0104370279,0.0261877090,-0.0129735979,0.0009960069,0.0337827384
213.0000000000,0.0083202838,-0.0124472908,-0.0040706112,-0.0018278594,0.0146397940,0.0103095601,0.0031922628,-0.0459948833,0.0100328915,-0.0151909965,0.0218081288,-0.0091460357,-0.0039695061,-0.0075100216,-0.0110798579,0.0063521606,-0.0001340648,-0.0056872447,-0.0069535283,-0.0023169726,-0.0011908305,0.0278069222,-0.0110879685,-0.0171034270,0.0022531329,0.0248568789,0.0051421719,0.0106230808,-0.0037836992,-0.0259279420,0.0057947790,0.0153444791,-0.0043050682,0.0285103685,0.0013871333,-0.0058740568,0.0151101247,-0.0051296192,0.0053284732,-0.0139353087,-0.0157192052,-0.0075808496,0.0093088115,0.0116670086,-0.0026292278,-0.0233948553,0.0166064245,-0.0077203215,-0.0284488132,0.0019577114,0.0116373750,0.0192165513,0.0195115830,0.0064827248,-0.0097513935,0.0261532886,0.0060733918,0.0051953319,0.0001719255,-0.0077883399,-0.0231282044,0.0025077996,0.0326244144
214.0000000000,0.0137598230,0.0091443421,0.0308987149,-0.0029120923,0.0280374547,-0.0206400528,0.0050985707,-0.0187521134,0.0049956216,0.0082756321,0.0120340476,-0.0140259248,0.0197549386,-0.0105267397,-0.0291087827,0.0112532274,-0.0010214059,0.0054512504,-0.0027592487,-0.0019303039,-0.0312701938,0.0292293211,0.0176120542,0.0126785440,0.0087927044,0.0307350896,-0.0074211688,-0.0130844172,-0.0033809147,-0.0082420566,0.0161827010,0.0100348812,0.0057830713,-0.0016842438,0.0198021677,-0.0076447052,0.0143463860,-0.0155212498,0.0126265662,-0.0182844768,-0.0042815552,-0.0169178538,-0.0034139680,0.0236700376,0.0062670480,-0.0284646904,-0.0002602338,0.0043554113,-0.0181532393,0.0304815874,0.0030428319,0.0164143523,0.0304771140,0.0193799599,-0.0194395520,0.0063635970,-0.0100463317,0.0285890851,-0.0062971380,-0.0279428753,-0.0143399280,-0.0115372447,-0.0033121052
215.0000000000,0.0054294279,0.0005727158,-0.0027298051,-0.0119695514,-0.0035157633,0.0035070679,0.0140104393,-0.0283698911,-0.0223097003,0.0071748720,0.0165884933,-0.0321799514,-0.0034842982,0.0098775214,-0.0045259206,0.0109104849,0.0172735599,-0.0179720854,-0.0146221118,-0.0029681455,0.0040103775,0.0206204820,0.0023074256,0.0102017153,-0.0008162033,0.0196747217,-0.0162682338,-0.0023902257,-0.0129261950,0.0000750503,0.0080876759,0.0072500637,0.0072806561,0.0026759189,-0.0187908720,-0.0274771664,0.0434611375,-0.0094536006,-0.0248565609,-0.0129344060,-0.0336650091,-0.0046731902,-0.0132197442,0.0270155487,-0.0071001710,-0.0284532222,0.0244507729,0.0031149028,-0.0090264048,0.0147083686,0.0100949184,0.0054496475,-0.0158310452,-0.0124022726,-0.0336836288,-0.0127157624,0.0304966254,-0.0078607546,0.0163452724,-0.0045985854,-0.0259674088,-0.0020909220,0.0150955528
216.0000000000,0.0016401359,-0.0030473858,-0.0155225764,-0.0293650669,-0.0134559067,0.0105390210,-0.0072106844,-0.0301732403,0.0197460518,0.0239653970,0.0267547631,-0.0023366030,-0.0045234149,-0.0107846537,-0.0022656734,0.0134129549,0.0143395964,0.0012673170,0.0156886246,-0.0208584866,0.0196413704,0.0191913431,0.0211164440,-0.0175528571,0.0035840279,0.0414940022,0.0062037432,-0.0191072945,0.0096653329,-0.0026137855,0.0022494604,0.0112629112,-0.0135642088,0.0107450528,-0.0032333605,-0.0162568992,0.0486601661,0.0036053749,0.0263706621,-0.0065081408,-0.0216618150,-0.0189178748,-0.0019382097,0.0315051565,0.0360758838,-0.0269320377,0.0103083560,-0.0230087173,-0.0137108568,0.0265861583,0.0128096566,0.0021819088,0.0328117212,0.0115037796,-0.0248676274,-0.0035383947,0.0011217911,0.0111444337,-0.0016769399,-0.0217209240,-0.0098663257,-0.0184865581,-0.0013293850
217.0000000000,0.0008762155,-0.0153423251,-0.0055769965,-0.0075687906,0.0062012059,0.0155429577,0.0055620919,-0.0175367409,0.0145818582,0.0171011242,0.0238780454,-0.0027954205,-0.0085003755,-0.0011551178,-0.0223653970,-0.0013707501,-0.0117563669,-0.0119825521,-0.0020860315,-0.0176237245,-0.0310067397,0.0147010428,0.0137167200,0.0098958500,-0.0098629427,-0.0035773351,0.0017320253,0.0091422443,0.0346147462,0.0140126496,-0.0197580082,0.0079969093,-0.0091340602,0.0028803047,-0.0067609045,-0.0101764058,0.0383561297,-0.0237397084,-0.0051069281,-0.0056184252,-0.0211662976,-0.0170015373,-0.0051119521,0.0122955757,0.0081024051,-0.0254818288,0.0150847389,-0.0036796062,-0.0030685824,0.0104068894,0.0192321477,-0.0141477785,0.0074672340,-0.0059740202,-0.0038688305,-0.0011219710,0.0281380035,0.0140799401,-0.0026072447,-0.0201627082,-0.0198801708,0.0087005724,0.0142664140
218.0000000000,-0.0126159301,-0.0054634835,0.0008863838,0.0001928921,-0.0029732974,0.0150518294,0.0204907025,-0.0295495244,-0.0268474949,-0.0273719611,0.0021013241,-0.0064873304,-0.0111735085,-0.0136790270,-0.0065199024,0.0222825538,-0.0012009693,-0.0159795590,0.0009856226,0.0258249481,-0.0132231478,0.0189377135,0.0199643039,-0.0009074076,0.0139370981,0.0289326324,-0.0138868337,-0.0006238594,0.0016423504,-0.0090111372,-0.0138487643,0.0107171436,-0.0157232952,0.0269772447,0.0194405402,-0.0119767246,0.0139352242,-0.0015165280,0.0079671960,0.0106451627,-0.0296543470,0.0038542294,0.0109472169,0.0336760707,0.0087437241,0.0130196074,-0.0039068871,-0.0031485840,-0.0242907889,0.0128100706,0.0048428642,0.0029690647,0.0168629263,-0.0128143064,-0.0206369617,0.0049494664,0.0067942123,0.0075541214,0.0081190144,0.0060911532,-0.0192469439,-0.0220768434,0.0106908913
219.0000000000,0.0038088190,-0.0112781801,-0.0082226887,0.0002580148,-0.0169194985,0.0052909178,0.0001049091,-0.0244028167,-0.0018594651,0.0126791382,0.0001860779,-0.0117610284,-0.0032812594,-0.0018904366,-0.0119814415,0.0170381506,0.0069646835,-0.0079642588,0.0334348443,0.0128133745,-0.0138528900,-0.0078762304,0.0230148448,-0.0236286905,0.0119044700,0.0271464890,-0.0107184186,-0.0174746729,-0.0057406564,-0.0075449101,0.0048495685,0.0202700542,0.0097116417,0.0348662663,0.0106306505,-0.0005295894,0.0053426253,-0.0123514649,0.0041449896,-0.0145201824,0.0138476772,-0.0120870451,-0.0118222590,0.0094200014,-0.0089002058,-0.0228833189,0.0148036229,-0.0066362848,0.0189353156,0.0185843641,0.0163637295,0.0068074418,0.0083141478,-0.0005000888,-0.0013689813,0.0046040337,0.0079491437,0.0048035312,0.0020929352,-0.0106953652,-0.0221626412,0.0071306700,0.0063158852
220.0000000000,0.0050628634,0.0091517177,-0.0267286236,-0.0034945337,-0.0034292425,0.0156512583,0.0282850354,-0.0173018551,-0.0027167813,0.0014490229,-0.0038634666,-0.0178385953,-0.0005562561,-0.0246227198,-0.0046490916,-0.0010361263,-0.0005540412,-0.0056238339,0.0196358060,-0.0094568403,-0.0045283239,0.0068151555,0.0095056072,0.0030323024,0.0123359510,0.0347802830,-0.0076139990,0.0009210439,0.0039502520,-0.0114885763,0.0074962124,0.0198841905,0.0004280233,-0.0214912712,-0.0066891373,-0.0046397761,0.0157609529,-0.0299439834,0.0183779060,0.0091986843,-0.0091269045,-0.0250422119,0.0175567446,0.0334250588,0.0092991332,-0.0120419404,0.0264297900,-0.0256102245,-0.0299395157,0.0024135577,0.0150390255,0.0047266409,0.0189234832,0.0060383993,0.0073352838,0.0023684669,-0.0170699381,-0.0101101092,0.0019664892,-0.0055025308,-0.0057956502,0.0001735662,-0.0056628461
221.0000000000,0.0306301666,0.0076436518,0.0133290673,-0.0143430697,0.0093434113,0.0081064019,0.0147337899,-0.0378062381,-0.0132103982,0.0187853106,0.0009984733,0.0005932753,0.0038740617,0.0186459277,-0.0239403286,0.0186011868,0.0104099874,-0.0070601401,-0.0117373970,0.0216341488,-0.0056523314,0.0295734518,-0.0045809312,0.0187805905,0.0208290333,0.0224338056,0.0044196800,-0.0094441576,0.0165419104,-0.0109847682,0.0048513986,0.0138000421,-0.0032540272,-0.0005060966,-0.0026715102,-0.0218041874,0.0369966263,-0.0230918812,0.0074960834,-0.0024937813,-0.0151433580,0.0024980948,-0.0061066955,0.0157700364,-0.0005842190,-0.0280902113,0.0197511590,-0.0092288053,-0.0094704426,0.0247446961,0.0020452079,-0.0174340301,0.0338291642,-0.0101186702,0.0167756272,0.0051345895,-0.0053577870,0.0080605872,-0.0031905825,0.0162945220,-0.0372026045,0.0216186774,0.0250662470
222.0000000000,0.0204447498,0.0139074707,0.0052889449,0.0173864230,0.0035074345,0.0134723515,0.0037024547,-0.0205836602,0.0034947090,-0.0006795385,-0.0141395375,0.0193958099,-0.0192103929,-0.0006143306,-0.0005059357,-0.0054267800,0.0029696802,0.0009617446,-0.0189577757,0.0010740937,-0.0145147239,-0.0095185780,0.0209099463,0.0190549549,0.0030299378,0.0000649737,-0.0084824652,-0.0088149315,0.0063016006,-0.0027676215,-0.0089196195,-0.0076830183,0.0003644388,0.0150207352,-0.0074011141,-0.0112064164,0.0191490879,-0.0123794669,-0.0275488334,-0.0031271363,0.0019964266,-0.0031732737,0.0073555829,-0.0057061301,0.0040429873,-0.0075540050,-0.0138340661,-0.0076164579,0.0006262731,0.0090360935,0.0157166263,0.0167036806,-0.0038454245,-0.0084018738,-0.0176195423,-0.0272934442,0.0179462827,0.0106833819,0.0134488970,-0.0099440333,-0.0044907972,0.0049134122,-0.0031607438
223.0000000000,-0.0039168740,-0.0100695766,0.0049314508,-0.0120869479,-0.0058469089,0.0207492924,0.0092081285,-0.0277342694,-0.0082852512,0.0116101926,0.0095956076,-0.0086072573,-0.0196655456,0.0051169846,-0.0158359704,0.0002650895,-0.0078075809,-0.0199503631,0.0123922520,-0.0179894010,-0.0055354627,-0.0013754145,0.0013237276,0.0026453242,0.0188713758,0.0006490075,-0.0061153918,-0.0134981340,0.0049589208,-0.0001740285,0.0025617017,0.0066310022,-0.0043134561,0.0139097889,-0.0171145097,-0.0010544155,-0.0066294897,0.0017715179,0.0160876303,-0.0082851511,-0.0199133055,-0.0066646237,0.0169064744,0.0350614671,-0.0165225648,-0.0028756113,-0.0106113592,-0.0090501225,-0.0141622736,0.0163615256,0.0065666409,-0.0003693879,-0.0025720979,0.0114386860,0.0129090804,0.0014555258,-0.0054587697,0.0147270107,-0.0154792655,-0.0288200658,-0.0191539007,0.0218915100,0.0067242792
224.0000000000,-0.0197223582,-0.0057778984,0.0075423427,-0.0092855609,0.0115370547,0.0118903349,-0.0068811653,-0.0160671147,-0.0012525218,0.0005866300,-0.0006915401,-0.0195193910,-0.0184734242,-0.0013366312,-0.0102385786,-0.0017616479,0.0114648466,-0.0273397249,-0.0168778364,0.0157228139,0.0086498284,0.0213080740,0.0205115533,0.0045921243,0.0090773879,0.0320278392,-0.0257663016,-0.0232385131,0.0040565991,-0.0272222236,0.0044049934,0.0122145516,0.0020899225,0.0112918405,0.0036777776,-0.0072350249,0.0429863954,-0.0183650902,-0.0207300548,-0.0076019349,-0.0135324030,-0.0089461261,-0.0088482224,-0.0027612723,0.0130268016,0.0039134817,0.0030402526,-0.0230244214,-0.0251866989,0.0147109273,0.0029169519,0.0017492697,0.0367880294,-0.0148319019,-0.0302548917,-0.0143107297,0.0062889414,0.0287281229,0.0031472462,0.0078101777,-0.0282547119,-0.0107063739,0.0142030803
225.0000000000,-0.0122743858,-0.0156241316,-0.0200351515,-0.0066675353,-0.0033740216,0.0003418536,-0.0028963621,-0.0201476841,-0.0069100910,0.0001768497,0.0145253742,0.0045366371,-0.0157990431,0.0113608079,0.0056803809,0.0108960924,-0.0025068442,-0.0073487330,-0.0106086092,0.0147196056,-0.0059535116,0.0272640734,0.0252239482,0.0053368250,0.0057637597,0.0370631853,0.0122754657,-0.0339316730,0.0038932575,-0.0280342105,-0.0024026251,0.0121188212,0.0149553858,0.0084084581,-0.0236529643,-0.0160645929,0.0219382488,0.0168410126,-0.0034845442,0.0062439463,-0.0284610988,-0.0048026265,-0.0172611559,-0.0059233433,0.0045128247,-0.0248114563,0.0162516478,0.0097465487,0.0029185309,0.0042851594,0.0098268087,-0.0052051650,0.0114850820,-0.0015273793,-0.0069569369,-0.0011444848,-0.0005616722,0.0083664504,0.0283863723,-0.0056063441,-0.0195048835,-0.0098428294,0.0112028558
226.0000000000,0.0135905809,-0.0035008101,-0.0053795593,0.0214332335,0.0040779212,0.0016447435,0.0006833217,-0.0384668007,-0.0070753087,-0.0050409855,0.0148056850,-0.0166133430,-0.0098746659,-0.0066360729,-0.0209256128,0.0034203727,-0.0001710434,-0.0256676816,0.0090924280,0.0063156408,-0.0083735785,0.0153616190,0.0358485160,-0.0169420749,0.0185004028,0.0255190143,-0.0100031944,-0.0066353061,0.0022444138,-0.0111784325,-0.0082989520,0.0114613805,0.0015214456,0.0229740103,-0.0027760577,-0.0075526452,0.0376279134,-0.0165613772,0.0005092273,-0.0141321215,-0.0172034521,-0.0129748704,-0.0020692539,0.0421607511,-0.0023418224,-0.0139511308,0.0126471225,-0.0169010877,-0.0262172052,0.0223740170,0.0244877298,0.0032171164,0.0036259053,-0.0013513747,-0.0036834077,0.0061129833,0.0036772590,-0.0162188260,0.0024242113,-0.0119463903,-0.0184859706,-0.0104055885,0.0024827247
227.0000000000,0.0027611533,0.0053878235,-0.0037655113,-0.0088278979,0.0062943581,0.0273474733,-0.0072881022,-0.0128055203,0.0274286355,0.0121896815,0.0108769365,0.0116107010,0.0016881446,0.0337802829,-0.0047153168,0.0108695532,0.0093268019,-0.0167737438,-0.0158812173,-0.0005118673,-0.0028655784,-0.0060491173,0.0044464022,-0.0008571760,0.0059742267,0.0150567804,-0.0208421161,0.0271776519,0.0208611282,-0.0014680586,0.0065943379,0.0315546774,-0.0127284949,-0.0111166296,0.0198793924,-0.0271032058,0.0279125840,-0.0271948514,-0.0151751183,-0.0011053399,-0.0239512812,-0.0363300347,-0.0064449507,0.0179631708,0.0146106575,-0.0379343122,0.0302556795,-0.0151924655,-0.0285794849,0.0204281151,-0.0026988637,-0.0067170692,0.0075053980,-0.0051601035,0.0208415525,-0.0390557270,0.0084753337,0.0136867327,-0.0111894839,0.0048557302,-0.0290818955,0.0332048277,0.0163797854
228.0000000000,0.0080435101,-0.0036069953,-0.0005073624,-0.0183402786,-0.0012327320,0.0004517241,0.0012990986,-0.0391973189,0.0104642273,0.0219733359,0.0231494900,-0.0110149129,-0.0189152417,0.0049279906,-0.0238523257,0.0147150975,-0.0040212433,-0.0063415122,-0.0077522524,-0.0007188392,-0.0226249717,0.0187237783,0.0165060834,-0.0197544378,0.0141378474,0.0228162108,0.0094418305,-0.0065054785,0.0026723886,-0.0083213111,0.0193747037,0.0163485520,0.0031713648,0.0019859784,-0.0131207833,-0.0193546249,0.0287603768,0.0043703562,0.0011930852,0.0003490423,-0.0290263530,-0.0138405629,-0.0065737278,0.0126082795,-0.0100113602,-0.0035922508,0.0198076246,0.0145181614,-0.0298663742,-0.0035376887,0.0127277525,0.0118194641,0.0202774406,-0.0005744068,-0.0033391304,-0.0096842617,0.0024329340,-0.0070353045,0.0043295853,0.0086447140,-0.0368256375,0.0064216104,-0.0013462819
229.0000000000,0.0052877591,0.0112945139,-0.0018044420,-0.0052726176,0.0073598706,0.0273501481,0.0188527039,-0.0221951241,0.0086907402,0.0011615979,0.0127265163,-0.0000366504,0.0030554847,-0.0107622538,0.0066037959,0.0214282177,0.0220444636,-0.0115836612,0.0073357176,-0.0075396057,-0.0015145195,0.0205750498,0.0147261911,0.0054598492,-0.0073896262,0.0131763152,-0.0055841478,-0.0178312692,-0.0051561601,-0.0017020750,0.0009786508,0.0187578676,0.0022234848,0.0236493641,0.0005939366,-0.0089257765,-0.0048483055,-0.0080608481,0.0080817382,-0.0097385137,-0.0097751477,-0.0367572929,-0.0130262775,0.0268851699,0.0075994657,-0.0336418851,0.0092122988,0.0085123554,-0.0166479533,0.0234142776,0.0196589365,0.0126307353,0.0034938851,0.0043716496,0.0187302201,-0.0237666958,-0.0021576232,0.0193910946,-0.0243308988,-0.0201624514,-0.0185878686,0.0008406013,0.0308811564
230.0000000000,-0.0058595403,0.0103179684,0.0078014034,0.0033175801,0.0045375844,0.0233378935,0.0150730767,0.0042748610,0.0123164960,0.0002642277,0.0007929351,-0.0007486737,0.0145987777,-0.0095840222,-0.0208093845,0.0150756554,-0.0013427272,-0.0075001371,0.0008128595,0.0022837211,0.0205861432,0.0075308081,0.0149403660,-0.0006901550,-0.0022745509,0.0170947472,0.0040057918,-0.0084639515,0.0096478669,-0.0037437584,-0.0033586531,0.0082751394,0.0275456551,0.0104904129,0.0184421252,-0.0177805307,0.0054498425,0.0126928095,-0.0043021236,-0.0179795844,-0.0188634123,-0.0287051257,-0.0199541228,0.0184235512,-0.0046149052,0.0057934478,0.0198879857,-0.0158259540,-0.0225836995,0.0134535566,0.0199126305,0.0047247644,0.0117124608,-0.0046476519,0.0004381395,-0.0115172132,-0.0088807646,0.0130654708,-0.0064740829,-0.0098627324,-0.0208554058,-0.0002073190,0.0395587709
231.0000000000,-0.0033392377,0.0026599818,-0.0014062214,-0.0221861255,-0.0025534314,0.0028328581,0.0073023305,-0.0204994185,-0.0071354353,0.0124630699,0.0123569766,-0.0241536718,-0.0246422687,0.0266161907,-0.0147622770,-0.0230574059,-0.0153321986,-0.0180978114,0.0077700973,0.0050623234,-0.0159537828,0.0361610116,0.0276893458,-0.0028155646,-0.0087438373,0.0349546068,-0.0243556876,-0.0118454853,-0.0148488717,-0.0201832713,-0.0125159973,0.0099887105,0.0014342934,0.0053497732,-0.0012350946,-0.0115312667,0.0493647253,-0.0142789202,-0.0053657473,0.0019378459,-0.0148829475,-0.0093237468,-0.0029516937,0.0352146721,-0.0067209949,0.0027395561,-0.0162669179,-0.0154845306,-0.0100391111,0.0323633818,-0.0029295851,0.0022350316,0.0399099160,0.0015524941,-0.0144917541,-0.0041864841,-0.0066787196,0.0101374374,-0.0065471507,0.0014608499,-0.0018900170,0.0146818709,0.0135152836
232.0000000000,-0.0037040516,-0.0176305773,0.0034741841,-0.0131725127,0.0144577779,0.0113632252,0.0025012868,-0.0282883541,0.0057675752,0.0138028519,-0.0054234960,0.0052414801,-0.0109770175,0.0293474532,-0.0015922689,-0.0062771286,-0.0309637101,0.0010124708,0.0121916573,0.0166482384,-0.0316068010,0.0271359363,0.0093758007,-0.0071943308,-0.0278794139,0.0032629369,0.0161317066,0.0077504759,-0.0041031748,-0.0111155969,0.0037550235,0.0141554270,-0.0064582660,0.0076439031,0.0070463441,0.0117685340,0.0293898673,-0.0118380777,-0.0171732318,0.0004764069,-0.0093842023,0.0080959145,0.0023831387,0.0027770030,0.0187440271,-0.0071502638,0.0007354272,-0.0141962117,-0.0117531258,0.0163995880,-0.0060044688,-0.0103943598,0.0081947239,-0.0072707788,0.0016826982,0.0140582314,0.0098202818,0.0165956730,-0.0032407385,-0.0120135325,0.0000472989,-0.0052059096,0.0127668489
233.0000000000,-0.0009885085,0.0187947186,-0.0009381682,-0.0115527995,0.0025686949,0.0252991785,0.0000006608,-0.0096995852,-0.0065010052,0.0043528966,0.0386514618,0.0096760100,-0.0252715668,0.0151957471,-0.0230362800,0.0142510207,-0.0429283896,-0.0274418068,0.0010102365,0.0126882220,-0.0164537901,0.0065298402,0.0338960900,0.0200908937,-0.0041436869,0.0382220944,-0.0156190552,0.0166870817,0.0170050373,-0.0169018102,-0.0025901089,0.0218656763,0.0115213627,0.0054049452,0.0009594890,0.0166908850,0.0504416406,-0.0207962221,0.0060748461,0.0039691135,-0.0161260906,-0.0191888064,-0.0049973132,-0.0038559512,-0.0101011562,-0.0142854202,-0.0074258676,0.0004037838,-0.0088756968,0.0180196140,0.0126270432,-0.0017009607,0.0033165503,0.0116505325,-0.0032749538,-0.0052711926,0.0009931133,0.0217073490,-0.0027826986,0.0093727416,-0.0007117534,0.0045250864,0.0182737219
234.0000000000,-0.0220283939,0.0018362977,-0.0071280211,0.0139402164,-0.0125446326,0.0243933988,0.0028783132,-0.0040135995,0.0069524495,-0.0115562875,-0.0018202231,-0.0121549433,0.0031335176,-0.0036267576,-0.0229301512,-0.0023484849,0.0055039948,-0.0199786107,0.0015982148,-0.0106225485,-0.0059721081,0.0045196411,0.0249215069,0.0050193182,0.0142330052,0.0165882223,-0.0091280106,-0.0184667600,-0.0085242746,0.0067231650,0.0009059896,-0.0064228317,0.0031669897,-0.0095417296,0.0041362500,-0.0072292423,0.0249076996,-0.0161267978,0.0092022906,-0.0134334636,0.0041926509,-0.0007989047,-0.0184085766,-0.0134539842,-0.0074340344,-0.0037260193,-0.0012809485,-0.0359583630,0.0019387399,-0.0054390883,0.0051773446,0.0067935737,0.0148970403,-0.0011354758,0.0006182407,0.0023153055,-0.0160041676,-0.0041608678,0.0210883412,0.0169334755,0.0059532627,-0.0112533445,0.0089925330
235.0000000000,-0.0047893577,0.0083237239,0.0127967756,-0.0192984185,0.0020807992,-0.0009547775,0.0142366489,-0.0441469978,0.0105676140,0.0134814662,-0.0028637430,-0.0289602566,-0.0098254211,0.0029914674,-0.0318158896,0.0352791215,-0.0033951843,-0.0237541213,0.0055606849,0.0168983229,-0.0206223023,0.0126472675,0.0010190952,-0.0175036185,-0.0052516804,0.0286459381,0.0249165738,-0.0192634320,0.0077183393,-0.0078608523,0.0279351335,0.0198882024,0.0131192048,0.0075758459,0.0027334185,-0.0109334964,0.0362314309,0.0110468366,-0.0153469386,-0.0137085334,-0.0279857225,-0.0217429723,-0.0052403218,0.0357720100,0.0175257862,-0.0167220700,0.0237626506,-0.0093805844,-0.0105674826,0.0194260608,0.0157804368,-0.0022897127,0.0128761167,0.0014453570,-0.0029415370,-0.0116249370,-0.0067866846,0.0029623570,0.0036656129,-0.0104225622,-0.0181253723,0.0065437556,0.0317274101
236.0000000000,0.0167175226,0.0161231251,-0.0066803782,-0.0166692831,0.0015814044,0.0131332716,-0.0032748896,-0.0084663897,-0.0003424975,0.0242463739,0.0174790333,-0.0020898761,-0.0163931208,0.0172782162,-0.0189621187,0.0247409842,-0.0116324534,-0.0152220458,-0.0175252172,0.0034856636,-0.0327678882,0.0157127837,0.0223323769,-0.0174322789,0.0069785380,0.0236302778,-0.0073540913,0.0063341617,0.0110264864,0.0085763906,0.0179317674,-0.0035909733,0.0188217439,0.0108894040,0.0066695157,-0.0425263343,0.0266160583,-0.0055326990,-0.0040709342,0.0065196032,-0.0040967886,-0.0253907197,-0.0101059327,0.0103315862,-0.0039490286,-0.0323866616,0.0036771961,-0.0072519039,-0.0180644637,0.0211895997,0.0078645396,-0.0003627736,0.0175007419,-0.0159655939,0.0064133334,-0.0059098879,-0.0081088710,0.0228866092,-0.0235656528,0.0036963462,-0.0118634715,-0.0064093297,0.0044044758
237.0000000000,0.0115605395,0.0052149100,0.0051887524,-0.0362509284,-0.0049398650,0.0035870497,0.0045856860,-0.0134619218,0.0203862687,0.0141847256,-0.0039166056,-0.0041698246,-0.0270660719,-0.0250313744,-0.0165234617,0.0233545746,-0.0180783261,-0.0293318062,0.0098228616,0.0251298986,-0.0132418888,0.0210335956,0.0304884595,-0.0165956575,0.0073190311,0.0041341394,0.0046384520,0.0125439719,0.0125417072,0.0083178251,0.0053823843,0.0078355398,0.0150396659,0.0051756841,0.0016381610,-0.0169447050,0.0189431207,-0.0048880028,0.0051514638,-0.0206409576,-0.0335455606,-0.0333286048,0.0025741742,0.0244912674,0.0011385237,-0.0178007785,0.0137167797,-0.0052091388,-0.0180713045,0.0052316033,0.0168572297,0.0009271793,0.0132150475,0.0082029576,-0.0173852247,-0.0011016157,-0.0077009978,-0.0025542284,0.0088967909,-0.0038166391,0.0093914741,-0.0162793984,0.0106806928
238.0000000000,-0.0101544608,-0.0024048891,0.0038628253,-0.0128575044,-0.0026190677,0.0149154770,-0.0010793583,-0.0130495885,0.0121785447,0.0259747311,-0.0005165937,-0.0273326061,-0.0063387029,-0.0115144874,0.0067778883,-0.0351538983,0.0095014984,-0.0192071947,-0.0229155440,0.0095440034,0.0318742851,0.0340938321,0.0156103719,-0.0141005494,0.0109651966,0.0354136955,0.0122280595,0.0066802001,-0.0021203019,0.0033402622,0.0053577278,-0.0054081581,0.0113595186,0.0094177284,0.0257968713,0.0002891303,0.0046167275,-0.0104749504,0.0032551913,-0.0026715132,-0.0237237024,0.0110296353,-0.0116526827,0.0195844639,0.0019490078,-0.0148338951,-0.0046562131,-0.0300604811,-0.0262559979,0.0063585804,-0.0117983732,0.0077978826,0.0195553334,0.0019851570,0.0077116797,0.0134124135,0.0018858911,0.0271230345,-0.0003771477,-0.0109084470,-0.0179042361,0.0077314378,0.0145775304
239.0000000000,0.0181108274,-0.0050661157,-0.0005049961,-0.0009282647,-0.0103281358,0.0294545252,0.0065221145,-0.0437573287,0.0027784086,0.0184555563,0.0074283013,-0.0156997465,-0.0108908447,0.0045363461,-0.0261138170,0.0144630205,-0.0204065464,-0.0128938891,-0.0146384740,-0.0091290483,-0.0027320472,0.0421203613,0.0287345128,0.0028095502,-0.0101431610,0.0304561209,-0.0094074348,0.0105615984,0.0070603031,0.0027117924,0.0046116852,-0.0108732619,0.0038862627,0.0375009984,0.0132654343,-0.0015541480,0.0359287711,-0.0318332907,0.0275050838,-0.0236084229,-0.0233512516,-0.0333247651,-0.0233076018,0.0012777699,0.0292768151,-0.0349255320,0.0267322188,-0.0122950360,-0.0281545071,-0.0092548984,0.0098398375,0.0101777049,0.0344625928,-0.0014028000,-0.0189024960,0.0015616216,0.0254190162,0.0080001109,-0.0070041196,-0.0185599926,-0.0189388174,0.0005637280,0.0333720245
240.0000000000,0.0263787745,-0.0030591344,0.0076244194,-0.0108060907,-0.0105284857,0.0392901668,0.0165528537,-0.0275281857,0.0113800030,-0.0018449940,-0.0076215970,-0.0043244474,-0.0108418145,0.0229299652,-0.0380692340,0.0155881713,-0.0057289242,-0.0076394836,0.0142798556,0.0223392166,0.0058483917,0.0305105542,0.0229474696,0.0168470353,-0.0032220391,0.0457138242,-0.0256866095,0.0026283686,-0.0011259764,-0.0256503420,0.0020884164,-0.0121284694,0.0052075792,0.0149141622,0.0093887097,-0.0305974374,0.0322259923,-0.0348664020,-0.0044233343,-0.0088695175,-0.0036503367,-0.0185786690,-0.0233509567,0.0289828062,0.0022304658,-0.0367685592,0.0318285368,-0.0032730192,-0.0241192504,0.0133785490,0.0115084319,0.0284776090,0.0313017492,0.0077359878,-0.0043238076,0.0028099901,0.0020939139,-0.0079555990,-0.0006188842,0.0111721228,-0.0119492584,0.0094853968,0.0260098656
241.0000000000,0.0006217822,-0.0068601512,0.0080505183,-0.0262217074,-0.0036253725,0.0122495060,-0.0049218316,-0.0208344825,-0.0009087783,0.0009083852,0.0092633098,-0.0067669961,-0.0029383288,0.0036068494,-0.0197600443,-0.0014641180,0.0282944693,0.0070606508,0.0096933279,0.0093501939,-0.0301267786,-0.0008089595,-0.0058611774,0.0149206473,0.0084010561,0.0189330915,0.0094119980,-0.0020419730,-0.0173393387,-0.0080699439,0.0096431067,0.0124770774,-0.0130713613,0.0021320476,0.0305493687,-0.0035726132,0.0071025522,-0.0246462562,0.0057872349,0.0004524380,0.0040129896,0.0047184655,-0.0050271609,0.0050441937,0.0126851943,-0.0180642442,-0.0173450408,0.0106316283,-0.0245092630,0.0002875797,-0.0084548140,0.0010948598,0.0051682889,0.0046671183,-0.0147704713,-0.0009419815,-0.0109769598,0.0160257524,-0.0099710182,-0.0050340095,0.0019106695,-0.0149134301,-0.0049557677
242.0000000000,-0.0088145070,0.0139117963,0.0089455941,-0.0261797594,-0.0104390350,0.0272284635,0.0052648159,-0.0152507792,0.0139862554,0.0061885999,-0.0093469410,-0.0068398756,0.0111735694,-0.0114033012,-0.0164361955,-0.0089336044,0.0205114826,-0.0102573959,0.0034673679,0.0085158210,0.0009876358,0.0177217826,0.0167265759,0.0084886276,0.0014278652,0.0298880514,0.0062810338,0.0191314750,0.0195756335,0.0011897164,0.0061692598,0.0049927051,0.0016362432,0.0001032474,0.0034738121,-0.0021626661,0.0124765389,0.0006607685,0.0134730340,-0.0078296758,-0.0207571599,-0.0144216016,-0.0004724948,0.0030151872,0.0181140963,-0.0077084334,0.0133137541,-0.0086177185,0.0044488163,0.0108251660,0.0032089568,-0.0003081387,0.0177245633,0.0072623435,0.0020822749,-0.0076244032,0.0193210450,0.0050958652,0.0097683709,-0.0190820132,0.0021558755,0.0116268090,0.0077641297
243.0000000000,-0.0082052988,-0.0028326032,0.0185370679,-0.0197507682,0.0045620527,0.0039462826,0.0050023618,-0.0330050190,-0.0021257763,0.0053585529,0.0196200079,-0.0050369545,-0.0094488773,-0.0151786216,-0.0049255839,-0.0151036097,-0.0114283443,-0.0055552911,0.0206711055,0.0031374334,-0.0133542532,0.0225735162,-0.0013617027,-0.0134298164,-0.0080300359,0.0220092808,0.0079522783,0.0063585502,0.0109879283,-0.0201897790,0.0158306254,0.0251581824,-0.0019158616,0.0294258686,0.0267843829,-0.0182607835,0.0227852641,-0.0134428072,-0.0112233306,-0.0026169082,-0.0083732438,-0.0221725639,-0.0055962317,0.0082428152,0.0189621616,-0.0137011964,-0.0021806877,0.0002643349,0.0151038394,0.0197826905,0.0216829643,-0.0059524353,0.0287372512,-0.0027592163,-0.0175130461,0.0112167391,0.0053136457,0.0191596802,0.0035761923,-0.0077801882,-0.0072510499,0.0300221366,0.0001559168
244.0000000000,-0.0093712897,-0.0102255815,-0.0069576684,0.0023484638,0.0034392587,0.0025163267,0.0000968950,-0.0327427880,0.0118210468,0.0203305014,0.0180059515,0.0002993724,0.0117394637,-0.0011632370,-0.0146244870,0.0194937251,-0.0071863630,-0.0012210199,-0.0075535318,0.0109767885,0.0149329466,0.0084587902,-0.0033368761,-0.0005428045,0.0081678934,0.0150611794,-0.0144076281,0.0028705316,0.0230011587,-0.0118770076,0.0041289536,0.0155181774,0.0150757053,0.0281677702,-0.0046611745,-0.0053632782,-0.0050878271,-0.0058587896,0.0307159096,-0.0088115739,-0.0324003245,-0.0026514729,-0.0049680332,-0.0065780735,-0.0141386820,-0.0277414231,0.0161922977,-0.0019662183,-0.0225675690,0.0276133821,-0.0154870571,0.0071473798,0.0129580486,-0.0154479643,-0.0084976712,-0.0047858999,0.0278773696,0.0261780997,0.0045271434,-0.0252073156,-0.0185030560,-0.0248399135,0.0151370537
245.0000000000,0.0125432936,0.0165240577,0.0038386325,-0.0100413357,0.0018130616,0.0028341850,-0.0038987163,-0.0269792735,0.0034336089,0.0183387952,0.0089844522,-0.0108771766,-0.0188877755,-0.0132108076,-0.0188590023,0.0247535753,-0.0024631233,-0.0069997233,0.0208258628,-0.0130458394,-0.0030002228,0.0257445210,0.0062181141,-0.0016597125,0.0195265982,0.0314873665,-0.0151427830,0.0206976740,0.0316451346,-0.0195541400,0.0170447428,-0.0037814713,-0.0023202820,0.0151947308,-0.0006192673,-0.0096431881,0.0083393218,0.0016583176,-0.0011651653,-0.0008519505,-0.0014529885,-0.0149756136,-0.0136185743,0.0106793886,0.0072974402,-0.0205301183,0.0003595733,-0.0279909260,-0.0230083750,0.0239932901,0.0052418152,-0.0105268032,0.0228459785,-0.0105121212,0.0106077092,0.0049089493,-0.0115596197,0.0115861492,0.0044342756,-0.0089996374,-0.0121582710,0.0028516870,0.0286773268
246.0000000000,-0.0030260912,-0.0054094496,-0.0014692056,-0.0214764010,0.0010789824,-0.0050776609,0.0182426939,-0.0166415635,0.0102107012,0.0110718053,0.0098419871,-0.0209304498,0.0138151497,-0.0083247523,-0.0342559216,0.0100599814,-0.0017472031,0.0135457184,-0.0020204736,0.0235454199,-0.0010080482,0.0160055273,0.0007729981,-0.0113840026,0.0048589371,0.0164620829,-0.0049011627,0.0013928443,0.0280525506,-0.0173834894,0.0057527911,-0.0070866362,-0.0012830800,0.0328889466,-0.0144518171,-0.0297589843,0.0428094255,0.0134610356,-0.0110448828,-0.0188402316,-0.0199345228,-0.0274665397,-0.0020702555,0.0059643343,0.0047998094,-0.0148082255,0.0073453543,-0.0108461225,-0.0070644261,0.0106024046,0.0231495494,0.0109549600,0.0056184693,-0.0135618320,0.0160559241,-0.0139148684,0.0175820888,0.0057332264,0.0330259530,-0.0383051896,-0.0118407433,0.0018735327,0.0350988477
247.0000000000,-0.0078440185,0.0149224028,-0.0108906188,-0.0012639537,0.0024889961,-0.0123464021,-0.0085675572,-0.0207429725,0.0159957559,0.0270162943,0.0036929357,-0.0144783594,-0.0164420251,0.0161867276,-0.0261863600,0.0042706927,-0.0148588589,-0.0005461349,0.0050919568,0.0144116363,-0.0039878237,0.0450914930,0.0038450545,-0.0000186993,-0.0030426347,0.0031049266,-0.0196896508,-0.0050131175,-0.0031939057,-0.0064462301,0.0214068304,0.0377201548,-0.0169710586,0.0122558730,0.0060817860,0.0003148360,0.0371540453,-0.0135263017,-0.0089854603,-0.0204606174,-0.0444152385,-0.0200601613,-0.0213058200,0.0261976866,-0.0098765277,-0.0520859423,0.0161469634,-0.0148799150,-0.0163624197,0.0338608299,0.0177470773,-0.0017575387,0.0223304919,0.0129010413,-0.0032916425,0.0001443288,-0.0086782033,0.0053544326,-0.0149055216,-0.0082336226,-0.0059335844,0.0231770068,0.0140501155
248.0000000000,0.0059726385,-0.0224494985,-0.0000734708,-0.0052525740,-0.0017390468,0.0004720981,-0.0213496290,-0.0137372776,-0.0016752977,-0.0050288481,-0.0107607377,-0.0078341937,-0.0173365801,-0.0027828052,-0.0175344696,-0.0030897492,0.0032287649,0.0015470140,-0.0033204199,0.0261870392,-0.0074157241,0.0045795412,0.0030368022,0.0088998281,-0.0236630456,-0.0010921759,0.0006162849,0.0092384387,0.0032767264,0.0179295821,0.0012570057,-0.0021810677,0.0013141450,-0.0017755294,0.0118595431,0.0003208160,0.0033152645,0.0051992329,-0.0035503610,-0.0211642725,-0.0020662696,-0.0267300172,-0.0075155163,0.0145943158,0.0140547930,-0.0112465352,-0.0074814155,-0.0062490094,-0.0048066177,0.0020422120,0.0009041458,-0.0123507202,0.0169921752,-0.0090063672,-0.0059929202,-0.0196890764,0.0218055262,0.0331695149,-0.0005588061,-0.0097395997,-0.0034552240,-0.0017551260,0.0257043622
249.0000000000,0.0075087944,0.0035280395,0.0041612187,-0.0018013815,0.0170310899,-0.0218967927,-0.0026928312,-0.0323777269,0.0062819562,0.0165454361,0.0089994468,-0.0191663158,-0.0032927309,-0.0156047684,-0.0057873707,-0.0010438086,-0.0139560140,0.0037864759,-0.0021409978,-0.0040129417,-0.0003137827,0.0210525939,0.0055490865,-0.0123870004,-0.0081182912,0.0326243660,-0.0002685497,-0.0031714095,0.0066590654,-0.0264616555,0.0027438283,-0.0091332011,0.0052622649,0.0129087398,-0.0134748772,-0.0058672192,0.0173404864,-0.0179237346,-0.0053511473,-0.0174729778,-0.0135300498,-0.0177724643,-0.0173202454,0.0072680362,0.0089758759,-0.0330501544,0.0097489227,-0.0206830729,-0.0168217971,0.0268704749,0.0003857140,-0.0172189072,0.0167878430,0.0161693263,-0.0047084259,-0.0163090562,-0.0107874678,0.0152238441,0.0082538691,-0.0244690333,0.0033932279,0.0103010929,0.0033718647
250.0000000000,0.0082400786,-0.0139232280,0.0301703424,0.0175156370,0.0006504448,0.0143419918,0.0045334904,-0.0052560782,0.0001710496,-0.0039253060,-0.0007438586,-0.0208990499,-0.0185739434,-0.0042363962,-0.0130390082,0.0047398821,-0.0066199801,0.0014753091,0.0014866598,0.0064775666,0.0032472767,0.0037092564,0.0053182096,0.0239066697,0.0296375278,0.0273212867,-0.0034698301,0.0086699730,-0.0002787098,-0.0082105852,0.0171896818,0.0242050779,-0.0248442834,-0.0016173503,-0.0026999033,0.0182656465,0.0324221981,-0.0218790627,-0.0097289834,-0.0058849729,0.0011226121,-0.0029609920,-0.0146456201,0.0039320130,0.0139246554,-0.0000954510,-0.0069310614,0.0078758415,-0.0113861268,0.0171615721,-0.0017899216,-0.0213804298,0.0261473821,0.0189958208,-0.0096758441,0.0035841219,0.0094297466,-0.0061817619,-0.0178500517,-0.0093241956,-0.0135954228,0.0194850570,0.0003908580
251.0000000000,-0.0081930340,-0.0160447946,0.0214783242,-0.0150100444,0.0065416915,0.0296211731,-0.0077319165,-0.0103739309,0.0064317944,-0.0055956278,0.0092903311,-0.0087678140,-0.0120880990,0.0044008051,-0.0101793139,-0.0070416589,-0.0184430315,0.0068581628,0.0110562089,0.0172487970,0.0065719341,0.0062828324,-0.0153603531,-0.0027593456,0.0001315325,0.0295457332,-0.0032537510,0.0192637653,0.0200404389,-0.0087603756,0.0101473085,0.0150511462,-0.0001583284,0.0028484290,-0.0120139764,-0.0055924795,0.0243223619,-0.0091981754,0.0002731886,-0.0202270976,-0.0170149469,-0.0105556069,0.0060383549,0.0086918015,-0.0061787253,-0.0029669245,0.0147115326,-0.0002584935,-0.0061363790,0.0172107325,0.0135617784,-0.0043815439,0.0106182406,0.0018131832,0.0070316106,-0.0150119106,-0.0058877580,0.0183514461,-0.0093492876,0.0199937078,-0.0091589236,0.0201534481,0.0179660830
252.0000000000,-0.0010800092,-0.0128510257,0.0057353739,0.0083930404,0.0177921817,0.0016525714,-0.0160119548,-0.0032770399,0.0205096214,0.0024470549,0.0021383346,-0.0106643748,-0.0071433164,0.0069971142,-0.0166751546,-0.0089446592,0.0196802942,-0.0117712020,-0.0130545149,0.0214082342,0.0214857387,0.0102196620,0.0058609620,-0.0026031796,-0.0051667813,0.0102654342,-0.0064324608,0.0107798890,-0.0107412878,0.0056165423,-0.0096220413,-0.0049153550,-0.0012277177,0.0111151118,-0.0109197997,-0.0102652054,-0.0043543190,0.0033360663,-0.0050137175,-0.0172574465,-0.0219905350,-0.0056035863,-0.0205594485,0.0142686390,-0.0021808329,0.0025521080,0.0028919853,-0.0289326634,-0.0172090030,-0.0013515762,-0.0065387236,0.0003472857,0.0079009291,0.0121965561,0.0006996474,0.0006836716,0.0037139526,-0.0004718080,-0.0133032002,0.0005729107,-0.0219342728,-0.0040924491,-0.0000514984
253.0000000000,0.0112836306,0.0001940064,0.0073595332,-0.0043479985,0.0072066660,0.0019821323,-0.0095131409,-0.0413459236,-0.0018502557,0.0018658830,0.0177283556,-0.0094020754,-0.0047139408,0.0184060358,-0.0054762745,0.0260386566,0.0141401159,0.0072624053,-0.0022737642,-0.0111205521,0.0039431354,0.0056089179,0.0109145976,-0.0091673736,-0.0159414756,0.0197487521,-0.0037159037,-0.0110670181,-0.0052817969,0.0060008530,0.0234348344,0.0095252252,0.0029531612,0.0003105803,0.0009648000,0.0031123552,0.0141705376,-0.0075571285,0.0115005616,-0.0087531843,-0.0044874237,0.0037232001,0.0143604150,0.0011999834,0.0092695037,-0.0305616449,0.0045611242,-0.0082831561,-0.0054062363,-0.0029302287,-0.0277118580,-0.0098334162,0.0151659055,-0.0052391888,0.0015032061,-0.0117032634,0.0026835448,0.0018800925,0.0051864872,-0.0083228664,-0.0276153047,0.0210255193,-0.0007108535
254.0000000000,-0.0129042451,0.0019100346,0.0085047559,-0.0156325525,-0.0134607696,0.0060724732,0.0086170764,-0.0302846820,0.0078157649,0.0233570471,-0.0017974726,-0.0009901615,-0.0062997334,0.0023474194,-0.0309935947,0.0104447813,-0.0106479464,-0.0019996800,0.0095919425,0.0078010914,-0.0179017629,0.0480694258,-0.0029517302,-0.0077884819,0.0053387893,0.0123513651,-0.0184746310,-0.0047987559,-0.0016569765,0.0056019451,-0.0012090194,0.0282998646,-0.0170760108,-0.0085326790,0.0048593181,-0.0275644582,0.0446227327,-0.0019754885,0.0243203676,-0.0236705080,-0.0102720678,-0.0283225065,0.0102696948,0.0294318779,-0.0008281499,-0.0190436303,0.0080843550,-0.0098745435,-0.0200360886,0.0202190406,0.0307044333,0.0192041851,0.0367803295,0.0047257119,0.0096552250,0.0232319218,-0.0035766166,0.0125762565,-0.0068872283,0.0162816254,-0.0025801541,-0.0047020695,0.0006621951
255.0000000000,0.0035442750,0.0000114254,0.0025841746,0.0008824742,-0.0142501978,0.0011715816,-0.0207953722,-0.0334473714,0.0049485805,0.0136637830,0.0246426573,0.0035724033,0.0103963462,-0.0028196331,-0.0320510765,-0.0120726645,-0.0117525354,-0.0218802710,0.0003165964,0.0164479978,-0.0060634071,0.0224847413,0.0215471912,-0.0133670283,0.0054253014,0.0049931166,0.0029061810,-0.0052420106,0.0051366840,0.0165202542,0.0014752683,0.0091661021,-0.0075488182,0.0149440240,0.0220303301,-0.0014975491,-0.0011028452,-0.0234856301,-0.0063798720,-0.0220991965,-0.0001599093,-0.0118150225,-0.0131378209,0.0072946536,-0.0111550768,-0.0102395602,0.0149717552,-0.0059795817,-0.0079268216,0.0060679941,0.0385984239,0.0017761181,-0.0014435375,0.0160274416,0.0166050749,0.0055482929,-0.0010385456,0.0047495741,-0.0063382306,0.0024117817,-0.0036089576,0.0051297002,0.0054530013
256.0000000000,0.0050982312,-0.0116511711,0.0079545478,-0.0251107619,0.0060238322,0.0127528803,-0.0073830223,-0.0459172669,0.0182429116,0.0289319619,0.0225912561,-0.0061942972,-0.0179499674,-0.0201200978,-0.0359914962,-0.0060293654,0.0021435261,-0.0100853824,0.0148611708,0.0229475051,0.0096424301,0.0399683740,0.0336293909,0.0034984016,-0.0133644465,0.0193934027,0.0083620310,0.0156508824,0.0037402051,-0.0188702647,-0.0013518982,0.0228742134,-0.0074632414,0.0141271468,0.0074812367,-0.0217120464,0.0488057000,-0.0044605126,0.0162107191,-0.0065746891,-0.0253324211,-0.0319408416,0.0009888301,0.0436425208,-0.0096196152,-0.0126774641,-0.0110105525,-0.0266441421,-0.0107944466,0.0241321690,0.0034743029,0.0194383318,0.0376367446,-0.0031426143,-0.0141370597,-0.0060379202,0.0287387796,0.0144966125,-0.0024884029,-0.0098477627,-0.0152023444,0.0204452481,0.0254400682
257.0000000000,0.0108759965,0.0191765281,-0.0102907684,0.0034866147,0.0137024782,0.0022279651,0.0281748827,-0.0349399784,-0.0001700659,0.0191424298,0.0118611629,-0.0164643944,-0.0091022193,0.0076506811,-0.0220187784,0.0242764566,-0.0336531628,-0.0050414963,-0.0082590454,-0.0066933964,0.0109118451,0.0217127753,-0.0094057797,-0.0094137787,0.0327390589,0.0523154796,-0.0078191927,0.0058448865,-0.0020841647,0.0157191722,0.0146736818,0.0107360826,0.0161324725,0.0185438875,0.0057665636,-0.0165519016,-0.0049236325,-0.0049158435,0.0085739638,-0.0046620057,-0.0272250738,-0.0258687828,-0.0114341248,0.0166992581,0.0075629653,-0.0293931544,0.0090617815,0.0044821020,-0.0274537731,0.0082855687,0.0121952452,0.0010547876,-0.0087076874,0.0147880262,0.0041469834,0.0090847541,0.0272087558,0.0111444996,0.0111560161,-0.0027695804,0.0130265397,0.0254228806,0.0290848628
258.0000000000,0.0096491253,0.0311388483,0.0172452722,-0.0052947644,0.0093245531,0.0227495254,-0.0085640852,-0.0240609918,0.0080577144,-0.0019937855,0.0288268598,0.0204020509,-0.0056549232,-0.0078218083,-0.0023675558,0.0068626463,0.0042044804,-0.0107404997,-0.0090854468,0.0067814484,-0.0097591011,0.0060340809,0.0041109812,0.0074852037,0.0076699949,0.0318444492,-0.0458871304,0.0072713220,0.0150806081,0.0009136258,0.0322830831,0.0149727707,0.0130725434,0.0149588144,-0.0261856539,-0.0114443846,0.0397449866,-0.0331765962,0.0214380523,0.0295122680,-0.0055463941,-0.0279114833,-0.0176957342,0.0186211783,0.0229339351,-0.0324488270,0.0251578668,0.0108682043,0.0024138138,0.0261885087,-0.0037822459,-0.0107712012,0.0324467066,0.0058220169,-0.0099267837,-0.0087287092,0.0212087569,0.0253265585,-0.0155056163,-0.0000107319,-0.0169732794,-0.0093315063,0.0115562710
259.0000000000,0.0057759102,0.0207669328,0.0186496368,-0.0112289722,-0.0006271206,0.0043132020,-0.0046371601,-0.0165637098,-0.0012896149,0.0207331658,0.0288681849,-0.0342613231,0.0163557357,-0.0003745036,-0.0220723068,0.0112057476,-0.0124560251,0.0236066611,-0.0079741008,0.0042885419,0.0038825048,0.0258134994,0.0136924027,0.0066001852,0.0016931361,0.0118045759,-0.0068604241,0.0049364853,-0.0060224864,0.0074400381,0.0100192915,0.0088344518,0.0048057717,0.0194157423,-0.0040097626,-0.0121048155,0.0257239756,0.0192856958,0.0121330511,0.0017352363,-0.0046411121,-0.0234329252,-0.0039192326,-0.0108161543,0.0328215534,-0.0179791302,0.0135655878,0.0090128807,0.0100465437,0.0134354881,-0.0109714731,0.0067005981,0.0204692139,0.0076835334,-0.0059168067,0.0174770091,-0.0052996746,-0.0008797055,-0.0081904962,0.0067281138,-0.0194424374,-0.0054932596,-0.0052119267
260.0000000000,0.0270273653,-0.0299399783,-0.0023649847,-0.0066194990,0.0003248990,0.0065448121,-0.0108103928,-0.0332153358,0.0089565944,0.0158464697,-0.0063268392,-0.0103687021,-0.0305083339,0.0094820977,-0.0422549195,-0.0024830337,-0.0070116308,-0.0161740490,-0.0049535529,0.0312717495,0.0049219388,0.0216605268,0.0159931106,0.0134087394,0.0109252455,0.0292326565,0.0075669035,-0.0053888549,0.0125051954,-0.0086569543,0.0359809523,0.0086755690,0.0120535607,0.0187585096,-0.0097874277,-0.0223993216,0.0134467020,-0.0086462941,0.0034795450,0.0063629144,-0.0219685507,-0.0143074887,-0.0143952434,0.0251468093,0.0112414943,-0.0371967121,0.0212367871,-0.0215290858,-0.0054131486,0.0405858234,0.0105084036,0.0071648123,0.0246801004,-0.0110609594,0.0056759855,-0.0218730713,0.0067980098,0.0075882895,0.0041620022,-0.0065718218,-0.0081684015,-0.0039513432,0.0216862790
261.0000000000,0.0134739999,-0.0198110848,-0.0093779015,-0.0144249683,-0.0169471218,-0.0005674043,0.0127755104,-0.0357569653,0.0169032257,-0.0147465781,-0.0008264126,-0.0141414939,-0.0092629695,-0.0224247425,-0.0125827537,-0.0096497909,-0.0014416784,-0.0162300458,-0.0086776841,0.0386014417,-0.0052225373,0.0282351642,0.0126793424,0.0057241005,0.0275334802,0.0078256824,-0.0010433091,0.0013552075,0.0039944318,-0.0162737513,0.0016951752,0.0254038693,0.0114738191,0.0176017680,0.0100371554,0.0024629451,0.0239687850,-0.0050410068,-0.0247191870,0.0090842359,-0.0241245382,0.0024050962,0.0002856527,0.0038786873,0.0069281039,-0.0204183801,0.0091089649,-0.0072414812,-0.0019749663,0.0263622372,0.0070775763,0.0112148482,0.0316536701,-0.0290355636,0.0038166331,-0.0177052266,-0.0131258625,0.0053524505,-0.0138939300,-0.0271964537,-0.0070736176,0.0124460593,0.0134602233
262.0000000000,0.0072331150,0.0021711343,-0.0013741826,-0.0257388005,0.0135278908,-0.0015509298,0.0185713196,-0.0052026527,0.0189663303,0.0040855915,-0.0077786386,-0.0245753427,-0.0013953116,-0.0098450843,-0.0217310748,0.0180953527,-0.0205736614,-0.0283992984,-0.0054009473,0.0170324870,-0.0016119499,0.0173832659,0.0069613138,-0.0336905244,-0.0127487879,0.0428332603,-0.0074499086,-0.0081685712,-0.0094729516,-0.0012558191,0.0162673460,0.0212959499,-0.0011920150,-0.0014257320,0.0136268500,-0.0065321897,0.0253688250,0.0124731786,-0.0013443071,0.0040187552,-0.0200151780,-0.0254656954,0.0209531500,0.0249587674,0.0063717769,-0.0132658393,0.0020902349,-0.0036324058,-0.0027398465,-0.0081612873,0.0026666555,0.0050375733,0.0274750050,0.0087065578,0.0105259746,-0.0033164621,0.0061671650,0.0094012212,-0.0102931800,-0.0072311322,-0.0213403399,-0.0048941417,0.0136376515
263.0000000000,0.0028468882,-0.0000867502,0.0011796740,-0.0367209721,-0.0038234010,0.0145553950,-0.0029065144,-0.0237894432,0.0052112522,0.0286432269,0.0024383314,-0.0034069622,-0.0321386855,0.0110690334,-0.0613795178,0.0026172136,-0.0142331825,-0.0208823199,-0.0038062215,0.0142888064,-0.0025374535,0.0372977179,-0.0029773924,0.0091148137,0.0198844795,0.0310589839,-0.0118659893,-0.0059724244,-0.0002182876,-0.0143547431,0.0223284827,0.0292150172,0.0102761339,0.0091790771,0.0181137930,-0.0189212338,0.0357175667,-0.0120027568,-0.0121870203,0.0079792619,-0.0229336716,-0.0337915033,-0.0367504199,0.0056131397,0.0233997346,-0.0332389722,0.0200582619,-0.0348446435,-0.0388725248,0.0100116034,0.0139037861,-0.0040421619,0.0446555727,-0.0080927780,-0.0160731799,0.0108059603,0.0146587675,0.0127819141,0.0036271253,-0.0221566783,-0.0396499815,0.0064310682,0.0093797064
264.0000000000,0.0030974921,0.0080353396,0.0188620305,-0.0093174020,-0.0272429961,0.0047148763,0.0129191675,-0.0055062576,0.0090257746,0.0221255434,-0.0099693248,-0.0301308198,0.0029824974,0.0169549109,-0.0233198773,-0.0092075467,0.0104522871,-0.0098761721,-0.0083422931,-0.0169886081,-0.0353855995,0.0265700755,0.0251060435,-0.0116768603,-0.0006712656,0.0105155197,-0.0251779839,0.0206244554,-0.0031522387,-0.0082988900,0.0017323127,-0.0050948843,0.0023514435,0.0007341117,0.0099388766,-0.0206236601,0.0157744249,0.0073225006,-0.0097181311,0.0019013035,-0.0246003540,-0.0061487354,-0.0124784989,0.0126209183,-0.0139776114,-0.0157663069,-0.0074773062,-0.0171564339,-0.0077495936,0.0089034622,-0.0020244026,0.0038828108,0.0047640066,0.0146878236,-0.0130033096,0.0090335861,-0.0076080737,-0.0012648492,0.0108224268,-0.0153939442,-0.0226394834,0.0057943334,0.0179541319
265.0000000000,-0.0198049552,-0.0192054978,0.0065167033,-0.0037844157,-0.0023179110,-0.0015062055,0.0130734919,-0.0392730061,0.0116165625,-0.0014167508,0.0150228890,-0.0021286949,-0.0344960469,0.0175816459,-0.0014844050,0.0306328022,0.0058995952,0.0068960252,0.0098738748,0.0037717549,0.0053160884,0.0350561805,-0.0032710395,-0.0155424796,0.0014503380,0.0342436129,-0.0321259167,0.0134198835,0.0250956022,-0.0002811914,0.0006585323,0.0221366668,-0.0026670183,0.0258657498,-0.0058555602,-0.0025674056,0.0444617095,-0.0136735925,-0.0254478719,-0.0116874861,0.0064945827,-0.0057510610,0.0033868945,0.0150187440,0.0018946557,-0.0118658798,0.0206539438,-0.0141806380,-0.0234412895,0.0334129523,0.0318410455,0.0187217753,0.0461922840,0.0132319832,0.0192091750,-0.0148202666,0.0293101907,0.0150276832,0.0034904149,-0.0272238734,-0.0260892776,-0.0280824058,0.0101464067
266.0000000000,0.0046198387,-0.0106700771,0.0040195482,-0.0192006641,-0.0085420403,0.0148101176,0.0193493033,-0.0174139265,0.0045825788,0.0022457381,0.0167243336,-0.0003671145,-0.0240304852,0.0017843707,-0.0387421645,0.0037007900,-0.0046706156,0.0009304399,-0.0248243832,-0.0061527582,-0.0133797681,0.0219339737,-0.0026911598,-0.0036601539,0.0238540970,0.0098247966,-0.0099830417,-0.0083592531,0.0077488702,0.0093917938,0.0048035978,0.0152276354,-0.0083578497,-0.0041941764,0.0135088481,-0.0026546396,0.0210725255,-0.0288596964,-0.0149933544,0.0018106008,-0.0101488126,-0.0032281720,-0.0245507911,-0.0037043446,0.0085068415,-0.0216265102,0.0120949335,-0.0088310956,-0.0338315241,0.0176788141,0.0157319866,-0.0057973290,0.0089592129,0.0259380175,0.0245146824,-0.0132991718,0.0175839195,-0.0008682117,-0.0036324882,-0.0101122338,-0.0121203422,-0.0248945677,0.0105776816
267.0000000000,0.0154320716,0.0029427265,0.0133906809,-0.0299366615,-0.0117042558,0.0096021292,-0.0175785244,-0.0235457652,-0.0070672439,0.0138656469,0.0100455094,0.0038777349,0.0140550893,0.0003308047,0.0096265283,0.0012902356,-0.0004089586,-0.0076851686,0.0130968785,0.0285404660,-0.0065532044,0.0253030902,0.0151715245,0.0065979428,0.0280584945,0.0112783529,-0.0123847394,0.0019162896,0.0142198218,-0.0041333603,0.0123132573,0.0265908949,-0.0062022394,0.0166734055,-0.0041692918,-0.0292876265,0.0365247410,-0.0205105432,0.0045197831,-0.0083324686,-0.0331222005,-0.0369117868,0.0188882287,0.0139965689,0.0210393405,-0.0068658305,0.0294486840,-0.0113908274,-0.0442155251,-0.0088452675,0.0174773165,0.0102977464,0.0254267691,-0.0111290616,-0.0123750218,-0.0183264211,0.0045903681,0.0173714473,0.0046144017,-0.0203231023,0.0077546723,0.0120113445,0.0062659609
268.0000000000,0.0168455995,0.0059373315,0.0004416018,-0.0195398267,-0.0070187406,0.0016196389,-0.0016902001,-0.0452875967,-0.0048392313,0.0318148055,0.0073906245,-0.0234731659,-0.0169233832,-0.0052859137,-0.0242148071,0.0156307921,-0.0122080467,-0.0259626406,-0.0014159449,-0.0043341124,-0.0048814355,0.0245198317,0.0038135189,-0.0272590960,-0.0203635764,0.0379494354,0.0117674928,-0.0174183188,0.0137239144,-0.0304893904,0.0095632963,0.0108706310,0.0051782027,0.0231183609,-0.0006499931,-0.0158500652,0.0255271703,-0.0110257914,0.0061622496,-0.0154982666,-0.0098620293,-0.0134148923,-0.0168747301,0.0090407933,0.0167105562,-0.0374777183,0.0094773788,-0.0192089702,-0.0340273995,0.0179441259,0.0269012343,-0.0050986354,0.0465525068,0.0075184517,0.0183404175,-0.0142072292,0.0212962013,-0.0022996039,-0.0345798086,-0.0226926062,-0.0168420362,0.0150296393,0.0110587182
269.0000000000,0.0005692472,-0.0160942978,-0.0045037481,-0.0269213674,-0.0027997326,0.0084693745,0.0084876815,-0.0177445517,0.0124153632,0.0061536078,0.0010789869,-0.0201125378,-0.0073641570,-0.0111911119,-0.0117537331,-0.0057107904,-0.0179226912,-0.0223083143,-0.0203996443,-0.0131881676,-0.0064903258,0.0314540089,0.0367979543,0.0076302501,0.0203160961,0.0070711123,0.0186416866,-0.0055224495,-0.0112990248,-0.0038469577,-0.0060884676,-0.0074049367,-0.0000430776,0.0125369140,-0.0168555271,-0.0125730201,0.0336882735,-0.0023441648,-0.0024174248,-0.0007490797,-0.0183677604,-0.0069259944,0.0123748220,0.0160947295,-0.0182858292,-0.0018631767,0.0102497320,-0.0089969136,-0.0255105441,0.0235598463,0.0296745154,0.0096033702,0.0233909361,-0.0041295042,-0.0033076777,-0.0000346005,-0.0018016920,0.0102904394,0.0122476857,-0.0128949644,-0.0070596273,-0.0056217621,0.0279850240
270.0000000000,-0.0059413295,-0.0015972249,-0.0059458282,-0.0187586166,0.0089933360,0.0220096709,-0.0044008638,-0.0480482352,0.0000909396,0.0133817336,0.0099696428,-0.0147683522,-0.0209162128,0.0157103708,-0.0326201999,0.0010141055,0.0060951032,-0.0077351305,-0.0007996879,0.0083787527,-0.0133554536,0.0294787567,0.0238840666,-0.0071886206,0.0187504016,0.0237231710,-0.0106711358,0.0109098066,0.0258040920,-0.0082239081,0.0161018172,0.0074121276,-0.0061678382,-0.0030411570,-0.0109157807,-0.0233476659,0.0339247797,0.0030133645,0.0025874368,0.0023025943,-0.0124543552,-0.0350187003,-0.0160747382,0.0298317030,0.0053949543,-0.0275997126,0.0260503486,-0.0126411833,-0.0304564198,0.0290383931,0.0255325918,-0.0029134695,0.0407084013,-0.0028338171,-0.0018030304,-0.0051228692,0.0175436952,0.0012499114,-0.0144380781,0.0174327929,-0.0367265419,0.0125753463,0.0105554988
271.0000000000,0.0195548088,0.0135478482,0.0026629519,-0.0189279695,0.0025826792,0.0067408790,0.0201714671,-0.0104670641,0.0178824438,0.0062259949,0.0061749471,0.0049667755,-0.0105317992,0.0129949522,-0.0305262003,0.0038978747,-0.0011553446,-0.0076450253,0.0188219076,-0.0060394664,-0.0102005692,0.0078472639,0.0110906509,-0.0132706024,0.0070305400,0.0241602011,-0.0113007648,0.0061506047,-0.0074132743,-0.0061588942,0.0087055983,0.0060823192,0.0023526867,0.0203421374,-0.0012666235,-0.0095630900,0.0013817971,-0.0064499728,0.0002580665,0.0089292944,-0.0115385092,-0.0112034401,-0.0140962647,0.0168004655,0.0106128057,-0.0288480069,0.0130583004,-0.0073958739,-0.0043406833,0.0199702259,0.0081697811,-0.0089542264,0.0170235390,0.0136786786,-0.0041583782,-0.0015378686,0.0211322879,0.0262836083,-0.0077619027,-0.0132123753,-0.0176372605,0.0106477914,0.0025001556
272.0000000000,0.0116839365,0.0187040830,-0.0203523171,-0.0043010587,-0.0042840626,0.0109335610,-0.0101180025,-0.0134856149,-0.0130066806,0.0101136606,0.0118456154,-0.0201320772,-0.0179964432,0.0154979614,-0.0195773087,-0.0123928117,-0.0073427398,-0.0259955374,-0.0143106914,0.0116117821,0.0067615409,0.0157849290,0.0154263977,0.0014981051,-0.0106602141,0.0149810127,0.0163459659,0.0130825536,0.0177641408,0.0062276221,0.0103609105,0.0110321576,0.0057625554,0.0378568976,-0.0019903343,0.0093828100,0.0231560491,0.0090129690,0.0069200503,-0.0010737781,-0.0226746201,-0.0191952497,-0.0052409927,0.0204740602,0.0177334142,-0.0252070180,0.0081584381,-0.0335708736,-0.0155944521,0.0239236489,-0.0062557932,0.0029083569,-0.0034744020,0.0023007400,-0.0297913663,0.0072662034,0.0060167587,0.0006465397,0.0244052686,-0.0109963643,-0.0140070981,-0.0119637283,0.0133199790
273.0000000000,0.0003203148,0.0118903921,0.0130254399,-0.0065112558,0.0013939733,-0.0124742182,0.0041781325,-0.0285888377,0.0085423309,0.0119715967,0.0085693587,0.0102123065,-0.0086403478,0.0089099433,-0.0048168627,0.0218292537,0.0038197607,-0.0114843198,0.0097666055,0.0052776492,0.0045353260,0.0471872503,0.0204694168,-0.0012446969,-0.0158993201,0.0371529073,0.0000104322,-0.0128180346,0.0118325347,0.0048443518,0.0266223073,0.0148250802,-0.0125834158,0.0051279332,0.0233885463,-0.0033543912,0.0235650130,-0.0172260405,0.0036539863,-0.0115112213,-0.0177257225,-0.0026193436,-0.0122766313,0.0030087952,-0.0064067356,-0.0110304450,0.0102848567,0.0117506942,-0.0265871458,0.0135876797,0.0229467441,0.0059856845,0.0145320501,-0.0134261777,-0.0135629474,-0.0080396183,-0.0016242206,0.0032350135,-0.0029326265,-0.0141936310,-0.0034016020,0.0175280834,0.0104784085
274.0000000000,0.0103458540,-0.0025255371,0.0125537463,-0.0126067395,-0.0120909486,0.0025582002,-0.0073967236,-0.0079948899,0.0039949579,0.0294332156,0.0196886783,0.0030461384,0.0005179930,-0.0020068642,-0.0069442465,0.0073524341,-0.0182325412,-0.0087180067,-0.0269422808,0.0319913465,-0.0056679298,0.0286057575,0.0055003308,-0.0105064293,-0.0115121614,0.0352051386,0.0062063167,-0.0180015601,0.0289582601,0.0063343566,-0.0011875187,0.0154892424,0.0022966800,0.0209913621,-0.0018667889,-0.0284494787,0.0306523559,0.0136774759,0.0041143024,-0.0067656243,-0.0066041983,-0.0107686793,-0.0013597080,0.0130563014,0.0106593421,-0.0200559098,-0.0015897768,-0.0270711791,-0.0090777386,0.0130688290,0.0130967507,0.0007983629,0.0169938697,0.0101649440,-0.0104338926,-0.0095161472,0.0075348352,0.0371859429,-0.0083487311,-0.0027954829,-0.0328195070,-0.0081627695,0.0240918708
275.0000000000,0.0006063943,0.0010836012,-0.0009699845,-0.0119610185,-0.0101776468,-0.0012514945,-0.0026069380,-0.0392559869,-0.0095932067,0.0043159781,0.0017892587,0.0075173642,-0.0118380294,0.0121540012,-0.0134837300,0.0162477796,-0.0034668917,-0.0186011051,-0.0067925630,-0.0011468550,-0.0032626012,0.0226499999,0.0177888699,0.0080318270,-0.0029589284,0.0259750185,0.0076684702,0.0116778186,-0.0153187187,-0.0101207864,0.0037954126,0.0082823290,0.0005175893,0.0172797488,-0.0146456683,-0.0163131242,0.0196687970,-0.0187163732,-0.0285171519,-0.0032593427,-0.0053939926,-0.0165440755,0.0003227026,0.0070781071,0.0098703541,-0.0203012437,0.0089331362,-0.0146432778,-0.0301549657,0.0167590003,0.0024246185,0.0018862370,0.0208894715,-0.0153015699,-0.0046139204,-0.0080683677,-0.0056799149,0.0309916557,0.0024102396,-0.0280215396,-0.0146871383,-0.0070031061,0.0124434587
276.0000000000,-0.0019961923,-0.0023657988,0.0090352225,-0.0114765896,0.0033165429,-0.0026516168,0.0083546837,-0.0178401179,0.0086587591,-0.0015146525,-0.0037175453,-0.0037957798,-0.0207766137,-0.0017296640,0.0128429057,0.0049237746,-0.0025807852,-0.0165964570,0.0110522431,0.0043282467,0.0128085901,0.0089554642,-0.0141662590,-0.0006149248,0.0337657289,0.0054208646,-0.0036029723,0.0033795608,0.0164401619,0.0067153999,-0.0101535220,-0.0065343558,-0.0038096665,0.0044240908,-0.0238131113,-0.0084913734,-0.0115588454,0.0006587670,0.0048221760,-0.0059923196,-0.0140922513,-0.0055831235,0.0122105139,-0.0203232280,-0.0023124241,-0.0103532841,0.0161487763,-0.0161630576,0.0148119814,0.0172474794,0.0040082898,0.0278148118,-0.0020044490,0.0002875482,-0.0116263312,0.0220968744,-0.0057946064,0.0066542056,0.0197809515,0.0148888034,-0.0167333266,-0.0051917720,-0.0015376061
277.0000000000,0.0022590673,-0.0186630928,-0.0022449838,0.0102387479,-0.0026611407,-0.0133939255,0.0174380375,-0.0058745615,-0.0147308490,0.0062552237,0.0095845923,0.0100572803,-0.0033853557,-0.0020528336,-0.0128188090,-0.0100855478,-0.0206590037,-0.0099627266,0.0069644977,0.0180311650,-0.0109134233,0.0149289275,0.0193265886,0.0127297183,-0.0187894483,0.0239418628,-0.0022379254,0.0071369037,-0.0024839992,-0.0022016735,0.0166828611,0.0121462939,0.0111951152,-0.0090684408,-0.0027987524,-0.0181791899,0.0131256456,-0.0182986464,0.0013026584,0.0070022176,-0.0169434442,-0.0116105924,-0.0011799671,0.0211143044,0.0076534711,-0.0130087170,0.0081634201,-0.0166907104,0.0095150958,0.0367926790,-0.0010024653,0.0118212411,0.0055772665,-0.0132475673,-0.0120805901,-0.0086302215,0.0013310665,-0.0057644541,-0.0122636424,-0.0072600299,-0.0220224080,0.0187868510,0.0028859916
278.0000000000,0.0105767623,0.0070583448,0.0033766276,-0.0001202725,-0.0125704260,0.0205420586,0.0185493539,-0.0353147668,0.0105834422,0.0084013538,0.0093436415,-0.0196596281,-0.0183254428,0.0108074937,-0.0191836620,-0.0000785063,0.0102092274,-0.0102959692,-0.0061336385,0.0119875209,0.0062965383,0.0251727457,-0.0016595976,-0.0094571396,-0.0036300088,0.0378594194,0.0073138283,-0.0124737710,-0.0014851394,-0.0206898296,-0.0144815237,0.0089560027,0.0012645915,-0.0022667203,0.0034196932,-0.0237145431,0.0145589041,0.0030450810,-0.0064414721,0.0122020008,-0.0231538334,-0.0146937720,-0.0095012700,0.0240562961,0.0114997525,-0.0191288448,-0.0119625126,-0.0020481433,-0.0208764447,0.0382595195,0.0144216221,0.0004382037,0.0068527877,-0.0161722451,-0.0042916462,0.0036908902,0.0116618021,0.0243070228,-0.0064820530,-0.0101984636,-0.0275201834,-0.0021036997,0.0166811302
279.0000000000,-0.0151003096,-0.0016804639,-0.0147904371,-0.0196633755,-0.0100654985,0.0026439894,0.0049738771,-0.0322848666,0.0027541623,0.0240719644,0.0258472194,-0.0242522850,-0.0374709264,-0.0280819539,-0.0117281116,0.0102405998,-0.0064824309,0.0054420663,-0.0018075178,0.0015316618,-0.0119266050,0.0029161310,0.0202817039,-0.0003236893,0.0126438291,0.0318873161,0.0009250558,-0.0057862272,-0.0130586588,-0.0191773764,-0.0113767926,0.0133544801,0.0155339077,0.0065257448,-0.0132409497,0.0015417263,0.0131320512,-0.0177212269,0.0064342570,-0.0032712187,-0.0270972626,-0.0225676049,-0.0082257071,0.0184098432,0.0087375802,0.0080695646,0.0263997884,-0.0034701906,-0.0135505858,0.0159737918,0.0163629281,0.0014811196,0.0216219924,-0.0064187363,-0.0194566875,-0.0274849660,0.0125231944,0.0107976464,0.0163973096,0.0263104180,-0.0217863960,-0.0089832683,0.0081623285
280.0000000000,0.0064374197,0.0013546506,-0.0124113428,-0.0075077698,-0.0088130237,0.0090066236,0.0030855773,-0.0042953716,-0.0341539559,-0.0029867000,0.0121830104,-0.0059520178,-0.0048675434,-0.0014782654,-0.0143449047,0.0182529803,-0.0011342539,-0.0225870085,0.0186109639,0.0091475027,-0.0086315700,0.0232710830,0.0007530875,0.0047405496,0.0016797319,0.0236669148,-0.0186209787,0.0201787655,-0.0002018762,-0.0054403279,0.0109513653,0.0140257712,0.0291524601,0.0278016503,0.0035573484,-0.0167197454,0.0328014632,-0.0104263509,-0.0105484795,-0.0072524738,-0.0193356683,-0.0141151688,-0.0106199788,0.0087871908,0.0001636247,0.0014124014,0.0020278960,-0.0312351630,-0.0096701802,0.0302296492,0.0186889852,0.0029244605,0.0325323343,-0.0121500043,0.0164698892,-0.0068753645,0.0025546935,0.0325396406,0.0138754013,0.0059170455,0.0010819307,0.0097155633,0.0201880121
281.0000000000,-0.0008982170,0.0033456552,0.0094050098,0.0049300954,-0.0075907741,-0.0038298255,0.0139144470,-0.0484295412,0.0042414377,0.0231864503,-0.0102523073,-0.0123696883,-0.0411208032,-0.0114883469,-0.0085556506,0.0086891622,-0.0130323965,-0.0051881084,0.0039973125,0.0164218254,0.0126356573,0.0132726512,0.0027806669,-0.0153031640,0.0049752873,0.0042527294,-0.0052283571,-0.0044685528,-0.0241686225,-0.0214852491,0.0330315460,0.0406735022,0.0152896763,0.0120521590,0.0009268433,0.0052833695,0.0346396413,-0.0323728424,-0.0148674909,-0.0198887881,-0.0224060640,-0.0327964079,0.0032434967,0.0121823365,-0.0067630728,-0.0350664200,0.0207534006,-0.0240339221,-0.0147792394,0.0347706071,0.0093554631,0.0140748987,0.0229902368,-0.0129909701,-0.0044118320,-0.0124067051,0.0305539691,0.0130884039,0.0068687366,-0.0101352279,-0.0093588951,-0.0242274366,0.0074226104
282.0000000000,0.0022441336,0.0122351056,0.0072310865,0.0021325464,-0.0077527473,-0.0133043043,0.0121406739,-0.0105806989,0.0145639124,0.0252490413,0.0061461944,0.0122219103,-0.0055387134,0.0088557027,0.0035739490,0.0133759830,0.0012871188,0.0047275620,0.0137376601,0.0117179771,-0.0012454075,0.0115649461,-0.0083328634,-0.0013082917,-0.0165106507,0.0139022062,0.0009786065,0.0017701586,-0.0029425655,-0.0093431524,0.0006307642,0.0132850386,0.0070849796,0.0134013944,0.0073223811,-0.0171924482,0.0142710881,0.0035829633,-0.0035459866,0.0052648429,0.0191355584,0.0010500454,-0.0172482249,-0.0084174371,0.0007792478,-0.0141795848,0.0094001519,0.0007355325,-0.0161136502,0.0104415617,-0.0013099265,-0.0171251476,0.0068740621,-0.0034737491,-0.0123221480,0.0182127056,-0.0010185691,0.0099287100,0.0014474995,0.0156642517,-0.0185379651,0.0080926456,0.0275517168
283.0000000000,0.0142859652,-0.0213577398,-0.0048724051,-0.0235787648,0.0081466240,0.0143620071,-0.0126389074,-0.0283328784,-0.0296102279,0.0273677934,-0.0057200911,-0.0073287109,-0.0068046154,0.0309424495,-0.0216500151,0.0055430913,-0.0028275905,0.0096468367,-0.0035650128,0.0142703102,-0.0072138829,0.0128304175,0.0093438964,0.0021851359,0.0185501359,0.0334674015,0.0004348101,-0.0103183993,-0.0000722142,-0.0336283091,0.0014297457,0.0024726726,-0.0011573999,0.0134854822,0.0080192323,-0.0357082816,0.0307154505,-0.0239892656,-0.0129019285,-0.0082213105,-0.0189645634,-0.0117166263,-0.0099408827,0.0118617102,0.0149393855,-0.0235275683,0.0069215384,0.0074675212,-0.0065159635,0.0087354143,0.0379822772,0.0119134225,0.0298017909,-0.0025646984,0.0087546807,-0.0149482621,-0.0059671608,0.0286754644,-0.0013546548,0.0020151625,-0.0009122195,0.0003860985,0.0114783427
284.0000000000,-0.0074950687,0.0099198688,-0.0021839548,-0.0137765429,0.0218544916,0.0213983845,-0.0167574423,-0.0326393433,-0.0083590748,0.0052773651,0.0027069630,-0.0286262613,-0.0137288921,0.0053845164,-0.0258891396,0.0143423554,-0.0031955639,-0.0013253462,-0.0013268987,-0.0053755512,-0.0423813431,0.0297402972,-0.0068201404,0.0070318551,0.0080299267,0.0155708364,-0.0123269469,0.0060706285,0.0248986698,-0.0155141015,0.0109379317,0.0265867722,0.0088437121,0.0028208180,0.0249958506,0.0063111733,0.0504892771,-0.0286858268,-0.0078206861,-0.0292512797,-0.0127731583,-0.0232409681,-0.0006876246,0.0047072379,-0.0004119176,-0.0310661365,0.0191431555,-0.0168795818,-0.0072409831,0.0150724820,0.0103859392,0.0064272734,0.0087887513,-0.0066318924,0.0021806515,0.0103545423,0.0178710637,0.0273053214,0.0009895103,-0.0033488570,-0.0415031594,0.0149666647,0.0167390615
285.0000000000,0.0077921763,-0.0034165540,-0.0114587121,-0.0376070889,-0.0168668045,0.0046516441,0.0009844948,-0.0169688359,0.0214417071,-0.0028664246,0.0322402802,-0.0076649860,-0.0058314345,-0.0157777943,0.0000786313,0.0005184107,-0.0190991362,-0.0189971236,0.0045751989,0.0068610281,-0.0153662280,0.0257710121,-0.0119830061,-0.0214947598,0.0155707158,0.0331130399,-0.0262182990,-0.0072084487,0.0397597411,-0.0005967397,0.0145591404,0.0190857011,0.0104191218,0.0317105529,-0.0050468938,-0.0050936676,0.0395705213,-0.0080692234,-0.0084232067,-0.0168939076,0.0040950648,-0.0069910781,-0.0151842352,0.0088198131,0.0029040322,-0.0125004975,0.0202552176,-0.0177560518,-0.0048868188,0.0571256436,0.0147188831,0.0035998744,0.0189280388,0.0134778397,-0.0151206464,0.0020820049,-0.0165224870,0.0198872559,-0.0060888633,-0.0144700920,-0.0219940733,-0.0099458167,0.0187580471
286.0000000000,0.0152394155,0.0089513131,0.0178418993,-0.0166883915,-0.0013656641,-0.0001386492,-0.0174310511,-0.0408744553,0.0168038620,0.0122276088,0.0097617691,-0.0090462522,-0.0043564346,-0.0007981452,-0.0247397252,0.0188737970,0.0088038253,-0.0200552000,0.0113988700,0.0089956504,-0.0080755134,0.0101497804,-0.0133417857,0.0051983963,-0.0147817000,0.0449812708,-0.0316847868,-0.0006086973,-0.0063724301,-0.0089172566,0.0162264488,0.0285868457,-0.0191588455,0.0194646045,0.0122489297,-0.0024870389,0.0096127004,-0.0047284596,-0.0132416701,-0.0189045476,-0.0190979145,-0.0303658724,0.0040080173,-0.0009699403,-0.0079308304,-0.0475123212,-0.0022113470,-0.0206309542,-0.0180637739,0.0247233530,0.0052977318,-0.0169953725,0.0389810916,0.0128718317,0.0036869799,-0.0071309009,0.0089932209,0.0061646453,-0.0210617111,-0.0115216083,-0.0225509482,0.0084841930,0.0440730679
287.0000000000,0.0123038770,0.0127066741,-0.0132818003,-0.0314434280,0.0022092894,-0.0137312317,0.0073431880,-0.0495006278,-0.0029706797,0.0095787311,0.0224076306,-0.0021268644,-0.0250849406,0.0056582524,-0.0375622200,0.0197169715,-0.0134109216,0.0170730572,-0.0062706419,0.0031383853,0.0174729952,0.0291780912,0.0311128189,-0.0017375256,-0.0085286977,-0.0020330212,-0.0006264919,0.0261551294,-0.0043332597,0.0079299394,0.0146226890,0.0175811423,-0.0171543709,0.0165625498,0.0197013122,0.0013297988,0.0296576782,-0.0280479545,0.0156942942,-0.0132609915,-0.0350175685,-0.0194044841,-0.0037430776,0.0174523503,0.0212905348,-0.0330163128,-0.0084181829,-0.0159713875,-0.0164728149,0.0170770578,0.0126050784,-0.0019837927,0.0457558610,-0.0160197582,0.0179504651,-0.0090168657,0.0125202840,0.0356467920,0.0059999861,-0.0020210373,-0.0145556719,0.0180529954,0.0084356498
288.0000000000,0.0019972467,0.0134365750,-0.0137703543,-0.0095986007,-0.0055568568,0.0168166206,0.0046024614,-0.0190279320,0.0218301480,-0.0087482007,-0.0069436047,-0.0109717878,-0.0095784677,0.0039035334,-0.0164656697,0.0092045481,-0.0140724914,0.0000292258,0.0126111642,0.0120751910,-0.0029678306,0.0171177783,0.0074899588,-0.0129427138,0.0157238570,0.0230920260,-0.0125175112,0.0037845284,0.0061905590,-0.0237123191,0.0104239630,0.0092547192,0.0067537959,0.0181998112,0.0046524846,-0.0028891200,0.0276056070,-0.0018676676,0.0088271118,-0.0096957090,-0.0221424392,-0.0288257371,-0.0040821168,0.0169921045,-0.0066462235,-0.0136890504,0.0108790775,-0.0024203446,-0.0186240652,0.0260900613,0.0256766899,-0.0070222709,0.0299045631,-0.0179560788,-0.0159996649,-0.0059252253,-0.0081932890,0.0040510641,-0.0319902282,-0.0246106296,-0.0089537903,0.0252147767,0.0085239248
289.0000000000,0.0340938949,0.0023629863,0.0246159098,-0.0117358492,-0.0065460472,0.0117438459,-0.0137167204,-0.0186594467,0.0063907956,0.0071469736,0.0118455025,0.0179960665,-0.0183532198,0.0111872882,-0.0158186270,0.0106712922,0.0202031261,-0.0200026336,0.0033238693,0.0052485662,-0.0063016239,0.0222787116,0.0096282254,0.0215896038,-0.0041298759,0.0228478762,-0.0151253910,0.0025413723,0.0127785000,-0.0216662644,0.0140943213,0.0080434103,0.0159605148,0.0160001868,0.0142379571,-0.0405583116,0.0204112734,0.0025072402,0.0176172478,-0.0169622344,-0.0344329400,0.0060765997,-0.0166177384,0.0118577389,-0.0025439202,-0.0178147262,0.0002317717,-0.0224459914,-0.0193276120,0.0170823027,0.0313653521,0.0200321454,-0.0135563087,-0.0248616712,0.0113373875,-0.0005273132,0.0027686923,0.0122788032,0.0056248991,0.0070069756,-0.0074892338,-0.0185518766,0.0196976045
290.0000000000,-0.0028676718,0.0115210464,-0.0139865842,-0.0021596031,-0.0021994519,-0.0150410198,-0.0075075868,-0.0213733119,-0.0054551606,-0.0002818752,0.0097237074,0.0084966374,-0.0167547227,0.0033961501,-0.0272740751,0.0029083839,0.0040059004,-0.0035543903,-0.0047984313,-0.0041277436,0.0128836140,0.0014552948,0.0015083500,-0.0057966818,0.0293790630,0.0027889092,0.0111230943,0.0117152096,-0.0021797126,-0.0071719080,-0.0126453570,-0.0098969185,-0.0034255368,0.0060732354,0.0103183980,-0.0300122859,0.0185599899,0.0077647948,-0.0061664636,-0.0040255689,-0.0125991761,-0.0118619269,-0.0011126533,0.0195209900,-0.0046038132,0.0026604428,0.0029061722,0.0080495092,-0.0148599287,0.0170241507,-0.0024749893,-0.0097547803,0.0292978033,-0.0161903581,-0.0035625105,-0.0010831308,0.0176573301,0.0002123527,0.0189895140,0.0067155021,0.0067788366,0.0255011187,0.0210904232
291.0000000000,-0.0038064705,-0.0059139774,0.0074019564,0.0165687839,0.0033987434,-0.0025117729,0.0091994322,-0.0440137240,0.0209802467,0.0149407628,0.0233420888,-0.0037687848,-0.0200211664,0.0026089888,0.0003908413,0.0207118739,-0.0119958156,-0.0117618238,0.0038183082,0.0043474457,0.0054698736,0.0180448889,0.0029482289,0.0075648058,0.0033596672,0.0142657012,-0.0053543652,0.0040436281,0.0110835877,-0.0076850910,0.0180231394,0.0145490352,0.0032211692,0.0067406465,0.0110535298,-0.0179221836,0.0418546910,-0.0062317309,-0.0058242232,-0.0091525145,-0.0094152002,-0.0149137439,0.0021063737,0.0266791731,-0.0104443995,-0.0230769554,0.0312996540,-0.0118780026,-0.0170515896,0.0284827226,0.0094646772,-0.0018187208,0.0329527111,-0.0104281793,-0.0120165033,0.0064037035,0.0190604165,0.0249038064,-0.0143195348,0.0102983400,-0.0171636369,-0.0010087629,0.0154546732
292.0000000000,0.0103702846,0.0049040710,0.0169021343,0.0017285252,-0.0129890349,0.0129701275,-0.0006019842,-0.0055731537,0.0125809498,0.0084060877,-0.0056866364,-0.0027428886,-0.0190218297,-0.0145346568,-0.0293598359,0.0058476209,0.0041656773,-0.0015292319,0.0002880522,-0.0058703017,0.0207116119,0.0089715119,0.0099361654,-0.0062178908,0.0021020140,0.0145879260,0.0165796066,0.0157098065,0.0154344702,-0.0182471394,0.0000911383,0.0184862302,0.0093862136,0.0177375964,-0.0124659357,-0.0249091974,0.0217890287,-0.0229185337,-0.0123680540,-0.0028267473,-0.0116390328,-0.0006758795,-0.0138004921,0.0212252511,0.0049249154,-0.0064747855,0.0137211733,-0.0097263334,-0.0028767381,0.0213426148,-0.0026423167,0.0007421225,0.0175407359,-0.0256593481,-0.0071683593,0.0097247060,0.0011870992,0.0190006410,-0.0161936465,-0.0046715106,-0.0010301134,0.0168125183,0.0140653331
293.0000000000,0.0153593435,-0.0028566084,0.0158082836,-0.0042039259,-0.0055345111,0.0086697563,-0.0061569449,-0.0309884231,0.0148205254,0.0309341886,0.0025518495,0.0060002978,-0.0000059218,0.0216786222,-0.0265551342,0.0167125077,-0.0143101511,0.0065377321,0.0049670812,-0.0048284870,0.0066500960,0.0181785600,0.0117338997,0.0041217427,-0.0069975803,0.0332574162,-0.0287839637,-0.0169572513,-0.0000496981,-0.0038521727,-0.0104330345,0.0126088447,-0.0155789650,0.0173888274,-0.0062927188,-0.0172049497,0.0381746414,-0.0199226979,0.0004640883,-0.0022761148,-0.0169004315,-0.0070086444,0.0026809365,0.0300908500,0.0024876944,-0.0200272473,0.0116940016,0.0070753993,-0.0067893771,0.0093625650,0.0105253342,-0.0141338386,0.0249694105,-0.0103552300,-0.0154216080,-0.0003647862,0.0051602940,0.0052856495,-0.0013816999,-0.0152779337,-0.0152698362,0.0116335362,0.0139425068
294.0000000000,0.0035100055,0.0060687088,0.0005538151,0.0056904801,0.0046063338,0.0044559758,-0.0057221954,-0.0024406658,0.0178808062,0.0071269597,-0.0005813311,0.0194343700,-0.0136787936,-0.0002896847,-0.0104759036,0.0230888824,-0.0097547768,-0.0029792122,-0.0236408734,0.0147862842,-0.0070405580,0.0124382119,-0.0000525317,-0.0014873315,0.0045315074,0.0391287113,-0.0104110459,-0.0002780841,0.0081835732,0.0047553213,0.0115814697,0.0101186407,-0.0063274009,0.0188801783,-0.0128100382,-0.0018721119,0.0231101905,-0.0136814341,-0.0156805749,-0.0057382872,-0.0027709494,-0.0183417290,-0.0204473544,-0.0009718689,0.0157074184,-0.0165512435,-0.0018424668,-0.0018072100,0.0072960974,-0.0035780015,0.0121770498,-0.0060504149,0.0017134995,0.0013613841,-0.0005873878,0.0360213627,-0.0003258138,0.0071161206,0.0115000738,0.0098323157,-0.0148571588,0.0046927184,0.0026874330
295.0000000000,-0.0025154617,0.0114282960,0.0016539282,-0.0131180890,0.0086236238,-0.0011801551,0.0027316634,-0.0034845868,-0.0201627743,-0.0036575249,-0.0094872139,-0.0105539281,-0.0137062316,-0.0224189563,-0.0077850951,0.0104520581,-0.0106054554,-0.0222186734,0.0110833861,0.0033818911,-0.0231149051,-0.0020634533,0.0060731205,-0.0132642633,-0.0063337350,0.0114824837,0.0026745945,0.0003873754,-0.0039506244,-0.0088904672,0.0037207139,0.0148679769,0.0161264610,0.0031435617,-0.0113336766,-0.0037015308,0.0183427065,-0.0098075516,0.0002133397,0.0002663105,0.0059584676,-0.0062906167,-0.0136500282,0.0059681637,0.0076480381,-0.0248804562,0.0181061426,-0.0015912020,-0.0467275572,0.0169370363,0.0119443221,0.0128369096,-0.0130581292,-0.0182418817,-0.0067905787,-0.0184649622,-0.0059515578,0.0167542645,-0.0153632769,0.0036483619,-0.0299274146,-0.0141347843,0.0316375414
296.0000000000,0.0116885985,0.0060814797,0.0065249799,0.0048698971,0.0042616620,-0.0143601347,0.0120539758,-0.0381209750,-0.0074718940,0.0205462196,0.0204463763,-0.0185113487,-0.0058036504,0.0036102907,-0.0333795336,0.0102191037,-0.0040443983,-0.0124039628,0.0072522035,0.0232741438,-0.0244767568,0.0284021880,0.0279949063,-0.0030155342,0.0068411606,0.0440377347,0.0096020421,-0.0045532864,0.0267915849,-0.0060357135,0.0071915143,0.0158172674,0.0108270062,0.0014889647,-0.0193145822,0.0095077972,0.0238616205,-0.0160278272,-0.0268498047,0.0037247557,-0.0379352226,-0.0177923212,-0.0318740723,0.0193238392,0.0288142621,-0.0167325763,0.0140614059,-0.0307828994,0.0129362392,0.0034002433,0.0274925728,-0.0005442390,0.0201896915,-0.0054240395,-0.0252445765,-0.0004252375,0.0321636232,-0.0073023886,-0.0147933454,-0.0195161371,-0.0160086837,0.0142671714,0.0188583999
297.0000000000,0.0134114872,-0.0052679048,-0.0048769633,-0.0076053992,-0.0108272204,-0.0000307829,0.0074884072,-0.0279326266,-0.0171951457,0.0119878008,0.0253094848,-0.0050786054,-0.0359235702,-0.0227851189,0.0033075621,-0.0029721253,0.0043712063,-0.0158927491,0.0097087882,0.0104556874,-0.0196879433,0.0156107278,0.0107821980,-0.0024382109,0.0039655803,0.0185661907,-0.0131395802,-0.0041161000,-0.0092741337,-0.0122460927,0.0016433791,-0.0065224752,0.0096963238,0.0265633682,0.0021317049,-0.0158132626,0.0356818433,-0.0049647718,-0.0093398009,-0.0077052118,-0.0144641170,-0.0076318530,-0.0212390212,0.0121678691,0.0214149833,-0.0115126553,-0.0013814443,-0.0091851049,-0.0007538200,0.0220679683,0.0116674613,-0.0003845089,0.0198613770,-0.0198603508,-0.0047837841,0.0037978666,-0.0217110158,0.0052227196,0.0021310532,0.0051586415,-0.0046867865,-0.0164390224,0.0254967535
298.0000000000,-0.0018408556,-0.0122801898,0.0022277680,-0.0194628101,-0.0160633169,0.0068403020,0.0166973000,-0.0240827600,-0.0064830664,0.0281440955,0.0205000963,-0.0015692671,0.0021881195,-0.0064536425,-0.0352957088,0.0156743114,-0.0016237321,-0.0203570453,-0.0119614225,-0.0099927384,-0.0187759186,0.0310871463,0.0222736802,0.0066977980,-0.0168889285,0.0007838732,-0.0004884695,0.0002399112,0.0471195447,0.0085614462,-0.0007019357,0.0201562957,0.0031905256,0.0178922586,-0.0068527004,-0.0160929007,0.0177574142,0.0008785006,0.0225076158,0.0002701604,-0.0267618186,-0.0174957170,-0.0050718870,0.0199939649,0.0076506905,-0.0058793811,0.0037838744,-0.0163901500,-0.0071443758,0.0397635930,0.0294475329,-0.0090352615,0.0075540555,-0.0136371617,-0.0188587205,-0.0049279889,0.0032390015,-0.0010625747,0.0039433323,-0.0049729344,-0.0162019293,0.0005293638,0.0148378510
299.0000000000,0.0009092138,-0.0102369529,-0.0064190295,0.0067249367,-0.0079537399,0.0141617158,0.0011235167,-0.0141423162,-0.0033284525,0.0041235276,-0.0141152729,-0.0049866285,0.0065019999,-0.0001305988,-0.0075019906,0.0120719243,-0.0136729088,-0.0070692494,-0.0120632921,-0.0088772733,0.0108571942,0.0182199294,0.0271583716,-0.0056018916,-0.0159875241,0.0279758163,-0.0050708356,0.0125228641,0.0183759767,-0.0034172229,-0.0018595284,-0.0033498088,0.0065993405,0.0236900350,0.0197499423,0.0006654762,0.0250229974,0.0066178205,-0.0048535532,-0.0099466627,-0.0192310617,-0.0204522077,0.0004382005,0.0075377372,-0.0109392452,0.0043737345,0.0271407957,-0.0126577693,-0.0116578764,0.0124225063,0.0019557912,0.0135213571,0.0107513638,-0.0210189309,-0.0064921713,0.0021085492,0.0154466030,0.0237802902,-0.0099687364,0.0128309147,-0.0098740230,0.0077790104,0.0160929567
300.0000000000,-0.0097710728,-0.0080237278,0.0033115233,-0.0140910099,-0.0135094358,-0.0132856634,0.0020454362,-0.0231446294,0.0023981028,0.0178620383,0.0015081771,0.0076606849,-0.0181649187,-0.0332007175,-0.0240477564,0.0061375827,-0.0058804708,-0.0062917775,0.0053695655,0.0155444854,-0.0117962934,0.0164943329,0.0057274950,-0.0046465518,-0.0171459027,0.0256819516,-0.0004203303,0.0184576048,0.0177070076,0.0150741707,0.0013470510,-0.0076746875,-0.0023809544,-0.0010802433,-0.0168959602,-0.0162016889,0.0228413531,-0.0098157271,0.0027887544,-0.0014398701,-0.0194209230,-0.0044629489,0.0004463462,0.0192967212,-0.0042468258,0.0007809753,0.0212388519,0.0056345743,-0.0206224962,0.0188713326,0.0241264927,-0.0068496342,0.0249452769,-0.0110742724,0.0046675642,0.0049144715,-0.0251319691,0.0230809951,0.0115661563,-0.0012614594,0.0072642394,0.0186118523,0.0055754835
301.0000000000,0.0239838121,0.0037948153,0.0223797251,0.0015937330,0.0173065385,-0.0027791771,0.0201067932,-0.0474615689,0.0066867867,0.0323366818,0.0053641392,-0.0259701322,0.0121740730,0.0096060204,-0.0239953546,0.0135934413,0.0031974434,-0.0104038267,0.0177284591,-0.0031214591,-0.0094441527,0.0209067262,0.0196810857,-0.0285056398,0.0114916896,0.0086522206,-0.0109267314,-0.0126883051,0.0101022809,-0.0146280648,0.0215913633,0.0166474272,0.0124416211,0.0112481246,-0.0043086306,0.0077461046,0.0360964132,0.0001399415,0.0282543328,-0.0159775403,-0.0187495937,-0.0051554060,-0.0032065273,0.0278041701,-0.0123541009,-0.0214715316,0.0461001799,-0.0241025992,-0.0284830965,0.0098308404,0.0053777855,-0.0062139420,0.0162702673,-0.0142721333,-0.0080011314,0.0138758591,0.0275826353,-0.0053177583,-0.0060313575,-0.0044798186,-0.0399338426,0.0067139150,-0.0005991962
302.0000000000,-0.0099399400,0.0007829908,0.0047887106,-0.0027218699,0.0150397778,-0.0028735958,0.0038537906,-0.0275205285,0.0209931569,-0.0230120279,-0.0023038990,-0.0195818077,0.0010054101,-0.0163194369,-0.0182263171,0.0138530026,-0.0354831217,0.0100665761,-0.0040326111,0.0089579522,-0.0154733581,0.0122352755,0.0114705101,-0.0229692276,0.0032973504,0.0320465443,-0.0106472456,-0.0238154672,0.0166169310,0.0073001098,0.0055330393,-0.0019574633,-0.0051965421,0.0175836951,0.0041131028,-0.0179081963,0.0054061123,-0.0064255428,0.0086771385,-0.0284660746,-0.0228527304,0.0002201625,-0.0086185471,0.0007093455,0.0045017528,-0.0041932237,-0.0039456767,-0.0291737109,-0.0139710774,0.0104163340,-0.0018457859,0.0151954628,0.0186242977,-0.0025933509,0.0028359999,-0.0041508604,-0.0088797664,0.0057412878,0.0065216402,0.0145534159,-0.0078068266,0.0149630011,0.0078038117
303.0000000000,0.0035303604,0.0106712146,0.0104980531,0.0216016593,-0.0069780650,0.0170028240,0.0053265646,-0.0410541898,0.0014847083,0.0172540023,0.0075606865,0.0094139988,-0.0159675434,0.0144207647,-0.0394384596,0.0029517164,0.0010266617,0.0004754348,0.0176205638,-0.0013571205,-0.0073415551,0.0222123113,0.0015308477,-0.0003415434,0.0038463199,0.0494818019,-0.0071681598,-0.0146499753,0.0092224645,-0.0209049728,0.0074648453,0.0222454152,-0.0115347025,-0.0014751213,0.0169493466,-0.0206539238,0.0165739520,-0.0438202209,0.0078621120,-0.0105627281,-0.0290401946,-0.0145900934,-0.0095864206,0.0120764940,0.0173807729,-0.0243004534,0.0003962750,-0.0183706777,-0.0135696052,0.0382948606,0.0266800282,0.0174161067,0.0309395128,-0.0106069956,0.0024454658,-0.0079605009,-0.0020409434,0.0113909632,-0.0115363595,0.0153121816,-0.0060917508,-0.0078559487,0.0115149957
304.0000000000,-0.0059982181,-0.0155580974,-0.0083647633,0.0144814562,0.0179613384,0.0154072172,-0.0067846004,-0.0024650255,0.0086007170,0.0298536419,0.0173211363,0.0012717055,0.0018973617,-0.0099380424,-0.0100796730,0.0073090625,-0.0121405130,-0.0118656001,-0.0004967284,0.0223270877,0.0204766456,0.0044331701,0.0185394585,-0.0039347753,0.0032181143,0.0140164587,-0.0094380535,0.0126321519,0.0127420048,-0.0266081722,-0.0009536261,-0.0186625052,-0.0072100858,0.0109738227,0.0033958849,-0.0228960217,0.0207927243,-0.0262548918,0.0103864376,0.0104133937,-0.0197144222,0.0000930898,-0.0004740822,0.0022724685,0.0083549580,-0.0042455407,0.0017607027,0.0016603238,-0.0093349357,-0.0143049782,0.0101829042,0.0187781726,0.0051531495,-0.0101315141,0.0127259810,-0.0268889999,-0.0004569532,-0.0034539975,-0.0015121658,-0.0061391323,-0.0116343013,-0.0132425601,0.0240896255
305.0000000000,-0.0172218790,-0.0079548729,0.0143968905,-0.0083892376,-0.0053264752,0.0018036923,-0.0044497632,-0.0436414641,0.0056086019,0.0004175118,-0.0169360333,-0.0209057042,0.0132916622,0.0172111350,-0.0199701812,0.0018408264,-0.0078162912,0.0068299145,0.0073999512,0.0092969798,0.0088885870,0.0293252771,0.0124039013,-0.0038831522,-0.0023532390,0.0131239857,0.0051943814,-0.0006086364,0.0103200193,0.0101195836,0.0202591034,0.0150518810,0.0126981105,-0.0039443289,0.0188566834,-0.0084100725,0.0235111770,-0.0123173016,0.0063679202,0.0050915403,-0.0308382992,-0.0181799451,-0.0108517939,-0.0035280679,0.0125677860,-0.0168322033,-0.0164628706,0.0022823207,-0.0304377183,0.0100163686,0.0036611468,-0.0127633870,0.0175231904,0.0082052681,-0.0042606438,0.0043834726,0.0007713934,0.0053147601,-0.0119632463,0.0207110378,-0.0072682926,-0.0179903613,0.0102258865
306.0000000000,0.0151042579,0.0118715072,0.0072519748,-0.0169885400,-0.0132783000,-0.0053539361,-0.0054091938,-0.0264926863,0.0001297682,0.0066232363,0.0050194757,-0.0228883197,-0.0054351837,-0.0150652636,-0.0225358936,0.0152355023,0.0117596634,-0.0179290888,-0.0100256631,0.0047496666,0.0037945678,0.0093499940,0.0220761437,0.0049331768,-0.0066305212,0.0188456201,0.0075844527,-0.0079956832,0.0156085303,0.0011206574,0.0102825440,0.0109213465,0.0038037524,0.0143571319,0.0073728706,-0.0048275634,0.0314137042,0.0162536346,-0.0167749845,0.0038734945,-0.0023530855,0.0097212730,0.0056325500,-0.0124505809,0.0170125526,-0.0126166067,0.0260914839,-0.0273634205,-0.0060793057,0.0093134080,0.0089215018,0.0011939787,0.0049614994,0.0031855154,-0.0044409979,-0.0001426434,-0.0046437962,0.0112153685,0.0157097927,0.0004277331,-0.0060044727,0.0208742498,0.0104494269
307.0000000000,0.0055126414,-0.0037646479,0.0025356638,-0.0170324257,0.0074867488,0.0077942669,0.0110982068,-0.0402853102,-0.0083348883,0.0076864578,0.0102182388,-0.0039422408,-0.0003505812,0.0003245580,-0.0053216889,0.0051023685,-0.0010075219,-0.0186643053,-0.0035701797,0.0047264926,0.0219325701,0.0356940122,0.0164915926,-0.0027211332,0.0106892109,0.0360536028,-0.0195316949,-0.0052102636,0.0219453315,0.0012188601,-0.0097444397,0.0203125123,0.0051497324,-0.0090341474,0.0089368774,0.0135924730,0.0486029943,0.0071198497,-0.0017739897,0.0216288941,-0.0206052099,-0.0455566714,0.0071299239,0.0298195781,0.0015897282,-0.0223567713,-0.0071703197,-0.0229093360,-0.0082131406,-0.0073161823,0.0233036920,0.0296796016,0.0163700990,-0.0003799124,-0.0128959939,-0.0017575779,0.0135100194,0.0041102332,-0.0062877256,-0.0074550357,-0.0114475481,-0.0072877089,0.0229973611
308.0000000000,0.0229431902,0.0156012050,-0.0114732419,-0.0096466777,-0.0231529530,0.0174445328,0.0035992916,-0.0187243056,-0.0153039939,0.0333291095,0.0043933046,-0.0054493630,-0.0086299341,0.0073673267,-0.0036077368,0.0072681655,-0.0180525264,-0.0031260242,-0.0071469534,0.0249548973,-0.0313211500,0.0152230650,-0.0039094222,-0.0327198394,-0.0007163183,0.0236684785,0.0099381588,-0.0002021918,0.0057516074,-0.0127731414,-0.0030563450,0.0273249818,0.0041803583,0.0143876021,0.0118161746,-0.0068308246,0.0339058683,0.0108190197,-0.0074505403,-0.0030736301,-0.0204753831,-0.0258609186,-0.0372624765,0.0315689890,-0.0023749643,-0.0252952975,0.0010825417,-0.0066171013,0.0061995565,0.0250476618,-0.0016141372,0.0056212706,0.0253749807,-0.0137601155,-0.0065913898,-0.0120501420,0.0178170312,-0.0094333658,0.0088024709,-0.0025152202,-0.0187216967,0.0093212039,0.0217802928
309.0000000000,0.0054610391,-0.0136995520,0.0016273384,-0.0120902971,0.0107424792,0.0172655726,0.0455671549,-0.0475181878,0.0140052062,0.0101236903,0.0091472007,-0.0200912228,-0.0134028349,0.0181611640,-0.0360873710,-0.0004644915,-0.0109645456,0.0154541222,0.0259808505,0.0029990192,0.0028742475,0.0312579113,0.0268541441,-0.0078404821,0.0061699634,0.0375474038,0.0051166662,0.0018926559,0.0123103873,-0.0115439176,0.0156391996,0.0206766941,0.0050367737,0.0187837270,-0.0019216543,-0.0228149339,0.0457784982,-0.0037930372,0.0076761858,-0.0190854598,-0.0006647834,-0.0139320626,-0.0091489920,0.0328622753,-0.0018400468,-0.0222888546,0.0152253715,-0.0047864204,-0.0248698727,0.0201067658,0.0080497165,0.0194914129,0.0284867597,-0.0070714922,0.0029507139,0.0088842555,0.0210030546,0.0218103463,-0.0159330580,-0.0191653072,-0.0096825860,0.0221509088,0.0020539295
310.0000000000,-0.0086767120,0.0004280320,-0.0005643046,-0.0068561666,0.0274340188,0.0015418202,0.0098844406,-0.0063093589,-0.0063996082,0.0085246995,0.0220909797,-0.0129353248,0.0067550301,0.0030462606,-0.0001237107,-0.0015109262,-0.0048530252,-0.0007780874,0.0054421846,-0.0043040011,-0.0056136023,0.0190084219,0.0145857062,-0.0103691590,-0.0072114876,0.0208590685,-0.0152941416,-0.0076061939,-0.0022506078,-0.0014142166,-0.0101001886,-0.0032022597,0.0050855075,0.0109327386,0.0056427166,0.0151997029,0.0190074562,-0.0156199535,-0.0066644747,-0.0013184630,-0.0075157745,-0.0075819437,0.0085580009,0.0137981266,-0.0125485495,-0.0134762395,0.0126751172,-0.0276441863,-0.0026091610,0.0004416720,0.0115157198,0.0038799125,0.0040612365,-0.0051925551,0.0051100709,0.0013492499,0.0171590427,0.0215789547,0.0073740510,0.0143880892,-0.0047541214,0.0046743677,0.0115828618
311.0000000000,-0.0045149420,0.0154090669,-0.0170053703,0.0151049974,0.0049079069,-0.0011792564,0.0122997437,-0.0045365066,0.0017962504,0.0315096674,-0.0134836694,-0.0220352981,-0.0098346242,-0.0068069871,-0.0177850202,0.0191689480,-0.0051312357,0.0079482694,0.0204163911,0.0257143852,0.0012633993,0.0450841268,0.0280755209,0.0056323117,-0.0045319804,0.0428428142,-0.0012792202,0.0113608622,-0.0063137452,-0.0085508214,-0.0016934582,0.0203338550,-0.0019206592,-0.0050518273,0.0103150184,0.0093545788,0.0226971226,0.0038836205,-0.0089695226,-0.0041943305,-0.0216374048,-0.0214586551,-0.0101206477,0.0292969294,-0.0052428298,-0.0176104205,0.0000727184,-0.0093432201,-0.0127905425,0.0088145013,-0.0094107923,0.0196673741,0.0136265602,0.0126705175,-0.0024647861,0.0052645489,-0.0002781746,0.0159367493,-0.0010711737,-0.0302251389,-0.0071868276,0.0140259215,0.0073248159
312.0000000000,0.0101145328,0.0128235699,0.0107007044,-0.0169943342,0.0083932202,0.0128898524,-0.0034639532,-0.0057025737,0.0003032381,0.0201034926,0.0151611551,-0.0005299236,-0.0052525898,-0.0016650742,-0.0100721540,0.0498603092,0.0063496845,-0.0047328338,0.0134301690,0.0043688718,-0.0014681631,0.0130024220,0.0029602903,-0.0127081232,-0.0052117336,0.0049505770,-0.0142711920,-0.0044397501,0.0299406191,-0.0017675881,0.0029661746,0.0172052554,0.0165658153,0.0074195710,-0.0109945423,-0.0190554657,0.0191941445,-0.0291757749,0.0211154698,-0.0192149985,-0.0146666399,-0.0043304836,0.0155073580,0.0011571738,0.0119100520,-0.0214670800,-0.0032718907,-0.0172743114,-0.0318379522,0.0129566322,0.0230311688,-0.0002665474,0.0328843906,-0.0008184201,0.0078306387,0.0128920981,-0.0071457417,0.0194314449,-0.0051005802,0.0016375633,-0.0224110954,-0.0043916586,0.0063598111
313.0000000000,0.0105867344,0.0114782528,0.0071840213,-0.0076297599,0.0152423788,-0.0007127307,-0.0066281411,-0.0319927652,0.0285090850,0.0267387184,-0.0000763062,-0.0106048748,0.0002608421,0.0111246051,-0.0269721456,-0.0034931569,0.0035505653,-0.0262945418,0.0039728685,-0.0100095012,-0.0107192961,0.0200770922,0.0311516069,0.0145791411,0.0168096771,0.0199339598,-0.0098628073,0.0008207157,0.0049516735,-0.0078508006,0.0000383127,0.0225559194,0.0191038821,0.0369726851,0.0226202278,0.0023406743,0.0489446001,-0.0149891401,-0.0133124980,-0.0069199478,-0.0339271864,-0.0323824561,-0.0065492134,0.0270921426,0.0097215267,-0.0111294582,0.0004930181,-0.0166072513,-0.0318734873,0.0292866593,-0.0008796812,0.0123668061,0.0458190658,-0.0048146362,0.0215107750,0.0069337592,0.0156767669,0.0144370952,-0.0158198026,-0.0104698115,-0.0016502330,-0.0211928507,0.0217384754
314.0000000000,0.0010151097,0.0080772522,-0.0242938189,-0.0174843131,-0.0162817849,0.0003577038,0.0155842414,-0.0254710626,-0.0027741496,0.0080670628,0.0188363054,-0.0163583891,-0.0256002960,0.0143230817,-0.0290666625,0.0157258890,0.0014571797,0.0010188762,0.0195453033,0.0117282369,-0.0228566582,0.0187735549,-0.0009049926,-0.0012315820,-0.0018290542,0.0293484106,-0.0024147193,-0.0052771483,-0.0040000276,0.0148153710,0.0170157554,0.0113821539,-0.0087441356,0.0103540639,-0.0084285870,-0.0414649087,0.0354529792,-0.0147743995,-0.0130829044,-0.0171999551,-0.0360792163,-0.0032086580,-0.0167438946,0.0155491800,0.0122860211,-0.0153572769,-0.0137685827,-0.0140718470,-0.0206081100,0.0008804181,0.0024950722,0.0119489929,0.0266265359,-0.0047529949,-0.0065815410,0.0171465599,0.0242870338,0.0035841333,0.0035646930,-0.0170916849,-0.0171146142,0.0057399318,0.0281588438
315.0000000000,-0.0072830390,-0.0096631328,0.0180047938,-0.0126703826,0.0005968661,0.0077843331,0.0054042976,-0.0321716904,0.0079872304,0.0166406270,-0.0055809032,-0.0063453342,-0.0150241452,0.0128576553,-0.0336269642,-0.0009736610,-0.0012841040,-0.0129743390,-0.0007279762,0.0108992306,-0.0067446153,-0.0074496739,-0.0130144874,-0.0001530054,-0.0007566732,0.0169828065,-0.0075211865,0.0118611610,0.0042901790,-0.0163742519,0.0191618681,0.0157141439,0.0208525152,0.0272707790,0.0262432098,-0.0039824266,0.0526664456,0.0131070067,-0.0021810741,-0.0181085188,-0.0198025838,-0.0187142208,-0.0008487731,0.0058639978,0.0220124451,-0.0164964767,0.0211273735,-0.0246883161,-0.0164260870,0.0160264450,0.0229691493,0.0024752953,0.0218393522,-0.0125908633,0.0081785791,0.0042254803,0.0185352304,0.0166361649,-0.0107495100,-0.0128390734,-0.0117607200,-0.0279925834,0.0215395078
316.0000000000,-0.0141391732,-0.0042036379,0.0055942538,0.0155008024,0.0103797547,0.0159008716,-0.0047231523,-0.0091736681,-0.0063789919,-0.0009309174,-0.0124345169,-0.0157722063,0.0030296494,0.0008117144,0.0081186705,0.0253030253,-0.0097759070,0.0178818392,0.0038029343,0.0007149916,-0.0014839702,-0.0138146899,0.0171753514,-0.0102515322,-0.0038179064,0.0201817152,0.0025755942,0.0024833158,0.0098651872,0.0053503692,-0.0216836759,0.0094494153,-0.0024920313,0.0159152197,0.0065038264,-0.0112041511,0.0146527994,0.0093425557,-0.0021466039,-0.0043624079,-0.0239981522,-0.0191654601,0.0011926488,0.0068629025,-0.0039639893,-0.0211161431,0.0172297038,-0.0143566711,-0.0107564973,0.0137683022,-0.0025234442,-0.0183831938,0.0225653886,-0.0054748115,-0.0143271643,0.0048594885,-0.0125383316,0.0001171080,-0.0392917911,0.0162074679,-0.0178774787,0.0101622540,0.0272886937
317.0000000000,0.0152616631,-0.0063832884,0.0113601553,-0.0139265243,0.0145459061,0.0186762720,0.0083560232,-0.0263903227,0.0050448441,0.0230855794,0.0202208025,0.0008745211,0.0238442357,0.0156173824,0.0106042776,-0.0046336459,-0.0067344289,-0.0087813961,0.0014738451,0.0046963112,0.0059021340,0.0118664735,-0.0024457918,-0.0177667959,0.0191799960,0.0108094025,-0.0096052949,0.0034379928,0.0125466818,0.0028763970,-0.0021613496,0.0209755841,0.0033112109,0.0305004040,0.0257073418,-0.0166894787,0.0424055292,0.0155243626,0.0100792470,-0.0080796348,-0.0104848767,-0.0140233714,-0.0118433168,0.0285325404,0.0123564109,-0.0371294900,-0.0122851566,0.0062882932,-0.0093150026,0.0118729090,0.0227572871,-0.0020178566,0.0078690617,0.0012750177,-0.0000314512,0.0127649302,-0.0031579503,-0.0026256675,-0.0122482751,-0.0006708716,-0.0063288365,-0.0237462243,0.0141026578
318.0000000000,-0.0166575092,0.0084046055,-0.0152947982,-0.0225795830,-0.0059197220,0.0014955321,0.0078397689,-0.0447511832,-0.0072331671,0.0162544835,0.0150382627,-0.0010038386,0.0025796724,-0.0047444771,-0.0312431546,0.0218260475,-0.0265946898,-0.0152680010,-0.0005473554,0.0073382928,-0.0035261333,0.0359144467,-0.0056533038,0.0030718395,0.0092296196,0.0555425957,-0.0280079234,-0.0095380407,-0.0024860212,-0.0224983934,0.0092016288,0.0220403028,0.0096010053,0.0118297607,0.0064084944,0.0177261724,0.0314206290,-0.0010316420,-0.0040967914,-0.0050062213,-0.0106242590,-0.0522459168,-0.0068521086,-0.0063570517,0.0098044818,-0.0296816062,0.0061451222,-0.0086242985,0.0002222925,0.0329796284,0.0003437446,-0.0121015628,0.0304684119,-0.0214795696,-0.0076338560,-0.0156833294,0.0179562059,0.0182948713,-0.0141917506,-0.0125727138,-0.0252332548,0.0035368182,0.0020401274
319.0000000000,-0.0149380949,-0.0091692051,-0.0182940852,-0.0187684394,-0.0116980006,0.0017094260,0.0107554313,-0.0228280740,0.0139746355,0.0145776522,0.0267742635,0.0045931650,-0.0244054532,-0.0233474500,-0.0374019044,0.0072535332,-0.0037413089,-0.0131833383,0.0045509586,0.0120640626,-0.0190970176,0.0211088961,0.0135316002,-0.0002515736,-0.0078610102,0.0425240847,0.0054610110,-0.0173834583,0.0043211097,-0.0072277427,0.0166794097,0.0033613071,0.0046178316,0.0101940826,-0.0156018416,-0.0188253462,0.0198238518,-0.0179901344,-0.0214744439,-0.0075982029,-0.0133152044,-0.0330456004,0.0252567022,0.0261817134,0.0148724090,-0.0064935517,0.0086928510,0.0212195788,0.0009616517,0.0103249937,0.0119848349,-0.0097771141,0.0232157450,-0.0169279021,-0.0016938226,-0.0111909918,-0.0186958517,0.0266742117,-0.0014941409,-0.0084236516,-0.0193668797,-0.0017235947,0.0197618864
320.0000000000,-0.0038097898,-0.0023154396,-0.0088470191,0.0056689461,0.0099326440,0.0321885294,0.0065271950,-0.0365949193,0.0103575240,-0.0072631935,0.0178654433,-0.0099245175,-0.0113300931,0.0162907589,0.0010557091,-0.0219056067,0.0121311932,0.0094667118,0.0149171782,-0.0016237978,0.0095066708,0.0352718468,0.0139587391,0.0167475877,0.0085575365,0.0300749560,-0.0043627754,0.0207684320,0.0141708724,-0.0101418279,0.0135782303,0.0153230721,-0.0077240093,0.0054961927,-0.0014536093,-0.0191899564,0.0425941311,-0.0279054354,0.0180595261,-0.0154981731,-0.0176460407,0.0090635830,-0.0010269730,0.0308511645,0.0109254528,-0.0298879307,0.0209013032,-0.0217676675,-0.0087129111,0.0024525365,0.0228206089,-0.0037941088,0.0405531477,-0.0027134607,-0.0026781190,0.0017783252,0.0138136700,0.0048971805,-0.0235295192,-0.0019014772,-0.0166485957,0.0237339106,0.0221757025
321.0000000000,-0.0093908299,-0.0016439622,-0.0093249221,-0.0036295610,0.0045567381,0.0034475292,0.0268163827,-0.0117779438,0.0176454346,0.0127882078,-0.0072200240,-0.0197252052,-0.0081789227,-0.0048233588,-0.0266454393,0.0097114012,-0.0155919152,-0.0107861740,0.0064194134,0.0091162592,-0.0191139454,0.0182490768,-0.0071073131,-0.0222293692,-0.0039131310,0.0173183567,-0.0042338254,0.0009175497,-0.0047069050,-0.0000898675,0.0215962031,0.0241501635,0.0174749650,0.0189605509,-0.0152751858,-0.0206787061,0.0176581198,0.0002795596,-0.0110446076,-0.0149917805,-0.0111430552,-0.0185804065,-0.0015357374,0.0095505404,0.0235160845,-0.0178457560,0.0089078428,0.0111186119,-0.0112195525,0.0131321817,-0.0055247198,0.0151904324,0.0196061858,0.0165484441,-0.0054381876,-0.0066513032,0.0080178152,0.0006530940,-0.0014071383,-0.0032857649,-0.0050436496,-0.0132738146,0.0070631316
322.0000000000,0.0083516008,-0.0137097675,0.0027899121,-0.0186866187,-0.0087129261,0.0120173474,0.0186085404,-0.0216363330,0.0034700049,0.0299253550,0.0203336270,-0.0011332737,-0.0174785402,-0.0152947951,-0.0113681773,-0.0104869186,-0.0075012714,0.0031764337,0.0076358122,-0.0138354010,-0.0022090555,0.0212658366,0.0167391349,-0.0096617959,-0.0387413154,0.0327580431,-0.0096618259,0.0080199117,0.0039730886,-0.0178857174,0.0136562033,0.0123656968,0.0091691215,0.0109947612,0.0049685686,-0.0081934839,0.0416313469,-0.0050510181,-0.0016474274,-0.0011756305,-0.0356887257,-0.0371133581,0.0022561083,0.0254568960,0.0020261845,-0.0278779262,0.0463878116,-0.0032987543,-0.0195791021,0.0103691289,0.0196011314,-0.0070900010,0.0296199665,0.0108025363,0.0040016959,-0.0197119312,-0.0136962879,0.0208316742,-0.0018240335,-0.0146876724,-0.0509230527,0.0152646854,0.0180266790
323.0000000000,-0.0081956793,0.0155256831,-0.0083442533,-0.0134649503,-0.0223713884,-0.0050264621,-0.0007026012,-0.0281393135,0.0170429273,0.0137057113,0.0247724542,-0.0230398017,-0.0341537453,-0.0280314075,-0.0300748124,-0.0107224191,0.0029635573,-0.0152288432,-0.0030079225,-0.0004921573,-0.0168394183,0.0298000331,0.0025516212,0.0093032443,0.0100288606,0.0310085744,0.0160824928,0.0055524641,0.0063657488,-0.0225833983,0.0177506183,0.0273920436,-0.0066259776,0.0205241238,-0.0071877294,-0.0158750207,0.0364068635,0.0018041840,-0.0252657253,0.0170683599,-0.0290116444,-0.0282948297,-0.0112651523,0.0533969770,0.0184918065,-0.0366921177,0.0146862744,-0.0412638734,-0.0035684659,0.0336765948,-0.0084033938,0.0253422924,0.0404522656,-0.0027596506,-0.0070427225,-0.0104714719,0.0105448202,0.0312238396,-0.0249453018,-0.0038591209,-0.0396256318,-0.0070765971,0.0111820197
324.0000000000,-0.0101792826,0.0198468202,-0.0107205022,-0.0103288650,-0.0066972715,-0.0067638241,0.0064623720,-0.0327674196,-0.0036452966,0.0197277419,0.0169588826,-0.0277399938,-0.0069184106,-0.0017744278,0.0100492974,0.0158912607,-0.0191266274,0.0034587927,0.0017893771,-0.0026309027,-0.0077949799,0.0093185617,0.0204103231,0.0048173657,0.0063728807,0.0267683418,0.0039461167,-0.0010049187,-0.0113458428,0.0019683693,0.0106644388,0.0111842536,-0.0052342250,0.0249878826,0.0083682084,-0.0055015840,0.0324704684,0.0029424576,-0.0195384847,-0.0067012559,-0.0116240926,-0.0200804189,-0.0124116814,0.0083241683,0.0040096536,-0.0037485538,0.0196723872,-0.0173237594,-0.0111202313,0.0142073613,0.0120214944,0.0174055534,0.0186827972,0.0088023131,0.0060674833,-0.0029041562,0.0121535449,0.0198253206,-0.0174735765,0.0089513907,-0.0024757191,-0.0195883384,0.0102888567
325.0000000000,-0.0126836761,0.0183411230,0.0204584436,-0.0065808669,-0.0072480900,-0.0116367493,-0.0073572949,-0.0152306869,-0.0122454518,0.0209966301,-0.0008685823,-0.0067137126,0.0125777699,-0.0213328854,0.0065821972,0.0043879772,-0.0113787513,-0.0044210456,0.0037945292,0.0140054403,0.0026143622,0.0140208298,0.0162320301,-0.0064908802,0.0229148317,0.0261488319,0.0005776166,-0.0023375447,0.0283545497,0.0067421804,0.0151350940,0.0177881810,0.0110417627,0.0115953332,-0.0158665557,-0.0250533904,0.0199065006,-0.0112802059,-0.0132225287,-0.0095685334,-0.0316617804,-0.0171360118,-0.0128383911,0.0139743867,-0.0012555900,-0.0230056783,-0.0040882117,-0.0295272980,-0.0426334381,-0.0034922902,-0.0011620262,-0.0084021863,-0.0155222911,-0.0068616487,-0.0037219377,0.0057595802,0.0020429354,-0.0083022207,-0.0095999159,0.0027833621,-0.0173985945,0.0100931152,0.0212208671
326.0000000000,-0.0000655575,0.0029422119,-0.0152186072,-0.0201668087,-0.0046415613,0.0221460787,0.0057581090,-0.0211867909,0.0076064892,0.0092892773,0.0029597476,-0.0261199776,-0.0062446410,-0.0014936402,-0.0269494025,0.0056812340,-0.0007574063,0.0119806439,0.0215211456,0.0148785291,-0.0075623800,0.0350268027,0.0334201077,-0.0020270276,-0.0052580288,0.0231713011,-0.0052644584,0.0003059247,0.0018391798,-0.0041580796,0.0174930866,0.0113432645,-0.0032469789,0.0132797814,0.0001442741,-0.0226608114,0.0536858887,-0.0218275406,-0.0054172519,-0.0220185273,-0.0237211863,-0.0251063431,-0.0361884077,0.0315378698,0.0161282597,-0.0328084969,0.0152900234,-0.0179124210,-0.0101998887,0.0110911474,0.0266733135,0.0379656080,0.0379956200,-0.0124148901,0.0142542225,-0.0123699740,-0.0019545394,0.0108069947,0.0051606203,0.0021211440,-0.0391471902,-0.0028688955,0.0067733210
327.0000000000,0.0007639662,-0.0046416777,0.0177998616,-0.0127826040,-0.0043833893,0.0004541417,0.0082391028,-0.0616773904,0.0065564317,0.0147808898,0.0043844689,-0.0066606973,-0.0072748131,0.0006406944,0.0082924875,0.0317703884,0.0061102017,-0.0146501452,-0.0018190682,0.0061257526,-0.0091876388,0.0387943344,0.0338965635,-0.0006735405,0.0081812788,0.0179840186,-0.0033892411,0.0085968395,0.0060044377,0.0012895975,-0.0141596277,0.0262977189,0.0009178174,0.0105857326,0.0115196257,0.0122341409,0.0350128615,-0.0051917959,0.0192674301,-0.0027806233,-0.0283622353,-0.0295186209,-0.0035239255,0.0243664479,0.0153191437,-0.0347772271,0.0027895560,-0.0076961706,-0.0162243001,0.0284688614,-0.0069547517,-0.0064115730,0.0290946111,-0.0044128292,-0.0125349521,-0.0063194026,0.0002725743,0.0285894819,-0.0040017968,-0.0362028748,-0.0215665005,-0.0028344374,0.0193437785
328.0000000000,-0.0020786730,0.0036764886,-0.0181099833,-0.0118005272,0.0010036578,0.0149687931,-0.0241245869,-0.0121006527,0.0039110457,0.0066366537,0.0010135056,-0.0139855981,-0.0120739718,0.0084305213,0.0071859654,-0.0041784653,0.0074501293,-0.0264506882,-0.0104395900,0.0035187016,0.0204750911,0.0222829734,0.0058485263,-0.0178967368,-0.0105255151,0.0113995367,-0.0135100559,0.0030858172,0.0085921409,0.0020021651,0.0061048325,0.0247297560,0.0062010549,-0.0136781903,-0.0046735811,0.0044750976,0.0101303523,0.0017944035,-0.0064293840,-0.0102563839,-0.0176699904,-0.0183303830,-0.0114245825,0.0184276840,0.0059101535,-0.0243884258,0.0060856319,-0.0130425924,-0.0007415885,0.0136627293,0.0014753380,0.0026777703,0.0200441654,0.0105692822,0.0075899617,0.0198315514,-0.0062507382,-0.0013820269,-0.0060811098,0.0083594093,0.0067983657,0.0080482741,0.0135331608
329.0000000000,-0.0220552391,0.0234575210,-0.0104109259,-0.0065875789,0.0034034065,0.0250629133,0.0082386682,-0.0179386999,0.0077080734,0.0007317236,0.0111108295,0.0157791707,-0.0224714245,-0.0070355814,-0.0050429346,0.0030811977,0.0046318561,-0.0138924160,-0.0053580752,0.0238374529,0.0231812679,0.0257247780,0.0199723555,0.0090508974,0.0035578999,0.0237267520,0.0171492253,0.0146102504,0.0187003975,-0.0088273999,0.0273500932,-0.0267302552,0.0134315673,-0.0017239179,0.0110825702,0.0080103119,0.0125984730,-0.0237026556,-0.0014780235,0.0079440538,0.0037139174,-0.0220175862,0.0162702486,0.0113269882,0.0078331178,-0.0224814210,-0.0023159752,0.0074821919,-0.0078504400,-0.0006746693,0.0079722080,0.0138116391,0.0163669920,-0.0041704875,-0.0104821610,-0.0258895328,0.0009317238,0.0112731993,-0.0081271671,-0.0064311155,-0.0017708752,0.0041293559,0.0181539898
330.0000000000,-0.0023506853,0.0132829283,-0.0150316832,0.0044874149,-0.0191250055,0.0041089919,-0.0016209255,-0.0178296731,0.0099882765,0.0042436810,0.0133966607,0.0100745567,0.0007095140,-0.0186748756,-0.0128692035,0.0021648540,-0.0036980824,0.0051224683,0.0098027577,0.0089315372,0.0177845725,-0.0078371659,-0.0003883396,-0.0137850409,0.0091302162,-0.0052399128,0.0086766732,-0.0027583661,0.0057901187,-0.0021252092,0.0238735371,-0.0015895778,0.0079727776,0.0023438222,0.0027882360,-0.0159646441,0.0444025264,0.0131992133,0.0001181837,-0.0114466914,0.0052819820,-0.0195545453,0.0058656126,0.0179731433,-0.0087390100,0.0106650517,0.0144855909,-0.0020851801,-0.0008080038,-0.0032260124,0.0178383863,0.0055219482,0.0059869970,-0.0059932466,0.0066768940,0.0093087388,-0.0046524463,0.0327628991,-0.0145018164,0.0204866257,-0.0081272288,-0.0002538970,-0.0135983157
331.0000000000,-0.0069681937,0.0117136719,0.0047047064,0.0212846291,-0.0127667041,0.0233378631,0.0074000028,-0.0101040649,0.0184642206,-0.0036430230,0.0189468907,-0.0036512417,0.0155005178,-0.0183553317,-0.0179932874,0.0232988933,0.0229234370,-0.0111745048,-0.0033744804,-0.0127623694,-0.0055757522,0.0106337239,0.0152154772,0.0114002594,0.0063499595,0.0181812715,-0.0115384438,-0.0189081903,0.0217906618,-0.0070769083,-0.0241819860,0.0077357586,-0.0178961933,0.0221973286,0.0037423896,-0.0038272778,0.0160223090,0.0104950220,-0.0222480265,-0.0118892686,0.0129583537,-0.0083791973,-0.0084006825,0.0036002397,0.0270894954,-0.0350897271,-0.0085430893,-0.0099862128,-0.0156939812,0.0015040547,0.0180094288,0.0134491885,0.0211754409,-0.0171075958,-0.0090767904,0.0005780192,-0.0119340765,0.0315577559,0.0114513762,-0.0064818248,0.0164977370,0.0024909362,0.0299490193
332.0000000000,0.0121258492,0.0076921578,0.0039008366,-0.0315645506,0.0049039343,0.0066028936,0.0094804499,0.0078394812,-0.0096140114,-0.0045388992,-0.0067608438,-0.0026923495,-0.0149823140,0.0100060453,-0.0125375612,-0.0012474266,0.0054379105,0.0083224529,0.0099041343,0.0020299573,-0.0034548248,-0.0029010688,0.0143994589,-0.0326031306,0.0120831354,0.0289330954,-0.0043059423,0.0000114134,-0.0088321360,-0.0276090363,0.0134294727,0.0068993188,-0.0052332374,0.0252257350,0.0052103986,-0.0036099158,0.0177033319,-0.0058943102,0.0095275670,-0.0015955353,-0.0067232818,-0.0091770602,-0.0026667434,0.0090198178,-0.0020139137,-0.0338525170,0.0129625870,0.0116792572,-0.0015234813,0.0159967358,0.0001428348,0.0106990357,0.0359024627,0.0135758493,-0.0125192889,-0.0051332318,0.0106260774,0.0243710285,-0.0037800661,-0.0145746655,-0.0035366718,0.0095537702,0.0303140258
333.0000000000,-0.0017195305,-0.0146185971,-0.0114294280,-0.0129684836,-0.0082360506,-0.0025926258,-0.0090082510,-0.0259284045,0.0060096524,0.0395201309,0.0055622390,-0.0198011490,-0.0220675016,-0.0009984358,-0.0246560918,0.0180178692,0.0323291610,-0.0118465886,-0.0021168113,0.0068352250,-0.0150081423,0.0340828727,-0.0104755328,-0.0027371012,0.0171935398,0.0059477463,-0.0019189819,0.0003857012,0.0188688570,-0.0054825414,0.0010278214,0.0117856883,0.0045977721,-0.0114550191,0.0065976483,-0.0222351607,0.0169188872,-0.0268808051,0.0091683708,-0.0075233034,-0.0035574774,-0.0207878546,-0.0006073418,0.0310262975,-0.0032308335,-0.0114139527,0.0183363016,-0.0178384406,-0.0204805925,0.0068188332,0.0018051918,0.0200582584,0.0215003265,-0.0164185631,0.0027303243,-0.0075954226,-0.0142312640,0.0143880671,-0.0290211246,0.0169773851,-0.0137825152,0.0090569851,-0.0184855971
334.0000000000,0.0099926513,-0.0186332842,-0.0083510174,0.0123432874,-0.0140628976,0.0088763203,0.0133226082,-0.0107188560,-0.0043820969,0.0256401000,-0.0020719192,-0.0162580100,0.0154506757,0.0022069501,-0.0131396234,0.0005354201,0.0045575947,0.0037278542,-0.0155843765,0.0049692515,0.0022266804,0.0216600711,0.0088111042,0.0126385127,0.0076467049,0.0179140299,-0.0236382826,-0.0036145911,-0.0005542876,-0.0046312707,-0.0225307376,0.0271520111,0.0009126245,-0.0055206353,-0.0007654806,-0.0016305201,0.0256908867,-0.0008990168,0.0081922551,0.0107710727,-0.0011575567,-0.0148329840,-0.0110473519,-0.0140796199,-0.0212063341,-0.0203630404,-0.0055562705,-0.0226694687,-0.0196319197,0.0204352234,-0.0044695272,-0.0020576583,0.0138929684,0.0087584014,-0.0005652179,-0.0074723593,0.0043682098,0.0227995182,0.0003861362,-0.0086763516,0.0063885119,-0.0039482459,0.0206714420
335.0000000000,0.0001241234,0.0129134523,-0.0003087493,0.0186150996,-0.0172183558,0.0117611078,0.0144004909,-0.0408812380,-0.0017296320,0.0234492998,-0.0060080934,0.0120371135,-0.0170996797,-0.0100584031,-0.0261922885,0.0186394280,-0.0026202225,-0.0231225368,-0.0038356970,-0.0082954384,-0.0142544338,0.0257288780,0.0129994260,0.0076138323,0.0122117793,-0.0057255688,-0.0343367159,-0.0026055570,0.0086612887,-0.0389138397,0.0013469087,0.0116935451,0.0096565146,-0.0005486784,0.0090738323,-0.0126138671,0.0395216841,-0.0098692933,0.0054429083,-0.0307512885,-0.0127473970,-0.0038588774,-0.0175556442,0.0181315076,0.0170702520,-0.0246998803,-0.0104062512,-0.0039189138,-0.0287640122,0.0236190004,0.0033712126,0.0124340659,0.0194339436,0.0126403366,-0.0077064352,0.0029207602,0.0105417217,0.0229882224,0.0075974781,-0.0187991174,0.0001877187,-0.0039954657,0.0015408948
336.0000000000,0.0100979763,0.0062130871,-0.0081522263,-0.0075680466,0.0104213788,0.0104650409,0.0273647316,-0.0333585311,0.0057962928,0.0280953286,0.0225440098,0.0156415044,-0.0193325890,-0.0260427274,-0.0179976853,0.0009624633,-0.0042760728,-0.0014055822,-0.0217379153,0.0225909790,-0.0039560342,0.0145472244,0.0228179822,0.0117413140,0.0055671334,0.0133373336,-0.0093951278,0.0053870290,0.0073634193,-0.0173985338,0.0219347581,0.0198953896,-0.0030084650,-0.0042616279,0.0095936754,-0.0095124508,0.0078322746,-0.0291021602,0.0089334509,0.0004228037,-0.0091583327,-0.0151110543,-0.0060416475,0.0175936067,0.0030264375,-0.0155803319,0.0013356330,-0.0077271348,-0.0110274711,0.0333093362,0.0270168250,-0.0158506749,0.0184247197,0.0014333692,-0.0095916090,-0.0182603824,-0.0135392147,0.0054509130,-0.0273067810,-0.0199894859,-0.0189423175,0.0085287233,0.0151502659
337.0000000000,0.0044297394,0.0094693531,-0.0315502901,-0.0145048255,-0.0193456516,-0.0030878945,0.0158713810,-0.0543404991,0.0049948582,0.0326357863,0.0205512333,-0.0048419645,-0.0225341524,0.0014542042,-0.0435078117,0.0036802728,-0.0104519425,-0.0245599239,-0.0116979099,0.0279344285,0.0088580087,0.0335108529,0.0264651429,-0.0014285341,0.0024952451,0.0363318042,-0.0131519712,0.0012839343,-0.0045842057,-0.0122443241,-0.0068439414,0.0047767276,-0.0031289172,0.0239590887,0.0227228541,-0.0221440544,0.0275254891,-0.0047503677,-0.0023100920,-0.0234833184,-0.0166484529,-0.0340723803,-0.0173049410,0.0112405424,-0.0081240352,-0.0198170321,0.0050189584,-0.0052644538,-0.0341271336,-0.0074924541,0.0156201435,0.0020975962,0.0253149999,0.0045371881,-0.0145824202,0.0050576953,-0.0028970179,0.0099375070,-0.0032330479,-0.0049157443,-0.0027883687,0.0240169826,0.0052642486
338.0000000000,-0.0175121349,-0.0033913240,0.0003288402,0.0039691463,0.0018826465,0.0135551679,-0.0008825946,-0.0239730497,-0.0053038802,-0.0070456880,0.0221684635,-0.0025269515,0.0038994631,-0.0011750940,-0.0046174404,-0.0099856613,-0.0262275934,-0.0096222236,0.0217559377,-0.0196663834,-0.0031847203,0.0081623155,0.0288233951,-0.0060910442,-0.0037185511,0.0173437819,-0.0172012604,-0.0163617953,-0.0064609872,0.0161796847,0.0247805400,0.0170338186,-0.0041925768,-0.0162834866,-0.0058421764,-0.0225907020,0.0170484562,-0.0046452160,-0.0268536797,-0.0232853668,-0.0004024068,-0.0105667830,0.0057001652,0.0078043010,0.0037728646,-0.0191106995,-0.0140800189,-0.0027050940,-0.0211375509,0.0241128627,0.0062724312,0.0010702007,0.0208879289,-0.0235825216,-0.0172878073,-0.0247616271,-0.0061963679,0.0175124031,-0.0123666430,-0.0032111997,-0.0241739973,0.0079216079,0.0245272543
339.0000000000,0.0024745064,-0.0064909025,-0.0051090978,-0.0246715183,-0.0311141191,0.0143662664,-0.0138850732,-0.0391552187,0.0044002706,0.0071645323,0.0094573219,-0.0071570569,-0.0099044697,0.0109111840,-0.0167575771,0.0201124328,-0.0025382999,-0.0187360347,0.0075379250,0.0060497953,-0.0130483187,0.0103875335,0.0114674507,-0.0071970858,0.0069255056,0.0073888713,-0.0051884005,-0.0149557127,-0.0104497236,-0.0250036250,-0.0104609410,0.0333810143,0.0086185282,0.0151597244,0.0035716246,0.0098678674,0.0526175549,-0.0395154003,0.0050728350,-0.0061359192,-0.0255699327,-0.0121622904,-0.0305246421,0.0191744953,0.0036324450,-0.0310661301,-0.0034358102,-0.0236374588,-0.0211060508,0.0194725820,0.0113561428,0.0065842275,0.0230558566,0.0059529307,-0.0118278282,0.0143715023,-0.0057202331,0.0112082699,0.0174433162,0.0025696852,-0.0209810812,-0.0053493737,0.0274103341
340.0000000000,0.0043800238,-0.0198358738,0.0069256250,-0.0278793194,-0.0164673548,-0.0218346559,-0.0124642399,-0.0289070417,0.0061190340,0.0374607042,0.0258125001,-0.0120699090,-0.0034845860,-0.0007281323,-0.0368647900,0.0082755691,-0.0163832096,-0.0201737761,-0.0016177932,-0.0043818211,0.0086552189,0.0058707159,0.0036617292,0.0069620493,0.0090122544,0.0057721684,-0.0154669447,-0.0190972604,0.0039302370,0.0020941773,0.0171656885,0.0178542684,0.0086739239,0.0057742974,-0.0070016289,0.0018890286,0.0207748971,-0.0240311354,0.0126498413,-0.0040321415,-0.0330184611,0.0006958902,0.0002105152,0.0112584500,0.0066341991,-0.0222050495,0.0160535187,-0.0026212473,-0.0100360553,0.0258375905,-0.0029395124,0.0084703021,0.0372712473,-0.0058363888,0.0082521404,-0.0162021563,0.0129746003,0.0018565482,-0.0053758002,-0.0291407371,-0.0061787389,0.0125215937,0.0074135758
341.0000000000,-0.0122049655,-0.0186232514,0.0050073917,0.0053513426,-0.0182550330,0.0238866351,0.0110571446,-0.0193962894,-0.0139911258,0.0147202729,-0.0018597883,-0.0068801655,0.0145944867,0.0015124479,-0.0238093393,0.0087331307,-0.0023032549,-0.0065905487,0.0027395248,-0.0095194800,0.0010392422,0.0112161924,-0.0044254053,0.0134479863,-0.0024470763,0.0097131960,-0.0298349180,0.0122986371,0.0061128199,-0.0269292953,-0.0079513981,0.0046249441,0.0081550439,-0.0027523867,-0.0005025974,-0.0118280921,0.0300802624,-0.0153886677,-0.0157171289,-0.0082582704,0.0010038397,-0.0128460236,-0.0002932165,-0.0000919673,0.0229482272,-0.0388320565,0.0033559025,-0.0160534122,0.0076551270,0.0218412764,0.0080440876,0.0098275451,0.0285523886,-0.0105242693,-0.0019521592,-0.0099559474,0.0039057762,0.0084879949,-0.0166441893,0.0002612598,-0.0114169513,0.0016577205,0.0223047713
342.0000000000,-0.0007661198,0.0119204515,-0.0051002769,-0.0204094602,-0.0073762567,0.0131598946,0.0000347679,-0.0316420847,0.0201316192,-0.0002563038,0.0228625215,-0.0149862434,0.0045809935,-0.0029296071,-0.0225133501,0.0199515652,0.0043775458,-0.0273026725,0.0096498745,-0.0121965861,0.0023305413,0.0433383051,-0.0156839171,0.0033151678,-0.0001742886,0.0135708473,0.0038519614,-0.0088025270,0.0113520805,-0.0382220449,-0.0221233596,0.0152946031,0.0000748583,0.0295916295,-0.0046818939,-0.0014178637,0.0150151107,-0.0010305161,0.0019195423,-0.0112076088,-0.0179853000,-0.0093926489,-0.0105416115,0.0043888311,0.0024734863,-0.0319549896,0.0269212630,-0.0280240771,-0.0219724540,0.0131010034,0.0424151339,0.0135440839,0.0141255773,0.0183627177,-0.0093595569,0.0014283576,0.0110313943,0.0134339246,0.0030357717,-0.0199270298,-0.0085807706,0.0311022738,0.0173599883
343.0000000000,0.0061803970,0.0000414875,-0.0051428635,0.0036657228,-0.0196214956,0.0058860762,-0.0173400490,0.0085186063,-0.0064471342,0.0120282081,-0.0106368849,-0.0130096117,-0.0015087522,0.0067463023,-0.0011088145,-0.0044050633,0.0041453389,-0.0061755319,-0.0213443855,-0.0129898967,-0.0048182573,0.0227279142,0.0231997709,-0.0065322006,0.0064408525,0.0171308266,-0.0034606751,-0.0134514841,-0.0107094517,0.0178952345,0.0028557687,0.0087457844,0.0040409113,-0.0133739513,-0.0140672938,-0.0038336637,0.0216342791,-0.0169643590,-0.0023375514,-0.0109830543,-0.0078168236,-0.0254167278,-0.0076255479,0.0113704183,-0.0100799258,-0.0262065620,-0.0077859925,0.0130417342,-0.0095773124,0.0089262890,0.0097269644,0.0084124675,0.0058864362,-0.0125374134,-0.0012192559,0.0151201330,0.0033623706,-0.0020536472,-0.0097894406,0.0010397176,-0.0089577811,-0.0033857401,0.0063943272
344.0000000000,0.0109096458,0.0071819116,0.0002692223,-0.0171590180,-0.0112126731,0.0292220295,-0.0057740015,-0.0239179125,0.0002156396,0.0033723008,0.0153364236,-0.0139542837,-0.0250009378,0.0169214381,-0.0180582054,0.0078487141,-0.0003123684,0.0088459939,-0.0009995328,-0.0287371997,-0.0314990217,0.0284400340,0.0114130895,-0.0118334306,-0.0209383274,0.0176283662,-0.0086226384,-0.0009297174,0.0132830390,-0.0182367639,-0.0029552449,0.0002258298,0.0006252272,0.0097761073,0.0077692983,-0.0293585658,0.0528813872,0.0179321638,-0.0047118280,-0.0147318793,-0.0106104008,0.0004631226,-0.0061914939,0.0232479981,0.0175750762,-0.0428357512,0.0102939901,-0.0089439437,-0.0127162070,0.0230746307,0.0172406796,0.0225162730,0.0232465727,-0.0003731293,-0.0170714112,-0.0113811909,-0.0011093583,-0.0016161422,-0.0053042188,-0.0006347061,-0.0191934372,0.0025134116,0.0177073386
345.0000000000,0.0148465449,0.0081033455,-0.0215878870,-0.0273302156,0.0078223342,0.0380971746,0.0294486534,-0.0218201582,-0.0025822225,0.0339951121,-0.0077290595,-0.0130852289,-0.0244477027,-0.0168618245,-0.0061886342,0.0106035627,-0.0100623535,0.0147998496,-0.0130620139,0.0112339010,0.0116016601,0.0391055095,0.0107583867,-0.0037829296,0.0048014535,0.0190892188,-0.0050707844,0.0025814260,-0.0081058471,-0.0039952317,-0.0003858022,0.0124277774,0.0098119036,0.0002120494,0.0047917953,-0.0090792094,0.0025015332,-0.0023898488,-0.0093135629,-0.0130784111,-0.0200079485,-0.0310225580,0.0097670036,0.0342213639,0.0169477547,-0.0172140366,0.0312351152,0.0093621387,-0.0076753548,0.0108199101,0.0131916287,0.0288164137,0.0382615884,-0.0139619303,-0.0295915888,-0.0040001465,0.0116560124,0.0062765010,0.0029562345,-0.0138590281,-0.0303635717,0.0056079010,0.0245190862
346.0000000000,-0.0066104665,0.0075668615,0.0121383105,-0.0038898191,-0.0082566639,0.0146279776,-0.0001444313,-0.0297130906,0.0038595953,-0.0042567090,0.0124448756,-0.0059160460,-0.0152172534,0.0057113285,-0.0207120452,0.0046720164,-0.0009481497,-0.0118573879,0.0236608670,0.0014122580,-0.0006197861,0.0322232825,0.0009626705,0.0000260235,-0.0118422451,0.0389312639,0.0087142578,0.0167142176,0.0011909554,-0.0157083008,0.0162545094,0.0002654827,-0.0068593583,0.0186752446,-0.0021348363,-0.0134679390,0.0178937659,-0.0048403910,0.0008152251,-0.0027920537,-0.0097650943,-0.0287506688,0.0091819476,0.0445544844,-0.0021781753,-0.0012939372,-0.0065078257,-0.0213165412,-0.0241526934,0.0128030504,0.0110402686,0.0078671045,0.0231070077,0.0030355651,-0.0112342737,0.0104015650,0.0078093823,0.0172348100,-0.0049294104,-0.0045062901,-0.0000387344,0.0109802715,-0.0059424935
347.0000000000,0.0040163799,0.0133112675,-0.0067638997,0.0135806612,0.0080258595,0.0183218889,0.0171768320,-0.0341688471,-0.0040384938,0.0076501359,0.0216143748,-0.0097135118,-0.0234416087,0.0015662280,-0.0122531465,0.0036000559,-0.0309648053,0.0201830358,0.0092936964,0.0061956591,0.0001439496,0.0307200539,0.0089723805,-0.0013562850,-0.0033981339,0.0182807749,-0.0039374001,0.0065619152,0.0188505893,0.0188423536,0.0218501312,0.0385221556,-0.0011056801,0.0294823996,0.0082008232,-0.0046217956,0.0504116059,-0.0172308865,-0.0111487633,-0.0289270082,-0.0261593733,-0.0184358173,-0.0140009078,0.0206177139,0.0063401613,-0.0177833442,0.0108636839,0.0045425310,-0.0116851984,0.0288026568,0.0194331827,0.0246141201,-0.0027481136,0.0077900217,0.0040934998,-0.0008884127,0.0102694075,0.0115550026,0.0076651747,0.0055150435,-0.0222754928,0.0105270427,0.0125217574
348.0000000000,-0.0025528333,0.0072205044,0.0049399028,-0.0181492813,-0.0202345601,0.0070727704,-0.0087453701,-0.0511839172,-0.0021516364,0.0157991158,0.0166081546,-0.0049173193,-0.0325826356,0.0313367429,-0.0187777180,0.0060111535,0.0100101292,-0.0233813792,0.0036970797,0.0011122607,-0.0160916925,0.0597761220,0.0059998032,-0.0084787311,0.0076113651,0.0492580712,-0.0010257472,0.0141682619,0.0156228137,-0.0157366941,0.0082706966,0.0040008057,0.0256749247,0.0336151744,-0.0101197125,-0.0266368543,0.0235025529,-0.0162670877,-0.0271325008,0.0092616753,-0.0080502171,-0.0111212367,-0.0241180049,0.0381756680,0.0214405293,-0.0566634161,0.0098896001,-0.0205140848,-0.0344019537,0.0216398762,0.0119631450,0.0063536429,0.0540122244,-0.0251950208,-0.0127362612,0.0260655852,0.0108603800,0.0057230350,-0.0073424294,-0.0171659969,-0.0334879063,-0.0075429554,0.0260842163
349.0000000000,0.0016997236,0.0050226447,-0.0092940683,-0.0064252863,-0.0169906718,-0.0206637268,-0.0085741770,-0.0370323406,0.0043724843,0.0164179704,0.0070724088,-0.0126919279,0.0222847270,-0.0033179392,0.0102445628,-0.0001067658,-0.0056516337,0.0004509567,0.0198094687,-0.0035088294,0.0084583120,0.0071488599,-0.0044313285,-0.0259363426,0.0162138208,0.0137717528,-0.0081836434,-0.0077986024,-0.0062073344,-0.0060829605,0.0090778186,0.0283339109,0.0072588397,0.0104559269,-0.0025057545,-0.0129908850,0.0148958560,-0.0073544071,-0.0047269335,0.0380154436,-0.0168621467,-0.0113406558,-0.0044010587,0.0250580166,-0.0048406173,-0.0284816959,0.0071689924,-0.0068282683,-0.0114862298,0.0153919583,0.0263731301,-0.0023937627,0.0013843875,-0.0001935345,-0.0071341147,-0.0171672021,-0.0184434825,-0.0076629964,-0.0152509742,0.0105207621,-0.0002860492,-0.0134567128,-0.0013237717
350.0000000000,0.0060759933,0.0183210410,0.0243366741,-0.0028250632,-0.0021174400,-0.0018868378,0.0049609750,-0.0444090728,-0.0001391110,0.0011894440,0.0008657937,-0.0128078270,0.0081120692,-0.0049572976,-0.0121582494,0.0021419336,-0.0082248602,0.0008816826,-0.0116942842,-0.0129734209,-0.0209276882,0.0261380042,0.0242049338,0.0037950296,-0.0011013882,0.0111706038,0.0004208393,-0.0001583842,-0.0065764186,-0.0122254669,0.0106251785,0.0089078841,-0.0057405858,0.0116540105,0.0181498852,-0.0207250599,0.0412569360,-0.0188949603,0.0046601545,0.0161908303,-0.0227536610,-0.0217710501,0.0045327726,-0.0011441557,0.0074072948,-0.0162096020,0.0242354506,0.0069031231,-0.0130345933,0.0212722218,-0.0024019466,0.0017802855,0.0053660809,-0.0072199767,0.0047804887,-0.0205438138,0.0118329570,0.0073006303,-0.0287966346,-0.0164940416,-0.0136545655,0.0074487166,0.0112357804
351.0000000000,0.0115781168,0.0027955371,0.0019431908,-0.0204042003,0.0042568503,0.0216005028,0.0038857375,-0.0220532455,0.0016347711,0.0178768802,0.0016009854,-0.0056834189,-0.0257070077,0.0132315557,0.0105982865,-0.0192223521,-0.0127276399,0.0055280222,0.0090382577,-0.0024487299,-0.0009066651,0.0198887671,0.0191002536,-0.0240955093,-0.0120264043,0.0210609027,0.0036611948,0.0211867857,0.0152162215,-0.0115924266,0.0078893824,0.0146741066,-0.0031703477,-0.0088274183,0.0118244246,-0.0221701282,0.0184474481,-0.0095250115,0.0049667294,-0.0037501245,0.0115765592,-0.0203849133,-0.0258639692,0.0107163594,-0.0003557430,-0.0254739175,-0.0145798681,-0.0131793574,-0.0066141012,-0.0013295998,0.0112416178,0.0141419125,0.0021422053,0.0016381213,-0.0055154724,-0.0104037043,0.0031769188,-0.0154560362,-0.0003404340,0.0038554679,-0.0221026268,0.0191261800,0.0260130429
352.0000000000,0.0150573052,0.0144350259,0.0042975160,-0.0002020455,-0.0077126305,0.0014209678,0.0162922033,-0.0237915457,0.0221637782,-0.0036690822,-0.0112450441,0.0020722562,0.0201392841,0.0125443710,-0.0204362286,0.0181760730,0.0022087328,-0.0162049518,-0.0040527827,0.0072008365,-0.0040319565,0.0099952362,0.0060651854,0.0120982467,-0.0013869777,0.0130171018,-0.0188960139,-0.0054896890,0.0085432810,-0.0146180010,0.0000688465,0.0114562743,0.0112847819,0.0188131868,0.0141729144,0.0098558515,0.0376600705,-0.0057539336,-0.0198499013,0.0041745988,-0.0254347011,-0.0077822568,0.0084940102,-0.0050814354,0.0097845730,-0.0025842534,0.0046053381,-0.0164926433,-0.0096783639,0.0139501425,0.0239619576,-0.0118982534,0.0054795529,-0.0042692097,-0.0050564477,-0.0098192864,0.0118760866,0.0090384579,-0.0078408765,-0.0028016076,-0.0212365804,0.0178869304,0.0235049780
353.0000000000,0.0054992141,-0.0110637842,0.0159979409,-0.0158459208,0.0129627132,0.0014001983,-0.0071527743,-0.0277838114,0.0142547163,0.0325813545,0.0003690628,-0.0016243548,-0.0124338493,-0.0209061014,-0.0172666987,0.0215488848,0.0212825871,-0.0139939335,-0.0122496124,0.0201673948,0.0180086165,0.0247496172,0.0252492223,-0.0025837853,-0.0120050165,0.0119080937,-0.0014399768,-0.0115635142,-0.0002436961,-0.0122187877,-0.0101980968,-0.0034823274,-0.0042687094,-0.0025586680,0.0215946770,-0.0034238629,0.0393342927,-0.0043647633,-0.0102782964,-0.0320888106,0.0036846044,-0.0021650150,-0.0111746820,0.0123195719,0.0033307815,-0.0153998297,-0.0139786044,-0.0082247905,-0.0142617286,-0.0035534347,0.0142822934,-0.0229640908,0.0115851373,0.0023478844,-0.0059312133,0.0100720486,0.0050877456,0.0120596220,0.0017053274,-0.0101209338,0.0068014780,0.0162743157,0.0119970257
354.0000000000,-0.0022126172,0.0142593822,0.0142417770,-0.0145268264,-0.0025780710,0.0099458217,0.0009722837,-0.0081065726,-0.0022986584,0.0120938730,0.0105099031,-0.0080429413,-0.0207667439,-0.0145796215,-0.0348608164,0.0507942214,-0.0078831200,-0.0014944608,-0.0094047455,0.0069495037,0.0019003624,0.0331106033,0.0132075359,-0.0054283499,0.0054970620,0.0320035159,-0.0229777521,-0.0050101388,0.0053203072,-0.0043110602,0.0147002109,0.0042767818,-0.0031060840,0.0228275328,-0.0031851329,-0.0047661391,0.0385752504,-0.0181087663,0.0090940474,0.0281279231,-0.0142996951,-0.0231327476,0.0031646970,0.0396228264,-0.0052322456,-0.0173666652,0.0343851541,-0.0005754356,-0.0447335760,0.0324550814,0.0067867203,-0.0151375408,0.0127456450,-0.0165779812,0.0008473455,-0.0163242637,0.0157086181,0.0010606886,0.0028664964,0.0027390440,-0.0027881521,0.0030642500,0.0062547661
355.0000000000,-0.0096729536,0.0026769635,-0.0072886743,-0.0327943709,-0.0148460989,0.0168221609,0.0286067668,-0.0389019674,0.0102461523,0.0214980569,0.0077877842,0.0045487051,0.0044887474,-0.0214290267,0.0044232215,0.0325375736,-0.0360915884,-0.0097790471,0.0010545614,0.0150884157,0.0109716893,0.0448449711,0.0095928837,-0.0025903952,-0.0053210225,0.0117662873,-0.0193546335,0.0199170517,-0.0280521746,-0.0184185765,0.0076769903,0.0222727467,-0.0002688340,0.0120244920,-0.0080311233,-0.0121272762,0.0318714894,-0.0150016473,-0.0257090799,-0.0020159634,-0.0443980568,-0.0121363608,-0.0161006407,0.0268993351,0.0278974782,-0.0149754740,0.0226986577,-0.0285300914,-0.0231074454,0.0194121390,0.0359392010,0.0089557937,0.0198024824,0.0059351928,-0.0016812280,0.0070266839,-0.0010313017,0.0059518693,-0.0011274126,-0.0151703167,-0.0229672989,-0.0063241977,-0.0056316610
356.0000000000,-0.0030138338,-0.0029167028,0.0125918989,-0.0007587779,0.0107736222,0.0230602748,0.0060675476,-0.0290162146,0.0278511551,-0.0076215992,0.0049887060,-0.0357493762,0.0066893289,-0.0380021468,0.0071154893,0.0097328659,-0.0189125983,-0.0107090643,0.0132663912,0.0244677738,-0.0114896668,0.0130096607,0.0142687001,-0.0116267769,0.0041677025,0.0001954523,0.0032900862,-0.0013681765,-0.0136877155,-0.0091447255,0.0141989713,0.0033510217,0.0120481695,0.0024024813,-0.0169520415,-0.0186029708,0.0092955415,-0.0025035328,0.0088407475,-0.0034371100,-0.0140992583,-0.0109684827,-0.0021435250,0.0232050370,0.0141563228,-0.0312597525,0.0065336497,-0.0101284124,-0.0139256089,0.0099602494,0.0048537340,-0.0036163952,0.0241593758,-0.0109192131,-0.0090484915,0.0115054949,0.0189795265,0.0056118236,-0.0159444678,-0.0029541096,-0.0276258467,0.0062560636,-0.0062960348
357.0000000000,0.0091244678,-0.0093064660,-0.0174814026,-0.0176346324,-0.0131229106,0.0076270499,0.0121654941,-0.0294158931,-0.0057060616,-0.0123593901,0.0318242717,-0.0254425607,-0.0114482529,0.0029889212,-0.0072396180,0.0004548853,0.0130573287,-0.0063798928,-0.0122027275,-0.0021632417,-0.0001543827,0.0146269527,-0.0022792905,0.0112839192,0.0129188209,0.0257255900,0.0062467549,0.0162175618,0.0167123428,-0.0134166006,-0.0132956660,0.0216946783,0.0086291938,0.0223370207,0.0031458310,0.0048646026,0.0146304677,0.0015160579,-0.0111665322,-0.0273922412,-0.0379232113,-0.0228119300,0.0010135913,0.0093912535,0.0036457626,-0.0019221681,0.0009542945,-0.0118797629,-0.0093547052,0.0384895155,0.0002742468,-0.0139263843,0.0089597967,-0.0115858504,0.0116196259,0.0179292213,-0.0141582088,-0.0010362353,0.0074365482,-0.0045940037,-0.0073340500,0.0077068686,0.0146364704
358.0000000000,0.0152322152,-0.0073157947,0.0109916846,-0.0274881101,0.0219269863,0.0129858914,-0.0118230269,-0.0291147479,0.0116990849,0.0291656420,0.0090313740,-0.0134657362,-0.0161742816,0.0067972721,-0.0289623911,0.0162436593,0.0156930951,0.0242103612,0.0163703221,0.0126081528,0.0039258183,0.0257820216,-0.0119536463,0.0036200232,-0.0035348717,0.0161561088,-0.0089511331,-0.0032526473,-0.0062650665,-0.0127921816,-0.0005763001,0.0192186993,-0.0065115211,0.0202783125,0.0063391003,0.0093075584,0.0336910228,-0.0116885654,0.0368597867,-0.0178948683,-0.0240573008,-0.0210089482,-0.0151894735,0.0003415018,0.0262865486,-0.0007714801,-0.0156991200,-0.0084774143,-0.0125943624,0.0267775600,0.0206318217,0.0108696762,0.0218210741,0.0020613685,-0.0152263215,0.0182765440,-0.0063304182,0.0108660764,0.0071378744,-0.0010124565,-0.0119985011,-0.0116341622,0.0208934503
359.0000000000,-0.0010616629,-0.0055662562,0.0257980339,0.0011447651,0.0258958510,0.0405130306,0.0035625341,-0.0056016747,0.0001547530,0.0151325017,0.0034903785,-0.0232881528,-0.0148617940,0.0123609143,0.0062720033,0.0120635163,0.0178663335,-0.0080441521,0.0036851195,0.0129549873,0.0077546690,0.0183432544,0.0164997050,-0.0056795612,-0.0100850308,0.0314998164,0.0028330194,0.0001858430,-0.0055787505,-0.0016665056,0.0062128045,0.0400400700,-0.0018239101,0.0051126082,-0.0050766404,-0.0145822370,0.0028667336,-0.0008425480,-0.0095004366,-0.0089277600,-0.0317444569,-0.0239519201,-0.0095608897,0.0161785206,0.0047097409,-0.0016050811,0.0238106586,0.0082803721,-0.0236095965,0.0224976571,0.0076723533,0.0127295354,0.0225755251,-0.0030145046,0.0047755940,-0.0059794696,-0.0007998951,-0.0025565037,-0.0050339864,0.0014705505,-0.0249454944,0.0017740172,0.0187950180
360.0000000000,-0.0122091040,0.0014480432,0.0020601972,-0.0070492568,-0.0142971715,0.0028477108,0.0000634971,-0.0377579258,0.0218583707,0.0246615435,0.0077104152,0.0183501231,-0.0204087536,-0.0043555827,-0.0051124261,0.0107719054,-0.0023660843,-0.0085094594,0.0168408669,0.0010273094,-0.0099653717,0.0246315277,0.0138168145,0.0099824781,0.0198060237,0.0281794427,-0.0134078510,-0.0046691168,0.0039882764,0.0046658581,0.0069559822,0.0176104181,0.0211693020,0.0207943809,0.0100015417,-0.0104865234,0.0245145269,-0.0011638200,-0.0071733591,-0.0115761938,-0.0108413277,-0.0127033089,0.0208706296,0.0441705846,-0.0066594156,-0.0005491604,0.0063370428,0.0031541948,0.0043385402,0.0343934822,0.0087616001,-0.0007163880,0.0177716873,-0.0028951498,0.0004926179,-0.0192323288,-0.0074539874,0.0213440870,-0.0120537643,-0.0428253994,-0.0310716616,-0.0113189349,0.0419541831
361.0000000000,0.0057567441,0.0043067743,0.0004440030,-0.0167751079,0.0171885487,-0.0026787168,0.0001283849,-0.0138519298,0.0161274661,0.0259495719,0.0297823628,-0.0025325934,-0.0143073680,0.0195375405,-0.0542886533,0.0087612322,-0.0237281779,-0.0026455405,0.0110718684,0.0096872651,0.0141974430,0.0028653732,0.0159208726,-0.0029080135,0.0007205568,0.0336189766,-0.0193056893,-0.0072019507,0.0279565393,-0.0054557006,-0.0180449231,0.0292649141,0.0038235584,0.0315780933,0.0132621994,0.0073662744,0.0532274980,-0.0170729200,-0.0031944629,-0.0155269318,-0.0350490462,-0.0077073361,0.0018539000,-0.0030214570,0.0083293797,-0.0051485947,0.0002516044,0.0119964106,0.0008899942,0.0203634950,0.0094761844,-0.0225140930,0.0146163869,0.0104963604,0.0091517246,0.0265706512,0.0439118598,0.0228139968,-0.0090813869,-0.0007860135,0.0031325504,-0.0154872702,0.0422725974
362.0000000000,-0.0126811964,0.0011476405,0.0019789850,0.0176612951,-0.0035016795,-0.0189828179,0.0254744633,-0.0127543340,-0.0148601500,0.0102655671,0.0004522920,-0.0043481513,-0.0089728762,0.0059916854,-0.0239754772,-0.0052511523,-0.0057969991,0.0062214529,0.0061949723,0.0026205450,-0.0294647187,0.0234906509,-0.0019315909,-0.0109422316,-0.0093005676,0.0354158768,0.0176809406,0.0018272413,0.0091612453,-0.0056507975,-0.0198862293,-0.0004535590,-0.0030249140,0.0070309476,0.0055280421,-0.0058168065,0.0315507675,-0.0120428393,-0.0141188313,-0.0067793033,-0.0206651159,-0.0126839322,0.0028917796,-0.0002387134,-0.0008597806,-0.0188720450,-0.0180465050,0.0146875282,-0.0163247356,0.0153894688,0.0036445846,0.0229568672,0.0119968525,0.0130264139,0.0248698206,0.0132497005,-0.0031407644,0.0110669058,0.0249405044,-0.0145164178,-0.0155546313,0.0127041657,0.0112890929
363.0000000000,-0.0042621233,0.0149549243,0.0079928899,-0.0364973212,-0.0051463782,0.0151110134,-0.0137098644,-0.0362005572,0.0179144221,0.0152427723,0.0249229083,-0.0006277196,0.0074227553,0.0053667066,-0.0242077836,0.0107739850,-0.0190351116,0.0078646043,-0.0179144564,0.0036885995,-0.0285385814,0.0149831534,0.0217707205,-0.0228695589,0.0033200968,0.0148552507,-0.0223253008,0.0126492330,0.0182177111,0.0021995071,0.0149541295,0.0286933748,0.0385248077,0.0103668999,-0.0148645109,-0.0126271552,0.0582997254,0.0019892452,0.0235156298,0.0190209505,-0.0151587240,-0.0232059263,0.0002415557,0.0218334877,-0.0116980419,-0.0159742419,0.0152973791,-0.0120590038,-0.0076206222,0.0417717713,0.0168173981,0.0116595408,0.0121405542,-0.0119490198,-0.0114251275,-0.0152471805,-0.0146152295,0.0120522281,-0.0081522228,-0.0373235695,-0.0214817814,0.0041064347,0.0003337442
364.0000000000,-0.0014550916,0.0264032256,0.0152285175,-0.0284317518,-0.0059868274,0.0388854307,0.0176111744,-0.0326610416,0.0175714584,0.0295261749,-0.0064680149,0.0018302716,-0.0073258742,0.0048807191,-0.0093149505,0.0061543039,-0.0096050944,-0.0005889302,0.0066829484,-0.0143579427,0.0101858936,0.0259118494,0.0028508643,-0.0109710442,-0.0063024492,0.0452571654,-0.0023554786,0.0103660539,-0.0031131436,-0.0109372428,0.0174417656,0.0251843891,0.0027857367,0.0225227694,-0.0094737001,-0.0153235542,0.0589317509,-0.0114885311,-0.0243372521,0.0097151629,-0.0258908192,-0.0338656854,-0.0035457229,0.0449690976,0.0217283426,-0.0410512171,-0.0013250529,-0.0136256670,0.0004072127,0.0199975578,0.0276023310,-0.0090522419,0.0287963815,-0.0082757950,-0.0104219692,-0.0076820253,-0.0161548978,0.0265065134,0.0001742809,-0.0176575694,-0.0330522634,0.0033560377,0.0160927721
365.0000000000,0.0285308394,-0.0069441868,0.0126683979,0.0053654203,0.0124282614,0.0045524438,0.0126851429,-0.0151590852,0.0020101612,0.0209621248,0.0177372795,-0.0172380013,-0.0156302359,0.0095847187,0.0108826357,-0.0009227046,0.0037502511,0.0082182155,-0.0034406566,0.0208322839,0.0123498502,0.0143082961,0.0142636030,0.0133606293,0.0064382495,0.0046134104,-0.0091462983,0.0049376004,0.0284094431,-0.0141121210,0.0006728025,0.0455053799,0.0212921259,0.0157714485,0.0016718452,-0.0036811370,0.0241549286,-0.0244552222,0.0138768750,0.0011378578,-0.0156853503,-0.0180258614,-0.0215219614,0.0174537252,-0.0110890649,-0.0046108106,0.0179633636,0.0101460701,-0.0020670292,0.0278276688,0.0103191727,0.0038346811,-0.0054841950,-0.0079141262,-0.0027225204,-0.0202228111,-0.0047739443,0.0209125382,0.0093196136,0.0020233987,-0.0370426049,0.0124134307,0.0424956553
366.0000000000,0.0210302412,0.0065813202,0.0296925217,-0.0079739768,-0.0007302386,-0.0025898293,0.0075960292,-0.0223034816,0.0057585574,-0.0062476998,0.0143168222,-0.0173345700,-0.0166895851,0.0135912741,-0.0064588956,0.0019127523,-0.0033043518,0.0081765981,0.0055168784,0.0011875140,0.0072272458,0.0004963426,0.0204806965,-0.0222773345,0.0028386142,0.0366603384,-0.0093920796,-0.0001510034,-0.0079569488,0.0007901902,0.0139911105,0.0138374286,0.0195400999,0.0346839024,0.0109319049,-0.0191905290,0.0208268173,-0.0238261938,0.0077003197,-0.0044676375,-0.0168865447,-0.0237448627,0.0023895616,-0.0014539241,-0.0180524498,-0.0349045585,0.0283314118,-0.0138653548,-0.0099193530,0.0188063957,-0.0011870004,0.0157045050,0.0284769580,0.0071774627,-0.0086124668,0.0052885330,0.0069900417,-0.0065984042,0.0080414166,-0.0104125176,0.0079454461,0.0074185212,0.0251800734
367.0000000000,0.0041312151,-0.0018572371,0.0266408522,-0.0069455298,-0.0026323233,-0.0037415045,0.0045119189,-0.0158709546,-0.0062170671,0.0172270609,0.0004580494,-0.0158182132,-0.0021664584,-0.0057087930,-0.0265852127,0.0259504560,0.0131364345,-0.0220901753,0.0069200580,0.0067469452,0.0149951726,0.0055717343,0.0192088362,-0.0244742294,0.0065357439,0.0514421995,-0.0132467034,0.0048815356,0.0062737450,-0.0107842871,0.0173001497,-0.0064765121,-0.0052108503,-0.0042773068,-0.0032020825,0.0121947498,0.0369430828,-0.0283922925,-0.0172688188,-0.0062800362,-0.0179322232,-0.0306655209,0.0087610410,0.0072017406,0.0113732682,-0.0108825573,0.0214039886,-0.0272630237,-0.0221528189,0.0070985458,0.0210748703,-0.0169925819,0.0241419653,-0.0219988653,-0.0037033091,0.0086971408,-0.0135200770,0.0092632460,-0.0146873391,-0.0237205417,-0.0317806872,-0.0055844921,0.0306665105
368.0000000000,0.0053438220,0.0052689720,0.0073735386,-0.0320994079,-0.0198474856,0.0197406097,-0.0052117330,-0.0367598321,-0.0151470222,-0.0089015953,0.0192506987,-0.0036374335,0.0009348572,0.0142162483,-0.0179284265,0.0183967630,0.0236957237,-0.0008586023,0.0086475944,0.0109350431,-0.0019094847,0.0250766470,0.0005142587,-0.0163506372,-0.0089186342,0.0226122397,-0.0140001432,-0.0003032643,0.0158298617,-0.0269321024,-0.0091352620,0.0211226242,0.0256798249,0.0215660061,-0.0005109457,-0.0242323455,0.0303295551,-0.0292644427,-0.0105175922,0.0018080489,-0.0048107813,-0.0227982655,-0.0048981685,0.0077141585,0.0101049972,-0.0159214379,0.0085756306,-0.0161394461,-0.0188002251,0.0172137922,0.0095693455,-0.0010106252,0.0305723736,-0.0095824517,-0.0074613457,-0.0093916993,0.0110480981,0.0228960178,-0.0003120310,-0.0000430209,-0.0054701464,0.0096650412,0.0042255372
369.0000000000,-0.0128163310,0.0159079640,0.0107086453,-0.0196627824,-0.0293535690,0.0228315428,0.0062151830,-0.0369999713,-0.0163766870,-0.0087452403,0.0095493333,-0.0127217453,0.0002542486,-0.0127883080,-0.0371694388,0.0171145522,0.0095710452,0.0061587722,0.0204595097,0.0178197674,0.0047276392,0.0067401696,0.0195407068,-0.0073912394,-0.0036449557,0.0188921511,-0.0082591144,-0.0079609503,-0.0024223387,-0.0047981824,0.0151858946,0.0066269953,0.0095418881,0.0155938143,-0.0091256774,-0.0437350307,0.0308013771,-0.0158794672,-0.0002731853,0.0055813724,-0.0254348547,-0.0256071076,-0.0009001889,0.0114547952,-0.0076421636,-0.0213388090,0.0079483415,-0.0189353577,-0.0142330922,0.0140495795,-0.0047501314,-0.0156873646,0.0130666785,-0.0105614170,-0.0034369608,-0.0095083293,0.0011435557,0.0010781534,-0.0090371330,-0.0059322783,-0.0379163265,0.0129685663,0.0019263632
370.0000000000,0.0275701912,0.0106665220,0.0075806331,-0.0014065239,0.0030731056,-0.0009590798,0.0173089429,-0.0662655999,0.0105086774,0.0237405941,0.0054717111,-0.0139661872,-0.0254913313,-0.0104157869,-0.0217346571,0.0401655319,0.0035118032,-0.0114289816,-0.0007961949,-0.0021147151,-0.0161697566,0.0196642705,0.0218298716,-0.0102487869,0.0057285846,0.0369082242,0.0162194347,0.0079396618,0.0043374219,0.0020730907,-0.0014951074,0.0210610549,-0.0065021386,0.0191403963,0.0222383388,0.0033711940,0.0411633713,-0.0232521204,0.0081222740,-0.0078154806,-0.0283075754,-0.0159649628,0.0038701588,0.0070062153,0.0125794780,-0.0335489509,0.0020924899,-0.0079606323,-0.0178420740,0.0179144792,-0.0086697985,0.0096712472,0.0312213347,-0.0215171786,-0.0124243599,-0.0026824007,-0.0054882641,0.0104906655,-0.0101511432,0.0007562883,-0.0129386452,0.0094805213,0.0504364102
371.0000000000,0.0012376552,0.0296226527,-0.0218277061,-0.0369397332,0.0056810992,-0.0059517736,0.0184343713,-0.0323220176,0.0019734276,0.0090333623,0.0217405759,0.0006550323,-0.0115673041,0.0028616849,-0.0078542350,-0.0157395826,0.0115797532,0.0083505819,0.0048375687,-0.0154396494,-0.0091897703,0.0317478020,0.0024142200,-0.0133839752,-0.0172608232,0.0222914612,0.0034462474,-0.0060887788,0.0038224667,-0.0052700010,0.0194425916,0.0290435615,0.0056758608,0.0275448105,-0.0048975923,-0.0131352130,0.0315362012,-0.0204802826,0.0167904752,0.0043563050,0.0004246691,0.0100203937,-0.0036496601,0.0046251958,0.0054476017,-0.0253169091,0.0006095200,-0.0108490410,-0.0235498004,0.0224535907,-0.0144641290,0.0001126782,0.0054767413,0.0136290108,-0.0009868762,0.0064394077,0.0110311583,-0.0058975009,0.0023897753,-0.0199670434,-0.0166754266,-0.0077012682,-0.0037856864
372.0000000000,0.0159060726,0.0017576169,0.0005555358,0.0140891759,0.0080946964,0.0044901212,-0.0103372577,-0.0128329584,-0.0006740457,0.0248738364,0.0104437641,0.0206687127,-0.0144750678,-0.0042376080,-0.0002215789,0.0060930945,-0.0115093071,-0.0037726341,-0.0081466334,0.0184854279,-0.0133719854,0.0284940061,0.0039835532,-0.0109141888,-0.0169424898,0.0271952280,0.0057337051,-0.0038677461,0.0118198740,-0.0062777412,-0.0068099490,0.0267744773,0.0098279255,0.0162335682,0.0103318294,-0.0097559390,0.0276444260,0.0266119364,-0.0048114971,-0.0181353415,-0.0213871815,-0.0259778897,-0.0166437433,0.0078839389,0.0096856733,-0.0202611435,0.0120771440,-0.0009570508,-0.0238809226,0.0175479128,-0.0032314836,-0.0020357450,-0.0012410445,-0.0174018724,-0.0043863035,0.0056452950,0.0124776547,0.0100455603,0.0112453856,0.0020346453,-0.0039714524,0.0023270687,0.0204553043
373.0000000000,-0.0212932785,0.0157056636,-0.0005093910,-0.0137137976,-0.0088221995,-0.0174608761,0.0119459459,-0.0072890940,0.0200344782,0.0006707116,0.0090883235,0.0047282691,-0.0110507013,0.0202025885,-0.0175764285,-0.0029668227,-0.0269663943,-0.0072775412,0.0187370655,0.0267129829,-0.0149126002,-0.0230640204,0.0026500012,-0.0157391725,0.0093484355,0.0115634635,-0.0104312011,-0.0081171052,0.0310241022,0.0078126302,-0.0019727721,0.0237754204,-0.0043473247,-0.0071713321,-0.0141091750,0.0115327205,0.0306679977,-0.0044652050,-0.0160585983,-0.0129454225,-0.0086366410,-0.0132444947,0.0105394263,0.0158354485,-0.0174561977,-0.0192446127,0.0224742579,-0.0023156604,-0.0169413522,0.0346999530,0.0121083971,-0.0034742076,0.0053727017,-0.0129553393,0.0105394704,0.0002502201,0.0168959440,0.0029194653,0.0154451631,0.0038982705,-0.0199893343,0.0059092758,0.0132801559
374.0000000000,0.0138876558,-0.0135038298,-0.0016745103,-0.0188572891,-0.0113206122,-0.0056987147,0.0217517267,-0.0312610956,0.0226846945,0.0005049819,0.0161619965,0.0193076040,-0.0161450402,-0.0023373167,0.0166229264,-0.0025673046,0.0017370851,-0.0024538044,0.0090792966,0.0056714800,-0.0261672775,0.0074203220,0.0153017317,-0.0317566333,-0.0117264260,-0.0099909616,-0.0102012258,0.0034208426,0.0046833344,-0.0191352525,0.0215832350,-0.0094646786,-0.0054015313,-0.0008375270,-0.0105658161,0.0161146439,0.0318050479,-0.0115397297,-0.0104634812,0.0000948692,-0.0090958669,-0.0011402808,-0.0254924810,0.0276061085,0.0121008975,-0.0218268362,0.0100431112,0.0035204493,-0.0092559041,0.0103960930,0.0179416516,-0.0134141768,0.0149343923,-0.0055481724,0.0104118172,0.0100618883,-0.0218703991,0.0156318097,-0.0017370353,-0.0051487937,0.0078532904,0.0119830794,0.0190452125
375.0000000000,0.0022804373,0.0139002309,0.0147956213,-0.0162645728,-0.0182766342,0.0015006744,0.0175264456,-0.0292317647,0.0073148176,-0.0092354735,0.0109823294,-0.0187649396,-0.0141140488,0.0201306414,-0.0078080992,0.0017326664,-0.0034875556,0.0008855116,0.0005723063,0.0080684796,-0.0030781017,0.0277316868,0.0096888080,-0.0084647837,0.0002559829,-0.0017711647,0.0098403103,-0.0215420392,0.0152422837,-0.0053216996,0.0184267268,0.0070683953,0.0031254381,0.0232651339,0.0081107028,0.0035977455,0.0286018856,0.0105564876,0.0085368855,-0.0170015944,-0.0312490972,-0.0177611264,-0.0101378128,0.0198455046,0.0101982228,-0.0144051056,0.0093087297,-0.0016488835,-0.0050197478,-0.0046920392,0.0181887098,0.0013153464,0.0195252521,-0.0054431387,-0.0071500245,-0.0065875707,0.0054679411,0.0231457888,-0.0144010234,0.0139898477,-0.0212261796,-0.0091769269,0.0200753883
376.0000000000,0.0055036463,0.0044371789,-0.0004127013,-0.0115109250,-0.0044012799,0.0176107011,0.0060004427,-0.0476601880,0.0018761244,0.0304572844,-0.0108735941,-0.0004571599,-0.0030961301,-0.0014267564,-0.0100541646,0.0002958703,-0.0035511855,0.0043057454,0.0073934137,-0.0189481890,0.0008666589,0.0049990804,0.0255445872,-0.0025194441,0.0087788786,0.0303214724,-0.0168852412,0.0144229252,0.0277049721,-0.0247629302,0.0128106348,0.0253710240,0.0078418187,0.0247046205,-0.0178426555,-0.0211782337,0.0436460811,-0.0105715371,-0.0019073194,-0.0004669738,-0.0067152479,-0.0129840078,-0.0185113192,-0.0036037549,0.0027293316,-0.0179249367,0.0028922900,-0.0032627028,-0.0277567458,0.0038451878,0.0091583731,-0.0079051938,0.0328604537,-0.0086407779,-0.0114965336,0.0171904653,0.0032613736,-0.0037553418,0.0001440159,-0.0083910577,-0.0155006785,-0.0048544404,0.0327894526
377.0000000000,-0.0009408803,-0.0031721534,0.0057615716,0.0019128853,-0.0183664176,-0.0063845134,-0.0024244676,-0.0276303882,0.0091558403,0.0226135826,0.0051696744,-0.0209604172,-0.0180242252,0.0083726697,-0.0088089624,0.0107702614,0.0018600657,-0.0023718898,0.0002893540,0.0292788165,0.0151415587,0.0273624256,-0.0026518232,-0.0016815539,0.0015574798,-0.0038810319,0.0314306026,0.0081258892,-0.0059654088,-0.0133092868,0.0026865348,0.0117360017,0.0189619177,0.0059880238,0.0088274162,0.0035954192,0.0491883305,0.0284592208,0.0141425270,-0.0004108243,-0.0325920675,0.0037405817,0.0005669621,-0.0109894417,0.0034103751,-0.0343676194,0.0174437946,-0.0184287892,-0.0110746808,0.0121999836,0.0245876775,-0.0125300589,0.0452728139,-0.0159001906,-0.0276816700,-0.0055332926,0.0123699510,0.0086317798,-0.0174832656,0.0106692424,0.0013051202,-0.0126655649,0.0278700212
378.0000000000,0.0171288692,-0.0072994108,0.0034845163,-0.0132882587,-0.0068222237,-0.0098249652,-0.0054271208,-0.0284916350,0.0250730756,0.0347995692,0.0105194620,-0.0127836998,-0.0178933011,-0.0002803833,-0.0003711160,0.0114463598,-0.0093544970,0.0116580297,0.0007136309,0.0046007235,0.0008384664,0.0331114319,0.0394808587,-0.0070457206,0.0016976390,0.0122527189,0.0157447264,0.0027341495,-0.0084965272,0.0038671095,-0.0074136173,0.0016761411,0.0055383795,0.0032463539,0.0113931788,-0.0270888105,0.0150883669,-0.0008855143,-0.0060231048,-0.0003602457,-0.0282923402,-0.0192939812,-0.0224696865,0.0267360140,0.0083679083,-0.0388201210,-0.0187368733,-0.0230336050,-0.0157147669,0.0266343264,0.0220851083,-0.0052689871,0.0481284550,0.0009355643,0.0058815352,0.0142970659,0.0186623790,-0.0068262597,-0.0029784553,-0.0076595293,-0.0115833752,0.0027020005,-0.0027024310
379.0000000000,-0.0065676845,0.0008307688,0.0188970075,0.0033640555,0.0045967148,-0.0115208416,-0.0143606789,-0.0062607231,-0.0130566444,0.0060557630,0.0005697361,-0.0084129287,0.0154404350,0.0039112799,-0.0270366419,0.0113203870,0.0111146992,-0.0067023283,0.0128495689,0.0221249021,-0.0188413411,0.0071786178,0.0020197891,-0.0048118132,0.0166859102,0.0360629540,0.0180784150,0.0063672621,-0.0051201062,-0.0162859652,-0.0008586866,0.0314246187,-0.0017830249,0.0190459620,-0.0127912485,-0.0477100465,0.0207892242,-0.0104098352,-0.0247020342,0.0152863819,-0.0249277455,-0.0200263083,-0.0070245380,0.0223964422,0.0101004247,-0.0147802345,0.0117266466,-0.0251148276,0.0008363711,0.0166096948,0.0042363163,-0.0088380779,0.0320266913,-0.0050934078,-0.0041388404,-0.0169321688,0.0135684671,0.0085586563,0.0106105172,-0.0132271818,-0.0066798575,0.0212774719,0.0032152719
380.0000000000,0.0024249693,-0.0069448323,-0.0042161686,-0.0385481960,-0.0302613656,0.0053372984,-0.0095270151,-0.0248793496,0.0052836371,0.0230728493,0.0081476139,0.0002662102,0.0046093336,0.0051093134,-0.0170169561,0.0029542181,-0.0220070908,-0.0024069285,0.0061606847,-0.0010779215,-0.0137714440,0.0314104812,0.0218731687,-0.0029359274,0.0145501018,0.0426288701,-0.0112110646,0.0156674870,0.0111472235,-0.0161267002,0.0273023894,0.0020964593,0.0038358412,0.0461585018,0.0075973027,-0.0090747363,0.0424711768,-0.0301287716,0.0127443377,-0.0045471546,-0.0213844595,-0.0207544924,-0.0016233913,0.0358134706,-0.0064365005,-0.0327406100,-0.0134213789,-0.0282897169,-0.0320474076,0.0246453582,0.0190321243,-0.0138471165,0.0414291820,-0.0025098446,0.0220039140,-0.0000981659,-0.0037180493,-0.0005391374,-0.0036905355,0.0115519886,-0.0045587475,0.0140542223,0.0267362870
381.0000000000,0.0043130704,0.0029396002,0.0076584721,-0.0180248845,-0.0204501652,0.0092566176,-0.0126275116,-0.0259577526,0.0020447404,0.0055674013,-0.0014920292,-0.0085285011,-0.0335074763,0.0074041985,-0.0484106366,0.0166939451,-0.0004640290,-0.0240169933,0.0009362680,0.0056627262,0.0077840810,0.0126637166,0.0037817125,-0.0135037481,0.0070414654,0.0573089851,0.0148242209,-0.0013128783,0.0009242986,-0.0016131394,0.0156027423,0.0408479911,-0.0006318342,0.0173379993,-0.0086016014,0.0102524568,0.0697332613,-0.0014345064,0.0024761990,-0.0122082660,-0.0007004894,-0.0316624356,-0.0060761381,0.0294999307,0.0297900104,-0.0341684743,0.0317845803,-0.0193788762,-0.0153519599,0.0342001839,0.0179045172,-0.0017207287,0.0531163268,-0.0204819795,0.0005315195,-0.0079292826,0.0213063557,0.0129143047,-0.0106821421,-0.0019878135,-0.0222262063,0.0057544417,0.0034406162
382.0000000000,-0.0060397239,-0.0073891290,0.0015549422,0.0095095486,0.0100409393,0.0106771814,0.0129537452,-0.0292633136,-0.0031203156,0.0403748591,0.0131004066,-0.0159752283,-0.0133651509,-0.0358602288,-0.0029136418,0.0142968876,-0.0144601151,-0.0291586717,0.0207939926,0.0128653159,-0.0012905691,0.0414759578,-0.0058130920,0.0146988949,0.0070381989,0.0255248475,-0.0023686071,-0.0002718238,0.0077104625,-0.0028586924,0.0304147212,0.0100169144,0.0260234568,0.0198837151,0.0041917876,-0.0131544361,0.0307661068,0.0015349914,-0.0068508316,-0.0215774925,0.0111784235,-0.0104984803,0.0185641243,0.0111123701,0.0269231504,-0.0365746485,0.0127156524,-0.0035008594,0.0063724072,0.0159537259,-0.0075023678,0.0075262159,0.0251962701,0.0056009815,-0.0195000638,0.0030773928,-0.0207057606,0.0157072971,0.0139227974,-0.0035327357,-0.0165407485,-0.0057642272,0.0055798007
383.0000000000,-0.0109587670,0.0132370921,-0.0020176400,-0.0068945867,-0.0236688553,0.0031939793,-0.0023967544,-0.0282945445,-0.0024633380,0.0045050525,0.0001077791,-0.0080202646,0.0001481610,-0.0009395660,-0.0104040687,0.0289418046,0.0112199105,-0.0326434230,0.0225359598,-0.0057730726,-0.0119853701,0.0118343137,0.0246356187,-0.0062378016,0.0154143699,0.0093941185,0.0061224067,-0.0084096717,0.0104764079,-0.0074090451,0.0121747686,0.0291696729,-0.0071903335,0.0207318625,-0.0100702483,-0.0254432060,0.0278502143,0.0115649531,-0.0016666674,-0.0112702270,-0.0360904586,-0.0073517949,0.0028822765,0.0022844161,0.0083246475,-0.0109725104,-0.0015452479,0.0065197760,-0.0231201853,0.0268837002,0.0207842590,0.0053289521,0.0167059895,0.0173661142,0.0010757294,-0.0062961741,0.0177605955,0.0036394258,0.0067082530,-0.0206284712,-0.0024096504,-0.0235539099,0.0063023755
384.0000000000,-0.0221448838,-0.0218897287,0.0041240618,-0.0217499899,0.0018830506,0.0010033086,0.0045138025,-0.0389189287,0.0181678484,0.0036607769,0.0235812448,-0.0214673720,-0.0082175230,-0.0121723838,-0.0140296332,0.0235574147,0.0077570975,-0.0149238820,-0.0096527068,0.0065554916,-0.0020684817,0.0280610893,0.0093863816,-0.0019167124,0.0147378157,0.0220367167,-0.0123812247,-0.0018110555,0.0083715312,-0.0016128936,0.0082915833,0.0107434701,0.0148177497,0.0102669037,0.0180915638,-0.0254305652,0.0447253216,-0.0034912153,0.0062391657,-0.0130675999,-0.0312711585,-0.0281019793,-0.0237023183,0.0084975202,-0.0118481752,-0.0037669508,0.0170402789,-0.0014659651,-0.0106179582,0.0198537712,0.0022724109,0.0257120188,0.0010994323,-0.0219247215,-0.0040467308,-0.0013147584,0.0069040980,0.0133471682,-0.0204615713,0.0019504760,-0.0222469481,0.0060063881,0.0165857777
385.0000000000,-0.0121002286,0.0134837363,0.0194123976,-0.0112290553,-0.0235604111,0.0100263801,0.0384426790,-0.0193288286,0.0079754136,0.0277756415,0.0203320976,-0.0013615366,-0.0151901852,-0.0054430793,-0.0285205599,-0.0166722999,0.0185556697,-0.0219104930,0.0190956518,-0.0000958867,-0.0090373463,0.0095749145,0.0156472425,-0.0035170951,0.0143893508,0.0177307905,-0.0077340118,0.0205525688,0.0058167799,-0.0289048612,0.0181271356,0.0263888481,0.0051208821,0.0166096812,0.0025198665,-0.0056912678,0.0324947410,-0.0069582139,-0.0195070251,-0.0131503162,-0.0007597757,-0.0275031084,-0.0066107363,0.0093266982,0.0055802304,-0.0262828554,0.0076793555,-0.0255360953,0.0033066331,0.0120243958,0.0110651595,0.0089798763,0.0119059209,-0.0038900267,-0.0021497913,-0.0209227265,0.0128422674,0.0120159843,-0.0035108483,-0.0226858479,-0.0155583975,0.0109018538,-0.0001869840
386.0000000000,-0.0159118700,-0.0114395004,0.0018004488,-0.0124269954,-0.0030119523,0.0155944815,-0.0053229061,-0.0297681131,-0.0131062200,0.0138366390,0.0309905698,0.0198577093,-0.0208398009,0.0079966706,0.0022039236,0.0079120740,-0.0030120780,0.0091488344,0.0059299724,0.0008366993,-0.0181866830,0.0266943396,0.0215409526,-0.0018211077,0.0017828161,0.0309606600,-0.0037582419,0.0041806166,-0.0183486374,-0.0205983407,0.0173499707,0.0350158840,0.0126596443,0.0163606440,0.0028643927,-0.0202099649,0.0438388905,-0.0139313379,0.0188775383,0.0062060710,-0.0122592414,-0.0256140421,-0.0211077380,0.0342256431,0.0278621159,-0.0374626042,0.0037538283,-0.0306420917,-0.0186508738,0.0391976167,0.0022648482,-0.0014008975,0.0243474656,-0.0195420587,-0.0057638446,-0.0066708360,0.0174098148,0.0075092952,-0.0123201742,0.0015644046,-0.0099675386,0.0218536492,0.0390612480
387.0000000000,0.0005553027,0.0008170154,0.0045701992,-0.0043307450,-0.0145397034,0.0281926845,-0.0004431359,-0.0054303387,0.0213200658,0.0157995338,0.0097212796,0.0007212773,-0.0188176791,0.0022154692,-0.0036384157,0.0189259499,0.0036672027,-0.0024219916,0.0216236141,0.0043475503,-0.0031648954,0.0105991491,-0.0005207629,-0.0103534510,-0.0045849580,0.0273998155,-0.0006750268,0.0092935031,0.0254546504,0.0032891578,-0.0147488049,0.0125822530,0.0080805750,0.0309271222,-0.0033952381,-0.0089761371,0.0296290310,-0.0236350349,0.0155393523,-0.0006740843,-0.0006526871,-0.0142419877,-0.0192168927,0.0071472318,0.0046890531,-0.0219529508,0.0029293093,-0.0078236005,-0.0210601901,0.0163939147,-0.0017404118,0.0008016249,0.0213238432,0.0010093846,0.0014666229,0.0059802098,-0.0049718877,0.0073230750,-0.0072117179,-0.0245184170,-0.0050851608,0.0046028499,0.0222559705
388.0000000000,-0.0011061418,-0.0107199010,0.0104856743,-0.0043498252,-0.0026009033,0.0090846368,0.0163810185,-0.0192745769,-0.0196378923,-0.0157244598,-0.0065892270,-0.0205289642,-0.0185578730,-0.0049179934,-0.0392418813,0.0047700138,0.0029457749,-0.0057405067,-0.0030810981,0.0001723398,-0.0175744121,-0.0098153261,0.0104197738,-0.0084265719,-0.0072512299,0.0406183784,0.0008098625,-0.0005825121,-0.0021570526,-0.0164812271,-0.0142427236,0.0212520134,0.0118552267,0.0064476370,-0.0147986041,-0.0243235473,0.0231740316,-0.0221280138,-0.0144987351,0.0103161740,0.0011195905,0.0129368935,-0.0085467039,0.0362675225,-0.0238733520,-0.0148130529,-0.0071108167,-0.0266429388,-0.0189072216,0.0320531134,0.0203354045,0.0111014696,0.0248731079,-0.0212336011,-0.0043049118,-0.0050837196,-0.0152422671,0.0404628126,-0.0024775611,0.0157575408,-0.0001717950,0.0161538591,0.0058562680
389.0000000000,-0.0141696744,0.0118696735,-0.0086841666,-0.0242187084,0.0067479877,0.0117731288,0.0080084172,-0.0324931939,-0.0056122341,0.0024264450,0.0209706432,-0.0051199996,-0.0388796007,0.0104593236,-0.0240062083,-0.0151014270,0.0082581455,-0.0125282436,0.0051370129,0.0062188155,-0.0004417554,0.0401137887,0.0168471243,-0.0065807335,-0.0090285155,0.0185516254,-0.0093587362,-0.0211324658,0.0040966144,-0.0080153464,0.0009305574,0.0023306272,0.0076791874,-0.0052159540,0.0021627011,0.0001733183,0.0306335688,0.0170978115,0.0183721810,0.0247684651,-0.0052825396,-0.0054108967,-0.0183775386,0.0179634202,0.0140586332,-0.0173263212,0.0004555921,-0.0102583339,0.0036705871,0.0000817095,0.0236158250,0.0043538232,0.0334371588,-0.0068878736,-0.0149085346,0.0115665802,-0.0111095748,0.0063676708,0.0037721347,0.0172722714,-0.0143965099,0.0005691092,0.0138309561
390.0000000000,0.0027812027,-0.0079787449,0.0225725230,-0.0358824310,-0.0074108111,0.0340359401,0.0027090362,-0.0312560148,-0.0041414612,0.0246566189,0.0041166964,-0.0084906791,-0.0128121809,-0.0070521504,-0.0090113776,-0.0026773954,0.0048193438,-0.0234918407,-0.0214270404,-0.0000365295,0.0030318693,0.0437435199,0.0301685979,-0.0037196289,0.0307269979,0.0279074927,-0.0051831856,0.0047323909,0.0035307060,-0.0037124189,0.0140224187,0.0255544658,-0.0083503261,0.0196997563,0.0071729951,-0.0192036545,0.0281813530,-0.0141230889,0.0157602708,0.0105140982,-0.0136530141,-0.0143482343,-0.0332975274,-0.0057811615,-0.0149020936,-0.0276792208,0.0475370281,-0.0173744378,-0.0167376448,0.0160147414,0.0152602742,0.0043131201,0.0163154717,0.0028250374,-0.0003758977,0.0074316322,0.0127198183,0.0031485603,-0.0055380149,0.0042740884,-0.0157705865,-0.0208772962,0.0267951831
391.0000000000,-0.0011924655,0.0016250912,-0.0039785563,-0.0083546372,0.0081364941,-0.0204828710,-0.0040744854,-0.0403211242,0.0211365669,0.0138990452,0.0162896000,-0.0133846764,-0.0187096602,0.0147042317,-0.0286679225,-0.0264766013,-0.0304272572,-0.0066891284,0.0086067779,0.0058964055,0.0071108279,0.0267145315,0.0200583848,-0.0215167002,0.0022283026,0.0089097237,0.0144541613,0.0068765656,0.0083163253,-0.0218657789,0.0010436180,0.0278874992,-0.0025448707,-0.0026064773,0.0160969005,-0.0075264310,0.0274703488,-0.0174230866,-0.0198962635,-0.0252791409,-0.0088249612,0.0027259661,0.0098058445,0.0152394293,-0.0165626928,-0.0326656873,0.0142095145,-0.0328416759,-0.0092624106,0.0185401864,0.0110224445,-0.0081381723,0.0424918106,-0.0090753955,-0.0185081423,0.0092174298,-0.0015042918,0.0333964556,-0.0089849418,-0.0100014802,-0.0165246752,-0.0126097246,0.0319841382
392.0000000000,0.0014418898,0.0142251436,0.0060905918,-0.0033589518,0.0022335232,0.0166967662,-0.0311154441,-0.0240865018,0.0130269373,0.0105058480,-0.0081744670,-0.0252357627,-0.0111048280,0.0107221461,-0.0155207986,0.0006376217,-0.0152074940,-0.0104839807,0.0008314187,-0.0142844855,0.0093570042,-0.0002853729,0.0175253356,-0.0100919676,-0.0060741988,0.0469865212,-0.0079258061,0.0122782354,0.0035018098,0.0079497039,0.0068890708,0.0296439220,0.0070165918,0.0130090745,0.0037155703,-0.0201710572,0.0370354240,-0.0057774711,0.0003492333,0.0028139652,-0.0188216466,-0.0050874983,0.0064525597,0.0260644898,-0.0064742713,-0.0198477664,0.0270561366,-0.0128565158,0.0090475134,0.0329812728,0.0399903324,0.0038092195,0.0284159386,-0.0032629317,-0.0137524179,-0.0068758027,0.0207074623,-0.0119411133,0.0069829183,-0.0153421156,-0.0364148161,0.0172686453,0.0181422276
393.0000000000,0.0193319383,0.0112230083,-0.0018310986,0.0042366890,-0.0042916280,0.0127030482,-0.0042342826,-0.0085530094,-0.0067528156,0.0254290944,0.0140892759,-0.0038317166,-0.0185440712,-0.0130958345,-0.0285629805,0.0084935002,-0.0097704342,-0.0076474511,-0.0153545453,-0.0107812335,-0.0051030689,0.0340265987,0.0161399242,-0.0023591617,0.0108436547,0.0277167733,0.0256819447,0.0058014065,-0.0198308814,-0.0003015343,0.0116804725,0.0015166938,-0.0050438570,0.0396173236,0.0110496956,-0.0215006644,0.0255835483,-0.0253004097,-0.0063271096,-0.0195322007,-0.0024574147,-0.0056730645,-0.0142348553,0.0139737971,0.0011090981,-0.0183304461,0.0020837646,-0.0047157008,-0.0042642325,0.0185689660,0.0176399422,0.0000092248,0.0305480375,-0.0103034327,-0.0112931057,-0.0061517980,0.0151744717,-0.0028651087,-0.0033178515,-0.0079792080,-0.0404277490,-0.0062466074,0.0131120763
394.0000000000,0.0233925568,-0.0004206879,-0.0056029529,-0.0060408895,-0.0148529044,0.0100737129,0.0020713911,-0.0326887127,0.0195872393,-0.0098549179,0.0105552521,0.0008120640,-0.0060988839,0.0166872245,-0.0147890148,-0.0032087792,0.0167033999,-0.0102884570,-0.0081302088,0.0167659279,-0.0107792632,0.0167186925,0.0191924082,-0.0145443736,0.0202118401,0.0096614758,0.0008297716,-0.0093418000,0.0115932949,-0.0058069011,0.0165208029,0.0083723798,-0.0034053863,0.0132752656,0.0101810313,-0.0253387260,0.0282492045,0.0098507741,-0.0056103885,-0.0009507563,-0.0309081102,-0.0117241749,-0.0007318652,0.0192443849,0.0242112092,-0.0179325669,0.0187989849,-0.0174051775,-0.0088221192,0.0243825390,0.0139908365,0.0115520533,0.0359458102,-0.0026189288,0.0020817327,-0.0001517191,-0.0036363849,0.0122554650,-0.0036705548,0.0087478217,-0.0309350063,-0.0193565017,0.0209276596
395.0000000000,-0.0047750305,-0.0142355264,0.0222933176,-0.0184552101,-0.0141907958,-0.0013460991,0.0089105315,-0.0230608972,0.0167904257,0.0240936350,0.0197527750,-0.0165898622,-0.0031414463,-0.0062736791,-0.0296561963,0.0251342130,0.0080391769,-0.0077546315,0.0064975873,0.0091526928,-0.0490353081,0.0077038834,0.0273128992,0.0070983794,0.0214907081,0.0333686716,-0.0228175269,0.0228293118,0.0064987948,-0.0091158556,-0.0015738255,-0.0013919704,0.0055050979,0.0284251027,-0.0004468371,0.0027357834,0.0427766156,-0.0220290250,-0.0121149320,-0.0245859052,-0.0272658070,-0.0186923781,-0.0171784161,0.0138251282,-0.0026752067,-0.0090267870,0.0097468726,-0.0176592431,-0.0435772270,0.0503562834,0.0308624632,0.0021798937,0.0370817084,0.0071961444,-0.0083284713,-0.0248388046,-0.0258184879,0.0058885707,-0.0212166770,-0.0095745156,-0.0109281289,0.0182265204,0.0267063795
396.0000000000,-0.0296535568,-0.0145475627,-0.0166694406,-0.0053748466,0.0115976215,0.0373754125,-0.0105085940,-0.0260361536,-0.0231833443,0.0046567704,0.0174984767,-0.0028563907,-0.0274065583,0.0003443732,-0.0153324739,0.0124425018,-0.0063636433,-0.0079380969,-0.0023093878,0.0040613133,-0.0051647802,0.0119572396,0.0053117253,-0.0276073675,-0.0104364261,0.0251410467,-0.0068243868,0.0026891801,0.0194893559,0.0045077842,0.0174329021,0.0202893310,-0.0094867314,0.0115890614,-0.0025143080,-0.0212125333,0.0304435723,-0.0027377737,0.0073923776,-0.0264367811,0.0001675807,-0.0042717216,-0.0120445085,0.0243209086,0.0029111242,-0.0018495525,0.0089864449,0.0014721646,-0.0265747223,-0.0026772227,0.0136932173,0.0061681309,0.0260706650,-0.0044864303,-0.0080569307,-0.0081633151,0.0151287393,0.0113338313,-0.0080681729,-0.0016530199,-0.0129354860,-0.0256557317,-0.0121782062
397.0000000000,-0.0075198887,0.0167352364,-0.0182315693,-0.0270983093,0.0039400066,0.0031395689,-0.0081505301,-0.0194823096,0.0216483112,0.0258294653,0.0247222080,-0.0053577232,-0.0014858648,0.0022163547,-0.0228780616,0.0012320182,0.0035702092,0.0178721358,0.0144643031,0.0053644320,0.0063373122,0.0227773963,-0.0087074717,-0.0049956974,0.0333046956,0.0205810587,-0.0043782622,0.0150581807,0.0031070579,-0.0031621083,0.0097351058,-0.0070732535,-0.0034641947,0.0056362925,0.0133189292,-0.0039585786,0.0240603484,-0.0069344080,0.0036062999,-0.0078030290,-0.0024231941,0.0028921141,-0.0057339618,0.0312172822,0.0053862139,-0.0058816757,0.0103370270,-0.0183907672,-0.0127862063,-0.0059620866,0.0171978292,0.0075245516,0.0071659231,-0.0316624179,-0.0039064842,-0.0082334572,0.0141939624,0.0059322302,-0.0302576232,0.0010397181,-0.0133378172,0.0222831773,0.0259597350
398.0000000000,0.0031096691,-0.0034992248,-0.0149232027,0.0219621337,-0.0102911229,0.0097963644,0.0035126942,-0.0156764404,0.0074976354,0.0136535808,0.0068949124,0.0002467626,-0.0189640048,0.0048718083,-0.0166283753,0.0109873858,-0.0106961536,-0.0059116807,0.0016999062,-0.0050937048,-0.0040639629,0.0174482821,0.0083612668,0.0100820963,0.0174360027,0.0065034624,0.0144092264,0.0068792098,-0.0035214309,-0.0038860642,-0.0137959963,0.0009436290,-0.0220611903,0.0074210099,0.0082005310,-0.0101204238,0.0298892734,-0.0048600412,0.0035341268,0.0006408784,-0.0377227045,0.0069174811,0.0110755873,0.0386715047,0.0151822341,-0.0312431329,0.0192335551,-0.0196360140,-0.0083451185,0.0077670210,0.0204069162,0.0028653072,0.0285216196,0.0174739150,-0.0007026377,-0.0070770371,0.0025427684,0.0125398943,0.0081223404,0.0037878464,-0.0057614274,-0.0077376320,0.0059953401
399.0000000000,-0.0293460135,0.0144243164,0.0077702535,-0.0009830458,-0.0257290357,0.0125658413,0.0244754323,-0.0290101510,0.0067525355,0.0032413718,0.0096324075,-0.0144082892,-0.0063801003,-0.0107727208,-0.0145973536,0.0158826532,-0.0131699399,-0.0101290282,-0.0049903661,0.0180637325,0.0064933484,0.0389986422,0.0008676656,-0.0090996704,-0.0088791865,0.0213388013,-0.0026643608,0.0090756789,-0.0139764451,-0.0199577826,-0.0099412644,0.0171508108,-0.0103073318,0.0091795308,0.0160092623,-0.0184004867,0.0455126180,-0.0053476112,0.0012038869,-0.0055981219,-0.0236812587,-0.0208751389,0.0150115320,0.0305385772,0.0233561738,-0.0316472252,0.0134335684,-0.0193701274,-0.0236911739,0.0164105983,0.0200494707,-0.0263241503,0.0299837590,-0.0098093893,-0.0087262573,-0.0081254332,0.0281918011,0.0064381006,0.0135565059,-0.0195644120,-0.0237120242,0.0157510197,0.0152270551
400.0000000000,0.0041333095,-0.0043739547,0.0007231601,0.0154418540,0.0028490785,0.0051516535,0.0001970406,-0.0168643816,0.0032084163,0.0032518895,0.0134003795,-0.0154162026,-0.0231963904,-0.0068888071,0.0054581744,0.0176668953,-0.0100797440,0.0103266190,-0.0147562451,0.0016983811,0.0201506891,0.0134139233,0.0033092429,0.0201903424,-0.0160870665,0.0452410823,0.0189338061,0.0030410176,0.0072758914,-0.0018122794,-0.0139508911,0.0131574126,0.0026434258,0.0125208407,-0.0024960299,-0.0137263882,0.0267025443,-0.0308409919,-0.0060435352,0.0066598312,-0.0266245492,-0.0346810329,-0.0049617312,-0.0196984148,0.0131651590,-0.0074187569,-0.0073804077,-0.0023395559,-0.0153134987,0.0473638258,0.0076493689,0.0165346521,0.0164474498,-0.0047485422,0.0061577142,-0.0082992190,-0.0082680143,0.0018863652,0.0097788997,0.0081621617,0.0160315267,-0.0082304752,0.0191481650
401.0000000000,0.0066095615,-0.0096066568,-0.0065142585,-0.0208046757,0.0039095302,0.0073020948,0.0151239333,-0.0269829548,-0.0105736004,-0.0007829435,0.0007100826,0.0034368076,0.0232410937,0.0042162666,-0.0132792385,0.0098983295,0.0044893585,-0.0059005494,0.0034369885,-0.0037216173,-0.0320647820,-0.0051902423,0.0155019248,0.0082446312,0.0191733698,0.0116062138,-0.0115561440,0.0021780232,-0.0008808829,-0.0187088890,0.0228870904,0.0189732435,0.0062186290,0.0205588978,-0.0112967271,-0.0063628640,0.0162559219,-0.0331191296,-0.0108498848,-0.0143832141,-0.0156848725,-0.0134478309,-0.0017756542,0.0013558613,0.0068063184,-0.0486998291,-0.0036680247,-0.0093595315,-0.0266231230,0.0126473531,-0.0011418397,0.0082925552,0.0245621180,-0.0052168438,-0.0205187409,-0.0045928509,0.0131719864,0.0004065818,-0.0187608146,-0.0032705947,-0.0089986534,-0.0029134199,0.0174915988
402.0000000000,-0.0013453718,-0.0009155983,0.0087761387,-0.0292280178,-0.0202912579,0.0032378147,0.0222046263,-0.0179998862,-0.0028350313,0.0086860198,0.0105434175,-0.0236123176,-0.0065679425,-0.0117408232,-0.0102632581,0.0019785880,0.0043045307,-0.0073801502,0.0016760268,0.0115119477,-0.0059262182,0.0190397474,-0.0129371146,-0.0127215288,0.0080945462,0.0221199143,0.0041372920,0.0012384141,-0.0131504230,0.0096966116,-0.0077554175,-0.0108196509,-0.0004519823,0.0054607186,-0.0031033395,-0.0038672205,0.0247724937,0.0127048535,-0.0013305614,-0.0128085930,-0.0054570076,-0.0138258068,-0.0018739614,0.0015683633,0.0022025964,-0.0082215255,0.0144415834,0.0014750481,-0.0178478339,0.0073047722,0.0151159776,0.0005907960,0.0392090928,-0.0004201783,-0.0178680945,-0.0150657113,0.0058658265,0.0431881100,-0.0276689819,0.0023379817,-0.0226043760,-0.0210610264,0.0036262017
403.0000000000,0.0131044318,0.0053786646,0.0226634190,0.0011698568,0.0053351024,0.0100238339,-0.0310777395,-0.0100851418,-0.0009249973,0.0035316365,-0.0014375568,-0.0118141081,0.0078590640,-0.0046434774,0.0025006130,0.0091682534,0.0143816553,-0.0124060426,-0.0002737738,0.0247354911,-0.0037395625,0.0255880343,0.0095981197,-0.0081428741,-0.0036793219,0.0158071482,-0.0141783330,-0.0024935136,-0.0099691243,-0.0001799778,-0.0086653203,0.0197727750,-0.0066835572,0.0150606482,0.0018769998,-0.0365507282,0.0205954729,-0.0181602698,-0.0067409392,-0.0064723440,-0.0356604895,-0.0153688397,-0.0046536681,-0.0035266716,-0.0042208677,-0.0380545571,-0.0043982239,-0.0225990705,-0.0113580859,0.0219140165,0.0038353531,-0.0082401336,0.0201115835,-0.0031873860,-0.0158568726,-0.0039740580,0.0250711855,0.0151613623,-0.0122640731,-0.0244220183,-0.0001674146,-0.0082026440,-0.0062949370
404.0000000000,-0.0149925953,0.0065579225,-0.0037430923,0.0039683072,-0.0046302068,0.0079677107,0.0075262798,-0.0226461647,-0.0089103224,0.0141221778,0.0297968152,-0.0074600777,-0.0096379480,-0.0038382019,-0.0275896269,0.0277793848,-0.0066402479,0.0095319740,0.0065118276,0.0046449603,0.0065674183,0.0003104717,-0.0021774809,0.0015254272,0.0133546080,0.0335085898,-0.0083115975,0.0163456937,0.0108011206,-0.0092191176,0.0415661193,0.0129009828,-0.0004978692,0.0180929998,0.0006706744,-0.0433076471,0.0123724535,-0.0139747546,-0.0088159213,-0.0044287443,-0.0180784004,-0.0285772647,0.0122621841,0.0329695260,0.0068727253,-0.0207892521,0.0302242303,-0.0218564622,-0.0054095847,0.0537001769,0.0283966699,0.0159271399,0.0396228276,0.0012931742,0.0197669634,0.0013906832,0.0226516776,0.0287431898,0.0185516690,-0.0115870289,-0.0271045029,-0.0121152654,0.0073920505
405.0000000000,0.0123249723,-0.0017756761,0.0006495724,-0.0160376415,0.0200678479,0.0061570171,-0.0226611018,-0.0144162666,0.0021576724,0.0161274866,0.0051503581,-0.0086593280,0.0094631768,0.0002079125,-0.0250688593,0.0095819476,-0.0019199100,-0.0246753765,0.0048318499,0.0168999105,0.0203568046,0.0147013093,0.0191207043,-0.0166095447,-0.0038221575,0.0283847183,0.0025505366,0.0056857132,0.0182830661,-0.0143641325,0.0040459707,0.0156759462,-0.0215128925,0.0412748838,-0.0099538442,-0.0147786933,0.0328670546,-0.0005710973,0.0009214160,-0.0016429240,-0.0295946342,-0.0161501083,-0.0105716277,0.0504954883,0.0141054787,-0.0311277279,0.0333616541,-0.0177840850,-0.0091923645,0.0186602924,0.0367924696,0.0050194373,0.0339075376,-0.0036951005,0.0062698923,-0.0148421968,0.0112688252,0.0180439969,0.0033025231,-0.0047321186,-0.0287386263,-0.0020362989,0.0107021688
406.0000000000,0.0096514811,0.0013679266,0.0026997886,-0.0083265942,0.0068767127,0.0266667593,-0.0001414388,-0.0361553962,-0.0132158786,-0.0013242552,0.0077790578,-0.0127617210,-0.0275158691,0.0004873007,-0.0309471869,0.0005894887,0.0148629933,-0.0112250011,0.0336487221,0.0003844276,-0.0250530988,0.0235146692,0.0198100305,-0.0052702924,-0.0008441779,0.0088884121,-0.0068690812,0.0086478759,0.0006116791,-0.0270788115,0.0194623604,0.0065517099,0.0092819664,0.0120367020,0.0151097059,0.0010579907,0.0230135855,0.0110190270,0.0006508486,-0.0008833322,0.0034336617,-0.0321486904,-0.0162240570,0.0199872857,0.0008687673,-0.0125482846,0.0030479515,-0.0073200395,-0.0148060280,0.0162259915,0.0238057110,0.0100408117,0.0251087925,-0.0064516469,0.0057897574,-0.0011247326,0.0047672199,0.0023802277,-0.0163426975,-0.0174001940,-0.0307438973,0.0249263212,0.0109814122
407.0000000000,-0.0068568253,0.0126060858,0.0085242585,0.0088001311,-0.0033044604,-0.0092026765,0.0034282694,-0.0064470816,0.0131320871,0.0020870620,-0.0011698336,-0.0261958658,-0.0172297889,-0.0057059166,-0.0343554130,-0.0141557833,0.0159894380,0.0065031794,-0.0035197529,-0.0177133995,-0.0083717677,0.0221477820,0.0312864221,0.0048427476,0.0113994472,-0.0008198544,0.0067963211,0.0095227528,0.0123435005,-0.0113371771,0.0008574866,-0.0091931811,-0.0057557264,0.0138104698,0.0096000820,-0.0125647053,0.0248064898,-0.0053016717,-0.0010301219,0.0161186368,-0.0116835533,0.0025860272,-0.0000442892,0.0150078022,0.0061129770,-0.0086971707,0.0104715940,-0.0177412669,-0.0056859772,0.0165682775,-0.0027895689,0.0000241632,0.0096581710,0.0098243910,0.0039797562,0.0042646724,0.0102922443,-0.0106804736,0.0101117868,0.0038954264,-0.0170210859,0.0130118004,0.0012124228
408.0000000000,0.0107916806,0.0014818810,-0.0015789489,-0.0133771381,-0.0011800310,0.0116397858,0.0051098068,-0.0420582603,0.0138904260,0.0122311773,0.0253826352,0.0078558220,0.0030305114,-0.0172821988,-0.0044941088,-0.0041685060,0.0143427610,-0.0050634017,0.0419656067,0.0209295802,-0.0036719969,-0.0041774391,0.0245160058,-0.0087437143,-0.0159633964,0.0036515378,-0.0167719678,0.0203397377,-0.0136063925,-0.0247782795,0.0219595423,0.0393737006,0.0023537211,0.0078040682,0.0061152328,-0.0270272259,0.0296396657,-0.0124850457,0.0016371748,-0.0073012068,-0.0090137411,-0.0041024109,-0.0043824556,0.0246657060,-0.0067174755,-0.0209389809,0.0187982506,0.0082341968,-0.0258365325,0.0340340349,0.0198231844,0.0150189859,0.0040064295,0.0006266760,0.0108329419,-0.0158449743,0.0180563321,0.0208929740,-0.0162378842,-0.0243404233,-0.0392360174,-0.0042879373,0.0100138215
409.0000000000,0.0020942863,0.0112817731,0.0148547951,0.0227805732,-0.0121955077,0.0038748763,-0.0030739247,-0.0147467478,-0.0009204524,0.0173645611,0.0096288527,-0.0147845013,-0.0020026068,0.0218903517,-0.0159973246,0.0066710172,-0.0037031604,-0.0142596639,0.0192934971,0.0109204142,0.0000239610,0.0324453938,0.0296534679,-0.0019858145,-0.0034369964,0.0302413239,-0.0180591998,-0.0104690799,0.0310377708,-0.0153596051,-0.0012530186,0.0020599422,0.0010470064,0.0265283951,-0.0008902424,0.0028005129,0.0488165743,-0.0256999365,0.0071848976,-0.0106195944,-0.0034226632,-0.0098205815,-0.0145953720,0.0249279065,-0.0033606717,-0.0140800296,0.0154826182,-0.0416387980,-0.0034892390,0.0143675375,0.0101311750,0.0012096808,0.0158597401,-0.0087429302,-0.0252511556,0.0072510866,0.0317225499,0.0059043997,0.0090971915,-0.0127009430,-0.0225273751,0.0092205114,0.0198459280
410.0000000000,-0.0305170314,0.0076144249,0.0004166753,-0.0147640390,0.0031678820,0.0359281929,0.0051414236,-0.0470628309,-0.0027353633,0.0104766536,-0.0181517887,-0.0255481370,-0.0190717801,0.0044713394,-0.0299526141,0.0147259152,-0.0300565823,-0.0198698901,0.0052374868,-0.0014015297,-0.0057006409,0.0238819887,0.0040359234,-0.0029479254,-0.0004760688,0.0396520563,0.0081369990,-0.0098853860,0.0073560045,-0.0018195327,0.0106551195,0.0040195315,0.0188215745,0.0201845815,-0.0089503881,-0.0280982080,0.0556421616,-0.0300171838,-0.0031651499,0.0181646131,-0.0152175559,-0.0247790148,-0.0113849463,0.0425603565,0.0097116329,-0.0342216982,0.0113080873,0.0058113209,-0.0276407309,0.0383147545,0.0262705254,0.0179322501,0.0344229055,-0.0021836672,-0.0208694929,0.0067604847,0.0300582151,0.0281098639,-0.0082843261,-0.0148685272,-0.0112272376,-0.0046575462,0.0107621125
411.0000000000,-0.0082403236,-0.0003922574,0.0208588787,-0.0307706571,-0.0016927560,0.0147803851,0.0177802162,-0.0295176840,-0.0092575962,0.0050865401,0.0377748654,-0.0071717757,-0.0007385448,-0.0253619557,0.0026193862,0.0072871372,-0.0027243385,-0.0087804570,-0.0039146120,0.0009804676,-0.0030375031,0.0239798109,0.0123545115,0.0111965251,0.0189884422,0.0194988698,0.0121991814,0.0089799366,0.0194706109,-0.0014944972,-0.0083791739,0.0286606442,-0.0101689943,0.0097600558,-0.0044468266,0.0088030725,0.0456345359,0.0049396666,0.0006828867,-0.0104987887,-0.0159366251,0.0001665982,0.0115293774,0.0114459210,-0.0225000842,-0.0283130958,0.0287394594,0.0066609461,-0.0198007125,0.0348338924,-0.0280489608,0.0109971083,0.0044452092,0.0012877144,0.0142054692,-0.0094297733,0.0138424641,0.0072554010,0.0064438340,-0.0135326776,-0.0041986219,-0.0086525283,0.0159435780
412.0000000000,-0.0083983404,-0.0102578804,0.0022058309,0.0064779434,-0.0030203771,0.0231251301,0.0048679597,-0.0335145598,0.0006511918,0.0014041469,0.0047282808,-0.0160224767,-0.0052934063,0.0135389477,-0.0280488191,-0.0034524573,-0.0054598746,-0.0005252913,-0.0009279467,0.0147841274,-0.0107028982,0.0307662385,-0.0044069979,0.0040799856,0.0195440871,0.0258743645,-0.0047019744,-0.0028697781,0.0085458699,0.0053311336,0.0094205364,0.0224400178,-0.0065415157,0.0157995467,0.0167530819,-0.0125817029,0.0376072639,-0.0114725723,0.0066848837,-0.0095018839,-0.0340698481,-0.0206548711,-0.0129683590,0.0298656717,-0.0032938557,-0.0511186255,0.0076758983,0.0106836852,-0.0045532026,0.0231376799,0.0113088400,-0.0005458630,0.0097548413,0.0085216296,-0.0161599109,-0.0320386751,0.0075186467,0.0277640229,-0.0169823585,-0.0136135982,-0.0149520058,0.0009056845,-0.0003802584
413.0000000000,-0.0020465891,0.0078702206,0.0364686065,-0.0254040470,-0.0089496573,0.0114994514,-0.0006883578,-0.0243270960,-0.0074742103,0.0194155723,0.0251305490,-0.0108847302,0.0255970406,-0.0059933015,-0.0214622230,0.0200070506,-0.0038094650,-0.0002227639,-0.0060088764,0.0095358952,-0.0203055722,0.0077351469,0.0128966265,-0.0029410007,0.0102051603,0.0099589613,-0.0142064123,-0.0030444869,0.0009143417,-0.0059786074,-0.0028814152,0.0074251287,0.0033346578,0.0204174500,0.0035480294,-0.0273966970,0.0170645161,-0.0190150718,0.0044905645,-0.0176457211,0.0108065891,-0.0140639055,-0.0144989105,0.0020701895,0.0004020366,-0.0497916449,0.0167870368,0.0070003205,-0.0042867380,0.0023551637,0.0420379698,0.0195733892,0.0329074843,-0.0106573161,-0.0030414508,0.0116592315,0.0195154894,0.0144374316,-0.0014142876,-0.0036839323,-0.0295252490,0.0019022582,0.0125236073
414.0000000000,0.0070331912,0.0045911073,0.0128604934,-0.0074025986,0.0053011039,0.0113513327,0.0133539719,-0.0459653338,0.0023925992,0.0108078097,0.0338889082,0.0023238646,-0.0153853940,0.0127173911,-0.0210444042,0.0297934572,-0.0000349659,-0.0091914226,0.0128331017,-0.0063276307,-0.0077534231,0.0144854657,0.0428373234,-0.0247122674,-0.0161046947,0.0291094954,0.0010235596,-0.0074801330,0.0034904057,0.0149938428,-0.0125191441,0.0052266225,0.0306655470,0.0074633621,-0.0095143310,-0.0157287829,0.0321520358,-0.0011569180,-0.0025392231,0.0059826614,0.0029489880,-0.0215169209,-0.0024831660,0.0136614764,-0.0082973693,-0.0162016932,0.0064836879,-0.0156487512,-0.0250901750,0.0147658328,0.0107559756,0.0091475076,0.0439993106,-0.0016957208,-0.0198827365,-0.0115624988,0.0092154113,0.0252611170,0.0034501936,-0.0067295477,-0.0299292371,-0.0114445021,0.0353855355
415.0000000000,0.0122748960,0.0139483188,0.0094069279,0.0056552902,0.0017220001,-0.0064888717,-0.0143614083,-0.0093217066,0.0248897187,0.0093769473,0.0069997475,-0.0147963287,0.0053429295,-0.0009348388,-0.0131765446,-0.0086662441,0.0031392512,-0.0174712477,-0.0051760372,0.0033781255,-0.0026846349,0.0020265689,0.0091402661,0.0289956869,0.0069951358,0.0109534148,-0.0084676785,0.0095845578,0.0198077001,-0.0061675970,0.0261997407,0.0252886309,-0.0073102053,0.0084063714,0.0364655255,0.0003649686,0.0237122770,-0.0180898800,0.0117334005,0.0121557222,-0.0351032781,-0.0198398149,-0.0366921970,-0.0167275807,0.0102698514,-0.0300756432,0.0082298408,-0.0063144759,-0.0044703270,0.0311628974,-0.0027277464,-0.0127186455,0.0115501395,-0.0124758227,-0.0197948031,-0.0027176590,-0.0081665225,0.0136193958,-0.0289674395,0.0131096410,-0.0171640169,0.0032553676,0.0297566791
416.0000000000,-0.0175808768,0.0215964632,0.0033551056,0.0165581507,0.0102223007,0.0333073715,-0.0006610745,-0.0288463678,-0.0079261551,0.0206510624,0.0208902455,0.0017181857,-0.0044206671,-0.0171296072,-0.0218369536,0.0139044099,-0.0029958670,-0.0225988651,0.0041286006,0.0003416251,-0.0154110245,0.0306709794,0.0108810876,0.0065837571,0.0058344308,0.0171506626,-0.0196561153,0.0000718182,0.0080285179,0.0020355812,-0.0177746461,0.0132625473,-0.0064570041,-0.0043183935,0.0152143601,-0.0064719337,0.0287483480,-0.0117553286,0.0007770934,-0.0182678321,0.0176048242,-0.0336057929,0.0008101326,0.0344701946,-0.0036381335,-0.0191685109,0.0059816487,-0.0197248897,-0.0239275493,-0.0040287166,0.0384572118,-0.0151276182,0.0144718002,-0.0076543266,-0.0152608382,0.0092509076,-0.0010356473,0.0026145474,-0.0026357237,-0.0110204181,0.0087826843,0.0198354715,0.0331625609
417.0000000000,0.0127893831,-0.0040550923,-0.0108826828,-0.0024935539,-0.0003554638,0.0093167289,0.0081248359,-0.0131692494,-0.0013123857,0.0109540334,-0.0081769828,-0.0147857129,-0.0057128454,0.0140819404,-0.0341904122,0.0186841086,-0.0043548989,-0.0010880696,-0.0022228449,0.0052219292,-0.0181546601,0.0223962291,0.0303780604,-0.0007142706,0.0201219182,0.0164103800,-0.0179963190,0.0066860995,-0.0051952800,0.0005775720,-0.0020366500,0.0301829086,0.0044484002,0.0076804257,0.0014142091,-0.0140924066,0.0409501496,-0.0167060219,-0.0120639533,-0.0091094484,-0.0432538201,-0.0079244860,0.0022146321,0.0264428773,0.0136103837,-0.0295155009,-0.0083002815,-0.0264891146,0.0022918735,-0.0040512450,0.0090692157,-0.0003828611,0.0314842148,0.0032868693,-0.0160271345,0.0066458216,0.0217406286,0.0103139627,-0.0181355894,-0.0222371658,-0.0133209531,-0.0048863874,0.0250766442
418.0000000000,0.0192319863,0.0034667700,0.0071625239,-0.0267675598,-0.0142985890,0.0259106214,0.0148818149,-0.0420112311,0.0100163013,0.0176801197,0.0076180054,-0.0139971365,-0.0084048892,-0.0011194269,-0.0051582204,-0.0206710543,-0.0172070120,-0.0176980427,0.0181704252,0.0015077250,0.0016400962,0.0119876503,0.0052174651,0.0123810147,0.0214588398,0.0295162478,-0.0176619080,0.0020235078,-0.0073217541,0.0117797591,0.0180946238,-0.0080675940,-0.0022741668,-0.0135386748,0.0042065508,-0.0135530266,0.0071918692,-0.0107222992,-0.0097805251,0.0080855406,-0.0327880830,0.0014836509,-0.0021079442,0.0055286172,0.0184512106,-0.0210837088,-0.0122446738,0.0066650464,-0.0156685701,0.0119631436,0.0048816741,0.0063771880,0.0068928664,0.0000019871,-0.0014749808,-0.0040353537,-0.0163066479,-0.0003523599,-0.0052005345,0.0080021391,-0.0293702051,-0.0063146056,0.0228712991
419.0000000000,0.0136252711,-0.0003819732,0.0150934623,0.0018807587,0.0009890901,-0.0000692298,-0.0131662940,-0.0133373765,-0.0023219947,-0.0081312864,-0.0121238261,-0.0075191709,-0.0089532382,-0.0104118950,-0.0048472879,0.0036537195,0.0219167571,-0.0089611364,0.0078159428,0.0073959307,-0.0313668675,0.0167486754,0.0047562167,-0.0084503105,0.0141297798,0.0123812537,-0.0094461733,0.0001536731,0.0170885637,0.0043716247,-0.0084498681,-0.0004439084,-0.0052893512,0.0121214375,-0.0055032841,-0.0242579386,0.0174454603,0.0115755578,0.0092251479,-0.0068685905,-0.0025057151,0.0116160522,-0.0007160323,0.0211337705,0.0123916103,0.0052043837,0.0002759227,-0.0023473346,0.0036190700,0.0289895796,0.0011032896,0.0128846233,0.0239500167,-0.0163878556,-0.0244386451,0.0007028822,0.0006915347,-0.0056580232,0.0036781817,-0.0104981159,-0.0119203787,-0.0048915619,0.0034970581
420.0000000000,0.0154179090,0.0064229453,0.0145992602,0.0030992955,-0.0256353490,0.0130275154,0.0060202351,0.0000199554,-0.0035519131,-0.0166608114,0.0266332659,-0.0074473052,-0.0196685346,0.0040493792,-0.0185791125,0.0117079429,0.0029920533,0.0058971765,-0.0044982714,0.0029639518,-0.0271160516,0.0250137920,-0.0145438473,0.0011796741,-0.0084311110,0.0157727281,-0.0174989748,0.0068429193,0.0142540728,-0.0119766061,0.0132813040,0.0116780626,0.0314892520,0.0122086357,-0.0072742967,-0.0048583741,0.0169453932,-0.0090072252,0.0205404500,0.0046099831,-0.0126872402,0.0014802012,-0.0201458981,0.0126155042,0.0146368293,-0.0234738795,0.0138196304,-0.0005575874,-0.0073897627,0.0063421626,0.0150624043,-0.0041915582,0.0087181406,-0.0041537670,0.0114771857,-0.0103958403,0.0143760178,0.0092044338,-0.0018293918,0.0015103183,-0.0108310057,-0.0011718419,0.0007828801
421.0000000000,0.0112672339,0.0019370707,-0.0088893817,-0.0113484777,0.0046170983,0.0191818963,0.0015511551,-0.0019492109,-0.0074128551,0.0127609445,0.0161382502,-0.0247209980,-0.0134014558,0.0189900510,-0.0171472379,0.0080555972,-0.0286254446,-0.0038824741,-0.0118945812,0.0118464498,0.0131069122,0.0327306283,0.0232348611,-0.0134230628,-0.0114938317,0.0134016074,0.0034089269,0.0292439085,-0.0127149768,0.0176374710,0.0079702497,0.0152244349,0.0304700586,0.0110875231,-0.0042957947,-0.0152435550,0.0184718591,0.0053907386,-0.0060284587,-0.0176127440,-0.0085082476,-0.0177773829,-0.0059983139,0.0185078987,0.0233650638,-0.0229535635,0.0077712592,-0.0154755764,-0.0227234730,0.0125841258,0.0265808050,-0.0060598221,0.0043752153,-0.0048762164,-0.0024144935,-0.0162681543,-0.0066392856,0.0038163535,0.0085656463,-0.0007874757,-0.0172400181,-0.0062941999,0.0114941573
422.0000000000,-0.0069015616,-0.0118709195,-0.0003669690,-0.0217591904,0.0044687858,0.0078651657,0.0116608236,-0.0082137320,-0.0104878814,0.0044879345,0.0246752805,-0.0073806380,0.0001341495,0.0319249723,-0.0272163079,0.0059488572,0.0067804726,0.0031305182,-0.0007266837,0.0114014632,0.0036713484,0.0155196209,-0.0046573648,-0.0084315455,-0.0015041926,0.0018963822,-0.0137362024,-0.0082161969,-0.0118151501,-0.0307684624,-0.0090364149,0.0079454732,0.0083354466,0.0246573931,0.0184147187,0.0004440869,0.0166017277,-0.0076782676,0.0079095312,-0.0082640238,-0.0156634198,0.0029119834,-0.0276952162,0.0034413005,0.0153655086,-0.0162346475,0.0174352393,-0.0032256719,-0.0085744905,-0.0015335591,-0.0060823298,0.0096906279,0.0169343042,-0.0164807817,0.0053150018,-0.0224294402,-0.0141130725,0.0225651105,-0.0010792096,-0.0222465243,-0.0190137995,0.0151068805,0.0076796031
423.0000000000,0.0017349360,0.0081774405,0.0033081952,-0.0143881549,0.0139013172,0.0082565395,-0.0045073177,-0.0126591415,0.0129283639,-0.0069217739,0.0086972977,-0.0129949029,0.0038290694,0.0080943745,-0.0064173997,0.0261703326,0.0109159552,-0.0023005289,-0.0018207157,0.0032984137,0.0130226271,0.0411536122,0.0167479938,-0.0061850702,-0.0150458732,0.0247587807,-0.0118577339,0.0071012989,-0.0099259038,0.0037097719,-0.0245708135,-0.0032377431,-0.0075355504,0.0196556735,0.0118290424,-0.0038747093,0.0178280801,-0.0209452430,-0.0058519250,-0.0052169406,-0.0261609120,-0.0177293402,-0.0090507071,0.0135705455,0.0155654571,-0.0307959248,0.0081646832,-0.0091392282,-0.0015335408,0.0153177232,0.0260421248,0.0089033685,-0.0004496621,-0.0093743647,0.0013714826,-0.0165489753,-0.0065075537,-0.0031604104,0.0129421096,0.0207245818,-0.0076765676,0.0235553782,-0.0147613812
424.0000000000,-0.0017979515,0.0035470227,0.0030177212,-0.0245544722,0.0074354858,0.0071073365,-0.0005982059,-0.0187263931,-0.0056565979,-0.0079634256,0.0468096767,-0.0132001918,-0.0143272350,0.0170824499,-0.0213420782,0.0054594000,-0.0159339460,-0.0065528723,0.0121436399,0.0237249790,-0.0106448458,0.0239844170,0.0240106104,-0.0076207353,0.0002455642,0.0022805779,-0.0061917750,0.0186729638,0.0111560958,0.0019072678,0.0082261704,-0.0032922062,-0.0027407631,-0.0035403763,0.0067691453,0.0044260693,0.0366525338,-0.0111765761,0.0006673188,0.0034715441,-0.0056225864,0.0017266798,-0.0046211007,0.0174425775,-0.0076396369,-0.0222439661,0.0059058617,0.0057199626,0.0034477531,0.0094560414,0.0165501025,-0.0242716131,0.0384335466,0.0014790917,0.0054728186,0.0005606621,-0.0007331061,0.0187531824,-0.0097369804,-0.0146167743,-0.0030028762,-0.0120710817,0.0285259823
425.0000000000,0.0099057482,-0.0002690079,0.0020373063,-0.0032874977,-0.0135357820,0.0154464486,0.0151500981,-0.0264413079,0.0165997435,0.0338079512,0.0145342558,-0.0083076362,0.0082524145,-0.0091187593,-0.0164784477,0.0010611887,-0.0156248366,-0.0228617235,-0.0111943765,-0.0050611044,-0.0176468968,0.0510688277,-0.0035528106,-0.0026015202,-0.0153616388,0.0245053147,0.0147985483,0.0264620566,-0.0124209124,-0.0225153798,-0.0027913463,0.0248224000,0.0386687082,0.0275803500,-0.0021733437,-0.0156002940,0.0271866975,-0.0084778328,-0.0051283490,-0.0189834300,-0.0365092466,-0.0121622270,-0.0102866932,-0.0010705190,-0.0058093899,-0.0104309716,0.0161236364,-0.0321548396,-0.0189745598,0.0312195797,0.0226304301,-0.0099382282,0.0255269372,0.0066013718,-0.0056321133,-0.0004399452,-0.0056504866,0.0043898332,-0.0204982865,-0.0224045493,-0.0097558072,0.0021198135,0.0362244407
426.0000000000,-0.0143377211,0.0124567956,0.0167441098,0.0117788741,-0.0089557434,0.0131502794,0.0252196707,-0.0242448989,0.0142782908,0.0079657943,-0.0066278760,0.0022583578,-0.0204072490,-0.0176727350,-0.0110577593,0.0001321027,-0.0184882913,-0.0078087007,0.0038707171,0.0064529737,-0.0138611516,0.0046926791,0.0233936632,-0.0250332851,-0.0098188443,0.0107959588,0.0025792927,-0.0090504205,0.0065939894,-0.0062268518,0.0087104840,-0.0014519671,0.0060577142,0.0161765174,-0.0123662827,-0.0189038195,0.0485385918,0.0079984507,-0.0075363204,-0.0087363020,-0.0001814264,0.0039308347,-0.0083865837,-0.0160935781,0.0145105612,-0.0195709987,-0.0220510508,-0.0213316383,-0.0053263393,0.0057904468,0.0130857231,0.0024854103,0.0019799357,-0.0033690279,-0.0016341903,0.0000742991,0.0189340683,-0.0088970622,0.0220488074,0.0019217389,-0.0231816198,0.0181480621,0.0151318067
427.0000000000,-0.0130680606,0.0070912410,-0.0107678743,-0.0039021351,-0.0024224763,0.0033795677,0.0164059133,-0.0259356643,-0.0073865816,-0.0070806221,-0.0056324023,-0.0204320966,-0.0232177666,0.0201169698,-0.0031734709,0.0148613838,-0.0016758246,0.0046124266,0.0044970228,0.0095478100,-0.0021245681,0.0194205686,0.0132180182,-0.0094403439,-0.0104119918,0.0306103497,-0.0138211963,-0.0041450648,0.0349884686,0.0021532814,0.0329561985,0.0208331727,-0.0224801834,-0.0166455656,0.0112516783,-0.0180886284,-0.0064751100,0.0038001586,-0.0073221101,-0.0114886997,-0.0168470001,-0.0073276964,-0.0143875273,0.0107902430,0.0027892318,0.0037283995,-0.0245824274,0.0286902958,-0.0068906919,0.0045024860,-0.0118263848,0.0231147437,0.0019690091,-0.0060955171,-0.0071696349,-0.0223380905,0.0081994124,-0.0009593380,-0.0040829382,-0.0071123966,-0.0132620714,-0.0028105710,-0.0075705229
428.0000000000,-0.0046041082,-0.0033845781,-0.0004589052,-0.0004881425,-0.0053272339,0.0157466632,0.0261944407,-0.0253007441,0.0081935525,0.0107711838,0.0146934269,-0.0378687593,-0.0193659506,0.0085883826,-0.0227177258,0.0124303009,-0.0086763861,-0.0054176322,-0.0038793421,0.0156234910,-0.0097600586,0.0366039818,0.0098989944,0.0089885894,0.0078989785,0.0166909438,-0.0022286690,0.0250567028,0.0169564986,-0.0061769231,0.0050317840,0.0026534438,0.0114512480,0.0077592960,0.0031585691,-0.0235264189,0.0403668517,0.0020746676,0.0081182876,-0.0044901901,-0.0043530333,-0.0102523979,-0.0064447731,0.0189321641,0.0177539188,-0.0252860299,0.0149663096,-0.0254936777,0.0000849005,0.0069487200,0.0215804211,0.0069473889,0.0308859530,0.0077086672,-0.0060166590,0.0092580833,0.0236939898,0.0144600577,-0.0040487241,0.0045675672,-0.0197097039,-0.0036372434,-0.0048117986
429.0000000000,0.0265956109,-0.0027544830,-0.0041749664,-0.0013256780,0.0081047774,0.0043040460,0.0057479300,-0.0345847592,0.0131907839,0.0247997462,0.0445330408,-0.0205088414,0.0025436378,-0.0165606272,-0.0146094907,0.0002632620,-0.0065988292,0.0162906046,0.0171477578,-0.0022418749,-0.0237258184,0.0253841915,0.0031216631,-0.0088497855,-0.0018402145,0.0186267939,-0.0193214076,0.0095541222,0.0060855291,-0.0330375032,0.0045943574,0.0167976684,0.0062922252,0.0227461181,0.0129864205,-0.0013530347,0.0495360976,0.0026874943,-0.0192730760,-0.0271378621,-0.0118224076,0.0012671777,-0.0088626650,0.0283558463,0.0223579723,-0.0387353061,-0.0043054657,-0.0065615107,-0.0354543497,0.0176760437,0.0107361412,0.0161164269,0.0141778474,-0.0011306229,-0.0117833447,-0.0009150516,0.0157376764,0.0127060425,-0.0112266466,-0.0170706469,-0.0289435549,0.0005514083,0.0316012339
430.0000000000,-0.0208565071,-0.0007107880,-0.0174998732,-0.0026597806,-0.0248319829,0.0048569289,-0.0067084632,-0.0177814933,-0.0260434862,0.0073307071,0.0077036750,0.0010447324,0.0092270116,-0.0158948276,-0.0098286490,0.0091545555,0.0025522609,-0.0106161699,-0.0001951773,0.0136139654,0.0071715613,0.0181404790,0.0120480021,-0.0029131028,0.0170489107,0.0376397195,0.0002322975,0.0063461735,0.0188834731,-0.0062034396,-0.0047241158,0.0084048610,-0.0054526823,0.0003349174,-0.0062007435,-0.0070850451,0.0171063322,-0.0081595062,-0.0121182159,0.0120331177,-0.0258100638,-0.0248829304,-0.0055898919,0.0198450325,0.0207014181,-0.0379767700,0.0161661492,0.0191235460,-0.0251525784,0.0269064671,0.0256548069,-0.0152399975,0.0179544417,-0.0068534093,0.0040226304,0.0041294261,-0.0168392452,-0.0043591289,-0.0223212892,-0.0102801341,-0.0088435467,-0.0145054568,0.0241153750
431.0000000000,-0.0065178116,0.0047117884,-0.0006789682,0.0006312581,-0.0117833120,0.0404308310,-0.0083685740,-0.0267258133,0.0331688034,0.0077560845,-0.0039452127,0.0087102042,-0.0169020715,-0.0204032685,-0.0197175401,-0.0001670996,0.0138582764,-0.0123823527,-0.0150094027,-0.0170070116,0.0059520705,0.0171744021,-0.0023088646,-0.0029800017,0.0381139423,0.0325382759,-0.0123703044,-0.0126552807,-0.0074781326,-0.0157564205,-0.0086476816,0.0011656002,-0.0102365603,0.0110324106,0.0147398684,0.0035483389,0.0444732070,-0.0115315006,0.0105071634,-0.0146060377,-0.0129510649,-0.0114517687,-0.0069453924,0.0048719824,0.0066794487,-0.0249782823,-0.0045368663,-0.0056651954,-0.0057183535,0.0261650512,0.0099638901,0.0046057008,0.0141976697,-0.0109664075,-0.0072969343,0.0189931954,0.0028855057,0.0183480149,0.0085121234,-0.0056565319,-0.0090459156,-0.0186428752,0.0083731230
432.0000000000,0.0048677927,0.0047868419,-0.0163380752,-0.0318222103,-0.0063445062,-0.0077603580,0.0195853877,-0.0184871849,0.0171817356,0.0354063136,0.0114061742,0.0032828089,-0.0100645978,0.0045002456,-0.0177892868,0.0021977228,-0.0182400245,-0.0072893507,-0.0070742969,0.0162824110,-0.0031666299,0.0288589369,-0.0036278800,-0.0125327533,0.0028390601,0.0196606448,-0.0116553821,-0.0180556153,0.0081213777,-0.0023620356,-0.0013243752,0.0071218815,-0.0128642425,0.0235727800,0.0029166791,-0.0240947731,0.0241615941,-0.0064182441,0.0016916941,-0.0028750493,-0.0170416811,-0.0421116333,-0.0060543605,0.0190915377,-0.0072031033,-0.0270179743,0.0399638692,-0.0150699553,-0.0238519269,0.0242298869,0.0092233225,0.0000979946,0.0263964383,0.0104536616,-0.0018759231,0.0109155255,0.0114821890,0.0239637725,-0.0031904137,-0.0003747286,-0.0387615465,-0.0118650499,0.0061812000
433.0000000000,-0.0026014755,0.0067307123,0.0030555090,-0.0097455756,-0.0057209730,0.0308172872,-0.0126600049,-0.0397209728,0.0029814887,0.0104747472,0.0079816917,-0.0082058674,-0.0179131725,-0.0147113745,-0.0027617206,0.0119307385,0.0027345418,-0.0170084500,0.0144999563,0.0255783969,0.0132920201,-0.0041490939,0.0000696637,0.0012454595,-0.0116932690,-0.0153305964,-0.0018461690,-0.0060294984,0.0203211619,-0.0015952573,-0.0209186165,0.0157689500,-0.0071004047,-0.0311746592,-0.0195567928,0.0116599585,0.0166196708,-0.0127441648,-0.0209967397,-0.0148982402,-0.0230475144,-0.0069089894,0.0000398201,0.0016401633,0.0009131443,-0.0002358209,0.0053455371,0.0025965524,-0.0034676127,0.0320489063,0.0135292751,0.0228026527,-0.0034929110,0.0014242687,-0.0045782634,-0.0008252638,-0.0003006068,0.0052872998,-0.0071247628,-0.0086703748,-0.0068095348,-0.0017433118,0.0136815995
434.0000000000,-0.0035117581,-0.0050671364,-0.0278373677,-0.0139028730,-0.0178386464,-0.0057053718,0.0197239536,-0.0027945921,-0.0065039221,0.0135080224,0.0199365948,-0.0025067465,-0.0073596428,-0.0035306067,0.0031087241,0.0060806562,0.0042735987,-0.0160871659,-0.0212022191,-0.0053395758,0.0017484640,0.0027155340,0.0027436332,-0.0061661384,0.0038000988,0.0125428955,0.0020509267,0.0008596413,0.0009568634,0.0050443931,-0.0022615809,-0.0178710210,0.0064228196,0.0144724803,0.0034582062,0.0006292959,0.0033355161,-0.0108707272,0.0136225928,-0.0093492017,-0.0019103909,-0.0079681793,-0.0063774811,0.0162662195,0.0095530259,-0.0028430006,0.0006072170,-0.0291127591,-0.0006173557,0.0214145720,0.0072837262,0.0189354229,0.0025647450,-0.0033785642,0.0070613053,-0.0124435499,0.0073561599,0.0139210851,-0.0021555002,-0.0152061939,0.0010043301,-0.0012373952,-0.0126056336
435.0000000000,0.0011652841,-0.0268183245,0.0060186633,-0.0021552339,0.0065416417,0.0073821291,0.0023513475,-0.0237872338,0.0242017674,0.0194552928,0.0105174673,-0.0283207485,-0.0103259160,0.0027710710,-0.0127843272,0.0098130832,-0.0178740867,-0.0163187989,0.0024310146,0.0079045577,0.0004874120,0.0290312248,0.0164670178,-0.0077862868,-0.0007706781,0.0379440327,-0.0080630454,-0.0052621289,0.0163874596,-0.0042198538,0.0086647029,0.0200275100,0.0090570605,0.0147472919,-0.0201965342,-0.0137679301,0.0220471871,-0.0170049503,0.0098650580,-0.0049555500,-0.0101082916,-0.0158601042,0.0009417070,0.0154205178,0.0111758286,-0.0195536809,0.0174489849,-0.0101074819,-0.0142687157,0.0013433404,0.0236071370,-0.0210230483,0.0282578274,0.0035720197,0.0035154401,-0.0079307323,0.0024335407,0.0155743076,-0.0003796960,-0.0157672212,-0.0116555562,-0.0181994455,0.0342691117
436.0000000000,0.0000971046,0.0178669050,-0.0259137321,0.0006336862,0.0090798792,0.0278116765,0.0127803078,-0.0120221626,-0.0049205411,-0.0074175287,0.0212297138,-0.0030746371,-0.0111867581,-0.0005421572,-0.0090755111,-0.0041341747,0.0165240868,-0.0188548678,0.0054848216,-0.0012536397,-0.0279764200,0.0080853091,-0.0003081325,0.0123543959,-0.0159796765,0.0345203873,-0.0236105469,0.0026691338,0.0130424756,0.0100075114,-0.0009747257,0.0208662382,0.0083763458,0.0129259671,-0.0000880886,-0.0051548783,0.0170706913,0.0006846261,-0.0002368659,0.0043716448,-0.0156577989,-0.0068469918,-0.0070247513,0.0058422993,-0.0070849896,-0.0064351759,0.0320184734,-0.0158313180,-0.0036950915,0.0163964569,-0.0030771940,-0.0098106973,-0.0094323606,-0.0123107955,-0.0088752893,0.0108167972,0.0035260166,0.0208340834,-0.0038377338,0.0147174520,-0.0129938887,0.0044925006,-0.0027246974
437.0000000000,0.0047806877,-0.0156025316,-0.0147869206,-0.0328668976,-0.0059346243,0.0191663671,0.0319595793,-0.0189850336,0.0236136838,0.0113424957,0.0208637606,-0.0011417773,-0.0362110777,0.0191251597,-0.0084283267,0.0258090606,-0.0033738642,-0.0215005009,-0.0058640955,-0.0016197979,0.0103213044,0.0306534848,-0.0005947322,0.0043368061,0.0019024188,0.0310478868,0.0119903407,0.0068554527,0.0086906136,0.0186252843,0.0097781665,-0.0030841741,0.0055007113,-0.0167468343,0.0028714720,0.0048409599,0.0082937843,-0.0107728326,0.0124283683,-0.0127524463,-0.0163290651,-0.0085774729,-0.0075917376,0.0181263283,0.0147677446,-0.0241917546,0.0064558264,-0.0213962992,-0.0290876421,0.0261977428,0.0014593280,-0.0028473313,0.0385336016,-0.0084318333,-0.0060391998,-0.0140248106,-0.0147471692,-0.0058490808,0.0002903623,0.0004804664,-0.0085900154,-0.0069939163,0.0189644581
438.0000000000,-0.0040900593,0.0047265768,-0.0011418634,-0.0195302193,-0.0128781369,-0.0094888250,-0.0071386755,-0.0297564949,0.0057454202,0.0053704905,0.0217470307,-0.0096986769,-0.0073614882,0.0212829646,-0.0000618254,-0.0028548891,-0.0162535366,-0.0088321431,0.0009978561,-0.0154318734,-0.0151632942,0.0167887667,0.0128912578,0.0034462313,-0.0159554143,0.0018936406,0.0151336503,-0.0030556676,0.0016661261,0.0214876847,0.0094589609,0.0012917970,0.0042168158,0.0116533552,0.0047531643,0.0128169747,0.0452279533,-0.0333644183,0.0038904949,0.0136672283,-0.0116363298,-0.0161813093,-0.0112432666,0.0292399577,-0.0123941531,-0.0211680959,0.0129867180,-0.0320041477,-0.0075416384,0.0411157131,0.0182311430,0.0183300749,0.0448064422,-0.0001537297,-0.0037853346,0.0120240918,0.0097510896,0.0428549733,-0.0035332202,0.0035518940,-0.0143544032,-0.0036288793,-0.0010799379
439.0000000000,0.0174637833,-0.0013416074,0.0008572812,-0.0062579872,-0.0111829346,0.0108560917,-0.0008682680,-0.0152947850,0.0164946488,0.0099794690,0.0041195962,-0.0107583820,-0.0030069467,-0.0128358422,-0.0236639947,-0.0010931229,-0.0074561124,-0.0154112719,0.0072048630,-0.0086206192,-0.0153206966,0.0135503079,-0.0145949248,0.0028202883,-0.0005688414,0.0302370460,0.0032358553,0.0184439204,-0.0043452600,-0.0127676578,0.0008397844,0.0159521630,0.0080891097,-0.0011852898,-0.0216193985,-0.0288719777,0.0338729458,0.0068049967,-0.0049138063,-0.0049237531,-0.0148953233,-0.0104506530,-0.0224692947,0.0315100293,0.0190264753,-0.0281468471,0.0232393934,-0.0081432843,0.0051793314,0.0216976682,0.0057768621,0.0023278502,0.0194718263,-0.0173747140,-0.0033319231,-0.0057500771,0.0114890164,0.0164315152,-0.0139714456,-0.0077114386,0.0083289408,-0.0003820436,0.0040352998
440.0000000000,-0.0047096442,0.0219275886,-0.0164174191,-0.0224302472,0.0137581487,0.0127091386,0.0204370038,-0.0176231007,0.0174767094,0.0162921689,-0.0122235419,-0.0035002738,-0.0015384822,-0.0098681421,-0.0139047831,0.0075809011,-0.0054632528,-0.0179243411,0.0215183062,-0.0143227677,0.0112621474,0.0103679000,0.0061774389,-0.0090083036,-0.0089839294,0.0076578026,-0.0125128217,0.0077031342,0.0095327644,-0.0062543975,0.0140347544,0.0114115486,-0.0045295823,0.0232488204,0.0070540843,0.0033530317,0.0174135262,-0.0048630185,-0.0060870705,-0.0178408420,0.0105849923,-0.0287553758,0.0008143994,0.0211494315,0.0039054250,-0.0170944471,0.0141613848,-0.0181475678,-0.0188663229,0.0307020562,0.0009431183,0.0020537842,0.0164630020,0.0025368649,-0.0122984144,0.0054890719,-0.0063407356,0.0051567916,-0.0093615653,-0.0263379112,-0.0331961309,-0.0033238261,0.0275860252
441.0000000000,0.0106950154,0.0060127549,0.0243503340,-0.0138355281,0.0017292645,0.0086488943,0.0147202688,0.0029130683,0.0052000794,0.0003870782,0.0268405180,-0.0155316731,-0.0051854712,-0.0042661995,0.0155348147,0.0122262529,-0.0070415983,0.0044437402,-0.0068553811,-0.0096927273,0.0113009510,0.0097663825,0.0081362239,0.0026248862,-0.0053534866,0.0168352931,0.0163821778,-0.0059722727,0.0207462939,0.0116295674,-0.0222434166,0.0089697692,0.0167031241,-0.0077012731,0.0062365587,0.0027107152,0.0188720522,-0.0067990588,0.0024427033,0.0048279416,-0.0175743381,-0.0014730656,-0.0082621884,0.0054993465,0.0151215224,-0.0185294206,0.0199512537,-0.0189723693,0.0041526848,0.0133054127,0.0464526551,0.0145484261,0.0425597119,-0.0152256475,0.0168553733,-0.0023356572,-0.0024858028,0.0043389987,0.0018624254,-0.0261071592,0.0067982321,0.0143325147,-0.0122464732
442.0000000000,0.0077053916,-0.0048863915,0.0125954578,0.0143725633,-0.0126838567,0.0054423260,0.0220741683,-0.0139200160,0.0106402236,0.0200483962,-0.0148002655,-0.0245750492,-0.0071077879,0.0096930847,-0.0182999426,-0.0009396684,-0.0173491179,-0.0003985729,-0.0201183020,-0.0127159222,0.0063286357,0.0284029476,0.0038603125,-0.0121984630,0.0284480976,0.0061328951,-0.0210990947,0.0117283630,-0.0035890338,-0.0107785289,-0.0035902175,0.0225098513,0.0027747328,0.0147884671,0.0092979913,-0.0129981172,0.0290248827,-0.0171948145,-0.0080852997,-0.0139213101,-0.0248265164,-0.0211776879,-0.0021242821,0.0134567429,0.0174295749,-0.0129610447,0.0084166288,-0.0156671818,-0.0440215693,0.0098892617,0.0096922230,-0.0025726235,0.0408070113,0.0007132723,0.0032621150,0.0048920952,0.0011347678,-0.0130481353,-0.0029680686,-0.0167924371,-0.0028211298,0.0152886234,0.0062513418
443.0000000000,0.0215721616,-0.0002835703,-0.0076049711,0.0126473005,-0.0117412562,0.0104483910,-0.0053481580,-0.0099419552,-0.0106268992,0.0210251203,0.0095530185,-0.0169348258,-0.0141627557,0.0160831981,-0.0212525342,0.0108370014,-0.0056903753,0.0200448011,0.0215942189,0.0059678912,-0.0145167951,0.0130949971,0.0226478396,-0.0172087685,-0.0069920715,0.0347903074,-0.0099829543,-0.0014019471,0.0216477182,-0.0051729457,0.0004941082,0.0266746846,0.0175639066,0.0189826983,-0.0134432260,-0.0110442201,0.0482441929,0.0111919360,-0.0078930892,0.0026729245,-0.0166359732,0.0001123496,-0.0067405212,0.0272504945,0.0193345530,-0.0152032204,0.0284474073,-0.0074486914,0.0038163494,0.0301372100,0.0231828895,-0.0104170038,0.0089481466,-0.0051739106,0.0196094119,-0.0041152803,-0.0105186847,0.0254486120,-0.0336869288,-0.0127392414,-0.0170292917,-0.0019943563,0.0036996279
444.0000000000,0.0140191774,0.0100510473,0.0020571783,-0.0143437606,-0.0130474835,0.0219101908,0.0165951727,-0.0110139944,0.0118335546,0.0006871485,0.0062337931,-0.0104699484,-0.0068265258,0.0061158561,-0.0016659702,-0.0047243804,0.0061621047,-0.0057681978,0.0146312902,-0.0000359638,0.0043910086,0.0144609197,0.0095786729,-0.0044200241,0.0089503431,0.0222543595,0.0006529360,-0.0128983453,0.0223260160,-0.0197922922,0.0093974570,0.0016411552,0.0103749749,0.0064985712,0.0072023676,-0.0185248212,0.0380041080,-0.0178363173,-0.0237791731,-0.0031519000,-0.0208667160,-0.0139639555,0.0081018652,0.0183317827,0.0054176312,-0.0095804360,0.0089130588,-0.0212746119,-0.0049681212,-0.0136974760,-0.0078766386,-0.0121345433,0.0151138719,-0.0171498152,-0.0223746183,-0.0120318822,-0.0005293079,0.0204357387,0.0030758021,-0.0019124850,-0.0221062282,-0.0019845546,0.0053085124
445.0000000000,0.0079047612,0.0090015493,-0.0040691088,-0.0036121345,-0.0041498291,0.0256524369,-0.0125024739,-0.0330022545,0.0128309021,0.0356014945,0.0192507743,0.0021924754,-0.0110334169,-0.0126628112,-0.0374153540,0.0090714895,-0.0009951859,-0.0186269667,-0.0125922844,0.0067032596,-0.0021141302,0.0191826305,0.0207787368,0.0183413929,-0.0070650067,0.0329083440,-0.0196978106,-0.0052000465,0.0061308227,-0.0019921717,0.0256680663,0.0242121014,-0.0044531992,0.0213966460,0.0096054715,-0.0192775007,0.0446013081,-0.0024728371,-0.0066188408,-0.0181722604,-0.0150010096,-0.0393976028,-0.0009034272,0.0128180853,-0.0026031771,-0.0358774975,-0.0011853957,0.0151962983,-0.0428037003,0.0166048025,0.0316012706,-0.0228463930,0.0186840364,0.0022596603,-0.0231686723,0.0028859280,0.0013888326,0.0092381983,-0.0003687913,-0.0141388541,-0.0032054827,-0.0032617268,0.0226643049
446.0000000000,-0.0074304242,-0.0023958298,-0.0177165766,-0.0097144807,0.0042242074,0.0151294399,0.0110896606,-0.0199884385,-0.0231149775,0.0024041980,-0.0026395052,0.0026322991,-0.0082786567,-0.0001268848,-0.0052085904,0.0387997456,0.0149059413,0.0003049555,-0.0073151327,0.0101026388,0.0086924437,0.0183135311,0.0166061928,0.0034968851,0.0021798929,0.0259006064,0.0002014949,0.0005052891,-0.0141271254,-0.0035655784,-0.0034753757,0.0128068754,-0.0034774871,0.0118850317,-0.0020609526,-0.0044049012,0.0129114472,0.0103645454,0.0078216743,0.0139538059,0.0074284700,-0.0304648206,0.0028755821,0.0006739169,-0.0021034198,0.0150105947,-0.0015933913,0.0011820825,-0.0036988595,-0.0016073084,-0.0016526947,-0.0024912246,0.0193144498,-0.0010520158,0.0006290317,-0.0026209752,0.0007015413,0.0181143047,-0.0290216057,0.0151792275,0.0026666304,-0.0052109538,0.0111874985
447.0000000000,0.0072687146,0.0008854827,-0.0026326732,-0.0074293293,0.0081692579,0.0290114624,0.0075781136,-0.0086526400,0.0115899631,0.0045505729,0.0004988649,-0.0218585144,0.0087747180,0.0097274271,-0.0154165991,-0.0113270209,0.0041451674,-0.0116485587,-0.0010073224,0.0031281799,0.0021479262,0.0011184790,0.0217761991,0.0086879721,0.0224465276,0.0224996074,-0.0020252925,-0.0008935099,-0.0016606452,-0.0028045167,-0.0044124964,-0.0171873320,-0.0053494795,0.0146609119,0.0152071901,0.0061172122,0.0312963110,0.0156527066,0.0188149364,-0.0085086587,-0.0154776188,0.0019628531,-0.0435529553,0.0217815002,0.0018865741,-0.0039532201,0.0111016022,0.0105950260,0.0024226983,0.0234932121,-0.0117574665,0.0142003357,0.0035391145,-0.0006364748,0.0060462797,-0.0101175043,0.0018423699,-0.0180046181,-0.0108872110,-0.0056283140,-0.0089785978,0.0025984860,-0.0202874940
448.0000000000,-0.0006121274,0.0123550313,0.0005342723,-0.0217500316,-0.0035873998,0.0181638384,0.0043125639,-0.0237550287,0.0044817361,0.0207935780,0.0161712798,-0.0061179959,-0.0055488705,-0.0084639204,-0.0418807295,0.0054021345,-0.0115661553,-0.0177517809,-0.0266295583,-0.0096627665,0.0108307756,0.0210578077,0.0229479695,-0.0195135608,-0.0176915140,0.0082592971,-0.0106249885,0.0101783074,0.0254103066,-0.0236726834,-0.0093615308,0.0126194092,0.0057746731,0.0118286632,0.0072059730,0.0055155845,0.0252871219,0.0023769976,0.0054892555,-0.0104542990,-0.0287691641,-0.0225614940,-0.0010382426,0.0143556670,-0.0013682073,0.0007636165,0.0314307368,-0.0138410784,-0.0245852852,0.0197528676,-0.0072269540,-0.0150291073,0.0329484696,-0.0060963616,-0.0254842180,0.0010645976,-0.0179895178,0.0169353158,0.0126227622,-0.0208018815,0.0015703992,-0.0162338175,0.0192305839
449.0000000000,0.0020190173,-0.0050645935,-0.0023786152,0.0000024088,0.0010945402,-0.0061050660,-0.0004757754,-0.0169153544,0.0045789514,0.0232631244,0.0067322715,-0.0349132325,-0.0227897633,0.0193206431,-0.0114140668,-0.0068780128,0.0057340668,-0.0148644837,-0.0018622193,-0.0144460779,-0.0111242874,0.0180748470,0.0243646374,0.0215361556,0.0013618138,0.0200101408,-0.0218413230,-0.0113677537,0.0202317675,-0.0131709860,-0.0079105497,0.0078860476,0.0080329421,-0.0054077710,0.0089652557,0.0037825122,0.0327735652,-0.0051530451,0.0033468620,0.0078110393,0.0196990012,0.0006105633,-0.0026732774,0.0086652192,0.0000638580,-0.0131167408,0.0112995870,-0.0201463249,-0.0065171202,0.0355271518,0.0173748399,0.0295685620,0.0090838678,0.0014841465,-0.0144763909,0.0049933362,0.0023195461,0.0243213335,0.0008273742,-0.0201301804,0.0025679585,-0.0032690574,0.0107875867
450.0000000000,0.0277844206,-0.0140511118,0.0134179740,0.0147856745,-0.0244104377,0.0078115022,0.0181785740,-0.0288234551,0.0269351126,0.0272746392,0.0045715594,-0.0171268084,-0.0265702526,-0.0132730223,-0.0081827554,0.0037460837,0.0147538540,-0.0045829410,-0.0105917481,0.0119735078,-0.0043593747,0.0260506987,0.0399006206,-0.0005137798,-0.0039228370,0.0180293216,-0.0412392108,-0.0057176408,0.0060141141,-0.0213025396,0.0021850004,0.0268531154,0.0012105452,-0.0001227808,-0.0108738050,-0.0161100836,0.0023855276,0.0018038461,-0.0044283016,-0.0072575029,-0.0163819008,-0.0039472273,-0.0079194073,0.0115594173,0.0127918332,-0.0551118933,0.0071689039,-0.0338459990,0.0094715789,0.0145328638,0.0072872798,-0.0166717575,0.0205932232,0.0085376079,-0.0178608033,0.0009936871,0.0241043990,0.0181900723,0.0054241739,-0.0120794509,-0.0327618856,0.0098058751,0.0259629662
451.0000000000,-0.0128157988,0.0082345834,-0.0008914288,-0.0137111947,0.0203368099,0.0116647755,0.0154638180,-0.0154031879,-0.0060267587,-0.0051368143,0.0177122938,0.0042764137,-0.0038191562,0.0020685236,-0.0139328479,0.0202065612,-0.0035230112,-0.0047240955,0.0087955691,-0.0028878667,-0.0083636467,0.0192674767,-0.0126900471,0.0034589605,-0.0116660870,0.0249179874,-0.0053684049,-0.0001171849,0.0094160830,-0.0060559248,0.0160290398,0.0218562391,0.0140314717,0.0208283838,0.0048915196,-0.0109865281,0.0253602730,0.0040292223,0.0233745421,-0.0155770719,-0.0012772854,-0.0253011984,-0.0152192335,0.0132122579,0.0171193531,-0.0011031880,-0.0000964221,-0.0039448275,-0.0137287727,-0.0023505678,-0.0094227494,0.0018485345,0.0137556112,0.0089656498,-0.0160842259,-0.0061002660,-0.0144463648,-0.0017978896,-0.0063944521,0.0008075993,-0.0282521232,0.0221999984,0.0177554089
452.0000000000,0.0205844356,0.0002238363,-0.0116975900,-0.0013963832,-0.0058013216,0.0300623166,0.0119514429,-0.0430485423,0.0128240596,0.0053473438,-0.0003380310,0.0001973399,-0.0085977150,0.0136078713,-0.0122875198,-0.0032140117,0.0044207934,-0.0253632632,0.0015031447,0.0098669190,0.0000784725,0.0164728593,0.0157537571,-0.0282272257,0.0136910843,0.0105064264,0.0009674529,0.0077083226,-0.0077619621,-0.0167216994,0.0194950470,0.0196575514,0.0095071800,0.0155912362,0.0094576580,0.0095749901,0.0355804481,-0.0328399415,-0.0144348957,0.0227626592,-0.0158579618,-0.0153517579,-0.0073299758,0.0143007596,0.0077480586,-0.0224122329,-0.0025807455,-0.0296017009,-0.0226484593,0.0237080484,0.0086957637,-0.0018039393,0.0304964432,-0.0051312414,-0.0069374239,-0.0167360390,0.0170108657,0.0174267926,-0.0069235921,-0.0094662547,-0.0068426439,-0.0197090119,0.0301274019
453.0000000000,0.0068688229,0.0209163346,-0.0050114417,-0.0035580159,-0.0114082284,0.0064712411,0.0079559231,-0.0142037441,0.0108289258,0.0123827321,0.0057686587,-0.0019667385,-0.0084854453,0.0004821194,-0.0194580685,0.0244088251,-0.0046198405,-0.0296804622,-0.0163878295,-0.0179301078,-0.0017609718,0.0140969136,-0.0006084544,-0.0096426838,0.0134133994,0.0264615038,0.0014543004,0.0091405568,-0.0061440720,-0.0042699666,0.0101096474,0.0040419391,0.0173663902,0.0034916510,-0.0000669024,-0.0231075926,0.0172680957,-0.0123759602,-0.0019884490,-0.0132963424,-0.0138383401,-0.0061233235,0.0022846704,0.0155163934,0.0097593199,-0.0131745863,-0.0176504807,-0.0016902302,-0.0081279157,0.0131878226,-0.0063302293,0.0050435036,0.0198573224,0.0095773243,-0.0307409270,-0.0121084048,-0.0149148948,0.0108255884,-0.0084492621,-0.0086875782,-0.0228135513,-0.0012500141,0.0285636616
454.0000000000,0.0118656525,0.0073576862,0.0087882220,-0.0146911931,-0.0060249721,0.0271750742,0.0000391485,-0.0095395280,0.0185411055,-0.0041629597,0.0160730585,-0.0044760396,0.0012361143,-0.0003627615,-0.0180992876,-0.0207722958,0.0178992338,-0.0025172043,-0.0157175264,0.0057593319,-0.0176730007,0.0237150391,0.0087739452,-0.0150645964,-0.0009546321,0.0250272091,-0.0154503541,0.0225128741,0.0010371643,-0.0076945308,0.0108757579,0.0273273328,0.0095078017,-0.0017808783,0.0057952839,-0.0396623254,0.0777244262,0.0181356502,0.0137091211,-0.0180662325,-0.0130015475,-0.0002555464,-0.0008199770,0.0098759814,-0.0129016885,-0.0248506622,0.0124441488,0.0096451767,-0.0275285723,0.0299203053,0.0267713527,-0.0042361824,0.0304541434,0.0020108361,-0.0027560435,-0.0069202350,0.0056432463,-0.0047848120,0.0161150246,-0.0414580062,-0.0088796006,0.0142914942,0.0534700903
455.0000000000,-0.0120994186,0.0197029245,-0.0074407446,-0.0053543868,-0.0103341885,0.0251443397,-0.0138349174,-0.0180681244,-0.0138003891,0.0114496244,0.0172374667,-0.0072764528,-0.0246575692,-0.0138439542,-0.0144276803,0.0120584310,-0.0010518313,-0.0100246452,0.0116186061,-0.0082482687,0.0140112139,0.0319682518,0.0157698363,-0.0046346953,0.0044475725,0.0327628479,0.0100721531,-0.0113858014,-0.0072900022,-0.0197608456,0.0156248594,-0.0117767776,0.0283493390,-0.0018280640,0.0025115498,-0.0114126004,0.0383300594,-0.0049057649,-0.0132303511,-0.0113146079,-0.0163242562,-0.0241934570,0.0040149846,0.0113446652,0.0022954006,-0.0236532208,0.0081824280,-0.0251837711,-0.0183762322,0.0097913204,0.0185176821,-0.0011286641,0.0358600733,0.0216421146,-0.0016788741,0.0233642155,-0.0043098863,-0.0006721598,0.0089775802,0.0092489958,0.0018090339,0.0020133634,0.0089448383
456.0000000000,-0.0098832653,-0.0141491115,-0.0028646264,-0.0059464950,-0.0023484246,0.0108783124,-0.0120287785,-0.0332854006,0.0000606421,0.0045102180,-0.0109282484,-0.0054243309,-0.0294328453,-0.0073707362,-0.0193830574,0.0304293129,-0.0182551714,0.0125384933,-0.0140818829,0.0231276240,-0.0065344306,0.0304565218,0.0231240006,-0.0098498506,0.0088086560,0.0314589081,-0.0085023648,0.0050615735,-0.0037535073,-0.0002788826,-0.0106836638,0.0190219889,0.0233208350,0.0176367582,-0.0028743203,-0.0217095835,0.0448451283,-0.0167599230,0.0262138446,-0.0325879713,-0.0223808685,-0.0476552024,-0.0418581400,0.0190467919,-0.0109498565,-0.0372228407,0.0075135070,-0.0076724204,-0.0092004030,0.0434031823,0.0208600097,-0.0041686120,0.0251900967,-0.0053414922,-0.0079871127,-0.0224957740,-0.0031215071,-0.0114945118,-0.0084970211,0.0039052120,-0.0238506695,0.0119273196,0.0302325973
457.0000000000,0.0026246593,0.0118261041,0.0131090764,-0.0205668554,-0.0007584922,-0.0042496072,0.0063134788,-0.0279541307,-0.0030300491,0.0051719297,0.0150047831,-0.0103737592,-0.0120835934,0.0060750811,-0.0100669404,0.0231099495,-0.0026149395,-0.0080018823,-0.0088896745,-0.0136025494,0.0056648495,0.0210804838,0.0060059021,0.0025186680,0.0058582082,0.0498995144,0.0021473520,0.0006639428,0.0041387840,-0.0056210799,-0.0071936515,0.0189068378,0.0115015571,0.0069155426,-0.0086913399,-0.0101821287,0.0439364369,-0.0158426435,-0.0048839624,0.0069625491,-0.0322263740,-0.0137312074,0.0028773990,0.0238691398,0.0111460412,-0.0308093193,0.0073257469,0.0006232897,-0.0182482270,0.0133910978,0.0220573600,0.0050010152,0.0159042333,-0.0100406786,-0.0044105443,-0.0020516926,-0.0254952724,-0.0108753385,-0.0086200777,-0.0099280891,-0.0172517481,0.0153870188,0.0087798102
458.0000000000,0.0247611831,0.0019600940,-0.0062218654,-0.0064790103,-0.0085588589,0.0272821989,0.0124636039,-0.0204986248,0.0217492501,0.0035670636,0.0221039489,-0.0133459357,0.0000729377,-0.0050438406,-0.0336311442,0.0103287075,0.0166853106,-0.0380803193,-0.0007416821,0.0042059169,-0.0308195309,0.0081290496,0.0293974392,-0.0170830782,-0.0110700285,0.0134819979,0.0129766104,-0.0131895880,-0.0130490204,-0.0073682032,0.0173403333,0.0013552336,-0.0038351209,0.0084766669,-0.0113182455,-0.0226346062,0.0383587355,-0.0191869486,-0.0107476797,-0.0041613747,-0.0239707052,-0.0031196786,-0.0085612172,0.0134866383,0.0033724632,-0.0185642573,-0.0082924689,-0.0129920968,-0.0243570483,0.0112506507,-0.0021179589,0.0301781230,-0.0055921455,-0.0203600439,-0.0043826250,-0.0115239443,0.0178124001,0.0191881216,0.0012908085,-0.0057546574,-0.0126512885,0.0118640285,0.0355310928
459.0000000000,-0.0116037265,-0.0079782138,0.0069052192,-0.0137915588,-0.0159351963,0.0377080166,0.0142860888,-0.0367337000,0.0105474100,0.0317426534,0.0175941687,-0.0109724004,-0.0176875822,-0.0094073462,-0.0461288901,0.0066136442,-0.0171610846,-0.0214467183,0.0111685227,0.0037819998,-0.0330856868,0.0167557618,0.0084403729,0.0037619651,-0.0204484917,0.0319102697,-0.0063450492,0.0308435696,-0.0021929431,-0.0150771835,-0.0053211054,0.0144675608,0.0140287181,0.0196842822,-0.0109438759,0.0032774942,0.0263181488,-0.0162042626,-0.0042788844,-0.0070169971,-0.0072560283,-0.0180188389,-0.0140551192,0.0269787500,-0.0000673130,-0.0457994752,0.0086554825,-0.0186615702,-0.0014414859,0.0312936577,0.0150861546,0.0010155410,0.0317667176,0.0048998451,0.0140778016,-0.0104160677,-0.0037982939,-0.0031195984,0.0195308102,-0.0097237630,-0.0086291934,-0.0203903187,-0.0047788735
460.0000000000,-0.0234734591,0.0141651998,0.0103300332,-0.0105373937,0.0039526224,0.0004131822,-0.0054370408,-0.0146520825,0.0116163017,0.0104356414,0.0028127735,-0.0142532099,-0.0195167146,0.0209874225,-0.0068310902,0.0002609757,-0.0119091527,0.0006407017,-0.0027878830,-0.0046020044,-0.0272561721,0.0286193903,0.0234435729,-0.0061491661,-0.0015469541,0.0439757288,-0.0139894151,-0.0055478011,0.0035309555,-0.0320094487,-0.0021648259,0.0149564021,0.0218207812,0.0307065617,0.0048605024,-0.0100176276,0.0493004734,-0.0082431268,0.0058746855,0.0034891854,-0.0154030756,-0.0332369679,0.0028921438,0.0056127617,0.0175872142,-0.0244955589,0.0282152023,0.0132331013,-0.0290367732,0.0200854979,0.0214370463,-0.0032237735,0.0398484952,-0.0072476421,-0.0000710915,-0.0091793458,-0.0020756047,-0.0009383374,-0.0041550136,0.0165016448,-0.0256906499,0.0207032405,0.0299580644
461.0000000000,0.0158490332,-0.0080104465,0.0034599248,-0.0099029893,-0.0005876616,0.0211412389,0.0094467028,-0.0192700896,0.0097318956,0.0229414377,0.0077230055,-0.0181597132,0.0016543737,0.0409670222,-0.0219978645,-0.0027273710,-0.0063901623,-0.0317144961,0.0198288205,0.0133182251,-0.0120263719,0.0098915563,0.0227864193,-0.0094608736,0.0211484301,0.0049444093,0.0033006426,-0.0106354776,0.0049837206,-0.0200759109,0.0257169204,0.0159618351,0.0153079351,0.0136868487,0.0084606170,-0.0231219120,0.0290551552,-0.0260723040,0.0043989854,-0.0020401144,-0.0101820441,-0.0096798849,-0.0032019894,-0.0006657034,0.0121533365,-0.0104676496,0.0354575826,0.0035049790,0.0003686138,0.0023772037,0.0215613861,-0.0115191453,0.0302876174,-0.0121220759,0.0016669156,0.0023877503,0.0456541915,0.0088426950,-0.0072083656,0.0092368235,-0.0089047504,0.0114493718,-0.0017009739
462.0000000000,-0.0022732463,-0.0040167359,-0.0005207943,-0.0099238380,0.0215829553,0.0184255276,0.0019533888,-0.0181990867,-0.0092323914,0.0043179025,0.0017684566,-0.0316932813,-0.0039271413,-0.0144958905,-0.0370762857,0.0046663929,-0.0181150130,-0.0236516586,0.0075961789,0.0250444900,-0.0082434906,0.0393623932,0.0136775759,0.0233420394,0.0144534284,0.0261597895,-0.0090704497,0.0147454576,0.0191411120,0.0023165797,0.0030101208,-0.0082403867,0.0128728068,0.0301210481,0.0267171126,-0.0061690339,0.0253842611,0.0009377846,0.0073791428,-0.0143782104,-0.0266766580,-0.0253111696,-0.0198706231,0.0201436659,0.0176359415,-0.0319213257,-0.0012779827,-0.0314323997,-0.0024921430,0.0224660150,0.0069486154,0.0149604697,0.0387854101,0.0052274310,-0.0009444057,-0.0073192840,-0.0081297680,0.0178450435,-0.0072489700,-0.0092758561,-0.0235260391,-0.0062362523,0.0021731342
463.0000000000,0.0083887384,-0.0184072291,0.0134165362,-0.0058254210,-0.0123636693,-0.0114683007,-0.0103228477,-0.0257561244,0.0012064589,0.0228539365,-0.0090300179,-0.0023600096,-0.0127681266,0.0043254979,-0.0175359313,0.0185570642,-0.0026751961,-0.0211084745,0.0134250699,0.0118032386,0.0007835200,0.0198170659,0.0334554198,-0.0109995947,0.0006536544,0.0126410900,-0.0085697161,0.0058865335,-0.0109183875,0.0075245380,0.0046040840,0.0073424796,-0.0127049483,-0.0007809841,-0.0132079061,0.0131437664,0.0220013275,-0.0019505305,0.0030301118,-0.0104210509,-0.0138796920,-0.0074837237,-0.0080831741,0.0182508279,0.0067855864,-0.0346755449,-0.0020532583,-0.0128273530,0.0078223523,0.0195321847,0.0039349466,0.0081529005,0.0349564415,-0.0092660515,-0.0011842549,-0.0006215490,0.0146026978,0.0213662812,-0.0150075095,-0.0028844563,-0.0191086482,0.0040296071,0.0086062044
464.0000000000,0.0188987964,0.0083566218,-0.0008424664,-0.0067658425,-0.0149456572,0.0205189162,0.0155723984,-0.0290523479,-0.0118322917,0.0418321066,0.0078511955,-0.0193629328,-0.0125080179,0.0033189402,-0.0378254894,0.0094258485,0.0111660524,-0.0074561754,-0.0000119401,0.0113114560,0.0205912851,-0.0010199316,0.0190893467,-0.0139835361,-0.0062217789,0.0103174724,-0.0085915604,0.0259696622,0.0040454364,-0.0117083280,0.0233861391,-0.0009140570,0.0290795472,-0.0072722763,0.0075954998,-0.0021568701,0.0425629003,-0.0146999452,-0.0000625662,0.0069931689,-0.0067246192,-0.0109283865,-0.0129491398,0.0279245211,0.0107925731,-0.0099927256,0.0163453857,-0.0034530151,-0.0121968181,0.0248993569,-0.0001581203,-0.0103658289,0.0401281124,-0.0006890038,-0.0104571889,-0.0057488849,0.0048469314,0.0126148486,0.0058179336,0.0049130487,-0.0184117527,0.0072364188,0.0288343028
465.0000000000,0.0125483816,-0.0085538479,-0.0034093482,-0.0016151786,-0.0034711467,0.0047086355,0.0095853635,-0.0313704299,0.0066336023,0.0032400249,-0.0023827558,0.0085410319,0.0297534354,-0.0097391592,-0.0364439556,0.0145545575,-0.0003877875,-0.0036833148,-0.0202773105,-0.0087274291,0.0003761632,0.0189857438,0.0102615769,0.0004219939,0.0221677686,0.0212865312,-0.0244383255,-0.0072630348,0.0178646942,-0.0049256797,-0.0057686113,0.0129290319,0.0065874726,-0.0013730831,-0.0018625934,-0.0079192671,0.0406967224,-0.0184344419,-0.0044639519,-0.0115397081,-0.0292450211,-0.0137520459,0.0162483622,0.0144207158,0.0030837792,-0.0276741175,0.0024006338,-0.0280182564,0.0042645536,0.0284402915,0.0026503455,0.0023415350,0.0265163259,0.0132524143,-0.0063493608,0.0048496607,-0.0043602719,0.0105862015,-0.0092893207,-0.0070839991,-0.0053582909,-0.0066189035,0.0256505747
466.0000000000,0.0011499798,-0.0026159547,0.0327310104,-0.0161652911,-0.0033730720,0.0019556286,0.0061485652,-0.0441821781,-0.0129985970,0.0224592542,0.0362842019,-0.0255596719,-0.0122422739,0.0003081074,-0.0285326345,0.0008474125,0.0124804299,-0.0194018887,0.0185353015,0.0012680853,-0.0176793388,0.0269208924,0.0187663480,-0.0125538107,0.0168853260,0.0284353819,-0.0198624502,-0.0156097608,0.0098905719,-0.0089349853,0.0069968176,0.0161148727,-0.0011533095,0.0044445528,0.0009648685,-0.0205026585,0.0431792744,-0.0411398863,-0.0129506957,-0.0027707602,-0.0115310852,-0.0384922838,0.0075518939,0.0201629769,-0.0020231921,-0.0417521948,0.0149869106,-0.0315432778,-0.0335178529,0.0153787065,0.0230604415,0.0078579287,0.0339568630,-0.0097401275,0.0097144809,-0.0052607623,0.0112583564,0.0188655855,-0.0000150875,-0.0197555804,-0.0004387139,0.0071757345,0.0309625994
467.0000000000,0.0041560366,-0.0077518375,0.0026377396,-0.0129472823,0.0136910906,-0.0012766153,0.0031789352,-0.0499947236,-0.0164941983,0.0156644173,0.0080708604,-0.0290170915,-0.0243939847,0.0215890614,0.0015352316,0.0036075250,0.0089460159,-0.0062798738,-0.0059478001,-0.0028571163,0.0097824764,0.0083518130,0.0016758935,-0.0206148606,-0.0061229880,0.0193730383,0.0136063284,0.0097240837,-0.0105270007,-0.0120176920,0.0059384135,0.0022729597,0.0094718405,0.0130593679,0.0200825674,-0.0248742365,0.0460698644,-0.0155387476,-0.0030326224,0.0004605943,-0.0248193598,0.0028392066,-0.0200031792,0.0172683209,0.0088047300,-0.0271333708,-0.0212464487,0.0033525473,-0.0009275759,0.0329542350,0.0018050727,0.0039006440,0.0379653971,0.0088650589,-0.0088593056,-0.0212710446,-0.0002528726,0.0203219647,-0.0132750934,-0.0137541603,-0.0348913210,-0.0055539237,-0.0125351054
468.0000000000,0.0010760391,-0.0088488146,0.0092484671,-0.0153094326,-0.0013272416,0.0075368496,-0.0008078889,-0.0471786633,-0.0093838235,-0.0018924612,0.0217786496,-0.0071649813,-0.0208208351,-0.0059560604,-0.0142526353,0.0042098254,-0.0151070835,-0.0134396895,-0.0058744347,-0.0054990758,0.0060460366,0.0254618674,0.0250996161,-0.0123789360,0.0053490384,0.0141393889,0.0024499741,0.0098636795,-0.0074692221,0.0045450034,0.0166680604,-0.0072362368,-0.0028385798,0.0229391874,0.0138176200,-0.0143580948,0.0402676028,-0.0260059932,0.0060378456,-0.0123158649,-0.0313342284,0.0008466540,0.0003383980,0.0029316835,0.0217108899,-0.0146220953,0.0196941261,-0.0244803774,-0.0138301825,0.0250647949,0.0079532303,0.0037456781,0.0450809232,-0.0140457767,0.0034853620,0.0015559091,0.0186521351,0.0120579047,0.0078383326,-0.0071038335,-0.0126478222,0.0141061911,0.0213832577
469.0000000000,0.0218805675,0.0060052329,-0.0002128369,-0.0066905806,-0.0199869606,0.0144579509,-0.0047666716,-0.0328030084,-0.0075274196,0.0007001083,0.0082184533,-0.0013405292,-0.0070061344,-0.0073169768,-0.0280332438,-0.0000482491,0.0009920810,-0.0155443556,-0.0010489773,-0.0078790530,-0.0146736535,0.0210939083,0.0244463930,-0.0214448241,0.0160317442,0.0074143149,-0.0048171161,-0.0049917767,0.0004725910,-0.0046233388,0.0128524177,-0.0045245662,0.0098881282,0.0303905830,-0.0116081830,0.0020514446,0.0326284226,-0.0010736027,-0.0183050774,0.0040473234,-0.0130065848,-0.0245099900,0.0132358134,0.0245971525,-0.0103331100,-0.0436137377,0.0123717989,-0.0255525394,-0.0057851270,0.0196530557,-0.0056294110,0.0241123231,0.0120626462,-0.0120994388,-0.0129165559,-0.0028140794,0.0057770691,0.0181223821,-0.0056216916,0.0216109233,-0.0248640960,0.0105049781,0.0174974648
470.0000000000,-0.0157893309,0.0010449195,-0.0015973433,0.0112424713,0.0154295702,-0.0148929977,0.0029617887,-0.0178810636,-0.0050268552,-0.0102886655,-0.0102694600,0.0251579005,-0.0106648776,-0.0005534525,0.0038400101,0.0081759232,0.0093693576,0.0128455963,0.0012115903,0.0009672267,0.0026808167,-0.0017410545,0.0051880598,-0.0006628727,-0.0087374051,-0.0107645607,-0.0111853072,0.0186646526,-0.0076579825,-0.0227710557,0.0086076712,-0.0097043608,0.0068004774,-0.0045664564,-0.0170310702,-0.0178533120,0.0125613935,-0.0270352347,-0.0211772753,0.0128504357,-0.0122460372,-0.0169744030,0.0251068608,0.0105439425,-0.0138318738,-0.0097762226,-0.0023202424,-0.0270607282,-0.0277947244,0.0089083252,0.0005398639,-0.0021953465,0.0094840478,-0.0070352038,-0.0005548372,-0.0092750346,-0.0083138817,0.0036534098,0.0112797434,-0.0093637545,-0.0022827567,0.0047253478,0.0062508920
471.0000000000,0.0111459172,-0.0140750071,0.0168698907,-0.0127695219,0.0107868685,0.0052904064,0.0241428027,-0.0232311335,-0.0046836392,0.0130013377,-0.0058237826,-0.0128100113,-0.0068952876,0.0047571627,-0.0291115611,0.0178618422,0.0043464930,0.0110992177,-0.0002074896,0.0014393059,-0.0001626499,0.0190491252,0.0130971267,0.0181119164,-0.0207829373,0.0403329732,0.0007753658,0.0096350112,-0.0044466266,-0.0289407053,0.0201203224,0.0131771814,0.0004461570,0.0164343201,-0.0050457863,-0.0102132883,0.0067555952,-0.0120051920,-0.0156950858,-0.0216887059,-0.0118270617,-0.0035452676,0.0077402743,0.0192676095,0.0111783813,-0.0249331718,0.0206924215,0.0058467182,0.0037213498,0.0138384125,0.0201488596,-0.0016672343,0.0107046614,-0.0275573779,-0.0003684825,-0.0057122223,0.0011000044,0.0350458603,-0.0017389038,-0.0105515097,-0.0218855775,0.0131591561,0.0022451520
472.0000000000,0.0109513534,-0.0051715438,0.0027984511,0.0045080733,0.0021139907,0.0129864597,-0.0073253232,-0.0347942516,0.0139524929,0.0161227439,0.0163309023,0.0054366963,-0.0066451661,0.0033332342,-0.0172394406,0.0213039575,-0.0018849712,0.0008706146,0.0045311924,-0.0014813134,-0.0030523376,0.0292315681,0.0252285893,-0.0291879556,-0.0041669139,0.0125005858,0.0040202253,-0.0109306653,0.0096394836,-0.0117717433,-0.0099509091,-0.0032483574,-0.0085773646,0.0209877523,0.0106410572,-0.0236061863,0.0340923646,-0.0172198074,-0.0064878982,0.0210823750,-0.0005136883,-0.0083208695,0.0181705100,0.0493711156,-0.0137227447,-0.0152464900,-0.0014548265,-0.0087498649,-0.0189536928,0.0229351558,0.0079443302,0.0011879190,0.0258584650,0.0168604938,-0.0288545427,0.0017069357,-0.0161722872,-0.0066182667,-0.0178498170,-0.0035133276,-0.0193647714,0.0170946752,-0.0061279183
473.0000000000,0.0205029298,0.0090721151,0.0182860147,-0.0258632825,-0.0124923552,0.0161150501,0.0025619391,-0.0333487107,-0.0021620874,0.0252770611,0.0245340594,-0.0199921720,-0.0175847748,-0.0071201244,-0.0210407700,0.0023302651,0.0078611663,-0.0098751879,0.0123981384,0.0003998746,0.0011600857,0.0180136496,-0.0142608647,0.0092042355,0.0068209701,0.0322854899,-0.0054616804,0.0045801260,0.0125466684,-0.0276096633,0.0150008987,0.0235951187,0.0040380153,0.0151255495,0.0163436215,-0.0103487661,0.0379218888,-0.0182771912,-0.0010396874,0.0018475032,-0.0299595610,-0.0173728030,0.0035295670,0.0097325854,-0.0114386533,-0.0266160130,0.0253394055,-0.0177673201,-0.0186419360,0.0154877453,0.0194474506,0.0170642529,0.0218863405,0.0143955088,0.0181637958,0.0203960097,0.0006549307,0.0086117985,-0.0047946093,-0.0119664023,-0.0269200836,0.0021099048,0.0228349335
474.0000000000,-0.0103674087,0.0097979554,0.0070098296,0.0062930870,0.0022024976,0.0086459764,-0.0032247542,-0.0258573549,0.0041217674,0.0214483549,-0.0017924527,-0.0174251786,0.0006815379,0.0133034069,-0.0003234643,-0.0012093429,-0.0025491162,-0.0213716765,-0.0181318521,0.0121539912,0.0053930507,0.0248092381,0.0020233961,0.0029262328,0.0068015542,0.0168046961,-0.0133002715,0.0002941998,0.0113941360,-0.0056844107,-0.0073788744,0.0148895354,0.0020933188,0.0091937872,-0.0057010794,0.0019089409,0.0243109251,0.0094214161,-0.0067302151,-0.0004517927,-0.0058110785,-0.0038758076,0.0111408066,0.0226801474,-0.0069322453,-0.0175890688,-0.0088074017,-0.0147384272,0.0052815082,0.0124195912,0.0060547730,-0.0135881208,-0.0003110758,0.0070551316,-0.0283203601,0.0222378532,0.0061378265,-0.0005549789,0.0350192733,-0.0010581012,-0.0135340218,0.0106005736,-0.0084232129
475.0000000000,-0.0268859841,0.0097586543,0.0015949006,-0.0019311124,0.0025844999,0.0241010256,-0.0109801518,-0.0136728433,0.0075973138,0.0221321244,-0.0100148122,0.0056386128,0.0007222192,0.0105791496,-0.0158989235,0.0058327109,-0.0098093512,0.0149253221,-0.0108403383,0.0000080387,0.0003878905,0.0139733404,0.0140651685,-0.0055255283,0.0098091460,0.0175987704,0.0178413709,0.0096236821,-0.0003893987,0.0036238182,-0.0045252464,0.0214909668,0.0122893326,0.0303048109,0.0160083863,-0.0143425731,0.0248543151,-0.0026924492,-0.0090427140,0.0039547960,-0.0075425139,-0.0125610378,0.0215257793,0.0083132218,0.0113022341,-0.0196056837,0.0031878123,0.0146207210,-0.0280911403,0.0331348410,0.0169904476,-0.0075675488,0.0182135262,-0.0208750447,0.0093351642,0.0116330937,0.0205574015,0.0193917919,-0.0069457411,-0.0170252869,-0.0299042633,0.0009256165,0.0060219976
476.0000000000,0.0010963496,-0.0086668390,-0.0085371441,-0.0016623375,0.0015237105,-0.0090152202,-0.0005887522,-0.0105579357,0.0049514065,0.0203304226,-0.0041570719,-0.0081785348,0.0061487699,-0.0022309025,-0.0005370159,0.0042840452,-0.0210060840,-0.0010484844,-0.0117207737,-0.0126319287,-0.0009546312,0.0106977201,0.0144761189,0.0104213039,0.0053696183,0.0187554179,-0.0047285434,-0.0000666252,0.0194300093,-0.0046289242,0.0129051903,0.0237159594,0.0210002508,-0.0092380173,0.0122035823,-0.0115136396,0.0143207838,0.0064982687,0.0198949786,-0.0004899575,-0.0099953721,0.0085380216,-0.0041362238,0.0284264856,0.0026447643,-0.0089466117,0.0033753737,-0.0168201561,-0.0247971900,0.0108934704,0.0070414132,0.0007019301,0.0025889394,0.0149325311,0.0173419153,0.0052284509,-0.0165194606,-0.0062229574,0.0008158156,0.0066027087,-0.0021532208,0.0019779594,0.0178480013
477.0000000000,0.0019097257,0.0185270525,0.0082414784,-0.0037094639,0.0086013950,-0.0016966049,-0.0037858479,-0.0130825916,-0.0173400621,0.0235927988,0.0188722085,-0.0018282194,-0.0013432192,-0.0036884200,-0.0102502570,-0.0135389863,-0.0062033728,0.0053671139,-0.0019825016,0.0175852097,-0.0193103244,0.0254815551,0.0118763461,0.0165756282,-0.0006320158,0.0131851456,-0.0093743949,0.0017592631,0.0191841965,0.0022971543,0.0030797487,0.0121418062,0.0362924716,0.0187556542,-0.0099917357,-0.0164519231,0.0090456349,-0.0123923667,-0.0036605608,-0.0026115254,-0.0071896700,0.0014802383,-0.0097707622,0.0134556752,-0.0069789830,-0.0159332976,0.0109368705,-0.0178253465,-0.0073970150,0.0230132637,0.0141796396,-0.0064065691,0.0252240768,-0.0022363031,-0.0108474789,0.0039161017,-0.0105683429,0.0229815178,0.0058652315,-0.0137978938,-0.0138848255,-0.0299654653,0.0362037703
478.0000000000,0.0235616282,-0.0091624474,0.0093332652,-0.0057878515,-0.0102880063,0.0080079867,0.0062308317,0.0004949763,0.0104253591,-0.0038997168,0.0051063999,0.0081553237,0.0141044565,-0.0049632854,-0.0015964780,0.0061949681,0.0126023597,0.0204877253,-0.0106083802,0.0121295196,0.0026717173,0.0230990898,-0.0052691335,-0.0101582841,0.0121128697,-0.0050214148,-0.0003876119,0.0051138656,-0.0044026311,-0.0097541664,-0.0000449261,-0.0016205036,-0.0147487011,0.0073860480,-0.0034369355,-0.0035630983,-0.0036795143,-0.0157926333,0.0090623619,0.0074588163,-0.0193080109,0.0022359709,-0.0167003384,0.0229632432,-0.0042823495,-0.0062747169,0.0153584717,0.0009671196,0.0036887557,0.0125382118,0.0132107642,-0.0120132377,-0.0043511242,-0.0175965031,0.0026685041,0.0116364972,-0.0070291254,-0.0159728455,0.0047412546,-0.0291070099,-0.0004697956,0.0091109512,0.0056031752
479.0000000000,0.0093869513,-0.0074923283,0.0040024765,-0.0078648099,-0.0111492847,0.0089469800,0.0065117885,-0.0288414905,0.0017543664,0.0002595194,-0.0040190664,-0.0221061872,0.0103870497,0.0052971928,0.0044053929,0.0116848914,-0.0071111447,-0.0078253304,-0.0159553655,0.0075117744,0.0014899371,0.0005935338,0.0097427194,-0.0001612504,0.0070265490,0.0029442339,0.0044607462,0.0183132765,0.0069918038,-0.0004516702,-0.0084767913,0.0035479548,-0.0145645246,0.0153346761,-0.0090495883,-0.0068865001,0.0160493576,-0.0030425274,-0.0176851641,-0.0189332667,0.0134299624,-0.0168991146,0.0028129206,0.0117736372,-0.0160784623,-0.0209723770,-0.0068644724,-0.0157918559,-0.0059567815,0.0024368223,-0.0104528711,0.0045552602,0.0191703319,-0.0091818467,-0.0008984544,-0.0084390202,0.0068849005,0.0105155551,-0.0033984409,-0.0097145044,-0.0004656391,0.0166847337,0.0209820815
480.0000000000,-0.0018495248,0.0053707420,-0.0097479459,0.0060504090,-0.0113439016,-0.0028232928,0.0024561997,-0.0300358526,-0.0022647602,0.0120587232,0.0218056730,-0.0133854141,-0.0028039508,-0.0025663283,-0.0118120081,0.0302003406,0.0156110490,0.0081798145,0.0047004642,0.0088907602,-0.0321115460,0.0307259736,0.0122499417,0.0199816437,-0.0038370736,0.0457846417,0.0047728786,-0.0191523235,-0.0023920973,0.0118966606,0.0210869144,0.0206200741,-0.0016160937,0.0268811139,-0.0149688744,-0.0214769919,0.0225329341,-0.0049884773,0.0230632526,-0.0011224430,-0.0294831585,-0.0549064798,-0.0059693503,0.0273511453,0.0022810971,-0.0274051497,-0.0009113310,0.0036520448,-0.0046139934,0.0117220197,0.0260725927,0.0151944235,0.0315206784,0.0129359475,-0.0062209504,-0.0083709049,0.0249309072,0.0122273444,-0.0127566168,-0.0094957794,-0.0217167747,-0.0075769030,0.0385166914
481.0000000000,-0.0016627316,0.0110189802,0.0133659072,-0.0076358140,-0.0047114177,-0.0054602961,0.0038995598,-0.0133063425,-0.0042672047,0.0155068124,0.0208202136,0.0059185976,-0.0042751804,0.0154574648,-0.0388307712,0.0140211021,0.0107925519,-0.0257017251,0.0079541106,0.0199371057,-0.0100954791,0.0403788619,-0.0049042444,-0.0108285949,-0.0023820591,0.0229224107,0.0093238980,-0.0096401188,-0.0001678555,-0.0138386104,0.0190536426,0.0289177486,0.0074995295,0.0066893916,0.0084326841,-0.0063776558,0.0096709826,-0.0304950624,0.0132921789,-0.0102930848,-0.0278542176,-0.0141694390,0.0109899673,0.0228040238,0.0110807728,0.0025003206,-0.0074849249,-0.0108708883,-0.0066834464,0.0111437091,0.0036509911,-0.0017358738,0.0210999976,-0.0015446808,-0.0332515803,-0.0099304035,0.0127387892,0.0157114199,-0.0135522108,-0.0324148864,-0.0240460478,0.0206520785,0.0264365406
482.0000000000,0.0099043571,0.0020097703,-0.0054509150,0.0109755736,-0.0082324057,0.0116241948,0.0068407863,-0.0286573212,0.0117999921,0.0050964702,-0.0004664802,-0.0208868997,-0.0035992064,0.0182523506,-0.0417653391,0.0087828996,0.0115416395,-0.0278612967,-0.0127815824,-0.0046846338,-0.0159382387,0.0136551111,0.0153366506,-0.0023174936,0.0105302222,0.0190926718,-0.0315123822,0.0073157235,0.0035806934,-0.0402443367,0.0272988948,0.0209101548,0.0095017598,0.0347909244,0.0116287484,0.0099871789,0.0259112084,-0.0210515855,0.0030949339,0.0169208018,-0.0267618449,-0.0189154395,0.0029011498,0.0084826960,-0.0149177716,-0.0233031300,0.0058181254,-0.0153517190,0.0050391513,0.0106951042,0.0385042068,0.0100549196,0.0082378718,0.0020033848,0.0257724017,-0.0000299878,0.0103459135,0.0134726719,-0.0057642611,-0.0264018079,-0.0439435282,-0.0066374932,0.0034266489
483.0000000000,0.0056625841,0.0138872248,-0.0065227851,0.0141244293,0.0031577499,0.0131037135,0.0081831291,-0.0127706024,0.0278548125,0.0046846848,0.0039835809,-0.0120783623,-0.0171702682,0.0044641297,-0.0135482045,0.0079224807,-0.0099583813,-0.0245937233,0.0171986135,0.0028468030,0.0003639138,0.0182821285,0.0238816736,-0.0021287325,0.0106389194,0.0094335207,0.0052796200,0.0031491838,0.0140789556,-0.0261422284,0.0097126322,-0.0110610614,0.0021510206,-0.0015737243,-0.0239423140,-0.0017855266,0.0183077361,-0.0095626150,0.0051611569,-0.0090524570,-0.0179034522,-0.0331298870,-0.0001972862,0.0058883465,-0.0031566706,-0.0127771451,0.0007962533,0.0209293181,-0.0200588874,0.0154458889,-0.0121626090,0.0183654708,0.0159926050,0.0095384568,-0.0201601982,-0.0050225055,-0.0062195732,0.0128058385,0.0208103981,-0.0060101916,-0.0060177347,0.0178041533,0.0077456415
484.0000000000,-0.0092699584,0.0099609108,0.0198010366,-0.0254498899,-0.0147596050,0.0194363779,0.0085279681,-0.0170402330,0.0086575633,0.0118570760,-0.0114095080,-0.0191939050,-0.0236831611,-0.0006080495,-0.0343962366,0.0178986254,-0.0172731726,-0.0154767916,0.0009297557,-0.0088907524,-0.0196028653,0.0000771141,0.0225754302,-0.0061975218,0.0045976983,0.0199929045,-0.0013209695,-0.0148585214,0.0005210305,-0.0025681754,-0.0034625450,0.0090646881,0.0185261521,0.0173375648,0.0011651410,-0.0105377225,0.0163956784,-0.0098411910,0.0039996525,-0.0217004605,-0.0139857668,-0.0074323062,-0.0221945002,-0.0082112681,0.0134010259,-0.0219325142,0.0181793012,-0.0180669251,-0.0142897777,0.0148499644,0.0223184194,0.0091742999,0.0098043204,-0.0213665778,-0.0169389608,-0.0029661238,0.0274070046,0.0221742226,0.0095976030,-0.0076497951,-0.0188174224,0.0103058439,0.0230890812
485.0000000000,0.0034940867,0.0216679940,-0.0053299854,-0.0123528093,0.0170778070,0.0089727945,-0.0206456832,-0.0241702031,0.0047588391,0.0083767932,0.0173743266,-0.0394709956,-0.0144006373,0.0015601180,-0.0272343241,0.0204414360,-0.0171557386,-0.0111056240,-0.0130856842,0.0188370850,0.0176430188,0.0128212596,0.0141852360,0.0000617468,0.0142440790,0.0277124377,-0.0008204848,-0.0066468622,0.0147927680,-0.0024237102,-0.0083563344,0.0029439366,0.0193010296,0.0035836660,0.0042538575,-0.0177461576,0.0113237209,-0.0107242377,0.0023940880,0.0110055173,-0.0220093783,-0.0374681389,-0.0155866939,0.0174862866,0.0023533980,-0.0239529268,0.0176507418,0.0114825469,-0.0092252270,0.0265963961,0.0170091375,-0.0017969241,0.0036612788,-0.0043661443,-0.0103557143,0.0051219393,0.0343433726,0.0186121461,-0.0049270589,0.0018751918,-0.0016271477,-0.0061738141,0.0231439035
486.0000000000,0.0005544935,0.0034588691,0.0192869776,-0.0103302625,-0.0018107875,-0.0008433345,0.0108442200,-0.0303440058,-0.0184574212,0.0165123198,0.0029708098,0.0023913804,-0.0104594679,0.0019282424,-0.0160650347,-0.0026891179,0.0073320817,0.0097318532,0.0252723810,0.0226935591,0.0144979475,0.0186126504,0.0187746243,-0.0073066255,0.0073601241,0.0192894630,-0.0139586671,0.0000079672,-0.0088869423,0.0120173384,0.0090777706,0.0001287947,-0.0112624159,-0.0021783106,0.0147745939,-0.0060687527,0.0171105183,-0.0061987074,-0.0179371125,-0.0134301199,-0.0047529632,0.0180106851,0.0069686462,0.0184056561,-0.0061758679,-0.0077677536,0.0108674827,-0.0112296102,0.0008492826,0.0118968817,0.0026067244,0.0022081592,0.0294841848,0.0011727166,0.0144461871,0.0281885163,0.0080573341,-0.0038813818,-0.0103340926,-0.0150516901,-0.0294698317,-0.0119016336,0.0032878080
487.0000000000,0.0048644767,-0.0021495579,-0.0014169186,-0.0199008796,0.0069407439,-0.0010552768,-0.0058636461,-0.0320121502,0.0087035882,0.0183745753,0.0042886571,-0.0052906476,-0.0222349832,-0.0224210445,-0.0128680703,0.0156470835,-0.0033735063,-0.0203410313,0.0014136223,0.0045838875,-0.0149760856,0.0210129448,0.0152560231,-0.0160481751,0.0242167634,0.0331911803,-0.0373129011,0.0063795723,0.0008884548,0.0007934700,-0.0113714363,0.0217812698,0.0000460495,0.0167952216,-0.0061834181,-0.0248479807,0.0361723551,0.0119956053,-0.0116908736,-0.0319061484,-0.0028676804,-0.0075501718,0.0014020369,0.0141496853,0.0157075516,-0.0539481500,0.0119677276,-0.0132113194,-0.0059720044,0.0457638645,0.0340226494,-0.0007285522,0.0281608186,0.0087528311,0.0063177007,-0.0188516356,0.0264233310,0.0405987202,-0.0074881641,-0.0077620149,-0.0227799781,-0.0038445238,0.0167216819
488.0000000000,-0.0006322779,0.0009130344,0.0211977145,-0.0163822189,-0.0190936009,0.0076239820,0.0225496978,-0.0456508734,-0.0027814850,0.0335147275,0.0080495162,-0.0095508883,-0.0128822699,-0.0021977866,-0.0179630807,0.0092702903,-0.0112527689,-0.0305643031,0.0277412570,0.0318387027,-0.0029718442,0.0168855846,0.0058199318,0.0180181994,-0.0087529819,0.0402311639,-0.0188459886,0.0255068252,-0.0073435721,-0.0064132692,-0.0173505188,0.0019536978,0.0118784108,0.0064657876,0.0173112842,-0.0044276110,0.0578728814,-0.0198061651,-0.0151179874,0.0102644965,-0.0482511746,-0.0134127086,-0.0031153940,0.0096388412,0.0078110693,-0.0434072011,0.0041065651,-0.0057681950,-0.0262197174,0.0125784742,0.0097174642,0.0137778526,0.0081830643,-0.0191346958,0.0032643974,-0.0036660291,0.0049292041,0.0193779257,-0.0058510849,-0.0053329947,-0.0001259281,-0.0070679545,0.0105265913
489.0000000000,0.0144449522,0.0059312687,-0.0060028238,0.0096991561,0.0085156726,0.0158365441,0.0055746044,-0.0128589356,0.0029688070,0.0129130674,0.0296328496,-0.0081709108,-0.0153111010,0.0073633742,-0.0019512681,0.0041320728,0.0112825547,-0.0100035755,-0.0144260141,0.0045830013,-0.0004030500,0.0245126417,0.0090793010,0.0224795008,0.0122917824,0.0245980972,0.0256240046,0.0076363607,0.0167094061,-0.0004609535,0.0090445151,0.0023376718,0.0159050096,0.0161859432,-0.0130541697,-0.0104550324,0.0395652417,0.0024391359,0.0163548841,-0.0183424042,-0.0113060751,-0.0077506661,-0.0156305613,0.0104035690,0.0106178108,-0.0351500529,0.0097233796,0.0040983620,-0.0015206091,0.0189220606,0.0140605621,0.0250815817,0.0160693352,-0.0080925792,-0.0033287861,0.0103861395,-0.0048421496,-0.0130501314,-0.0030920940,0.0237429377,-0.0038806166,-0.0074563758,0.0213733507
490.0000000000,0.0087088955,0.0288341765,0.0206280873,-0.0246687752,0.0027365548,0.0081385652,0.0129618546,-0.0344216505,0.0077743059,-0.0078169285,0.0168960797,0.0150459561,-0.0201023518,0.0021123572,-0.0041526318,0.0117269461,0.0108322912,-0.0168586157,-0.0137660469,0.0015748342,-0.0031997060,0.0202844392,0.0266343827,-0.0041308093,-0.0005432174,0.0492072551,-0.0172164244,-0.0004354469,0.0071272706,0.0009926933,0.0160992901,0.0222682273,-0.0084651673,0.0007967454,-0.0182822202,-0.0257098345,0.0007355643,-0.0188703837,-0.0155495667,-0.0015923772,0.0087636218,-0.0263394934,-0.0064802602,0.0017395681,0.0101609016,-0.0409509678,-0.0117669901,-0.0058634954,-0.0154325446,0.0294356985,0.0132936993,0.0006790980,0.0210265104,0.0089685468,0.0005673628,0.0032482809,-0.0057809296,0.0277006416,-0.0078032758,-0.0188822494,-0.0198391264,0.0041055978,0.0342884737
491.0000000000,0.0013550312,0.0203269189,-0.0186464649,-0.0074736314,-0.0210483059,0.0062881330,0.0083431898,-0.0444006292,-0.0034283055,0.0087615236,0.0288782938,-0.0112492441,-0.0116852726,-0.0114503094,-0.0375942277,-0.0197871235,-0.0203581981,-0.0299068153,0.0088419479,0.0055531887,0.0036487963,0.0123047802,-0.0035642575,-0.0057901983,0.0002149876,0.0315419093,-0.0105261197,0.0027610933,-0.0057805916,-0.0273429043,0.0156249596,0.0053786084,0.0022718948,0.0121885156,0.0205621726,-0.0246126129,0.0251084851,-0.0246120705,0.0055903584,-0.0036219896,-0.0194339000,-0.0323925257,-0.0046924927,0.0188595886,0.0040855299,-0.0059017395,0.0013327130,-0.0027434974,0.0055423314,0.0352444257,0.0163071886,0.0046897139,-0.0013491572,0.0131822215,-0.0139482755,-0.0112806742,0.0126410229,0.0141272094,-0.0097555108,-0.0085846397,-0.0066777842,0.0051542928,0.0208426615
492.0000000000,0.0158706671,-0.0097758343,0.0005470197,-0.0027763526,-0.0081987683,0.0002771508,0.0175204726,-0.0051457230,0.0091519283,0.0231494081,-0.0146926036,0.0145266246,-0.0106863626,-0.0246315717,-0.0095549592,-0.0020011401,-0.0004496942,0.0058001917,0.0051502590,0.0159091439,-0.0273180034,0.0114110580,-0.0130632348,0.0012626261,-0.0071775395,0.0135784720,-0.0201703328,0.0098772702,0.0089381007,-0.0090896019,-0.0000259199,0.0022453742,-0.0087555493,0.0049042070,0.0054593649,-0.0098195532,0.0275280094,-0.0029732645,-0.0015146003,-0.0136412191,0.0188007318,-0.0282180299,-0.0041261016,0.0072783971,-0.0027377979,0.0065128809,0.0263242306,-0.0015870683,0.0001489307,0.0018758338,-0.0119570732,0.0042683720,0.0248431780,-0.0100416645,0.0055359832,-0.0204010358,0.0030982463,-0.0130718394,-0.0159087299,-0.0142173264,-0.0192881873,-0.0203084852,0.0210011220
493.0000000000,-0.0059487902,0.0023005015,0.0105409359,0.0020213288,0.0089708796,-0.0045732130,0.0046287783,-0.0422463841,-0.0125539402,-0.0036013074,0.0153929481,-0.0066910431,-0.0060219675,0.0460819182,-0.0276800797,0.0323370084,-0.0087613783,0.0043516405,0.0210294673,0.0027994628,0.0066217443,0.0022924082,-0.0098564440,0.0077929139,-0.0017541700,0.0192769365,-0.0124654937,0.0035407189,0.0105036552,-0.0161663264,0.0072569423,0.0047656765,0.0125959910,0.0158409063,0.0070852606,-0.0294001819,0.0158619402,0.0108608669,-0.0005862370,0.0068085410,-0.0165584130,-0.0187947522,-0.0117388276,0.0344783186,0.0119729691,-0.0207324724,-0.0089400336,-0.0184118723,-0.0205797615,0.0179229665,0.0090049247,0.0072606655,0.0118160469,0.0089620067,0.0019226863,0.0001592857,-0.0042645224,-0.0045646216,0.0095883800,-0.0206497018,-0.0301711745,-0.0054830752,0.0010775057
494.0000000000,0.0127140600,0.0095348767,0.0197568787,-0.0140574382,-0.0213013359,-0.0126228339,-0.0004559433,-0.0264053520,0.0128253890,0.0221894100,-0.0183814993,-0.0236464551,-0.0142985785,0.0025086379,-0.0267754880,-0.0059709188,-0.0065935826,-0.0053729786,-0.0164079101,0.0117418111,-0.0133441887,-0.0036433280,0.0234609738,0.0029923394,-0.0085126718,0.0135281061,0.0150724237,-0.0075186041,0.0157774335,-0.0194471614,0.0158111130,0.0193957550,-0.0029458379,0.0180532618,-0.0026587209,-0.0182184074,0.0300385253,0.0209193514,-0.0225210634,-0.0254934132,-0.0085073168,-0.0262387665,-0.0037239234,0.0095320462,-0.0065943516,-0.0250854922,0.0236989247,-0.0152213608,-0.0129065673,0.0081703460,0.0236555512,0.0016095337,-0.0034306784,-0.0012947718,0.0221575732,-0.0030850448,0.0070174567,-0.0011488454,-0.0099505468,0.0059233447,0.0082567727,-0.0060870570,0.0235565770
495.0000000000,-0.0180349748,-0.0114194238,0.0096383788,-0.0105442890,0.0093477840,0.0235684450,-0.0157080466,-0.0046657026,0.0050894256,0.0124252026,0.0227448936,-0.0001079691,0.0027150347,0.0116538171,-0.0076709485,0.0080776747,-0.0278681311,-0.0089739001,-0.0072202738,0.0198846517,0.0051376067,0.0062399141,0.0071602530,0.0148166861,-0.0019445609,0.0150999883,0.0041627904,-0.0094320122,-0.0101895304,-0.0356315700,0.0019720098,0.0035121887,0.0019099165,-0.0043072172,0.0037893111,-0.0084466570,0.0040952914,-0.0009513527,-0.0094039012,-0.0146080307,-0.0213033125,-0.0073202869,-0.0064906887,0.0167508780,0.0151523679,0.0016298682,0.0009290031,-0.0147475008,-0.0091427334,0.0005382289,0.0145450486,0.0182818586,0.0254117243,0.0290135789,0.0013280174,-0.0211614525,0.0136875679,-0.0015730380,0.0047103760,0.0169492693,-0.0082056817,-0.0076903696,0.0276895824
496.0000000000,0.0198786890,0.0107597077,0.0063643501,-0.0174191041,0.0025477729,0.0030786498,-0.0013325947,-0.0248748790,-0.0000445324,0.0204722264,-0.0061530800,0.0062482428,-0.0020592582,0.0006047725,-0.0069100725,0.0076053675,-0.0068173397,-0.0242387908,-0.0083355156,0.0086423057,0.0128138771,0.0170032164,0.0380341583,0.0140937624,0.0073632114,0.0296470354,0.0043430218,0.0084016395,0.0159647045,-0.0074084047,-0.0011178203,0.0061397801,-0.0100529546,0.0211449369,0.0098822421,-0.0140146043,0.0397851757,-0.0114670086,0.0009480564,0.0036977678,-0.0230737039,-0.0133977487,-0.0111140949,0.0080783651,-0.0090944548,-0.0084142275,0.0360406419,-0.0255694411,-0.0214410549,0.0230470773,0.0061467433,0.0056511699,0.0265420637,-0.0138095969,-0.0022868045,0.0043187966,0.0049132128,0.0017212153,-0.0020968355,-0.0016443836,-0.0167684971,-0.0083459605,0.0186247378
497.0000000000,0.0119860137,-0.0051800446,0.0314207487,-0.0164338986,0.0061601660,0.0022708156,0.0172852557,-0.0304694250,0.0045547703,0.0181670564,0.0283658615,-0.0030783027,-0.0176189985,-0.0038043017,-0.0035282942,0.0090753208,-0.0341945771,-0.0277417832,-0.0047326910,-0.0020368456,-0.0033728650,0.0413304310,0.0144596324,-0.0005454765,-0.0041023812,0.0430082927,0.0048144953,-0.0135226894,0.0165101228,-0.0074082151,0.0000833842,-0.0118963623,0.0318321744,-0.0023964982,0.0084715053,-0.0252186611,0.0380454058,-0.0324154526,-0.0072036820,0.0184855582,-0.0489432884,-0.0318922598,-0.0222974184,0.0440853182,0.0011524213,-0.0296271146,0.0131848821,-0.0077853343,-0.0205539740,0.0283536617,0.0198616575,-0.0134097661,0.0267721235,-0.0070931577,-0.0012020745,-0.0145743283,0.0039264846,0.0089631472,-0.0087591881,-0.0106461894,-0.0274001874,-0.0118009248,0.0161902973
498.0000000000,0.0034889796,0.0085334739,0.0142390920,0.0072535837,-0.0088435305,0.0140721442,0.0105627291,-0.0464722914,0.0000559643,0.0186552592,0.0133271911,-0.0164170180,-0.0180987718,0.0194880442,-0.0158582267,0.0006608753,-0.0067470747,-0.0113395368,-0.0007470600,0.0111031728,-0.0119590565,0.0119535288,0.0004613674,-0.0074752938,0.0249546483,0.0204289388,-0.0154123341,0.0081457029,-0.0020541643,-0.0120203065,0.0129852813,0.0165161667,-0.0090307691,0.0099150572,-0.0122935042,0.0027446204,0.0334252035,0.0033269349,-0.0019439914,0.0019507460,-0.0233812396,-0.0234912369,0.0047322859,0.0208022361,0.0250501900,-0.0232500283,0.0001268081,-0.0109210277,-0.0409926111,0.0371481440,0.0230865746,0.0066955689,0.0177400638,-0.0119151210,-0.0005160454,-0.0253106829,-0.0015033138,0.0119524110,-0.0161629442,-0.0266190609,-0.0015507498,0.0087814636,0.0138956505
499.0000000000,-0.0008537948,-0.0094312236,-0.0006310006,-0.0080590044,0.0065775336,0.0235067855,-0.0193421214,-0.0281717007,-0.0045541179,0.0118008210,0.0049732467,-0.0144919954,-0.0164564839,-0.0106297906,0.0017200296,0.0129211788,0.0076966634,-0.0136149817,0.0165302411,0.0075474163,-0.0115394699,-0.0100438277,0.0045678124,0.0079347875,-0.0081015940,0.0134108788,-0.0037767902,0.0135461902,-0.0105444184,-0.0049358386,0.0062943225,0.0050967940,0.0073667781,0.0112919105,0.0173738185,-0.0037905632,0.0287730800,-0.0274740615,-0.0275400408,-0.0183433683,-0.0231780805,0.0107376715,-0.0178354595,0.0263354905,0.0016603996,-0.0262950301,-0.0038126566,0.0018180610,-0.0171118628,0.0092997530,0.0100498621,0.0140311242,0.0235257070,0.0024542279,-0.0132368032,0.0221843370,0.0272300271,0.0145256060,0.0108439602,-0.0043605838,-0.0099684335,0.0063308384,0.0274300521
500.0000000000,-0.0081661440,0.0110343985,0.0129163976,-0.0195983571,-0.0004033928,0.0080111156,-0.0186090610,-0.0108200840,-0.0000105763,0.0040050463,0.0128127730,0.0004352956,-0.0171046145,-0.0067385071,-0.0396134591,0.0201515493,-0.0069522738,-0.0220936663,0.0005967669,-0.0106467971,-0.0121404458,0.0259719300,0.0049308721,0.0040223786,0.0146016019,0.0108923253,-0.0183080459,-0.0036986434,0.0048921323,-0.0238163968,0.0117350926,0.0327549822,0.0138653111,-0.0113280553,-0.0001633263,0.0024646099,0.0332747957,-0.0146295605,-0.0051715208,0.0034132326,-0.0154820310,-0.0213793845,-0.0108825263,0.0115598433,-0.0027670006,0.0041875442,-0.0011445462,-0.0052640998,-0.0110833932,-0.0009064156,0.0161712936,-0.0043453081,0.0172492767,-0.0254426280,-0.0076553079,-0.0063670064,-0.0021368046,0.0040285046,-0.0032738502,-0.0029754188,0.0003284433,0.0075892626,0.0320653401
