1.0000000000,-0.0019557696,0.0255457479,0.0121055535,-0.0032943966,-0.0076720533,0.0241258807,-0.0252514384,-0.0139644724,-0.0078093556,-0.0002070905,-0.0016051623,-0.0188102844,-0.0240816649,-0.0207757570,0.0200376127,0.0025987008,-0.0252420607,-0.0204836143,-0.0137964282,0.0012711066,-0.0057243733,0.0148672971,-0.0294071798,-0.0056638180,0.0242932182,0.0006129113,0.0102624723,-0.0356109913,-0.0344323466,0.0010116439,0.0032018302,-0.0104586526,-0.0060387332,0.0149231781,0.0048807728,-0.0114499321,0.0226776708,0.0080689152,-0.0118786057,-0.0034365309,0.0323582831,-0.0038198029,-0.0312265497,-0.0261302603,-0.0035600553,-0.0065991503,-0.0277478752,-0.0054691028,-0.0387772317,0.0054118454,0.0083344905,-0.0054245618,0.0223228239,0.0055202711,-0.0011034982,-0.0083047524,-0.0107579182,0.0000434879,-0.0083345589,0.0250203430,-0.0008208158,-0.0027836428,0.0183867775
2.0000000000,-0.0250804913,0.0054849599,0.0145413496,0.0138480041,0.0155381859,0.0423359010,-0.0086633905,0.0199415864,0.0084877487,0.0047052691,0.0033875138,-0.0318002154,-0.0123337792,-0.0195749655,0.0061518018,-0.0335086316,-0.0009595179,-0.0151593771,-0.0418145396,0.0156065952,-0.0038946193,-0.0048811921,-0.0241650997,0.0200402799,0.0270047944,-0.0194432546,0.0221763019,0.0112130945,-0.0099742481,-0.0011399905,0.0048624942,-0.0114733401,0.0012183462,0.0144037497,0.0027096412,0.0158569085,-0.0116018383,0.0125411721,-0.0163463089,0.0048376143,0.0148752604,0.0101273281,-0.0145070604,-0.0089433477,-0.0106259721,-0.0113950460,-0.0388283254,-0.0043541988,-0.0137643799,-0.0018890528,0.0110848770,-0.0104583503,-0.0037030654,-0.0047618668,-0.0320712431,-0.0138280602,-0.0247641900,-0.0281006653,-0.0327591408,0.0092843171,-0.0165298195,0.0031762743,0.0234770541
3.0000000000,0.0092137491,0.0001209371,-0.0172611646,-0.0039325308,-0.0025119072,0.0012963831,-0.0285726193,-0.0132126028,0.0036957011,-0.0039719123,-0.0225255429,-0.0228458913,0.0178145276,-0.0103503637,0.0195703735,-0.0038160260,-0.0047482059,-0.0072257625,-0.0124521127,0.0051438938,0.0009373549,-0.0044848383,-0.0161980822,0.0110578349,0.0061881897,-0.0046675048,0.0044604521,0.0068692226,-0.0078191678,-0.0025034906,0.0051888524,0.0019471165,0.0246000873,0.0177943310,0.0236377667,-0.0120955122,-0.0060869084,-0.0103668125,-0.0068327740,-0.0250253336,-0.0021201929,0.0104530040,-0.0125223672,-0.0030846105,-0.0017030249,-0.0021756168,-0.0148723092,0.0046344552,0.0033754204,0.0108097722,0.0169337461,0.0017899564,0.0074222676,0.0182128461,-0.0098138896,-0.0040690937,-0.0256421859,0.0260436410,-0.0167117060,0.0103454413,0.0039886567,0.0075567408,-0.0211251138
4.0000000000,-0.0019141392,0.0184093613,-0.0158236973,0.0083417846,-0.0014944327,0.0042275105,-0.0109232977,0.0162620085,-0.0089450002,-0.0126623977,0.0043693840,0.0025929909,-0.0088098050,-0.0089801507,-0.0085696723,-0.0074960365,-0.0095545088,-0.0365577694,-0.0309664149,0.0156374041,-0.0007551042,-0.0104782187,-0.0023231067,-0.0004338381,0.0185502971,-0.0341468556,0.0056337520,-0.0109036687,0.0000328817,0.0394512355,-0.0014064475,0.0089276403,0.0023028039,0.0022565941,0.0031943245,0.0028869606,-0.0061070062,0.0126216079,-0.0199967727,-0.0220173598,-0.0124834404,0.0050844052,-0.0146828082,0.0073762876,-0.0314432141,0.0129636866,-0.0267071625,-0.0008788806,-0.0084366054,0.0072182627,-0.0068736179,-0.0060922034,0.0152142260,0.0082570915,-0.0117933513,-0.0036586025,-0.0019799194,-0.0243201769,-0.0019174943,0.0066792244,-0.0208633047,-0.0015339955,0.0014535707
5.0000000000,-0.0176823773,0.0189234840,-0.0147940358,0.0220396545,0.0022958366,0.0112334897,0.0072428305,0.0094054125,-0.0159683832,-0.0070840179,-0.0132793682,0.0049294281,0.0012784850,-0.0049479621,-0.0035097311,-0.0115374397,0.0003037022,0.0006298049,-0.0142095774,-0.0003638874,-0.0062202053,0.0073704139,-0.0229514288,0.0166177518,-0.0029081252,-0.0055630953,-0.0110229892,-0.0045497213,0.0012577488,-0.0102677968,0.0040456234,0.0089336969,0.0058634659,-0.0007148302,0.0205075272,-0.0202495938,0.0047442667,0.0158047386,-0.0004782387,0.0025826823,0.0071152426,0.0188891025,-0.0182198423,-0.0100231564,-0.0234473589,0.0086404633,-0.0030401854,0.0137068458,-0.0123225017,0.0210231187,0.0085433045,-0.0009207008,0.0067363800,0.0164921141,-0.0224863818,-0.0007977661,0.0031582228,0.0012934433,-0.0292017497,-0.0056504221,-0.0211526860,-0.0006387928,0.0361863997
6.0000000000,0.0122674043,0.0082060180,-0.0146696005,-0.0106901982,0.0162151249,0.0095344904,-0.0087622547,0.0183439415,-0.0102514559,0.0139872430,0.0084228401,-0.0054371526,0.0077016458,-0.0214472499,0.0056073683,-0.0108763199,-0.0031224134,-0.0000449739,-0.0100320741,-0.0004213331,0.0186030109,0.0039447634,-0.0163829343,0.0206973516,0.0128263680,-0.0043169600,0.0057084595,-0.0256207564,-0.0326527894,0.0097127142,0.0246916657,0.0035442826,0.0118367584,0.0167369973,0.0212296840,0.0198904736,-0.0162241046,0.0178299160,0.0190526995,-0.0027140164,0.0017692890,0.0053649177,0.0088215747,-0.0091453225,0.0077923067,-0.0089325105,-0.0080970079,-0.0034952698,-0.0366095711,-0.0112124762,-0.0018685843,-0.0019237221,0.0053493117,-0.0053409842,-0.0292616966,0.0063774652,-0.0162136861,-0.0033317430,0.0128839665,0.0024723099,-0.0021615810,0.0160758727,0.0308550932
7.0000000000,-0.0094956300,0.0097408066,0.0096296064,-0.0012242089,-0.0041784888,0.0258149832,-0.0169296448,0.0023450863,-0.0313058209,-0.0278021959,-0.0122969642,0.0112183935,0.0071018100,0.0015308083,-0.0063046753,-0.0001879231,0.0226334609,0.0086357359,-0.0190883716,0.0038391072,-0.0143784940,-0.0074866652,0.0015708643,0.0231545486,0.0014929182,-0.0127380335,-0.0012521772,-0.0094052827,0.0069624140,-0.0032175817,-0.0021600895,0.0154751731,-0.0108972839,-0.0288588082,0.0108702668,0.0054823622,-0.0155839706,0.0126012317,-0.0009090249,-0.0063455398,0.0141750343,-0.0151310925,-0.0063434373,-0.0001234985,-0.0080131885,0.0020788698,-0.0171735971,0.0174110885,-0.0093338616,-0.0174307571,-0.0005961013,-0.0023748399,-0.0058246358,-0.0031548005,-0.0217316556,-0.0189349005,0.0167245564,-0.0190637046,0.0082598996,0.0014337335,-0.0066422885,-0.0244114800,-0.0000919233
8.0000000000,-0.0208456554,-0.0006678060,-0.0211556007,0.0049481000,0.0081650266,0.0076569672,-0.0064562890,-0.0002953869,0.0058066033,-0.0083179847,-0.0120509700,-0.0003519532,-0.0088311902,-0.0081636714,-0.0059788201,-0.0111716551,-0.0070619768,-0.0340924203,-0.0102545167,0.0008735350,0.0081518818,0.0015157058,-0.0212071093,0.0043073055,0.0017113618,0.0053595040,0.0129261033,-0.0085182486,-0.0134970196,-0.0054382246,-0.0123317781,-0.0039601232,0.0380322161,0.0127254324,0.0246169491,0.0015286105,0.0027526705,0.0146117949,-0.0109848452,0.0040782823,0.0081025274,-0.0010407282,0.0006213041,-0.0100185061,0.0066170487,-0.0074572258,-0.0368627073,-0.0107541838,0.0040382816,0.0308125033,0.0309012719,-0.0125899873,0.0036254722,-0.0274898350,-0.0128707461,-0.0027425817,0.0165227029,-0.0019914860,0.0076734506,0.0162578371,-0.0005821414,0.0019070927,-0.0047962211
9.0000000000,-0.0134444570,0.0106256723,-0.0052955808,0.0253786164,-0.0208294934,0.0314735670,-0.0202070244,-0.0176269196,-0.0167156499,0.0158633314,-0.0071917641,0.0072191342,0.0067060197,-0.0088531773,-0.0066349242,-0.0169438096,-0.0198422882,-0.0090320181,-0.0151381576,0.0127309210,0.0025242966,-0.0022257999,-0.0371916217,0.0224194342,0.0052623700,-0.0011183519,0.0114525918,-0.0030471789,0.0000036526,-0.0095825276,0.0200817282,-0.0106221168,-0.0126861891,-0.0003549561,-0.0011879604,-0.0071855209,-0.0179938213,0.0170791994,-0.0300106660,0.0008957065,0.0217744146,0.0140199796,-0.0122902983,-0.0056849680,-0.0010541297,-0.0152904313,-0.0051801028,-0.0088908971,-0.0170753124,0.0019595847,0.0146154566,-0.0084424088,0.0166989740,0.0147036280,-0.0266952595,-0.0018635550,-0.0034335756,-0.0096315620,0.0133332567,0.0159399017,-0.0035160455,0.0137604935,0.0033713537
10.0000000000,-0.0248776671,-0.0127784148,0.0070645108,-0.0184223746,0.0262396218,0.0278139338,0.0137362431,-0.0040164726,-0.0112747697,-0.0133653051,0.0091691356,-0.0152256766,-0.0072449805,0.0013572637,-0.0051555175,-0.0129070050,-0.0095827235,-0.0126621871,-0.0286519340,0.0080080935,0.0056401925,0.0251803706,-0.0055181142,-0.0096079985,0.0347928871,-0.0065352799,0.0161794229,0.0121790081,0.0079093495,-0.0037618857,-0.0137496366,-0.0135465141,0.0265287584,0.0147383555,0.0009719436,0.0039301838,0.0012443073,0.0026808533,-0.0100577728,0.0000482367,-0.0030342983,0.0186852899,-0.0265070795,-0.0069765735,0.0097339158,-0.0122163790,-0.0210131290,0.0046228835,-0.0112013421,0.0257530453,0.0179082096,-0.0337077111,0.0075748528,0.0030877075,-0.0153624731,-0.0152016603,-0.0126583246,0.0058550643,-0.0170440576,0.0288438168,-0.0065809146,-0.0101767513,-0.0026282436
11.0000000000,-0.0149016100,0.0252351245,-0.0051430454,0.0152734203,-0.0040184789,0.0199863440,-0.0206857220,0.0028205924,-0.0088975245,-0.0057857373,-0.0250415636,0.0069485074,0.0079160028,-0.0165959200,-0.0078825276,-0.0055086293,-0.0081255053,-0.0436965789,-0.0225377067,-0.0044984859,0.0058906679,0.0148347220,-0.0077843564,-0.0121515862,0.0309816125,-0.0108197354,-0.0006974263,-0.0173384595,-0.0248841596,-0.0155313308,0.0135210467,-0.0035074070,0.0081899355,0.0068844175,-0.0058459319,0.0030713231,0.0076746034,0.0161633632,0.0211316551,0.0151815904,0.0031929815,0.0009624346,-0.0305912116,-0.0058258465,-0.0202683262,-0.0090142374,-0.0029947920,0.0147640968,-0.0269415664,0.0066184173,-0.0077789092,0.0013052689,-0.0161332138,0.0035525605,-0.0234889229,-0.0011233163,0.0037611793,0.0162243637,-0.0344830310,0.0021769328,0.0013256038,-0.0146019302,0.0032955071
12.0000000000,-0.0056591685,-0.0005212167,-0.0225885915,0.0186801863,-0.0114606353,0.0010719194,-0.0136053416,0.0047491194,-0.0244583597,-0.0012303057,-0.0027646315,-0.0163884170,-0.0156282842,0.0001418881,0.0071654285,-0.0080124504,-0.0104280799,0.0002670549,-0.0088435595,0.0322414230,0.0106206326,0.0231382139,-0.0067186810,-0.0006198247,0.0199637633,-0.0119630826,0.0059962792,-0.0190697437,-0.0184743449,0.0028545204,0.0147824387,-0.0173585438,0.0287299824,0.0156917131,0.0110483999,0.0162038700,-0.0262446757,0.0255767295,-0.0096188326,-0.0134702985,0.0003057284,-0.0110991701,0.0080278787,-0.0034977787,0.0008666993,-0.0154130111,-0.0092247240,0.0017115999,-0.0249348317,0.0028380411,0.0158924939,0.0035699642,0.0180423000,-0.0083450836,-0.0096255712,0.0079286475,-0.0127171671,-0.0036956315,-0.0013153248,0.0169663226,0.0081288949,0.0112154204,0.0152488102
13.0000000000,-0.0100355543,0.0192468328,-0.0140492669,0.0105335916,0.0301956906,0.0014499767,0.0011781242,-0.0005859644,-0.0161186211,0.0059143860,0.0309021794,0.0013896228,-0.0343475870,0.0002083262,0.0046187355,-0.0021033774,-0.0034254590,-0.0035432336,-0.0203677960,-0.0081553901,0.0236804786,0.0057837298,0.0020944917,-0.0058767861,0.0302318124,-0.0225918969,0.0088771151,-0.0147529830,-0.0017159028,0.0038140314,-0.0210846442,-0.0000047905,0.0269462886,0.0091039163,-0.0030515364,0.0129437525,-0.0022425461,0.0407412974,-0.0110772555,0.0136622699,0.0208825176,0.0211583754,0.0196122818,-0.0064555016,-0.0104181692,-0.0159277429,-0.0291770269,0.0034053004,-0.0315033703,-0.0166357386,-0.0027446971,-0.0263657013,-0.0050730293,-0.0014869316,-0.0160877062,-0.0024298428,-0.0135039165,-0.0100794746,-0.0150052194,0.0221110401,-0.0139104258,-0.0004569402,0.0024857665
14.0000000000,-0.0258158407,-0.0382394025,-0.0105493129,-0.0021787603,-0.0008795231,0.0108824672,-0.0110064459,0.0247886066,-0.0018792123,0.0065823794,-0.0074428430,0.0150307487,-0.0147997608,-0.0212542153,0.0016461939,0.0042683635,-0.0233707492,-0.0045702306,-0.0238390807,0.0175612981,0.0244120725,-0.0015523394,-0.0093237479,0.0208055782,-0.0135843818,-0.0126459786,0.0141047783,-0.0079068526,-0.0058646732,0.0104218192,0.0001209284,-0.0013644395,-0.0165503678,0.0337944477,0.0069591347,-0.0086646172,0.0114975887,0.0095281253,-0.0167518539,0.0204542648,-0.0014215236,0.0049259992,-0.0143158763,-0.0136692387,-0.0017621495,0.0055356068,-0.0387647421,-0.0039848939,-0.0238469469,0.0051195028,-0.0018813839,-0.0004395496,-0.0018238091,-0.0017484162,-0.0184607480,0.0188172906,-0.0145366711,0.0009925898,-0.0022386460,0.0179309491,0.0081435518,0.0058531816,0.0118476099
15.0000000000,-0.0099102279,0.0005314464,-0.0111760085,0.0058266532,0.0025231339,0.0250826264,0.0158833635,0.0208490231,-0.0065298234,-0.0027770273,-0.0197141880,-0.0034583128,-0.0043268847,0.0105561206,0.0155201362,0.0038424379,-0.0263065580,-0.0238047661,-0.0152743923,0.0075982068,-0.0110686028,0.0072603633,-0.0257410398,0.0028500157,0.0255298568,-0.0069555272,0.0068518038,0.0035368970,0.0008535945,-0.0110279853,0.0026275210,-0.0335689427,0.0084743679,0.0040349904,0.0069922891,0.0026498676,0.0135048662,-0.0010594664,0.0059021198,-0.0095093098,0.0073157732,0.0014739218,-0.0195944946,-0.0081467996,-0.0282348235,0.0030066203,-0.0221721049,-0.0167125918,-0.0330619412,0.0097792157,-0.0059280342,-0.0220893118,0.0079615991,0.0101807492,-0.0129681607,-0.0041455125,-0.0120455293,0.0018520240,-0.0096586842,0.0042551087,-0.0064031702,-0.0208520241,-0.0063805435
16.0000000000,-0.0027904295,0.0062186624,-0.0116158989,0.0108201774,0.0223878053,0.0061067694,-0.0089421400,0.0101603795,-0.0080035603,0.0014344391,-0.0194848734,-0.0159179680,-0.0180467992,0.0124528863,-0.0016638621,-0.0239283483,0.0078917147,-0.0133078881,-0.0312357273,0.0129000720,-0.0016467464,0.0030406373,-0.0564040569,0.0232464975,-0.0006056646,-0.0182307005,0.0196608651,-0.0031870543,0.0020050450,0.0037629416,-0.0009007987,-0.0075082502,0.0307598352,0.0321745750,0.0248373569,0.0124853015,-0.0012725521,0.0064948488,-0.0045396834,0.0025286657,0.0341492097,0.0065843720,-0.0229071471,-0.0265948823,-0.0163188085,-0.0109454545,-0.0238343833,-0.0127378397,-0.0030077055,-0.0076334220,0.0221228361,0.0046177643,-0.0070973587,-0.0147711686,0.0114505714,-0.0011270791,-0.0276194237,-0.0111503866,-0.0215016261,0.0067956107,-0.0027402230,0.0120759664,-0.0005519635
17.0000000000,-0.0237969401,0.0159267290,-0.0170988417,0.0060323272,0.0110282729,0.0120385993,0.0031406194,0.0025749945,-0.0011139865,0.0160880299,0.0143403099,0.0100605377,0.0031980513,-0.0123045036,0.0077204815,-0.0026953974,0.0011111419,-0.0098028488,-0.0164497737,0.0113182312,0.0182492107,-0.0040102280,-0.0258124666,0.0162574019,0.0219712564,-0.0221542397,-0.0084979400,-0.0048279091,-0.0076491870,0.0149735912,0.0181554017,-0.0061719014,0.0351461675,0.0149234348,0.0172870350,-0.0007545247,0.0047082979,0.0148632868,0.0022002455,0.0259618348,0.0150141204,0.0052586614,-0.0195844182,-0.0104234487,-0.0153469814,-0.0200022781,-0.0262606048,0.0258546212,0.0069102114,0.0135206742,0.0112844200,0.0007746000,-0.0139755002,0.0145343987,-0.0185542176,0.0145872938,-0.0038576497,-0.0008314826,-0.0067458901,0.0133035165,-0.0033393437,0.0082556004,0.0040387225
18.0000000000,-0.0246182964,-0.0090801141,-0.0045604001,0.0007480198,-0.0003908420,0.0198669814,-0.0164838913,-0.0258382971,-0.0010741474,-0.0066865736,0.0031025096,-0.0093865915,-0.0102365156,-0.0084857886,-0.0180723032,-0.0108627312,0.0019607602,-0.0151327876,-0.0140768868,-0.0033388020,0.0234440941,0.0127203617,-0.0145086785,0.0134877110,0.0028186550,-0.0004893365,0.0132804908,0.0022788175,0.0162959433,0.0121829776,0.0001452632,0.0143528975,0.0064894712,-0.0027374686,0.0174019599,0.0185334544,0.0125092611,0.0121595547,-0.0230802556,-0.0085850153,0.0085574524,0.0235459468,-0.0170013425,-0.0027155919,-0.0195939293,-0.0218333404,-0.0262991936,0.0002887270,0.0064333651,-0.0064462770,0.0097789575,-0.0178376948,0.0176544576,0.0198491864,-0.0087626700,-0.0022100239,0.0255183835,-0.0047729393,0.0017485584,0.0178549706,-0.0282644986,-0.0198587556,0.0052833507
19.0000000000,-0.0326291695,-0.0118890279,-0.0269427009,0.0054180351,-0.0004484403,0.0008053989,-0.0111738790,0.0381371961,-0.0160907360,0.0055943976,-0.0093578004,-0.0145253612,-0.0181158664,-0.0196514887,-0.0083564797,-0.0205484693,0.0063216501,-0.0081120486,-0.0249372493,0.0349712685,0.0176986571,-0.0019029786,-0.0480104486,0.0091266571,0.0276869755,-0.0135459386,-0.0071465349,-0.0151066434,-0.0033016181,0.0065672838,0.0219908666,-0.0076112226,0.0004087665,0.0012089818,0.0303290775,-0.0037199337,0.0106233473,0.0068741109,-0.0044978534,-0.0088536151,0.0064690457,0.0120884346,-0.0257312927,-0.0209551301,-0.0197808328,-0.0067087186,-0.0241446648,0.0196069885,-0.0035447747,0.0050117143,-0.0053943461,0.0019164127,0.0062291346,0.0184104864,-0.0237686538,-0.0052457805,-0.0083583263,-0.0140659349,-0.0031315948,0.0018522850,0.0168210731,-0.0052262008,0.0023754114
20.0000000000,-0.0243339819,0.0372715592,-0.0262630041,-0.0186827631,0.0139126175,0.0201504890,-0.0012345624,0.0030431607,0.0031255665,-0.0066292235,-0.0049244755,-0.0221092745,-0.0248860445,-0.0195186384,-0.0130658272,-0.0142768241,-0.0200788610,0.0045507605,-0.0027897827,0.0140314108,-0.0003854410,0.0165061038,-0.0088966937,0.0086266273,0.0226155855,-0.0276815362,0.0108295516,-0.0155114785,-0.0182829101,-0.0332728198,-0.0209167149,0.0015543359,0.0015158321,0.0219790830,-0.0114023546,0.0094440624,-0.0088904810,0.0264261752,-0.0073242514,0.0074045784,0.0037476188,-0.0145452536,-0.0277088882,-0.0078785816,-0.0035499903,-0.0049612452,-0.0159964993,-0.0179775942,-0.0387829024,0.0098653494,-0.0002845844,0.0289651953,0.0099972200,0.0047977604,-0.0011654047,-0.0173705200,0.0076015498,0.0136917350,-0.0059957770,0.0208288691,-0.0061416196,0.0115059850,0.0089584081
21.0000000000,-0.0186086641,-0.0080928128,-0.0185858527,-0.0175645658,0.0054592898,0.0157209933,-0.0021941228,-0.0108240098,0.0079605633,-0.0024063900,-0.0027386675,0.0088955305,-0.0034152472,-0.0184562935,-0.0058431957,0.0083456015,0.0229889194,0.0105953501,-0.0108649728,0.0221411924,-0.0067407445,0.0010682935,-0.0078174253,-0.0019446190,0.0274450442,0.0025600427,0.0258605263,-0.0080087343,-0.0113753911,-0.0058250732,-0.0076904184,0.0073446282,-0.0144524366,0.0049857835,-0.0073865829,-0.0057971237,-0.0123525603,0.0210639708,-0.0192166116,0.0040121794,-0.0055117297,-0.0154167871,-0.0177234655,-0.0050358983,-0.0389132020,-0.0262468383,-0.0044389805,-0.0080955583,0.0041675585,-0.0059365979,0.0068071991,0.0006914052,-0.0199490509,0.0022172594,0.0032475580,-0.0020566691,-0.0000693398,-0.0173605144,0.0024912190,0.0019083477,-0.0057115330,-0.0057149493,0.0068888299
22.0000000000,-0.0187550478,0.0148085923,-0.0195143524,0.0159920909,0.0058494503,0.0230954567,-0.0057204494,0.0123066471,-0.0125660939,0.0051093074,0.0007962096,-0.0004527708,0.0051878511,-0.0161875575,0.0007742513,-0.0154088682,-0.0147047451,-0.0085607015,-0.0359271116,0.0135811778,0.0024567729,0.0077605553,-0.0119011345,-0.0050740085,0.0137300312,-0.0145578970,-0.0098142489,0.0016731542,-0.0280609343,0.0087155109,0.0000914962,-0.0072182089,0.0111276680,0.0002938272,0.0134541443,-0.0016171905,-0.0060797687,-0.0082065264,-0.0178994547,-0.0278557427,0.0008351134,0.0078452875,-0.0234268291,0.0151930962,-0.0160898333,-0.0175026399,-0.0197241117,0.0053100252,-0.0060829596,-0.0284232264,0.0068854468,0.0127912416,-0.0031398607,0.0141052621,-0.0358581345,0.0070178462,-0.0112336521,-0.0054862829,-0.0061096395,0.0203503009,-0.0135757127,0.0049437412,0.0152091978
23.0000000000,-0.0093947918,0.0258900099,-0.0174810637,-0.0142415078,0.0013099868,0.0001847003,-0.0186067389,0.0006650653,0.0001589619,-0.0047930239,0.0080879603,0.0043719139,0.0046021958,-0.0291063418,-0.0066951470,-0.0213439534,-0.0204804062,0.0016392773,-0.0098039497,0.0119177343,-0.0127263326,-0.0044093208,0.0054234847,-0.0113295065,0.0060680758,-0.0219941942,0.0041588668,0.0217448649,0.0027316417,0.0126461774,0.0033521297,-0.0200262329,0.0186120884,0.0260036107,0.0097989144,0.0149450964,0.0161124423,0.0126876025,-0.0219615714,-0.0000613258,-0.0060422129,-0.0046295453,-0.0154528381,0.0026254569,-0.0241872560,-0.0334808532,-0.0272100010,-0.0019607976,-0.0029681719,-0.0121697695,0.0131886900,0.0108621437,0.0187203528,0.0140680426,-0.0231671906,0.0139121060,0.0194079608,-0.0156542876,0.0011637430,0.0256368595,0.0102080155,-0.0071804039,0.0158281229
24.0000000000,-0.0200636808,-0.0212716057,0.0089387660,0.0210053250,0.0148064259,0.0152636023,-0.0086349956,0.0038179065,-0.0121438911,0.0109371645,0.0193501605,-0.0235785323,0.0021141773,-0.0009350464,0.0012778635,-0.0390023959,-0.0162956806,-0.0177192220,0.0023012939,-0.0014632308,-0.0060326067,0.0011966375,-0.0114350014,0.0028513001,0.0184388057,-0.0121881886,0.0150716096,-0.0029675367,-0.0043901716,-0.0009416611,0.0196395778,-0.0019977371,-0.0061629141,0.0165359011,-0.0077061270,-0.0121598108,-0.0003730718,0.0048844091,-0.0123175757,0.0069136124,-0.0013284803,0.0010409610,-0.0086189411,-0.0179601554,-0.0154445613,-0.0230854764,-0.0320781085,0.0238998734,-0.0088536467,0.0045349563,-0.0031930487,-0.0106855510,0.0076573195,0.0104814721,-0.0149007771,0.0004404062,-0.0137299187,0.0147653316,0.0044928863,0.0144120790,-0.0100807802,0.0046901683,-0.0050648729
25.0000000000,-0.0225973514,0.0069301900,-0.0003567012,-0.0080621729,0.0131598319,-0.0153412086,-0.0224942123,-0.0057626606,0.0036027892,0.0122387446,-0.0055137840,-0.0046845365,-0.0036596405,-0.0129571424,0.0086498354,-0.0248316587,-0.0009011272,0.0035502166,-0.0234421940,0.0192366810,-0.0000628238,0.0278376247,-0.0143117371,0.0038851181,0.0043624075,-0.0116754645,0.0023672875,0.0252588531,0.0097986390,-0.0063079970,0.0032593982,0.0254520869,0.0148403363,0.0128285131,0.0095996012,-0.0038168606,0.0140459872,0.0317514577,-0.0176763706,-0.0114281142,-0.0014121613,0.0004112511,-0.0083572704,-0.0063493434,-0.0061434670,-0.0138018236,-0.0010568120,0.0016056582,-0.0102070831,0.0058584192,0.0009457660,0.0199020642,0.0251134061,0.0044430301,0.0006519183,-0.0098557547,-0.0163438017,-0.0007780328,-0.0030513783,0.0146172968,0.0104159057,0.0056756116,-0.0005430932
26.0000000000,-0.0074087434,0.0151780423,-0.0080788978,0.0157875891,-0.0110513743,0.0024440858,-0.0132811904,0.0096095750,-0.0029999928,0.0145072902,0.0215765240,-0.0058535350,-0.0079306469,0.0176023163,-0.0242034676,0.0039560631,-0.0140237768,0.0049683350,-0.0158949805,0.0050531513,-0.0141380166,0.0060225986,0.0099286354,-0.0071154167,0.0024063737,-0.0221848540,0.0071715614,-0.0097581147,0.0051560803,0.0094473013,0.0008058469,-0.0048051810,-0.0270296620,0.0146489415,-0.0087479075,-0.0087951919,-0.0145334214,0.0119475741,-0.0033680480,0.0006773933,-0.0036152529,-0.0161474875,-0.0171634836,0.0021178712,0.0032131452,0.0070464899,-0.0040346708,0.0196300437,-0.0293188182,-0.0049326843,0.0133904661,0.0083062048,0.0147213837,0.0015264794,-0.0402561979,0.0000141075,0.0036421670,0.0056351751,-0.0000682172,0.0029486765,0.0060350433,-0.0018293696,-0.0079571413
27.0000000000,0.0002893013,0.0099177968,-0.0100419163,-0.0052731578,0.0069490449,0.0102160893,-0.0186904001,-0.0141938596,0.0020024279,0.0062552810,0.0163247180,-0.0139678967,-0.0052221197,0.0020858529,-0.0102531779,-0.0070879469,-0.0086283261,-0.0221226741,-0.0158826964,-0.0062311219,0.0040239095,-0.0015061813,-0.0202271832,-0.0130643102,0.0143704285,-0.0072156437,-0.0020383570,-0.0021731697,-0.0016174229,-0.0080091292,0.0055590102,-0.0220005159,0.0074291545,0.0270820800,-0.0048835349,-0.0180912080,-0.0104595782,0.0107987135,0.0029367717,0.0072116732,-0.0092383689,0.0049002281,-0.0021051408,-0.0045819988,0.0088219874,-0.0071273486,-0.0123191385,0.0117828856,0.0094818416,-0.0049125777,0.0054959186,0.0038538445,0.0032049065,0.0387442973,-0.0084063339,-0.0044886485,0.0052440193,0.0096667621,0.0069788062,-0.0018167101,-0.0124342949,-0.0065350739,0.0050905603
28.0000000000,0.0039593825,-0.0075996326,-0.0103746546,-0.0018941391,0.0030492489,0.0066129547,-0.0086084455,0.0054296212,-0.0326264824,0.0163025508,-0.0055990930,-0.0001368099,-0.0244850799,-0.0188533493,0.0071817210,-0.0177774359,0.0034595888,-0.0166753192,-0.0138076072,-0.0111462974,0.0027195586,-0.0012237997,0.0045764004,0.0047978488,0.0334176821,-0.0159195466,0.0149475717,-0.0181199321,-0.0084937924,-0.0010511587,-0.0031033929,0.0038953434,-0.0178474118,0.0076005113,0.0243492188,-0.0029433917,0.0187429733,-0.0008130747,0.0033579343,-0.0114039279,0.0123258385,0.0014350333,-0.0137627476,-0.0055529193,-0.0037500277,-0.0144692613,-0.0051557467,0.0088194258,-0.0031017201,-0.0024886483,0.0050055084,-0.0178224904,-0.0017252222,0.0203164169,0.0016824938,0.0082949383,-0.0126748167,0.0105574004,-0.0071418192,0.0031088018,0.0016781783,0.0221765349,0.0143392972
29.0000000000,-0.0108344641,-0.0066864950,-0.0008509059,0.0054399225,-0.0118826955,0.0062913866,0.0015222822,0.0140175517,-0.0139428482,0.0164414147,-0.0074531770,-0.0091818324,0.0279604717,-0.0198406845,-0.0083846595,-0.0242339750,-0.0042386626,0.0043183944,-0.0211378254,0.0082476839,0.0282124375,-0.0090653061,-0.0309368270,-0.0051717940,0.0123869026,-0.0192763681,0.0163460732,-0.0119893600,-0.0225287549,0.0044404712,0.0145129356,-0.0156597368,-0.0010993980,0.0083415207,0.0233180140,0.0026502758,-0.0056998433,0.0239521334,0.0010843912,-0.0060357039,0.0132401840,-0.0060304512,-0.0203813377,0.0000538455,-0.0166554340,-0.0302512215,-0.0390897733,0.0132285822,-0.0020111389,-0.0146960502,-0.0010661806,0.0020940267,0.0406235876,0.0247574434,-0.0252452851,0.0094416273,-0.0306002317,-0.0013786750,-0.0116458067,0.0273160304,0.0185781278,-0.0021405676,0.0013922960
30.0000000000,-0.0223856045,0.0069728277,-0.0024691573,0.0259195673,-0.0024080211,0.0090069382,-0.0151670531,-0.0072005752,-0.0050351858,0.0025100406,0.0080087038,0.0052993845,-0.0074709132,-0.0024960975,0.0151110500,-0.0197677679,-0.0051559567,0.0073624686,-0.0234716693,0.0115187479,0.0095099244,0.0113032626,-0.0056692128,-0.0019599529,-0.0116111193,-0.0098129766,0.0173549265,-0.0319755091,-0.0171985125,-0.0042528393,-0.0166152384,0.0073719777,0.0121854527,0.0140969670,0.0117257271,-0.0144588971,-0.0035347753,0.0135569924,0.0254113816,0.0191200918,-0.0046056659,-0.0166555665,-0.0254172594,-0.0098753744,-0.0021272342,-0.0116434562,-0.0076539114,0.0233712371,-0.0323211333,0.0098087931,0.0243449545,0.0093133760,0.0194310903,0.0054315916,-0.0060794288,-0.0016403593,-0.0249629694,0.0008968270,-0.0190350522,-0.0064932791,-0.0060046200,0.0175935440,0.0150576420
31.0000000000,-0.0284541979,0.0168962594,0.0042894930,0.0125138802,-0.0127037866,0.0302933131,-0.0167832495,0.0039549794,-0.0074350334,-0.0154386375,-0.0035350932,-0.0100049985,-0.0166597993,-0.0105780381,-0.0128486849,-0.0160196019,-0.0121357384,-0.0368059233,-0.0209374687,-0.0007430705,-0.0020663222,-0.0022558846,-0.0129280916,0.0062270624,0.0257546945,-0.0147294725,0.0018635082,-0.0016123195,-0.0003565277,0.0237439467,0.0202266417,-0.0125428486,0.0086481471,0.0317932137,0.0109631158,0.0093420161,0.0218246390,0.0329721780,-0.0066683495,0.0021752464,0.0063648213,-0.0127848087,-0.0135171716,-0.0107585468,-0.0239349808,-0.0194228282,-0.0340297910,0.0064521460,-0.0202766987,0.0092077086,0.0145337584,-0.0114805332,0.0191004143,0.0066860232,-0.0143475805,0.0181048095,-0.0026092627,-0.0400752468,-0.0372259757,-0.0047422840,-0.0132945075,-0.0003632645,0.0127174602
32.0000000000,-0.0178923882,0.0051652783,-0.0166893795,0.0045877446,-0.0019921926,0.0084223229,-0.0023656670,0.0166188627,-0.0147760540,0.0075794218,0.0089343076,0.0095442325,-0.0025710965,-0.0032632563,0.0240717837,-0.0239543901,0.0036255995,-0.0185356739,-0.0222952301,-0.0039992201,0.0130314920,0.0156689920,-0.0065167647,0.0115472129,-0.0005283927,0.0035366304,-0.0043736387,0.0000883846,-0.0073822581,0.0148906720,-0.0192931128,-0.0157338679,0.0012033427,0.0159774662,-0.0028484691,0.0156362802,0.0201000513,0.0116359025,0.0019384886,-0.0113665333,0.0171983898,-0.0109477239,-0.0177074107,-0.0021207890,0.0078145716,0.0097521746,0.0085896951,0.0017613571,-0.0121055558,-0.0019328454,-0.0135718104,0.0003338629,-0.0041123408,-0.0158313187,-0.0245910417,0.0139297120,-0.0287598807,0.0093375037,-0.0099307371,-0.0044498676,-0.0027299444,-0.0081731912,0.0065609713
33.0000000000,-0.0299158038,-0.0022149905,-0.0020584563,0.0040993669,0.0134236558,0.0052499046,-0.0013294666,-0.0066107911,-0.0108293523,0.0143852278,0.0074417247,0.0078440971,0.0065180172,-0.0206574659,0.0133510442,-0.0141923902,-0.0242169896,-0.0067090546,-0.0236961436,0.0012669977,0.0048367969,-0.0043236546,-0.0177739380,0.0186413870,0.0047819478,-0.0098081158,0.0118289613,-0.0100280860,-0.0163641940,0.0125746932,-0.0051402846,-0.0063537157,0.0032349868,-0.0048817192,0.0135376057,-0.0040208528,0.0085963929,0.0050048760,0.0026941736,0.0099651388,-0.0066129614,0.0151431171,-0.0104848746,-0.0225619797,-0.0178304146,-0.0043703802,-0.0251577338,-0.0004487423,0.0080310904,0.0223937373,0.0054963956,0.0057500026,0.0071639563,-0.0040470556,-0.0120071680,-0.0138030798,-0.0013311461,-0.0426320304,-0.0113809495,0.0057758786,0.0000578760,-0.0073823492,0.0136647147
34.0000000000,0.0000127444,0.0124484775,0.0037782125,-0.0156743436,-0.0027797863,0.0060646760,-0.0085996733,0.0177544251,0.0146542677,-0.0081602300,-0.0131607508,-0.0221351850,-0.0019310270,-0.0088584419,-0.0286685511,-0.0035464231,0.0015870609,0.0043279508,-0.0003777042,0.0021989690,-0.0098564303,-0.0065784374,-0.0025209445,-0.0148335881,0.0096502613,-0.0151943249,-0.0147986399,-0.0141286332,-0.0014434504,0.0129907193,0.0216881287,0.0118147707,0.0240646762,-0.0069813471,0.0054668523,0.0179323749,-0.0091200580,0.0290825740,-0.0104463700,-0.0066802083,-0.0077009670,-0.0034594909,-0.0063368049,0.0277211131,-0.0100365589,0.0022460019,-0.0103566083,-0.0146355267,-0.0053895262,-0.0012529335,0.0026838041,-0.0064580173,0.0177565339,0.0073371114,-0.0279866769,-0.0312154805,-0.0138392571,-0.0206955071,-0.0131705849,-0.0098057074,-0.0142956482,0.0097553365,0.0106891630
35.0000000000,-0.0037135921,-0.0137696281,-0.0123280345,0.0141383863,0.0155749941,0.0130213904,-0.0122450052,0.0085883610,0.0017645938,0.0098886489,-0.0117770606,-0.0005326854,0.0095295762,-0.0115392922,0.0006890422,-0.0087314192,-0.0058233752,-0.0189293846,0.0014482237,0.0218797541,0.0169874967,-0.0105377846,-0.0173554587,0.0095589301,0.0058626222,-0.0060346097,0.0139274247,-0.0019752665,-0.0082712037,-0.0306726960,0.0037800733,-0.0032657130,-0.0045464713,0.0160145141,-0.0032286735,0.0212575095,-0.0039039811,0.0008496429,0.0102370163,-0.0070972342,0.0012821524,0.0027304527,-0.0177528399,-0.0096532658,-0.0075467673,-0.0105598254,-0.0048719799,0.0045193040,-0.0193923181,0.0310901442,-0.0066331377,-0.0257543769,0.0067363538,0.0038867590,-0.0148329312,-0.0026607393,-0.0030679381,0.0044180180,0.0063060673,0.0045347860,0.0002749478,0.0065061945,-0.0048912278
36.0000000000,-0.0316923877,0.0024225485,0.0159496676,0.0072027627,0.0004124212,-0.0045499993,-0.0121258474,0.0070639311,-0.0056346586,0.0000878089,0.0308495170,0.0001728352,-0.0064438184,-0.0089774439,-0.0101817147,-0.0135298939,0.0076111871,-0.0149218713,-0.0259122982,0.0026190231,-0.0052965549,0.0059647372,-0.0206102996,0.0079068756,0.0149118432,-0.0062543079,-0.0057443532,0.0072799485,-0.0114932819,0.0055184340,0.0031822090,-0.0024196989,-0.0190414689,0.0170450014,-0.0010500859,-0.0046536263,0.0033408404,-0.0076235813,0.0140879475,0.0031778885,0.0192637202,-0.0138621795,-0.0253179392,-0.0216866946,0.0072716478,-0.0048552808,-0.0329627580,0.0023041991,0.0162720990,0.0055725685,0.0189340886,0.0086343122,0.0108278912,-0.0065759713,-0.0035841383,0.0005438427,-0.0055183874,-0.0141535302,-0.0078750155,0.0147958263,-0.0098938972,0.0156585208,-0.0010370321
37.0000000000,-0.0114885564,-0.0190822367,-0.0018038681,-0.0224760100,0.0204599862,0.0229955159,-0.0069850150,0.0110034694,-0.0223188225,-0.0065009259,-0.0085118556,-0.0034832405,-0.0107149562,-0.0043559693,-0.0187092532,0.0049019339,-0.0077163519,-0.0031976456,-0.0104161109,0.0121956828,0.0157399441,0.0267587028,0.0020988498,0.0124985183,-0.0033063391,0.0053556997,0.0058616690,0.0049388188,-0.0079161395,-0.0039275389,0.0055316305,-0.0054590040,0.0191694660,-0.0008274075,-0.0009195256,-0.0007523545,0.0009120662,0.0177991017,-0.0007630946,-0.0145373390,0.0174610243,0.0025411948,-0.0217237124,-0.0032632857,-0.0276024707,0.0064553750,-0.0138041270,0.0004811675,-0.0071982304,0.0153520656,-0.0025877111,-0.0163019381,-0.0031655116,-0.0104675945,0.0116054631,0.0133058153,-0.0175499751,-0.0147835645,-0.0276841442,0.0034594893,-0.0259664991,-0.0077419836,-0.0024520383
38.0000000000,-0.0168355564,0.0116037931,-0.0152160911,-0.0023171031,-0.0074284605,0.0047242455,-0.0046824981,0.0203321829,-0.0182541499,-0.0031707394,-0.0075808129,-0.0011845039,-0.0160543785,-0.0143369694,0.0043010060,0.0128354886,-0.0062642317,0.0043368400,-0.0040925276,0.0147164113,0.0020259244,-0.0007884744,-0.0101857046,0.0064648087,0.0035994311,-0.0116760518,0.0193266189,-0.0030367546,0.0019754940,-0.0027903616,0.0090653647,-0.0062875138,-0.0148640584,0.0009993307,-0.0042324747,0.0028148395,-0.0138187578,0.0067250853,-0.0139531040,0.0082934666,0.0127691402,-0.0070430845,-0.0352772531,-0.0015293008,-0.0227888259,-0.0000086811,-0.0042760930,0.0071225755,-0.0368950912,0.0053688796,-0.0019355633,-0.0107730218,0.0220865120,-0.0177249271,-0.0247018965,0.0152808421,-0.0121989877,0.0031476973,0.0006814241,0.0157525006,0.0088331691,0.0252615135,-0.0059970990
39.0000000000,0.0022335652,0.0144775173,-0.0166208612,0.0035456548,0.0048834385,0.0052676779,-0.0133984069,0.0174584607,0.0045982879,0.0233375379,-0.0116315028,-0.0085957343,-0.0096659241,-0.0043384242,-0.0180580599,-0.0633310071,0.0029025774,0.0012765550,-0.0368569325,0.0041119637,-0.0234870519,-0.0096145159,-0.0173804547,-0.0085107337,0.0052866557,-0.0182298277,0.0124418377,-0.0147690266,-0.0017846493,-0.0112318396,-0.0062520071,0.0060637947,0.0187001355,0.0111760084,0.0072429210,0.0105239254,0.0054397341,0.0131303939,-0.0166328512,-0.0100806695,0.0142421420,0.0081060271,-0.0051759087,-0.0068339101,-0.0124066719,-0.0108526378,-0.0405404197,-0.0004893821,-0.0407111089,0.0104726391,0.0147573083,-0.0129796251,-0.0092602375,0.0010409852,-0.0127173855,-0.0090442677,-0.0166234063,-0.0120674823,0.0018169526,-0.0033980948,-0.0098051031,0.0066650845,0.0152581668
40.0000000000,0.0076699212,0.0109470151,-0.0137352006,0.0199133862,-0.0110039489,0.0000266396,-0.0187711947,0.0156697068,-0.0065345233,-0.0001868840,0.0127502357,0.0055242994,0.0038504701,-0.0078318418,-0.0012041899,-0.0431181585,-0.0149462252,0.0161752280,-0.0042713545,0.0174088255,0.0109653069,0.0074518076,-0.0067429725,0.0101592166,0.0148406682,0.0063245373,0.0031182920,-0.0030064640,-0.0113729145,-0.0138915174,0.0111099320,-0.0073544118,0.0046229431,0.0006271474,-0.0022537064,0.0108088222,0.0096439243,0.0084227369,0.0078095216,-0.0088966297,0.0072207030,-0.0010076718,-0.0132638063,-0.0130393763,-0.0201838321,-0.0071406461,-0.0414873047,0.0048428920,0.0001799790,0.0074516712,0.0172932691,-0.0202040668,-0.0040888735,0.0089350189,-0.0319837984,0.0218840685,-0.0170597431,-0.0013143626,-0.0084810149,-0.0005376971,-0.0005801794,-0.0095734013,0.0146978371
41.0000000000,-0.0056590709,0.0152848349,0.0121927385,0.0250083471,0.0127923117,0.0178267256,-0.0277905195,-0.0008001713,-0.0060723257,0.0248883712,-0.0045256003,-0.0057273595,-0.0154509733,0.0212272454,0.0369585097,-0.0105190327,-0.0145346594,-0.0250483980,-0.0245385307,0.0270417211,-0.0087603097,0.0058498947,-0.0400411477,-0.0018031699,0.0474700347,-0.0247602187,0.0062556887,-0.0149166977,-0.0218439586,-0.0184925950,-0.0014549432,-0.0213231718,0.0110133562,0.0130052082,0.0123156977,0.0047274195,-0.0086941150,0.0344763343,-0.0261636802,0.0069136670,0.0173485597,0.0139844589,-0.0010254632,-0.0195457098,0.0074692062,-0.0076048297,-0.0476707182,0.0148289062,-0.0215239921,0.0309660450,-0.0064199965,-0.0191199033,-0.0161690842,0.0047559820,-0.0322993634,0.0131399802,0.0012512057,-0.0257185860,-0.0011533459,0.0133259345,-0.0202795814,-0.0006824863,0.0105484432
42.0000000000,0.0111176126,0.0080476358,0.0093326504,0.0230541053,0.0157445764,0.0153676427,-0.0045686773,0.0115726142,-0.0332099452,0.0027237675,0.0208262067,-0.0152341233,-0.0010778161,-0.0138525519,0.0039358368,-0.0276684450,-0.0092869863,-0.0024282562,-0.0325992758,0.0061749544,-0.0029009157,0.0048451153,0.0055387547,0.0083404022,0.0224565407,0.0092191850,0.0122365084,-0.0283207079,0.0082464304,0.0043638138,0.0089404046,0.0158384945,0.0077601883,0.0049266166,0.0070958170,-0.0093504417,-0.0024344344,0.0130313435,-0.0008015273,0.0120375686,-0.0077992522,0.0089728781,-0.0115488160,-0.0038961925,-0.0147074040,-0.0133451141,-0.0211018059,-0.0009803811,-0.0138914076,0.0104362320,0.0160548741,0.0025328637,0.0024371842,-0.0061555422,-0.0219366496,0.0213031986,0.0105944577,-0.0030322028,-0.0013636755,-0.0007407215,-0.0122373098,0.0038849137,-0.0063554989
43.0000000000,-0.0111520698,0.0126168973,-0.0023122458,0.0050439188,-0.0025818729,0.0125492458,-0.0136906633,0.0039560801,-0.0100786560,0.0021865305,-0.0034727738,0.0005946970,-0.0255475214,0.0008129039,0.0041609453,-0.0055224133,0.0145199131,-0.0410134051,-0.0375464184,0.0174102570,0.0163601412,-0.0031889737,0.0078198924,-0.0038003326,0.0259384699,-0.0059250890,0.0000922053,-0.0061623916,-0.0086634059,-0.0089042640,0.0166595219,0.0057311942,0.0127587737,0.0188577211,-0.0096066025,-0.0002792286,0.0048860433,0.0100828762,-0.0157367505,-0.0113097051,0.0029531767,0.0266302678,-0.0131098701,-0.0085822708,-0.0205680173,-0.0266196843,-0.0150978304,0.0100060335,-0.0273420747,0.0056303652,0.0116364042,-0.0128357297,0.0003021566,-0.0056566310,-0.0329626601,0.0098395422,0.0096355297,-0.0041105173,0.0068694363,0.0169895328,-0.0047802497,0.0185242517,0.0033280139
44.0000000000,-0.0301661758,0.0072850191,-0.0190060407,0.0278305982,0.0090761471,0.0063979031,-0.0198943019,-0.0053824877,-0.0026000457,0.0030317471,-0.0031591703,-0.0065153900,-0.0047864335,-0.0144044032,-0.0223613378,-0.0021972692,0.0119615023,-0.0092919421,-0.0100123037,0.0250250735,-0.0168186410,-0.0135320726,-0.0261363135,-0.0019777963,0.0361021263,-0.0072520635,0.0027446351,-0.0061051524,-0.0286287092,-0.0114504845,0.0129871947,0.0004570670,0.0009443930,0.0093265720,0.0304821406,0.0020722505,0.0012648176,0.0112558345,0.0016490236,-0.0013688175,0.0145558530,0.0132899441,-0.0258589612,-0.0023935446,-0.0123164306,-0.0241173848,-0.0164429605,0.0059637413,-0.0198165522,0.0227262668,0.0135378054,0.0079520999,0.0160226220,-0.0164436521,-0.0238168040,0.0040977882,0.0050596442,-0.0163702581,0.0074056845,0.0007823311,-0.0146418496,-0.0124083411,0.0187372838
45.0000000000,0.0080767039,-0.0018810744,0.0161588311,-0.0147618510,-0.0137968869,0.0237988360,-0.0168196704,-0.0073262904,-0.0043498691,-0.0006552594,0.0121532716,-0.0229457771,-0.0128193420,-0.0007935422,-0.0140729173,0.0150082958,0.0005198818,-0.0019242643,-0.0118329318,-0.0072991337,-0.0193945527,-0.0034911929,-0.0025535437,-0.0013009941,-0.0121304222,0.0141402746,-0.0144190611,0.0086595787,-0.0095575264,-0.0107080780,0.0129274719,0.0122481748,0.0276497047,-0.0131983517,0.0374410505,-0.0015312187,0.0137239438,-0.0021679911,0.0022491817,-0.0205031638,-0.0136476703,0.0307216466,-0.0025999477,0.0025072967,0.0028138620,-0.0155110269,-0.0124864364,0.0052330226,-0.0320057638,-0.0006442995,0.0145116074,-0.0048643250,-0.0189974223,-0.0007851640,0.0150584851,0.0147274468,0.0008004160,-0.0317759493,0.0094670353,-0.0180895082,0.0144533264,0.0146027954,-0.0044317184
46.0000000000,0.0080923772,-0.0040211929,-0.0224431185,0.0057045199,0.0181805068,0.0025101383,0.0106782867,0.0056248803,-0.0108041648,-0.0019250923,0.0133995376,0.0082416737,-0.0156949917,-0.0103774694,-0.0212960488,-0.0098718580,-0.0208808905,0.0154776315,-0.0057815986,0.0048016618,0.0062895087,0.0188498011,0.0070963403,0.0232813972,-0.0095976201,-0.0033115127,0.0137461001,-0.0223748141,-0.0027632344,-0.0178072515,-0.0133617749,-0.0063634817,0.0144771698,0.0033981560,-0.0040059698,-0.0047114445,0.0347513969,0.0168671826,-0.0019179341,-0.0028479954,-0.0061182929,-0.0045365285,-0.0104722156,-0.0153622361,-0.0096218843,-0.0171502332,-0.0249849084,0.0176011716,-0.0035815175,0.0051353341,0.0105894778,-0.0068076780,0.0091972923,0.0029495257,0.0016064896,0.0006410737,0.0064987646,-0.0299073252,0.0081107992,-0.0025270004,0.0203288189,0.0016304185,-0.0001840193
47.0000000000,-0.0041974532,-0.0134212761,-0.0149783930,-0.0216617029,0.0026044474,0.0115668708,-0.0208746010,0.0060875621,-0.0142572606,0.0154968306,0.0075767643,-0.0199340301,-0.0017050568,0.0206510640,0.0127621825,-0.0244336415,-0.0215603003,-0.0313103012,-0.0507751191,0.0193132279,-0.0040271126,-0.0171703974,-0.0012070869,0.0220472116,0.0234207829,-0.0277819205,-0.0108397071,-0.0251181215,0.0018404947,0.0185622836,-0.0099059985,-0.0118315362,-0.0222249694,0.0194470809,0.0015331935,0.0023790107,-0.0101765310,0.0179066083,-0.0023730590,-0.0068942517,0.0040482543,0.0009376060,-0.0084426514,0.0048164178,0.0038365115,-0.0034995004,-0.0230493383,-0.0002962782,-0.0084051090,0.0079325071,0.0256281525,0.0038160180,0.0158556477,-0.0216185641,-0.0011705238,0.0013224911,-0.0063614111,-0.0142122604,-0.0063135175,0.0224608419,-0.0070316111,-0.0370259856,0.0198313962
48.0000000000,-0.0333451815,-0.0019088566,-0.0054085342,0.0036372557,0.0099929891,0.0186483128,-0.0048546988,0.0067451908,-0.0039510688,0.0300496670,0.0105091101,-0.0055933331,-0.0013237766,0.0117367489,0.0121563278,-0.0333690133,-0.0008343524,-0.0182930384,0.0019362360,-0.0018657132,-0.0000210889,0.0036724504,-0.0234246491,0.0065098137,0.0217326500,-0.0116814484,-0.0085046834,-0.0131719986,-0.0127890760,0.0032632741,-0.0004133845,0.0036050697,0.0031467206,0.0276308712,0.0316540485,-0.0182135143,-0.0108147714,0.0085961686,-0.0089071773,0.0089050538,0.0175713925,-0.0041536618,-0.0119112995,0.0025657378,-0.0127606047,-0.0219133843,-0.0240719014,0.0164943858,-0.0078438336,-0.0127634686,-0.0012559255,-0.0253004078,-0.0024495472,-0.0173440614,0.0072042150,0.0201897699,-0.0171481517,-0.0215014797,0.0026939214,0.0189826466,-0.0182783985,-0.0170227706,0.0097362962
49.0000000000,-0.0234901231,-0.0061092542,0.0053735756,0.0136623560,0.0136488694,0.0293144368,0.0021772395,0.0116128374,-0.0085648429,-0.0121301278,0.0181335781,0.0072840490,-0.0372190800,-0.0113235114,-0.0160966447,-0.0395397425,0.0307624467,0.0062291968,-0.0350568905,-0.0063534819,-0.0030060067,-0.0143673140,-0.0054772675,0.0078163706,0.0129865734,-0.0255355813,0.0163810710,-0.0053321938,-0.0121494875,-0.0039144174,0.0043801295,0.0025037730,0.0064331740,-0.0035024193,0.0144272890,-0.0231871737,0.0111942080,0.0139306653,-0.0063723841,-0.0167301141,0.0069077839,-0.0162175050,-0.0169435419,-0.0146280023,-0.0111056987,-0.0241554282,-0.0327006667,0.0076940785,-0.0074409604,0.0068244603,0.0031168427,-0.0039739451,0.0101568140,-0.0217518579,-0.0167292096,-0.0074082108,0.0024278910,-0.0038576527,-0.0131967283,-0.0035242413,0.0033735128,0.0086706865,0.0156447604
50.0000000000,-0.0135688334,-0.0102202702,-0.0210337796,0.0008963581,-0.0009088026,0.0102055864,-0.0342646755,0.0078892110,-0.0006084002,0.0048911542,0.0012683143,0.0067437019,0.0047627094,-0.0034739083,-0.0209349319,-0.0280111389,-0.0248105013,-0.0195216193,-0.0316387992,0.0008003523,0.0143040262,0.0107419429,-0.0217217661,0.0073876706,0.0236293699,-0.0075703504,0.0078376005,-0.0023783122,-0.0312290417,-0.0077587370,-0.0066628710,-0.0234772277,0.0018105070,0.0121729258,0.0096099034,0.0041293912,0.0022547940,0.0097138426,-0.0267638926,0.0034371331,0.0055595392,0.0076989617,-0.0417330192,-0.0116175927,-0.0113065964,0.0004605967,-0.0084907118,-0.0214024621,-0.0227738124,0.0038819689,0.0059768435,-0.0039472736,0.0023966114,0.0208792596,-0.0400321272,-0.0159634540,0.0054775759,0.0200857982,-0.0052478962,0.0119711770,-0.0020918350,0.0092844105,0.0096578869
51.0000000000,-0.0024935879,0.0057081549,-0.0210390471,0.0006504310,0.0077155935,0.0207924026,-0.0190920849,0.0196369752,0.0079919387,0.0041174672,0.0065756233,-0.0165057114,0.0070063149,-0.0058155548,-0.0053210996,-0.0251404458,0.0046445956,-0.0156112361,-0.0423954774,0.0087265541,-0.0030233221,-0.0178423453,-0.0095202542,0.0068060047,0.0057337928,-0.0390196024,0.0157775446,-0.0167697316,-0.0099930391,0.0113805540,0.0078191558,-0.0112327905,0.0154757979,0.0005445188,0.0292011334,-0.0066422165,-0.0012067144,0.0346292093,-0.0058031159,0.0079034755,-0.0038362556,0.0173540966,-0.0325799115,-0.0129925237,-0.0264158377,-0.0161281010,-0.0066516192,-0.0008801757,-0.0075549223,-0.0200031199,0.0088666204,-0.0119270764,-0.0067235377,-0.0041679932,-0.0162363985,0.0030014634,-0.0052075668,0.0075346910,-0.0176966909,-0.0070892103,-0.0035173838,0.0004716393,0.0228168871
52.0000000000,-0.0078926904,0.0115822554,-0.0076762138,0.0002638646,0.0145110522,0.0193261211,-0.0305715205,0.0093307594,-0.0039415895,0.0034769841,-0.0125730141,-0.0021635144,-0.0310415734,0.0024061626,0.0135773236,-0.0046244528,-0.0070002040,-0.0045324549,-0.0066094648,0.0160026617,-0.0058725425,0.0184687805,-0.0269539673,0.0061607906,-0.0092348134,-0.0087116365,0.0134196121,0.0009639078,-0.0056292595,0.0031348228,-0.0019518290,0.0098241379,0.0018695302,0.0000278054,-0.0041613327,0.0052978459,-0.0192585344,0.0114454390,0.0139728336,-0.0081368081,0.0080668619,-0.0008991749,-0.0063457890,-0.0120173794,0.0012497770,-0.0055506595,-0.0390506894,0.0005285090,-0.0142030984,0.0136645672,0.0056283510,0.0115414398,-0.0005655892,0.0097278198,-0.0101964123,0.0090164331,-0.0081416940,-0.0076375111,-0.0005797791,0.0244182016,-0.0246157950,0.0019253774,-0.0002884009
53.0000000000,0.0043549283,0.0169520468,0.0147566017,-0.0048721844,0.0087159595,0.0015403989,0.0005984030,0.0241007870,-0.0023189890,0.0068813729,-0.0092440570,0.0015110730,-0.0140312397,-0.0169400675,0.0029105095,-0.0198188865,-0.0035037911,0.0163849960,-0.0457348715,0.0176853746,-0.0249393656,-0.0025248256,-0.0273067647,0.0068316734,0.0123252318,0.0011587699,0.0085254339,-0.0086340673,0.0048345410,-0.0245179159,-0.0123755015,0.0146827713,0.0116791794,0.0025757769,0.0059575228,-0.0082697252,-0.0069556003,0.0206237098,-0.0104181873,-0.0249816865,-0.0015616214,-0.0194419521,-0.0063870475,-0.0027238759,-0.0083552714,-0.0339931960,-0.0265749671,-0.0017795014,-0.0208736993,-0.0009461664,0.0022581496,0.0234507157,0.0088160483,0.0196128284,-0.0304367995,-0.0120134794,-0.0380299981,-0.0069046898,-0.0332463496,0.0389078156,0.0154782194,-0.0092030615,0.0214796003
54.0000000000,-0.0355762353,-0.0037363367,-0.0202787495,-0.0153397178,-0.0010112801,0.0191370977,0.0143460663,0.0355806554,0.0024256847,0.0239674239,-0.0103570611,0.0069812295,-0.0073724029,-0.0115556293,0.0176781497,-0.0146875046,-0.0177115134,-0.0048927540,-0.0235642364,0.0324572431,-0.0151837990,0.0005677545,-0.0310816606,0.0049887584,0.0045907370,-0.0357752652,0.0166369734,-0.0172579719,-0.0089066998,0.0024417501,0.0088563397,-0.0310812803,0.0053088406,0.0360444831,0.0111333447,-0.0059422614,-0.0153337463,0.0113069931,0.0018653685,0.0071083302,-0.0182616120,-0.0017052876,-0.0083755332,-0.0149388917,-0.0041335116,-0.0059114123,0.0054708361,0.0107365246,-0.0074243998,0.0003701060,0.0190966949,-0.0070952260,0.0237836195,0.0093206071,-0.0128734291,-0.0060538794,-0.0097870955,-0.0155257605,-0.0100576554,-0.0017606673,-0.0086949839,-0.0113832271,-0.0011027147
55.0000000000,-0.0121782679,0.0211554991,-0.0151128795,0.0067144271,0.0121921351,-0.0067996202,-0.0244498361,0.0101740723,0.0039880386,-0.0018633477,-0.0159793627,-0.0261665516,0.0134642592,-0.0169230568,0.0125721413,-0.0036906992,-0.0076976189,-0.0067051120,-0.0266561898,-0.0069001509,0.0078895301,0.0135810680,-0.0219399400,0.0153806127,-0.0081533109,-0.0109456566,0.0172400756,-0.0228663001,-0.0036552985,0.0068229249,-0.0080059031,-0.0249687092,-0.0078224463,0.0127397455,0.0027280671,-0.0059720339,-0.0022073396,0.0050759009,0.0017984298,-0.0206925395,0.0296681055,0.0039628040,-0.0165088745,-0.0154072271,-0.0153745956,-0.0270099120,-0.0088197188,-0.0030612643,-0.0171525550,0.0071568269,0.0052867087,-0.0073399409,0.0304500202,-0.0000879366,-0.0218702655,0.0057687615,0.0008788189,-0.0085441134,-0.0065693687,-0.0046286902,-0.0032647791,0.0001921166,0.0002976864
56.0000000000,-0.0057224591,0.0131337495,-0.0012237801,0.0036835950,-0.0149004232,0.0146348160,-0.0233122910,0.0036869273,0.0049741332,-0.0217293192,-0.0042310273,-0.0025608475,-0.0428923578,-0.0175023611,0.0144012697,-0.0298158911,-0.0331166698,-0.0066117434,0.0186758142,-0.0109465550,0.0071621863,-0.0132320776,-0.0231667416,0.0149035042,0.0097814830,-0.0186819133,0.0157043809,-0.0112845878,0.0008558444,0.0170930814,-0.0013377681,-0.0127367402,0.0110073675,0.0242645623,0.0025608504,-0.0078099201,0.0139013317,0.0299984879,-0.0254124813,0.0099845138,-0.0132912848,0.0112494082,-0.0289086645,-0.0177567259,0.0067487617,-0.0068864966,-0.0203566763,-0.0071670127,-0.0298456684,0.0048881179,0.0241277687,-0.0138952069,0.0007444277,0.0095598162,-0.0154487991,-0.0091138158,0.0039204600,-0.0205725384,-0.0104047019,0.0090725084,0.0136179248,0.0143574420,0.0156924844
57.0000000000,-0.0130094172,-0.0002635892,-0.0082027292,-0.0011934814,-0.0089551172,0.0153848127,-0.0016196831,0.0314541043,0.0118039622,-0.0145149177,0.0021768420,-0.0069230403,-0.0136997731,-0.0141897115,0.0006124640,-0.0179361012,-0.0007338758,-0.0001513633,-0.0108233859,0.0154628068,-0.0112035521,-0.0022495527,-0.0014985047,-0.0089356510,0.0096182146,-0.0213861572,-0.0207595630,0.0044999746,-0.0024780995,-0.0184859406,-0.0126846585,-0.0052451106,0.0113708564,0.0148792782,-0.0053606474,0.0167053935,-0.0169627060,-0.0125433176,-0.0015555617,0.0043648769,0.0098834873,-0.0074711263,-0.0126102756,0.0002365707,-0.0167359823,-0.0152838609,-0.0261916673,0.0011055242,-0.0387644473,0.0215464202,0.0298089575,-0.0184119170,0.0109006933,0.0109062794,-0.0009266665,0.0107355004,0.0142723840,-0.0043924847,0.0050295476,0.0175896845,-0.0059820519,0.0073528372,-0.0052890249
58.0000000000,-0.0209673789,0.0004127126,0.0000142003,0.0144477996,0.0005073823,-0.0040107328,0.0015081187,-0.0016985024,0.0050726098,-0.0053863847,-0.0029404334,-0.0256938994,-0.0243067608,-0.0037490785,-0.0006326533,0.0029867572,-0.0236003990,0.0002492966,-0.0212766035,0.0125940342,-0.0140776453,0.0008124457,-0.0054836911,0.0287174290,0.0174285722,0.0057110691,0.0085397170,-0.0224938850,-0.0207628261,-0.0194980535,0.0064134499,-0.0155328675,-0.0066379962,-0.0079108538,-0.0084741514,0.0141352323,0.0050386409,-0.0101800750,0.0011166473,-0.0003212779,-0.0241722615,0.0167896967,-0.0049424346,-0.0055866279,0.0007446287,-0.0048148090,-0.0234864671,0.0011956489,-0.0139306672,-0.0094597344,0.0141710435,-0.0079749272,0.0332945731,0.0171003296,0.0090964644,-0.0015904776,0.0023574403,0.0085521598,-0.0219004605,0.0193487851,0.0074202605,-0.0225881339,0.0089539057
59.0000000000,-0.0069768678,-0.0005965684,-0.0070668110,0.0000706066,0.0238712198,0.0115268083,-0.0173069902,0.0023358613,-0.0076952036,0.0058165895,0.0057104652,-0.0130090811,-0.0068907383,0.0062264812,0.0184278767,-0.0093578296,-0.0316007076,-0.0188226021,-0.0370345587,0.0199912056,0.0120065966,0.0010025091,-0.0292366186,-0.0030516555,-0.0026448716,-0.0241923728,0.0294243188,0.0005099608,-0.0013493375,0.0218932966,-0.0082368009,-0.0091060727,0.0139162278,0.0137483018,0.0038493437,-0.0027267039,0.0191163975,-0.0193205503,-0.0061299797,-0.0164170295,0.0168374077,-0.0114878216,-0.0276759669,0.0057107761,-0.0056326107,-0.0193431670,-0.0106193046,-0.0204303558,0.0066229683,0.0059465626,-0.0213927618,-0.0142248280,0.0065537327,-0.0068401000,-0.0051538220,-0.0237690487,0.0033566812,-0.0160119048,-0.0096234894,0.0154342206,0.0092523416,0.0173246767,0.0160311620
60.0000000000,-0.0231696052,-0.0020337020,-0.0155306721,0.0040671922,-0.0004896357,0.0171665561,-0.0055986084,0.0170944485,-0.0000880384,-0.0120750857,0.0186383324,-0.0070127039,0.0001882007,-0.0284736521,0.0120597072,-0.0087751867,0.0115446643,-0.0125520869,-0.0004935790,0.0031446465,-0.0077688950,-0.0280475585,-0.0009704695,0.0191023965,-0.0060954822,-0.0172516592,0.0107190038,-0.0192576555,-0.0259033361,0.0011695283,-0.0007183461,0.0005138413,0.0168561419,0.0025196605,0.0137695665,-0.0024236395,-0.0039682229,0.0097555133,0.0187408542,-0.0047518304,-0.0110889393,-0.0216226354,-0.0074110800,0.0020809444,-0.0347287591,-0.0052963736,-0.0091236437,0.0037595175,-0.0217227313,0.0019541112,-0.0011327314,-0.0138582648,0.0133143992,-0.0236161247,-0.0107570533,0.0055099685,-0.0088976472,-0.0060869385,-0.0087645983,0.0000713344,0.0053628388,0.0061836255,0.0118406925
61.0000000000,-0.0250700456,-0.0055149350,0.0012563148,0.0163109951,-0.0199658521,0.0109741695,-0.0077869982,0.0230197735,-0.0109344951,0.0038316886,0.0015417826,-0.0038137651,-0.0190240519,0.0226870279,0.0032692513,-0.0389012797,-0.0022350629,-0.0234175545,-0.0163880786,0.0119444119,-0.0012682775,0.0111988741,-0.0336154585,-0.0023689380,0.0074887420,0.0026268311,-0.0037702159,-0.0086781217,-0.0085676717,-0.0084329933,0.0010436071,0.0015430273,-0.0099126580,-0.0036290645,0.0070261887,-0.0014702534,0.0038446411,0.0150055881,0.0013511648,-0.0047110770,0.0080310880,-0.0090724389,-0.0181401475,-0.0237108771,0.0139128669,-0.0026783299,-0.0350818143,0.0037616129,-0.0156962139,-0.0061244875,0.0061443049,0.0002921891,-0.0098060031,-0.0028887355,-0.0242399326,0.0116328733,-0.0179655043,0.0030973056,0.0089064151,0.0064031640,-0.0203331792,0.0054775688,0.0055786752
62.0000000000,-0.0091110263,-0.0006981296,0.0051172903,0.0103429007,-0.0011664469,0.0102702487,-0.0146187297,0.0064893208,-0.0166352921,0.0272108304,-0.0055858095,0.0058343171,-0.0004996512,-0.0074047019,-0.0047744301,-0.0323195787,-0.0256147849,0.0010343550,-0.0446125989,0.0257228017,0.0062915654,0.0015352194,-0.0221520303,0.0028555879,0.0189165414,-0.0159767081,0.0102763601,-0.0049834748,-0.0255300606,0.0109067446,-0.0022582813,-0.0110909593,0.0071696505,0.0103136585,0.0142683659,-0.0145537233,0.0046442967,0.0082571037,-0.0126922658,-0.0028341399,0.0051834535,0.0109132845,-0.0106215090,-0.0162856834,0.0079405421,-0.0269838077,-0.0360445758,0.0130628404,-0.0171120694,-0.0011082897,0.0014763291,-0.0025305120,0.0035384986,-0.0128505680,-0.0206916271,0.0009295128,0.0012064214,-0.0129509965,-0.0209203613,0.0126543433,-0.0091365202,0.0109163368,0.0136942668
63.0000000000,-0.0097888084,0.0050943659,-0.0352488176,0.0084177941,0.0084386985,0.0100035020,-0.0324374317,-0.0095737497,-0.0027596236,0.0185707487,0.0113694244,0.0058137625,-0.0133234559,-0.0209960091,-0.0036033455,-0.0235770979,-0.0292668499,-0.0075568467,-0.0291767871,0.0410565597,-0.0087857845,-0.0034892462,-0.0209364013,0.0291006927,0.0105491281,-0.0165995205,0.0324992989,-0.0034272298,-0.0230833835,-0.0222287433,-0.0045585074,-0.0009712369,-0.0101234567,0.0080636252,0.0055897141,0.0016909450,-0.0040951585,0.0076182965,-0.0018635843,0.0038415833,0.0304041786,0.0036324327,-0.0245752111,-0.0195255544,-0.0128856000,-0.0140649821,-0.0396636641,-0.0046759099,-0.0402391024,0.0230202068,0.0144358032,-0.0121260704,0.0254058955,-0.0031178476,-0.0209330629,-0.0094269870,-0.0164723161,-0.0103305197,-0.0222511506,0.0002770009,-0.0083096318,0.0104834733,0.0159775708
64.0000000000,-0.0138564463,0.0064323210,-0.0112475978,0.0003593429,-0.0071198213,-0.0102537120,-0.0205473276,0.0199343766,-0.0274082352,-0.0068977594,-0.0027473071,-0.0059749155,-0.0055007917,0.0123210035,0.0167674582,-0.0001127481,-0.0149451240,0.0085738726,-0.0197669051,0.0101850383,0.0067496318,-0.0064901499,-0.0238874802,-0.0120747540,0.0005144580,-0.0308364019,0.0210055471,-0.0104834302,0.0119206382,-0.0177782703,0.0034286040,0.0062717376,-0.0041503953,0.0113219468,-0.0069375010,0.0123929421,0.0033604609,0.0042805070,-0.0097269654,-0.0122401459,0.0043668661,-0.0108734666,-0.0209828455,-0.0120320481,-0.0147666805,-0.0166330482,-0.0332072405,0.0176652340,-0.0170349369,0.0239720812,0.0044099416,-0.0069166423,-0.0093359517,-0.0029449572,-0.0394979898,-0.0072923718,0.0031538810,-0.0161790459,-0.0089570455,-0.0168182175,-0.0050200354,0.0072432762,0.0086463168
65.0000000000,-0.0171149229,0.0181459998,-0.0045947691,0.0106978497,0.0094140467,0.0293971882,-0.0136621290,0.0157749016,-0.0195205216,-0.0045026687,-0.0052436876,0.0011270406,0.0090300300,-0.0279722294,0.0096396621,-0.0242092363,-0.0107042297,0.0104284170,-0.0158689643,0.0230600626,0.0005169323,0.0036206747,-0.0247111093,0.0094226351,0.0213201804,-0.0049696806,-0.0049479907,-0.0234258872,-0.0256808060,0.0124413978,0.0075781406,0.0176638662,0.0205061257,0.0178479401,0.0060403569,0.0226927853,0.0128039747,0.0542529526,-0.0095605069,-0.0070800147,0.0165138607,0.0081006342,-0.0105425892,-0.0043322696,-0.0163104711,-0.0313005697,-0.0317044722,0.0011259555,-0.0264136863,0.0197682395,0.0256076499,0.0094355574,0.0221267703,-0.0003412591,-0.0365766004,0.0235414194,0.0191694510,-0.0018315731,0.0188811263,0.0139269837,0.0000339385,0.0000545640,0.0130132169
66.0000000000,-0.0127750699,-0.0100623868,0.0024700642,0.0361105738,-0.0029581668,-0.0002771421,-0.0080893282,-0.0066192150,-0.0198909033,0.0117273077,0.0085837236,-0.0056729849,-0.0103912476,-0.0132377705,0.0064179658,-0.0138461103,-0.0092880111,-0.0133449663,-0.0031948448,0.0003440768,0.0191592601,-0.0043994358,0.0112416298,0.0011436952,0.0235699222,-0.0145768701,-0.0046226064,-0.0034020093,-0.0055549378,-0.0100223695,-0.0029988218,0.0020039443,0.0030662729,0.0189314368,0.0296359387,0.0415335850,0.0209862224,0.0087106162,0.0001732871,0.0419181201,-0.0004091120,-0.0046520567,-0.0000209688,-0.0131397913,-0.0219145457,-0.0197597808,-0.0098746774,-0.0030322392,-0.0096041734,0.0085953653,0.0215252615,0.0099182627,0.0180670836,-0.0121355281,-0.0222387988,0.0097536404,-0.0247479552,-0.0166177163,-0.0095760991,0.0124546029,0.0087133921,-0.0053917484,-0.0048488641
67.0000000000,0.0103297935,0.0036071422,-0.0145787470,0.0070276013,-0.0094848223,-0.0028281409,-0.0121429322,-0.0075742422,-0.0239074223,0.0139265982,0.0118413453,-0.0018710871,-0.0101624875,-0.0127347376,0.0015998562,0.0018788996,0.0060078314,-0.0120972477,-0.0145240470,-0.0049653774,0.0000528141,-0.0222178135,0.0068247903,0.0196680281,0.0156925082,-0.0060870499,0.0202642081,-0.0101699266,-0.0258527784,-0.0083842582,-0.0004745571,0.0085026720,0.0108007704,0.0200045549,0.0122501944,0.0099483519,-0.0100024870,-0.0007679581,0.0041449216,-0.0243568931,0.0024445975,-0.0150942046,-0.0129045762,0.0014912696,-0.0049803505,-0.0138016463,0.0163418227,0.0060540491,0.0076893810,-0.0184026605,-0.0004412443,-0.0012955331,-0.0080283564,0.0000055875,0.0074294761,0.0067183075,0.0025376723,-0.0005584151,-0.0006630404,-0.0096707228,-0.0204167306,-0.0030001198,0.0021006261
68.0000000000,-0.0163851031,-0.0010458985,-0.0039694968,-0.0057868973,-0.0083472643,0.0036562520,-0.0084236046,0.0054809926,0.0141424220,0.0105027277,0.0041884135,-0.0019135517,-0.0015201104,-0.0004511865,-0.0092687970,-0.0179172451,-0.0203917665,-0.0002556118,-0.0255009106,-0.0035964591,-0.0051417697,-0.0092606953,-0.0291500729,0.0049250744,0.0101377419,0.0048569289,0.0014971245,-0.0110190995,-0.0303773086,-0.0020983875,-0.0033073616,0.0239731787,0.0160573080,0.0188811452,0.0200953812,0.0145838186,-0.0150287647,0.0013947896,-0.0097982600,0.0130017455,0.0152394009,0.0139147150,-0.0170045584,0.0001523512,-0.0191909756,-0.0129884101,-0.0062872830,-0.0039603157,-0.0132522866,-0.0127058876,0.0006015051,-0.0170307189,0.0183278538,-0.0055795754,-0.0118045950,0.0102358247,0.0044677036,0.0142900013,0.0023588098,-0.0027258375,0.0230579981,-0.0074221001,0.0220969752
69.0000000000,-0.0072194140,-0.0159672404,0.0006216714,0.0019688511,0.0048549797,-0.0178608997,-0.0091153687,0.0115676434,-0.0019945739,-0.0211802471,0.0026834111,-0.0105118811,-0.0008841372,0.0133657949,0.0029815645,0.0010926785,-0.0180181554,0.0025882376,0.0056252654,0.0096145763,-0.0198303127,0.0097732582,-0.0092149452,-0.0007631836,0.0176868910,0.0117045663,0.0062104157,-0.0109414574,-0.0132180217,-0.0128779044,0.0082276258,-0.0012159942,0.0080702950,0.0087529033,-0.0079455717,-0.0139907158,-0.0010316312,0.0040785572,-0.0185444225,-0.0044554042,0.0141180346,0.0015796357,0.0050970606,-0.0077197790,-0.0059760065,-0.0073596246,-0.0204122955,0.0045752912,-0.0037470168,0.0099401111,0.0021692849,0.0112958391,-0.0149746260,-0.0164608282,-0.0160438053,0.0206506665,0.0128036695,0.0118264767,-0.0142389545,-0.0091214606,0.0029855004,0.0071089697,0.0095965293
70.0000000000,0.0061537013,0.0020628447,0.0077580376,0.0066017696,0.0233694532,0.0186257897,-0.0222973451,0.0375053429,-0.0189817051,-0.0100206448,0.0073573096,-0.0104782935,-0.0284656891,-0.0114707782,-0.0092473622,-0.0281171528,-0.0010575032,-0.0207160772,-0.0149437467,-0.0010059622,0.0067374902,-0.0095182712,-0.0106933413,0.0128554538,0.0176323335,-0.0195490361,-0.0039607728,-0.0075436199,-0.0137344450,0.0218098864,0.0228773445,0.0148936574,0.0370268014,0.0243277218,0.0036795218,0.0107251127,0.0120461623,0.0055804965,-0.0004163864,-0.0109802481,0.0297146133,-0.0092110228,-0.0359383997,-0.0050532485,-0.0107387165,0.0017256556,-0.0179667709,0.0129177681,-0.0059536021,0.0173932329,0.0005941541,0.0097120693,0.0088118081,0.0111471298,0.0187249884,0.0106783968,-0.0089897815,-0.0034730477,-0.0161365945,0.0211570518,0.0222303465,-0.0040098100,0.0229639573
71.0000000000,-0.0071408919,-0.0017112112,-0.0184629637,-0.0171014266,0.0158848579,0.0220662904,-0.0097776056,-0.0085501294,-0.0048529764,-0.0131362159,0.0106552155,-0.0132656751,-0.0118160220,0.0078280881,0.0070171894,0.0037765278,-0.0006772358,0.0050576201,-0.0069137669,-0.0018602769,0.0055106844,0.0053784476,-0.0002910217,0.0174618559,-0.0017360129,-0.0121768855,0.0256714901,-0.0266261702,-0.0085359898,0.0125590053,0.0051682480,-0.0223139585,0.0053905703,0.0144144678,0.0071354029,-0.0139037703,0.0163482747,0.0240598418,-0.0244253930,-0.0126861559,0.0061895083,-0.0114060260,-0.0138766555,0.0054964593,-0.0067068808,0.0041203333,-0.0137540776,-0.0105216315,-0.0013681075,0.0157145790,0.0081453535,0.0025546975,0.0145054740,0.0024809975,-0.0291371795,-0.0083730618,-0.0097705067,0.0168550877,-0.0069468099,-0.0031294645,0.0027458200,0.0044138857,0.0035356786
72.0000000000,-0.0256895596,-0.0154013240,0.0025438360,0.0056621275,0.0286030571,0.0377474161,-0.0265404942,0.0028883686,-0.0146536746,-0.0005436488,0.0080866339,-0.0260951047,-0.0092146259,-0.0002392339,0.0085356649,-0.0165166297,-0.0095163134,-0.0169327698,-0.0281442930,0.0159081535,0.0036660993,0.0045905067,-0.0385906069,-0.0156186764,0.0134362029,-0.0097061407,-0.0033541452,-0.0288435486,-0.0155427255,-0.0199971155,-0.0040597546,0.0130720395,0.0079460074,0.0149423666,0.0081947816,0.0076129442,-0.0123986756,0.0159556256,-0.0020783438,-0.0115641583,0.0067822912,0.0081827616,-0.0218430931,0.0124250964,-0.0242953460,-0.0141028740,-0.0317278470,0.0040687956,-0.0307771092,0.0183360121,0.0116683724,-0.0283481673,0.0169371004,0.0122491807,-0.0332650038,0.0072830147,0.0087228444,-0.0060285685,-0.0034102017,0.0063903783,0.0114026064,-0.0098944560,0.0119608366
73.0000000000,-0.0092826744,0.0253239940,0.0086854509,0.0299299907,-0.0080576872,0.0191155275,0.0170585315,0.0051996711,-0.0042029705,-0.0079064584,-0.0048112507,-0.0018532781,-0.0034372488,-0.0072516825,-0.0133735125,-0.0095011933,-0.0024706830,-0.0110410987,0.0099001494,0.0160024770,-0.0186628308,0.0226900438,-0.0119578528,-0.0115981191,0.0251510937,-0.0415926324,-0.0030732608,-0.0004838897,-0.0442563379,-0.0009001635,-0.0107015951,-0.0195167038,0.0168554259,-0.0016497946,-0.0149476256,0.0046027199,0.0066539889,0.0154343859,-0.0012519388,-0.0034628511,-0.0016604609,-0.0135121075,-0.0306923432,0.0231278723,-0.0203530883,-0.0229862576,-0.0081471511,0.0025794025,-0.0123332949,-0.0133456121,-0.0047066328,-0.0011999824,-0.0034469297,-0.0013455116,-0.0428369408,0.0031945594,-0.0055461200,-0.0083525117,0.0027961667,0.0158224926,-0.0004374459,0.0117833102,-0.0160065569
74.0000000000,0.0009675898,0.0183678883,-0.0089589101,0.0176238431,-0.0118514421,0.0106083480,0.0009748677,0.0028933908,-0.0117445471,0.0033965120,-0.0078673756,-0.0050744804,0.0015156689,-0.0097919663,0.0000027563,-0.0055801609,-0.0092348950,-0.0051179189,-0.0167562387,0.0192774564,-0.0014457576,0.0055159265,-0.0279642443,0.0081494991,0.0268137021,-0.0228846175,-0.0137836981,0.0001439967,-0.0042922726,-0.0074341825,0.0065368700,0.0187553812,0.0178047088,0.0107010849,-0.0074718213,0.0055522434,0.0018518902,0.0172336232,-0.0015821064,-0.0115009782,0.0200327876,-0.0029162433,-0.0060085478,-0.0138741065,0.0066320859,-0.0184507553,-0.0303780997,0.0040686374,0.0041284924,0.0056520252,0.0097718844,-0.0121592741,0.0047736601,0.0124087262,-0.0156670193,0.0270782049,0.0168040971,0.0129576837,-0.0041666915,0.0056265169,0.0125827720,-0.0132873160,0.0240842313
75.0000000000,-0.0159052404,0.0032131102,-0.0278068338,0.0055050585,0.0000590449,0.0175334446,0.0038123222,0.0033508231,-0.0030275420,-0.0000432409,0.0014646876,-0.0071842037,-0.0047834961,-0.0148909012,-0.0019669533,-0.0245510811,-0.0185513078,-0.0130372150,-0.0130026192,0.0187095407,-0.0107287338,0.0183150180,-0.0108758109,-0.0059517080,-0.0003916828,-0.0084341562,0.0372812988,-0.0194190447,-0.0251984614,0.0066645839,0.0139259131,-0.0050127150,0.0169028881,0.0130055156,0.0194416026,0.0052413002,-0.0078081625,0.0352014012,-0.0195388933,0.0031192476,0.0011304216,-0.0089929787,-0.0086384091,-0.0123015626,-0.0164547529,-0.0175448051,-0.0468456694,0.0012625681,0.0060339190,0.0085997939,0.0186862147,-0.0198476903,0.0077804399,0.0085911128,-0.0387942165,-0.0045842117,-0.0379169819,-0.0301199054,-0.0195552282,0.0213087409,-0.0115798253,0.0010330822,0.0072100301
76.0000000000,0.0064641890,-0.0044580242,0.0040782584,0.0006716474,0.0150571799,0.0131144647,0.0035916317,-0.0054065151,-0.0011045869,-0.0041132083,-0.0080247578,0.0117922134,-0.0094716894,-0.0102359194,-0.0056843576,0.0089479774,-0.0073392048,-0.0277004098,-0.0030649709,0.0048393234,0.0029473357,-0.0058071103,-0.0080207143,0.0118595079,-0.0052511275,-0.0074652483,0.0269946297,-0.0007349386,0.0099615801,0.0188369378,0.0096693231,0.0013697814,0.0122099172,0.0112381901,-0.0223591987,-0.0122461871,-0.0003744486,0.0114097463,-0.0206237607,0.0103553086,0.0017543749,0.0191073951,-0.0006659391,0.0069691843,-0.0063499479,-0.0049103799,-0.0180170278,0.0285456688,-0.0056206531,0.0009082757,0.0203759120,0.0071043261,0.0150159960,0.0051129179,-0.0020979661,0.0234273018,-0.0042019990,0.0129491866,-0.0156183912,-0.0060605228,-0.0019718331,0.0193807580,0.0062211996
77.0000000000,-0.0252986271,0.0010129540,-0.0018500213,0.0004661896,0.0019176116,0.0009185581,-0.0016689016,-0.0153543493,0.0023866365,0.0026149066,-0.0162122375,0.0013335302,-0.0162816464,-0.0126428789,-0.0287989073,-0.0114474976,-0.0204322796,-0.0097216586,-0.0280114423,0.0216951400,-0.0003779588,0.0115563439,-0.0211816575,0.0141091621,0.0159570115,-0.0222134059,0.0201970226,0.0005254949,-0.0193444157,-0.0060288264,0.0164552381,0.0002078699,-0.0213342390,0.0115085699,0.0323953343,-0.0131599144,0.0045303704,0.0111901290,-0.0089777547,-0.0147323363,-0.0035857991,-0.0089794295,-0.0086949982,-0.0046929114,-0.0086357590,0.0042681132,-0.0261642307,0.0085478000,-0.0114540996,0.0110493173,-0.0091396815,0.0237059066,0.0115154991,-0.0178549993,-0.0180022076,0.0032246618,0.0033415282,-0.0129024279,-0.0076860934,-0.0134205835,-0.0048243392,-0.0026197948,0.0162660875
78.0000000000,0.0012264647,0.0090293496,-0.0093349217,0.0067669370,0.0187975791,0.0227271074,0.0105382510,0.0168700227,0.0016142887,-0.0050922168,-0.0161710679,0.0046006397,-0.0340029065,0.0082991722,0.0034191002,-0.0217194820,-0.0033163941,-0.0141818175,-0.0197845849,-0.0157077899,0.0023929811,-0.0081620387,-0.0314540456,0.0197654065,0.0208354962,-0.0214913673,-0.0032258052,-0.0106668896,0.0010434683,0.0109867878,0.0052961987,-0.0090598403,0.0074568883,0.0184747909,0.0140085550,-0.0107943021,0.0000509645,0.0157302831,-0.0025197862,0.0080859558,-0.0006164641,0.0169509446,-0.0185026341,-0.0231760481,-0.0104006406,-0.0217870264,-0.0227129583,-0.0003066939,-0.0261069512,0.0148420826,0.0153331995,-0.0106978929,0.0021473046,-0.0075917580,-0.0214743653,0.0142251204,-0.0112189418,-0.0054771805,-0.0207928423,-0.0086953407,0.0198450991,-0.0271701574,0.0219260279
79.0000000000,-0.0106784073,0.0159732730,-0.0026568681,0.0044584761,0.0136834547,0.0143713693,-0.0260233112,-0.0037412307,-0.0072836193,-0.0005677409,0.0064084603,-0.0097016891,-0.0099430090,0.0021108331,0.0036171571,-0.0195211795,-0.0135101433,-0.0226983939,-0.0114611857,0.0014871884,-0.0200078871,0.0166553659,-0.0065148863,-0.0078356937,-0.0016442837,-0.0185940268,0.0021552449,0.0134501574,-0.0009807486,-0.0119937032,-0.0034333876,-0.0130365296,-0.0005352867,-0.0012572436,0.0066882365,-0.0012284242,0.0198245779,0.0074526513,-0.0244154392,-0.0119041940,0.0068406240,-0.0024619165,-0.0174875126,-0.0165078169,0.0001502711,-0.0294538987,-0.0195419077,-0.0011365288,-0.0079182005,-0.0181138528,0.0021116543,0.0027424462,-0.0142088295,0.0186351266,-0.0074469181,-0.0062449324,0.0402381968,-0.0038118262,-0.0167807753,0.0145128811,-0.0199716459,-0.0075393867,0.0144837576
80.0000000000,-0.0046617598,0.0023387528,-0.0178781347,-0.0152780713,-0.0201992825,0.0348983000,-0.0114968454,0.0151514666,-0.0049706231,0.0132171656,0.0047066475,-0.0104793718,-0.0085140233,-0.0166352634,-0.0157366568,-0.0439043748,-0.0009885027,-0.0056805679,-0.0428224552,0.0106600541,-0.0147807857,0.0046143306,-0.0140840440,-0.0088013744,-0.0040197151,-0.0070035233,0.0289422552,-0.0087613927,-0.0373416669,-0.0163746264,0.0113036524,-0.0233512528,-0.0017065376,-0.0129029174,0.0092955496,0.0109778966,-0.0191764912,0.0229288606,-0.0017305848,-0.0037966229,-0.0043334517,0.0158061789,-0.0293407373,0.0004523195,-0.0003410033,-0.0037439670,-0.0391068965,0.0120187346,-0.0250399148,0.0125095158,-0.0024687172,0.0135034020,0.0006373992,0.0139146609,-0.0231604773,0.0079226051,0.0108066012,0.0028686836,-0.0021345071,0.0246366463,-0.0067574647,0.0195363879,0.0088716909
81.0000000000,-0.0021396165,0.0004030077,0.0059357479,0.0095874201,-0.0280258925,0.0203769927,-0.0152869772,0.0238415124,-0.0115529331,-0.0002926588,0.0213584603,-0.0143904756,-0.0157087303,-0.0038941387,0.0070278233,-0.0097079607,-0.0097703090,-0.0018247794,-0.0201624215,0.0226973816,0.0049105289,0.0012803396,-0.0085283676,-0.0016696069,0.0097109211,-0.0276318061,0.0134410182,-0.0330093184,-0.0091973275,0.0296650607,-0.0162991365,-0.0175253628,0.0147855379,0.0058571960,-0.0077432467,-0.0046133350,-0.0022002207,-0.0031324476,-0.0201000769,-0.0051538159,0.0187656123,-0.0254379578,-0.0137352943,-0.0067869901,-0.0078478594,-0.0085393690,-0.0303813803,0.0057057953,-0.0327375197,0.0056551331,0.0004518182,0.0039659557,0.0179147716,0.0015506588,-0.0085038247,-0.0118419865,-0.0029542565,-0.0056258230,-0.0156227688,0.0212317369,-0.0084149037,-0.0064359282,0.0126087165
82.0000000000,-0.0071872526,0.0150452350,0.0024024078,-0.0083215662,0.0008614111,0.0057251503,-0.0025241952,0.0056756904,0.0117027052,-0.0127202304,0.0065158732,-0.0019171294,-0.0114761517,-0.0272839228,0.0164366830,-0.0150681508,0.0069200966,-0.0187206567,-0.0009230380,0.0199982501,0.0223480771,0.0016064227,-0.0142853150,-0.0233442598,0.0238680332,-0.0024463096,0.0095381943,-0.0047677264,-0.0129326375,-0.0216843551,-0.0072809946,0.0023204882,0.0223322436,0.0157523821,0.0258813426,0.0094149393,0.0034632831,0.0312247127,0.0016593423,0.0068678397,-0.0042902993,0.0237097402,-0.0320562880,-0.0124657204,-0.0074176039,-0.0056951358,-0.0313974698,0.0090858261,-0.0141550284,-0.0004327501,0.0021900854,0.0003347432,0.0101908404,-0.0237260986,-0.0301242403,-0.0202558387,0.0007853165,-0.0046678066,-0.0115843895,0.0039911130,0.0046517051,-0.0014186277,0.0095926139
83.0000000000,-0.0093376155,0.0111239849,-0.0075969982,0.0026018573,-0.0063363328,0.0239507781,-0.0225801156,0.0009413974,-0.0049446985,-0.0138573185,-0.0013415583,-0.0121074698,-0.0106306130,-0.0029808241,-0.0207051098,-0.0321158254,-0.0188812479,-0.0336773961,-0.0373977360,0.0231936861,0.0140256728,0.0034231538,-0.0293246964,0.0231271105,0.0033078455,-0.0230843527,-0.0108824052,-0.0236165930,-0.0353475313,0.0045900763,0.0006572920,-0.0080003279,0.0037169525,0.0324610533,0.0137998124,0.0076096754,0.0052984564,0.0160723080,0.0105317936,0.0052529868,0.0037737068,-0.0016329457,-0.0177899003,-0.0088352658,-0.0124165871,-0.0155626355,-0.0111884511,-0.0126236369,-0.0089128269,-0.0162468677,-0.0040965340,0.0224840013,0.0036952098,-0.0066890028,-0.0170147512,-0.0187525866,-0.0006516126,-0.0132456424,-0.0084375910,-0.0204056747,-0.0264140318,0.0298143151,0.0260882965
84.0000000000,-0.0095481535,0.0022979103,-0.0057826843,-0.0057717491,0.0153834944,0.0230174400,-0.0251498063,0.0085454352,-0.0139877913,0.0188611385,0.0058235291,-0.0148638435,-0.0112621164,-0.0144343101,-0.0081531773,-0.0184129279,0.0074055369,-0.0081615356,-0.0467748804,0.0375352121,-0.0157296698,0.0245996784,-0.0352096385,0.0212776418,0.0039025964,-0.0382812770,0.0014222414,-0.0300764116,-0.0051183445,0.0052036318,0.0032477201,-0.0266142827,0.0157075419,0.0025543045,0.0211443262,0.0151451885,0.0214786177,0.0251540442,-0.0023234075,-0.0071479211,0.0252074019,0.0134995835,-0.0053424426,-0.0147040991,0.0066753226,-0.0226095001,-0.0234263047,-0.0045994423,-0.0305764812,0.0116231259,0.0214703224,0.0042652816,0.0114159861,0.0052507947,-0.0303672357,-0.0379413031,-0.0093308744,-0.0188775890,-0.0108160886,0.0244654395,-0.0074632930,0.0086414839,0.0209707088
85.0000000000,-0.0187593100,0.0223655966,0.0011821339,-0.0011338353,0.0014602547,0.0138786185,-0.0277700062,0.0105193353,0.0006407464,-0.0068345772,-0.0014365929,-0.0049369757,-0.0186164127,-0.0168220319,-0.0106888577,-0.0199736600,0.0010029040,-0.0116225152,-0.0210980536,0.0121350977,-0.0015440386,-0.0031645743,-0.0303481568,0.0067771426,0.0047869216,0.0117241685,-0.0020683626,-0.0092652350,-0.0292705273,-0.0012679174,-0.0258834932,-0.0148326600,-0.0122036345,0.0303391127,-0.0017939013,-0.0045511492,0.0180778494,0.0103769528,-0.0043461172,0.0081220452,0.0193204363,-0.0115510029,-0.0400659549,-0.0021466780,0.0000860580,-0.0279551474,-0.0360476805,0.0152042384,0.0000767501,-0.0028753676,0.0127211805,-0.0102492848,0.0208297770,0.0063003874,-0.0007821493,0.0427648096,-0.0050279244,-0.0079258658,0.0049263211,0.0060794808,0.0049834316,-0.0071372695,0.0005214362
86.0000000000,-0.0037955623,0.0064808015,0.0097276039,0.0176125247,-0.0082143962,0.0221048652,0.0059953498,-0.0025814491,-0.0102242886,0.0271806585,0.0034563730,0.0179405079,-0.0214724411,-0.0017578813,0.0151239002,0.0042734821,0.0182186799,-0.0092255894,-0.0236243167,0.0417451234,0.0037696788,0.0028191476,-0.0280650987,0.0158331263,0.0147808451,-0.0043479007,0.0078727661,0.0108196421,0.0049826601,0.0082633895,-0.0105396698,-0.0140227059,0.0054947688,0.0147889121,0.0005266457,-0.0120427044,-0.0004553865,0.0127441290,-0.0157290660,-0.0108068108,-0.0037572546,0.0127294121,-0.0160222534,-0.0120447617,-0.0118672126,0.0003998547,-0.0363927459,0.0012190777,-0.0030557887,-0.0047223681,0.0143799338,0.0054459922,0.0072347116,0.0147741398,-0.0121480407,0.0075298982,-0.0155377804,-0.0083696897,0.0105420889,-0.0123532885,-0.0034337128,0.0267248385,0.0249335140
87.0000000000,-0.0122607129,0.0146584826,-0.0124511011,0.0048975194,-0.0184457380,-0.0080885802,0.0033382824,0.0059991709,0.0028896359,-0.0142552320,0.0032959395,-0.0019000383,-0.0180018578,-0.0019216190,0.0073037046,-0.0074424796,-0.0076092456,0.0039765690,-0.0264342361,0.0016928245,0.0088642785,0.0027151418,0.0062527625,-0.0045969772,0.0134669263,-0.0165327199,0.0072696094,-0.0101460115,-0.0026987790,-0.0002648857,-0.0090739347,0.0047034653,-0.0042511909,0.0052108426,-0.0018051550,0.0175550695,0.0034786396,0.0206457882,-0.0240726311,-0.0041722754,0.0116830913,-0.0036072754,-0.0256713388,0.0090203960,-0.0103476385,-0.0127885916,-0.0055712700,0.0123586178,-0.0034417093,0.0093887161,-0.0078996770,-0.0061806385,-0.0000565367,0.0043700828,-0.0273278337,0.0034667829,0.0063785473,-0.0046770817,0.0032040880,-0.0043390792,0.0091483021,-0.0003662384,-0.0082867921
88.0000000000,0.0051138151,0.0188019859,0.0091059991,0.0085546582,0.0027003847,0.0025372525,-0.0089230969,0.0213866385,-0.0027255346,0.0149858081,0.0218441926,0.0049786507,0.0013442807,-0.0025188868,-0.0150157086,-0.0086492605,-0.0024491403,0.0070865330,-0.0231007503,0.0015354039,-0.0089227925,-0.0007425012,-0.0267501185,-0.0213739079,0.0006830728,-0.0072006059,0.0090267409,-0.0082680836,-0.0130708935,0.0132069661,0.0086249507,-0.0150250165,-0.0073423812,0.0031061604,0.0053047250,-0.0177089434,-0.0028808816,0.0098205383,-0.0153541845,0.0007029440,0.0101447496,0.0106410570,-0.0012212263,-0.0115101791,-0.0165116763,-0.0051390884,-0.0076226460,0.0064122079,-0.0005114012,0.0094180732,0.0182040774,0.0041963385,0.0080906659,0.0105119622,-0.0262383421,0.0122825817,-0.0164346451,0.0008336204,-0.0022157009,0.0243395250,0.0083736824,-0.0002217637,0.0190805318
89.0000000000,-0.0261016198,0.0063565805,0.0075316904,0.0047837241,0.0224362795,0.0407679595,-0.0171642921,0.0002909433,-0.0021567443,-0.0016158984,-0.0138827759,-0.0080328905,-0.0047949346,-0.0182529998,-0.0084206417,0.0046724635,0.0036250296,-0.0040995298,-0.0204241901,0.0230372781,-0.0031252700,-0.0115053643,-0.0246189150,0.0202212764,0.0115437795,-0.0291859620,0.0004096149,-0.0077582427,-0.0375914577,-0.0249966322,0.0060088432,-0.0295619294,0.0368315268,0.0290375858,0.0206220006,-0.0067255701,0.0048299232,0.0056718557,-0.0153542286,0.0181336116,0.0086353822,-0.0088415937,-0.0318321531,-0.0239912650,-0.0194850119,-0.0190269080,-0.0226874570,-0.0089687339,-0.0080687305,0.0059968436,0.0331780931,-0.0077666476,-0.0055221012,-0.0024864326,-0.0198442773,0.0165453324,-0.0154948065,0.0080986509,-0.0286343542,0.0184516523,-0.0194954457,-0.0013060985,0.0107989420
90.0000000000,-0.0199181597,0.0029409460,0.0130139453,0.0442840963,-0.0009666447,0.0111721370,0.0085478100,0.0247460485,-0.0028757400,-0.0098667783,0.0269009435,-0.0193457315,-0.0029769466,0.0021889592,-0.0012419465,-0.0077321243,0.0104155888,-0.0057434123,-0.0171843223,0.0023032671,0.0071744036,0.0072041852,-0.0229321532,0.0133128050,0.0255686443,-0.0160314718,0.0146820341,-0.0281133800,-0.0271327878,-0.0035384705,0.0075960555,0.0222807191,0.0200084403,0.0149140659,0.0130195551,-0.0167297906,0.0015314790,0.0357299262,-0.0040187712,0.0048465017,0.0020326999,0.0126174861,-0.0088711427,-0.0036854408,-0.0180622834,0.0057683732,-0.0277776558,0.0023347269,-0.0186028781,0.0035304375,-0.0056834313,-0.0053116579,0.0027277431,0.0080793267,-0.0217064829,0.0134950484,-0.0307688997,0.0035782489,-0.0016833822,0.0243617601,0.0056128299,0.0015797053,0.0077658416
91.0000000000,-0.0157260045,0.0318875354,0.0013450520,0.0230000963,0.0021450095,0.0207991077,-0.0037454986,0.0126038129,-0.0027691526,0.0104759019,-0.0076189969,-0.0056713089,-0.0193202135,-0.0140450351,0.0032287491,-0.0135730596,-0.0131696792,0.0197503261,-0.0222005018,0.0080417005,0.0143862456,0.0154207511,-0.0138173134,-0.0043999194,0.0110173261,0.0021699927,-0.0081929134,-0.0185375476,0.0038958278,0.0050805551,0.0061832357,0.0078695592,0.0056093623,0.0366354287,0.0072133575,0.0206600959,-0.0014897672,-0.0030139055,-0.0188373649,0.0098138511,0.0006368457,0.0046709209,-0.0047554342,-0.0059513636,-0.0061175608,-0.0186848332,-0.0335703528,0.0077096931,-0.0067880720,-0.0006791243,-0.0097366276,0.0177287950,0.0165501304,0.0160096933,-0.0227304000,0.0093982921,0.0030286317,0.0065669082,-0.0190803452,-0.0085772876,-0.0092615003,0.0112046858,-0.0099841117
92.0000000000,-0.0078878165,0.0163342971,-0.0338522829,-0.0017773053,-0.0092230878,0.0255374334,-0.0147123611,0.0101011165,0.0057007845,0.0068771761,0.0151752816,-0.0175512919,-0.0156544926,0.0135469959,0.0041884698,-0.0135253813,0.0136755537,0.0000106611,-0.0263631811,-0.0041318330,-0.0083456941,0.0033759780,0.0134461105,-0.0019679575,0.0183773939,-0.0042456211,0.0086271358,-0.0044359684,-0.0045825844,0.0062837401,-0.0029295784,-0.0048500124,0.0069394210,0.0056139604,-0.0067600789,-0.0025294637,0.0364593771,0.0459829321,0.0118944936,0.0111756747,0.0165790119,-0.0081057979,-0.0146617708,0.0093836436,-0.0017984170,-0.0122602798,-0.0384820887,-0.0125150438,-0.0091898814,0.0089699301,0.0129928620,-0.0082517759,0.0022073760,0.0018425643,-0.0164042051,-0.0032230382,-0.0024116456,-0.0140674849,-0.0099791860,0.0132600269,-0.0170703428,0.0050015412,0.0157593417
93.0000000000,-0.0008465674,-0.0050800231,-0.0161390106,0.0084488966,0.0070075480,0.0107685112,-0.0183947366,0.0172867530,0.0124193111,0.0002508142,-0.0031017178,0.0053574556,-0.0048410420,-0.0230884596,0.0155916550,-0.0270430378,-0.0162875921,-0.0070472566,0.0131416901,0.0057577285,0.0023055127,-0.0010572052,-0.0297088577,0.0099451502,0.0223261981,-0.0214970647,0.0039975213,-0.0151730238,-0.0119482129,-0.0002599407,0.0180126645,0.0126114550,-0.0018066443,0.0161506085,0.0039557542,-0.0118134246,0.0101753298,-0.0085063239,-0.0179326860,0.0049854826,0.0201006851,0.0107650715,-0.0092358631,0.0013076286,0.0172057871,-0.0234395694,-0.0089082271,0.0036321441,-0.0075866712,0.0108478107,0.0132181141,-0.0049578820,-0.0163631848,0.0230982123,-0.0157719374,-0.0012795332,-0.0230360448,-0.0000898650,-0.0121983193,-0.0154781764,-0.0264120794,0.0085094251,0.0026100675
94.0000000000,-0.0103740138,-0.0253142915,-0.0121734142,0.0105548558,-0.0096274199,0.0281011340,0.0132176089,0.0059844364,-0.0139698580,-0.0122400609,0.0191488346,-0.0058751016,-0.0340057202,0.0038181778,0.0141449089,-0.0261003045,-0.0038435304,-0.0027196457,-0.0335032376,0.0060055831,-0.0020913789,-0.0049534558,-0.0151537206,0.0055761008,0.0296921164,-0.0091750904,0.0091620502,-0.0219444934,0.0017630491,0.0001592690,0.0101030623,-0.0110616564,0.0077446616,0.0033785029,0.0237656062,-0.0006085953,0.0107026026,0.0079882288,-0.0255548537,0.0092396681,0.0065244996,-0.0049651733,-0.0009804572,-0.0129822384,-0.0146289169,-0.0182735661,-0.0103255578,0.0097866487,-0.0087702088,-0.0145280954,0.0187672617,-0.0130625714,0.0170744957,0.0079002937,-0.0315845969,-0.0210012209,-0.0117035573,-0.0020818286,-0.0069944285,-0.0033686034,-0.0044014715,0.0255837090,0.0077521105
95.0000000000,-0.0205298940,0.0008570639,-0.0067637569,-0.0002671348,0.0203082966,0.0148906015,-0.0145888394,0.0110532291,-0.0053659165,0.0053705372,0.0029205700,-0.0018233430,-0.0152800045,-0.0149214454,0.0030450915,-0.0456660683,-0.0189109184,-0.0206888719,-0.0228564262,0.0108954627,0.0009430565,0.0123314918,-0.0331667216,-0.0006784718,0.0017128384,-0.0050482628,-0.0094572193,-0.0031243711,-0.0259330894,-0.0089521655,-0.0012173474,-0.0169591074,0.0066789201,0.0181368601,0.0194326727,-0.0183321301,-0.0120849039,0.0312562874,-0.0077915946,-0.0118091459,0.0206588009,0.0123449686,0.0128013042,-0.0141852303,-0.0073748091,-0.0077824409,-0.0310059927,0.0037622089,-0.0206061490,0.0101965752,-0.0027041110,-0.0197132556,0.0153396817,0.0027983789,-0.0241590572,0.0126119604,-0.0230276033,-0.0085595654,-0.0063786305,0.0177965405,0.0003372127,0.0279638158,0.0038271788
96.0000000000,-0.0199072006,0.0137470205,-0.0283967998,0.0075422287,0.0137454891,0.0129717218,0.0052314012,0.0111474175,-0.0162143410,0.0098739800,0.0039028303,-0.0082151520,-0.0098854458,-0.0194190121,-0.0226022988,-0.0171272472,0.0084066495,-0.0096597334,-0.0233241250,0.0063486012,0.0066794881,-0.0041525027,-0.0243506900,0.0030468480,0.0092424763,-0.0180753886,0.0277888008,-0.0067333190,-0.0125961023,-0.0006886736,0.0107136809,-0.0312050552,-0.0068215829,0.0096950972,0.0194513656,-0.0185267519,0.0031224810,0.0083491524,-0.0099741121,0.0205413733,0.0073601036,-0.0124751219,-0.0046889945,-0.0280986232,-0.0183912131,0.0060270039,-0.0378356606,0.0228628149,-0.0366283529,0.0110222286,-0.0085703435,-0.0107218655,0.0023378617,-0.0021079515,-0.0245085614,-0.0182118841,-0.0406652865,0.0061369719,-0.0285003697,-0.0013479413,-0.0002447316,-0.0093206695,0.0232677381
97.0000000000,-0.0008717456,0.0032499797,-0.0089264816,0.0049652302,-0.0099807579,0.0084179117,-0.0051716130,0.0029023725,-0.0031939900,-0.0132539213,-0.0131251538,-0.0277842377,-0.0109569603,-0.0120707448,-0.0020900304,-0.0174537879,-0.0153904933,0.0100061926,-0.0200482546,-0.0080793859,0.0085815860,0.0041653495,-0.0110303606,-0.0027887153,0.0053601732,-0.0120534976,0.0016456158,-0.0093377554,-0.0115623704,0.0044253660,-0.0084274742,-0.0108092852,0.0140218924,0.0050897314,-0.0054752553,0.0189147203,-0.0092791721,0.0181809776,-0.0179888987,0.0002601621,0.0029906195,-0.0056135362,-0.0224065222,0.0236753165,-0.0100420146,-0.0085396672,-0.0293136521,0.0196114088,-0.0325654164,0.0343672932,-0.0047143214,0.0221187378,-0.0050429320,0.0162986918,-0.0104898789,0.0070529957,-0.0151674642,-0.0107434101,-0.0168001395,0.0016511556,-0.0139722537,-0.0057014209,-0.0111598277
98.0000000000,-0.0244426393,-0.0251143393,-0.0173446672,0.0199114429,0.0069085607,0.0200635706,-0.0171637897,-0.0090739974,0.0083122565,0.0049684458,-0.0258272917,0.0064769840,0.0073392148,-0.0141195068,0.0017571557,-0.0099464218,-0.0341996199,-0.0045951539,-0.0108448476,0.0029091701,-0.0068880723,-0.0044767881,-0.0224702289,-0.0048596796,0.0186577609,-0.0055935559,0.0049280116,-0.0145894959,-0.0031656759,-0.0049720424,-0.0025075737,-0.0185866008,0.0206066532,0.0170154423,-0.0097198645,0.0081586222,0.0062478254,-0.0091944610,-0.0275185924,0.0154619812,0.0104417056,0.0176521924,-0.0100614139,-0.0145223476,-0.0123723914,-0.0121688464,-0.0111131351,-0.0085906140,-0.0117353719,-0.0118539419,-0.0122567342,0.0075817021,-0.0011441006,0.0045838662,-0.0000973386,0.0181420577,-0.0024488390,-0.0117694467,-0.0123238651,0.0010704831,0.0089032032,0.0049288243,0.0228561681
99.0000000000,-0.0030685308,0.0005037067,-0.0308406890,0.0022774482,-0.0211297111,-0.0111869233,-0.0108537580,0.0156004314,0.0018498810,0.0167390827,0.0007463597,-0.0146870427,0.0094100740,-0.0061776838,0.0001663531,-0.0008262748,-0.0223447053,-0.0345368814,-0.0181108344,0.0058194699,-0.0069896716,0.0147654289,-0.0196007161,-0.0047319458,0.0083704055,-0.0237582479,0.0036782735,-0.0157311702,-0.0021927834,0.0063036806,0.0161976857,0.0032364163,0.0106902750,0.0024112688,0.0202451571,0.0163478704,0.0163129283,0.0298827042,-0.0152740068,-0.0193449286,-0.0040803435,-0.0090286547,-0.0268970372,-0.0010490258,0.0086847483,0.0035997015,-0.0243119276,-0.0121045907,-0.0102567105,0.0009449740,0.0039454780,-0.0029248073,0.0034560061,0.0020025702,-0.0225246010,-0.0100788667,-0.0206640018,0.0041575460,-0.0046565798,-0.0022068938,-0.0050751812,0.0156011552,0.0067306552
100.0000000000,-0.0091653133,0.0001867291,-0.0043870594,0.0145100428,0.0261781824,0.0181913608,-0.0001099035,-0.0005865055,-0.0229281608,-0.0005326460,0.0080719930,0.0023133998,-0.0063594085,-0.0056203083,0.0236493049,-0.0057787430,-0.0186052874,-0.0241820977,-0.0309976710,0.0186406722,0.0009545819,0.0001411884,-0.0285224152,-0.0014933411,0.0029106263,-0.0100891316,0.0149909982,-0.0266911864,-0.0027569101,0.0198788516,0.0058901738,-0.0112336238,0.0043096805,-0.0001431512,-0.0093014967,-0.0095341813,0.0154022477,0.0048140237,-0.0289399113,-0.0126185384,-0.0041206761,-0.0262375046,-0.0120706165,0.0066001045,-0.0075460577,-0.0005420546,-0.0232870503,0.0081225794,-0.0166149815,0.0180592587,0.0093566041,-0.0213801900,0.0145444692,-0.0014599350,-0.0107401861,0.0045623876,-0.0357178005,0.0004312504,-0.0128971963,-0.0112763606,0.0120075947,-0.0091625587,0.0156721232
101.0000000000,-0.0262328412,0.0100369060,-0.0133622215,0.0121556129,-0.0050373646,0.0076761257,-0.0034344595,-0.0049675444,-0.0095610519,-0.0098074002,-0.0170543103,-0.0054695562,0.0067092038,-0.0151337800,-0.0076759540,-0.0359106950,-0.0061665574,-0.0092910106,-0.0253089053,-0.0027981548,0.0064876034,-0.0117330443,-0.0146687913,0.0116967985,0.0026070923,-0.0057699063,0.0058655035,-0.0113739871,-0.0073521165,0.0226831055,-0.0107595309,-0.0118293498,0.0033358136,0.0366857295,0.0063792893,-0.0074845993,0.0125633388,0.0159095457,-0.0231992027,0.0092671322,0.0262572992,-0.0070734230,-0.0109232651,0.0031906870,-0.0155551599,-0.0159137436,-0.0224042947,-0.0107166074,-0.0043693786,-0.0076819934,0.0133940848,0.0090734938,-0.0123052051,0.0021862452,-0.0016595165,0.0082907739,-0.0239578282,-0.0079370483,-0.0201397378,0.0011489575,-0.0301993325,0.0123426299,0.0184559339
102.0000000000,-0.0140305940,0.0306577471,-0.0059858101,-0.0045989182,0.0021430107,0.0156933396,-0.0034869484,-0.0158604270,-0.0153004666,0.0164948558,0.0054930793,-0.0033055230,-0.0124892074,-0.0108596050,-0.0142993442,-0.0109033067,0.0183675145,0.0010178053,-0.0098585839,0.0125318867,-0.0051489719,0.0025773137,-0.0139180833,-0.0016715690,-0.0038627759,-0.0098511286,0.0135366450,-0.0007077760,-0.0066076089,-0.0058381629,-0.0121662157,-0.0238319331,0.0026518649,0.0119497300,0.0243754248,0.0159871726,0.0157750093,0.0074646598,-0.0157860980,-0.0091198747,0.0101590422,0.0097765470,-0.0185686675,-0.0127537167,-0.0120945917,-0.0030947296,0.0194661171,-0.0107967135,-0.0288717040,-0.0125515010,0.0115978799,0.0038289554,-0.0148848130,0.0185691975,-0.0062690031,0.0048747496,0.0086352304,-0.0181197844,-0.0173625455,-0.0026106265,-0.0062879193,0.0137754058,0.0108769341
103.0000000000,-0.0163676013,0.0040388148,-0.0090822247,0.0126759840,0.0142507050,0.0254641748,-0.0039093024,0.0074718461,-0.0084198044,0.0038714031,0.0038748233,-0.0259216249,-0.0285435935,-0.0179220750,0.0018904151,-0.0006938515,-0.0014996298,-0.0165747929,-0.0251602528,-0.0024411663,0.0162117489,-0.0190916511,-0.0272902792,-0.0039571397,0.0146121612,-0.0133540007,0.0330596474,-0.0318168973,0.0018921587,-0.0045210544,0.0047245726,0.0103414641,0.0242201046,0.0320326582,0.0318727093,0.0127112351,0.0120791367,-0.0047934078,-0.0040634101,-0.0255899624,-0.0015285160,0.0323914269,-0.0117637256,-0.0135485190,-0.0057945418,-0.0076231614,-0.0270164496,0.0185266301,-0.0214375617,0.0026039323,0.0314531892,-0.0210095075,0.0168415102,0.0220091351,-0.0264801868,-0.0096870525,-0.0074363655,0.0054635136,-0.0017763279,0.0141163905,0.0030138482,-0.0060097824,0.0021109577
104.0000000000,-0.0131839221,0.0023433288,-0.0245768878,0.0090121745,-0.0085832037,0.0421980922,-0.0232956101,-0.0049523929,-0.0043955023,0.0039626201,0.0106090173,-0.0116542819,-0.0321432537,-0.0061907911,0.0058626142,-0.0265050671,-0.0079726482,-0.0270371642,-0.0362342616,0.0088967622,-0.0173202241,-0.0092975073,-0.0143192622,0.0046352034,-0.0028490951,-0.0033593465,0.0265860408,-0.0149896175,-0.0106261146,-0.0135707174,0.0086652972,-0.0019900396,0.0176115040,0.0010923967,0.0037996651,-0.0143239909,-0.0172340292,0.0228084726,-0.0297644412,-0.0016216399,0.0251032238,0.0119507221,-0.0413812269,0.0141087305,-0.0310746605,-0.0286407848,0.0033908192,0.0037019574,0.0019716405,0.0196486561,0.0031915585,-0.0102122505,0.0204764200,-0.0187012713,-0.0384121226,0.0048732936,-0.0242636961,0.0057110680,-0.0046382428,0.0148558629,-0.0010541134,0.0192157446,-0.0077384381
105.0000000000,-0.0223836072,0.0117583278,0.0024452027,0.0040825753,0.0003798301,0.0146604217,-0.0186062879,0.0080502876,-0.0173276900,-0.0062281789,0.0051474849,0.0084733494,-0.0086025034,-0.0034619466,-0.0090718364,-0.0116584226,-0.0252217251,-0.0170888033,-0.0210483833,0.0138491564,-0.0040917235,0.0039492722,-0.0085750809,-0.0084254667,0.0076539677,-0.0269181691,0.0145724382,-0.0184602114,-0.0177970835,0.0103655958,0.0064085387,-0.0061294782,-0.0060579452,0.0094263065,0.0168362206,0.0066006000,0.0072392160,0.0060735740,-0.0148214142,-0.0051339629,0.0203814908,0.0114683066,-0.0224315484,-0.0272480145,-0.0015173029,0.0130370034,-0.0017006279,0.0125460708,-0.0040552435,0.0320334323,0.0079510828,-0.0102089556,-0.0108557017,0.0178318540,-0.0080780173,0.0198141242,0.0010848443,-0.0154238582,-0.0269127511,0.0077516109,-0.0235919771,-0.0095063184,-0.0105222953
106.0000000000,-0.0258550508,0.0120640832,-0.0217910165,0.0099721595,0.0222245668,0.0171152518,-0.0161759861,-0.0049779585,-0.0044869964,-0.0086659403,0.0112678554,-0.0070177910,-0.0148789959,-0.0064161095,-0.0130630707,-0.0273460628,0.0014940807,-0.0175497229,-0.0316972659,0.0215120747,-0.0088935941,-0.0160537384,-0.0313479623,-0.0010141555,0.0185383071,-0.0264583931,0.0117490873,-0.0195873992,-0.0307554749,-0.0110703229,-0.0122791184,-0.0075607080,0.0239441933,0.0064189098,0.0298852054,-0.0151302670,0.0139333134,0.0215204323,-0.0286130727,-0.0196366336,0.0168208142,0.0041933530,-0.0519862293,-0.0159367446,-0.0214281787,-0.0272939696,-0.0305523110,0.0047533221,-0.0294677916,0.0162224538,0.0000720256,-0.0304697366,-0.0021529448,0.0213837838,-0.0273329367,0.0151205098,-0.0148204334,-0.0055142970,-0.0013159748,0.0060985144,-0.0040919588,-0.0065990298,0.0086466290
107.0000000000,0.0124560669,0.0303799746,0.0024302280,-0.0014978431,0.0108268154,0.0247128874,0.0067707629,-0.0048204166,0.0151504183,0.0109261526,0.0018963160,0.0089916486,-0.0182548781,-0.0151615625,0.0095517335,-0.0041302036,-0.0110747073,-0.0243992694,-0.0036744376,0.0122332048,-0.0207433217,0.0145119302,-0.0303374973,0.0130644237,0.0047800601,-0.0267434277,0.0129199787,-0.0016694728,-0.0059378391,-0.0034746794,0.0113629473,-0.0147254646,-0.0065476268,-0.0086893099,-0.0116943629,0.0145548608,0.0170187737,0.0385713120,-0.0159200499,0.0090868516,0.0236429720,0.0093356306,-0.0424382529,-0.0104074292,0.0000762243,-0.0238538009,-0.0251937061,0.0115212453,0.0060449523,0.0002076682,0.0268487174,-0.0139203119,0.0213922664,-0.0066358342,-0.0063190533,0.0030279222,-0.0152120575,-0.0143417944,-0.0028713990,0.0185176768,-0.0289732384,0.0146555484,0.0192246445
108.0000000000,0.0002455694,0.0162743392,-0.0151183620,0.0070438348,0.0205882598,-0.0057678144,-0.0055039189,0.0095888407,-0.0045916110,-0.0043889213,0.0015476649,-0.0176873310,-0.0258333802,-0.0012552423,0.0061664984,0.0032678550,-0.0226851153,-0.0146425594,-0.0215625812,0.0083072094,-0.0072240168,0.0065478564,-0.0112187288,0.0056019363,-0.0078586064,-0.0091649392,0.0201410974,0.0043630429,0.0064445873,0.0184623412,0.0137790212,-0.0069351159,0.0115284967,0.0064027537,0.0193771600,-0.0009503096,0.0151769361,-0.0160847091,-0.0129909286,0.0064243530,0.0055161815,0.0172502881,0.0070983399,-0.0005916778,-0.0173704042,-0.0267016571,-0.0110052874,-0.0028749911,0.0159263190,-0.0089298007,0.0089781158,-0.0146084590,0.0080692175,-0.0011646278,-0.0166445562,-0.0180570326,-0.0112375049,0.0020937974,-0.0071254705,0.0051582264,-0.0070212643,0.0230606189,0.0049345471
109.0000000000,-0.0022014011,-0.0098658953,-0.0104643264,-0.0141388461,-0.0097734651,0.0156405526,0.0108825881,-0.0171562423,0.0087004324,0.0101446987,0.0046899089,-0.0103652085,0.0063738600,-0.0045462276,-0.0023490590,-0.0090132297,0.0019266978,-0.0072014904,-0.0210320200,0.0257811923,0.0064740189,-0.0136115428,-0.0133187346,0.0011666444,0.0205135804,-0.0183819542,-0.0034357522,0.0029748604,0.0011540515,0.0017022720,0.0064009782,-0.0128381265,0.0009602517,0.0016271840,0.0070048816,0.0124893930,0.0054352445,0.0179695734,-0.0075253521,0.0157213791,-0.0094262648,0.0133323452,-0.0017226498,-0.0007319071,0.0019806624,-0.0027525731,-0.0032152270,-0.0059697261,-0.0083672409,0.0263064894,0.0077607411,0.0074813304,0.0099860052,-0.0017565324,0.0068556906,0.0096456036,0.0020473504,-0.0095882610,-0.0059026207,0.0340056623,0.0270718273,-0.0064805357,-0.0114184852
110.0000000000,-0.0066732065,0.0218493934,0.0283553205,0.0225575175,-0.0018730902,-0.0048489255,-0.0238926272,0.0130366114,-0.0130976188,0.0153695972,-0.0053472829,-0.0013747447,-0.0212151601,-0.0181050157,0.0065208276,-0.0198453632,0.0007716354,-0.0212328815,-0.0077595625,-0.0059379782,0.0303884249,-0.0065396923,-0.0290203142,0.0034861223,0.0201526796,-0.0218109449,0.0151347156,-0.0105232790,-0.0074996151,-0.0167026695,0.0002857712,-0.0008390738,0.0148118049,0.0192449774,0.0137004222,0.0146433972,0.0026389110,0.0132417969,-0.0153628681,-0.0145445112,0.0067637526,0.0064526171,-0.0106194861,-0.0114838881,-0.0131976958,-0.0277097097,-0.0228321180,0.0190976842,-0.0280075540,0.0137706880,0.0155751376,0.0000092087,-0.0038485960,0.0111605228,-0.0405951708,-0.0004951238,-0.0126889213,-0.0136261903,-0.0135839453,0.0067223432,-0.0065888718,0.0126328615,-0.0131516938
111.0000000000,-0.0159184900,0.0149130706,-0.0023972346,-0.0024376349,0.0004710135,0.0113149659,-0.0308946371,0.0147751654,-0.0081144019,-0.0001307968,0.0188138794,0.0159480309,-0.0041910089,0.0130850711,-0.0145818875,-0.0321536624,0.0053241075,0.0230486154,-0.0097034056,0.0227348475,-0.0002628735,0.0159419938,-0.0192763075,-0.0063258861,0.0147213187,-0.0245158375,0.0103979342,0.0074342531,-0.0169898788,0.0204442682,-0.0081378599,0.0029881407,0.0031432377,0.0098083594,0.0005484502,-0.0061944204,0.0098128022,0.0383720824,-0.0191923519,-0.0012921781,-0.0033469649,0.0086528826,-0.0138831490,0.0141653190,-0.0100274418,-0.0224138789,-0.0309777969,-0.0112307613,-0.0204073867,-0.0037567447,0.0151975489,-0.0254981436,0.0038940932,0.0033638811,-0.0197025397,-0.0014895355,-0.0136302671,-0.0078766190,0.0004094186,0.0318197000,-0.0128949302,0.0083918167,0.0204212723
112.0000000000,-0.0111386279,0.0156567053,-0.0191150404,0.0086200334,0.0224100437,0.0115690428,-0.0173733745,0.0021838491,0.0083712903,-0.0038106929,0.0102078637,-0.0019983472,-0.0271689612,-0.0172901488,0.0069352688,-0.0087250475,0.0019151181,-0.0208072814,-0.0108572356,0.0137568296,0.0096019944,0.0180103245,-0.0229449953,0.0109897160,0.0025827645,-0.0045722297,0.0225828814,-0.0320659727,-0.0206706614,0.0168212353,0.0195771180,-0.0138166091,0.0076674192,0.0079034954,0.0110917092,-0.0014715814,0.0004341022,0.0128994040,-0.0291759385,-0.0323379704,-0.0077046661,-0.0084951088,-0.0295134644,-0.0005774500,-0.0190529402,-0.0086715724,-0.0303910380,-0.0052923741,-0.0447861359,-0.0042717293,-0.0083453949,-0.0184309861,0.0092975653,0.0268679060,-0.0059827853,0.0006225327,-0.0252407137,-0.0082327323,-0.0089544436,0.0206714230,-0.0001484870,-0.0078280438,-0.0150158400
113.0000000000,-0.0266380629,0.0208572270,-0.0241485581,-0.0132735566,0.0045334749,0.0109776562,-0.0141120407,-0.0026299030,-0.0005037879,0.0031322795,-0.0065182753,0.0158118700,-0.0129114732,-0.0239809782,-0.0064478030,-0.0024089991,-0.0076790711,-0.0017963383,-0.0372526467,0.0083187617,-0.0153079465,0.0114194763,0.0096836035,0.0154437179,0.0157572484,-0.0194642094,-0.0031003375,-0.0022152081,-0.0086787212,0.0095682264,-0.0033081771,0.0051571384,0.0032922501,-0.0066352249,-0.0084361260,0.0058121061,0.0110073887,0.0299458628,-0.0152666638,-0.0089979463,0.0267694861,0.0126189493,-0.0186599683,-0.0080679003,0.0010637963,-0.0029275202,-0.0231057334,-0.0140065163,-0.0218009009,0.0173419038,-0.0119523167,0.0086757017,0.0024432505,0.0069566702,-0.0252009884,0.0022571892,-0.0247166903,-0.0127700775,-0.0030742894,-0.0045438355,-0.0158796006,-0.0102668567,0.0167690227
114.0000000000,-0.0104322724,0.0042864449,0.0057882002,0.0042581369,0.0149600290,0.0117080228,-0.0057176452,0.0182814144,0.0203411491,-0.0095575369,0.0015937751,-0.0016960237,-0.0222865725,-0.0205545930,0.0029278590,-0.0118762599,0.0211518127,0.0007331523,-0.0201832470,0.0054190014,-0.0033732106,0.0134709130,0.0063405169,0.0040924866,0.0052880505,-0.0197666748,-0.0209446152,-0.0036919124,0.0163507683,0.0136607685,0.0053513528,0.0153386270,-0.0090045309,0.0080980360,0.0072367852,0.0171392512,-0.0016003124,0.0290058995,0.0108416355,-0.0144761168,0.0086121831,-0.0027668799,-0.0097271610,-0.0057521281,0.0104508297,0.0181764338,-0.0159026064,-0.0127309635,-0.0122501586,0.0215516774,0.0162961301,0.0149671340,0.0026726445,-0.0179109946,0.0042754685,0.0076600807,-0.0099658564,-0.0225812863,-0.0032421849,-0.0038422670,-0.0135734197,0.0089885046,0.0050549967
115.0000000000,-0.0170794652,0.0091101781,0.0031184160,0.0072047168,0.0422932092,0.0220702891,-0.0254938955,0.0193840861,-0.0064080457,0.0027569456,-0.0153808994,-0.0069974793,-0.0233343377,-0.0165166205,0.0014148723,-0.0081283353,0.0038030066,-0.0108410239,-0.0268878513,0.0252828238,-0.0037491792,-0.0089288674,-0.0231542163,0.0069441996,0.0263983147,-0.0225641222,0.0076241435,-0.0258031107,0.0015272072,-0.0078416523,-0.0014979421,-0.0299898223,0.0073304683,0.0365313827,0.0083337887,-0.0055353937,0.0181626746,0.0284822441,-0.0043936011,0.0085276588,-0.0076108931,0.0090155546,-0.0316071789,-0.0230173174,-0.0122353819,-0.0129994634,-0.0098859122,-0.0015889322,-0.0163581182,0.0045028708,0.0173756685,0.0023862501,-0.0014452857,0.0032634586,-0.0312495883,0.0122013128,-0.0033430389,-0.0143289995,-0.0263168847,0.0210821223,-0.0100794385,0.0175404361,0.0294903393
116.0000000000,-0.0053298185,0.0237642627,0.0002935048,0.0012678441,0.0136229230,0.0027468863,-0.0187542265,0.0108423794,0.0130795045,0.0064243402,0.0013282027,-0.0053413630,-0.0338793543,-0.0003970624,-0.0196684179,-0.0188057528,-0.0063934531,-0.0121071846,-0.0174289384,0.0149388345,-0.0091362110,-0.0135012761,-0.0101400113,0.0271525017,0.0020541815,0.0070431141,0.0065685899,0.0083782365,-0.0121205647,-0.0198259018,0.0095805565,-0.0106049310,0.0110747947,0.0247047458,0.0047866320,-0.0115323262,-0.0111118608,0.0267196152,-0.0100335362,-0.0021236235,0.0105750860,-0.0124713834,-0.0266011952,0.0099404204,0.0056179012,-0.0178647524,-0.0249382707,0.0061667247,-0.0044283207,-0.0138690714,0.0205239536,0.0104615756,-0.0015366233,0.0144055390,-0.0217847189,-0.0243094194,-0.0042365202,0.0120438561,-0.0125316422,0.0062677519,-0.0010853205,0.0082826094,0.0048778355
117.0000000000,-0.0063541747,0.0241654138,0.0207095821,-0.0121206226,0.0000304991,0.0019687800,-0.0311733344,-0.0076847524,0.0053627973,-0.0141130838,0.0075587469,-0.0109277184,-0.0112443405,-0.0146226637,0.0027758638,-0.0286281552,-0.0233993971,-0.0022986849,-0.0213380893,0.0072068784,0.0094510887,0.0104673841,-0.0420447031,-0.0022198483,0.0151636270,-0.0135624103,0.0005163739,-0.0129542194,-0.0040080500,0.0116158345,0.0075462713,0.0026051425,-0.0197110996,0.0045152233,0.0227994484,0.0028151000,0.0033790015,0.0100675103,-0.0186764745,-0.0175548500,0.0087915369,0.0025079971,-0.0336020653,0.0066167706,-0.0036977199,0.0063587471,-0.0243522470,0.0348999763,-0.0150492570,0.0071836989,-0.0002907822,-0.0089696161,0.0250430958,0.0217742941,-0.0378388258,0.0020047593,-0.0105540411,-0.0099961817,-0.0095162077,0.0010837956,-0.0147867245,0.0134481545,0.0100293216
118.0000000000,-0.0098081969,0.0024780174,-0.0161936235,-0.0095401125,0.0240105800,0.0162235218,-0.0084328593,0.0127316420,-0.0061762407,-0.0077403702,-0.0037285081,-0.0128361872,-0.0043635568,-0.0171613339,-0.0131577104,-0.0106301861,-0.0008936702,-0.0025021084,-0.0248140604,0.0379463347,-0.0081764643,-0.0017126260,-0.0313010987,0.0047346331,0.0147154853,-0.0041530112,-0.0001644790,-0.0136007898,-0.0208147077,0.0053395934,0.0014593156,-0.0191102759,0.0000170330,0.0096926554,0.0145388583,0.0159452800,0.0022466936,0.0325116597,0.0000516569,0.0110173237,0.0205527563,-0.0054326656,-0.0296238347,-0.0242568934,-0.0064078968,-0.0212290996,-0.0301293430,0.0091836097,-0.0334469640,-0.0034040658,0.0052380207,-0.0084645332,0.0004860744,0.0089637787,-0.0450332479,-0.0081651145,-0.0106164568,-0.0067810212,-0.0071314114,0.0054732557,-0.0019954596,0.0057478466,0.0085187190
119.0000000000,-0.0043941472,-0.0015070988,0.0106677252,0.0183033230,0.0058656582,0.0080838478,0.0040313895,0.0258457509,0.0047907928,0.0374433997,0.0162892806,-0.0030870192,-0.0070509604,-0.0022422696,-0.0039913732,-0.0189615197,-0.0295983223,-0.0182799151,-0.0129912292,0.0195255245,-0.0028038679,0.0147153746,-0.0127727035,-0.0074069506,0.0216313217,-0.0193522454,-0.0024330694,0.0088039142,-0.0363471680,-0.0147659559,0.0085607226,0.0058427607,0.0267026207,0.0134142129,0.0125267474,-0.0255760782,0.0071247119,0.0436400136,-0.0242696900,-0.0059471566,-0.0217581193,0.0068838279,0.0029207172,0.0110761400,-0.0284479098,-0.0077621435,-0.0337369003,-0.0163727723,-0.0092318112,0.0017280668,-0.0145572919,-0.0088176642,0.0098448800,0.0172829740,-0.0302033525,0.0007628578,-0.0073482016,0.0014391011,-0.0044033550,0.0024759016,-0.0134281857,0.0025335152,0.0095410222
120.0000000000,-0.0164467988,0.0035916740,-0.0091337438,-0.0069828838,0.0491520176,0.0076737567,0.0156177543,-0.0153983927,-0.0101755858,0.0165755272,0.0142155986,-0.0156642593,-0.0207861389,0.0032320965,-0.0113520645,-0.0205629855,0.0035865005,-0.0300161770,-0.0166279322,0.0077556540,-0.0101938382,0.0096680602,-0.0288975056,0.0126012175,0.0007611699,-0.0103615966,-0.0141029240,-0.0051467367,-0.0206573043,-0.0002783328,0.0052554993,-0.0127837701,0.0210304012,0.0124908659,0.0200974113,0.0078648697,0.0164052622,0.0282435503,-0.0157529997,-0.0166171016,0.0164589115,0.0189567453,-0.0116539469,-0.0214485441,-0.0213413386,-0.0013563095,-0.0453824991,-0.0089495363,-0.0251183535,-0.0007702442,0.0145627256,-0.0079339538,0.0124139332,-0.0171005247,-0.0347435147,0.0279859980,0.0019760651,-0.0005729137,-0.0113764407,0.0154003795,0.0129311565,0.0042875283,0.0026306446
121.0000000000,-0.0253343709,0.0138431588,-0.0043940908,-0.0024711873,-0.0152806876,0.0019391873,-0.0066840009,0.0044426823,-0.0090287419,0.0159059322,-0.0026989752,-0.0082725058,-0.0155607550,0.0100448384,0.0009226476,-0.0138749243,0.0163286984,0.0051487572,-0.0219179810,-0.0009070386,-0.0025508893,0.0162812932,-0.0300609419,0.0064393819,-0.0003619234,-0.0111212770,0.0055091736,-0.0127111272,-0.0195301430,-0.0067812150,0.0094336097,-0.0134149131,0.0102663508,0.0103958174,0.0215299985,0.0122969850,-0.0077647860,0.0001989844,-0.0133696134,0.0031602571,0.0185932382,-0.0068830157,-0.0156365167,-0.0195798237,0.0111216521,-0.0373835614,-0.0426838274,-0.0134853534,-0.0096143026,0.0079681569,-0.0043455097,-0.0136535800,-0.0121718254,-0.0013997377,-0.0079857415,-0.0241027998,-0.0073708707,-0.0033282389,-0.0077652885,0.0010333517,-0.0148808926,-0.0064728611,0.0015196985
122.0000000000,-0.0150758577,0.0023782479,0.0067502801,0.0166573072,0.0162449694,0.0428803654,-0.0013896576,-0.0102553269,0.0010397265,-0.0053686203,0.0073809363,-0.0182722222,-0.0269834854,0.0058071770,0.0190317199,-0.0227435211,0.0047754477,-0.0213991959,-0.0022871384,0.0009391529,0.0117984526,0.0063249011,-0.0121645755,0.0081536504,0.0138912675,-0.0025987372,0.0130013641,0.0000455914,-0.0207387258,-0.0081815667,0.0059385242,-0.0269636293,0.0016945319,0.0078930594,-0.0026394501,0.0025905988,0.0056158956,0.0139392692,-0.0051125787,0.0053979912,0.0215711202,0.0038855252,-0.0090635425,-0.0003764149,-0.0102565904,-0.0270373805,-0.0297827013,0.0157896412,-0.0149851266,0.0138621042,0.0190258404,-0.0059729533,0.0152831726,0.0052938779,-0.0073796442,-0.0061982535,0.0133864013,-0.0021332392,-0.0048495409,0.0090976823,0.0114586739,-0.0151616176,0.0118809977
123.0000000000,-0.0170302279,0.0000383618,-0.0163233689,-0.0036767766,0.0194712926,0.0184714920,-0.0229970378,0.0237309407,0.0037247840,0.0048875772,-0.0064009242,-0.0132664163,-0.0038743332,-0.0059117724,0.0105778947,-0.0327133861,-0.0127675434,-0.0199894036,-0.0290453307,0.0249385221,0.0118572660,0.0078115186,-0.0235469614,-0.0081089891,0.0038526156,-0.0176905067,0.0190315936,-0.0016233373,-0.0261575313,-0.0083407078,0.0079864313,0.0048902449,-0.0170781369,0.0179375119,0.0248100228,-0.0011986088,-0.0015861345,0.0231519049,-0.0109900782,-0.0124168391,0.0025631564,-0.0005138814,-0.0232351453,-0.0064841116,-0.0080169465,-0.0313377609,-0.0450015752,0.0242097640,0.0078391268,0.0182536268,0.0048902505,0.0045320594,0.0123318164,0.0158979537,-0.0060627631,0.0012259174,-0.0102837723,0.0184457200,-0.0168185035,0.0174783869,-0.0038627669,-0.0003274880,0.0192757158
124.0000000000,-0.0212747795,0.0063331551,-0.0134201299,0.0142908822,0.0074929775,0.0130452621,-0.0283784719,-0.0001281599,-0.0041842654,0.0252673780,0.0054728667,0.0003489309,-0.0196939332,-0.0069031104,-0.0016829525,-0.0321067747,-0.0002552165,-0.0241430890,-0.0402991034,0.0146719690,0.0179119160,-0.0103184670,-0.0285081664,-0.0112674597,0.0141143571,-0.0041815736,0.0308372097,-0.0078799225,0.0043273939,0.0102112853,0.0091908552,-0.0228940608,0.0186448988,0.0199101530,0.0058414557,-0.0157547102,0.0104955883,0.0242554812,-0.0017818704,0.0033494882,0.0231679041,-0.0013062924,-0.0213796861,-0.0090319002,-0.0208814882,-0.0151267656,-0.0351340832,0.0148888104,-0.0198106052,-0.0037685770,0.0223790144,0.0025914353,0.0054088853,0.0073466351,-0.0166379124,-0.0084674142,-0.0172996392,-0.0089684966,-0.0041145283,0.0107106196,-0.0296943170,0.0001995826,0.0347744089
125.0000000000,-0.0389076515,0.0272787263,-0.0296490249,-0.0070054274,0.0059972430,0.0227906877,-0.0552971570,-0.0241395543,0.0080562106,-0.0094638752,0.0053214306,0.0048406931,0.0051395859,-0.0344482990,0.0001979112,-0.0066012574,-0.0144938659,-0.0173932232,-0.0394977005,0.0166651011,-0.0123764500,-0.0002960110,-0.0161535255,0.0113245152,0.0273424551,-0.0179158141,0.0048519745,0.0103000750,-0.0092463325,-0.0127128096,-0.0246965757,-0.0048725820,0.0052748493,0.0144554893,0.0071312035,0.0133270677,0.0083253469,0.0123351035,-0.0354963992,0.0002625197,0.0119843228,0.0168383394,-0.0196406396,-0.0096843570,-0.0286937752,-0.0101623291,-0.0274363017,-0.0114237869,-0.0288384741,0.0028107630,0.0260403371,0.0043045525,0.0070361095,0.0357567641,-0.0202879990,-0.0165685024,-0.0275186898,-0.0044489285,-0.0086783982,0.0150142433,0.0042341334,0.0200128223,-0.0027781811
126.0000000000,0.0064262241,0.0170848749,0.0030214194,0.0034023384,-0.0058574770,0.0177945764,0.0000615202,0.0120420314,-0.0129603996,-0.0087220130,0.0093499007,-0.0029186336,-0.0045896470,0.0026505075,0.0033777559,-0.0174906981,0.0003877282,-0.0083315202,-0.0190902561,0.0257269032,0.0137732021,0.0203159656,-0.0262992793,-0.0034949559,0.0343591266,0.0086478849,-0.0100353330,-0.0135290063,-0.0126960112,0.0034940452,0.0019554999,-0.0101931635,0.0052532756,0.0155201836,0.0529124270,-0.0007683391,0.0022206439,0.0168213018,-0.0068058534,0.0023033549,-0.0168151153,0.0080748374,-0.0277680759,-0.0186499448,-0.0226544303,-0.0230049024,-0.0363461306,0.0085087132,0.0002035996,0.0273906684,0.0077082931,-0.0128289900,0.0015086513,-0.0087364247,-0.0142456518,-0.0007010409,0.0022965610,-0.0021959045,-0.0125294740,0.0050075155,0.0121638039,0.0256240365,-0.0099222699
127.0000000000,-0.0043332058,0.0194042753,0.0012459699,-0.0008791139,-0.0047956039,0.0189151695,-0.0153286251,0.0095557476,0.0170760901,0.0019566777,0.0088014662,0.0083334223,0.0017372611,-0.0111972689,-0.0258438917,-0.0149679499,-0.0187389762,-0.0172028611,-0.0122768306,0.0043415102,-0.0046906222,-0.0040768147,-0.0211178381,-0.0008994434,0.0051896201,0.0064196131,0.0147078664,-0.0016505175,-0.0108504389,0.0066689347,0.0174953101,0.0096439827,0.0012607668,0.0233766910,-0.0119904456,-0.0218747000,-0.0052388345,0.0254756316,-0.0198237676,0.0097896454,-0.0025532831,0.0069450429,-0.0290818566,-0.0159454872,0.0165533728,-0.0207825308,-0.0079804958,0.0002440439,-0.0133583480,0.0012178318,0.0130959334,-0.0093912829,0.0103842458,-0.0064000622,-0.0372710428,-0.0020022811,0.0197127149,-0.0148560838,-0.0122500135,-0.0275071690,0.0040993166,-0.0002901106,0.0045793231
128.0000000000,0.0013122807,-0.0028205871,0.0081289372,0.0088072656,-0.0065598020,0.0050772505,0.0138915577,0.0084422974,-0.0068448101,0.0018341352,0.0122166448,-0.0238163471,-0.0267899076,-0.0041756972,-0.0092778996,-0.0291102657,-0.0144219614,-0.0033286559,-0.0283194336,0.0089288713,0.0014765418,0.0108917253,0.0093683494,-0.0041305691,0.0064853646,-0.0229008221,0.0216331576,-0.0197384791,-0.0155435061,-0.0019848906,0.0036426724,-0.0274444602,-0.0011175202,0.0028418773,0.0279383652,0.0054714844,-0.0024293384,0.0203499442,0.0210016812,0.0093437597,0.0036487447,-0.0017664069,-0.0301260053,-0.0132190028,0.0061609528,-0.0066149110,-0.0202041383,-0.0166808651,-0.0106698235,0.0235048325,-0.0013972311,0.0059301711,-0.0046682143,0.0121688411,-0.0288368565,0.0006027949,0.0026140506,-0.0144055171,-0.0210953191,-0.0051051664,-0.0070921748,-0.0023591341,-0.0140636240
129.0000000000,-0.0267710743,0.0142957858,-0.0180960454,-0.0114153403,0.0062153852,-0.0010275331,0.0085985089,0.0044752245,0.0126103931,-0.0027147765,-0.0112804901,-0.0103732895,-0.0138933592,-0.0128151838,-0.0159876470,-0.0111324507,-0.0085012508,-0.0135288089,-0.0266847845,0.0123964858,0.0065406826,0.0081293510,-0.0248609853,-0.0082892118,0.0314574769,-0.0029464286,0.0077981583,-0.0318585070,-0.0199179427,0.0003937646,0.0001488168,0.0158002342,0.0285727551,0.0139778532,0.0068662159,0.0050731570,-0.0030717413,0.0196314844,0.0103250249,-0.0005850612,0.0006150474,0.0160575319,-0.0311502384,-0.0302126912,-0.0117896748,0.0066740776,-0.0364980491,-0.0065980859,-0.0160099182,-0.0022999935,0.0218739777,0.0016051260,-0.0057802509,-0.0082874245,-0.0341417931,-0.0066969029,0.0035185116,-0.0112980824,-0.0162219844,0.0043728257,0.0125787990,0.0093283438,0.0249513119
130.0000000000,-0.0174705382,0.0060370065,0.0022340552,-0.0042164337,-0.0035089107,0.0171344594,-0.0186589528,0.0081218875,-0.0100433695,-0.0115328157,-0.0019743057,-0.0035583986,-0.0222424775,0.0086928992,-0.0159857076,0.0003137145,-0.0052104840,0.0173013295,0.0130128760,0.0163086559,-0.0060121556,0.0212209123,-0.0207774252,0.0164395437,0.0109327367,-0.0202069438,0.0158111483,0.0180604690,-0.0328916933,-0.0154532844,-0.0039053267,-0.0096678616,0.0167974684,0.0109908049,0.0152910976,-0.0188052243,-0.0106502239,0.0128359587,0.0061017540,-0.0064151073,0.0017466501,-0.0065622717,-0.0079971303,0.0041241165,0.0159261040,-0.0173752650,-0.0469908794,0.0117706675,-0.0204929203,0.0163394807,0.0237783228,-0.0248558851,0.0265730704,-0.0019458453,-0.0187190924,0.0002671268,-0.0384547236,-0.0005531266,0.0043241080,0.0197529073,-0.0033841585,0.0128512937,0.0105679391
131.0000000000,0.0101556967,-0.0006670809,-0.0141759627,-0.0165172143,-0.0070354569,0.0042418358,-0.0030362077,0.0289043027,-0.0052749769,0.0120275143,0.0084984513,-0.0148582471,-0.0111705259,0.0133648670,-0.0053017647,-0.0327729003,-0.0089205614,0.0073269605,-0.0128869759,0.0021610835,0.0136105023,-0.0057003050,-0.0070908443,-0.0151183477,-0.0085600285,-0.0127012345,0.0223056049,-0.0071099118,-0.0099253501,-0.0056918721,-0.0074569800,0.0025961816,0.0174023052,0.0012592235,0.0075460108,0.0031805174,-0.0074752784,0.0203425819,-0.0217419815,-0.0123269854,-0.0012633859,0.0031306353,-0.0238159054,-0.0129022487,0.0027966979,-0.0035660671,-0.0267968884,-0.0014622755,-0.0024877185,0.0080889333,0.0073687526,-0.0117521784,-0.0001910872,0.0011944992,0.0186118293,0.0163233085,0.0083095859,0.0076713320,0.0144634694,0.0180080532,-0.0045148826,0.0158301813,0.0295457538
132.0000000000,-0.0073096547,0.0127344046,-0.0050579674,0.0046030712,0.0036070763,0.0009596055,-0.0229576786,0.0005633097,0.0275004813,-0.0150417117,-0.0179328069,0.0065491518,-0.0151862231,-0.0119591239,-0.0018442862,-0.0244196575,-0.0034073782,0.0036125182,-0.0051052784,0.0260958523,0.0105488864,-0.0162781576,-0.0225315341,-0.0062757291,0.0270419926,-0.0176524186,-0.0030166994,-0.0124555008,-0.0462049984,0.0140813029,0.0123459771,-0.0012048934,0.0079905888,0.0058345505,0.0261993930,0.0078817173,0.0067240690,0.0299286491,-0.0118177393,0.0186897199,0.0074120863,-0.0141874846,-0.0299947330,-0.0249252512,-0.0219652317,-0.0219949001,-0.0459672469,0.0029808929,-0.0098992983,0.0104562805,0.0221302448,0.0077057239,-0.0209241412,0.0217240447,-0.0263781983,0.0087953850,-0.0197834508,-0.0099847122,0.0029077160,0.0129352469,0.0039909414,0.0011507250,0.0137265765
133.0000000000,-0.0006636866,-0.0018684002,-0.0309998657,0.0280108380,0.0051534501,0.0162397756,-0.0053484637,0.0070388137,0.0011962686,0.0091008603,-0.0182953189,-0.0151660036,-0.0198491759,-0.0201525811,0.0052649533,-0.0258893927,-0.0257102792,-0.0077712071,-0.0154706456,0.0053823695,-0.0116045874,-0.0032113870,-0.0218702652,0.0108405780,0.0036797194,-0.0176369090,-0.0022583979,-0.0085276375,-0.0091155540,-0.0103842887,0.0212227504,-0.0171760806,0.0027782961,-0.0003264999,0.0117042940,-0.0009174123,0.0098543903,0.0047710863,-0.0232780916,0.0219261760,-0.0022042377,0.0070389594,-0.0077148789,-0.0054955854,0.0211082845,0.0038525309,-0.0197639670,-0.0010462458,-0.0174749505,-0.0058297162,0.0053760815,0.0090809637,0.0194786332,-0.0062001579,-0.0156649126,0.0007816024,-0.0030952189,-0.0077706752,-0.0163503963,0.0141944473,0.0001903300,-0.0153584750,-0.0017156633
134.0000000000,-0.0279415386,0.0324107778,-0.0122720776,-0.0032688542,0.0330321544,-0.0019764959,0.0042664947,0.0309356765,0.0002690630,0.0008809666,-0.0148600897,0.0320289189,0.0077066123,0.0147256770,-0.0051630368,-0.0069299712,0.0088522734,0.0015886554,-0.0067844533,0.0066614255,0.0117026048,-0.0035545601,-0.0141604879,-0.0043001125,0.0032149276,-0.0024939326,0.0134155802,-0.0069905705,-0.0486570890,0.0046674619,0.0019870982,0.0048729682,0.0133656112,0.0121475392,0.0139278766,-0.0113792858,0.0060983749,0.0108201342,-0.0025542864,-0.0136790638,0.0142383243,-0.0219013394,-0.0159608556,-0.0150487204,-0.0101221619,0.0137558075,0.0015200172,-0.0121520111,0.0101647082,0.0046109228,0.0282632662,0.0070085037,0.0082739704,0.0133324363,-0.0308575690,0.0203794040,-0.0116449776,-0.0205242319,0.0291563426,0.0120372656,-0.0058723434,0.0116669186,0.0039279378
135.0000000000,0.0005310179,-0.0252247557,0.0174722129,0.0146479978,0.0012635518,0.0133694406,-0.0191227434,0.0146864618,-0.0110731651,0.0033419273,0.0065099762,0.0146019700,-0.0110846673,-0.0138191998,-0.0310134483,-0.0258840021,0.0179120527,-0.0063256294,-0.0195990333,0.0195487216,-0.0024024260,0.0163433750,-0.0049185722,-0.0033687798,0.0017366625,-0.0058212947,0.0115291893,0.0044111034,-0.0193502499,-0.0114454985,-0.0001487469,0.0019092449,-0.0136986682,0.0015216123,0.0099710762,-0.0045607681,0.0042644200,0.0077460826,-0.0017055629,-0.0103441251,0.0286681412,-0.0193999363,-0.0372879958,-0.0007368875,-0.0216476431,0.0085251124,-0.0239455437,-0.0070990344,-0.0070209396,0.0185178705,0.0074426660,-0.0103687869,0.0333341159,-0.0006209466,-0.0251687563,-0.0114772638,-0.0100274444,-0.0080652495,-0.0054649862,0.0082599544,-0.0069076910,-0.0132758773,-0.0080873770
136.0000000000,-0.0034444566,0.0025458815,0.0081105769,0.0065439187,0.0110710838,0.0181745462,-0.0118533976,-0.0026311533,0.0024684486,0.0120872223,-0.0075012814,0.0275655732,-0.0278249155,0.0004917944,0.0052325565,0.0065388243,-0.0083672023,-0.0259350640,-0.0288071841,-0.0072040067,-0.0119909083,-0.0205103538,-0.0224167716,-0.0036101198,0.0062800174,-0.0104774147,0.0037855058,0.0005672098,-0.0079107161,0.0025864735,-0.0067535330,-0.0012956068,0.0275741199,-0.0111689868,0.0085185285,0.0071462299,-0.0038051684,-0.0177167537,0.0080490946,-0.0018086844,0.0041535569,0.0025896104,0.0037502964,-0.0110946481,-0.0123333654,-0.0127757748,-0.0146333266,0.0087924924,-0.0156158731,0.0181705478,0.0041823102,0.0177814928,0.0084909382,0.0102366217,-0.0228951283,0.0013145817,0.0021550377,-0.0093072875,-0.0261913365,0.0136123675,-0.0183343253,0.0237868903,0.0222315337
137.0000000000,-0.0088852297,0.0140250088,0.0109028298,0.0029740703,-0.0001479096,0.0228384217,-0.0150414926,0.0102834222,-0.0092771395,0.0023127063,0.0007315918,0.0172326452,-0.0203518286,-0.0345489598,-0.0088487485,-0.0393170617,-0.0148927020,-0.0115566880,-0.0285171783,0.0262435458,0.0055130811,-0.0036639119,-0.0169270994,0.0095076576,0.0027107127,-0.0154758124,0.0053913423,-0.0086766040,-0.0092606658,-0.0070395981,0.0048146022,-0.0093529847,0.0053727762,-0.0006156647,0.0083339732,0.0182800535,0.0176123640,0.0293978316,-0.0147179490,-0.0070049629,0.0126972760,0.0056494745,-0.0127944083,-0.0222158809,0.0149943647,-0.0056087315,-0.0178967513,0.0077150588,-0.0218444062,0.0268572599,0.0200133730,-0.0291319128,-0.0179121802,0.0011573898,-0.0353025119,0.0000750958,-0.0067570807,0.0024950243,-0.0220133189,0.0091737673,0.0034731029,0.0150685762,0.0223340076
138.0000000000,-0.0322859708,0.0129683953,0.0127591077,0.0028461833,-0.0071462975,0.0032785729,-0.0207018122,-0.0092806377,0.0037943370,0.0028542260,-0.0205793829,-0.0227499709,-0.0164598702,0.0088936027,-0.0143099744,-0.0225209787,0.0164689122,-0.0064251160,-0.0051704456,0.0193590696,0.0101426119,-0.0005253855,-0.0108111266,-0.0014266913,0.0297183657,-0.0005931377,0.0043687187,-0.0303253410,-0.0217327403,-0.0213382887,-0.0128457215,-0.0318290655,-0.0029641430,-0.0138149985,-0.0024054603,-0.0005130058,0.0061433828,0.0209301941,-0.0171478085,0.0076865610,-0.0006608159,-0.0072012986,-0.0209426201,-0.0010270658,-0.0105558045,-0.0082735231,-0.0410723952,0.0192297716,-0.0025439509,0.0010423137,0.0147120100,-0.0100525078,-0.0069793784,0.0156081758,-0.0183301374,0.0033421399,-0.0287799207,-0.0250614199,0.0080776537,0.0160466290,-0.0050841028,-0.0049644461,0.0014765291
139.0000000000,-0.0305224364,0.0046224095,-0.0137079619,-0.0031094797,-0.0077002359,0.0227864097,0.0047521029,-0.0049425375,-0.0140584327,0.0082905581,0.0098226932,0.0149639036,-0.0046845761,-0.0235785204,-0.0129445210,0.0048320220,-0.0154866894,0.0060564826,-0.0099715352,0.0000590246,0.0010118012,0.0059999109,0.0008495285,-0.0149399691,0.0053291541,-0.0113856820,-0.0040196921,-0.0108966703,0.0053013348,0.0080860671,-0.0028931192,0.0073727677,0.0019608012,0.0194105582,0.0138212589,0.0037033776,0.0000504682,0.0046504504,-0.0153049021,0.0057413039,0.0078172487,0.0067157322,-0.0009008476,0.0079164546,-0.0111027804,-0.0216617016,-0.0156586045,0.0102736389,-0.0233940601,-0.0025199103,0.0131012887,0.0174905526,-0.0189828940,0.0147793803,-0.0252446162,0.0096549502,0.0008262905,0.0028751354,0.0037559453,0.0026358335,-0.0001075977,0.0153258706,0.0115679023
140.0000000000,-0.0217115618,0.0031833029,0.0025641800,0.0068072284,0.0081848015,-0.0140580774,-0.0117618304,0.0139083402,0.0009276530,0.0015444749,0.0099043203,0.0017216818,-0.0057001955,-0.0185516764,-0.0266296404,0.0089505742,-0.0090751271,-0.0011435912,0.0014179076,0.0010671014,-0.0162845595,-0.0026840015,-0.0023568224,-0.0101790360,-0.0033298362,-0.0215125479,0.0185159739,0.0119780967,-0.0066661252,-0.0093274613,0.0068120952,0.0023275754,0.0060953629,-0.0037108636,0.0212885345,0.0157043406,-0.0005328414,0.0068734031,0.0087868003,-0.0095615277,0.0069693005,0.0124927261,-0.0101110939,-0.0060157882,0.0075975781,-0.0068330456,-0.0235915760,0.0169792953,0.0118891176,-0.0010806839,-0.0154453647,-0.0020144043,-0.0041739250,-0.0103206881,-0.0022982215,0.0225120785,0.0024691266,0.0102905954,0.0185059344,0.0075339194,0.0101148967,-0.0302833992,0.0325088688
141.0000000000,-0.0261910027,0.0076072854,0.0097064922,0.0216568420,0.0049476250,0.0147683829,-0.0244842282,0.0069096594,0.0000404764,-0.0010052120,0.0285260981,0.0019870684,-0.0146648769,-0.0079858968,0.0020077382,-0.0346764755,-0.0059296201,-0.0090351678,-0.0085084803,0.0286660235,0.0072825605,-0.0033693105,-0.0114051965,-0.0140129145,0.0061456210,-0.0001740375,0.0083217858,-0.0016642662,-0.0003550277,-0.0231126201,0.0218147402,-0.0158980599,0.0027997222,0.0174639730,-0.0061272650,-0.0050498689,-0.0078838413,0.0165627317,0.0153397637,-0.0134569638,0.0125659110,0.0155891577,-0.0159858568,0.0075963660,-0.0022685108,-0.0106509078,-0.0326720425,-0.0025246369,-0.0398653813,0.0073494958,0.0149220550,-0.0084277019,0.0116537158,-0.0112763580,-0.0222281958,0.0035289638,-0.0155022035,-0.0221099263,-0.0156428599,0.0382938180,-0.0204449768,-0.0039298311,0.0136153691
142.0000000000,-0.0316514978,0.0212336000,-0.0178396038,0.0109637463,-0.0004587332,0.0077233932,0.0092105312,0.0067632035,-0.0214418120,-0.0084864647,0.0111349278,-0.0021511661,-0.0002070648,-0.0125187535,-0.0005364522,-0.0079724356,-0.0067986945,-0.0001641329,-0.0396529763,-0.0201498707,-0.0042736287,-0.0001141466,-0.0124639635,-0.0065020127,0.0197670146,-0.0353700121,0.0164617733,-0.0167855042,-0.0132066906,-0.0046827031,-0.0137919165,-0.0292396054,0.0353739088,0.0215725153,0.0073249842,0.0043696192,0.0121995938,0.0200378361,-0.0037486182,-0.0069606187,0.0324521913,-0.0092561012,-0.0130584463,-0.0122236485,-0.0019667392,-0.0196803123,-0.0441695120,-0.0135571761,-0.0352571092,-0.0030079263,0.0175638454,-0.0207321314,0.0182949458,0.0044369867,-0.0299330345,0.0178693624,-0.0229784428,0.0110895284,-0.0270906927,0.0024412671,-0.0129634432,-0.0003180114,0.0253849802
143.0000000000,-0.0079355876,-0.0031085862,0.0079175020,-0.0029988209,-0.0108497413,0.0052537282,-0.0110680668,0.0001835171,-0.0136881369,0.0029611454,0.0118199491,0.0104134270,-0.0064521579,-0.0091351041,-0.0000850692,-0.0157191353,0.0053989828,0.0088323106,-0.0407904166,-0.0099247250,0.0192631224,-0.0157393803,-0.0142495620,-0.0104940775,0.0082809930,-0.0108194225,0.0010238665,-0.0042229173,-0.0264052061,-0.0035829066,0.0181560130,0.0184608957,0.0019517378,0.0250606124,-0.0068107648,0.0077208905,-0.0006400775,0.0429718634,-0.0116890942,0.0146516388,-0.0006920705,0.0169972333,-0.0052050914,-0.0031289015,-0.0118812328,-0.0150664629,-0.0307016733,0.0174327439,-0.0023933304,0.0169751538,-0.0032199272,-0.0040449151,0.0222449724,-0.0004556121,0.0011558426,-0.0156072554,-0.0030872914,-0.0090307159,-0.0318034779,-0.0093450700,0.0007511524,0.0014565175,0.0202434714
144.0000000000,-0.0001778303,-0.0009604641,-0.0339084819,0.0113625112,0.0063464199,0.0117941758,-0.0164287363,0.0142988115,-0.0026237967,-0.0045574042,-0.0027726140,-0.0037752379,0.0139406059,0.0050578188,0.0289582491,-0.0250724939,-0.0003079401,-0.0068362609,0.0028248064,0.0103817702,0.0185258859,0.0154817132,-0.0130239249,-0.0155073918,0.0172683438,-0.0161836254,0.0198645496,-0.0140426143,-0.0068634910,0.0176286694,0.0006804263,-0.0160448576,0.0045976222,0.0045759180,0.0021232330,-0.0130555689,-0.0070096770,0.0163509193,-0.0023173954,-0.0075952227,-0.0046977779,-0.0150220760,-0.0006602959,0.0023484817,-0.0103601912,-0.0254076652,-0.0336866473,0.0270105321,-0.0028117279,-0.0007793697,0.0018710255,-0.0108065162,0.0133218424,0.0133803059,-0.0216488687,0.0044551035,-0.0035120756,-0.0011405836,-0.0099736801,0.0196524616,-0.0137351010,0.0023209996,0.0009984647
145.0000000000,-0.0257505556,-0.0114195774,-0.0104575880,0.0346564888,0.0221654067,-0.0122551297,-0.0093371302,0.0092873503,0.0046145947,-0.0270366770,-0.0044950297,0.0107605979,-0.0198481648,0.0027239154,-0.0232738914,-0.0146046730,0.0014176779,-0.0118077561,-0.0015874184,0.0209803503,0.0222404093,0.0101443078,-0.0173127829,0.0071304792,0.0273459297,-0.0146384399,0.0085043578,0.0001418252,-0.0048436180,0.0013455052,-0.0038032035,-0.0207950165,0.0144712669,0.0004796842,0.0105880840,-0.0119777020,-0.0033304082,0.0169607408,-0.0146765744,0.0075435216,0.0134120941,-0.0202343710,-0.0103791861,0.0075436580,-0.0115281041,-0.0162740934,-0.0278110780,-0.0070424798,-0.0131757427,0.0064820914,0.0148471977,-0.0129841442,0.0018920333,0.0039221142,-0.0323820423,0.0161079031,-0.0208350854,-0.0105146402,-0.0057707037,0.0060656217,-0.0108795464,-0.0252896923,0.0167191434
146.0000000000,-0.0237387465,-0.0078021308,0.0046801055,0.0127532516,0.0055651253,0.0075511260,0.0031068098,-0.0078595187,0.0080419181,0.0072440556,-0.0064295843,-0.0052452733,-0.0218541286,-0.0254115892,-0.0054195575,-0.0101541334,-0.0388695297,0.0074471856,-0.0343190629,0.0087162636,-0.0022836609,-0.0049938455,0.0020541455,0.0092456905,0.0182394287,-0.0175547610,0.0089023497,-0.0003022630,-0.0228298234,-0.0011985870,0.0210503556,-0.0160168763,0.0227701851,0.0103476381,0.0023139564,0.0363660614,-0.0068111181,-0.0030993789,-0.0001112669,0.0046879199,-0.0253868011,0.0085303404,-0.0143061895,-0.0029630308,0.0010189310,0.0009679277,-0.0445769848,0.0050887717,-0.0295106974,0.0041389545,0.0034988865,0.0132359833,0.0114724602,-0.0286457516,-0.0128257365,-0.0172489997,0.0028480748,0.0145534654,-0.0057743055,0.0234171317,0.0010327834,-0.0026398058,0.0025790328
147.0000000000,-0.0110860108,-0.0139692577,0.0177016440,-0.0081988447,-0.0031619606,-0.0154385119,-0.0271696278,0.0096197242,-0.0010883455,-0.0041328884,0.0191434327,-0.0094710900,0.0005953119,-0.0085931545,-0.0089007410,-0.0055814651,0.0029796105,-0.0007446705,-0.0213114067,0.0001906385,0.0038463729,0.0097260927,-0.0175990778,-0.0075206854,0.0062039645,-0.0085557322,-0.0065086838,-0.0026247827,-0.0175662313,-0.0056610531,0.0173967263,-0.0036314779,-0.0001808460,-0.0062581912,-0.0176131833,-0.0083228294,-0.0146450899,0.0025102166,-0.0103771812,0.0013950831,-0.0178882727,0.0072944493,-0.0081421884,0.0038296952,-0.0037944323,0.0103607102,-0.0049309384,-0.0136240332,0.0096743036,0.0066348671,0.0243095158,-0.0158707478,-0.0141277401,-0.0136484974,-0.0247998441,-0.0082141536,0.0066776745,0.0077237930,0.0143424942,-0.0030919468,-0.0066999862,-0.0124967496,-0.0062986149
148.0000000000,0.0097552530,0.0083146973,-0.0112203432,0.0009393219,-0.0034728441,0.0245970413,-0.0251470418,-0.0015004478,0.0250605147,-0.0010941665,-0.0051082755,0.0119243183,-0.0152563865,-0.0045221318,0.0050217255,-0.0244379170,0.0182272198,0.0171157731,-0.0094831772,0.0044912356,0.0065369490,-0.0038191093,-0.0208222500,-0.0118026732,-0.0136220492,-0.0231991334,0.0337177846,-0.0007906718,-0.0272869719,0.0084925470,0.0083528037,-0.0018120749,0.0003402280,0.0271413628,0.0123877525,0.0002856580,0.0187612171,0.0318123718,-0.0052262660,0.0055525103,0.0233578414,0.0099007879,-0.0071493222,0.0260204169,-0.0017012495,-0.0117160471,-0.0116521770,0.0084894697,-0.0109806855,0.0322846631,0.0101916262,0.0201219190,0.0034893840,-0.0022249619,-0.0085413141,-0.0147866771,-0.0101907918,0.0096515398,-0.0201786306,0.0158821526,-0.0035698439,0.0085228227,0.0096723554
149.0000000000,-0.0086800845,0.0123289320,-0.0173149995,0.0075106213,0.0026324466,0.0020001306,-0.0095583982,0.0070303694,-0.0254573242,0.0062814194,0.0078927994,-0.0039078241,-0.0081730732,-0.0044857452,0.0079996380,0.0012837645,-0.0094819991,0.0057220924,-0.0201120137,0.0094175709,0.0105671518,0.0045448732,-0.0071598538,0.0139599500,0.0070821729,-0.0095256983,0.0046339137,-0.0188517235,-0.0161761312,-0.0247621241,-0.0029551446,-0.0127761489,0.0007567235,0.0106643722,0.0041223490,0.0061869792,-0.0039979855,0.0314334776,0.0029931462,-0.0094250325,0.0156174462,0.0103298764,-0.0158762227,0.0035053206,0.0042440279,0.0050438324,-0.0215012214,0.0076008769,-0.0240971554,0.0160242286,0.0211787169,-0.0150436743,0.0117505586,-0.0241315373,-0.0122953147,0.0248776433,-0.0035642028,-0.0226977382,-0.0117103007,0.0316957525,0.0151916367,-0.0037196633,-0.0235637286
150.0000000000,-0.0070825378,0.0198966384,-0.0059056130,-0.0135604090,0.0094462371,0.0062858429,-0.0227239055,0.0278475113,-0.0133838847,-0.0257805048,-0.0006217777,-0.0034566724,-0.0086471606,-0.0228431586,-0.0034598674,-0.0130057596,-0.0001594768,-0.0000364566,-0.0226365795,0.0215564450,0.0142946080,0.0191134106,0.0030949674,0.0007474204,0.0206654678,-0.0028642349,0.0065745573,-0.0224922989,-0.0047742033,0.0186962039,0.0013585440,-0.0022132391,0.0041280711,0.0193047470,0.0130963145,-0.0057790942,-0.0066080033,-0.0035036350,-0.0089807366,-0.0057242556,-0.0017652776,-0.0160930138,-0.0239934126,-0.0083261217,-0.0068592118,-0.0212867220,-0.0376347710,0.0151859186,-0.0169939533,0.0061771595,0.0257189967,0.0106629424,0.0086758931,0.0105507332,-0.0220178617,-0.0215502033,-0.0085575892,-0.0062887039,-0.0148692213,-0.0007404817,-0.0196254660,0.0226801902,0.0256756364
151.0000000000,-0.0072075784,0.0239427783,-0.0169858481,0.0067621319,0.0058334657,-0.0083899141,-0.0035084697,0.0049359620,-0.0063187622,0.0195477133,-0.0050468915,-0.0085023928,-0.0011633703,0.0180381204,-0.0059868321,-0.0129449669,-0.0130534399,-0.0086449314,-0.0173558604,0.0083792109,0.0193168184,0.0092841533,-0.0121100382,0.0007691965,0.0085164977,-0.0440935498,-0.0052262033,-0.0207475188,-0.0188511761,-0.0190366890,0.0020915695,-0.0017859681,0.0120590218,0.0202208547,0.0228022742,-0.0208849205,-0.0084101960,0.0152613946,-0.0202913760,0.0031714220,0.0090987975,0.0199735561,-0.0275809127,-0.0115347676,-0.0060006691,-0.0264048316,-0.0395402607,-0.0094037346,-0.0120599871,0.0090829233,-0.0022430242,0.0039930514,0.0248489140,0.0144215399,-0.0069895248,0.0018327352,-0.0075159470,-0.0145699421,-0.0050558873,0.0017649526,0.0029348108,-0.0117949101,-0.0048852339
152.0000000000,0.0015093749,0.0035696903,-0.0063915958,-0.0056708983,-0.0158324329,0.0348753265,-0.0452767345,0.0070587234,-0.0070867137,0.0027222567,-0.0174211118,-0.0074570997,0.0015907569,-0.0068952192,-0.0166668909,-0.0061205044,-0.0032935803,0.0059836799,-0.0119403624,0.0067914541,0.0048208965,0.0297773541,-0.0070005435,-0.0187737638,0.0093040425,-0.0235818675,0.0136272449,-0.0352117577,-0.0187035252,0.0237937745,-0.0022732332,0.0053584468,0.0052691964,0.0373498167,0.0103066234,0.0105350287,0.0008092396,0.0139193347,-0.0194846578,0.0068301782,0.0002435457,0.0117893882,-0.0208482999,-0.0249874792,-0.0007583809,-0.0175603199,-0.0528935569,0.0242316490,0.0056583027,0.0041660431,0.0292507299,0.0097801765,0.0118227189,0.0076518127,-0.0154230788,-0.0046195176,-0.0172943265,0.0058048548,-0.0126054264,0.0318703225,-0.0235025131,-0.0037592061,0.0114227087
153.0000000000,-0.0118079410,-0.0027547348,0.0172457921,0.0188768143,0.0007262630,0.0076039197,0.0085883791,-0.0032579399,-0.0061270971,-0.0116492794,0.0001745601,-0.0079020677,-0.0061347061,0.0009319053,-0.0102624013,-0.0099291938,-0.0194451364,-0.0107798147,-0.0213410400,0.0094825839,0.0153779743,-0.0047504625,-0.0141104758,0.0108750572,0.0097873350,-0.0239415419,0.0130968691,-0.0290731901,-0.0314932933,-0.0192722800,0.0034351313,-0.0106728236,0.0001520277,-0.0091002658,0.0006749525,-0.0169757276,-0.0085554092,0.0118098791,-0.0225813039,0.0135294520,-0.0007053391,0.0106657810,-0.0165101866,-0.0106892749,-0.0223033282,-0.0073890951,0.0091623951,-0.0038394536,0.0077451364,0.0087356603,-0.0036598446,0.0019434298,0.0018512361,0.0186834895,-0.0103875672,-0.0138601935,-0.0018978712,-0.0091932166,-0.0080576717,0.0159110533,0.0089046049,-0.0161878190,0.0017940384
154.0000000000,-0.0072368448,-0.0171262530,-0.0108731801,-0.0180068041,0.0035880465,0.0235316245,-0.0178783366,0.0203338778,-0.0075453529,-0.0285365382,-0.0032184274,-0.0056903152,-0.0261097535,0.0064163800,0.0028821615,-0.0152009083,0.0135023993,-0.0008066979,0.0002050685,0.0191826248,-0.0000453464,-0.0127715273,-0.0286762804,-0.0066505028,0.0228170817,0.0020621355,-0.0111997736,0.0092227356,-0.0246060772,0.0011312749,-0.0001420463,-0.0168307477,0.0067261791,-0.0064172430,0.0027101955,-0.0030881734,0.0032594767,0.0036979167,-0.0021984959,0.0030757414,0.0155326048,-0.0068990403,-0.0131387515,-0.0090073929,0.0028291493,-0.0207780535,-0.0131372700,0.0104636288,-0.0147776815,0.0065327173,0.0179142475,-0.0205553344,-0.0004661926,0.0048865193,-0.0017384438,-0.0100247659,0.0021872962,-0.0096117325,-0.0181392323,0.0175612079,-0.0081153071,0.0091904333,-0.0041706712
155.0000000000,-0.0176748734,0.0111336324,-0.0323921019,0.0025406155,-0.0050984711,0.0186084255,0.0062179952,-0.0004962930,-0.0065306471,-0.0002396836,0.0062157327,-0.0266653591,-0.0216183973,0.0078655909,-0.0020059823,-0.0095466836,-0.0045353965,-0.0119499442,-0.0419442909,0.0288850962,0.0046012341,0.0052398739,-0.0423295133,-0.0089777423,0.0087048384,-0.0292540447,0.0002025216,-0.0307987848,-0.0217856611,-0.0209131447,0.0061991362,-0.0145271853,0.0214624672,0.0358392838,0.0328676585,-0.0121587320,-0.0006656088,0.0427226158,-0.0345631790,0.0194956001,-0.0009190084,0.0019128241,-0.0219496917,-0.0098584814,-0.0088950071,-0.0152678180,-0.0335584256,-0.0164309636,-0.0050234605,-0.0034208611,0.0005315732,0.0166746401,0.0025165593,0.0310924311,-0.0255736674,0.0109798396,-0.0289970271,-0.0126250980,-0.0411312429,0.0080693573,0.0001848410,0.0006868873,0.0143707800
156.0000000000,-0.0133315435,0.0066019167,-0.0090959981,0.0044894960,0.0060969159,-0.0044071887,-0.0302031798,0.0154800113,-0.0133043689,-0.0003948209,-0.0090237779,0.0013332477,-0.0092251642,0.0194406419,-0.0115517017,-0.0258944945,-0.0098088207,-0.0281268013,-0.0430921557,0.0008787201,-0.0059520547,-0.0206940689,-0.0375075145,-0.0143630527,0.0122672153,-0.0131860655,-0.0211157430,0.0001327505,-0.0282852618,-0.0040236261,-0.0009993057,0.0085881773,-0.0070353371,0.0293464016,0.0202617769,0.0033327696,-0.0034047448,0.0144495565,-0.0197445781,-0.0135612343,0.0241150987,0.0196472858,-0.0199974018,0.0071045568,-0.0196185102,-0.0165876794,-0.0223297516,-0.0283844688,-0.0025109519,0.0072740436,0.0148014491,-0.0119717803,0.0082271485,0.0034094153,-0.0583619744,-0.0042960913,0.0076204545,-0.0015792834,0.0266036140,-0.0050386678,-0.0055206657,-0.0114452340,0.0226558066
157.0000000000,-0.0050746237,-0.0059080721,-0.0140796993,0.0079306812,-0.0053832458,0.0242659261,0.0008142266,-0.0077967294,0.0009375281,0.0185748637,-0.0129049411,-0.0042042561,0.0050607791,-0.0178342432,-0.0147759566,-0.0132529569,-0.0036814040,-0.0074105174,-0.0184678460,0.0334487583,0.0155299700,0.0140413607,-0.0159149783,-0.0134346996,0.0187494924,0.0005352905,-0.0158723212,-0.0078786174,0.0076625463,-0.0086675354,0.0072218039,-0.0251584025,0.0004365674,0.0131504313,0.0169323128,0.0119217566,0.0060437730,0.0052267057,0.0035804319,0.0146542962,-0.0030188824,0.0070046185,-0.0243056720,-0.0053106413,-0.0238172043,0.0007998343,-0.0323383622,-0.0071779912,-0.0049500530,-0.0063115123,0.0363180971,0.0024196382,0.0044230688,0.0077165751,-0.0092326676,0.0096655899,-0.0005456884,-0.0120561906,0.0089092366,-0.0013465438,-0.0149825454,0.0259840445,0.0103325657
158.0000000000,-0.0196224226,0.0023802016,0.0139073847,0.0101434278,0.0128055918,0.0107283194,-0.0171729497,0.0204344816,-0.0302862005,-0.0032679563,0.0013142662,0.0055886456,-0.0105433519,0.0043406953,0.0049057716,-0.0298916054,0.0105724821,-0.0073058475,-0.0347831647,-0.0111375965,-0.0025464581,0.0151966994,-0.0105801332,-0.0109728914,0.0052108109,0.0015166482,0.0061774398,-0.0163903964,-0.0055429006,-0.0172697898,-0.0210690791,-0.0265589066,0.0210975818,0.0357095517,0.0253148592,0.0206352831,0.0107519837,-0.0030454628,-0.0013641403,0.0181090572,0.0167753529,0.0075960707,-0.0339716673,-0.0104677139,0.0028079213,-0.0035552109,0.0070508866,0.0100680086,-0.0384490246,0.0236278947,0.0149263925,0.0105982106,-0.0101996204,0.0188262427,-0.0241458692,0.0013011585,-0.0066584644,-0.0052662164,0.0080227796,0.0186563131,-0.0124150577,-0.0070235631,0.0021649946
159.0000000000,0.0014309776,-0.0075271321,-0.0180679807,-0.0063433470,-0.0036853881,0.0095838536,-0.0133996348,0.0007880985,-0.0103316166,0.0042372401,-0.0007888873,0.0112628468,0.0097579736,-0.0056817428,-0.0189142739,-0.0105798793,-0.0129718610,0.0034781934,0.0022834209,0.0177341369,0.0092168687,0.0079012152,-0.0378429871,0.0035389186,0.0090387662,-0.0273920966,-0.0037322128,-0.0101099691,0.0105485209,0.0076422704,0.0010940822,-0.0071387547,0.0105868831,-0.0087781442,-0.0168493550,-0.0108837711,-0.0161347843,0.0220119586,-0.0121604311,-0.0064699968,0.0153710394,-0.0024283750,-0.0050129989,-0.0039225329,-0.0125042282,-0.0103381639,-0.0328415723,0.0052497258,-0.0071456854,0.0018003309,0.0146142457,-0.0038330981,0.0073388904,-0.0131075350,-0.0268247941,0.0149852573,-0.0212632024,-0.0233647121,-0.0070552319,0.0055408258,-0.0072628519,0.0050091240,0.0143066206
160.0000000000,-0.0227517004,-0.0034000338,-0.0079631986,-0.0043915860,0.0110166054,-0.0041114154,-0.0025198632,0.0230352041,-0.0325350532,-0.0011590993,-0.0030383312,0.0159553898,-0.0217837861,-0.0135111214,-0.0181109479,-0.0086411761,0.0023258251,-0.0167068368,0.0009767090,0.0109235886,-0.0074797410,0.0022882714,-0.0289874128,-0.0118561505,0.0195162727,-0.0123638725,0.0041538984,-0.0110536112,-0.0156644129,0.0091601998,-0.0204852586,-0.0143357080,0.0225338922,0.0091504507,-0.0062481412,0.0087710451,0.0090448622,0.0197162974,0.0126475585,0.0031378010,0.0141685216,0.0236772746,-0.0374740644,-0.0126359634,0.0050840598,-0.0180053935,-0.0077598304,-0.0008991505,-0.0110772521,0.0036079967,0.0168608653,0.0151595409,0.0045664852,0.0060432205,-0.0072959267,-0.0022059012,-0.0041285754,-0.0036360130,-0.0062692399,0.0153459099,-0.0214559197,-0.0049985129,-0.0026049901
161.0000000000,-0.0050352894,0.0052250920,-0.0053106029,0.0113447514,-0.0033864747,0.0169016830,-0.0207068176,0.0170757115,-0.0034872737,-0.0068048040,0.0100970929,-0.0196279583,-0.0247698131,-0.0074538842,-0.0027284132,-0.0164855006,-0.0002377783,0.0131387069,-0.0277443928,0.0120051959,0.0018813018,-0.0147714923,-0.0295954119,0.0037941531,0.0059715478,-0.0097861086,0.0026246933,-0.0080405351,0.0050085597,0.0078721003,0.0069691628,-0.0148221166,-0.0084141214,0.0224251004,0.0043116782,0.0019541994,-0.0104362836,0.0082401374,0.0110360808,-0.0069503326,0.0248022577,0.0095848081,-0.0115951115,0.0066706337,0.0048888156,-0.0161082597,-0.0204464282,0.0067718009,-0.0041416116,-0.0126161527,-0.0000375981,-0.0041744729,0.0082745209,0.0130764285,0.0016908050,0.0045999775,0.0229353890,0.0077684763,-0.0084328717,0.0120521649,-0.0110257278,-0.0056755736,-0.0110364922
162.0000000000,-0.0076780585,0.0013309109,-0.0003108001,0.0432101981,0.0029669190,-0.0112588739,-0.0012841490,0.0005434537,0.0089035405,0.0072381712,0.0184075025,-0.0139473993,-0.0068053109,0.0043391100,-0.0051697128,-0.0159261168,-0.0233876156,-0.0157669216,-0.0153329541,0.0097315490,-0.0054442065,-0.0058974340,0.0063324797,-0.0134073782,0.0041482627,-0.0134284291,-0.0083330088,0.0159872559,-0.0167697884,0.0096134112,-0.0076034432,0.0145348768,0.0190402922,0.0085971602,-0.0095327005,-0.0083194889,-0.0097271317,-0.0039633819,-0.0168060516,0.0038912507,0.0256747844,0.0046548998,0.0028074746,-0.0073951269,-0.0248337120,-0.0016646599,-0.0211135977,-0.0122894719,-0.0219352649,0.0051352013,0.0128972879,-0.0152076629,-0.0019630501,0.0302349736,-0.0329772372,-0.0072477224,-0.0009170649,-0.0105284729,0.0002600070,-0.0009929688,-0.0115090393,0.0105492282,-0.0064032017
163.0000000000,-0.0061633327,0.0137301976,-0.0001898954,-0.0020692577,0.0110145790,0.0133902582,-0.0276240728,0.0077965359,-0.0280091643,0.0047029995,-0.0142931715,0.0039813502,0.0107585767,0.0018199291,0.0144373564,-0.0075323362,-0.0200342709,0.0041992297,-0.0198423126,0.0159787287,-0.0049888591,-0.0039829745,-0.0290210190,0.0039403102,0.0412475452,-0.0013966509,0.0017533825,-0.0249366809,-0.0115849678,0.0090507387,-0.0094189647,-0.0253074667,0.0042601719,0.0052253350,0.0108332591,-0.0053383639,0.0043882126,0.0060280642,0.0121746986,-0.0105651448,0.0100461567,-0.0222201639,-0.0176009562,-0.0200134722,-0.0098296646,-0.0133819111,-0.0415504757,0.0079724927,-0.0212321722,0.0006567897,0.0059873518,0.0295328309,0.0133949021,-0.0262913359,-0.0149290493,0.0117958064,0.0181035948,-0.0177265727,-0.0013679524,-0.0059794194,-0.0061613898,-0.0003026067,0.0133031066
164.0000000000,0.0119625345,0.0031754968,-0.0127925311,-0.0042985290,-0.0049886069,0.0263858377,-0.0123092229,0.0250287803,-0.0105332705,-0.0092861277,-0.0143523800,-0.0066757277,-0.0025930823,-0.0155847749,-0.0109809993,-0.0019027698,-0.0069369898,0.0060980160,-0.0108747899,0.0039409932,-0.0037028031,-0.0093853100,-0.0177419280,-0.0075952368,-0.0014339450,-0.0304438975,0.0149794410,-0.0027273170,-0.0143798972,-0.0175996919,0.0103580617,0.0097250555,0.0020498548,0.0276082176,0.0057356479,-0.0050065392,-0.0194918229,0.0150735540,0.0165012230,0.0113623050,0.0057818445,-0.0097139766,-0.0159259791,-0.0003275281,0.0030327230,-0.0012480067,-0.0085246513,0.0000413775,-0.0040546322,0.0233129724,-0.0091996805,-0.0290887300,0.0081845469,-0.0064428702,-0.0278902671,0.0011200259,-0.0124597703,0.0117174480,-0.0053713528,0.0043616666,-0.0069904207,0.0184074071,-0.0217309841
165.0000000000,-0.0018021327,0.0054709014,0.0030929854,0.0040921659,-0.0044397368,0.0235545960,-0.0308814088,-0.0065540240,-0.0003681477,0.0352082391,0.0021333630,-0.0037411974,-0.0156630677,0.0112981775,0.0068760918,-0.0032945169,0.0167335676,-0.0162848541,-0.0286253642,0.0083248527,-0.0060646689,-0.0003843127,-0.0110701790,0.0232806794,-0.0162641857,0.0093694399,0.0134050435,-0.0154338165,-0.0182727503,-0.0114229471,0.0190390129,-0.0072030643,-0.0064537129,0.0055235677,0.0008223598,-0.0139623715,0.0055813508,-0.0005572809,-0.0102342998,-0.0039563585,-0.0071305693,-0.0019725576,-0.0076064433,-0.0342651357,-0.0093452608,-0.0152002530,-0.0270788375,0.0162521494,-0.0231500381,0.0181871076,-0.0105765362,-0.0046895900,0.0318079683,0.0127043933,-0.0049714241,-0.0007517811,-0.0023653656,-0.0041230108,-0.0080162828,0.0281098767,0.0048637800,-0.0040734302,0.0102553097
166.0000000000,-0.0167324002,-0.0021818051,0.0013839895,-0.0135105499,-0.0211550987,0.0184156016,0.0008152773,0.0287347777,0.0041401790,0.0179969927,0.0046922471,0.0074536688,-0.0054856202,0.0036247143,0.0137836974,-0.0062804689,-0.0050422360,-0.0015787884,-0.0252634063,0.0028824628,0.0366465893,-0.0012518528,-0.0280613492,0.0172939156,0.0091776309,-0.0001140525,-0.0071751455,0.0066264102,-0.0128572701,0.0024188361,0.0008012436,0.0043768020,0.0062163581,0.0091906518,0.0025257146,0.0032175864,0.0142602645,0.0115932472,0.0211172653,0.0036776130,-0.0048431007,0.0288013496,-0.0088639431,-0.0199810823,-0.0057509230,0.0030471630,-0.0151968006,-0.0006323457,-0.0271438563,0.0199238254,0.0202087635,0.0006050920,0.0026605311,0.0020383220,-0.0222776900,0.0001064430,-0.0240267390,-0.0115225424,-0.0029322355,-0.0053585995,-0.0251005091,0.0073322007,0.0252849083
167.0000000000,0.0154612785,0.0188797175,-0.0018280112,-0.0214014683,0.0001908413,-0.0000561362,0.0047407543,0.0182115140,0.0042216291,-0.0006495541,-0.0020142356,-0.0019377255,-0.0118554509,0.0072520839,-0.0052359103,-0.0029306010,-0.0077959491,-0.0277379351,-0.0043493609,0.0089211615,-0.0144096896,0.0304835274,-0.0023779590,0.0055915437,-0.0071611399,-0.0114098949,-0.0054836950,-0.0082024482,0.0014644694,-0.0065347330,-0.0034009747,-0.0192539068,-0.0049412247,-0.0040433760,0.0165083151,0.0072283475,-0.0081040420,0.0191151749,0.0155413009,-0.0004419156,0.0096627493,-0.0110913105,-0.0067336190,-0.0042940303,0.0070494272,-0.0212019694,-0.0330946532,-0.0005157859,-0.0006554333,-0.0073648195,-0.0018347492,-0.0042801366,0.0133781213,0.0113146541,-0.0105324969,-0.0102868983,0.0071458912,-0.0127471904,-0.0161502434,0.0111737630,0.0091937539,-0.0083693639,-0.0005268894
168.0000000000,-0.0258803852,0.0139471147,-0.0215138230,-0.0120583282,0.0279976061,0.0212088873,-0.0180464148,0.0238163760,-0.0189398384,0.0070809210,-0.0125982282,-0.0065177717,-0.0244427700,-0.0262285035,0.0081748746,-0.0111008387,0.0023188940,-0.0019673963,-0.0334274835,0.0050538188,0.0095006076,0.0061616370,-0.0329677366,-0.0028670080,0.0334375887,-0.0152455743,-0.0094472384,-0.0029671264,-0.0185820739,0.0276359950,0.0076325854,-0.0180756309,-0.0006441048,0.0015528400,0.0177415951,0.0149839809,0.0221013884,0.0128736168,-0.0086143039,0.0115822636,-0.0021313109,-0.0044502669,-0.0312424616,-0.0242698858,-0.0085128717,-0.0212436196,-0.0222145915,0.0241249116,-0.0107775566,0.0152218478,0.0216337090,-0.0081215960,0.0037953026,0.0156250448,-0.0174970113,0.0132733891,-0.0207832322,-0.0031519305,-0.0162835848,0.0082887074,-0.0017353775,0.0176339135,0.0108967505
169.0000000000,0.0073154916,-0.0048161089,-0.0047115795,-0.0010323907,0.0057488523,-0.0270556839,-0.0122069001,-0.0021738625,-0.0006692096,-0.0050596946,0.0045160658,-0.0055710218,-0.0132635509,0.0171380821,0.0137153388,-0.0078220164,0.0015009894,0.0273304761,0.0001762944,0.0047084043,-0.0102402477,0.0064579155,-0.0087760315,0.0102128386,0.0117934135,0.0053843322,-0.0043725847,0.0031274955,0.0183696738,-0.0184633198,0.0173389640,-0.0284865839,-0.0124081713,0.0144603213,0.0222999250,-0.0222875231,-0.0148248877,-0.0129157455,-0.0041288309,-0.0154682345,-0.0082508894,0.0090851072,-0.0098282478,0.0086765846,-0.0001595851,-0.0010956852,-0.0070758780,0.0067594550,-0.0212157464,0.0087224037,0.0046866524,0.0145983465,-0.0068825108,0.0016390122,-0.0085394823,-0.0058302138,0.0001875031,0.0074130166,0.0159239695,0.0018134474,-0.0108098071,-0.0009778169,-0.0093137600
170.0000000000,-0.0096941869,0.0002909795,-0.0057188336,0.0148024236,-0.0114529699,-0.0088911316,-0.0087659519,-0.0022504933,-0.0174943279,0.0066177633,-0.0061975077,-0.0074141990,-0.0117933286,-0.0062924524,-0.0018672335,-0.0022407664,0.0037139914,-0.0038020525,-0.0224044499,0.0014365606,0.0007173126,-0.0232506911,-0.0141580883,-0.0092321545,0.0106173326,-0.0198678410,0.0128236782,0.0012294741,-0.0126104699,-0.0062322831,0.0165481578,-0.0106965999,0.0026621600,0.0152071117,0.0247606487,0.0091630212,-0.0096264864,0.0145573425,-0.0070036238,-0.0165718598,0.0171665516,-0.0138318280,-0.0069592373,0.0025089617,0.0036390758,-0.0039411627,-0.0236406061,0.0016227365,-0.0121821776,0.0166454624,0.0285789585,-0.0103152862,0.0050710675,0.0203099553,-0.0376417473,0.0132107119,-0.0137193077,-0.0343503962,-0.0094755814,0.0088992632,-0.0176121274,0.0119541226,-0.0217940569
171.0000000000,0.0073739451,0.0256618692,0.0011558185,-0.0063591562,0.0170135679,0.0285654550,-0.0139493268,-0.0023980913,-0.0085992765,0.0089385298,0.0169469225,-0.0022235299,0.0073574706,-0.0161887231,-0.0051281631,-0.0151589684,-0.0277154950,-0.0029691608,-0.0228729340,0.0263852747,-0.0186812557,0.0063161326,-0.0327915211,0.0165070206,0.0065112076,-0.0025739952,0.0143236095,0.0161284058,-0.0093774346,-0.0053210447,0.0082330747,-0.0031250595,0.0268863937,0.0343635558,0.0089269167,-0.0189499655,0.0212435801,0.0181149711,-0.0165536106,-0.0018554088,-0.0160238972,0.0018292241,-0.0050602229,0.0026142591,-0.0325493299,-0.0073002558,-0.0266661696,-0.0139799048,-0.0045263113,0.0142384520,0.0015223524,-0.0134658361,0.0065434735,0.0022069314,-0.0178009650,0.0041622726,0.0056833813,-0.0039421810,-0.0056403626,0.0157210509,0.0094319038,-0.0197937538,0.0305803385
172.0000000000,-0.0000671323,0.0101188639,0.0148037555,-0.0081474902,-0.0045572947,0.0100205391,-0.0051988909,-0.0057367886,-0.0124243129,-0.0435795842,0.0255541118,-0.0004095505,-0.0022213359,-0.0091644809,-0.0119601239,-0.0092372035,0.0169571375,-0.0155813071,-0.0193068930,0.0003949739,-0.0168543853,-0.0171205574,0.0049999895,0.0069578557,0.0062081424,0.0051488524,0.0056023222,-0.0073961511,0.0082162230,-0.0030588598,-0.0056600113,-0.0041912856,-0.0169003527,-0.0049732972,-0.0188521820,-0.0049132452,-0.0043325768,-0.0021237476,0.0126074591,0.0008889423,-0.0137737335,0.0029696330,-0.0059982390,0.0184982002,0.0024970224,-0.0084211559,0.0045599326,0.0062970829,0.0180592932,-0.0066322954,-0.0042054747,-0.0130026531,0.0034044040,-0.0010938486,0.0038580991,0.0027946997,0.0042146626,-0.0003968716,-0.0015428845,0.0252057432,-0.0183986835,0.0052554645,0.0011074702
173.0000000000,-0.0101732903,-0.0115390168,-0.0020630505,-0.0011048357,0.0166194483,0.0108295327,-0.0097489418,0.0009524182,-0.0042660481,0.0065424863,0.0027212487,-0.0180088218,-0.0147727955,-0.0250429221,0.0045173260,-0.0058396668,0.0127492937,-0.0138784994,-0.0177532639,0.0118547265,0.0078240360,0.0183078577,-0.0254970157,0.0153771540,-0.0001613635,-0.0164474319,-0.0025708203,-0.0035416719,-0.0264993112,-0.0113575734,0.0247832806,0.0071921864,-0.0034437372,-0.0055426025,0.0100741041,-0.0094742450,0.0042914071,0.0105611341,0.0164176081,-0.0110606640,-0.0115297661,0.0080005494,-0.0215088341,-0.0001116399,-0.0236405123,-0.0194347250,-0.0279970886,0.0018763071,0.0071572125,-0.0248288095,0.0042040183,-0.0029936545,-0.0104378105,-0.0075601353,-0.0085456819,0.0141345282,0.0005928293,0.0000081661,-0.0098281392,0.0380211391,-0.0193137793,0.0120446283,-0.0046279098
174.0000000000,-0.0087384275,0.0175129914,-0.0008275245,0.0129484162,-0.0008140754,-0.0094333181,-0.0272328674,-0.0027990326,0.0006336774,-0.0049495546,0.0103669203,-0.0232322805,0.0062105190,-0.0080679425,-0.0074695502,-0.0066579427,-0.0200209360,-0.0012849585,-0.0194062592,-0.0034780048,0.0132564666,0.0069046967,-0.0076103027,-0.0119514034,0.0097254550,-0.0139939340,0.0204517774,-0.0292216408,-0.0032445074,-0.0092798850,-0.0014679618,0.0157497952,0.0198151576,0.0181489947,0.0345971464,0.0119419971,-0.0098305967,0.0216723805,0.0176515455,0.0075474091,0.0052773767,0.0071493022,-0.0358302440,-0.0090572643,0.0121083079,0.0030705462,-0.0145922158,-0.0111067945,-0.0100541632,-0.0069345708,0.0058659506,-0.0031712144,-0.0256661861,-0.0104225498,-0.0119225654,0.0126721115,-0.0045521509,0.0192018036,-0.0150773373,-0.0006283067,-0.0082368220,0.0169265024,0.0158477600
175.0000000000,0.0010952504,0.0166269139,-0.0167783064,-0.0248312278,0.0159540621,0.0198972413,-0.0129319941,0.0144554115,0.0006749952,-0.0076422827,0.0043984538,-0.0123838304,-0.0087418112,-0.0014310811,0.0011254873,0.0047918007,0.0003188276,-0.0241846133,-0.0013815316,0.0036247619,-0.0067580083,0.0025147624,0.0017603848,0.0057486834,-0.0017234454,-0.0259147257,0.0220523950,-0.0221680745,-0.0154983194,-0.0112758873,0.0109388886,-0.0080362238,0.0040363001,0.0084112642,0.0066368379,0.0085001170,0.0203091697,0.0051283055,-0.0221839826,0.0029890214,0.0016323241,-0.0084974354,-0.0181073818,-0.0088443692,-0.0094156419,0.0094548768,-0.0018244846,0.0070693999,-0.0089661776,0.0009175867,0.0036992394,0.0035759672,0.0050055572,0.0148370213,-0.0066699623,-0.0108288903,-0.0089433270,-0.0051680063,-0.0003827993,0.0118997985,-0.0191148613,-0.0058121354,-0.0089507873
176.0000000000,0.0174824924,-0.0077946625,-0.0080983352,0.0213325977,0.0038043708,-0.0004806243,-0.0136250809,0.0096977785,-0.0080800320,0.0192376559,0.0101683308,-0.0001329297,-0.0368353948,-0.0190978868,0.0118037398,-0.0028537050,0.0023694445,0.0091594281,-0.0263087478,-0.0072995512,-0.0165473218,0.0088379611,-0.0204920061,0.0200286766,-0.0003634491,-0.0127921042,0.0186604045,-0.0013464018,-0.0046965934,0.0232536281,-0.0138272784,-0.0053067417,-0.0033342795,0.0053182682,0.0034306938,0.0222425079,0.0033062542,0.0012419367,0.0170969117,0.0018774243,0.0191538594,-0.0003354279,-0.0162063901,-0.0009650324,-0.0089536261,0.0000107410,-0.0042310058,-0.0158865640,-0.0298290429,-0.0031222373,-0.0007904714,-0.0018941305,-0.0090090555,0.0049962976,-0.0093441788,-0.0052967219,-0.0040410466,0.0096627128,-0.0154359021,0.0221773826,-0.0206005206,-0.0068867315,0.0452548121
177.0000000000,0.0043102173,-0.0038148202,-0.0013998344,0.0071907314,0.0013479228,0.0138318682,-0.0115169966,0.0005085571,-0.0155897010,0.0104314075,0.0057748016,-0.0017658862,-0.0247984173,-0.0004305831,-0.0131816921,-0.0091536526,-0.0058812643,0.0210566233,-0.0055817358,0.0127633755,-0.0115421583,0.0031077364,0.0170335909,0.0041620883,0.0064751512,0.0101272752,0.0343594076,-0.0096226357,-0.0108101761,0.0118810009,-0.0192692029,0.0073393042,-0.0028803170,0.0111039735,0.0143230002,-0.0137384131,-0.0017667730,-0.0033914217,0.0249931902,-0.0056369195,0.0183915079,-0.0093768191,-0.0070753092,0.0074127715,-0.0098657372,0.0022712635,-0.0005369457,0.0142523285,-0.0105040583,-0.0139798256,0.0022932707,-0.0251452283,0.0020359664,0.0066272352,0.0038935064,-0.0010277474,0.0025395918,0.0029767416,-0.0088986696,0.0222130720,-0.0010489190,-0.0218869889,0.0085348645
178.0000000000,-0.0102256750,0.0109873480,-0.0235653655,0.0019518171,0.0084511298,0.0108132421,-0.0229643871,0.0239219225,-0.0043191158,0.0220976501,-0.0059795995,-0.0010191386,-0.0054296074,-0.0276825895,0.0079798654,-0.0366935597,-0.0253938464,-0.0100341132,-0.0241943631,0.0104203086,0.0192761289,0.0142013176,-0.0302497887,0.0016500880,0.0252076643,-0.0424203845,0.0066309757,-0.0203312052,-0.0264158764,0.0169783926,-0.0029776892,-0.0079472881,-0.0113888599,0.0192084612,0.0135432686,0.0011786379,0.0141144083,0.0324411049,-0.0271832701,-0.0107995992,0.0212762243,-0.0010292957,-0.0133844286,0.0039323192,-0.0050053782,-0.0217106856,-0.0359556444,0.0006781730,-0.0107571567,0.0185096643,0.0015069653,0.0033016606,0.0116681439,0.0070509824,-0.0177019196,-0.0056829609,-0.0293633528,-0.0044954169,-0.0436723458,0.0084352445,-0.0092333880,0.0144830022,0.0203533526
179.0000000000,-0.0221216613,0.0196490596,-0.0088634801,0.0363000203,-0.0207713853,0.0178733517,0.0011379539,-0.0122902447,-0.0097306663,0.0011857540,0.0392356688,-0.0072863876,-0.0083904565,-0.0061938621,-0.0129911136,-0.0150116205,-0.0026187173,-0.0295493849,-0.0322270498,0.0151699880,0.0046550946,-0.0149454148,-0.0379323262,0.0039751458,0.0157259545,-0.0064923908,-0.0024489155,-0.0153112881,-0.0182736028,-0.0095638066,-0.0149019928,-0.0045756744,0.0208806402,0.0433932742,-0.0096095283,-0.0130413316,0.0018122182,0.0151307275,0.0096715919,-0.0133098298,0.0103754382,0.0180277659,-0.0122512055,-0.0057022202,-0.0124513017,0.0005012680,-0.0311595831,0.0358007400,-0.0035292276,-0.0015789220,0.0258140191,-0.0046079358,0.0222970369,0.0168219077,-0.0251720150,-0.0015902198,-0.0095561304,-0.0346963358,-0.0002536610,0.0031772840,-0.0063554348,0.0015877815,0.0249288375
180.0000000000,-0.0125752091,0.0020508143,-0.0132499151,-0.0111035211,0.0037022795,-0.0075889294,-0.0160484232,0.0163472586,-0.0253283344,-0.0044886252,-0.0020667646,0.0074555414,-0.0217347346,0.0138582070,0.0113627587,-0.0374474437,-0.0291335837,0.0007158750,-0.0257277354,0.0301808419,0.0224575689,-0.0159533959,-0.0220911603,-0.0022958015,0.0247658027,-0.0044562779,0.0288022799,-0.0011093742,0.0012988718,-0.0027239842,-0.0059954028,-0.0205535380,0.0052168284,0.0062552175,0.0219665231,-0.0051941119,0.0151944547,0.0194910634,-0.0091731059,-0.0109539655,0.0166254120,-0.0142783087,-0.0284465334,0.0050534576,-0.0335944907,-0.0051996998,-0.0338947125,0.0273064860,-0.0262175274,0.0077897690,0.0122224689,-0.0027231065,0.0041731156,-0.0082015528,-0.0111183434,0.0165337438,0.0116898829,-0.0110395605,-0.0142113386,0.0024774616,-0.0204009451,-0.0111875328,0.0056137615
181.0000000000,-0.0078080551,0.0059653530,0.0010788068,-0.0067923393,0.0074302451,0.0151611010,-0.0169275219,-0.0081431632,-0.0147563868,0.0059273100,-0.0026945792,0.0020499332,0.0056757205,-0.0199181904,-0.0184792894,-0.0260573542,-0.0172552424,0.0019557246,-0.0243405255,-0.0060958208,0.0000260822,-0.0098727075,-0.0196111670,-0.0153562923,0.0333671157,0.0001118022,0.0076175003,-0.0105604568,-0.0211725200,-0.0094721547,-0.0052448326,-0.0136487985,-0.0070516667,0.0191140864,0.0251942387,-0.0006324599,-0.0020871012,0.0080335635,0.0016367372,-0.0105857502,0.0052964138,0.0121607316,-0.0225651461,-0.0038863686,-0.0141504573,-0.0120183248,-0.0346549899,-0.0011331709,-0.0246378898,0.0186977734,0.0052389097,-0.0206212506,0.0197889785,-0.0202096202,-0.0261633089,-0.0012160500,-0.0231328661,0.0094601386,-0.0087648529,0.0003121102,-0.0018897628,0.0090825478,0.0107271300
182.0000000000,-0.0117266548,0.0225843619,0.0149932893,0.0137979872,0.0020814914,0.0074750013,-0.0145339479,0.0016793146,-0.0002699337,0.0310266105,0.0158068575,-0.0217186302,-0.0044293234,-0.0310735701,-0.0033068721,-0.0072335324,0.0005362080,-0.0112729743,-0.0390308941,0.0190674065,-0.0009373276,0.0018972644,-0.0344805404,0.0020762140,0.0092224810,-0.0124189024,-0.0041604281,-0.0024107659,-0.0142143010,-0.0063031350,0.0072218700,0.0125362965,0.0074198727,0.0246616802,0.0045646203,-0.0058905193,-0.0077530778,-0.0075239974,0.0009359643,-0.0043735941,0.0250246177,0.0112196496,0.0028139319,-0.0234028220,0.0032744364,-0.0082598568,-0.0020559624,-0.0119814743,0.0097388031,0.0213986642,0.0078091920,0.0020674915,-0.0088350265,-0.0025046507,-0.0195701316,-0.0187252960,-0.0128189521,-0.0135746460,-0.0160882092,0.0088420733,0.0012918987,0.0119482642,0.0141517495
183.0000000000,-0.0182793593,0.0116518066,-0.0110274146,0.0112992532,0.0068275705,0.0217981827,-0.0053718880,0.0258275489,-0.0061998634,0.0140803692,0.0055474056,-0.0117447411,-0.0169654523,0.0035433743,-0.0007031273,-0.0144852865,0.0092014705,-0.0050268602,-0.0065962084,0.0217612604,-0.0068607433,-0.0270870014,-0.0138749671,0.0021779807,-0.0007241783,-0.0163158929,0.0010494785,-0.0049243550,-0.0009214279,0.0157928253,-0.0014611761,0.0028624561,0.0134717772,0.0104088323,0.0098499646,0.0102489378,0.0053867410,-0.0051398224,-0.0081184668,0.0026956255,0.0099388588,-0.0055538808,-0.0154009454,-0.0078374938,0.0010732754,-0.0131438501,0.0086786132,-0.0151728022,0.0029811802,0.0100051465,0.0148339121,-0.0120811489,0.0139819420,0.0046831181,-0.0062596536,0.0019286259,-0.0036487622,0.0169493816,0.0007539771,0.0000198696,-0.0110139651,0.0167521694,-0.0004931233
184.0000000000,-0.0136173584,0.0232704694,-0.0219693180,0.0110450376,-0.0176472580,0.0345259784,-0.0050442792,0.0082271765,0.0045697318,0.0016101186,-0.0213866868,-0.0135343643,-0.0125051542,0.0137394178,0.0104345484,-0.0284434128,-0.0081112675,0.0108785789,-0.0338555183,0.0037103222,-0.0116785044,-0.0055690851,-0.0307148823,0.0093553995,0.0183079475,-0.0055023452,0.0202408858,-0.0302607894,-0.0180557331,0.0111352166,-0.0247220683,0.0005495194,0.0046741057,0.0122819141,-0.0003657424,-0.0037062329,-0.0030755331,0.0261027052,0.0086814184,-0.0032507324,0.0174625632,-0.0044563726,-0.0093683437,0.0017023147,0.0239847615,-0.0237809627,-0.0147695481,0.0258871514,-0.0217614751,0.0138885329,0.0007835579,0.0054593068,-0.0094743896,0.0248904483,-0.0258814839,0.0353286262,0.0068598332,-0.0062318377,0.0157194560,0.0224908487,-0.0191490358,0.0180444148,0.0308754221
185.0000000000,0.0018575611,0.0194138581,-0.0170826618,0.0202599119,0.0284811625,0.0266481053,0.0095897776,-0.0225942487,0.0078851446,-0.0012311868,0.0169882447,-0.0224090194,-0.0069798368,-0.0166313219,0.0064039013,-0.0258018806,0.0105711659,0.0052490884,-0.0130189211,0.0030849873,-0.0144258639,-0.0237959109,-0.0089131147,0.0036328468,0.0160762016,0.0133828809,0.0082488590,-0.0227925290,0.0115441597,-0.0198888029,0.0066536035,-0.0109911362,0.0095103667,0.0130689169,0.0008868483,-0.0047482751,-0.0109034937,0.0007291388,0.0015873856,-0.0097276282,0.0073452889,0.0015163622,-0.0093468288,-0.0273553365,-0.0009256625,-0.0243085451,-0.0173626001,0.0114618868,-0.0121107870,-0.0128412004,0.0075730118,0.0025761897,0.0090136256,0.0105274084,-0.0141928111,-0.0062478373,0.0036988658,-0.0180509429,0.0075525349,0.0168829061,-0.0061237209,-0.0020166198,-0.0018156792
186.0000000000,0.0028470952,0.0159299218,0.0211350326,0.0106642761,0.0302814962,0.0163856679,-0.0227602166,0.0018023029,-0.0076809745,0.0129525810,0.0131895912,-0.0013250200,0.0064999426,0.0014133256,-0.0004465434,-0.0052813039,-0.0176864607,-0.0113120094,-0.0237359163,-0.0035000693,0.0285101145,0.0282683879,-0.0285853096,-0.0060049544,0.0045053355,-0.0029397788,0.0120847899,-0.0219165981,-0.0070664883,0.0017879951,-0.0055916836,0.0018539017,0.0237240674,0.0230905473,0.0044894930,0.0137729305,0.0041117172,0.0161056981,-0.0029962527,-0.0028598995,0.0126921393,0.0013346527,-0.0317292056,-0.0095185386,-0.0127670049,-0.0143459408,-0.0329204809,-0.0067777420,-0.0193740899,-0.0119566278,0.0335623130,0.0135941150,-0.0190572140,-0.0019303230,-0.0321080327,-0.0018305479,-0.0151275955,-0.0144876687,-0.0154838692,0.0024148863,-0.0069382572,-0.0013139456,0.0065618740
187.0000000000,-0.0290760597,0.0111590573,0.0182571338,0.0055070008,0.0169529511,-0.0103635902,-0.0021197800,0.0065478462,0.0075226091,-0.0001552583,0.0016506757,0.0163268078,-0.0070321187,-0.0071251004,0.0042053263,-0.0097668337,0.0105413558,-0.0239279936,-0.0229455395,0.0181981213,-0.0088571115,-0.0063868532,-0.0156845681,0.0038006824,0.0156320526,-0.0118972809,-0.0141286518,-0.0328277615,-0.0238254709,0.0287680998,-0.0142158646,0.0067001770,0.0110514583,-0.0082329289,0.0127558815,-0.0062200002,0.0058274504,0.0004906599,-0.0291609533,0.0049112119,-0.0122815446,0.0000468465,-0.0204834537,-0.0098315586,0.0074392299,-0.0176758592,-0.0360325821,-0.0286319364,-0.0050606688,-0.0057990743,-0.0055141904,-0.0006238308,0.0256603527,0.0007659974,-0.0097754936,0.0060425377,-0.0112989934,-0.0090984985,-0.0170135988,0.0136569836,-0.0202953928,0.0133634077,-0.0008545841
188.0000000000,-0.0148648090,0.0219448811,0.0104662655,-0.0188653141,-0.0068545048,-0.0122630740,-0.0199938968,0.0000419363,-0.0025624691,0.0184390813,-0.0112461620,-0.0076525436,-0.0222358835,-0.0131111214,0.0041548166,-0.0113405911,-0.0064105008,0.0012096996,-0.0157658916,0.0172513280,-0.0199287973,-0.0030331042,-0.0148682387,-0.0101166256,0.0027656486,0.0003763285,0.0078340006,-0.0055847396,-0.0075584488,-0.0069872609,-0.0072801806,0.0028973049,0.0222411217,0.0045266364,0.0135575383,0.0139945491,0.0091855599,0.0204521824,0.0011661404,0.0076801371,0.0038609847,-0.0010061387,0.0018202888,-0.0082280477,-0.0136208048,-0.0021521378,-0.0204785018,-0.0125957118,-0.0082760308,0.0203508758,0.0052646058,0.0093691051,-0.0015792007,-0.0050210190,-0.0123321366,0.0088784095,-0.0152345797,-0.0057038594,-0.0209544913,-0.0174738647,-0.0108101713,0.0131753250,0.0093658729
189.0000000000,-0.0134913716,0.0070026653,0.0033933998,0.0193507950,0.0239418413,0.0106438696,-0.0157842587,0.0029059699,-0.0064378644,0.0089470280,-0.0006289355,0.0041519244,-0.0172932316,-0.0260764123,-0.0059033097,-0.0164872338,-0.0151850983,-0.0155536981,-0.0443131171,0.0334368100,0.0069599494,0.0006403133,-0.0105103407,0.0135673282,0.0059484777,-0.0307901513,-0.0151181980,-0.0127513253,-0.0005622020,0.0225053276,-0.0148268048,0.0120709856,0.0180710165,0.0167495013,0.0091392115,-0.0073800031,-0.0073561020,0.0183722800,-0.0119454516,-0.0134766278,0.0085856897,0.0033689412,-0.0168531664,-0.0003196719,0.0086775320,-0.0461286460,-0.0198632837,0.0088765634,-0.0298446242,0.0235571394,0.0340999689,-0.0028867877,-0.0001676461,0.0217783474,-0.0213023103,-0.0184870358,-0.0079487699,-0.0087814388,-0.0046486383,-0.0009110071,-0.0190091676,0.0018893148,-0.0089649282
190.0000000000,-0.0141395895,0.0233953365,-0.0105879824,0.0108823883,-0.0018854149,-0.0074766934,-0.0118861305,0.0039242662,0.0053474788,-0.0210988468,0.0014220146,-0.0030369536,-0.0137111314,-0.0125560911,-0.0123469437,-0.0100126841,-0.0045606635,0.0164147843,-0.0347942996,0.0260316999,-0.0069151365,0.0102071707,-0.0172351706,0.0000648687,-0.0143035608,-0.0281501851,0.0064617034,-0.0183462631,-0.0244919703,-0.0125657470,0.0089266064,-0.0085836403,0.0021481416,0.0171742046,0.0212644101,-0.0206317450,-0.0039649012,0.0153386734,-0.0096364531,-0.0134396158,-0.0055249590,0.0218158484,-0.0148563790,0.0012490080,-0.0259753743,0.0035300511,-0.0358786615,-0.0035981510,-0.0096241516,-0.0037043127,0.0173214666,-0.0141312283,-0.0071852334,-0.0030947636,-0.0108644006,-0.0051275200,-0.0175916040,-0.0105875419,-0.0059546899,0.0077497447,-0.0157725188,0.0147324900,0.0006842756
191.0000000000,0.0141865936,-0.0009666846,0.0031812755,0.0291851544,0.0168510923,0.0229454640,-0.0057511496,0.0039157717,0.0101007902,0.0123025259,0.0062615293,-0.0013231241,0.0192624860,-0.0004914669,-0.0079819845,0.0102908812,-0.0109667540,-0.0142498062,-0.0089502851,0.0031977070,-0.0181395322,0.0208050882,-0.0262781277,0.0124451146,0.0064551825,-0.0221937909,0.0068602741,-0.0190515002,0.0061485368,-0.0184682514,-0.0026384756,-0.0107377846,0.0074466118,-0.0086384817,0.0244864704,-0.0023138817,0.0268919484,0.0326141277,-0.0163826467,-0.0013525608,0.0044652841,-0.0047415891,-0.0057042129,0.0013889187,-0.0016685920,-0.0134540206,-0.0034239812,-0.0047000276,-0.0052045556,0.0251191383,-0.0034545602,0.0074984137,0.0042769229,0.0070461262,-0.0172840077,-0.0031152339,-0.0131035271,-0.0200227289,0.0033841021,0.0123824549,0.0043952479,0.0090712088,0.0017437210
192.0000000000,-0.0198056700,0.0091590210,-0.0010031066,0.0123491266,-0.0036306633,-0.0008977888,-0.0200557837,-0.0060376525,-0.0034830396,-0.0044462746,-0.0011817069,-0.0196565096,-0.0077781287,-0.0120735162,0.0030393715,0.0110573923,0.0132544581,-0.0059748392,-0.0287841533,0.0132447170,-0.0050976229,0.0117328157,-0.0288435332,-0.0047178556,0.0130056104,-0.0072849780,0.0049585795,-0.0212054704,-0.0137864979,-0.0178196609,0.0028364425,-0.0023029710,-0.0044656758,0.0140343233,0.0203236414,-0.0039388692,-0.0045068689,0.0137592303,0.0139180851,-0.0082465261,-0.0045005370,0.0372856869,-0.0046575744,-0.0085492560,0.0076290588,-0.0225046564,-0.0247110733,0.0074374059,-0.0256798045,0.0197070383,0.0174834370,-0.0016344702,0.0099097153,0.0202647657,-0.0099377294,-0.0142642509,0.0023790981,-0.0009724467,-0.0102391664,0.0142526978,-0.0126614638,0.0038170566,0.0100683332
193.0000000000,-0.0177466038,0.0244121793,-0.0073204259,0.0112770021,0.0076183600,0.0283823489,-0.0255934011,0.0102375676,-0.0073150654,0.0114427676,-0.0103866707,0.0089744348,0.0161045960,-0.0128993165,-0.0049809323,-0.0166554742,-0.0068675784,-0.0100912331,-0.0137321506,0.0169438857,0.0081651579,-0.0037116490,-0.0158531131,-0.0026623557,-0.0017007877,-0.0165641843,-0.0015125815,0.0034316188,-0.0102548155,0.0034252098,0.0102673125,-0.0014879402,-0.0086109410,0.0191787590,0.0060726266,0.0292381816,0.0046899343,-0.0045413059,0.0057527127,-0.0145332364,0.0095582639,0.0030834463,-0.0039637757,-0.0061340896,0.0029211738,-0.0126379082,-0.0176904699,0.0146880289,-0.0110328324,0.0078492000,-0.0062858242,-0.0057901226,0.0082412165,0.0155840182,-0.0245249146,-0.0037081809,-0.0048972638,0.0136512519,0.0021498412,0.0255180539,-0.0004490142,0.0109644522,-0.0160372517
194.0000000000,0.0003969512,0.0033819054,-0.0209333549,-0.0075725383,-0.0054871110,0.0084726021,-0.0307650573,0.0033719476,-0.0002464938,0.0000413222,0.0112983978,0.0066328394,-0.0142333986,-0.0194209387,-0.0039915242,-0.0112024936,-0.0205970402,-0.0053752047,0.0020888560,0.0089360976,0.0154290557,0.0092716709,-0.0349881941,0.0095682614,-0.0022241653,-0.0103794379,-0.0137093597,-0.0104981843,-0.0028665762,0.0126878280,-0.0340844284,0.0175353289,0.0073971938,0.0054967171,0.0149182994,0.0062660482,-0.0109325401,0.0107150828,-0.0052822466,0.0004790039,-0.0033442917,0.0022316984,-0.0252238417,-0.0211465539,-0.0100286618,-0.0074783417,-0.0215323941,0.0144784882,-0.0212670083,0.0213223039,0.0039866211,0.0076354358,-0.0097707836,0.0257936272,-0.0252272507,-0.0027001523,0.0033310551,-0.0243847547,-0.0124590133,0.0323102444,-0.0021123978,0.0047695006,0.0187350298
195.0000000000,-0.0144649342,0.0053896136,-0.0280453323,0.0086402869,0.0038361024,0.0214241766,-0.0273239560,0.0064094750,-0.0168526152,0.0011500159,-0.0082256632,-0.0013326618,-0.0052080084,0.0024295459,-0.0034959317,-0.0020283037,-0.0121980001,-0.0078399241,-0.0035839801,0.0214196559,0.0017070758,0.0077742325,-0.0124956344,0.0034036963,0.0237868230,-0.0399991051,0.0082378502,-0.0090712710,-0.0068363696,0.0022067924,0.0052532204,-0.0037733858,-0.0116055397,-0.0186071822,0.0229707131,0.0028564762,-0.0252412256,0.0233376633,-0.0104270195,-0.0147674665,0.0260622181,-0.0078561049,0.0014515001,0.0001810033,0.0048513866,-0.0235300516,0.0005450324,0.0302484865,-0.0032112538,0.0340120230,0.0193919543,-0.0018793038,0.0101610538,-0.0096510530,-0.0105831323,-0.0066808867,-0.0247276280,0.0007069557,-0.0173958016,0.0135385531,-0.0026904063,0.0046405385,0.0106186384
196.0000000000,-0.0114829630,0.0092960556,-0.0122520278,0.0056518809,0.0115110302,-0.0013712639,-0.0303447029,-0.0014048871,0.0067084178,-0.0133585133,-0.0021904435,-0.0067790619,-0.0038529438,-0.0037708443,0.0045002589,-0.0102759507,-0.0189728208,0.0105920557,-0.0225119982,0.0006344991,0.0144548397,-0.0033460939,-0.0131710360,-0.0097679189,0.0401397728,0.0044170474,0.0145294531,-0.0186841554,-0.0019382104,0.0030624508,-0.0175034426,0.0046840256,-0.0018737007,0.0165159499,-0.0069964433,0.0157179289,0.0033692116,-0.0057189749,-0.0151418553,0.0136109873,-0.0060908243,0.0029511149,-0.0201831059,0.0165452897,-0.0030109895,-0.0077383204,-0.0260338174,0.0102230623,-0.0058402333,0.0136204535,0.0052647680,-0.0060276103,0.0036643209,-0.0013178803,-0.0175778134,-0.0026831331,-0.0099080356,-0.0188132936,-0.0101910249,0.0274689351,-0.0142453340,0.0036438449,0.0070239049
197.0000000000,-0.0194074980,0.0137440144,-0.0122336726,-0.0016673158,0.0208556515,-0.0031712464,-0.0116396096,-0.0018850990,0.0019372113,-0.0122383632,0.0030810608,-0.0139229066,-0.0018286726,-0.0062454844,-0.0051807299,-0.0036893957,0.0125125377,0.0050481611,-0.0319014474,0.0207595726,-0.0030932330,0.0047011942,-0.0214006975,0.0029440813,0.0154945646,-0.0272424781,0.0301790775,-0.0312540227,-0.0081617226,0.0027493970,-0.0127048040,0.0083831326,0.0002573172,0.0331625109,0.0073095261,0.0253524210,-0.0096863237,0.0074149800,-0.0076398644,-0.0057340481,0.0148415552,-0.0056991052,-0.0049339383,-0.0168454515,0.0049748457,0.0035333146,-0.0420388458,-0.0039731560,-0.0319335413,0.0032373770,0.0152477858,0.0099787122,0.0242973167,-0.0147983518,-0.0235602729,-0.0122865119,-0.0102201238,-0.0117431595,-0.0142288926,0.0112387409,0.0027357469,0.0067173093,-0.0191450591
198.0000000000,-0.0100451529,-0.0016304646,-0.0088725838,0.0165453881,-0.0095854564,0.0248360996,0.0066077406,0.0179117063,-0.0264214826,0.0105381163,-0.0017959891,-0.0104832976,-0.0032721130,-0.0073349921,0.0048835492,-0.0073601426,-0.0035505862,0.0013285647,0.0054915828,-0.0072327749,-0.0080983502,0.0159750047,0.0027390162,-0.0093907928,0.0240750671,0.0009076571,0.0066703222,-0.0034045951,-0.0050029103,0.0053080228,0.0050558993,0.0092791820,0.0084146157,0.0239092452,0.0210973037,0.0186258469,-0.0089553845,0.0242845080,0.0049550133,0.0079109875,-0.0053934378,-0.0138850630,0.0081702071,-0.0122661712,0.0051263059,-0.0254384223,-0.0130669319,0.0071439287,-0.0174105286,-0.0001507551,0.0215495137,-0.0294683076,-0.0134389805,0.0150955342,-0.0171785477,0.0162559572,0.0039959349,-0.0122279315,0.0255391723,0.0053721224,0.0139609220,0.0131270938,-0.0102147536
199.0000000000,-0.0256080745,0.0155452336,-0.0044207107,0.0032031084,0.0079304312,0.0102247494,-0.0264946798,0.0248026454,-0.0069087284,0.0095038217,0.0091321385,0.0139511119,-0.0130231261,-0.0176851615,0.0096146946,-0.0325630116,-0.0281699959,-0.0181081676,-0.0303842443,0.0171845735,0.0154711235,-0.0057943813,-0.0027750274,0.0029194351,0.0399218445,-0.0175643963,-0.0019858286,0.0059880712,0.0024822680,-0.0079321052,0.0142987607,-0.0218346627,-0.0044412053,0.0073133991,0.0033454701,-0.0180516370,0.0175891492,0.0294984870,-0.0104355096,-0.0220437663,-0.0121284375,-0.0219640224,-0.0245930679,-0.0234177777,-0.0170377254,-0.0125621918,-0.0263990231,-0.0131903656,-0.0182961963,0.0053111583,-0.0115514111,0.0029808705,0.0076772365,0.0277051612,-0.0205217260,0.0070818566,0.0147622587,0.0174975866,-0.0201968692,0.0225506180,-0.0236830135,-0.0067127255,0.0243367609
200.0000000000,-0.0178067222,-0.0137343237,-0.0033933125,-0.0022246429,0.0106343880,-0.0016861396,-0.0199528568,-0.0070013925,-0.0048420133,0.0014842138,0.0043552930,0.0000642725,-0.0286822297,-0.0141352347,-0.0293311143,-0.0142533201,-0.0091723518,0.0063503568,0.0049681022,0.0217176660,0.0036892731,-0.0230266101,-0.0234628594,-0.0052662434,0.0238363549,0.0044855148,-0.0164654159,0.0082825450,0.0049203720,0.0075949884,-0.0181541753,-0.0074212288,-0.0142292806,-0.0003879905,0.0172901966,0.0047638555,-0.0229165004,0.0190198290,-0.0140910476,-0.0073803554,-0.0032203591,-0.0097519136,-0.0201523967,-0.0114619168,-0.0151293380,0.0019898717,-0.0064821770,0.0271799509,0.0021832948,-0.0073732094,-0.0118001937,-0.0201717997,-0.0032788497,0.0229353244,-0.0119028277,-0.0069198809,0.0040960761,-0.0026304219,-0.0244619576,-0.0259295596,0.0093146128,-0.0069489296,0.0156294878
201.0000000000,-0.0052640259,0.0030475165,-0.0141512955,0.0019942014,-0.0005496734,0.0133143526,-0.0172755878,-0.0059667505,-0.0050164855,0.0029095609,0.0138112466,-0.0035805102,-0.0184254767,-0.0018229336,-0.0250549871,0.0034023489,-0.0065421287,-0.0028926618,-0.0091778752,0.0008527108,-0.0201453488,0.0010347569,0.0260519750,-0.0016506255,-0.0015975681,-0.0000198184,-0.0030153028,-0.0220486913,-0.0021814941,-0.0012051803,-0.0056104478,0.0005867593,0.0142088767,0.0296340583,0.0032554640,0.0029101173,-0.0233912176,0.0110943541,-0.0183991876,0.0041158485,-0.0007247553,0.0087670657,-0.0131782276,-0.0072609220,0.0131060710,-0.0092175453,-0.0011344806,0.0002769535,-0.0035978745,0.0136412120,0.0139489325,-0.0318970588,-0.0048592035,0.0062837207,0.0053522054,0.0221288259,-0.0176191764,-0.0163347150,-0.0065262350,0.0262001670,0.0136708046,-0.0107497499,0.0048864316
202.0000000000,-0.0421658765,0.0014353520,0.0097148330,-0.0032639571,0.0112702019,0.0075130734,-0.0050024501,0.0323586262,-0.0240235635,-0.0133784960,0.0154748790,-0.0045208537,-0.0048300976,-0.0009438203,-0.0100129156,-0.0262981216,0.0015206828,-0.0003607215,-0.0065853047,0.0124617264,-0.0029829264,-0.0208755755,-0.0190716959,-0.0260785553,0.0131815091,-0.0074628684,0.0054398306,0.0011036376,0.0046426675,0.0097101047,-0.0033906877,0.0109050086,-0.0058061060,0.0238763707,0.0034901406,0.0306309625,0.0058919573,0.0459417246,-0.0149642516,-0.0004537262,0.0033276214,-0.0018638071,-0.0099803867,-0.0104268587,-0.0117210099,-0.0304115397,-0.0375520495,0.0109298202,-0.0154753045,0.0231327510,0.0032194378,0.0082293941,-0.0344232339,0.0052189516,-0.0162890182,-0.0109806334,-0.0041584563,-0.0173085540,0.0007707131,0.0186609703,-0.0162567726,0.0275051679,0.0104071237
203.0000000000,-0.0256733487,-0.0207450354,-0.0026286142,-0.0061434200,0.0020748048,0.0257174362,-0.0123687015,0.0163519971,-0.0056426008,0.0059717454,0.0109250731,0.0093067275,-0.0047504990,-0.0137482627,-0.0072919833,-0.0130929360,-0.0059342352,-0.0207503135,-0.0268343205,0.0316880295,-0.0131722827,0.0016577101,-0.0109280615,0.0186875434,0.0132250954,-0.0124893467,0.0057618908,-0.0056420644,-0.0043285081,0.0060351548,0.0007702924,0.0050101907,0.0134728523,0.0017641656,0.0204965393,-0.0135544306,0.0032868069,0.0160803432,-0.0037295557,-0.0036544435,0.0116551593,0.0209960465,-0.0187181888,-0.0038881833,-0.0144506153,-0.0365388076,-0.0153476883,-0.0004028007,-0.0206024092,0.0123635985,0.0010321733,-0.0042508457,0.0075436545,-0.0110546299,-0.0116475041,-0.0152456323,-0.0275718624,-0.0115786007,0.0007281469,0.0044440665,0.0034691437,0.0083728408,-0.0005645485
204.0000000000,0.0077142527,0.0070226044,-0.0067734993,-0.0215836848,-0.0173044727,0.0108088820,-0.0137225216,0.0112827427,0.0097848969,-0.0161735208,-0.0168525431,-0.0154756018,0.0043238347,0.0047878070,0.0058253081,-0.0012177098,0.0089968455,0.0028957979,-0.0093990199,-0.0114396080,0.0092804287,0.0075078451,0.0114286757,0.0074596160,-0.0063464675,0.0004817208,0.0055756410,0.0082744318,0.0095615429,0.0189720610,0.0057766352,-0.0117330992,-0.0102983164,0.0075253069,0.0040489807,-0.0041059430,-0.0075492722,0.0087538801,-0.0084453778,0.0009069052,0.0006751547,0.0179718224,-0.0076074010,-0.0091199244,0.0165821703,-0.0221862023,-0.0251518899,-0.0074650101,0.0003526766,-0.0199183090,0.0192555708,-0.0096009764,0.0176926498,0.0036176737,-0.0032401711,0.0154037448,0.0017465731,-0.0058897635,-0.0238972744,0.0152987613,-0.0216370860,-0.0142288543,0.0179251453
205.0000000000,0.0064335690,0.0023335292,0.0091462965,0.0076288980,-0.0031060241,0.0055303374,0.0000039041,0.0091056302,0.0043872226,-0.0084928493,-0.0014579493,-0.0020570007,0.0068338973,-0.0098946993,-0.0226777192,0.0082812866,-0.0001160429,0.0054161952,-0.0021775391,0.0145895356,0.0052828001,0.0216456365,-0.0210329297,-0.0280865008,-0.0182913380,-0.0086506887,0.0121328257,-0.0152995736,-0.0168418233,-0.0053973242,-0.0072403395,-0.0159032489,-0.0092870023,0.0212827395,0.0100074555,0.0022504122,0.0079788352,-0.0009028626,-0.0026399097,-0.0216316084,-0.0070545935,0.0020127979,-0.0162077565,0.0180006350,-0.0151449307,-0.0235979243,-0.0247266090,0.0070273374,0.0164703779,-0.0178972601,0.0284264944,0.0040356194,0.0196534808,0.0314743799,-0.0114895078,0.0034453984,0.0115537808,-0.0139610856,-0.0074084906,0.0022350668,0.0026491618,0.0050342311,-0.0014231549
206.0000000000,-0.0232061569,0.0128256764,-0.0132805663,-0.0139459952,0.0183336281,0.0244575705,-0.0299654445,0.0002601266,-0.0129394664,0.0043994088,0.0092343416,-0.0218470401,-0.0051599427,-0.0029456779,0.0025224968,-0.0195426299,-0.0150749116,0.0137065445,-0.0109691267,0.0122661549,0.0155287274,0.0091190192,-0.0084942772,0.0167806818,0.0085770821,-0.0314824459,0.0054157140,-0.0046752394,-0.0192211557,-0.0005146364,0.0034565393,-0.0169553164,-0.0000378129,0.0216784610,0.0163153992,-0.0087251852,-0.0000276350,0.0072999596,-0.0082137015,-0.0095162607,-0.0047595485,0.0071390768,-0.0063596602,0.0096549690,-0.0068768992,-0.0026142952,-0.0390867949,0.0036571742,-0.0027266450,0.0125822649,0.0277971394,-0.0023390291,0.0034824338,-0.0016959750,0.0065518040,-0.0159884096,-0.0029963499,-0.0117040429,-0.0256379441,0.0001444352,0.0111178553,-0.0025783992,0.0083574350
207.0000000000,0.0133628163,0.0034964996,-0.0187598773,-0.0142910523,-0.0055286478,-0.0173799029,0.0061218063,0.0216417899,0.0022019827,0.0104452729,0.0025514755,0.0070158950,0.0070149913,-0.0084812674,-0.0251860977,0.0019820583,0.0121102779,0.0109504012,0.0066412306,-0.0114563277,0.0133941818,-0.0052631745,-0.0080370757,-0.0028987545,0.0090315998,-0.0037226173,0.0076693949,-0.0191921793,-0.0086977729,-0.0005080059,0.0128318965,0.0000849089,0.0147009367,0.0103903259,0.0247493270,-0.0039783926,0.0002210949,0.0026262086,0.0027638959,-0.0218374810,-0.0157248278,0.0062692509,-0.0234281913,-0.0288871715,-0.0103237236,0.0036380316,-0.0057841897,-0.0027005434,-0.0114100446,0.0182284002,0.0275153675,-0.0187517073,-0.0194029788,0.0041286248,0.0029920991,-0.0048885512,0.0033323367,0.0049135983,-0.0117365997,-0.0001372929,-0.0191381983,0.0122380355,0.0026160088
208.0000000000,-0.0233746629,0.0034402719,-0.0023709666,0.0197262563,-0.0044662275,0.0254147079,-0.0002823973,-0.0018388756,-0.0065021052,0.0081661092,0.0260658846,-0.0069711919,-0.0007104842,-0.0024524233,-0.0230049097,-0.0104497989,-0.0064598202,-0.0219095270,-0.0293913723,0.0160500189,-0.0046031842,0.0190257002,-0.0257196887,0.0040788253,0.0091047692,-0.0292331764,0.0159844814,-0.0314934148,-0.0078414455,-0.0134982857,0.0155451409,-0.0023085754,0.0176620165,-0.0046175796,-0.0041151162,-0.0030401581,0.0140159856,0.0229222440,0.0006156487,-0.0054401839,0.0095148649,0.0238464648,-0.0308440631,-0.0293443834,-0.0233948949,-0.0125692571,-0.0335265504,-0.0099409568,-0.0019069303,0.0138837444,0.0031740770,0.0040843637,0.0227698738,-0.0051572793,-0.0219726722,0.0061702777,-0.0152584774,-0.0218489749,-0.0074195274,-0.0086808078,-0.0176792153,-0.0061593358,0.0199925222
209.0000000000,-0.0016726154,-0.0040791829,0.0207263885,0.0003604965,0.0151355221,0.0049928462,0.0104434604,-0.0102313985,0.0260890656,-0.0035865371,-0.0166706121,0.0171303211,0.0170851470,0.0166866856,0.0014316108,0.0004431398,-0.0198568117,0.0109679530,-0.0023440283,0.0100227070,-0.0112382536,0.0080578235,-0.0259889067,0.0113498079,-0.0101597020,-0.0103753779,0.0128803571,0.0116360629,-0.0107415588,-0.0058599884,-0.0040809932,-0.0121017540,0.0009038690,0.0041878420,-0.0065273783,-0.0194279335,0.0122055644,0.0045355657,-0.0105686021,-0.0079169175,-0.0084250409,0.0028414314,0.0052160022,0.0133641804,0.0125434147,-0.0042799197,0.0126929780,-0.0013731926,-0.0103995004,0.0031212183,0.0033942260,-0.0160315817,0.0236579667,0.0040108455,0.0126911157,-0.0015315579,0.0052421868,-0.0042469468,0.0076202634,0.0114513186,-0.0036891850,-0.0001941028,0.0035563411
210.0000000000,-0.0320114976,0.0077817675,-0.0254445129,0.0170655987,0.0020317309,0.0242808035,-0.0293669937,0.0182663188,-0.0026261565,0.0002905426,0.0129985609,-0.0186847296,-0.0088665546,-0.0116167937,0.0337176194,-0.0434776896,-0.0095349119,-0.0039085407,-0.0258225549,0.0119833179,-0.0096818204,0.0063238225,-0.0175890450,0.0186432607,0.0159185014,-0.0095286149,0.0010969275,-0.0219820308,-0.0180246444,-0.0048887409,-0.0045195605,-0.0071945237,0.0033460913,0.0351352046,0.0146793239,0.0046034642,0.0120738640,0.0262987427,-0.0046604405,0.0038647712,0.0156707295,0.0061625217,-0.0202719484,-0.0301317985,-0.0030698352,-0.0423877090,-0.0388890764,-0.0008215370,-0.0382921472,0.0169908920,0.0018302906,-0.0269565542,0.0063764957,-0.0061390333,-0.0199534613,-0.0039959156,-0.0090021704,-0.0293391120,-0.0235078853,0.0163880048,-0.0317397582,-0.0064931328,0.0155461246
211.0000000000,0.0015833345,0.0009955856,-0.0223191280,-0.0220709415,0.0184174026,0.0096169099,-0.0094926507,-0.0119826588,-0.0105136947,-0.0037881749,-0.0120952238,-0.0293878012,-0.0328746320,0.0184884398,-0.0067384702,-0.0192620516,-0.0012264901,0.0112227056,-0.0338394769,0.0112264375,0.0037864566,-0.0063224134,-0.0278492109,-0.0109279785,-0.0041661948,-0.0076687299,0.0051730039,-0.0011739191,-0.0118598636,-0.0004662859,0.0003783676,-0.0061154266,-0.0170644312,0.0182180848,-0.0019329196,-0.0007372892,0.0124020968,0.0166635917,-0.0056398155,-0.0026038455,0.0049337024,0.0290201970,-0.0161682929,-0.0094619673,0.0173025424,-0.0093667583,-0.0221096101,0.0063181178,0.0021286168,0.0127059136,0.0130081926,0.0005533570,0.0223873756,0.0033063126,-0.0343025663,0.0071211463,-0.0175328184,-0.0165056683,-0.0120235118,-0.0020890004,-0.0069938203,-0.0269429611,0.0058565976
212.0000000000,-0.0266019734,0.0114256039,-0.0167262371,0.0001924370,-0.0067263185,-0.0034463575,0.0027706717,-0.0021329609,-0.0046601303,0.0180337981,-0.0001832251,-0.0104933834,0.0081856346,-0.0260855938,-0.0136681947,-0.0260380458,-0.0219073311,-0.0156911157,-0.0452936799,0.0200543413,-0.0143925424,-0.0108870561,-0.0110668411,-0.0025481633,0.0016808285,-0.0193318536,0.0093052644,-0.0301451743,-0.0222909265,0.0219526864,0.0138192913,-0.0127146005,0.0031049019,-0.0101533791,-0.0105923070,-0.0113136200,0.0226579879,0.0375675654,-0.0023028558,0.0017187950,0.0022099016,0.0077748260,-0.0235821827,0.0044740835,-0.0276062972,0.0113257402,-0.0374311354,0.0092104429,-0.0263819725,0.0129923273,-0.0072302922,0.0004472309,0.0088567374,0.0183530192,-0.0112696667,-0.0068525341,-0.0240744566,-0.0147725213,-0.0178932767,0.0073337031,0.0019551185,-0.0186148033,-0.0250940743
213.0000000000,-0.0029299854,0.0153113213,-0.0149389105,-0.0130753357,-0.0014711872,0.0000364042,-0.0242527040,0.0093206129,-0.0138803948,-0.0205041996,-0.0003071535,-0.0242773643,-0.0106831123,-0.0234156683,-0.0066101394,-0.0114709946,0.0080324245,-0.0209240809,-0.0079657772,-0.0001986562,0.0077144258,-0.0145938299,-0.0163695547,-0.0048110487,0.0013750865,-0.0004972707,-0.0041990507,-0.0090755325,-0.0017019568,0.0021252944,0.0238686119,0.0131192652,-0.0105763239,0.0091007090,0.0060048529,0.0075285922,0.0049236087,-0.0068808036,-0.0007461544,0.0112291901,0.0060707922,0.0026234241,-0.0126107068,-0.0107167123,0.0011085596,0.0101550812,-0.0103995628,-0.0031110716,-0.0153495302,0.0000179703,-0.0155212248,0.0151764092,0.0048220222,-0.0320568654,-0.0250290450,0.0102186592,-0.0114871243,-0.0063869080,0.0069163960,0.0136481139,0.0066026553,-0.0146828786,-0.0088913949
214.0000000000,0.0136797113,0.0149818012,-0.0377740526,0.0166012151,0.0017098098,0.0339553328,-0.0297762132,0.0090508502,0.0017003546,0.0158252794,0.0010573102,0.0072252841,-0.0133153407,0.0123464321,0.0068470561,-0.0186017628,0.0146623034,-0.0297068066,-0.0470521420,0.0194908459,-0.0038918655,-0.0099320007,-0.0126976553,0.0011042930,0.0071593509,-0.0104739981,-0.0047323122,0.0002950617,-0.0217485423,-0.0018862259,0.0179095343,-0.0203226272,0.0156253072,0.0143050340,0.0149721155,-0.0327601510,0.0047035363,0.0153504843,-0.0169954681,0.0041917594,0.0190867304,0.0008376024,-0.0228024419,0.0080630617,-0.0071068349,-0.0212663591,-0.0102626661,0.0060566525,-0.0063075472,-0.0043161154,-0.0194484982,-0.0114428751,0.0017928170,0.0094500180,-0.0218151108,-0.0007407619,-0.0057622746,-0.0210466210,-0.0156086675,0.0273946618,-0.0269927708,-0.0085088894,0.0438399574
215.0000000000,-0.0166061395,0.0226037707,-0.0168466947,0.0080666236,0.0073109258,0.0247626381,0.0036681251,0.0126364715,0.0012854937,0.0076830075,-0.0055862703,0.0006729220,0.0018691983,-0.0029182743,-0.0014683998,0.0003770442,-0.0112762666,0.0055917371,-0.0154304248,0.0382037209,0.0021699651,-0.0255723674,-0.0145111601,0.0019354732,0.0040732120,-0.0241579223,-0.0146532578,-0.0048687610,-0.0216166877,0.0088640478,0.0248572765,0.0021123247,-0.0030589624,0.0253905134,-0.0008047527,0.0141165042,0.0127060910,0.0056246740,0.0275873786,0.0131363955,0.0201169540,-0.0155604737,0.0115323408,-0.0170948882,-0.0108363736,-0.0136685997,-0.0142363393,-0.0196079022,-0.0116849388,0.0036513534,0.0177001332,0.0204321874,-0.0008716683,0.0009629448,-0.0166592065,0.0009745330,-0.0110009806,-0.0077813598,-0.0117426757,0.0133910365,0.0094457022,-0.0142961470,0.0069029573
216.0000000000,-0.0317756318,0.0064399243,-0.0166247304,-0.0067662686,0.0090304739,0.0096489397,-0.0149377189,0.0087926008,-0.0449554977,0.0097983333,-0.0076568021,0.0069487822,-0.0072145008,0.0035252205,0.0012231227,-0.0172234908,-0.0374664152,0.0002905351,-0.0167378339,0.0268959564,-0.0176634495,0.0023561209,-0.0066682820,0.0074860178,0.0010984875,-0.0151672430,-0.0027870978,0.0144579537,-0.0060578369,-0.0014063773,0.0364782594,-0.0149401411,0.0062087760,0.0054139766,0.0101880975,-0.0043013399,0.0065724107,0.0222795985,0.0049579582,0.0031996520,0.0135173628,-0.0027402391,-0.0186565413,0.0022573873,-0.0153104392,-0.0539022681,-0.0437513166,0.0131439712,-0.0178090366,-0.0115575955,0.0130893439,0.0068654719,0.0037900585,0.0178063755,-0.0250865325,-0.0017994437,-0.0018168254,-0.0170795017,-0.0117158187,0.0094789157,-0.0169226580,-0.0193569320,0.0119570793
217.0000000000,-0.0037151146,-0.0051975022,-0.0102880432,0.0020504310,0.0199389416,0.0138179654,-0.0249940784,-0.0008332635,-0.0011019180,0.0065345250,-0.0054538511,-0.0138546403,-0.0036766939,-0.0320546708,0.0019602782,-0.0396273973,-0.0040272980,-0.0129579339,-0.0012935389,0.0138032410,-0.0318773593,0.0072123733,-0.0175506736,0.0065032245,0.0212139763,-0.0260311892,0.0113047780,-0.0247253558,-0.0014383420,-0.0016193552,-0.0090191580,-0.0179711305,0.0105012737,-0.0000106770,-0.0000484995,-0.0212199492,0.0264007695,0.0191140532,-0.0082518461,-0.0054239025,0.0237236021,0.0060284045,-0.0210922477,0.0206278332,-0.0195894467,-0.0021636142,-0.0154086882,0.0147816976,-0.0224661853,0.0078313463,0.0103734197,-0.0038565780,0.0043492781,0.0164687411,-0.0129127917,-0.0007606602,-0.0006025566,-0.0162650068,0.0039687609,-0.0040095775,-0.0092072718,0.0152104808,0.0034737655
218.0000000000,-0.0040562926,0.0292473008,-0.0067236669,0.0067583255,0.0078932472,0.0191675081,-0.0388398088,0.0160860490,0.0179305335,-0.0058648781,-0.0055429129,0.0035255567,-0.0031817174,-0.0223291994,-0.0090340982,0.0022102707,-0.0290690879,-0.0124428029,-0.0278604182,0.0217485022,-0.0082656877,0.0008690381,-0.0246598877,0.0029447902,0.0070328098,0.0114514509,0.0155878447,-0.0000337261,-0.0107706997,-0.0120743535,-0.0006907629,-0.0289932351,-0.0080421922,0.0118709374,0.0029297502,-0.0124413564,0.0089934913,0.0188086148,0.0012629254,-0.0129282913,0.0069644908,-0.0214845772,-0.0229444957,0.0024627173,-0.0028513784,-0.0189737873,-0.0301597639,-0.0251651139,-0.0237899367,-0.0089667592,-0.0230787251,0.0003382847,0.0194957709,-0.0126847689,-0.0072751680,0.0191344761,-0.0091691502,0.0126566195,0.0111043963,-0.0077108845,0.0043593227,0.0127185533,0.0051042896
219.0000000000,-0.0112624879,0.0047306604,-0.0185830479,0.0213583898,0.0051797126,0.0227370117,-0.0081328946,-0.0102841673,-0.0091103582,-0.0024434629,-0.0018472557,0.0148150781,0.0170327516,-0.0017584456,-0.0160758926,-0.0299206367,-0.0228613209,-0.0017303195,-0.0295058475,0.0069470584,-0.0113250650,-0.0085480868,-0.0108905660,0.0080902736,0.0207513022,-0.0208723415,0.0093770176,-0.0250706291,-0.0230909475,-0.0097833258,0.0148108307,-0.0111908240,0.0287729070,0.0129254297,0.0064884674,-0.0041200507,-0.0046336558,0.0340108065,-0.0286487903,0.0110211391,0.0107243669,0.0103827140,-0.0338725636,-0.0203181751,-0.0050447135,-0.0136983541,-0.0166980223,-0.0051966196,-0.0055854550,0.0065852101,-0.0010728684,0.0068618986,0.0216254449,-0.0150789988,0.0015419341,-0.0052197470,-0.0071761729,0.0102265647,0.0174498827,0.0205169448,-0.0067065216,-0.0023112535,-0.0148935953
220.0000000000,-0.0248381992,-0.0067754755,-0.0216884064,-0.0015488082,0.0205123635,0.0296540306,-0.0146972022,0.0065785878,0.0192759996,0.0071265828,-0.0031891815,-0.0269243815,-0.0073828306,-0.0400636933,0.0070393971,-0.0296849142,-0.0012464303,0.0163569143,0.0044561534,0.0248115466,-0.0097949369,-0.0195546070,-0.0110734783,-0.0004991215,0.0217808729,0.0027301542,-0.0087372724,-0.0113687851,-0.0028116872,-0.0127211994,-0.0056122299,-0.0045132633,-0.0092791563,0.0032414551,0.0027169477,-0.0052909633,0.0141700220,0.0256259073,-0.0040807349,0.0186600046,0.0118781008,0.0138153837,-0.0242481916,0.0171520103,-0.0165863347,-0.0085467506,-0.0315789854,0.0053095714,-0.0102224735,0.0141848709,-0.0003822211,-0.0156420457,-0.0078699484,0.0126071235,-0.0196059518,0.0169220486,0.0187671324,-0.0218345922,0.0116836376,0.0194564675,-0.0102396965,-0.0073234610,-0.0163470328
221.0000000000,0.0018495663,0.0146802121,-0.0103071779,0.0161462062,0.0207117074,0.0234794561,-0.0097872342,-0.0098660851,0.0025090367,0.0255697508,-0.0054575376,-0.0020330926,-0.0165034476,0.0053289141,0.0100175538,-0.0163122301,-0.0067008060,-0.0131181035,-0.0239442546,0.0202497316,-0.0083482817,0.0094896192,-0.0227656837,-0.0033057923,0.0174485935,-0.0049066340,-0.0031051216,0.0075318632,-0.0197929243,0.0184521991,0.0008302742,-0.0148087540,0.0034698163,-0.0034832194,0.0165680392,-0.0153389751,0.0078430950,0.0161993068,-0.0193328802,0.0101720186,0.0081070521,0.0014122672,-0.0098200081,-0.0010252329,-0.0312940177,-0.0040668636,-0.0113054840,-0.0045735009,-0.0225626778,0.0189026793,0.0119705040,-0.0235421846,0.0127798285,-0.0103497120,0.0010466847,-0.0108015162,-0.0165013679,-0.0237860602,0.0029522382,0.0188239847,-0.0032233384,-0.0038701755,0.0091116609
222.0000000000,0.0081050430,0.0102649599,-0.0128791044,0.0128471158,-0.0080606687,0.0161635013,-0.0261202341,-0.0057767659,0.0071863493,-0.0090650943,-0.0092004487,-0.0205077252,-0.0054683763,0.0074760882,-0.0038399079,-0.0050502963,-0.0228631420,-0.0026290838,-0.0011074616,0.0042411806,-0.0126719143,0.0046841342,-0.0082752652,-0.0148568467,-0.0115815628,0.0125932488,0.0080037844,-0.0273751629,-0.0103988015,-0.0066776748,-0.0145936569,0.0038176097,-0.0026158331,0.0111597022,-0.0117224501,-0.0085990900,0.0123359071,0.0245367506,-0.0203359286,0.0077040772,-0.0051630110,-0.0026882896,-0.0218529878,-0.0072500092,-0.0195937140,-0.0261535571,-0.0185384983,-0.0027991675,0.0166267696,0.0045198925,-0.0085460714,-0.0124330274,0.0104139323,-0.0018292400,-0.0008772317,-0.0047889142,0.0102461903,0.0052652705,-0.0247364009,-0.0079116824,-0.0225255347,-0.0228774489,-0.0018806140
223.0000000000,0.0026945559,0.0000599959,0.0095121035,-0.0089855208,-0.0124915742,0.0117273077,0.0083917279,-0.0100473325,-0.0058267989,-0.0161698006,-0.0059048830,-0.0001945242,0.0174140659,-0.0356218185,0.0044058323,-0.0138936722,-0.0014848559,-0.0010866029,-0.0101774492,0.0073267942,-0.0055701794,-0.0138058785,0.0153709062,-0.0355743732,-0.0187832592,-0.0139989514,-0.0074614448,-0.0177138147,-0.0107452320,0.0003699406,0.0111502383,0.0068393106,-0.0017194954,-0.0194703125,0.0004458628,-0.0010832734,-0.0050744411,0.0160054183,-0.0168192534,0.0075075638,-0.0044792095,0.0172375762,-0.0208142722,0.0008176430,-0.0006663105,-0.0300023696,-0.0395120708,-0.0169222506,-0.0110547953,-0.0188532984,-0.0037462031,0.0126686138,-0.0164923530,0.0060892812,0.0010564995,0.0094342941,-0.0222877304,-0.0164582644,-0.0042195299,-0.0196887522,-0.0161865633,-0.0046329536,-0.0003137489
224.0000000000,-0.0143125856,0.0157787653,-0.0050666717,-0.0009526944,0.0022395156,0.0228619526,-0.0203331509,-0.0368865107,-0.0144260299,0.0111878539,0.0106859526,0.0057820373,0.0161703099,-0.0326846327,0.0063894192,-0.0372685852,-0.0021804854,0.0069516600,-0.0258485344,-0.0167721125,-0.0160132867,0.0122771986,-0.0149614535,-0.0039044688,-0.0068331442,-0.0050635087,0.0075974167,-0.0089282916,-0.0101392986,-0.0232753364,0.0008145367,0.0120587166,0.0081716022,0.0203181544,0.0253440291,-0.0118715219,0.0118394364,-0.0190382576,-0.0008809130,-0.0009517761,0.0059745763,-0.0003694588,-0.0150588588,-0.0209348884,-0.0120546622,-0.0215842834,-0.0071887707,0.0027115701,-0.0109737686,-0.0110547098,0.0141013007,-0.0043082505,0.0105773607,0.0142135873,-0.0252081574,-0.0042377654,-0.0023339976,-0.0125558361,-0.0263899027,-0.0153695568,-0.0055713108,0.0068208026,0.0180132075
225.0000000000,-0.0219480151,-0.0074406009,-0.0156401658,0.0016544216,-0.0101066954,0.0111052315,-0.0164427560,-0.0216504974,-0.0081537014,0.0035522111,-0.0047867117,0.0068373491,-0.0204817077,0.0016791190,-0.0031759928,-0.0351490137,-0.0075728193,-0.0224810341,-0.0189405318,0.0114297851,-0.0010467830,0.0002782533,-0.0181274797,0.0127271271,0.0109359375,-0.0125223898,0.0220360373,-0.0127269363,-0.0106180699,-0.0124886791,-0.0023997494,-0.0227823454,0.0194764200,-0.0114992478,-0.0001601154,-0.0156742063,0.0207748830,0.0106466234,-0.0092608334,0.0042558119,0.0279188813,-0.0037410047,-0.0245304799,-0.0127342749,0.0047907330,-0.0024199317,-0.0121422041,-0.0219471676,-0.0169697066,-0.0097126512,-0.0188630171,0.0191063566,0.0165373616,0.0281137362,-0.0136177208,0.0045594682,-0.0019276339,-0.0055868902,-0.0117876893,0.0104180363,0.0044497492,0.0065724935,-0.0026352406
226.0000000000,-0.0209628704,0.0220525316,0.0191010520,-0.0020741878,0.0174353336,0.0138638750,-0.0085193555,0.0218098629,0.0049517322,0.0080587786,0.0048187660,-0.0075945024,-0.0021255580,-0.0050980325,-0.0119159914,-0.0261650904,0.0015765770,0.0001908464,-0.0323002069,0.0431317509,-0.0148239469,0.0135023165,-0.0119090563,0.0118348516,0.0298603619,-0.0213183690,0.0213488913,0.0036161364,-0.0054769812,0.0139961818,-0.0106966439,-0.0138310419,0.0029478700,0.0165115079,0.0065353446,0.0053085144,-0.0095870553,0.0084878765,-0.0322819647,0.0053664752,0.0127381420,0.0192525168,-0.0020986522,0.0018770795,-0.0109125953,-0.0044556909,-0.0199768920,-0.0032648437,-0.0132586068,-0.0022545262,-0.0043624232,0.0088948370,0.0100113681,0.0163970782,-0.0027772305,-0.0090503632,-0.0180529968,-0.0087485200,-0.0055029998,-0.0043022729,0.0013066445,0.0252544304,-0.0193220442
227.0000000000,-0.0015964110,-0.0120940959,-0.0226754760,0.0111320531,0.0030431236,0.0296511483,0.0038118351,-0.0071949101,-0.0277056752,0.0208380677,-0.0048892081,0.0007063564,0.0066876164,-0.0093511431,-0.0144272657,-0.0221307501,-0.0244124829,-0.0034069851,-0.0219635910,0.0193922175,-0.0108933107,0.0052531440,-0.0062805117,0.0065822893,0.0134022403,-0.0106985745,0.0246013855,-0.0154032903,-0.0057092783,-0.0031147654,0.0156823358,-0.0058021259,0.0282658629,0.0134647736,0.0215637678,-0.0030794924,0.0117655510,0.0075318457,0.0004136265,-0.0029282515,0.0163638054,-0.0223028306,-0.0142799118,-0.0050711041,-0.0113126509,-0.0172925917,-0.0288840168,0.0089070823,-0.0106206263,0.0159373794,0.0254760376,-0.0064822720,0.0187693275,-0.0156970902,-0.0132558160,0.0142191532,-0.0128727295,-0.0270986044,-0.0158195597,-0.0047874445,0.0025577192,0.0088166995,0.0155058457
228.0000000000,-0.0116589713,-0.0014102463,-0.0118393810,-0.0132691919,-0.0061572029,0.0049407682,-0.0215739623,-0.0221782834,0.0079742126,-0.0072346411,-0.0117289541,-0.0143291842,-0.0212637366,-0.0038275113,0.0015582780,-0.0266180641,-0.0000220736,-0.0203028373,0.0073424224,-0.0017694132,0.0018580314,-0.0092177667,-0.0265199677,-0.0125733417,0.0157169254,-0.0238175859,0.0133255074,-0.0338443556,-0.0245598868,0.0175169120,0.0238277197,-0.0073289241,0.0079354683,0.0218883367,-0.0213224150,0.0003950321,-0.0111538419,0.0322613899,-0.0078272930,0.0103735870,0.0091181850,-0.0140710351,-0.0457027152,-0.0127594184,-0.0042672812,-0.0315573064,-0.0062451341,0.0059580884,0.0015256272,0.0133344573,-0.0013266821,-0.0051347411,0.0048804657,0.0137966695,-0.0318808961,-0.0204046512,-0.0152778853,-0.0135474967,-0.0033586596,-0.0164010273,-0.0124081262,-0.0130427310,0.0119749673
229.0000000000,-0.0020220002,0.0054802720,0.0050729938,0.0017190946,0.0040324351,-0.0085647341,0.0010748556,0.0032246119,0.0019828162,-0.0105389630,-0.0266076588,-0.0115951404,-0.0052876271,-0.0063513913,0.0250643936,-0.0129826747,-0.0043127192,-0.0027843244,-0.0235929425,-0.0036464997,-0.0047302306,-0.0140049975,0.0020704892,-0.0008691585,0.0141062240,-0.0099436091,0.0036502126,-0.0002250816,-0.0130891680,-0.0062932150,-0.0047783706,-0.0134177472,0.0053589880,-0.0025133357,0.0056076988,0.0139355511,-0.0000099247,0.0271995608,-0.0138340517,-0.0053394812,-0.0015376974,-0.0110827312,-0.0263792189,-0.0107841169,-0.0052336833,-0.0101086085,-0.0294754435,0.0071743651,-0.0069371156,0.0107159794,-0.0004636109,-0.0178748665,-0.0067975012,0.0020605314,-0.0211624725,-0.0076863981,-0.0112434341,-0.0131968519,-0.0170620291,0.0285039632,-0.0028696334,-0.0209962651,0.0028834925
230.0000000000,0.0012265938,-0.0194376373,-0.0183371447,0.0176991049,0.0049864907,0.0285540902,-0.0076297400,-0.0079157398,-0.0074866792,0.0047632863,0.0025299660,-0.0010848749,-0.0216816280,-0.0202657170,-0.0023635084,-0.0135357732,-0.0160434946,0.0153403695,-0.0150883548,0.0157519430,0.0002946749,0.0028710800,-0.0320674386,-0.0133108068,-0.0097841359,0.0040984513,0.0221513909,-0.0125781547,-0.0014663516,-0.0006258069,-0.0158813096,-0.0188342058,-0.0064164032,0.0050124897,-0.0113107255,-0.0055986858,-0.0144626928,0.0115758046,0.0031529275,0.0030663647,-0.0085661681,-0.0084050349,-0.0137804496,0.0040771581,0.0049363937,-0.0156127379,-0.0480158390,-0.0125718038,-0.0190032802,0.0154631110,-0.0029923035,-0.0026778721,0.0114065191,0.0111666593,-0.0139258397,0.0165631299,-0.0177307422,-0.0116621558,-0.0349196766,0.0183911532,0.0110274644,0.0009851496,0.0070037460
231.0000000000,0.0057321007,0.0074947274,-0.0142649352,-0.0074290426,-0.0081334155,0.0089815715,-0.0146487926,-0.0074816626,-0.0073013324,-0.0089096813,0.0121480470,-0.0136985185,-0.0319630066,0.0002738279,0.0056493151,-0.0022515099,-0.0033120462,0.0021606585,0.0039665421,0.0035816695,-0.0007422188,0.0095274705,-0.0283874904,0.0085679132,0.0136867986,-0.0084602359,0.0144927199,-0.0052681098,-0.0292175431,-0.0040740360,0.0190349555,-0.0021941155,0.0060781227,0.0097700016,0.0086802607,-0.0032207720,-0.0211807633,0.0147152175,-0.0186146878,0.0095919405,-0.0011604269,0.0090084984,-0.0122254672,-0.0194502558,-0.0360556144,-0.0260946272,-0.0208039508,-0.0018540842,-0.0050312826,-0.0019881831,-0.0164058049,0.0370079619,0.0131970118,0.0003058386,-0.0111757562,-0.0102491882,0.0027029538,-0.0215279278,-0.0139067982,0.0164654896,0.0082272073,-0.0017609168,0.0114262287
232.0000000000,-0.0228402448,-0.0106627787,-0.0132208443,-0.0046577938,-0.0147924568,-0.0038716331,-0.0000575863,0.0081105269,0.0045962448,-0.0099554397,-0.0014983533,0.0061357964,-0.0125187288,-0.0099260465,0.0017900678,0.0020626440,-0.0004772153,-0.0089132075,-0.0158720378,-0.0000006470,0.0033911688,-0.0156354958,-0.0320447865,0.0169872063,0.0010432568,-0.0219528063,0.0104347481,-0.0074177344,-0.0034852062,-0.0097053326,0.0058289819,-0.0053715529,-0.0035768897,-0.0049669288,0.0144665224,0.0044237684,0.0000473468,0.0337518557,0.0025099474,0.0081445821,0.0012733108,0.0068203676,-0.0087575760,-0.0325157629,-0.0053800808,-0.0038571727,-0.0392809829,0.0244884468,0.0063853437,-0.0091796255,0.0061944171,-0.0006461522,0.0094558291,0.0070338356,-0.0226814322,0.0110972007,-0.0061075961,-0.0078331853,-0.0118193069,0.0049068890,-0.0046196890,0.0084803719,-0.0039325049
233.0000000000,-0.0046554552,-0.0043999478,-0.0162159521,0.0336283313,0.0000243743,0.0233047334,-0.0127439881,-0.0053318782,-0.0031398501,0.0006492613,-0.0118878297,0.0171133038,0.0061664546,-0.0225130344,-0.0117428610,-0.0381140380,-0.0197995079,-0.0036095297,-0.0170313359,0.0085615237,-0.0075879962,0.0053765860,-0.0263718561,0.0111404448,-0.0067130658,-0.0115275896,0.0085688392,-0.0029944644,-0.0064277445,-0.0258499187,0.0133741087,0.0048535669,-0.0034993044,-0.0187723438,0.0117738826,0.0072605447,-0.0045155437,0.0064283758,0.0134228062,-0.0135666440,0.0074248586,0.0049488433,-0.0300051427,0.0106674049,-0.0047912195,-0.0093683969,-0.0286348011,-0.0102383602,-0.0145720504,0.0231545180,0.0080956589,0.0181433843,0.0102210384,-0.0032724888,-0.0147545898,-0.0127508146,0.0058774422,-0.0090425914,0.0173526925,0.0100739362,-0.0095773559,0.0004738562,0.0235281518
234.0000000000,-0.0025472452,-0.0114269720,-0.0078681519,-0.0025539019,0.0049995780,-0.0084921398,0.0026827869,-0.0095704848,0.0103069918,-0.0068823904,-0.0031987912,0.0042226467,-0.0250837611,0.0070147361,0.0151929230,-0.0261667681,0.0073557174,-0.0025172723,0.0044096128,-0.0110571412,0.0056474662,-0.0163329889,-0.0085869656,0.0088493792,-0.0031326397,-0.0035342181,0.0114501334,0.0136328488,-0.0266184620,-0.0133462062,0.0048579297,-0.0032542711,-0.0215816507,-0.0026689972,0.0007409226,-0.0063398764,0.0067040675,0.0129477038,-0.0113192151,0.0028163802,0.0077260510,0.0068923499,-0.0202979559,-0.0058909006,-0.0127622595,-0.0276515844,-0.0087569420,0.0080116974,-0.0002679995,0.0027758735,0.0022462111,0.0145632889,0.0061926933,-0.0130819957,-0.0167983048,0.0136360007,0.0113223767,0.0056951045,-0.0053824645,0.0148459764,0.0030909559,0.0128885567,0.0088650865
235.0000000000,-0.0138818134,0.0000952886,-0.0199529600,0.0019492811,-0.0063674029,0.0092215863,-0.0183966756,0.0052224527,0.0155614185,-0.0062924526,0.0054528826,0.0020004369,-0.0171111952,0.0137226632,-0.0154069694,-0.0141467891,-0.0064684217,-0.0072389401,-0.0021300687,0.0097200895,0.0112817555,-0.0010536741,0.0095679419,0.0126977258,0.0335260175,-0.0019965882,0.0169929437,-0.0170796630,-0.0225246128,-0.0001455552,-0.0330664392,0.0100737079,-0.0036110739,0.0136191278,-0.0027701006,0.0036102523,0.0134033682,0.0197659829,-0.0150621876,0.0047553746,0.0058892241,0.0259607497,-0.0439171192,-0.0065213109,-0.0032575683,-0.0002379099,-0.0103884494,0.0251699825,-0.0014188891,0.0079205968,0.0114591291,0.0016019692,-0.0058084052,0.0145632897,-0.0115385051,-0.0170555518,-0.0375402424,-0.0167268308,-0.0213883807,-0.0096448214,0.0002413940,0.0078345032,0.0251826721
236.0000000000,-0.0204357044,0.0001222701,-0.0230186164,-0.0118809155,0.0210650881,0.0228450627,-0.0042142856,0.0116855227,0.0052180501,0.0068499623,0.0039873048,-0.0122351577,-0.0100529277,0.0100814992,-0.0083509875,-0.0112080726,-0.0127307302,0.0001281568,-0.0269717157,0.0046650759,-0.0060267726,0.0077467349,-0.0166015480,0.0037292235,-0.0032417464,-0.0014347923,0.0378036965,-0.0015128969,0.0053108517,0.0022626156,-0.0042420103,-0.0139106620,-0.0328444586,0.0096282465,0.0052214706,0.0037773296,0.0137634598,0.0121952747,0.0074614587,-0.0066220266,0.0367417625,0.0133384457,-0.0257100802,-0.0068606828,0.0087727122,-0.0255852294,-0.0305230234,-0.0053318227,0.0050759263,0.0224482195,-0.0004541365,0.0028063489,0.0037144584,0.0150427222,-0.0265846349,0.0040380986,-0.0038894986,-0.0188674936,-0.0170877963,0.0198268776,0.0214157545,0.0070512882,0.0074848123
237.0000000000,-0.0340276877,-0.0144784976,0.0115762690,-0.0046508948,0.0038791732,0.0132699106,0.0011495092,0.0058319986,-0.0063137713,0.0017776937,-0.0080213839,-0.0025224578,-0.0128397560,0.0048447881,-0.0012075393,0.0027390475,-0.0031950865,-0.0078967726,-0.0211225177,0.0008563872,0.0073647191,0.0036290284,0.0048521971,0.0093961191,0.0087843236,-0.0272697555,0.0121315648,0.0083322109,-0.0082718368,-0.0123089414,-0.0103562810,-0.0040229197,0.0284137734,0.0325456901,0.0150089327,0.0188789921,0.0090633854,0.0121528678,-0.0057608324,0.0179597745,0.0093280501,0.0130937557,-0.0142343325,-0.0022931578,0.0004708482,-0.0129450118,-0.0248904821,0.0012565161,0.0048876435,0.0262045352,0.0060855717,0.0005452897,-0.0118992166,0.0012765607,-0.0117874481,0.0073569641,0.0002713184,-0.0189081202,-0.0024064132,0.0250645797,0.0192385828,0.0114494673,-0.0116070109
238.0000000000,-0.0195482747,0.0177138321,0.0111712484,0.0071060540,-0.0086513812,0.0302529394,-0.0109054355,-0.0172952878,0.0129144765,-0.0069255864,0.0019707846,-0.0120250640,-0.0163456268,-0.0201602780,0.0102892497,-0.0185780343,-0.0291041024,-0.0106607112,-0.0149004787,0.0036715182,-0.0059120455,-0.0135366978,-0.0391718350,0.0011295203,0.0302047946,-0.0295787122,0.0277137501,0.0003187310,-0.0228002334,-0.0056588017,0.0057152038,-0.0130501665,-0.0090709375,0.0098947374,0.0074490637,-0.0130513851,-0.0060036961,0.0298364090,-0.0226072371,0.0123642071,0.0038598859,-0.0266914793,-0.0152214067,-0.0226166075,-0.0151670253,-0.0203990828,-0.0342287342,-0.0134622492,-0.0073424291,0.0103504012,0.0175465601,-0.0055308459,0.0191605015,0.0204335858,-0.0250402656,0.0024127106,-0.0075662397,-0.0161222454,-0.0042225022,-0.0012739863,0.0036464677,0.0078651424,0.0304215300
239.0000000000,-0.0108786748,0.0282836486,-0.0161153226,-0.0126360864,-0.0069603494,-0.0056787171,-0.0161065200,-0.0062666573,0.0127569680,0.0033352964,0.0049451136,0.0007546354,0.0010315464,-0.0061944571,0.0036775842,-0.0086510124,-0.0070486940,-0.0044554930,-0.0330631557,0.0080248044,-0.0266542505,-0.0079838502,-0.0252365538,-0.0100933736,0.0074757844,-0.0279895487,-0.0043554871,-0.0095052074,-0.0205729796,-0.0049408615,-0.0137774659,0.0077749894,0.0069701904,0.0199848164,0.0147473950,-0.0114013323,0.0026595627,0.0137392165,-0.0075757643,0.0004656554,0.0062781808,0.0166692929,-0.0338778781,-0.0046587296,-0.0071889942,-0.0107118373,-0.0379046051,-0.0036235747,0.0005593092,-0.0042205166,0.0069923075,-0.0015042133,-0.0122048918,0.0129445879,-0.0109669283,0.0197534279,-0.0054679489,-0.0027986462,-0.0182463089,0.0103925925,-0.0016038319,-0.0148044188,0.0046476431
240.0000000000,-0.0112036240,0.0084319426,-0.0312011078,0.0003283659,0.0213373098,0.0067736932,-0.0219264643,-0.0102621370,0.0113891073,0.0003303200,-0.0180855871,-0.0178161466,0.0055863558,-0.0106195872,0.0065172982,-0.0172516457,-0.0001959656,-0.0082968257,-0.0249854367,0.0194680285,-0.0021706864,0.0049071657,-0.0162318875,-0.0015037936,0.0213599617,-0.0064211303,-0.0275156674,-0.0181037279,-0.0202048649,-0.0110315122,0.0085890284,0.0135972350,0.0149937644,0.0323275321,0.0064164689,-0.0137677773,-0.0071210984,0.0306983641,0.0095606052,-0.0129240502,0.0154133490,-0.0162015455,-0.0196847203,-0.0199507907,-0.0042246654,-0.0409104065,-0.0306627808,0.0011422696,-0.0300864700,0.0012905752,-0.0069035814,-0.0104712623,-0.0032429075,-0.0194946467,-0.0168907573,0.0025708747,-0.0271322063,-0.0225835614,-0.0214124613,-0.0115071632,0.0057685929,0.0124034271,0.0177093463
241.0000000000,-0.0096974140,0.0159773239,0.0215645081,-0.0088263153,0.0177648060,-0.0219798099,0.0078336731,0.0020377605,-0.0079756922,0.0065799161,0.0072208181,0.0031221397,-0.0058649299,0.0105222430,-0.0059937692,0.0001948502,0.0025279752,0.0016413605,-0.0230020477,-0.0043561591,-0.0089823232,-0.0034105541,0.0092576889,0.0204755777,0.0306596057,-0.0115699821,-0.0005660060,-0.0004299543,-0.0054141234,0.0062202521,0.0241810180,-0.0021138752,0.0150793362,0.0133810318,-0.0094646169,-0.0190123146,0.0115892845,0.0040014317,0.0166735033,-0.0050412313,0.0065926557,0.0190910395,-0.0109030587,-0.0050946387,-0.0172058056,0.0007771397,-0.0003179702,0.0080313373,0.0106081152,-0.0087426988,0.0084008163,-0.0072777919,0.0156318839,-0.0111698178,-0.0114668316,-0.0040454832,0.0089791203,0.0047177959,-0.0080013372,-0.0081232486,0.0345313810,-0.0073814908,0.0034186697
242.0000000000,-0.0191792825,0.0115157592,-0.0170943551,-0.0189216439,-0.0192683345,0.0225051021,-0.0376980568,0.0057894950,-0.0033012193,0.0162947073,0.0165798110,0.0079404406,0.0162606420,-0.0100689264,0.0042296366,-0.0167023812,0.0057096970,0.0001137620,0.0030621003,0.0107433951,-0.0114091016,-0.0017499002,-0.0232037648,0.0153189015,0.0011899941,-0.0007548576,0.0028372915,-0.0076988523,0.0080835978,-0.0072204803,0.0108636588,-0.0044204215,-0.0086486192,0.0281616241,0.0138765750,-0.0055903623,-0.0037698783,0.0112623237,-0.0108047668,-0.0071774144,0.0064938586,0.0160712432,-0.0125553212,-0.0215253259,-0.0032560761,-0.0098502956,-0.0103160593,0.0034098509,-0.0067687873,-0.0034259853,0.0170382896,0.0109871380,-0.0019193601,0.0095776600,-0.0004342809,-0.0067868807,-0.0118059375,-0.0106644696,-0.0008308446,0.0246791021,-0.0202117525,0.0067794987,0.0219101012
243.0000000000,-0.0213026188,0.0172435109,-0.0229129065,0.0229974517,0.0020848305,0.0075226635,-0.0183535874,0.0035538306,-0.0123118588,0.0108116530,-0.0051746078,-0.0176069746,-0.0000256100,-0.0100231392,-0.0018111840,-0.0082538463,-0.0078049485,-0.0164915423,-0.0159877118,0.0087574768,-0.0058249085,0.0158255206,-0.0059129363,-0.0054094862,0.0165002097,0.0017664352,0.0020665763,-0.0070498880,-0.0150878981,-0.0045880790,-0.0096627252,-0.0135611616,-0.0006782938,0.0136899171,0.0139160030,-0.0119436430,0.0115879906,-0.0121120320,-0.0153225373,-0.0012129218,-0.0057804238,-0.0004519565,-0.0063513524,-0.0025575230,0.0034169405,-0.0315049011,-0.0112698741,0.0124388250,-0.0295459070,-0.0050773523,0.0016308398,0.0117992988,0.0075908232,0.0127611299,-0.0242708037,-0.0289626988,-0.0090513710,-0.0113171836,0.0060622208,0.0193238998,0.0054683427,-0.0191587260,0.0321394051
244.0000000000,0.0081601735,0.0006177204,0.0086721745,0.0015465684,0.0037074785,0.0286562279,-0.0025946160,0.0090160890,0.0182392420,0.0055684523,0.0185106704,-0.0059544936,-0.0258543108,-0.0245424764,0.0123301028,-0.0210518672,-0.0048440170,-0.0262664885,-0.0196332814,0.0216636376,0.0064618060,0.0001797988,-0.0191379403,0.0069698806,0.0064169282,-0.0004912068,-0.0110788627,-0.0241594843,-0.0228416383,0.0082979332,0.0049848229,-0.0149307947,-0.0165028538,0.0045377826,0.0053493981,0.0091790223,-0.0049027593,0.0038206052,-0.0168314041,0.0120752905,-0.0005186045,-0.0161880649,-0.0310527909,0.0066504416,-0.0175391732,0.0064582636,-0.0228098039,0.0067288410,-0.0065299733,0.0265531117,0.0010442833,-0.0181350240,0.0222959972,-0.0032764377,-0.0264339415,-0.0063115741,-0.0300162777,0.0179344701,-0.0117714830,-0.0082084591,0.0055115044,0.0036669724,-0.0052035176
245.0000000000,-0.0040484066,0.0260447008,-0.0090388517,0.0093477867,0.0116392347,0.0049991042,-0.0198443823,0.0145777178,-0.0086526440,0.0084792455,-0.0325533893,-0.0021591724,0.0080109752,-0.0113542063,-0.0017099722,-0.0437597928,-0.0223580333,-0.0057717253,-0.0089917179,0.0149231774,0.0002140250,0.0060664154,-0.0238390441,-0.0176849128,0.0307387565,-0.0058944971,0.0112387752,-0.0090729771,-0.0169548470,-0.0010352964,0.0099493378,0.0031553104,0.0039030969,0.0017867414,0.0239717482,0.0057717075,-0.0085756402,0.0100861099,-0.0029026229,0.0103757419,-0.0041938105,0.0138864597,-0.0023619643,-0.0134126269,-0.0066744182,-0.0307619039,-0.0202782356,0.0197800491,-0.0333717550,0.0008798539,0.0169826049,-0.0087171546,-0.0108182158,-0.0241837619,-0.0132768324,0.0027373789,-0.0136321598,0.0015814468,-0.0247798386,0.0029991677,0.0152286489,-0.0012890692,0.0092875317
246.0000000000,-0.0208536044,-0.0026162187,0.0012733239,0.0067156458,-0.0163801709,0.0018246677,-0.0170721847,0.0106404074,0.0119125018,-0.0032281767,-0.0110173796,0.0201879417,-0.0058028428,-0.0058212052,-0.0068782181,-0.0229343542,0.0115623928,-0.0077454495,0.0061527536,0.0164225217,-0.0095359954,-0.0036565585,-0.0181958259,0.0076738960,0.0238168441,-0.0093516758,0.0069621796,-0.0035687901,-0.0209212113,0.0233539071,-0.0063075792,-0.0026193985,0.0114000864,0.0271436504,0.0208340337,0.0200313329,-0.0148632437,0.0389763134,0.0034963682,-0.0135767747,0.0049630232,0.0062824330,-0.0261012716,-0.0130412137,-0.0084326567,-0.0069059430,-0.0020660081,0.0009684658,0.0129292094,-0.0007415573,-0.0088499195,-0.0034001882,0.0153417948,0.0124099180,-0.0255453833,0.0012903378,-0.0020873172,-0.0014460413,-0.0244140792,-0.0010080481,-0.0038445823,0.0091886929,0.0044712227
247.0000000000,-0.0195851480,0.0025091482,-0.0030022973,-0.0054350909,-0.0123720111,0.0194688275,-0.0011196864,-0.0089702429,0.0139655557,0.0063261474,-0.0072306078,0.0115566274,-0.0123156014,0.0000394976,0.0085647036,-0.0293939570,-0.0084850060,-0.0206135838,-0.0404105037,0.0144501647,-0.0184992267,-0.0160511510,-0.0134157068,-0.0055309873,0.0132757298,-0.0158530040,0.0227183685,-0.0078291694,0.0043627890,-0.0057048201,0.0072010399,0.0210630771,-0.0036954458,0.0014898439,0.0025806969,0.0010398084,0.0132247450,0.0035743162,-0.0090008013,-0.0135204200,0.0160478539,0.0007114784,-0.0074545991,-0.0389024549,-0.0416146991,-0.0242021190,-0.0084034322,0.0041982268,-0.0074314889,0.0324172153,0.0149530520,0.0114628366,0.0057958519,0.0037051276,-0.0352075536,-0.0118170864,0.0052596829,-0.0352453650,0.0128063557,0.0012576031,-0.0037665625,0.0136159299,0.0169060395
248.0000000000,-0.0032482698,-0.0108614191,-0.0081086089,-0.0108504743,-0.0021189036,0.0131970456,-0.0109287768,0.0157764130,-0.0009059753,0.0103489066,0.0090534544,-0.0044719129,0.0031413235,-0.0224100688,0.0071805002,-0.0190912751,-0.0056373453,-0.0066316764,-0.0211521533,0.0017880978,0.0198092685,-0.0058839575,0.0041930038,0.0081504029,0.0087290379,-0.0152406013,-0.0087365775,-0.0086677578,-0.0229197707,-0.0011356807,-0.0112603410,-0.0009241244,0.0096494237,-0.0021232691,0.0007253992,-0.0000394437,-0.0018212685,0.0241190357,0.0105623124,-0.0258821398,-0.0024945634,-0.0127935325,-0.0269633173,-0.0283382565,-0.0205199744,-0.0007194660,-0.0067779402,-0.0033755381,-0.0146570879,0.0047723485,0.0138878851,-0.0054148458,-0.0151086463,-0.0018497870,-0.0083265632,0.0164244398,-0.0041407975,-0.0323499477,-0.0033642948,0.0004942058,-0.0047537380,-0.0105016021,0.0205649643
249.0000000000,-0.0269142329,0.0213628379,0.0157565807,-0.0252783377,-0.0092239546,-0.0132883455,-0.0218328334,0.0075558404,-0.0180660068,0.0108716804,0.0252810414,-0.0269883423,0.0091282909,0.0139567835,-0.0021730931,-0.0094606056,-0.0046259484,-0.0206400332,0.0000729983,0.0032573129,-0.0157796876,0.0182452591,-0.0044392961,0.0111089025,0.0104740010,-0.0190207890,-0.0080947316,-0.0159579894,0.0112495301,0.0013935550,0.0129412650,-0.0042718678,0.0202201341,0.0340705118,-0.0025393925,0.0091983571,0.0045490507,0.0356026929,-0.0197945014,0.0091011163,-0.0063257794,0.0069699299,-0.0218726901,0.0057964920,0.0023332410,-0.0107901305,-0.0219029668,0.0061752595,-0.0156662986,0.0014145810,0.0033336329,0.0021722722,0.0148005687,0.0079308572,-0.0201644345,-0.0027031501,-0.0191031808,0.0125100134,0.0113655163,0.0277817145,-0.0027922522,-0.0096176130,0.0064213482
250.0000000000,0.0292536505,0.0075104083,-0.0054742914,-0.0083192468,-0.0240311270,0.0181975040,-0.0014999938,-0.0113755984,0.0196168574,-0.0147471370,-0.0007516550,-0.0081647784,-0.0144182788,0.0084466438,-0.0113730634,-0.0064584762,-0.0031899723,-0.0053188476,-0.0087875842,0.0058365681,0.0030306323,0.0086668230,0.0216218851,-0.0236087566,-0.0065067233,0.0018094941,-0.0149682080,-0.0141123079,-0.0104542750,-0.0002460472,0.0472939473,0.0322447020,0.0033411662,0.0221962963,0.0179945763,-0.0062753686,0.0187719849,-0.0068924495,-0.0118819482,-0.0166334002,-0.0095068078,-0.0004162937,-0.0113441772,-0.0137142254,-0.0040698206,-0.0075270137,0.0006893272,-0.0142118361,0.0080050891,-0.0069909366,0.0147574399,-0.0024755461,0.0147575001,-0.0014156040,-0.0010354106,0.0056354944,-0.0185195065,-0.0038595072,0.0007535187,-0.0029500989,0.0006257995,-0.0098300921,0.0059571254
251.0000000000,-0.0101666009,0.0169596787,0.0008867184,0.0127597534,-0.0098049580,0.0045457848,-0.0285879375,-0.0049659595,-0.0085490691,-0.0111480601,-0.0069104956,-0.0324952470,-0.0314372771,0.0093992426,0.0084017981,-0.0235093114,-0.0179689432,-0.0106249917,-0.0051182895,-0.0010431345,0.0129112531,0.0079633587,-0.0140157763,0.0345686804,0.0093077968,-0.0162962667,0.0072756077,-0.0106008194,-0.0195980620,0.0214879769,0.0056960940,-0.0292256031,-0.0225217382,0.0203738099,-0.0123233155,-0.0007443117,-0.0078916664,0.0103179322,-0.0089142509,-0.0033727320,0.0019445435,-0.0259800434,-0.0129351848,-0.0207025274,0.0104358496,-0.0041160658,-0.0202487865,0.0155714521,0.0000314719,0.0177436486,-0.0078719087,-0.0063449970,-0.0098373580,0.0179127847,-0.0221942384,-0.0478629195,-0.0222930116,0.0137604808,-0.0046289414,0.0035395934,-0.0172990469,0.0047309073,0.0116455939
252.0000000000,-0.0120094947,0.0113005285,0.0203570288,0.0179030816,0.0135884910,0.0081415152,-0.0115034368,-0.0080303112,-0.0220270837,-0.0122489705,-0.0118525792,0.0006543427,-0.0067408818,0.0047347138,0.0193339772,-0.0108542928,-0.0036763512,0.0071292267,-0.0085496471,0.0038011369,0.0107256543,0.0151477201,-0.0094148253,-0.0041560274,0.0205813381,0.0083792006,0.0078915862,0.0030921245,0.0002524534,-0.0055801734,-0.0060686207,-0.0059184341,0.0018428067,0.0035523744,-0.0076451044,-0.0179246015,0.0051029740,0.0156294230,-0.0219607673,0.0135278211,0.0032084355,0.0044925491,-0.0019946940,-0.0078536537,-0.0114259484,-0.0060587252,0.0119451848,0.0131761063,-0.0403862407,-0.0006748492,0.0177283340,-0.0079282603,-0.0076871805,-0.0091516091,-0.0199538867,-0.0084352585,0.0013013820,-0.0100338263,-0.0097736862,0.0249772369,0.0116545509,0.0029489578,0.0079603385
253.0000000000,-0.0135949683,-0.0104964709,-0.0300347528,0.0055253668,0.0007813350,0.0044932571,-0.0246899804,-0.0053649135,-0.0076974154,-0.0103736274,0.0228195369,0.0027966043,0.0032523843,-0.0097448827,-0.0081466235,-0.0063757600,-0.0209043690,-0.0241865117,-0.0039496722,-0.0037566589,0.0108050419,-0.0048727612,0.0018075845,-0.0198597964,0.0187694442,0.0051512307,0.0031336879,0.0054670819,-0.0019948191,-0.0080430588,0.0108172753,-0.0178439039,0.0169441091,0.0207934359,-0.0032867256,-0.0008114855,-0.0001918525,0.0214944345,-0.0195858959,0.0135020817,0.0292017947,-0.0067183292,0.0037338222,-0.0038192076,-0.0086529544,-0.0018732041,-0.0219825719,0.0069951535,-0.0161094726,-0.0090171572,-0.0291514504,-0.0123023663,0.0110548187,-0.0115579608,-0.0143514220,0.0010992714,0.0004479780,0.0021702168,-0.0251656390,0.0043398619,0.0027322864,0.0090380411,0.0005201423
254.0000000000,-0.0199692283,0.0245340742,0.0043807678,0.0071090540,-0.0057200770,0.0004371730,-0.0418025411,-0.0044077110,0.0082916685,-0.0078476173,-0.0072207165,-0.0024354220,-0.0057006491,-0.0213322493,-0.0017562065,-0.0302140568,-0.0166880840,-0.0272869987,-0.0299755634,0.0084135452,-0.0027829290,0.0075339626,-0.0223472423,0.0009915593,0.0120798345,0.0082415994,0.0123901001,-0.0307131964,-0.0206485837,-0.0069354237,-0.0108538891,0.0083744749,-0.0003276065,0.0110208058,-0.0056690111,0.0043545818,-0.0041349498,0.0139650226,-0.0210375545,0.0074049300,-0.0052382045,-0.0005699251,-0.0242069404,-0.0122873701,-0.0184863366,-0.0251715667,-0.0074839140,0.0169476559,-0.0120489737,0.0093455467,-0.0053855246,0.0067045772,0.0148584230,0.0008487477,-0.0270288318,-0.0053632360,-0.0096310286,-0.0142391850,0.0216373557,0.0126092544,-0.0163818102,0.0122706952,0.0087007037
255.0000000000,-0.0093978693,0.0208757682,-0.0161297196,0.0013593612,-0.0086737033,0.0405029182,-0.0329258463,0.0076185264,0.0036483438,-0.0299198545,0.0048230089,-0.0276310131,-0.0152902154,-0.0023532067,-0.0320554981,-0.0123284708,-0.0162851618,-0.0179965946,-0.0303341983,-0.0254186530,0.0003888611,0.0203000128,-0.0162233625,0.0003532919,0.0114573332,0.0036631561,0.0154073375,-0.0095016294,0.0054490045,-0.0164229842,-0.0014796781,-0.0013610689,0.0003596613,0.0164968858,0.0154733489,-0.0253626864,-0.0000843161,0.0184686788,-0.0294747477,0.0074063778,-0.0130219280,0.0103703362,-0.0144084077,-0.0121627310,-0.0222821058,-0.0254354316,-0.0087949504,0.0170822456,-0.0128004726,-0.0116162059,0.0188807402,-0.0023082229,0.0120937176,-0.0081156322,-0.0130863315,-0.0032524190,-0.0140640169,-0.0090035283,-0.0043526876,0.0113663080,0.0035809734,-0.0107114353,0.0177951761
256.0000000000,-0.0223040917,-0.0057207559,-0.0080205027,0.0119288754,0.0084169568,0.0279173011,-0.0198028618,-0.0007164024,-0.0296674815,-0.0124803813,0.0167665552,0.0043685172,-0.0572307078,-0.0112218111,-0.0238808481,-0.0041705657,-0.0096207119,-0.0303434949,-0.0501276372,0.0213814215,0.0100929461,0.0125731913,-0.0196290661,0.0093935474,0.0278348496,-0.0333006301,0.0180488410,-0.0263064572,-0.0090479263,0.0075372130,0.0068731804,-0.0053036090,0.0128426981,0.0139665813,0.0355199429,-0.0167475137,-0.0165378876,0.0276928247,-0.0153078881,0.0000400201,0.0013120776,-0.0016430438,-0.0262874887,-0.0179644799,-0.0249051911,-0.0250101802,-0.0437424745,-0.0227841262,-0.0099812473,0.0105970866,-0.0025933581,-0.0123427833,0.0084325048,-0.0076541503,-0.0350935947,0.0008919828,-0.0044373630,0.0000702990,-0.0351010091,0.0232399429,-0.0026666638,-0.0017870975,0.0046220934
257.0000000000,-0.0084545270,0.0123952441,0.0141260041,0.0288055947,0.0223891048,0.0286222934,-0.0220001095,-0.0068391943,-0.0089244125,-0.0211383086,-0.0031640957,0.0087228375,-0.0145690367,-0.0110719229,-0.0040996265,-0.0228085954,-0.0102902013,-0.0041965494,-0.0270800786,0.0021636472,0.0228808849,0.0185454648,-0.0325494398,0.0032754972,0.0149591773,-0.0120909775,0.0209382615,-0.0124343549,-0.0207134645,-0.0035499250,0.0031217329,-0.0095519016,0.0083721435,0.0309570928,0.0024249950,0.0070989888,0.0167423458,0.0189172909,0.0026934190,0.0028110906,0.0221404538,0.0002468430,-0.0413561646,-0.0061547159,-0.0130782341,0.0038036366,-0.0365923804,0.0041784350,-0.0106570449,0.0065922494,0.0259205245,0.0144500258,0.0155836119,0.0129482560,-0.0265018025,-0.0131317430,-0.0079025473,-0.0088583999,-0.0268656003,0.0070617873,-0.0161467876,0.0032827001,0.0190588218
258.0000000000,-0.0279754416,0.0172651115,0.0069206281,-0.0095742899,0.0025892719,-0.0073673009,-0.0029946602,0.0040995439,0.0243170074,0.0089808104,0.0170619540,-0.0143236718,-0.0051474911,0.0094522241,-0.0256687528,-0.0075781854,-0.0127125742,0.0041516054,-0.0214578722,0.0167171303,-0.0213723985,0.0083409769,-0.0179327537,0.0058211273,-0.0018830860,-0.0046705809,0.0023494026,-0.0163413334,0.0058231980,0.0228054188,0.0117753606,-0.0207466461,0.0137138258,0.0126846489,0.0119523682,-0.0121098443,0.0069261199,0.0101262487,-0.0051775704,-0.0221633794,0.0143578415,0.0141860193,-0.0312862970,-0.0154393665,-0.0076223015,-0.0153105108,-0.0390790303,0.0019125383,0.0038052458,0.0085655909,0.0082751927,-0.0236972293,-0.0007990442,0.0037035714,-0.0075098734,-0.0000570697,-0.0116278388,-0.0348060143,-0.0145550802,0.0012321687,-0.0033297939,-0.0228746299,-0.0036971248
259.0000000000,-0.0095424084,0.0101260168,0.0039168599,-0.0116326919,-0.0114254515,0.0141026879,0.0087985008,0.0139527192,-0.0249307636,-0.0075956742,0.0014389881,-0.0100614876,-0.0257058253,0.0171136824,-0.0031148658,-0.0066097084,-0.0038005348,-0.0089514884,-0.0150428360,-0.0041072941,-0.0033030849,-0.0065880785,0.0097060585,0.0021812595,0.0138305189,-0.0115260488,0.0037046689,0.0067853418,-0.0081258039,0.0045685678,0.0123866672,-0.0115215530,-0.0158954144,0.0065496143,0.0200443427,-0.0034724641,0.0152876749,0.0184522539,0.0108521164,-0.0194158367,-0.0049881706,-0.0027268104,-0.0159158389,0.0274237707,0.0030919655,-0.0243982766,-0.0363235813,0.0121488492,-0.0172177483,-0.0009497130,0.0155129373,-0.0093304163,0.0311825145,0.0089963351,-0.0039151405,-0.0076683020,0.0027655276,0.0086390389,-0.0225819746,0.0059238136,-0.0112052690,0.0043009276,-0.0113993856
260.0000000000,0.0049583486,0.0030576616,-0.0014782350,0.0292945069,0.0044611885,0.0165061073,-0.0249564593,0.0150355250,-0.0174906640,-0.0248482443,-0.0027127505,-0.0104355167,-0.0160745810,-0.0132961187,-0.0050324790,-0.0334662602,0.0034470066,0.0069888449,-0.0114199915,0.0315298687,-0.0001147398,-0.0174861989,0.0028727698,-0.0034245008,0.0145606522,-0.0233560051,-0.0005889429,-0.0260552373,-0.0075070454,0.0174739471,0.0099551090,0.0048452194,-0.0061480895,0.0418534473,0.0036570200,-0.0156843486,-0.0048930267,0.0116045480,-0.0056553609,-0.0008666601,0.0181499516,-0.0056037346,-0.0409218942,-0.0180501540,0.0161585669,-0.0098807713,-0.0315548790,0.0046468574,-0.0168682108,-0.0015083108,0.0097896102,-0.0006848922,0.0145460730,0.0225338789,-0.0200226421,0.0017356159,-0.0097267486,0.0095018280,-0.0053333666,0.0043961353,-0.0228329164,-0.0024658594,0.0091425221
261.0000000000,-0.0153194746,-0.0062776967,-0.0200577125,-0.0132836542,-0.0249648270,0.0181950712,0.0177119992,0.0031673317,-0.0059187671,0.0023368622,0.0056254056,0.0008963842,-0.0014758015,-0.0133876316,-0.0021218099,-0.0060749206,0.0258859660,0.0041381886,-0.0123967787,0.0126258636,0.0023619474,0.0151898920,-0.0387903415,0.0052626308,0.0071000387,-0.0023532363,0.0112542420,-0.0123737036,-0.0065181809,-0.0041384264,0.0038858309,0.0020461654,-0.0157152287,0.0148309102,-0.0007355636,0.0118633556,0.0128055944,0.0091174964,-0.0186731432,-0.0159554214,-0.0062244117,0.0046610899,-0.0226215520,0.0094875244,-0.0148520325,-0.0103904891,-0.0258814228,0.0029220388,-0.0192985488,-0.0076979832,0.0048757704,0.0003000576,-0.0095580167,0.0136354682,-0.0260858445,-0.0218944985,0.0119167767,-0.0200054301,0.0033501984,0.0108290689,-0.0001357114,0.0366059224,0.0022347505
262.0000000000,-0.0368548221,-0.0005400518,-0.0043229517,-0.0038175490,-0.0053187179,0.0097288114,-0.0191007511,0.0039201342,-0.0065776820,0.0034430902,-0.0133869001,-0.0041366527,-0.0213544496,-0.0092566419,0.0241857517,-0.0114435450,-0.0196349669,-0.0062364110,-0.0087685975,0.0194647137,-0.0084174930,0.0155922111,-0.0252331632,0.0054392638,0.0042056722,-0.0332875563,0.0018230568,-0.0117118171,0.0010173930,0.0083864482,0.0069381133,0.0016268562,0.0200136798,0.0083826811,0.0051466217,0.0020317519,-0.0017908261,0.0140518436,0.0036896162,0.0091507678,-0.0171740561,-0.0002682617,-0.0172917817,-0.0101795233,-0.0001914391,-0.0035589859,-0.0350837955,-0.0061489953,-0.0126837066,-0.0105412872,-0.0060979240,0.0037899607,0.0105402874,-0.0099674946,-0.0268125259,-0.0422902287,-0.0163938199,0.0142473026,-0.0122783053,0.0157501545,-0.0043669740,-0.0034469757,0.0150088269
263.0000000000,-0.0309333964,0.0215187422,0.0009879710,0.0066751699,0.0041799690,0.0280848654,-0.0141628321,0.0120920373,-0.0163603242,-0.0084924015,-0.0022876475,0.0038739114,-0.0263451283,-0.0273304225,-0.0111217567,-0.0263297749,-0.0320474423,-0.0193753287,-0.0426802471,0.0064842951,0.0074523245,-0.0049211983,-0.0235359582,-0.0010693671,0.0107394633,-0.0255443576,0.0125798245,-0.0350617648,-0.0261469764,0.0124202107,0.0201755992,0.0060508103,0.0149981057,0.0155396204,0.0197757605,0.0057761048,0.0258709044,0.0269054944,-0.0209925593,0.0028413086,0.0130465826,0.0034790213,-0.0298036945,-0.0235375088,-0.0101697708,-0.0254922459,-0.0572708379,-0.0078730677,-0.0316239263,0.0158847060,0.0080322510,-0.0053104232,0.0278105837,-0.0024166305,-0.0346793695,0.0043434415,-0.0134902549,-0.0219004135,-0.0027232414,0.0051335255,-0.0223773231,-0.0048670106,0.0292942443
264.0000000000,-0.0013217614,0.0049427410,-0.0125449729,-0.0168920582,0.0088892881,0.0261065995,-0.0107486539,0.0050186508,-0.0025333760,0.0076198532,0.0078638679,0.0133005119,-0.0021085562,-0.0122705196,0.0011360507,-0.0281403472,-0.0129421918,-0.0131187891,-0.0150765837,0.0031155733,0.0156872315,-0.0086489102,-0.0336933335,0.0129512066,0.0390862617,-0.0028111410,0.0259276546,0.0078714322,-0.0265307142,0.0075664850,0.0052241508,-0.0111874666,0.0116343505,0.0125829651,0.0080328035,0.0008594244,0.0104143950,0.0158830475,-0.0221885960,0.0110388534,0.0123956112,0.0070272269,-0.0242649802,-0.0094460221,0.0077992480,-0.0004496044,-0.0209391466,0.0108869296,-0.0124368516,-0.0054277338,0.0059300738,-0.0115259038,0.0003854078,0.0115419208,-0.0096354798,-0.0178111080,-0.0045502668,0.0046334426,-0.0003826558,0.0200920837,-0.0068302016,0.0119203316,-0.0098963944
265.0000000000,-0.0100790643,0.0124969889,-0.0089446092,0.0019480939,0.0090573609,0.0166937662,0.0040738631,0.0102287873,0.0125125031,-0.0025142365,0.0012342869,-0.0057277579,-0.0103624834,-0.0157456094,-0.0128157895,-0.0110978328,0.0081184100,-0.0059285686,-0.0395153453,0.0347402491,-0.0017512838,-0.0054505443,-0.0036870144,0.0189427241,0.0161051544,-0.0240015263,0.0207148499,-0.0219176540,-0.0139876217,-0.0065153603,0.0056997174,-0.0200575027,-0.0006218953,0.0339424494,0.0079695257,0.0130964258,0.0249710524,0.0270599945,-0.0051007590,-0.0110581230,0.0115310678,0.0097973494,-0.0321631923,-0.0245452098,-0.0108554752,-0.0161621011,-0.0378320234,-0.0072604990,-0.0109495108,0.0141236648,-0.0081937379,-0.0162322150,0.0048000449,0.0213301678,-0.0170092707,-0.0060408305,0.0093993032,-0.0122051575,0.0028120927,0.0293930859,-0.0288502182,-0.0124245383,0.0112789605
266.0000000000,-0.0005907637,0.0035750542,-0.0067324992,0.0189969287,-0.0004273857,-0.0096121623,0.0027145856,0.0155390059,0.0026406807,0.0096151927,0.0072502688,0.0163080550,-0.0010661516,-0.0028534547,-0.0109084895,-0.0083682499,0.0171896360,0.0152788203,-0.0168276218,-0.0043992828,-0.0054164728,0.0020972718,-0.0216518015,0.0095276220,0.0145185981,-0.0367528673,0.0060401329,-0.0044394806,-0.0351366652,-0.0182628434,-0.0054870333,-0.0009366863,-0.0049221724,0.0103412800,0.0004529849,-0.0081199488,0.0157524753,0.0041551879,0.0022077949,-0.0032646574,0.0030866092,0.0185972352,-0.0010427914,0.0065586025,0.0151660271,-0.0167376557,0.0052093594,-0.0050930202,-0.0311715380,0.0092204631,-0.0034642879,-0.0099864517,0.0128849618,0.0078334607,-0.0191246580,-0.0089130407,-0.0248315929,0.0098600305,-0.0031142357,0.0046056708,-0.0006192470,0.0054376313,-0.0029797766
267.0000000000,-0.0096854093,-0.0051488636,-0.0062830247,0.0093315534,-0.0103663370,0.0249505314,-0.0338683998,-0.0182093893,-0.0127556926,0.0129312195,-0.0187338554,0.0039143926,-0.0087022788,-0.0238501463,-0.0161699032,-0.0301186980,-0.0198026171,-0.0136837848,-0.0188647759,0.0228611498,-0.0008471206,0.0012090305,-0.0089026518,0.0037564516,0.0108004245,-0.0160935019,0.0059493048,-0.0057362381,-0.0353059926,-0.0028217724,-0.0056175675,-0.0225833552,0.0111776003,0.0247781522,0.0112396593,0.0041409358,-0.0063210567,0.0236201034,0.0084295303,0.0069672147,-0.0075390048,-0.0057417514,-0.0243272116,-0.0231847722,-0.0066697664,-0.0105481182,0.0007465502,0.0065672865,-0.0071782784,0.0018633366,-0.0072018101,0.0077463661,0.0153576792,0.0138746044,-0.0185812674,-0.0170358849,-0.0270094868,-0.0145118902,-0.0052694135,0.0152193737,-0.0111079596,0.0226765570,0.0084612977
268.0000000000,-0.0120625503,0.0138125207,-0.0085661347,-0.0077243039,-0.0153462509,-0.0017163782,-0.0011101899,0.0076258579,-0.0042521436,-0.0092948687,0.0057239955,0.0013971681,-0.0047857013,-0.0127703022,-0.0002996821,-0.0122575283,-0.0136443855,-0.0199162882,-0.0329881472,0.0045644987,0.0150639676,-0.0053223806,-0.0351678964,0.0082968045,0.0203708324,-0.0282058949,0.0184155304,-0.0084596104,-0.0256345321,0.0028569676,-0.0086747470,-0.0054364045,-0.0012568980,0.0154231221,0.0291697282,-0.0028675473,-0.0032335836,0.0411439456,0.0069831237,-0.0013525550,0.0073093715,0.0173199207,-0.0261910688,-0.0162450750,-0.0571314399,-0.0203919052,-0.0132995097,0.0025707036,-0.0139457186,0.0151573951,0.0101245675,0.0131389881,0.0063913130,0.0141965871,-0.0294319604,0.0063410734,-0.0326277729,-0.0198428887,-0.0222577632,0.0134215335,0.0080187543,0.0033127229,0.0252695091
269.0000000000,0.0074250855,-0.0089595420,-0.0173268470,-0.0035937360,-0.0060268278,0.0246890821,-0.0049470072,0.0004116842,-0.0002411369,0.0007417445,0.0058272873,0.0041449569,-0.0174708466,0.0012768623,-0.0066810516,-0.0325527953,0.0039894064,-0.0092943073,-0.0269795854,0.0115381945,-0.0054983631,0.0169457190,-0.0176544302,-0.0082684611,0.0307510442,-0.0098289020,0.0006300897,-0.0174263335,0.0022014291,-0.0072365283,-0.0021529114,0.0040545844,-0.0162826022,0.0274450780,-0.0133533979,-0.0064337172,0.0067874358,-0.0136497642,-0.0000542127,-0.0131105933,0.0004995148,-0.0037966350,-0.0275248673,-0.0239419804,-0.0196849338,-0.0033570269,-0.0145315566,0.0085372454,-0.0060940798,0.0015713449,0.0157856012,-0.0035963281,0.0080170393,-0.0025016044,-0.0350115623,-0.0033353981,-0.0064735498,-0.0062828139,-0.0001611133,0.0224804772,-0.0042995292,-0.0141983715,0.0020649130
270.0000000000,-0.0080644814,0.0082522070,-0.0028409541,0.0124107450,0.0068168884,-0.0211248544,-0.0277557784,-0.0029984313,-0.0143090424,-0.0086398148,0.0230244511,-0.0056842637,-0.0215047299,-0.0221984409,-0.0056216049,-0.0320175837,-0.0066848025,-0.0115223491,-0.0395039139,0.0083839384,-0.0335285703,0.0014589518,-0.0184871524,0.0192817608,0.0052493929,-0.0190259914,0.0170023688,-0.0122183191,-0.0158667664,0.0048742122,-0.0045600194,-0.0127452726,0.0025260592,0.0209424128,0.0069208603,0.0235808533,0.0184637315,0.0053177907,-0.0127862051,0.0208880149,0.0088695550,-0.0250262293,-0.0304612821,0.0021774188,0.0043717614,-0.0190448979,-0.0440581311,0.0000299345,-0.0426559742,0.0241036391,0.0041707050,-0.0101887714,0.0040032459,0.0148432217,-0.0248046180,-0.0161206987,0.0109758501,-0.0141668132,-0.0245471736,-0.0056175839,-0.0177670175,0.0137040723,0.0064837781
271.0000000000,-0.0144685300,0.0173442118,-0.0140681662,0.0240542482,0.0027273611,0.0190299187,-0.0055121869,-0.0020129755,0.0121006082,0.0115828359,-0.0021099517,-0.0009425231,-0.0065331665,-0.0086068751,-0.0051078054,-0.0317382376,-0.0301229152,0.0055176040,-0.0078095825,0.0202094083,0.0052421098,-0.0031719223,-0.0172814950,0.0126579047,0.0033493137,0.0059217551,-0.0007898682,-0.0133575470,-0.0216604660,-0.0137788885,0.0053787376,0.0033446980,0.0035108863,0.0098972660,0.0042795502,0.0005698470,-0.0030766522,0.0099262959,0.0090843247,-0.0163860621,-0.0119846235,0.0033292963,-0.0284807656,-0.0016700261,-0.0059600364,-0.0313995124,-0.0266002412,0.0113283068,-0.0043075946,0.0096527015,0.0145779433,0.0037922807,0.0278727120,0.0086730319,-0.0177789780,-0.0002649840,-0.0127098924,0.0035374308,-0.0115991615,0.0037594615,-0.0110757901,0.0136540952,0.0152762632
272.0000000000,-0.0181956828,0.0169915278,-0.0008600414,0.0095405353,0.0249327331,0.0034956057,-0.0175971695,0.0087400214,0.0149529134,0.0129022106,-0.0026661820,0.0021573880,0.0116693389,-0.0163601463,-0.0092946906,-0.0144188459,0.0045054150,-0.0119877457,-0.0147302830,0.0188211905,-0.0090112476,0.0207626665,0.0126217456,0.0211467359,0.0015360067,0.0015982147,0.0012266532,-0.0296387668,-0.0112112160,-0.0217915893,0.0129377616,-0.0122592676,-0.0079383453,0.0022653192,-0.0134346848,0.0035424207,0.0192367630,0.0082426174,-0.0028553269,-0.0022503940,0.0097920999,-0.0043356407,-0.0332546218,-0.0108527714,-0.0078317754,0.0014638967,-0.0324893515,-0.0038588185,-0.0115266209,0.0108139394,0.0072587903,-0.0020016276,-0.0032149645,-0.0051601850,-0.0059283213,-0.0005601176,-0.0156232972,0.0015248533,-0.0151150970,0.0082004326,0.0000428573,-0.0062474551,0.0112070965
273.0000000000,-0.0168145095,0.0105561100,0.0130012825,-0.0030490579,0.0004274158,0.0159822881,-0.0088490305,-0.0032027078,-0.0117949034,-0.0039566347,-0.0068772413,-0.0251026569,-0.0176510630,-0.0268890411,-0.0097949266,-0.0175314842,-0.0037878196,-0.0053058227,-0.0167900335,0.0114050913,-0.0031176434,0.0069727407,-0.0122808153,-0.0085549549,-0.0035597292,-0.0426025432,0.0081672656,-0.0276889830,-0.0294152906,0.0155175425,0.0100948473,-0.0006769761,-0.0197497311,-0.0067256264,0.0117536021,-0.0314253419,-0.0082946137,0.0188876155,0.0055831557,0.0021683727,0.0083313269,-0.0048947916,0.0079492273,-0.0155523162,-0.0065808935,0.0071860974,-0.0425561229,0.0006908992,0.0024501471,0.0060693335,0.0090379495,-0.0240821853,-0.0124550070,-0.0020544767,-0.0045454991,0.0063660633,-0.0161717161,-0.0053221549,0.0121233533,-0.0119985544,-0.0155925148,-0.0067276933,0.0107475796
274.0000000000,0.0002859490,0.0096633172,-0.0115342972,-0.0047269820,0.0269976020,0.0189156023,-0.0254922382,-0.0006483327,-0.0163958820,0.0033760375,0.0033627418,0.0021305019,-0.0361574399,-0.0197629323,-0.0038444664,-0.0296845500,-0.0125774874,-0.0124885332,-0.0025682993,0.0031388541,0.0143447687,-0.0002034388,-0.0266523708,0.0078267440,0.0193325510,-0.0130091065,0.0037137976,-0.0063964624,-0.0183589926,0.0074359862,0.0079834858,0.0204763031,0.0358987241,0.0135030466,0.0038956683,-0.0140716089,-0.0088658040,0.0089795400,-0.0083959603,-0.0204189955,0.0052685205,0.0164097576,0.0013260484,-0.0189013797,-0.0173391484,-0.0341609209,-0.0228941637,0.0001922965,-0.0124846680,0.0008530923,0.0246027167,0.0043484239,-0.0127640003,-0.0102573154,-0.0201628031,0.0099570867,-0.0285378433,-0.0414978826,-0.0022969046,0.0022920944,-0.0033063143,0.0136322562,0.0151178772
275.0000000000,-0.0146945614,0.0018558849,0.0118231261,0.0042638990,-0.0001170238,-0.0045577202,-0.0242541903,0.0165294704,-0.0159973512,0.0115267739,0.0088667470,0.0078547682,-0.0106003885,-0.0112588264,-0.0236227073,-0.0193583976,-0.0257637412,-0.0070854504,-0.0281115379,0.0238800023,-0.0139884422,-0.0197097192,-0.0154984650,-0.0023060425,0.0126489863,-0.0180384223,0.0058803979,-0.0214495716,-0.0066113372,-0.0051949688,0.0063392018,-0.0250692299,0.0211801903,0.0126498873,0.0140704101,-0.0015340625,-0.0108776937,0.0092463962,0.0022514169,-0.0019559027,0.0154223624,0.0291854281,-0.0128297714,0.0088266216,-0.0093194222,0.0042178578,-0.0383233009,-0.0006436772,-0.0204529448,0.0109868965,0.0204155700,-0.0083148363,0.0077836776,-0.0094434340,-0.0393077704,0.0097232675,-0.0084952968,-0.0041608822,-0.0176875646,0.0242991483,-0.0151628812,-0.0055155924,0.0316683391
276.0000000000,-0.0187991153,0.0046002294,0.0124288688,0.0099444652,0.0171485154,0.0119413893,-0.0173057275,0.0265552514,-0.0031261052,0.0202912658,-0.0016215915,0.0037729672,-0.0048771138,-0.0138180103,-0.0050669072,-0.0374199428,0.0094632956,-0.0096441625,-0.0054995088,-0.0094143788,-0.0087971276,0.0021903808,-0.0040005991,-0.0204506214,0.0262412312,-0.0191042789,-0.0169789500,0.0047317360,0.0102368799,0.0060558692,-0.0052940649,0.0042463381,0.0231426686,0.0192946326,0.0089143334,0.0145675620,-0.0130200937,-0.0005375466,-0.0056874721,-0.0010840955,0.0076793872,-0.0165625321,-0.0038947392,0.0052381654,0.0066499932,-0.0189293061,-0.0062026699,0.0113571410,0.0023514549,0.0044194964,-0.0006688224,-0.0093798388,0.0211097406,-0.0052636895,-0.0122362104,0.0044815905,-0.0094187662,-0.0069747469,0.0062104818,0.0171401973,0.0006228209,0.0020494822,0.0012729859
277.0000000000,-0.0178726924,0.0244497464,-0.0318807442,0.0130185314,0.0045859565,0.0206530247,-0.0108205168,0.0056763679,0.0079689806,0.0142185078,0.0067132146,-0.0126393749,0.0224691654,0.0022129988,-0.0049741764,-0.0182157449,-0.0087293455,-0.0118858089,-0.0076128198,0.0137394354,-0.0116946737,0.0047981448,-0.0322368111,0.0110432831,0.0125354021,0.0105042640,0.0102489217,0.0051640845,-0.0040887258,0.0088932419,0.0097794341,-0.0125049435,-0.0025549775,0.0010562666,0.0201878840,0.0216638096,-0.0233852310,0.0106154765,-0.0191380594,-0.0011772714,0.0041672880,0.0094771529,-0.0337313903,-0.0129227830,-0.0121667452,0.0039331027,-0.0131467434,0.0109709311,-0.0184070448,0.0004750317,0.0102287776,0.0060541350,-0.0056870805,-0.0050235180,-0.0180676391,0.0150905757,-0.0127308409,-0.0095612689,0.0131891060,-0.0200385139,0.0145887933,-0.0008829320,0.0070938262
278.0000000000,0.0131185636,-0.0054053865,0.0002460827,-0.0100555210,0.0067949553,-0.0042447569,0.0046700062,0.0282374159,0.0078055305,0.0125245199,0.0048316427,-0.0024356608,-0.0168652900,-0.0181898271,-0.0030034856,-0.0079940254,-0.0171073738,0.0022500218,-0.0275521529,-0.0039598589,-0.0099217928,-0.0085059013,-0.0161681169,0.0010347142,0.0204200596,-0.0072226417,-0.0284151952,-0.0188835536,-0.0091728510,0.0006850233,-0.0084069600,0.0049148174,0.0200010225,0.0064828541,-0.0045101131,0.0091774870,0.0136567844,0.0382483240,-0.0009810589,-0.0034093922,0.0075222058,0.0039688776,-0.0262454139,-0.0161761050,-0.0041185787,-0.0189089414,-0.0155589471,-0.0026972725,-0.0176165129,-0.0146992087,-0.0001805375,-0.0072771684,0.0244182083,-0.0057635104,-0.0113048738,-0.0055681123,-0.0096002786,0.0043503410,0.0118969306,0.0127402565,-0.0139980662,0.0043400211,0.0084826935
279.0000000000,-0.0094610391,-0.0037392592,-0.0049492932,0.0167697048,0.0210500795,0.0212215125,-0.0124773053,-0.0018460152,-0.0506109746,0.0008411782,0.0011916598,-0.0081070313,-0.0117521255,0.0010862389,0.0176989129,-0.0172171453,0.0055871050,-0.0090255202,-0.0153462278,0.0119730273,0.0107238557,0.0039480223,-0.0169998990,0.0082091337,-0.0009707641,-0.0150131750,0.0237478827,0.0094389431,-0.0094121456,-0.0177727043,-0.0050104843,0.0123215203,0.0135713791,-0.0010353154,0.0231718553,0.0099753743,0.0046531604,0.0156780493,0.0142013442,0.0015046577,0.0021809640,-0.0315301992,-0.0018585967,-0.0178366866,-0.0062007393,-0.0150008809,-0.0500393363,0.0146820055,0.0070525997,0.0302581548,-0.0068880814,-0.0109565208,0.0038445720,-0.0095757431,-0.0112095086,-0.0063815472,-0.0001624494,-0.0006941432,0.0131173438,-0.0011579191,0.0140426298,-0.0012746127,0.0093913841
280.0000000000,-0.0264396370,0.0145339525,0.0052362081,-0.0077555894,0.0087160836,0.0208309406,-0.0049472755,-0.0089127199,-0.0073193382,0.0023762268,-0.0014433310,-0.0242716596,-0.0058459773,0.0224326017,0.0136742516,-0.0230798995,-0.0164227301,-0.0060498402,-0.0437832015,-0.0014533611,0.0066397844,0.0033571199,-0.0043583859,-0.0044394665,-0.0002843623,-0.0202522466,0.0163185397,-0.0247504331,-0.0000190581,0.0122020746,0.0018795408,-0.0059913127,0.0081366798,0.0274630354,-0.0060986482,0.0208616282,0.0008409056,0.0214545532,-0.0288289420,-0.0081665135,-0.0077870110,-0.0289719384,-0.0349088106,-0.0075255207,-0.0093327772,-0.0009678988,-0.0387981890,0.0132972084,0.0013284435,0.0119849677,0.0127366219,-0.0019575067,0.0139293495,-0.0033488602,-0.0299971853,0.0025287057,-0.0146126616,-0.0185210495,-0.0068913806,-0.0032570045,-0.0204468167,0.0033417243,0.0119041993
281.0000000000,0.0022063363,0.0241582431,-0.0174417168,0.0186668236,-0.0072505172,0.0336904734,-0.0089321605,0.0102195214,-0.0157155990,0.0175092869,0.0137200680,0.0135550518,-0.0119449746,-0.0173035183,0.0118838691,-0.0161675216,-0.0049512462,-0.0049854915,-0.0214188962,-0.0052588442,-0.0307317837,0.0130924537,-0.0117622554,0.0206042595,0.0280369248,-0.0160446558,0.0039950635,-0.0018680937,-0.0332093786,0.0060686411,0.0040751102,-0.0141458215,0.0337992643,-0.0008451636,0.0280672333,-0.0046155262,-0.0020292267,0.0148359743,-0.0201504760,-0.0045531377,-0.0170248631,0.0095492054,-0.0433475299,-0.0067657412,-0.0136014293,-0.0088659497,-0.0269903498,0.0000722457,-0.0219991894,0.0079915848,0.0241879162,0.0078792207,0.0163130169,0.0000914894,-0.0090295532,-0.0152232229,-0.0317438447,0.0112435490,-0.0178145752,0.0094717956,-0.0129692280,-0.0053605227,0.0303913828
282.0000000000,-0.0015182030,0.0270719485,-0.0094973439,0.0096600275,0.0161069552,0.0144312722,-0.0303492921,0.0064647770,-0.0239236715,-0.0066081572,-0.0139685680,0.0024812857,-0.0278298557,-0.0365237697,-0.0048191774,-0.0092324625,0.0060060891,0.0081222845,-0.0341801422,0.0163744485,0.0001214139,-0.0069523289,-0.0175071446,0.0140174482,-0.0059619413,-0.0073405556,-0.0087074249,-0.0128932666,-0.0127705718,-0.0030947929,-0.0246029324,-0.0072526953,0.0095725338,-0.0116588872,0.0310608562,-0.0060345261,0.0135849064,-0.0040823891,-0.0112461664,-0.0014072582,-0.0002357785,0.0073386112,-0.0048831802,-0.0171038956,-0.0001668891,-0.0019269454,-0.0232469061,0.0087072076,0.0028092428,0.0004823477,0.0066794276,-0.0019358600,0.0175841945,0.0013207903,0.0010469528,0.0075432299,0.0158591445,-0.0184674962,0.0089342256,0.0154825206,0.0048202108,-0.0032029851,0.0180189419
283.0000000000,0.0001078949,0.0133173683,-0.0030359103,-0.0109706731,0.0071046244,-0.0023083687,-0.0028287564,0.0244500585,-0.0158658092,0.0168863637,0.0021757718,-0.0226095506,-0.0000169257,-0.0045826959,-0.0055142390,-0.0148080928,0.0197744117,-0.0171767792,-0.0354793507,0.0098581784,0.0056861974,-0.0073994679,-0.0146910394,-0.0011764061,0.0087252672,-0.0113545559,0.0035384554,-0.0006772173,-0.0051103760,0.0120730344,-0.0076114320,-0.0046404919,0.0128116943,0.0111965790,0.0071156768,-0.0139771273,0.0040459947,0.0023346438,-0.0057098430,-0.0212245803,-0.0023208880,-0.0039622631,-0.0177235774,0.0127545465,-0.0168790901,-0.0094008901,-0.0230629103,0.0048238995,-0.0132096780,0.0098961156,0.0316930184,-0.0070554257,-0.0088065834,-0.0100818348,-0.0247103137,0.0076567260,-0.0299398530,-0.0081800768,-0.0397378151,0.0169068980,-0.0247313266,0.0023930074,0.0036009506
284.0000000000,-0.0113546592,0.0189893897,-0.0061977381,-0.0021603283,-0.0227840466,0.0359725585,-0.0341983935,-0.0090344834,-0.0018606925,-0.0112107285,0.0078651418,0.0040530364,0.0051378477,-0.0250365319,-0.0022182293,-0.0003547741,-0.0026937961,-0.0323067807,-0.0265640096,0.0138059165,0.0006717098,-0.0217932492,-0.0395323754,-0.0175917542,0.0023708865,-0.0109531410,0.0116800421,-0.0156890953,-0.0057900206,0.0044743971,-0.0147205327,-0.0133920750,-0.0054884955,0.0072650537,0.0155717065,0.0005619719,0.0095367990,-0.0098269682,-0.0044460776,0.0064328068,0.0039778192,0.0085278030,-0.0251850298,-0.0107240825,-0.0025676562,-0.0042201888,-0.0213852307,0.0035469840,-0.0003360488,0.0061338810,0.0163487847,0.0040336152,-0.0084664281,-0.0213756223,-0.0087184668,0.0026863766,0.0089985425,-0.0092682329,0.0046841715,-0.0007841272,-0.0237863427,-0.0122361397,0.0127352207
285.0000000000,0.0045875092,0.0083469263,-0.0027591738,0.0059686927,0.0135373262,0.0123692904,-0.0331763977,0.0163785481,-0.0056208647,0.0200543669,0.0096487192,-0.0049185111,-0.0053493886,-0.0149708593,-0.0108391364,-0.0325977383,0.0006392206,-0.0059515170,-0.0079494462,0.0044735262,-0.0224845942,0.0069394243,-0.0176798716,0.0041174173,0.0512130625,-0.0198629430,0.0163005724,-0.0200295449,0.0195856652,0.0073365174,-0.0082320064,0.0099876709,-0.0015811581,0.0107048581,0.0240922941,0.0138199397,0.0121493931,0.0032571085,0.0052750936,-0.0137650570,0.0004774904,0.0089361014,-0.0206198709,-0.0120486211,0.0011751370,-0.0278224372,-0.0126242491,-0.0028218046,-0.0121358135,-0.0029678080,0.0273169973,0.0065709577,0.0011294914,0.0176898548,-0.0305453551,0.0280249666,-0.0005295615,-0.0022435565,0.0090155823,0.0061150993,-0.0113768226,-0.0004505644,0.0292608695
286.0000000000,-0.0282956844,0.0156865924,-0.0093467757,-0.0015070106,0.0023094596,0.0221752363,-0.0155111602,0.0284285798,0.0048657668,-0.0160011562,-0.0100472683,-0.0152273289,-0.0026977546,-0.0109585690,-0.0015102591,-0.0027532120,0.0110045772,-0.0280407897,-0.0199506986,0.0220223686,0.0282280801,0.0076074756,-0.0327545794,0.0031219087,0.0188633392,-0.0325856165,0.0261158275,-0.0310544722,-0.0116990068,-0.0126921012,-0.0129821112,-0.0276297794,0.0057150671,0.0142556985,0.0179630211,-0.0018893590,0.0059349189,0.0195328340,-0.0283195712,-0.0073058024,0.0087538072,0.0025376718,-0.0189349856,-0.0007340898,-0.0055234265,-0.0240090201,-0.0329059026,0.0248000872,-0.0120824074,-0.0113842355,-0.0011462535,-0.0123013443,0.0368037070,0.0125386013,-0.0351218582,0.0043200692,-0.0042218179,-0.0184137921,0.0010473662,0.0092261707,-0.0117575742,-0.0037379954,-0.0077647751
287.0000000000,-0.0067301297,0.0219571876,-0.0137479389,-0.0052993379,0.0210017462,0.0148003878,-0.0169442382,0.0271691156,-0.0216068644,0.0114089272,-0.0178367163,-0.0046196677,-0.0284631533,-0.0204481724,-0.0026376997,-0.0159131098,-0.0027416568,0.0103958348,-0.0337792600,0.0373633402,0.0067964802,0.0158162033,-0.0243522705,-0.0048114939,0.0242094201,-0.0205696078,0.0039694873,0.0060188149,-0.0011261249,-0.0095215690,0.0070903912,0.0062982383,0.0050467726,0.0187671997,0.0258857138,-0.0018206686,0.0133683139,0.0104058450,-0.0008739470,0.0092984704,0.0108448825,0.0107960994,-0.0199405624,-0.0236169552,-0.0151817292,-0.0139278975,-0.0285320883,-0.0001086855,-0.0181450406,0.0119726779,0.0083486776,-0.0240465471,0.0253340101,0.0066793276,-0.0118843550,-0.0107929036,-0.0081830088,-0.0128476436,-0.0145634877,0.0184988931,0.0183222399,0.0004909292,-0.0012568128
288.0000000000,-0.0111368143,0.0055006651,-0.0238850113,-0.0147927533,-0.0109766450,0.0067614643,-0.0402454224,-0.0203393725,-0.0148801042,0.0092283485,-0.0064521618,-0.0200440079,-0.0013353468,0.0148743318,-0.0113936782,-0.0025549838,-0.0176898766,-0.0234314524,-0.0296497956,0.0232963377,0.0064037499,-0.0333723748,-0.0316469789,0.0004312986,0.0099971164,-0.0471059949,-0.0030096104,-0.0001290178,0.0123924959,0.0076442018,-0.0212556894,-0.0189414307,0.0065721549,0.0072909278,0.0323316129,-0.0194941636,0.0194785204,0.0137312257,-0.0061671945,-0.0149605540,-0.0064064933,0.0054517531,0.0019116145,-0.0007192843,-0.0028302658,-0.0168081110,-0.0175744719,-0.0037242414,-0.0165177718,-0.0050658096,0.0001820802,-0.0231345090,0.0021130716,-0.0101630023,-0.0314071859,0.0129180685,-0.0029928075,-0.0062670754,-0.0185547604,0.0095438637,-0.0091609112,-0.0052576916,0.0053347948
289.0000000000,-0.0055037941,0.0186637598,-0.0146111185,-0.0173971610,0.0027208876,0.0034588755,-0.0068728814,-0.0160091634,-0.0283846609,-0.0130177223,0.0062905399,0.0083289552,-0.0026091928,-0.0064678562,0.0137347045,-0.0105817199,-0.0036813107,0.0039338406,-0.0468696131,-0.0163835521,0.0013166280,0.0035788775,0.0017712819,-0.0100009564,0.0102598072,-0.0045953117,0.0099592202,-0.0121576298,-0.0130550802,-0.0119394036,-0.0010347171,-0.0167394888,0.0093259971,0.0196192224,-0.0074271255,0.0021798948,-0.0031012044,-0.0084140953,-0.0195177092,-0.0089553997,0.0032614393,-0.0119444714,-0.0020032306,-0.0219466876,-0.0023208954,-0.0119483828,-0.0263314733,0.0003778848,-0.0232163958,0.0069713451,-0.0018024534,-0.0078810908,0.0268314813,-0.0087482795,-0.0168828464,0.0188668773,-0.0251273788,-0.0000760866,-0.0025845692,-0.0028535641,-0.0068583747,-0.0227326704,0.0061579975
290.0000000000,0.0110643644,0.0159055352,0.0078764305,-0.0075215544,0.0140822360,-0.0032729693,-0.0202086458,0.0055689910,0.0036597076,-0.0159733642,0.0069855722,-0.0164122219,-0.0116077638,-0.0158314565,-0.0332240088,-0.0122513427,-0.0161745564,-0.0145963588,-0.0185215308,0.0033807237,-0.0145690239,-0.0134488989,-0.0117787471,0.0030516880,0.0134210311,-0.0180850244,0.0246427877,-0.0087437202,-0.0098538634,-0.0140316695,-0.0057213475,-0.0045859608,0.0062146330,-0.0038559871,0.0068541459,-0.0005620850,-0.0125329734,0.0005050752,-0.0236791883,-0.0052987579,0.0023973749,-0.0187760428,0.0090969495,0.0008332654,-0.0155400780,-0.0388625772,-0.0145686572,0.0124242200,0.0021676152,0.0223132858,0.0139202823,0.0093700768,0.0057052798,-0.0147530648,-0.0113723071,-0.0118696098,-0.0047228902,-0.0169568849,0.0050603629,-0.0006533085,-0.0095713617,-0.0031589303,0.0059881357
291.0000000000,-0.0336054470,0.0100255149,-0.0087054430,0.0073202938,0.0056258246,0.0126048150,-0.0272379031,0.0112557042,0.0119827191,0.0041520566,0.0021973252,0.0150961936,-0.0117160850,0.0085339514,-0.0372779890,-0.0029412879,0.0089009854,-0.0056397643,-0.0124318632,0.0021649733,0.0129690712,-0.0106169864,-0.0014098493,-0.0116129636,0.0243904624,-0.0250783891,0.0058889624,0.0115663279,-0.0171137713,-0.0059036617,0.0144835204,-0.0139780705,0.0061820739,0.0078134582,0.0282628749,-0.0096077913,0.0147524456,0.0141424952,-0.0140177151,-0.0243797450,0.0142241016,0.0089069467,-0.0107962106,-0.0199029010,-0.0255310043,-0.0290524852,-0.0164732280,0.0006637832,0.0236624064,0.0034755171,-0.0242861092,-0.0005604055,0.0048919447,0.0112465805,-0.0243292975,0.0167948729,0.0025535532,-0.0103270750,-0.0121942074,0.0111799622,0.0154479969,0.0048138789,0.0004412937
292.0000000000,-0.0152694540,0.0141230208,0.0006029622,-0.0120481209,-0.0169578985,0.0108023496,-0.0222447924,0.0034928744,0.0125837393,-0.0049768083,0.0109648034,0.0016248315,-0.0163362040,-0.0117605652,-0.0174440342,-0.0321404970,0.0049910782,-0.0107734439,-0.0403606014,0.0008359095,-0.0093104808,-0.0028330716,-0.0445939175,-0.0144789660,0.0126378959,-0.0178390448,0.0025733536,-0.0151262535,-0.0122947641,0.0050993569,0.0088469164,-0.0112216087,0.0117120764,0.0125527159,0.0044778872,-0.0241498846,0.0009305532,0.0221511062,0.0014968062,-0.0077797691,0.0124475703,-0.0186593243,-0.0064286495,0.0027685784,-0.0197926884,-0.0000777565,0.0045011826,0.0023317200,0.0100299891,0.0009825320,0.0075029363,-0.0225230181,-0.0059014816,0.0086373978,-0.0314063593,0.0040781171,-0.0109313960,0.0012168614,-0.0121159982,-0.0070843461,0.0012376547,0.0092218474,0.0414449977
293.0000000000,-0.0349697930,0.0214089723,-0.0054097373,0.0087564966,0.0159606971,0.0134226178,-0.0088896393,0.0064274290,-0.0156914856,-0.0009247719,-0.0060796833,-0.0216320484,-0.0169625616,0.0061442434,-0.0112194867,-0.0012548293,-0.0125658208,-0.0115761823,-0.0404788386,0.0151090744,-0.0108435464,0.0140100661,-0.0209923900,-0.0044578202,0.0242426772,-0.0326967591,0.0290303935,-0.0100766203,-0.0049127447,0.0097554381,0.0070404633,-0.0110439437,0.0338605404,-0.0042789671,-0.0060983045,-0.0142480240,-0.0187456704,0.0261901401,-0.0052351960,-0.0171208786,0.0108961019,0.0089783401,-0.0200286964,-0.0054002263,-0.0072624901,-0.0103535039,-0.0279580324,0.0006492936,-0.0375168335,-0.0109270081,0.0004865015,0.0124859682,-0.0045341020,0.0366936926,-0.0119831089,-0.0053444462,-0.0032159552,-0.0178706080,-0.0000107196,0.0217431322,0.0041166656,0.0022255583,0.0234529250
294.0000000000,0.0249497906,-0.0017388312,0.0087308161,-0.0059174057,-0.0011005624,0.0102794225,-0.0090140609,-0.0012326387,-0.0070128618,-0.0079131297,0.0044428530,-0.0070542115,0.0075345460,0.0059544864,0.0041628300,-0.0122446919,-0.0160220853,0.0023704415,-0.0095277781,-0.0063040425,-0.0065968906,-0.0039483449,-0.0339385748,0.0063957071,0.0004723960,-0.0252130219,-0.0062403561,0.0052370125,-0.0134594534,-0.0016257071,-0.0007108377,-0.0021150398,-0.0027195588,0.0086179424,-0.0104433303,-0.0157089961,-0.0081657139,0.0115405874,-0.0197840905,0.0006079518,-0.0081582435,0.0131756969,-0.0192718236,0.0176084009,0.0136014435,-0.0321001824,-0.0109120774,-0.0201925580,0.0034579458,0.0070505384,-0.0082352385,0.0064395139,0.0226380463,-0.0090787763,0.0182293367,-0.0092156188,0.0124562129,0.0101698138,-0.0026245349,0.0004964575,0.0034478827,0.0214829513,0.0102030256
295.0000000000,0.0144466470,-0.0053665758,-0.0133313506,-0.0057589591,0.0360950584,0.0014215529,-0.0121982320,0.0071047516,-0.0116921987,-0.0019614614,-0.0180913669,0.0016243322,-0.0149371922,-0.0056424928,0.0016674519,-0.0018881068,0.0191480019,-0.0035440386,-0.0216594953,0.0186170803,0.0007860156,0.0195925373,0.0017922910,0.0015234610,0.0113043812,-0.0014412685,-0.0021506745,-0.0148871720,-0.0197155886,-0.0047541046,-0.0005302358,-0.0178362078,0.0191834498,0.0247500451,-0.0052569296,0.0130274324,0.0068336934,0.0052260474,-0.0125998847,-0.0087897666,0.0053430119,0.0160190908,-0.0190694208,-0.0216549184,-0.0067257439,-0.0263367413,-0.0255814610,0.0079076047,-0.0203068123,-0.0076400771,0.0045307259,0.0233412521,0.0232954185,0.0038795655,-0.0095856886,-0.0271050284,-0.0229666227,0.0173388669,-0.0115918364,-0.0087335576,0.0046414708,0.0053404738,0.0210640209
296.0000000000,-0.0221260363,0.0099661402,-0.0040388396,0.0069175944,0.0116588923,0.0277789594,-0.0307462621,-0.0289005619,-0.0239183325,0.0081649921,0.0159731989,-0.0098868136,-0.0098881109,-0.0212524204,0.0053085006,-0.0252736196,-0.0248499593,-0.0256926994,-0.0249462198,0.0281896273,-0.0009405974,-0.0080635193,-0.0319048306,0.0062958729,0.0064717573,-0.0176319286,0.0026107526,0.0029742002,-0.0234806071,0.0001584128,0.0044668038,0.0116023449,-0.0013370928,0.0321487549,0.0193206640,0.0002514912,0.0000807132,0.0325029622,-0.0286138451,-0.0047478434,0.0021924415,0.0051077862,-0.0329448387,-0.0120009454,-0.0144788306,-0.0102026256,-0.0160141400,0.0037045867,-0.0227365436,-0.0170441305,-0.0005237694,-0.0164479629,0.0149338701,-0.0325807265,-0.0143016846,0.0075429701,-0.0020729605,-0.0102026173,0.0044399218,-0.0108728792,-0.0047109483,0.0195151049,-0.0128186706
297.0000000000,0.0018747474,0.0081327804,-0.0049446943,0.0205184538,0.0120224315,0.0080490567,-0.0084049709,-0.0096762687,-0.0079946634,-0.0066765437,0.0087788098,0.0061818802,-0.0207020714,-0.0074490567,-0.0088513319,-0.0194571145,-0.0062583647,-0.0045706986,-0.0379386870,0.0096277707,-0.0122264141,0.0051640681,-0.0214289871,-0.0171297860,-0.0050491059,-0.0148111249,0.0079740786,-0.0165523555,-0.0104545903,-0.0113041302,-0.0175391653,0.0009469146,0.0227989322,0.0015332159,-0.0167002015,0.0135841498,0.0048369450,0.0066249074,-0.0002607931,0.0098753539,-0.0095961675,-0.0183205466,-0.0323549815,-0.0076564814,0.0047767649,-0.0319956802,-0.0276392114,-0.0006640881,-0.0092445824,0.0159126460,-0.0096460537,-0.0254563274,0.0001395474,0.0150205373,-0.0158236964,-0.0067262065,-0.0203180537,-0.0142881007,-0.0027625299,0.0171453950,0.0125533356,0.0125469193,-0.0052704684
298.0000000000,-0.0190759527,-0.0059631400,-0.0005313148,-0.0111514547,0.0081801102,0.0088741409,-0.0101536683,-0.0071176686,-0.0195468913,0.0075748308,0.0041536130,-0.0112122234,0.0058288509,-0.0227856055,-0.0277531022,-0.0303719613,-0.0144474373,-0.0214961517,-0.0172897531,0.0054384124,-0.0084799779,-0.0070582160,-0.0192559275,0.0139318837,0.0228768867,-0.0316094733,0.0209807547,-0.0083981611,-0.0018952603,0.0027627208,-0.0198496118,-0.0173946475,0.0307368402,0.0083085256,0.0013021154,0.0218309668,-0.0011764562,0.0253960969,0.0082671681,0.0014646538,0.0107831825,-0.0183074515,-0.0267963945,-0.0087585290,-0.0249297633,-0.0058511725,-0.0344525987,0.0092170102,-0.0192797415,-0.0008550638,-0.0118650969,-0.0036641803,0.0045469654,-0.0006476001,-0.0290060675,-0.0077156228,-0.0266006477,-0.0064628857,-0.0157438053,0.0502743235,0.0034390400,-0.0143414719,-0.0047423889
299.0000000000,-0.0028047357,0.0226159555,-0.0233852671,-0.0140010487,-0.0027303388,0.0089015804,-0.0227170422,-0.0058766124,0.0037417895,-0.0078132453,0.0059591991,-0.0159179080,-0.0000689635,0.0067478272,0.0160704040,-0.0061645315,0.0045759688,-0.0233535981,-0.0210962281,0.0025945138,0.0000732193,-0.0020227922,-0.0041450219,0.0065870339,0.0096537873,-0.0224067656,-0.0065075647,-0.0179976443,0.0063282605,-0.0122100996,-0.0140489778,-0.0082739742,-0.0050268370,-0.0095228491,0.0005751400,0.0111290395,0.0249614073,0.0214274984,-0.0135295376,0.0247080672,0.0211938970,-0.0100161644,-0.0095687478,-0.0054857748,-0.0188732932,0.0149739732,-0.0391326484,-0.0127672149,-0.0264954427,-0.0107945765,0.0008423339,-0.0129149547,0.0088700248,0.0008756787,-0.0174564417,0.0056353105,-0.0075385565,0.0111566206,0.0060548698,0.0203458530,0.0043795609,-0.0003256278,-0.0051015285
300.0000000000,-0.0100948907,-0.0080728140,-0.0193561663,0.0091041932,0.0086767686,0.0163850300,-0.0191161038,0.0093932898,-0.0107989631,-0.0014624977,-0.0011867751,-0.0065902804,-0.0028679444,-0.0061358176,0.0185780193,-0.0076454090,0.0003488436,-0.0282152687,-0.0178275234,-0.0050455124,0.0115303989,-0.0017918479,-0.0178297800,-0.0031786497,0.0111272231,-0.0169358692,-0.0013388368,-0.0082143668,-0.0133539069,-0.0001999016,-0.0025418884,0.0001598127,0.0061122887,0.0260323490,0.0111028902,0.0041227636,0.0056429694,0.0074557379,-0.0025169342,-0.0044065912,0.0177421265,-0.0003726886,-0.0248708589,-0.0064182233,-0.0013270299,0.0040402243,-0.0202644021,0.0178475660,-0.0225435450,0.0084510849,0.0165198271,0.0034317192,0.0120288749,-0.0017815278,-0.0498939061,-0.0159174610,-0.0221142893,-0.0275761830,0.0052862722,0.0072587601,0.0171942186,0.0131362146,0.0096027460
301.0000000000,-0.0105736183,-0.0019110364,-0.0234739005,0.0044266054,-0.0038464062,0.0013952525,-0.0328460109,-0.0015344488,-0.0126879756,-0.0052718669,-0.0141652148,-0.0064663199,0.0064936486,-0.0075661950,0.0241351765,-0.0102510479,0.0030097294,-0.0150126154,-0.0424165032,-0.0000874748,0.0035751271,0.0030415488,-0.0236651773,-0.0229391360,0.0098059007,-0.0206056658,-0.0003711887,-0.0081478451,-0.0291029188,-0.0087176634,0.0153414800,-0.0304418648,0.0109339295,-0.0042545550,0.0162890923,-0.0030169738,0.0056288209,0.0130143240,-0.0290708102,-0.0108966735,0.0193248568,-0.0200284390,-0.0226832936,-0.0043717198,-0.0225753798,-0.0068493448,-0.0395234512,0.0109382172,-0.0013851717,0.0199169429,0.0359183163,0.0042390130,-0.0053760449,0.0047223454,-0.0273475991,-0.0116117538,-0.0280438947,-0.0123023795,-0.0069700274,-0.0053907440,0.0059547414,-0.0089520266,-0.0050003530
302.0000000000,-0.0224949555,-0.0093679309,-0.0124450937,0.0010772433,-0.0100830358,0.0109594567,-0.0260055615,0.0157986700,-0.0294775869,0.0030219375,-0.0210599163,-0.0063414840,-0.0131933067,-0.0087303672,-0.0071675190,-0.0034708917,-0.0135385502,-0.0054682388,0.0004487777,-0.0129285311,-0.0050603826,0.0036225064,-0.0009924723,-0.0021342733,0.0163720912,-0.0407937969,0.0069538349,-0.0305969284,-0.0132203747,-0.0013841285,0.0027049928,-0.0040173583,0.0041227014,-0.0080469002,0.0124708488,-0.0077637930,0.0127977452,-0.0054506501,-0.0004113683,-0.0206222947,0.0169853752,0.0121510261,-0.0196420256,0.0085182990,-0.0122642464,-0.0005280355,-0.0233444743,-0.0007325120,-0.0183077615,0.0084306651,0.0201461982,0.0011033209,-0.0042951833,0.0012707299,-0.0099644337,-0.0162341403,0.0197777909,-0.0262221510,-0.0138374682,-0.0167622173,0.0175226623,-0.0032411719,0.0042763254
303.0000000000,-0.0077439186,0.0238154589,-0.0254613027,0.0031733266,0.0129781499,0.0085685762,-0.0099592029,-0.0079681639,-0.0016687899,0.0007048007,-0.0031039234,0.0030072372,-0.0155853546,0.0183717666,0.0109279031,0.0071642689,0.0057153228,-0.0045315010,-0.0261570428,0.0323154428,-0.0081546042,-0.0088003341,-0.0204826975,0.0003263259,0.0503548966,-0.0197809100,-0.0056190423,-0.0236231163,-0.0237611793,0.0119745735,0.0096405834,0.0197704797,0.0046942289,-0.0083704782,-0.0110503593,-0.0175093644,-0.0056747260,0.0118975839,-0.0017198876,-0.0000520407,0.0142856563,0.0047043732,-0.0023356734,-0.0281989637,-0.0009846847,-0.0099574347,-0.0093759646,-0.0066799169,-0.0204391627,-0.0054387467,0.0031737786,0.0059323120,0.0011653956,0.0064191749,-0.0275806814,0.0030143210,0.0002291686,-0.0136547695,0.0030413056,-0.0092120058,0.0004290280,-0.0077337436,0.0053371998
304.0000000000,-0.0029347217,0.0230252445,-0.0003571346,-0.0117705277,0.0142687442,0.0073357082,0.0067079685,-0.0019354074,-0.0024800837,0.0087893777,0.0078929208,0.0055762615,-0.0080854216,-0.0028181764,0.0060076263,-0.0241108932,0.0005767396,0.0034685847,-0.0081392167,0.0159366362,0.0081130131,0.0052656632,-0.0343975294,0.0112759895,0.0227066142,-0.0083984018,0.0296852585,-0.0342074348,-0.0202637904,-0.0056165932,0.0062088447,-0.0223483733,-0.0055930640,0.0123644619,0.0336978908,-0.0053421299,-0.0021422304,0.0099169509,-0.0210700371,-0.0258510553,0.0169708145,0.0336800827,-0.0087903100,-0.0242223427,-0.0103213729,-0.0047289103,-0.0091805638,-0.0032450823,0.0190186568,0.0093875317,-0.0023122154,0.0002943978,0.0009029428,0.0003877158,-0.0172859671,0.0110796165,0.0130126206,-0.0006418423,-0.0070535024,0.0203993893,-0.0203849377,0.0173151671,0.0175714372
305.0000000000,0.0094258018,0.0141824484,-0.0007784808,-0.0193378005,-0.0186157635,0.0158877862,-0.0164076327,0.0184216038,-0.0043860033,-0.0239432480,-0.0049079981,-0.0013557419,-0.0056715717,-0.0034970151,-0.0070072531,0.0038154816,-0.0220090775,-0.0108360119,-0.0259967431,-0.0014746269,0.0140181649,-0.0011109102,-0.0100870509,0.0116131762,-0.0045677407,-0.0138186878,-0.0038072211,-0.0197593903,-0.0171962678,0.0364411741,-0.0051671815,-0.0219792454,0.0026577895,-0.0074386465,0.0018234306,-0.0060339358,-0.0143501768,0.0128684168,-0.0063070857,0.0097690564,-0.0101570891,0.0184485671,-0.0203209423,0.0040300165,-0.0032914967,-0.0231215106,-0.0148595128,-0.0062539319,-0.0058252794,0.0002416839,0.0052139288,-0.0143625306,-0.0077350629,0.0238996950,-0.0233990453,0.0020538387,0.0074981627,0.0175056735,0.0142356269,0.0020491145,-0.0175691182,-0.0115379674,0.0110289833
306.0000000000,-0.0222984748,0.0133704479,-0.0001956293,0.0019061595,0.0178174481,0.0115110776,-0.0187634998,0.0218170385,0.0174286615,-0.0037003605,-0.0066919913,-0.0022107152,0.0034288992,-0.0024740574,-0.0102671667,-0.0036836407,-0.0059075279,-0.0094023436,-0.0361858222,0.0079351946,0.0149892305,-0.0125004707,-0.0189577688,0.0051072971,0.0240432815,-0.0026769347,0.0058968197,-0.0071289742,-0.0057638896,0.0016428912,0.0060762110,-0.0047848587,0.0094722892,0.0156208048,0.0204093069,0.0101007791,-0.0093397679,0.0064583593,0.0206307723,-0.0130512189,-0.0044482275,0.0077804947,-0.0116188367,0.0073311977,0.0000958600,-0.0081192753,-0.0100547220,0.0130897384,-0.0213961621,0.0025849468,0.0038531745,-0.0061086147,-0.0016927341,-0.0157650435,-0.0020208640,0.0065829038,0.0314038025,-0.0168346954,0.0049537282,0.0027369984,-0.0176416443,0.0097164616,-0.0054961721
307.0000000000,-0.0219302261,0.0106403354,0.0011851737,-0.0104914870,-0.0056154221,0.0091141704,-0.0082107411,0.0067854211,-0.0314105823,0.0150136260,0.0092276160,-0.0043039950,-0.0026171628,-0.0116401385,-0.0251390304,0.0089665258,-0.0259168418,-0.0010910972,-0.0069806080,-0.0013592480,-0.0031575713,-0.0131752842,-0.0059690288,0.0021502815,-0.0062676058,-0.0142953861,0.0336347243,-0.0142324806,-0.0099302233,0.0089125895,0.0092008339,-0.0071284578,0.0191501202,0.0205913102,0.0153269239,0.0023189746,-0.0025239486,0.0349580525,-0.0192476719,0.0098961900,-0.0020421861,0.0001674966,-0.0210932808,-0.0226113920,0.0001225439,-0.0207066339,-0.0084031042,0.0052211312,0.0006456390,0.0050524132,0.0207539740,0.0088970820,-0.0051021292,-0.0067647883,-0.0072001561,0.0156094929,0.0107792668,-0.0102054101,-0.0238981371,-0.0121176188,-0.0322423080,-0.0067629127,0.0090192806
308.0000000000,-0.0212160129,0.0116131172,0.0170805749,0.0045575739,0.0157571310,0.0194292413,0.0028213564,0.0160769469,0.0033190203,0.0121211552,-0.0117125262,0.0025074565,-0.0110155231,-0.0035793335,-0.0061374574,-0.0078703342,0.0039207872,-0.0097764271,-0.0410143904,-0.0060684311,0.0072419550,-0.0150829445,-0.0117846788,-0.0052620983,0.0021688525,0.0056083087,0.0009821545,-0.0102009843,-0.0032707534,0.0043180291,0.0005502290,0.0117628871,0.0104479030,0.0258948174,-0.0075640031,-0.0202904236,0.0186630117,0.0299363288,-0.0029509997,-0.0098069200,0.0152651057,0.0039601694,-0.0072869544,-0.0141728974,-0.0040645711,-0.0148111141,-0.0212466084,0.0097532552,0.0051108634,-0.0008967884,0.0036454531,0.0082700491,0.0125675185,-0.0203290609,-0.0024027297,0.0007485394,-0.0222511702,-0.0041958299,-0.0007086103,0.0295522440,0.0010206958,0.0009693853,0.0078714500
309.0000000000,-0.0084252157,-0.0040850338,-0.0125684946,-0.0089024064,0.0052719248,0.0220346628,-0.0077277240,0.0007747678,-0.0134163978,0.0143893722,-0.0285439402,0.0040777637,-0.0190113310,0.0068178357,-0.0067105772,-0.0240026494,-0.0066400920,-0.0102196321,-0.0353224159,0.0116937950,0.0071783773,-0.0010132823,-0.0086229436,0.0053189640,0.0324372657,-0.0399519095,0.0223414742,-0.0065890390,-0.0120283635,0.0027794698,0.0009089718,-0.0060722408,-0.0146855536,0.0216256562,0.0053255291,-0.0080856653,-0.0021120957,0.0225598505,-0.0030562149,0.0005146900,-0.0000840182,0.0051925357,-0.0182275599,-0.0150184559,-0.0064019809,-0.0301791201,-0.0169547004,-0.0038495950,-0.0373598403,-0.0043154290,0.0232554895,-0.0042635413,-0.0066108147,0.0104060963,-0.0197475045,0.0191015245,0.0065536927,-0.0140235477,-0.0094974041,0.0180806730,-0.0143814593,-0.0164539028,0.0118631577
310.0000000000,-0.0013165981,0.0170098942,0.0084167293,-0.0042860753,-0.0097342951,0.0045395090,-0.0154193262,0.0234998437,0.0139258960,0.0027488193,0.0198681043,-0.0277145556,-0.0223814171,-0.0179443446,-0.0026460654,-0.0234145947,-0.0081847687,-0.0115322866,0.0002115100,0.0300408074,0.0214412296,0.0049409156,-0.0089390861,-0.0087565778,0.0100153790,-0.0110883076,0.0146520404,-0.0222188051,-0.0117522140,0.0075917266,-0.0103816082,-0.0262473317,0.0245785839,0.0217636820,0.0035295842,0.0040036397,0.0035645582,0.0128343137,-0.0077021227,-0.0055654972,-0.0167113571,-0.0079022329,0.0009658222,0.0134052837,-0.0055457637,-0.0052469449,-0.0225901338,0.0059552880,-0.0143393971,0.0408213433,0.0028811736,-0.0138073724,-0.0053870020,-0.0179732154,-0.0024978333,0.0009045508,0.0071200556,-0.0108027431,-0.0045008635,-0.0042784701,0.0043611879,-0.0101524887,-0.0198310033
311.0000000000,-0.0000594952,-0.0186737165,-0.0113532200,0.0119698976,0.0046953132,-0.0006841114,-0.0103161937,0.0205578969,-0.0276066084,0.0168569187,0.0097383117,0.0011927105,-0.0119089936,0.0029273906,-0.0041364025,-0.0050380332,0.0060868672,0.0024414128,-0.0103356926,0.0225695162,0.0122743432,0.0062510157,-0.0207264038,0.0054266485,0.0043973280,-0.0121822073,0.0010095649,-0.0109473012,-0.0253687075,-0.0149273423,0.0077353780,-0.0378867834,0.0013934657,0.0209731587,0.0042336787,-0.0138740126,-0.0117227459,0.0084776666,-0.0119579246,0.0060654898,0.0130634636,-0.0065062206,-0.0108218109,-0.0059739632,-0.0030491426,-0.0175368637,-0.0156573773,0.0147894147,-0.0142936762,0.0166450760,0.0126473153,-0.0083627127,0.0003555292,0.0087167720,-0.0226144505,-0.0134611029,-0.0138239721,-0.0192354898,-0.0262679645,0.0086606113,0.0017808734,0.0047195361,0.0106390037
312.0000000000,-0.0279501561,0.0057731369,-0.0081983726,-0.0082073054,0.0110543393,-0.0051878247,0.0240694663,0.0209177504,-0.0100726794,0.0206693963,0.0256644517,-0.0254491964,-0.0133367977,0.0225232951,0.0145070000,0.0020085774,-0.0118401347,-0.0037825300,-0.0323793710,0.0098329276,0.0012460558,0.0021264459,-0.0183305574,-0.0119783989,-0.0010103014,-0.0007594730,-0.0033834132,-0.0312862568,-0.0246730727,-0.0072539927,0.0013665740,0.0063655771,-0.0067478353,-0.0291847048,-0.0021093986,-0.0106017625,0.0370052105,0.0092466796,-0.0086778979,-0.0007901153,-0.0007298929,-0.0139239284,0.0055334362,-0.0296314495,-0.0034846518,-0.0050885176,-0.0280871520,0.0156695891,-0.0289750061,0.0123683109,0.0076628939,0.0134376268,-0.0061612336,-0.0090352439,-0.0124530181,0.0033379808,0.0015590109,-0.0162599502,0.0034600589,0.0013872647,-0.0028064651,-0.0089072440,0.0114208141
313.0000000000,-0.0228501832,0.0163011029,-0.0182090194,-0.0011675891,-0.0088162305,0.0340120758,-0.0139157773,-0.0010163089,-0.0094857751,0.0062275664,-0.0028018398,-0.0016883198,-0.0170952313,-0.0208633442,-0.0015199951,-0.0210922929,-0.0137404490,-0.0035846088,-0.0385651955,0.0443008595,0.0018762216,-0.0114720553,-0.0233733024,0.0059448058,0.0197551357,-0.0259541496,0.0038744491,-0.0246343887,-0.0126117060,-0.0088196034,-0.0091078787,0.0145527353,0.0269234892,0.0026155911,0.0077843040,-0.0203293380,0.0200578523,0.0005455077,0.0080217965,-0.0111969610,0.0117318361,-0.0048877404,-0.0408845857,0.0014684982,-0.0240523900,-0.0242250754,-0.0169213152,0.0141497172,-0.0363836451,0.0078614214,0.0167021547,0.0183440096,0.0297687058,0.0109096390,-0.0235940844,-0.0182091977,-0.0196743122,-0.0256002640,-0.0110747977,0.0187582981,-0.0021106291,-0.0185853113,0.0135169199
314.0000000000,-0.0164582250,0.0129646929,0.0038590347,0.0060978265,-0.0069857705,0.0310327014,0.0081804107,0.0088379823,-0.0128232419,-0.0100378217,-0.0168785398,-0.0213656330,-0.0054062329,-0.0109642584,-0.0056690632,-0.0201188630,-0.0055164726,-0.0220753424,-0.0163273160,0.0118031700,0.0176396279,-0.0071329044,-0.0287984071,0.0135287116,0.0289280081,-0.0046890858,-0.0043733594,-0.0142281322,-0.0029599775,-0.0152335794,0.0113697140,-0.0064826727,0.0031031644,-0.0072270577,-0.0026032953,-0.0072151076,0.0017235642,-0.0022709711,0.0032108384,-0.0082011388,0.0327782274,-0.0068183937,-0.0342742833,-0.0324838124,-0.0098890142,0.0269167549,-0.0259505958,0.0085275914,-0.0278116709,-0.0093587700,0.0120416620,0.0211070132,0.0147104295,0.0084991145,-0.0174896029,0.0134950980,-0.0031742892,-0.0020081949,-0.0117835685,0.0244054327,-0.0240298805,-0.0100475797,0.0116742238
315.0000000000,-0.0251996457,0.0062144794,-0.0059157888,-0.0051865955,0.0205382432,0.0281912070,-0.0331066423,0.0131949238,0.0035746499,-0.0018793884,0.0270336018,-0.0245391026,-0.0077157210,-0.0055742871,0.0175738011,-0.0016291196,0.0002713451,-0.0259894343,-0.0353521578,0.0032589474,0.0155401803,0.0094705035,-0.0139715240,0.0049488608,0.0138830979,0.0027201301,-0.0003948829,-0.0186372212,-0.0074767411,0.0049290399,0.0133106042,-0.0084653067,0.0028748645,0.0016247443,-0.0029649240,0.0070377590,-0.0032769190,0.0346845535,-0.0076028358,-0.0090822770,0.0310762250,-0.0131806796,-0.0192038457,-0.0060995785,-0.0244302923,-0.0136155778,-0.0301687384,0.0005576914,0.0080916045,0.0166721300,0.0230259251,-0.0041333588,0.0061738513,0.0288561107,-0.0488971057,0.0072556935,-0.0156117354,-0.0187910399,-0.0048480144,0.0238706268,-0.0203151620,-0.0041445932,0.0060678556
316.0000000000,-0.0059104682,-0.0019075656,0.0173762057,0.0048748048,0.0142418878,0.0003478796,0.0160449619,0.0295861845,-0.0109526999,-0.0005414934,-0.0185532557,-0.0129738250,0.0184984387,-0.0026714492,-0.0077826997,0.0026852800,-0.0017527730,-0.0124207304,-0.0213251629,0.0128423131,0.0049085290,0.0300028995,-0.0105953582,0.0083235012,-0.0098186124,-0.0059455211,0.0216558338,-0.0086193154,-0.0190217944,-0.0105724069,-0.0001699865,-0.0111370527,-0.0011620687,0.0137917847,-0.0311986397,0.0016128329,-0.0053145220,-0.0141459453,0.0093616640,-0.0076231858,0.0092774783,0.0113395373,-0.0278856371,0.0089768288,-0.0025029909,0.0120316490,-0.0212747262,0.0043377145,-0.0251954997,0.0162022367,-0.0065592069,0.0048915613,-0.0071718155,-0.0032130324,0.0155083943,0.0138694839,-0.0051918257,-0.0115293399,0.0049995104,0.0202229625,-0.0056572902,-0.0005620170,0.0111370981
317.0000000000,-0.0242288306,0.0332973890,0.0011059616,-0.0200552894,-0.0041719463,0.0188941542,-0.0224303160,0.0225753696,-0.0086755676,0.0107361698,-0.0031104710,0.0046813120,-0.0202966432,0.0036536398,-0.0192519618,-0.0103219739,-0.0036851178,-0.0148951530,-0.0087820231,-0.0004020386,-0.0071023891,-0.0028589973,-0.0146097984,0.0241074669,-0.0006856303,0.0173857850,0.0045695385,-0.0129126329,-0.0074257149,0.0008783663,0.0079449861,-0.0069175427,0.0013666176,-0.0045563961,0.0007716490,0.0158128741,-0.0227996456,0.0102796468,-0.0098813648,-0.0140846166,0.0214885828,-0.0136268581,0.0080133553,-0.0196301596,0.0005978855,-0.0327063654,-0.0219276576,0.0174019249,-0.0315589705,0.0169773363,-0.0025781782,0.0158754529,0.0039246298,0.0190560196,0.0072194126,-0.0186577245,0.0107349191,-0.0060563608,0.0025348326,0.0113106755,-0.0273343313,-0.0105367788,-0.0064568786
318.0000000000,-0.0156298841,-0.0001189265,0.0052734509,0.0079797176,0.0019908644,0.0215922344,-0.0185293470,0.0142157465,-0.0238864698,0.0231628007,0.0132959193,0.0067750635,-0.0054683697,-0.0279303767,-0.0047610190,-0.0191435169,-0.0260407442,-0.0166994632,-0.0262497702,0.0319656212,0.0218853180,-0.0146525847,-0.0150403489,0.0033019566,0.0199517221,-0.0083419053,0.0100223237,-0.0260556838,-0.0156621631,0.0064234428,-0.0045386071,0.0015155430,-0.0028759437,0.0169204492,-0.0053496027,-0.0071760098,0.0109572251,0.0185753932,-0.0124185908,0.0020622864,0.0239997230,0.0280820328,-0.0112915667,-0.0171321685,-0.0002484888,-0.0129054047,-0.0242145092,-0.0034709274,-0.0166862596,0.0209084925,0.0181013501,-0.0057549795,0.0081299853,0.0054260631,-0.0320925072,0.0113424564,-0.0217960891,-0.0244404783,-0.0069196668,0.0110317535,-0.0141717669,0.0087474102,0.0164327775
319.0000000000,-0.0075479807,0.0124151804,-0.0358444405,0.0070441406,-0.0035290651,0.0046839502,0.0054613428,0.0194280675,-0.0175072821,0.0043017583,0.0023786836,-0.0051684402,-0.0090676944,0.0114976872,-0.0033328470,-0.0164083798,-0.0019905270,-0.0167320491,-0.0245877553,0.0038433943,0.0044624273,-0.0043763579,-0.0125422882,-0.0110694205,0.0319352756,0.0111985174,-0.0026662642,0.0009795654,-0.0385794651,0.0043588424,0.0317379781,0.0128564840,-0.0053268301,0.0145666223,0.0151415337,0.0236109391,-0.0105113258,0.0179030702,-0.0109137008,-0.0014105187,-0.0061517538,-0.0072989336,-0.0010226137,0.0022094032,-0.0122745908,-0.0084059983,0.0072940658,0.0070031768,-0.0168951048,0.0163652229,0.0103664594,-0.0098319793,0.0245850615,-0.0040850936,-0.0205383546,-0.0197645696,0.0095943928,-0.0069826897,0.0042578521,0.0240361022,0.0062059227,-0.0121482664,0.0194342090
320.0000000000,-0.0181533897,0.0352529899,-0.0205194202,0.0121201154,0.0158218954,-0.0092527858,-0.0214456670,-0.0033949338,0.0154654633,0.0203936593,0.0008677041,0.0015277301,-0.0218289165,-0.0029217201,-0.0149123438,-0.0189261215,-0.0219493040,-0.0143719450,-0.0152541331,0.0253292508,-0.0143335116,-0.0235966198,-0.0333147890,0.0192725031,0.0125488349,-0.0306183143,0.0007393724,-0.0215617411,-0.0092694905,0.0080708695,0.0027646865,-0.0142707009,0.0213498032,-0.0072746774,-0.0009265656,0.0021201747,-0.0097386882,0.0186197336,0.0087130299,-0.0141418694,-0.0185676108,0.0056795109,-0.0058435670,-0.0067303194,-0.0229517913,-0.0327553207,-0.0354547727,0.0070391932,0.0029454381,0.0109672079,0.0003250871,-0.0069031527,0.0141445681,0.0262720460,-0.0399076379,-0.0099713695,-0.0028439476,-0.0009211423,-0.0140255532,0.0052291723,-0.0044851744,0.0080384900,-0.0032806840
321.0000000000,-0.0170620410,0.0128772658,0.0101954349,0.0096086852,0.0062855973,-0.0105223663,0.0088954728,0.0050506713,0.0073355928,0.0043398582,-0.0014510475,-0.0081249271,-0.0132845264,0.0083836869,0.0022113100,-0.0141893794,0.0110663774,-0.0028965509,-0.0296785648,0.0130696296,0.0002356314,-0.0078092183,-0.0172152142,0.0035177718,0.0211247806,-0.0254528993,-0.0006990413,-0.0120863036,-0.0026690718,0.0278623722,-0.0118206267,-0.0081169820,-0.0049553102,0.0160123394,0.0024797173,-0.0139647097,0.0086391399,0.0334606072,-0.0095515988,0.0002425109,0.0021238291,-0.0058301973,-0.0074772340,-0.0104515499,-0.0111605497,-0.0106336252,-0.0242609375,0.0090340879,-0.0117531517,-0.0014920770,-0.0013776821,-0.0113152324,0.0172211495,0.0029525035,-0.0153727084,0.0207325813,-0.0214360082,-0.0064288427,-0.0330207676,0.0191706833,-0.0278007475,0.0013467963,-0.0087709673
322.0000000000,-0.0085241056,0.0066082497,-0.0106059374,0.0194137810,-0.0027835772,0.0015691333,-0.0217618301,0.0053662394,-0.0103492455,0.0070358912,0.0045706571,-0.0095215526,-0.0121607939,-0.0109755194,-0.0359417322,-0.0338894475,-0.0048450435,0.0076102503,-0.0144305125,0.0139449257,-0.0040816288,0.0034082760,-0.0295844354,0.0099850357,0.0315627443,0.0073988779,0.0264785109,-0.0019717707,-0.0299495527,0.0099704113,0.0206304999,-0.0046849554,0.0074472076,0.0206244592,-0.0063222039,-0.0217805456,0.0039110166,0.0103430221,-0.0074766123,-0.0112251530,0.0093979831,0.0054245599,-0.0221075565,-0.0267855045,0.0067116865,-0.0106697113,-0.0167159791,0.0038089979,-0.0175940017,0.0081945177,0.0000591182,0.0123423975,0.0018913629,-0.0116642115,-0.0200918870,0.0096260865,-0.0016162620,-0.0076318991,-0.0122523292,0.0270575575,-0.0175701410,0.0054399023,0.0036924383
323.0000000000,-0.0355692552,0.0107213387,0.0014415003,-0.0057492645,0.0190066902,0.0320996918,-0.0319454367,0.0003502267,-0.0096163474,-0.0034092678,-0.0028518848,-0.0082702823,-0.0081842178,-0.0115851750,-0.0130240096,-0.0165879489,0.0020588638,-0.0182884762,-0.0347876408,0.0248457822,-0.0016693306,0.0185674987,-0.0298663859,0.0021152748,0.0290471621,0.0055482935,0.0170348860,-0.0138363086,-0.0044863359,-0.0187342593,-0.0164308704,-0.0173701482,0.0187968900,0.0227558227,0.0392285442,-0.0292058002,-0.0129504004,0.0429300380,-0.0065373357,-0.0183992739,0.0129402069,0.0114337952,-0.0098029192,-0.0009019505,0.0202746385,0.0132949670,-0.0508290938,-0.0096545040,-0.0250876182,0.0000122534,0.0220210108,0.0090405377,0.0091729808,-0.0092424026,-0.0277642760,0.0053125725,-0.0125694318,-0.0222058479,-0.0127237852,0.0194767618,0.0041806792,-0.0063651603,0.0065637929
324.0000000000,-0.0012956172,0.0012505628,0.0069505356,-0.0148332806,0.0175294170,0.0162439036,-0.0161146857,-0.0063723893,0.0060792722,-0.0102084181,-0.0029914092,0.0010196713,0.0053280363,-0.0254490537,-0.0123146491,-0.0248561687,-0.0119432075,-0.0175872605,-0.0091263273,0.0305940273,-0.0123010787,0.0068196334,0.0006924023,-0.0131211999,0.0072213975,-0.0011352755,-0.0054905599,-0.0144156957,-0.0093204071,-0.0147075807,-0.0115262528,-0.0008254889,0.0165183033,0.0240079305,0.0004685422,0.0241529720,0.0069608470,-0.0019382345,-0.0010665466,0.0306788002,-0.0040111105,-0.0006412665,0.0164612851,-0.0149899412,-0.0206898427,-0.0256715904,0.0038956010,-0.0011395302,-0.0188121258,0.0032763521,0.0011766454,0.0016211433,-0.0182454364,0.0109128369,-0.0157471857,0.0235540057,-0.0093388000,-0.0141568775,0.0077642433,0.0191450531,-0.0017533510,0.0224371617,0.0191217841
325.0000000000,0.0050939157,0.0106606203,-0.0039134542,0.0218075241,0.0003634190,-0.0090131919,-0.0137330544,0.0197760605,0.0079217781,0.0363984568,0.0052029771,0.0002050502,-0.0247162807,-0.0293962727,-0.0029630064,-0.0096162820,-0.0101274688,-0.0220446925,-0.0291091857,0.0001333740,0.0055851242,0.0114462182,-0.0005936842,-0.0178232221,0.0217137573,-0.0127754278,0.0046613759,-0.0140144355,-0.0132314028,-0.0088267566,0.0096536053,-0.0181195147,0.0141112708,0.0157077719,-0.0016038132,-0.0047852319,-0.0213076438,0.0501523384,-0.0121336917,0.0010364963,-0.0033216517,-0.0118316092,-0.0146786415,-0.0043366594,0.0046236656,-0.0104645651,-0.0116345994,0.0006173274,-0.0236484995,-0.0100786835,0.0154298312,-0.0029268525,0.0109952976,-0.0075426788,-0.0057234222,0.0117093514,-0.0077212156,-0.0278019007,-0.0076843564,0.0028697410,0.0161258926,-0.0167159639,0.0093045506
326.0000000000,-0.0152097360,-0.0092311858,-0.0254331984,0.0151118441,0.0137381008,0.0097142254,-0.0346687257,0.0030728395,-0.0219408683,0.0049427194,-0.0085014864,-0.0118758106,-0.0272178158,-0.0150461081,0.0056920074,-0.0146061273,0.0021494469,0.0000992519,-0.0524070586,0.0262527886,0.0156628532,-0.0078536327,-0.0183205072,0.0199257569,0.0111504994,-0.0140415515,0.0016696597,-0.0259379910,-0.0341673137,0.0111741001,0.0021451810,0.0035230616,0.0158330993,0.0176497899,0.0012772425,0.0080542454,-0.0018825377,0.0026509631,-0.0124993591,0.0243556165,0.0025551582,0.0221221973,-0.0345986149,-0.0270020456,-0.0070771165,-0.0233278295,-0.0266349825,-0.0076498783,-0.0256961535,0.0158290941,0.0135407268,-0.0103687245,0.0305443941,0.0052046335,-0.0354942830,0.0036807096,-0.0350036013,0.0121490567,-0.0168508785,0.0064584699,-0.0198732506,0.0173724732,0.0176982534
327.0000000000,-0.0249430508,0.0112019334,-0.0099524765,0.0116106989,0.0123542559,0.0192521503,-0.0188536005,0.0143297842,0.0021226061,0.0046749406,-0.0090857932,-0.0084512053,-0.0152493427,-0.0275547890,0.0212274113,-0.0239517592,-0.0090552589,-0.0236663932,-0.0101477357,0.0135521549,0.0009305517,0.0201596957,-0.0228396835,0.0145865720,0.0352165644,-0.0190371451,0.0114481768,-0.0278342660,-0.0230049894,-0.0253178825,0.0064282154,0.0173075771,0.0138056101,0.0313217683,0.0111385670,0.0090591138,-0.0024959935,0.0099035918,-0.0077680730,-0.0255427386,0.0124302108,-0.0065962058,-0.0172609973,-0.0222736245,-0.0241208856,-0.0236359534,-0.0308838180,-0.0025132041,-0.0130062687,0.0158237206,0.0043438444,0.0099987175,0.0033513999,0.0264924880,-0.0203565193,-0.0030336192,0.0008367088,-0.0146519656,0.0021134815,0.0028619354,-0.0064991445,0.0128974757,0.0105748199
328.0000000000,-0.0118872147,0.0018030019,-0.0053765082,-0.0122875974,0.0282128877,0.0204831701,-0.0068186704,-0.0089741473,-0.0117888215,-0.0042036760,-0.0060379838,-0.0197149316,-0.0284407754,0.0015656555,-0.0013207612,-0.0088220003,0.0098662500,-0.0159280174,-0.0125096037,0.0220147359,-0.0097112438,-0.0020883825,-0.0065170434,0.0039811507,0.0176951728,0.0016705839,0.0049599958,-0.0075561225,0.0004914452,-0.0072582542,0.0129254526,0.0141378560,0.0225032096,-0.0112581546,0.0081691789,-0.0122526810,-0.0068874423,-0.0126997477,-0.0074581847,-0.0373506950,-0.0070106721,-0.0101005856,-0.0188376139,0.0091858916,-0.0126611089,-0.0255823444,-0.0259387356,0.0007419050,-0.0025398351,0.0126051846,0.0188317260,0.0225866303,-0.0255155100,0.0168938796,-0.0174946573,0.0206539255,-0.0295357451,-0.0176221337,-0.0077501067,-0.0012227182,-0.0007255939,0.0071029448,0.0134552280
329.0000000000,-0.0087972451,-0.0028966196,0.0168132203,0.0144838391,0.0300311439,0.0095518412,-0.0263835725,-0.0015376411,-0.0230212094,0.0089887463,-0.0027213131,0.0149379969,0.0081759084,0.0069448785,0.0061702081,0.0138774781,0.0029485030,0.0126361007,-0.0102319101,-0.0029008463,-0.0029586167,0.0003448315,-0.0328987404,-0.0050771031,0.0344180876,-0.0060414082,-0.0045385402,0.0001884709,-0.0208766153,-0.0001205759,0.0103189165,0.0062868034,0.0007785822,0.0122057761,0.0135963630,0.0027523995,-0.0073499313,0.0219432006,0.0020256102,0.0059252262,0.0066756838,-0.0061723905,-0.0228150151,0.0002451373,-0.0102201593,-0.0115731155,-0.0135999846,0.0231245679,-0.0051248948,0.0089179833,0.0159842588,0.0007476813,0.0050331713,0.0148672995,-0.0448971850,0.0040473052,-0.0055602351,0.0093266244,0.0007865118,0.0141699297,0.0045961716,-0.0091176809,0.0190632899
330.0000000000,-0.0302793982,0.0063875684,-0.0061475851,0.0023122207,0.0008658149,0.0061057307,-0.0119696506,0.0123247944,0.0198608893,0.0076069201,0.0037206112,0.0291322193,-0.0088123315,-0.0240067620,0.0083048011,-0.0319570915,-0.0121278475,0.0121738326,-0.0268284099,-0.0151192177,-0.0003754528,0.0034199567,-0.0250214631,0.0107996949,0.0063855980,0.0063768473,-0.0080228269,-0.0109019235,-0.0256066818,-0.0100554422,0.0059085062,-0.0282597095,0.0149346881,0.0496427107,0.0226594717,-0.0160472426,-0.0117985165,0.0145256673,0.0195509781,-0.0031507031,-0.0087272602,0.0166822986,-0.0190058373,-0.0185894107,-0.0121457952,0.0102837867,-0.0168749394,-0.0056879275,-0.0090951158,0.0006308643,0.0151182252,-0.0021433082,-0.0134497908,0.0044381788,-0.0147063016,0.0138523880,-0.0173634513,-0.0108839120,-0.0265649407,0.0238483703,-0.0056257487,-0.0072123676,0.0186734377
331.0000000000,-0.0001730716,0.0036214428,-0.0145267101,0.0034674380,0.0105374413,0.0009988523,0.0043557838,0.0017507611,0.0017055589,-0.0026224186,0.0055938303,-0.0051742935,0.0033894527,-0.0373047438,-0.0270302233,-0.0306276617,-0.0200735647,0.0017208941,0.0073953827,-0.0038331267,0.0081351545,0.0093309711,-0.0026777902,0.0121827197,0.0272955143,0.0004648152,0.0007598593,-0.0160399054,-0.0167546095,-0.0058751931,0.0059635628,-0.0154615122,0.0134371803,0.0010797613,0.0144796263,0.0177931576,0.0020519008,0.0374682667,-0.0114776449,-0.0014282358,0.0099435397,-0.0136888083,-0.0091415010,-0.0085353370,0.0166221864,0.0096458760,0.0029951492,0.0003207976,-0.0128099134,0.0309351247,0.0100953636,0.0237683856,-0.0133753377,0.0051474944,-0.0079085066,0.0162952550,0.0148013342,-0.0025531339,-0.0093844621,0.0218613552,-0.0037688475,0.0179737310,-0.0213421242
332.0000000000,0.0032971021,0.0083701307,-0.0197067515,-0.0186362128,0.0008110550,-0.0028124913,-0.0260197135,-0.0050567197,-0.0091005608,-0.0021168188,-0.0222863711,-0.0068745201,0.0035234301,0.0069670012,-0.0162906758,-0.0433859377,-0.0196341419,-0.0008307536,-0.0206397953,0.0098663918,-0.0107262537,-0.0027284017,0.0103784043,-0.0114329087,0.0143668897,-0.0014770357,0.0104392603,-0.0131824263,-0.0180416922,0.0030290940,-0.0149346308,0.0288620675,-0.0021845535,-0.0057580521,0.0085976441,-0.0048040259,-0.0018541648,0.0038066867,0.0021465681,0.0007852053,0.0138967826,-0.0072143855,-0.0074332995,0.0104833704,0.0017283940,-0.0005536872,-0.0067399135,0.0093909802,-0.0092576324,-0.0185316380,0.0072464201,0.0394196240,-0.0088719056,-0.0024111634,-0.0280293727,-0.0065470261,-0.0087265358,0.0074340287,-0.0142129651,-0.0040683357,-0.0285580880,0.0053998778,0.0287304780
333.0000000000,-0.0239231156,0.0130993403,0.0220334790,0.0158649636,0.0042713317,0.0176587444,0.0038320867,0.0226402619,0.0207886827,-0.0236339698,0.0015816431,-0.0178627982,-0.0010949856,-0.0090692079,0.0006197840,-0.0095928796,0.0020028142,-0.0009078745,-0.0093260800,-0.0061275406,0.0043688114,0.0142545178,-0.0167656068,0.0114084046,-0.0028966868,-0.0411013392,0.0043218884,-0.0150674553,-0.0240644102,0.0055377857,0.0099841446,0.0064397983,0.0073175319,-0.0010209336,0.0364393618,0.0102896796,0.0071038658,0.0300092268,0.0001128156,0.0049216527,-0.0019270394,0.0115346943,-0.0037676735,0.0028655394,-0.0031723109,-0.0054543087,-0.0193046185,-0.0030109792,0.0077760229,-0.0041871330,0.0149130005,0.0073627269,-0.0044474463,-0.0148508884,-0.0152027597,-0.0059508188,-0.0043064765,-0.0368749382,-0.0166170004,0.0206825979,-0.0199044277,0.0053394152,-0.0008713024
334.0000000000,-0.0130927042,-0.0055089728,0.0103086258,0.0291815945,0.0202915153,0.0214967893,0.0053362182,0.0003661906,0.0077634002,0.0242683212,-0.0214088430,-0.0186882291,-0.0252268384,0.0029611747,-0.0178275359,-0.0189928030,-0.0023102242,-0.0033665706,-0.0158415665,0.0096129579,-0.0166825459,-0.0072685193,-0.0164035186,-0.0200930075,0.0256187280,0.0040525603,0.0018967798,0.0228575125,-0.0131175234,-0.0044470907,-0.0039905453,-0.0079080307,-0.0056691150,0.0084909204,0.0153802390,-0.0003606294,0.0251320378,-0.0026860602,-0.0083946557,0.0176655290,0.0068876826,-0.0059240349,-0.0298128982,-0.0159258069,-0.0021329374,-0.0198425536,-0.0293498117,0.0048132605,0.0003300528,-0.0165744893,0.0129139161,-0.0143550466,0.0102070365,0.0302513292,-0.0112601846,-0.0116127886,0.0074704472,0.0096202562,-0.0000347607,-0.0133690187,-0.0005648396,0.0012715837,0.0086274153
335.0000000000,-0.0223997587,0.0045077245,0.0056435917,-0.0062874179,0.0060177200,0.0097731075,-0.0099151877,0.0174329159,-0.0090636947,0.0209280382,-0.0000877061,0.0115578604,-0.0001284705,-0.0034801399,-0.0111024418,-0.0030438537,-0.0160626041,-0.0154062580,-0.0030613255,-0.0013004787,-0.0028565860,-0.0093928398,0.0000646951,0.0164728372,0.0151788666,-0.0333175940,0.0208440620,-0.0116064182,-0.0172628018,-0.0208900048,0.0013120619,0.0015142919,-0.0113891230,0.0184834404,0.0146456053,0.0001009077,-0.0053581596,0.0011349468,0.0030677481,-0.0101040414,0.0016641214,-0.0223608615,-0.0350233550,0.0055696656,-0.0088349060,-0.0431407153,-0.0045955382,0.0142307149,-0.0273298218,0.0089203845,0.0030431666,-0.0214355476,0.0165712216,0.0045773593,-0.0010015091,-0.0025418356,-0.0042494138,-0.0125100370,0.0062382803,-0.0092296627,-0.0173964936,0.0008630373,0.0305078369
336.0000000000,0.0039682226,0.0036752830,0.0114118059,0.0039634986,-0.0091967282,-0.0017747283,-0.0203098738,0.0031937332,-0.0126309738,-0.0085498315,0.0008512115,-0.0075183267,-0.0053057608,-0.0114701823,-0.0010526072,-0.0209887461,0.0141235179,-0.0110201320,-0.0080350819,0.0008189118,0.0045196926,-0.0010202733,-0.0171763749,-0.0176923411,0.0026491114,-0.0065902878,0.0081037125,-0.0334604198,-0.0236923260,-0.0160153068,0.0120813521,0.0043195638,-0.0238585361,0.0081469186,0.0029193562,0.0218440765,0.0144692803,0.0243335240,-0.0024046136,-0.0186183175,0.0135879016,-0.0194801973,0.0040912494,-0.0176106512,0.0009976985,-0.0193005622,-0.0220671970,0.0016372914,-0.0156061805,0.0052381958,0.0114895174,-0.0068546405,0.0140526031,-0.0097141958,-0.0109467564,0.0153931701,-0.0112449334,-0.0138124285,-0.0042058830,0.0137687158,0.0052143012,-0.0069449124,0.0034153113
337.0000000000,-0.0152787461,0.0024627041,0.0005957460,0.0132875327,0.0141025608,0.0294235673,-0.0160933500,0.0107170000,-0.0121991746,0.0238753891,0.0145498893,0.0045578261,-0.0005411365,-0.0252212200,0.0025317934,-0.0081740651,-0.0076307480,-0.0068873155,-0.0282955264,0.0065388394,0.0266569397,-0.0094967315,-0.0327501033,-0.0095196152,0.0165125787,-0.0495159067,0.0170149851,-0.0330569564,-0.0277071343,-0.0083301049,-0.0176544051,-0.0371839818,0.0195566169,0.0258805971,0.0154656879,-0.0137330053,0.0043516241,0.0305874032,0.0087684511,-0.0036729768,-0.0063205170,-0.0085073562,-0.0283392824,-0.0124879226,-0.0096688084,-0.0047279223,-0.0299873479,0.0117081168,-0.0255757597,0.0047375656,-0.0236303509,-0.0158058586,0.0204495431,-0.0092591619,-0.0419281099,-0.0044020399,-0.0210984788,-0.0003507014,-0.0069918007,-0.0025363680,-0.0042238085,-0.0021210791,0.0161984454
338.0000000000,-0.0099194225,0.0292548454,0.0074427677,0.0178759267,-0.0031520322,0.0214598306,0.0070413284,0.0063716113,-0.0138716651,-0.0025581127,-0.0078096006,-0.0159564060,-0.0234165087,0.0164479824,0.0188733787,-0.0090055827,-0.0007124685,-0.0292409175,-0.0166359939,0.0144377650,-0.0000823341,-0.0137112378,0.0148418559,0.0069901287,0.0043958919,0.0115467727,0.0028308658,-0.0108910567,-0.0017613292,-0.0002874434,-0.0108418837,0.0077698897,-0.0098311031,0.0113170563,0.0093073720,0.0069947100,0.0083730158,0.0119145601,-0.0267174096,0.0014374328,0.0093050726,-0.0097503842,-0.0185275597,-0.0060904681,-0.0032766139,-0.0208196906,0.0032115598,-0.0159448125,-0.0160678975,-0.0112045972,0.0026425797,0.0034547296,0.0149512383,-0.0168023066,-0.0066388008,0.0020536207,-0.0054799049,0.0157614285,-0.0231283736,0.0218763654,-0.0046494599,0.0030069803,0.0053723660
339.0000000000,-0.0249694230,0.0118255657,-0.0260528382,0.0027931375,0.0133032778,0.0103775166,-0.0177726888,-0.0089994856,-0.0393701641,0.0059110474,0.0114281810,0.0019467779,0.0043137846,0.0015258805,0.0144373076,-0.0121951115,-0.0067661370,-0.0215614265,0.0084012627,0.0208024978,-0.0068974330,0.0093144328,-0.0303355709,0.0252955826,-0.0119862328,-0.0270608721,0.0142984451,-0.0289414221,-0.0298025963,0.0360219369,-0.0033075225,-0.0108373065,0.0023231543,0.0056503339,0.0160121849,-0.0091734934,-0.0074385373,0.0202770478,-0.0019754094,-0.0187505332,0.0142843431,0.0272521280,-0.0090016608,-0.0080115763,-0.0129248280,0.0064074040,-0.0234728373,0.0039597422,-0.0230783906,0.0127572228,0.0131675322,-0.0121537431,0.0156365516,0.0026269275,-0.0094260548,-0.0034394561,-0.0007035040,0.0032940321,0.0151556606,0.0273820584,-0.0168218913,-0.0109824948,0.0176763038
340.0000000000,0.0008440863,0.0069611724,0.0095268328,0.0180385802,-0.0139470139,0.0182941200,-0.0164298549,-0.0089983014,0.0023255783,-0.0132884723,0.0021503797,-0.0046527999,0.0144910223,0.0013740047,-0.0074945617,0.0003109604,0.0146319614,0.0459114641,-0.0053912513,-0.0158919064,-0.0025036194,-0.0049240466,0.0080133461,-0.0166041954,0.0103740536,-0.0086896303,0.0019152697,-0.0117070891,-0.0057198051,-0.0246060369,-0.0030032002,0.0066054896,-0.0004260613,0.0100473193,-0.0015182497,0.0058790107,0.0014175278,0.0149322056,0.0022919718,0.0117583038,-0.0050088762,0.0070646544,-0.0090196931,-0.0221319942,-0.0198985329,-0.0153736717,-0.0149098795,-0.0012656265,-0.0147731863,0.0017338619,-0.0158153704,0.0213767908,0.0013736621,0.0026952488,-0.0288944010,0.0112430593,0.0219007208,-0.0112158554,0.0207255180,0.0088860739,-0.0016931020,-0.0134728489,-0.0000682481
341.0000000000,-0.0259252088,0.0310289861,-0.0030094187,-0.0008011983,-0.0137174992,0.0066809928,-0.0305666868,0.0119312210,-0.0253358935,-0.0206535150,0.0046727098,-0.0132322824,-0.0062479714,-0.0042245917,-0.0018330463,-0.0106756427,0.0113845899,0.0094085454,-0.0260110626,0.0182514492,-0.0112107047,-0.0008370161,-0.0020774417,0.0073419172,0.0050346308,-0.0167268123,-0.0172786092,-0.0094882804,-0.0081729764,0.0143020032,0.0129051330,-0.0169784483,0.0060474552,0.0140173394,0.0294684854,0.0007068347,0.0006687531,0.0009253773,-0.0189525311,-0.0018236523,0.0180744173,0.0009898502,-0.0199024100,-0.0220419088,-0.0011816899,-0.0160529571,-0.0179664350,0.0069097654,-0.0057503545,0.0040801708,0.0014170064,-0.0051102231,0.0031336847,0.0043860997,-0.0189549415,-0.0127829898,0.0005655160,-0.0037126632,-0.0090807930,-0.0017154069,-0.0227962513,0.0119392423,0.0102104154
342.0000000000,0.0048818333,-0.0104628884,-0.0095649543,-0.0189692441,-0.0034868973,0.0018339885,-0.0193103081,0.0038607627,-0.0098003139,0.0031859486,-0.0012832239,-0.0015006760,-0.0282994181,-0.0062043627,0.0070008409,-0.0272220564,-0.0169315410,-0.0117315495,-0.0392903787,-0.0037512389,0.0061379305,-0.0132373710,-0.0181565864,0.0262764579,0.0067939638,-0.0269539790,0.0077350167,-0.0135833210,-0.0170843028,-0.0239198738,0.0122069535,0.0032063298,0.0002457737,0.0020030185,0.0324790775,0.0020630195,0.0191375768,0.0268365363,-0.0250975458,0.0109062207,0.0088761456,0.0182852528,-0.0311420431,-0.0052210167,-0.0202669442,-0.0317331148,-0.0268924616,0.0091910931,-0.0029004233,-0.0039680462,-0.0004091975,-0.0110295250,0.0095666904,0.0207991387,-0.0023713839,0.0096996912,-0.0058168303,-0.0121550758,0.0018805049,0.0188366657,0.0017455716,-0.0084759703,-0.0041626059
343.0000000000,0.0106242876,0.0029252628,-0.0254141056,0.0160403176,0.0224520295,0.0001660752,-0.0208202138,0.0384073310,-0.0281694679,0.0135165275,0.0037117813,0.0045412244,-0.0080001830,-0.0048802427,0.0236732350,-0.0240278191,-0.0266956059,-0.0084984419,-0.0084613933,0.0239769566,-0.0301616770,0.0210985463,-0.0249468214,0.0002624129,0.0075657951,-0.0153661349,0.0122483787,0.0190804720,-0.0050808437,-0.0224220225,-0.0085427996,-0.0016740384,-0.0190987991,0.0004325123,0.0219728843,0.0031801492,0.0176021516,0.0177594190,-0.0103873243,-0.0004636987,-0.0017234296,0.0017521013,-0.0215466973,-0.0020855938,-0.0019968960,-0.0046093058,-0.0313727000,-0.0082382964,-0.0139129662,0.0042443657,-0.0005954042,-0.0025135659,0.0204619085,-0.0032679718,-0.0059915160,-0.0036760808,-0.0069624417,-0.0244947718,-0.0082981153,-0.0007345736,0.0036978715,0.0157037645,0.0109682679
344.0000000000,-0.0065558845,0.0027957948,-0.0071305835,0.0007121107,-0.0052401673,0.0026307154,-0.0098297206,0.0096961514,-0.0174222418,0.0071931965,0.0084041825,-0.0037408933,-0.0224120945,-0.0206425529,-0.0138120877,-0.0084996926,-0.0110165655,-0.0259809006,-0.0209848123,0.0090477561,-0.0180172361,0.0047766665,-0.0291246125,-0.0189406018,0.0318860107,0.0046459583,0.0074402098,-0.0155761309,-0.0325984602,-0.0130587601,-0.0026912503,-0.0050739447,0.0153515320,0.0163195858,0.0280674929,0.0025667706,0.0089189334,0.0264338366,-0.0044627826,-0.0137264367,0.0056327563,-0.0172312737,-0.0171523743,-0.0095291313,-0.0162810591,-0.0067620536,-0.0355022578,-0.0079291633,-0.0107942200,0.0146587664,0.0187576394,0.0061808910,-0.0010220106,-0.0143546192,0.0076213406,0.0014138243,0.0336900984,-0.0060129451,0.0170910081,0.0055123174,-0.0039688197,0.0176791191,-0.0003051210
345.0000000000,0.0058879803,0.0371793799,-0.0209379386,-0.0270694223,-0.0020068646,0.0224307187,-0.0175566772,0.0041312325,-0.0082294740,0.0236713635,0.0037459445,0.0016180875,-0.0133512337,-0.0136504221,-0.0164549375,-0.0046945783,0.0106647043,-0.0000966845,-0.0203170897,0.0021999351,-0.0032406044,0.0078808622,-0.0185061234,-0.0286119397,-0.0130474177,-0.0158173909,0.0094527578,0.0007531816,0.0067902775,0.0104915792,-0.0050972772,0.0182148615,0.0218548586,0.0258561068,0.0130365907,0.0071738092,-0.0004920296,0.0005139120,-0.0045958927,0.0069837050,0.0164093430,0.0059709357,-0.0420506133,-0.0205216643,-0.0297811787,-0.0032686189,-0.0264978208,-0.0154661622,-0.0123386727,0.0016868718,0.0103049412,-0.0069368376,0.0384000672,-0.0195686398,-0.0363260591,0.0002024700,-0.0112037779,-0.0418833170,0.0050537718,0.0091546151,-0.0062515505,-0.0147907896,0.0137997234
346.0000000000,-0.0014836110,0.0153750631,-0.0279677379,-0.0007867481,-0.0070539699,0.0241350414,-0.0091890579,-0.0020644792,-0.0219849482,0.0171024739,-0.0057084368,-0.0122065161,-0.0219318384,-0.0100228604,-0.0063717063,-0.0269953747,-0.0135765013,-0.0086231151,0.0061553269,-0.0074410614,-0.0010661124,-0.0005327424,-0.0394150221,0.0046279997,0.0285150552,-0.0275169561,-0.0019552314,-0.0192771891,-0.0089796762,-0.0060775781,-0.0041462780,-0.0088362497,0.0016956013,0.0208867985,0.0034246762,-0.0123659616,-0.0098498379,0.0250881427,-0.0381767242,-0.0073351154,0.0206163912,0.0004030057,-0.0047277393,0.0026136710,-0.0002017359,-0.0257399187,-0.0327282364,0.0077497011,-0.0088975489,-0.0016382393,-0.0095376331,-0.0065180456,0.0184511137,-0.0062621072,-0.0092863847,-0.0117247702,-0.0003576313,-0.0129234777,0.0065856636,0.0286143262,-0.0210575661,0.0100516044,0.0167361199
347.0000000000,-0.0226671340,0.0218685193,-0.0034754919,0.0043579940,0.0061034737,0.0051854329,-0.0318234377,-0.0114897324,0.0014150333,-0.0053231007,-0.0019689315,-0.0078159708,-0.0161711649,-0.0091057494,-0.0038085786,-0.0218420517,-0.0079118098,-0.0110730484,-0.0511282311,0.0099226012,0.0079317694,-0.0079429871,-0.0152028141,0.0135089978,0.0302947650,-0.0042337236,0.0004278366,-0.0124891787,-0.0009207764,0.0060141383,-0.0019494673,-0.0198357691,-0.0054423163,0.0066635553,0.0140098898,0.0023882080,0.0115792940,0.0092665435,0.0008410343,-0.0174725498,-0.0022516264,-0.0059795198,-0.0260025172,-0.0105108735,-0.0198180359,0.0018600233,0.0050974057,0.0208554290,-0.0186169018,0.0009715697,0.0195694313,0.0073902230,0.0069550366,0.0125986450,-0.0276381529,0.0092504820,0.0043417192,-0.0089922281,-0.0248694738,-0.0146349302,-0.0050897959,-0.0103465498,-0.0042020737
348.0000000000,-0.0316727807,0.0305299053,-0.0183316178,0.0216511613,0.0113928223,0.0233115327,-0.0227818130,0.0149241924,0.0054249778,-0.0124915412,0.0018605999,-0.0269340523,0.0009587224,-0.0239969086,-0.0155710126,-0.0154671988,0.0099340406,-0.0297707828,-0.0326698754,0.0271567059,-0.0138802980,-0.0121959214,-0.0032362317,0.0048728890,0.0041041338,-0.0216675983,0.0195122789,-0.0327105858,-0.0445208423,-0.0029877584,0.0038118216,-0.0079614205,-0.0226391143,0.0406151460,0.0256622549,-0.0061309563,0.0100562182,0.0161797994,-0.0056462423,-0.0117696532,0.0015076503,0.0111259044,-0.0437897924,-0.0052165045,0.0076940123,-0.0189553052,-0.0426881347,0.0075514650,-0.0228242556,0.0337269164,0.0039942790,-0.0000635363,0.0229290975,0.0047425584,-0.0365083599,-0.0068171402,-0.0167705581,-0.0028557225,-0.0242538094,0.0119611724,-0.0180034443,0.0107146063,0.0208902014
349.0000000000,-0.0079398227,0.0129001472,-0.0127655527,-0.0015611355,-0.0049704303,0.0251471125,-0.0171438282,0.0005032307,0.0154088521,-0.0172555015,-0.0006097549,-0.0008920787,-0.0147159613,-0.0027593618,0.0054800110,-0.0330296410,-0.0078572785,-0.0057903168,-0.0073861293,0.0201887919,-0.0070537494,0.0160316902,-0.0025433654,0.0145490897,-0.0118827590,-0.0394241206,-0.0001016840,-0.0029473789,-0.0233865977,-0.0063286655,0.0042027092,-0.0307601205,-0.0117361483,0.0109469277,0.0010383039,-0.0163854772,0.0019300848,-0.0006160309,-0.0139126448,-0.0164540573,0.0017167560,-0.0251561309,-0.0009207994,-0.0137296789,-0.0086299667,-0.0220193798,-0.0325991686,0.0010356803,-0.0184140360,0.0146486819,-0.0155580061,0.0115265057,-0.0126109649,-0.0158031027,-0.0123417686,-0.0060586469,-0.0221889666,0.0107189930,-0.0059717619,0.0088403570,-0.0051870822,-0.0019466484,0.0063730688
350.0000000000,-0.0002199646,-0.0033090392,0.0028974556,-0.0024677096,0.0151001946,0.0026051832,-0.0156590509,0.0138144189,-0.0153064787,-0.0158934032,0.0144761096,0.0206054946,-0.0038179822,0.0055117107,0.0005005439,-0.0081692185,-0.0032004614,-0.0030498085,-0.0059720851,0.0117647594,0.0313696472,0.0001377750,-0.0235811227,0.0182372306,0.0108367208,-0.0121167082,0.0066367927,-0.0224716846,0.0078626422,-0.0070987392,0.0011792462,-0.0097275968,-0.0015760406,0.0120428187,-0.0073520062,-0.0025098309,-0.0117264266,0.0274276267,-0.0184268681,0.0100835958,-0.0136948864,0.0110673126,-0.0238032626,-0.0021668983,0.0005498377,-0.0092755289,-0.0209088016,-0.0023592516,-0.0277360611,0.0057039181,0.0150520986,0.0052218993,0.0030961637,0.0077964680,0.0059894331,-0.0093819445,-0.0223768792,-0.0025730289,-0.0059900001,-0.0073849953,-0.0211391788,0.0143859790,-0.0025228878
351.0000000000,-0.0055255004,0.0077875638,-0.0059277032,0.0136960777,0.0059057756,0.0132834104,-0.0156023130,-0.0000938713,0.0031101003,-0.0136953726,0.0070770368,-0.0087291595,-0.0227531529,-0.0180001358,0.0000502378,0.0000337455,-0.0014675415,-0.0073529059,-0.0228825435,0.0156864175,-0.0093791770,0.0248170863,-0.0105150741,0.0030200195,-0.0053199208,-0.0302988554,-0.0174836766,-0.0161828412,-0.0081246539,-0.0134873733,0.0046471915,0.0074765469,0.0174759132,0.0068198313,0.0020173635,0.0048358451,-0.0071976805,0.0195468224,0.0024505280,-0.0004336816,-0.0136203394,-0.0170540746,-0.0057388274,0.0125327699,-0.0098253467,-0.0065307842,-0.0214816223,0.0000116381,-0.0114884876,0.0254292708,0.0093571354,-0.0100302016,-0.0026168981,-0.0188331664,-0.0115288917,0.0134711317,0.0248850668,-0.0038737683,0.0081131263,0.0188601682,-0.0101540673,-0.0012973164,0.0155483484
352.0000000000,-0.0131478397,-0.0086580735,0.0161694786,0.0128417952,-0.0007881497,0.0240565803,-0.0216061801,-0.0013452097,0.0137655403,0.0064678220,-0.0013457598,-0.0159750460,-0.0094765219,-0.0079893600,0.0012528394,-0.0194659562,-0.0054361299,-0.0140008743,-0.0191215927,0.0282597928,-0.0269783377,-0.0076169208,-0.0360237174,0.0013913526,0.0235872642,-0.0083747750,0.0188498790,-0.0162799869,-0.0151142560,0.0279548061,0.0044747301,0.0102088956,0.0086186175,0.0200870113,0.0272703486,0.0058535951,0.0032754041,0.0384706226,-0.0077556422,0.0121910209,-0.0024888588,-0.0144608873,0.0048717953,-0.0049385843,-0.0111393950,-0.0131563616,-0.0311925668,-0.0065765701,-0.0040657443,0.0127987642,0.0134855062,-0.0032006309,-0.0143041085,0.0174031012,-0.0407943732,-0.0157559215,-0.0121636324,0.0216639250,0.0153834041,0.0046658228,-0.0069089976,-0.0194039581,-0.0072711054
353.0000000000,-0.0107008968,0.0006789935,0.0176275105,-0.0184745392,0.0152188306,0.0042661222,-0.0076436793,-0.0281657375,-0.0184031614,-0.0018367781,0.0040348156,-0.0090508207,-0.0202053266,-0.0291037296,0.0019738988,-0.0231379416,-0.0129057987,-0.0043146415,-0.0063708719,0.0164102298,0.0080906701,-0.0088070727,-0.0215480608,-0.0098639292,0.0039719040,0.0231693099,-0.0100822006,-0.0072318955,-0.0277522167,-0.0152694198,-0.0037882392,-0.0002489015,0.0188590214,0.0028624047,0.0164385486,0.0022232581,-0.0188654667,0.0106137730,-0.0100813577,0.0008822914,-0.0091798600,-0.0047564668,-0.0223507282,-0.0287323918,-0.0165911647,-0.0012864377,-0.0212900646,0.0229203349,-0.0196044971,-0.0101799870,0.0144003765,0.0002673752,-0.0065841808,-0.0073830404,-0.0058151137,-0.0007767807,0.0062470965,-0.0336428441,-0.0069575697,0.0150242258,-0.0226179974,0.0058178844,-0.0154733676
354.0000000000,-0.0072336092,-0.0074657724,0.0018933903,0.0126870404,0.0210058524,-0.0093018213,-0.0188364256,0.0140680104,0.0028712814,0.0043507733,0.0081887490,-0.0095518232,-0.0196123482,-0.0037725742,0.0006396292,-0.0295403350,0.0164087122,0.0023684723,-0.0401430496,0.0093590169,-0.0033267560,-0.0147212018,-0.0346953044,-0.0111113814,0.0262738253,-0.0416115582,0.0194351302,-0.0134896509,-0.0105153793,-0.0025995952,-0.0073374323,-0.0098179411,0.0172525108,0.0268814086,0.0055272045,-0.0215465909,0.0048310291,0.0246855403,-0.0023908509,0.0240706995,0.0021763513,0.0065448331,-0.0432191698,-0.0226340070,-0.0005075113,-0.0336369537,-0.0148366539,-0.0014244530,-0.0197318037,-0.0141475137,-0.0066049450,-0.0048910202,0.0290207145,0.0179033093,-0.0208088639,-0.0009505934,0.0046236943,0.0049300943,-0.0082990378,0.0159469696,-0.0122432288,-0.0218936801,0.0204473474
355.0000000000,-0.0034553411,-0.0084242679,-0.0010736097,0.0212170369,-0.0048282864,0.0044075524,-0.0344536514,-0.0014134525,-0.0172970281,0.0159719212,0.0033909661,-0.0189519530,-0.0027108781,-0.0037161676,-0.0082127628,-0.0173732558,-0.0057836146,0.0025840397,-0.0112895802,0.0180038693,-0.0202180320,0.0091773122,-0.0067503495,-0.0040392048,0.0126499244,-0.0036333186,0.0199983649,-0.0234827944,-0.0214890606,0.0143864785,-0.0042962726,-0.0080082504,-0.0039223553,0.0186558440,0.0123346479,0.0048694337,-0.0157667813,0.0338265523,0.0072261375,-0.0139158432,0.0011747708,0.0253141187,-0.0325970559,-0.0202234703,-0.0250298443,-0.0264561880,-0.0310409015,0.0037680185,-0.0416624308,0.0122869479,0.0223126084,0.0110862159,0.0148827647,0.0022752861,-0.0080813585,-0.0001838641,-0.0061070829,-0.0126161989,-0.0063001449,0.0116262249,-0.0182307420,0.0092865951,-0.0055211577
356.0000000000,-0.0000621215,0.0085794984,-0.0201258964,0.0104734740,0.0095489058,0.0116152258,0.0091216962,-0.0014902318,-0.0130223340,-0.0090982864,0.0102192071,-0.0238104858,0.0014673524,-0.0101533569,-0.0005222751,-0.0029986894,-0.0180793848,-0.0316783256,-0.0246891412,0.0044355796,0.0024211244,-0.0140639063,-0.0009835477,-0.0034869462,0.0084474132,0.0124186697,0.0165746697,-0.0016545631,-0.0296105905,0.0017592260,0.0049921078,-0.0025461820,0.0105672092,0.0080593056,0.0072191778,-0.0067581708,0.0229972261,0.0114781884,0.0006411589,0.0002736598,0.0061654117,0.0001405318,-0.0144269669,-0.0024011439,0.0066449725,-0.0031930773,-0.0017180127,0.0027744930,-0.0167157895,0.0179206012,0.0146023063,0.0047865934,0.0009804330,0.0012626119,-0.0356188210,0.0045639162,0.0028118009,-0.0084344073,-0.0157886408,0.0117828772,-0.0083550752,-0.0196539331,0.0112570914
357.0000000000,0.0130366722,0.0070774590,-0.0013985205,0.0141995814,-0.0040252697,-0.0012541881,0.0024062083,-0.0029126856,-0.0079595480,0.0025356265,0.0194456912,0.0111192150,-0.0199756777,0.0030116202,-0.0025578538,-0.0081900635,-0.0068223280,-0.0325155159,-0.0225689611,0.0086132875,0.0029030589,0.0235851684,-0.0168231507,0.0161143785,-0.0076142483,-0.0191416001,0.0134189118,-0.0080582216,-0.0197783585,0.0122653418,0.0078645757,-0.0038114926,0.0068281476,0.0117773328,0.0008681352,0.0212231366,0.0010229436,0.0148484280,0.0069503995,-0.0079237764,0.0060078280,0.0090124279,-0.0119055909,-0.0104013719,-0.0185910700,0.0067577221,-0.0107664593,0.0245549383,0.0023923612,-0.0017174653,0.0265949869,-0.0071281908,-0.0061701359,0.0002939420,0.0052728271,-0.0150884205,0.0145114173,0.0165981203,-0.0095343842,0.0059332260,-0.0057761835,-0.0028951544,0.0353229473
358.0000000000,-0.0100649931,0.0277070526,0.0089064375,0.0215607733,-0.0122712183,0.0130483176,-0.0355062843,0.0098605110,0.0053279642,-0.0084567535,-0.0117092393,0.0030240606,-0.0184000283,0.0009105743,0.0004959897,-0.0077685922,0.0010783988,0.0016373954,-0.0303623952,-0.0025801114,-0.0157250265,0.0042766088,-0.0329925641,-0.0008548749,0.0033395362,0.0116210911,0.0063282209,0.0004418625,-0.0128997686,0.0019326180,-0.0054674427,0.0138769660,-0.0032169519,0.0251251682,0.0256392294,0.0002788241,-0.0029877221,0.0114003270,-0.0130526496,-0.0180733197,0.0114610477,0.0066466956,-0.0132937674,0.0009313841,0.0048641490,-0.0479690774,-0.0345294346,0.0081873791,-0.0077254484,0.0019308594,0.0148335211,-0.0044872810,0.0158776430,0.0189119782,-0.0321462807,-0.0074188574,-0.0074838693,-0.0139786438,-0.0129482703,0.0201613418,-0.0074552381,0.0041851261,0.0180145411
359.0000000000,-0.0129640771,0.0201942605,0.0015278432,-0.0140065682,0.0090000092,0.0169994116,-0.0100600066,-0.0068199811,-0.0016014583,0.0000617240,-0.0166054958,0.0090322373,-0.0058287427,-0.0031446789,-0.0152710701,0.0153688077,-0.0279508659,0.0021968154,0.0002755926,0.0079837153,-0.0010857627,-0.0280387419,-0.0169472140,0.0023843910,0.0053066667,-0.0236170770,0.0072359013,-0.0281264384,-0.0072954095,-0.0022716308,-0.0128279193,-0.0192296260,-0.0120455280,0.0031054183,0.0019412714,-0.0063363180,-0.0020475268,0.0180779727,-0.0175025620,-0.0040672936,0.0022286640,0.0112788666,-0.0287453650,-0.0015770409,-0.0018235160,-0.0180394272,-0.0295771895,0.0052824908,-0.0108804034,0.0121207133,0.0091564199,0.0011365020,0.0089267426,0.0066195663,-0.0222145657,-0.0018485309,0.0019219865,-0.0167342135,-0.0055602800,0.0200408004,0.0043146201,-0.0049148977,-0.0159240748
360.0000000000,-0.0209737582,0.0171075514,-0.0215779792,0.0131420606,-0.0009473139,0.0224333406,-0.0107116618,0.0034983058,0.0098956304,-0.0052060880,-0.0032312873,-0.0239988691,0.0111556726,-0.0112032412,-0.0171690500,-0.0123721428,-0.0181790456,0.0104398760,-0.0226832847,0.0136816228,0.0024924494,-0.0171474933,0.0037997190,0.0056724364,0.0226107046,0.0078497349,0.0019299438,-0.0194737953,0.0060007615,0.0087849871,-0.0140169613,-0.0121098775,0.0111642792,0.0198262877,-0.0061834521,-0.0022220319,0.0162615406,0.0106513765,-0.0171326303,0.0146627413,0.0141774969,0.0261187471,-0.0154152658,0.0004339417,-0.0006630097,-0.0130646587,-0.0206976917,0.0102472692,-0.0083097704,0.0100016026,0.0157291150,-0.0120798010,0.0103263161,-0.0214406961,-0.0040619646,0.0187413986,-0.0258878878,0.0053283441,-0.0104263612,0.0136062511,-0.0127253112,-0.0010042477,0.0209095568
361.0000000000,-0.0146418157,0.0083795678,0.0041688760,-0.0087569858,0.0196998714,0.0025882730,-0.0125742881,0.0033715096,-0.0002465319,0.0248883931,-0.0066780798,-0.0173051190,-0.0200712144,-0.0065488862,0.0007941449,-0.0143389578,-0.0135275838,-0.0189977063,-0.0278581960,0.0239473113,-0.0278200629,0.0020395994,-0.0117527882,-0.0089391138,0.0010555150,-0.0234821593,0.0062014060,-0.0091481312,-0.0207235622,0.0041947208,-0.0080530468,-0.0232073538,-0.0065006209,0.0033335068,-0.0211700166,-0.0033076079,0.0097900689,0.0288808661,0.0042937993,-0.0208299198,0.0031031531,0.0122189407,-0.0149434300,-0.0002051369,0.0088252512,-0.0195306063,-0.0479736131,0.0017830204,-0.0083061060,0.0038210666,0.0051768004,-0.0061990581,0.0080882801,-0.0203609778,-0.0066435314,0.0065964395,-0.0100687250,-0.0098633643,-0.0023049960,0.0273899300,-0.0095938353,-0.0049186972,0.0210955722
362.0000000000,-0.0032305727,0.0126048502,0.0078708571,0.0003780397,-0.0010237663,0.0072452308,0.0062026744,0.0091044413,-0.0218056908,0.0273826467,0.0011942946,0.0026821732,-0.0099830290,-0.0086874399,-0.0054541233,-0.0151887078,0.0016965330,-0.0049979733,0.0197718298,-0.0109820158,-0.0090108691,0.0043331607,-0.0089498845,0.0021947445,0.0218761486,-0.0171258018,0.0072598508,-0.0101119073,-0.0062558989,0.0001609741,0.0167377155,0.0060850990,0.0059215088,0.0116714718,0.0207675563,-0.0141266815,0.0048400434,0.0256548720,0.0007163905,-0.0071635323,0.0121598871,0.0061039725,-0.0223933237,-0.0144785419,0.0115189693,-0.0051274868,-0.0056791481,-0.0134835352,-0.0198405618,0.0087912062,0.0166822220,-0.0043918996,0.0209963696,-0.0029673958,0.0040975767,-0.0074421334,-0.0082621603,0.0083386357,0.0050743350,0.0015361173,0.0138165544,0.0011365568,0.0315499658
363.0000000000,-0.0011290881,0.0179639954,-0.0111307708,0.0058597976,0.0132248419,0.0283521981,-0.0298691025,0.0095021478,-0.0140496204,0.0014095918,0.0165981079,-0.0153441083,0.0038972850,-0.0292103871,-0.0026164732,-0.0023776097,-0.0326588502,-0.0094746248,-0.0418560934,0.0126932541,-0.0274402188,0.0035986296,-0.0145610514,-0.0053292406,0.0195990823,-0.0119482023,0.0186346165,-0.0126320676,-0.0164370444,0.0145229861,-0.0116899122,0.0033886784,0.0167167682,0.0181944199,0.0026700933,-0.0097045690,-0.0071455175,0.0169680952,0.0019289988,0.0153975512,0.0258334318,-0.0194367976,-0.0215016466,0.0210943473,-0.0181523742,-0.0277483698,-0.0272053037,0.0138584536,-0.0360692730,0.0432482382,0.0178274648,-0.0056770255,0.0146679978,-0.0166836982,-0.0297882696,0.0097395892,0.0125273985,-0.0177970472,-0.0164489429,0.0259326574,-0.0076027896,-0.0048723520,0.0258999923
364.0000000000,0.0021209527,0.0165495845,0.0065073338,-0.0013786002,-0.0069580610,0.0285541669,-0.0371549521,0.0111992769,-0.0192281474,-0.0042670398,0.0222344134,-0.0166560799,0.0070958673,-0.0267110204,-0.0155995672,-0.0240395561,0.0002882126,-0.0040191578,0.0058224878,0.0198856364,0.0298987003,0.0210188600,-0.0498124500,-0.0178047662,0.0251781273,-0.0281701696,0.0026542465,-0.0026002503,-0.0289178672,-0.0178843767,-0.0047922483,-0.0032018474,0.0098513939,0.0148369633,-0.0010316752,0.0073561268,-0.0017073609,0.0109039944,-0.0194934143,-0.0005283834,0.0172185989,0.0051752441,-0.0158484557,-0.0079448717,-0.0174042708,-0.0234383699,-0.0310420597,-0.0032963338,-0.0296134197,0.0086303760,0.0199313802,-0.0094973089,0.0038247667,-0.0074961877,-0.0204037201,-0.0114843280,-0.0392452051,-0.0168999487,-0.0063355037,0.0058915489,0.0076671196,-0.0098421211,-0.0056084375
365.0000000000,-0.0119562660,0.0082693682,0.0062036509,-0.0010990692,0.0134281392,0.0043918398,-0.0093935258,-0.0192083611,0.0055050096,-0.0053349772,0.0125177087,0.0054303053,0.0046170130,-0.0100626653,0.0051212590,-0.0037688958,-0.0100200709,0.0298740639,-0.0070386555,-0.0019827260,-0.0035385836,-0.0059038440,-0.0051820431,0.0025321351,0.0287040149,-0.0103152231,0.0048951089,-0.0131844519,-0.0279327805,0.0006746728,0.0204303878,0.0084133420,0.0023224641,0.0016521615,0.0281643608,0.0217414160,0.0091972765,0.0272084993,-0.0033638152,-0.0107847740,0.0001529416,-0.0057270447,-0.0226025561,0.0006268278,-0.0086746033,-0.0237638956,-0.0198884983,0.0111128586,-0.0089801089,0.0053414851,-0.0083742490,-0.0050845680,-0.0028554781,-0.0103478303,-0.0194731510,-0.0026857159,0.0060632416,0.0095309598,-0.0083772483,0.0116372882,-0.0221605735,0.0008862334,0.0181863244
366.0000000000,-0.0100526414,0.0111303445,0.0079050233,-0.0058724839,-0.0090936483,0.0266694859,-0.0030937933,0.0002108648,-0.0066976740,-0.0076495548,0.0051785258,-0.0125357992,-0.0055428151,-0.0038317259,0.0263807272,-0.0136749974,0.0004994624,-0.0061029014,-0.0366559075,0.0183232180,-0.0033671405,-0.0126676229,-0.0170440258,0.0069227571,0.0194541022,-0.0322930320,-0.0157619602,-0.0178098041,-0.0125394709,-0.0142088961,-0.0035126385,0.0126674363,0.0097748151,-0.0035628897,0.0169007941,0.0175660685,-0.0292307496,0.0197884373,-0.0151611159,-0.0148971519,0.0273217610,0.0158919343,-0.0209122650,0.0072129440,-0.0193804480,-0.0169879885,-0.0413053110,0.0178155451,-0.0265369242,0.0098908064,-0.0009207868,0.0062808549,0.0089381101,-0.0133204269,-0.0135240806,-0.0013444503,-0.0188744410,-0.0187535481,0.0005580292,0.0079670678,-0.0078518194,-0.0005072877,0.0318088913
367.0000000000,0.0053035551,-0.0013868489,0.0042707305,-0.0038606638,0.0219323787,0.0121644436,-0.0185946680,-0.0095279907,0.0147610238,0.0320730519,-0.0025509921,0.0152454721,-0.0224899057,0.0043186928,-0.0280134392,0.0036040087,-0.0201854561,-0.0047837006,-0.0040873929,0.0062529252,0.0043438609,-0.0028204665,0.0024415212,-0.0033916225,0.0048527335,-0.0085659887,0.0016623062,-0.0050559665,0.0018965166,0.0024306366,0.0244904064,-0.0150377615,0.0346614232,0.0066751352,-0.0068199312,-0.0113658745,-0.0129131000,0.0072933170,0.0122499873,-0.0118964508,-0.0029879563,0.0267705029,-0.0421590342,-0.0063707488,-0.0245522823,0.0078244068,-0.0161347448,-0.0076362857,-0.0036938734,0.0072024453,0.0236454810,-0.0070540565,-0.0016751086,0.0070118503,-0.0351900718,0.0006724433,-0.0133628005,-0.0261875247,-0.0016144783,0.0163388952,-0.0117135957,0.0014266692,0.0192007844
368.0000000000,-0.0143296795,0.0201719494,-0.0152377797,0.0081232835,0.0192441553,0.0149869944,-0.0138847036,0.0057452117,-0.0139939638,0.0414364739,0.0105851024,-0.0055291393,-0.0125227578,-0.0005685054,-0.0112670505,-0.0175959133,0.0069001228,-0.0090527319,-0.0006447196,0.0261803320,-0.0156458524,-0.0016081799,-0.0314243185,0.0047845720,0.0023934940,-0.0120502118,0.0017397259,0.0108076206,-0.0404065048,-0.0024610576,-0.0075200894,0.0012141195,0.0227183509,0.0245395822,0.0009480323,0.0184589901,-0.0040085329,0.0270127780,-0.0178621185,-0.0083430244,0.0247688130,0.0035868756,-0.0299070466,-0.0283557658,-0.0119235216,-0.0110267647,-0.0179294988,0.0150154029,0.0099346815,0.0108189384,0.0081774088,-0.0185963578,0.0040027734,-0.0020386691,-0.0234900369,0.0315693848,0.0001680546,0.0037513094,-0.0082138666,0.0290913583,-0.0146486179,0.0146862144,0.0250377509
369.0000000000,-0.0033525643,0.0320046286,-0.0011135669,0.0111422508,0.0054352693,-0.0000572155,-0.0264540916,0.0167346037,-0.0075246662,0.0019053194,-0.0088221729,-0.0050025045,-0.0093875936,-0.0116156788,-0.0069151048,-0.0132457043,0.0027593855,-0.0093637464,-0.0355559410,0.0196427446,0.0019450247,0.0216648969,-0.0017450345,0.0199850868,0.0377542199,-0.0115828343,0.0021085542,0.0177751939,-0.0055849636,0.0184743541,0.0073505404,-0.0202921192,-0.0090334509,0.0115403309,0.0200267829,0.0134359348,-0.0016823761,0.0291721524,-0.0243035440,0.0145979903,-0.0028521342,0.0050400314,-0.0153138037,-0.0142468697,-0.0079663631,-0.0131209645,-0.0212249225,0.0013858748,-0.0091069528,0.0184879228,0.0098086412,-0.0171258564,-0.0130122654,0.0028566260,-0.0138033833,0.0068223058,-0.0121217137,-0.0054448376,0.0252939643,0.0067622518,-0.0116451405,-0.0024625549,-0.0056416933
370.0000000000,-0.0236268483,0.0022011937,-0.0062772845,0.0080504359,0.0275566858,0.0126554811,-0.0240962062,0.0056732587,-0.0133686639,-0.0139741339,-0.0072697138,-0.0034908665,-0.0233760147,-0.0100909009,-0.0198367670,-0.0074073856,-0.0326938449,-0.0307122017,-0.0092173835,-0.0062114322,-0.0147662392,-0.0064541431,-0.0088215431,0.0096989687,0.0264119302,-0.0085579702,0.0163141006,-0.0124161467,-0.0207187425,-0.0115527263,-0.0078466662,-0.0144229256,0.0333380340,0.0117097124,0.0049550774,-0.0167287712,-0.0108778597,0.0299035688,-0.0084182765,-0.0208621292,0.0156178710,0.0140705844,-0.0415462503,-0.0222202787,-0.0005622224,-0.0239592353,-0.0494954724,-0.0076852635,-0.0187809040,0.0016295297,0.0163776165,0.0113000429,0.0061622537,0.0099067176,-0.0418709063,-0.0222172979,-0.0149540883,-0.0109967657,-0.0391068402,0.0019156738,-0.0141009048,-0.0104051036,0.0033483027
371.0000000000,-0.0266043350,0.0178895575,-0.0146134587,-0.0032051227,0.0078532027,0.0296627829,-0.0151959916,0.0128530227,-0.0048507169,0.0043695602,0.0133287661,-0.0071495026,0.0047301031,-0.0024965270,0.0061406241,-0.0511460032,0.0143070704,-0.0322718840,-0.0167197500,-0.0014814028,-0.0266985466,0.0007172973,-0.0401218773,0.0017662485,0.0156277325,-0.0181880919,-0.0095693283,-0.0012333944,-0.0101214596,0.0190192026,-0.0130751288,-0.0311768742,0.0017826065,0.0147070487,-0.0050312995,0.0045537049,0.0161749661,0.0099316806,-0.0039004970,-0.0044685414,-0.0005077302,-0.0078291349,0.0101203752,-0.0037073335,0.0067878886,0.0087981378,-0.0211806288,0.0028745790,-0.0075581489,0.0101485602,-0.0069557332,0.0019208039,0.0151891589,0.0132617589,-0.0032088540,-0.0124154959,-0.0190029921,0.0202580440,-0.0102623958,0.0120261641,-0.0045287960,0.0020474453,0.0127518715
372.0000000000,-0.0036390318,0.0012167708,-0.0154654082,0.0010517265,0.0028609805,0.0099771479,-0.0068160036,-0.0088961776,0.0045965374,-0.0135836842,0.0106855270,-0.0018996098,0.0017807401,0.0207741785,0.0043583327,-0.0036565021,-0.0024568773,-0.0245724197,-0.0147727975,-0.0026541886,0.0028991191,-0.0201514000,-0.0284187350,-0.0078352189,0.0250741891,0.0052030556,0.0072942812,-0.0265939842,-0.0116912870,0.0099737074,0.0079199628,-0.0180587536,0.0320324940,-0.0013573164,0.0241610857,0.0146868042,0.0006413529,-0.0057405657,-0.0063343919,-0.0029227733,0.0044294297,-0.0035688984,-0.0106349722,0.0026707398,0.0049842692,-0.0301008756,-0.0038818200,-0.0047923633,-0.0181790038,0.0009608606,0.0138294837,0.0003490703,0.0049054447,-0.0023867614,-0.0104519775,0.0092891564,0.0044825344,-0.0179893591,-0.0045198676,0.0151526244,0.0125232213,-0.0006023910,-0.0102097183
373.0000000000,-0.0100862003,0.0100022727,-0.0079787218,0.0137655892,0.0024010811,0.0107407296,-0.0078848036,0.0015664846,0.0144624305,0.0123969225,-0.0030287197,0.0035045681,-0.0076136225,-0.0153247047,-0.0013607011,-0.0113850483,-0.0092312272,-0.0264471843,-0.0156986014,0.0128654635,-0.0066199426,-0.0039227659,0.0126968547,0.0110639937,0.0024089553,0.0026766691,0.0102298400,-0.0177160792,-0.0125531767,0.0059481443,0.0074220339,0.0083447022,-0.0278475883,0.0103397765,0.0083070968,-0.0061369344,0.0010248913,-0.0163363076,0.0129268863,-0.0131383549,0.0051233463,-0.0019410331,-0.0122754267,-0.0125883028,-0.0130397287,0.0157690102,-0.0017651308,0.0050327488,0.0163130825,0.0050557418,0.0132185520,-0.0317500732,0.0168113474,0.0235611346,-0.0145407610,0.0249770603,0.0082870970,-0.0072261864,-0.0192129449,0.0197965084,0.0126260778,0.0145677417,-0.0007797071
374.0000000000,0.0066243042,-0.0118917125,0.0078258216,0.0008079690,0.0007225286,0.0129765692,-0.0201077512,0.0135449735,0.0087228357,0.0249070615,0.0072097576,-0.0150528985,-0.0033874700,-0.0051247212,0.0015961057,0.0109805994,0.0020872635,-0.0081546105,-0.0199106465,0.0174458411,-0.0004841381,-0.0175490354,-0.0214253048,-0.0184002573,0.0296071473,0.0119616756,0.0136007414,-0.0222804380,0.0031769033,-0.0129054494,-0.0008173247,0.0152072984,0.0112961126,-0.0030898972,-0.0045946072,0.0053459732,0.0122609371,0.0023608801,-0.0130678444,-0.0084330573,0.0101569213,-0.0026474948,0.0059748938,-0.0143149599,-0.0043931489,-0.0028508530,0.0135370046,0.0121493941,-0.0170291607,-0.0026999678,0.0033101908,0.0043017432,0.0151025612,-0.0049040995,-0.0007851828,0.0166800949,-0.0067026013,-0.0002891401,-0.0120025267,0.0003796420,-0.0214287398,0.0129044732,-0.0170435862
375.0000000000,-0.0145569368,-0.0038996491,-0.0039593745,-0.0183461572,-0.0063926052,0.0092453515,-0.0188332241,0.0201720736,-0.0131993580,0.0030391984,0.0102959792,0.0215715936,0.0026691771,-0.0101554052,0.0001480373,0.0016099771,-0.0055352442,0.0042233888,-0.0084622135,0.0215300989,-0.0245045897,0.0096050486,0.0096795733,0.0214417388,0.0144909583,-0.0137585903,0.0255041934,-0.0391282001,-0.0342459541,0.0041104587,0.0083914702,-0.0067173713,0.0002163253,0.0209348810,0.0065923406,-0.0161173123,0.0075651624,-0.0053551501,-0.0146572802,0.0202210839,-0.0062009781,-0.0145714814,-0.0100688037,0.0207432991,-0.0029847721,0.0118322697,-0.0321098145,0.0120070446,-0.0086626095,0.0180632609,-0.0000795380,0.0242101921,-0.0113298653,0.0028539269,-0.0216455043,0.0024317075,0.0008588008,-0.0032088457,-0.0245085905,0.0026717576,-0.0023346490,0.0008634978,-0.0190015942
376.0000000000,-0.0053492725,0.0337312797,-0.0011394386,0.0140915687,0.0170495731,0.0055248228,-0.0118001051,0.0076259677,-0.0332594563,0.0118883810,-0.0072762933,-0.0081268928,0.0005122588,-0.0107348683,-0.0148171123,-0.0175103077,-0.0022959431,-0.0332774939,-0.0418441417,0.0272683702,-0.0116285143,0.0063374937,-0.0285913147,-0.0029834204,0.0136835742,-0.0352504934,0.0356262173,-0.0292419138,0.0059711358,-0.0033071663,-0.0000623147,-0.0083259043,0.0184131487,-0.0001951963,-0.0015625690,0.0261242966,-0.0011034542,0.0264917876,0.0116070881,-0.0054803544,0.0107541183,0.0004327660,-0.0180576942,-0.0308999285,-0.0046610594,-0.0045975399,-0.0274550269,-0.0131230609,-0.0095114936,0.0083761228,0.0022934892,0.0020795833,0.0017719943,0.0175558569,-0.0323541951,0.0034660221,-0.0002347096,0.0067454657,-0.0121022118,0.0200306031,-0.0104655247,-0.0019073591,0.0242946662
377.0000000000,-0.0078877215,0.0008397279,0.0013181994,0.0043319910,-0.0046521593,0.0065982300,-0.0001261703,-0.0019279567,-0.0027907024,-0.0019057679,-0.0122055443,-0.0010380801,0.0075692462,-0.0190030814,0.0284987522,0.0003200288,-0.0193238164,0.0057086281,-0.0302351460,0.0149749463,0.0095846215,-0.0190542222,-0.0034491205,-0.0121237348,0.0085151893,-0.0109847058,0.0056551270,0.0003789323,-0.0397096191,-0.0167325929,0.0039064125,-0.0002723386,0.0106143575,0.0194510529,-0.0041058346,-0.0178893504,-0.0062395389,0.0181120195,0.0193257683,-0.0054492090,-0.0048767713,0.0142966968,-0.0109396015,-0.0331861387,-0.0013752536,-0.0437254848,0.0030481279,0.0037280396,-0.0191482772,-0.0035532607,0.0065399934,-0.0260427446,0.0017139862,-0.0217530597,0.0080199047,-0.0028557871,-0.0178462293,0.0047520349,-0.0034919344,0.0120368316,-0.0069605998,-0.0092648225,-0.0014765564
378.0000000000,-0.0098580506,-0.0243705191,0.0050893713,-0.0114375884,0.0104829969,0.0127925197,-0.0295211332,0.0118874868,-0.0183196758,0.0019492200,-0.0072898986,-0.0036729242,-0.0242496998,-0.0105361485,0.0195743264,-0.0202531029,0.0012615441,-0.0156920674,-0.0304753154,0.0163024772,0.0011940225,-0.0102089908,-0.0475617815,0.0213059493,0.0108018857,-0.0032632593,0.0185132649,-0.0160765554,-0.0172672062,0.0119007664,-0.0026376269,-0.0081514337,0.0213732113,0.0179510835,0.0029328902,0.0013172329,0.0192777050,0.0221187215,0.0062271606,-0.0058817330,0.0131668513,-0.0022523545,-0.0189488376,-0.0052013946,-0.0015016920,-0.0263274773,-0.0191637345,0.0146577513,-0.0234797422,0.0159496937,-0.0082602057,-0.0103820204,-0.0008213034,0.0121579900,-0.0135749935,-0.0016855024,-0.0094110350,-0.0144523176,-0.0051207312,-0.0001676716,-0.0008570804,-0.0041942027,0.0113819106
379.0000000000,-0.0303042141,-0.0163679349,-0.0203138369,-0.0192509901,0.0154040697,0.0214410101,-0.0071300282,0.0207168192,0.0180372346,0.0141236636,0.0124793931,0.0066281289,-0.0025780911,-0.0268637035,-0.0008703112,-0.0128095560,-0.0030262325,-0.0206019200,-0.0092552789,0.0051624018,-0.0087823945,0.0070872573,-0.0036559583,0.0070437891,0.0080789687,-0.0268237696,0.0216459738,-0.0084781448,-0.0012754764,-0.0093580566,0.0077280398,-0.0150238864,0.0078729181,0.0376307541,0.0052597234,-0.0150221627,0.0147908132,0.0298353521,0.0066707500,-0.0014797705,0.0179824165,-0.0067271194,-0.0049812148,0.0017751005,-0.0066592453,-0.0232875324,-0.0052945555,0.0050372697,0.0010757954,-0.0094627884,-0.0046318659,0.0056267530,0.0123472129,0.0091909517,-0.0184759970,0.0069662717,-0.0034828690,0.0077638043,0.0025455733,0.0085674592,-0.0283563878,0.0110561740,-0.0091994773
380.0000000000,-0.0149032858,0.0133646778,0.0012971120,-0.0021954772,0.0081416308,0.0201819748,-0.0028938267,0.0099357060,-0.0184414869,0.0134148924,-0.0086242714,-0.0161338625,-0.0148088869,-0.0339878201,-0.0025983148,-0.0266329111,-0.0098611168,-0.0177694101,-0.0099924716,0.0216544559,-0.0116018420,0.0018634301,-0.0352423873,0.0137206278,0.0178308028,-0.0230677935,0.0159164602,-0.0113242666,-0.0057354430,-0.0033704936,0.0276822319,0.0102428345,-0.0137388591,0.0050918230,0.0191191488,0.0011292696,-0.0076617337,0.0103979416,-0.0117478399,0.0001917259,0.0008277033,0.0138373933,-0.0236489161,-0.0161931281,-0.0223306137,-0.0270267165,-0.0202942567,0.0030440684,-0.0199055875,-0.0052144358,0.0147962452,-0.0126546991,0.0162227629,0.0031883021,-0.0134543541,-0.0042818522,-0.0122984777,-0.0108599427,-0.0115387369,0.0193164494,0.0057906116,0.0110868990,0.0036747730
381.0000000000,-0.0105354088,0.0214816499,-0.0064693613,-0.0119531832,-0.0017291374,0.0198064422,-0.0065150468,-0.0202865817,-0.0265574647,0.0012597726,0.0095951041,-0.0357928542,-0.0260046962,-0.0067576134,-0.0030760977,-0.0390686635,-0.0131327583,-0.0291368936,-0.0271160435,0.0055302358,-0.0214574720,-0.0040482679,-0.0137063936,-0.0018739289,0.0067645806,-0.0283962041,0.0285001500,-0.0147217488,-0.0068479567,-0.0058870370,-0.0003046153,0.0139208505,0.0033941954,0.0331918350,0.0305363221,-0.0001324589,-0.0095478976,0.0151886860,-0.0059533560,-0.0150074790,0.0257461329,-0.0006636908,0.0002567492,0.0034228857,-0.0019014258,-0.0146342334,-0.0220664013,-0.0038792256,-0.0292085034,0.0021153204,-0.0142038394,0.0015924335,0.0128134302,0.0288912911,-0.0187528320,0.0064087662,-0.0223002800,-0.0154030117,-0.0127451911,0.0161773590,0.0070917187,-0.0160835129,0.0097355047
382.0000000000,-0.0185029282,0.0074562138,-0.0019430101,0.0284116399,-0.0180260484,0.0056429043,-0.0044454623,0.0135122176,0.0012645635,0.0038596164,0.0050169002,0.0025739268,0.0077638673,-0.0177332814,0.0006877801,-0.0276675992,0.0036635298,-0.0133925469,-0.0143865878,0.0204841946,0.0052186284,-0.0016539809,0.0064330759,0.0084992621,0.0213669858,-0.0005529608,-0.0139682736,-0.0212090191,0.0116951793,-0.0012901763,-0.0004204729,-0.0190154376,-0.0015847742,0.0129258716,-0.0103959826,0.0200096271,0.0071593440,0.0177483614,-0.0076685611,0.0137867935,0.0086228152,-0.0094009625,-0.0178698229,-0.0020381912,-0.0161314673,-0.0103731368,-0.0335623102,-0.0117045721,-0.0248605108,0.0232452257,0.0014078474,0.0178205905,0.0172460104,0.0072480205,-0.0112865678,0.0103347297,0.0183352945,-0.0030688077,-0.0118678552,0.0006491766,0.0026410285,-0.0077104665,0.0029882020
383.0000000000,-0.0006831887,-0.0069988369,-0.0028105085,0.0058030275,0.0051671908,0.0250867628,0.0072969004,-0.0012846872,-0.0091863972,-0.0021597958,-0.0035874522,-0.0026946292,0.0121090825,0.0106293864,0.0020252829,0.0021342097,0.0125416363,-0.0154647774,-0.0246750238,0.0207549427,0.0084436815,-0.0020049079,-0.0089505234,0.0163349340,0.0232544873,0.0066678343,-0.0063444606,0.0033764268,-0.0192918236,0.0046961997,0.0226310799,-0.0147795406,0.0229481805,0.0072109492,-0.0023028471,-0.0100211486,-0.0170058193,0.0073196081,-0.0062077179,-0.0062337488,0.0068477271,0.0031050210,-0.0179061187,-0.0070394572,-0.0383157370,-0.0111630723,-0.0158825496,-0.0083073765,0.0048926226,-0.0055919403,-0.0037563740,-0.0021047523,0.0111748180,0.0037001528,-0.0008047762,-0.0086670056,-0.0075442937,0.0014811765,0.0046546620,0.0148875997,-0.0037550699,-0.0049281329,0.0171579531
384.0000000000,-0.0167463312,0.0324685054,-0.0020430536,-0.0014324165,0.0120497166,0.0121789945,-0.0177990578,0.0005369532,-0.0192592947,0.0074382911,0.0236716142,0.0002693961,-0.0096511294,-0.0120752262,-0.0159450693,0.0039915637,-0.0087697559,-0.0299724885,-0.0365760199,0.0226767881,-0.0178885399,0.0020554209,-0.0357348143,0.0014007890,0.0267041589,-0.0349046809,0.0017508019,-0.0058971754,-0.0522392790,0.0004473694,0.0070024536,-0.0047177391,0.0031288023,0.0191521665,-0.0014237837,-0.0058843680,0.0116266652,0.0065598748,0.0001650037,-0.0048486122,-0.0085051354,-0.0096675775,-0.0111864188,0.0038585717,-0.0013680188,-0.0266537593,-0.0314350607,-0.0120709463,-0.0166060141,-0.0106894854,0.0403229166,-0.0090930886,-0.0212113243,0.0064367186,-0.0352694442,0.0069005958,-0.0091873722,-0.0237284116,-0.0160364962,0.0076854737,0.0086456302,0.0163630161,0.0104718575
385.0000000000,-0.0245536570,0.0183707518,-0.0007968656,-0.0154632519,0.0013843270,0.0400658767,-0.0115846871,-0.0007233583,0.0001190720,0.0101770121,-0.0013092276,-0.0057870120,-0.0040797167,-0.0023102411,0.0132582526,-0.0322339542,0.0013355344,-0.0235023380,-0.0278693036,-0.0356469654,-0.0030258365,0.0127250061,-0.0039068239,0.0043277213,0.0293796651,-0.0065665705,0.0193301535,-0.0224466604,-0.0295549386,-0.0193476007,-0.0091389054,-0.0061518417,-0.0090876410,0.0171708865,0.0018420148,-0.0131029752,-0.0020076756,0.0068122215,-0.0021604475,-0.0177318032,0.0107523823,0.0111554123,0.0200885029,-0.0050388476,-0.0148001008,-0.0050030641,-0.0280731742,0.0052223260,-0.0087404159,-0.0077382134,0.0257722285,-0.0059607201,0.0063581193,0.0031784693,-0.0138618858,0.0044911576,-0.0113207828,-0.0233742031,0.0136309012,0.0033294899,-0.0122852951,0.0110227882,0.0117823578
386.0000000000,-0.0165346464,0.0080619246,-0.0160191739,-0.0027657472,0.0247648142,0.0185002088,0.0011076588,0.0114983419,-0.0178360020,0.0106080403,-0.0230127358,0.0003965544,-0.0194024526,-0.0228459368,0.0026876237,-0.0164439463,-0.0012122222,-0.0064615552,-0.0240538920,0.0017684796,0.0168511873,-0.0018034987,0.0027853231,-0.0000090631,0.0123288915,-0.0092520616,0.0090837804,-0.0086768686,0.0168604071,-0.0186968532,0.0156532815,-0.0146621657,0.0034140766,0.0309157314,-0.0047211737,0.0060021953,-0.0095462503,0.0157081373,0.0023314261,0.0032483581,-0.0035189838,0.0055368817,-0.0156995312,-0.0042611487,-0.0267218960,-0.0500321084,-0.0042682316,0.0089605686,-0.0320049384,0.0209349080,0.0315713037,0.0127763089,0.0278845431,0.0099545696,-0.0239553486,-0.0109924012,-0.0289368832,-0.0001852638,-0.0256249332,0.0291861953,0.0071569469,-0.0064652762,0.0084839061
387.0000000000,-0.0070225003,0.0142462806,0.0107442170,-0.0022265673,0.0148757284,0.0287276145,-0.0078839321,0.0051354613,-0.0042129122,0.0020729275,0.0062469736,-0.0306656283,0.0163601345,-0.0180232159,-0.0262260507,-0.0374749356,0.0039903536,-0.0146053915,-0.0195901833,0.0076021391,-0.0169799288,0.0111700417,-0.0326886105,0.0133137462,0.0336998832,-0.0003357906,0.0025178466,-0.0172259286,-0.0051241529,0.0075795879,-0.0135120274,-0.0140616212,-0.0237257033,0.0137744328,0.0286887339,-0.0041009986,0.0163321325,0.0518421506,-0.0112748493,0.0041486548,0.0105425987,0.0048313022,-0.0226962669,-0.0052836198,-0.0170720886,-0.0025779470,-0.0340204704,0.0133529947,-0.0067022869,0.0067949721,0.0060900266,-0.0126136667,-0.0058119659,-0.0007885508,-0.0215873803,-0.0060153355,0.0054135032,-0.0335221374,-0.0204266425,-0.0189365637,-0.0065375806,0.0203803791,-0.0182674386
388.0000000000,-0.0060597586,0.0265704332,-0.0140236294,-0.0050808007,0.0152385377,0.0175556355,-0.0066057289,-0.0064756362,0.0319339812,-0.0179478620,0.0151892523,-0.0092641024,-0.0133386512,-0.0123222835,0.0050795372,-0.0053860943,-0.0189962973,0.0278328772,0.0054062926,-0.0093551821,0.0208077332,0.0108231556,-0.0124450760,0.0010366887,0.0277224146,-0.0282088754,0.0042887386,-0.0156071881,-0.0026671619,0.0223099069,0.0065796924,-0.0084225635,-0.0025462796,0.0116305054,0.0000178454,0.0091767860,0.0360017474,0.0085628962,-0.0169371301,0.0016772164,-0.0139264548,0.0177218872,-0.0495138073,-0.0023563335,-0.0147951680,-0.0078539370,-0.0203299351,-0.0277650834,-0.0209217828,0.0024055795,0.0156532571,0.0046361281,0.0103134261,0.0062498347,-0.0083803493,0.0087085912,-0.0093970151,-0.0212339524,-0.0024515415,-0.0012087639,-0.0032527427,0.0047839170,0.0206451012
389.0000000000,-0.0138607056,0.0148517250,0.0041164633,0.0292328148,0.0065302535,-0.0034322339,-0.0158479028,-0.0035311649,0.0044575024,0.0150697413,0.0045781517,-0.0103319692,-0.0076483347,-0.0030516759,-0.0062445071,-0.0133887730,-0.0097614146,0.0265079879,-0.0267244743,0.0135249918,-0.0102119787,0.0103633853,-0.0099529553,0.0068767265,0.0354135250,-0.0023592518,0.0345082831,-0.0093321787,-0.0166424262,-0.0007413128,-0.0179006271,-0.0027488826,0.0062979250,0.0048910751,0.0007379135,0.0116560293,0.0110549428,0.0144101127,-0.0029372587,-0.0208758601,0.0157867304,0.0160728470,-0.0186249297,-0.0089627064,0.0079326993,-0.0092991026,-0.0170810193,-0.0063059643,-0.0269963076,-0.0104228930,-0.0048771393,-0.0041170379,0.0201927787,0.0146895058,-0.0368166145,-0.0071530108,-0.0044171301,-0.0088760903,-0.0025294335,0.0172884555,-0.0070261532,0.0052718131,-0.0159675944
390.0000000000,-0.0051142491,0.0022538200,-0.0142480467,0.0060827112,0.0145780466,0.0094633341,-0.0196780058,0.0105749292,-0.0226704181,0.0019754750,0.0060080022,0.0046157068,-0.0138760822,-0.0147712170,-0.0032501347,-0.0184319257,-0.0180047509,-0.0182460801,-0.0556724663,0.0156054258,-0.0028882715,0.0211651061,-0.0105239461,-0.0043562618,0.0247607628,-0.0207556049,-0.0081875763,-0.0421857203,0.0126131525,-0.0208385699,-0.0057642195,-0.0085809574,-0.0019683431,0.0118294525,0.0255254187,0.0057858848,-0.0019285623,0.0181798080,-0.0247484187,0.0167189341,0.0124968913,0.0078516499,-0.0045466729,0.0032822981,0.0106622463,-0.0191588173,-0.0477660157,0.0253204710,-0.0000415014,0.0053443325,0.0195117689,-0.0206566754,0.0169633811,0.0153519860,-0.0289026690,0.0045975910,-0.0102208538,-0.0046435266,0.0109166630,0.0297894456,-0.0043883873,0.0047767396,0.0178977636
391.0000000000,-0.0241293465,0.0189802875,-0.0290873170,0.0061763220,0.0123328786,0.0366245421,-0.0123563303,-0.0071716792,0.0120827314,-0.0024402884,0.0012170990,0.0096052828,-0.0207953657,0.0126536082,-0.0247149547,-0.0134300772,-0.0124446721,0.0017224088,-0.0205667065,0.0082707568,-0.0074785200,-0.0026371415,-0.0154598526,0.0042987439,0.0291911888,-0.0126947830,0.0090390747,-0.0106515473,-0.0266552726,0.0165195405,0.0008760597,-0.0019378611,0.0065460339,0.0053286596,0.0114111297,-0.0077573355,-0.0067513259,0.0123512833,-0.0371173676,-0.0197150991,0.0122799581,0.0073748205,-0.0219575314,-0.0105900330,-0.0092264243,-0.0333727279,-0.0170953821,0.0107165406,-0.0152753975,0.0069636378,0.0102001554,0.0018025740,-0.0011241271,-0.0213705670,-0.0099949802,-0.0034649594,0.0190993457,-0.0106807931,-0.0028867191,0.0136085686,-0.0123602670,0.0038297915,0.0166421737
392.0000000000,-0.0025032695,0.0142027026,-0.0220178630,-0.0139354150,0.0120613223,0.0266489114,0.0042756914,-0.0001434879,-0.0060019484,-0.0113343440,0.0218228843,0.0063456344,-0.0141834556,-0.0156084873,0.0090952300,-0.0089196694,0.0005280717,-0.0023763987,-0.0234757760,0.0186923193,0.0120711370,0.0155791229,-0.0113336044,0.0042752980,0.0190852735,-0.0093393102,0.0087379615,-0.0133730482,0.0030046231,-0.0230872764,-0.0067938539,-0.0040979306,-0.0070237279,-0.0006948531,0.0051487667,-0.0085054987,0.0125692802,0.0300667963,0.0065487456,-0.0039751292,0.0041901675,-0.0045985586,-0.0251853538,0.0067611122,-0.0180326300,-0.0039615569,-0.0342022802,-0.0025084602,0.0063165451,-0.0222915597,0.0088685545,-0.0012886332,-0.0018035921,-0.0059917821,-0.0178752929,0.0013088200,0.0007215287,-0.0121679780,-0.0221516431,-0.0023738505,-0.0278572680,-0.0140146130,0.0229633712
393.0000000000,-0.0148880405,0.0159496705,-0.0122496591,0.0293148897,0.0025394171,0.0021554464,-0.0080454019,0.0083957324,0.0030394822,0.0150333446,0.0127288403,0.0029594248,0.0097541169,0.0009635448,0.0121211068,-0.0287596254,-0.0272061176,-0.0193774781,-0.0324310627,0.0226505523,-0.0159433346,0.0143559208,-0.0082521548,-0.0155450220,0.0037872252,-0.0325810035,0.0232380021,-0.0270460186,-0.0154024838,-0.0111391754,-0.0034027767,-0.0184820136,0.0066899191,0.0219847771,0.0149707011,-0.0082024081,-0.0026204167,0.0053813558,-0.0086673208,-0.0075498546,0.0054404793,0.0027209999,-0.0389452680,-0.0116302359,-0.0199663057,-0.0111430511,-0.0236214132,0.0145465228,-0.0003822564,0.0044109888,0.0042357350,0.0004058436,0.0106467544,0.0083351388,-0.0315284178,0.0051490947,0.0061298984,-0.0061459791,-0.0055004986,0.0138107496,-0.0056715523,0.0017862612,0.0236256232
394.0000000000,-0.0139663902,0.0004444612,-0.0026651185,0.0180137598,0.0020967644,0.0249886185,-0.0130756137,-0.0071019322,0.0007256639,-0.0018500768,-0.0102773688,0.0024665301,-0.0171190077,-0.0028982234,-0.0031885432,-0.0288312332,-0.0000997850,-0.0206975900,-0.0257086515,0.0254725770,0.0100321440,0.0105216324,-0.0184944203,0.0024394565,0.0417722011,-0.0170337503,0.0028586880,-0.0043688047,-0.0037747736,-0.0121482545,-0.0155349748,-0.0078250700,-0.0086594545,0.0061418590,0.0357958970,-0.0176514257,-0.0077920101,0.0473668913,-0.0137081410,0.0003424455,-0.0002406352,-0.0069094566,0.0004381767,-0.0136103471,-0.0112468274,-0.0109371404,-0.0337871057,-0.0055906655,-0.0080883782,0.0246392147,-0.0071545326,0.0051090531,0.0076095328,0.0300596780,0.0049620318,-0.0131201479,0.0016229252,-0.0103903154,-0.0296612595,0.0155126862,-0.0072784937,-0.0007802355,0.0198691142
395.0000000000,-0.0087259591,-0.0074568385,-0.0124940545,0.0160865726,0.0134684028,0.0197431189,0.0000919338,-0.0049373587,-0.0026274081,-0.0023029190,-0.0038980691,0.0144701385,-0.0283263177,-0.0204394981,0.0146516782,-0.0003558691,-0.0101260911,-0.0243970605,-0.0456408043,-0.0064679802,0.0020698859,0.0060483062,-0.0310381709,-0.0012474164,0.0234374584,-0.0261508153,0.0040056691,-0.0292230193,-0.0246730519,-0.0090500466,-0.0094560681,-0.0106702898,0.0079040926,0.0161932039,0.0132399648,0.0049859932,-0.0058127309,0.0047352881,-0.0188241943,-0.0288879087,0.0135661058,0.0107896801,-0.0435474545,-0.0010836855,-0.0273885190,-0.0025602090,-0.0310221531,0.0119186678,-0.0249248082,-0.0160069203,0.0089383727,0.0115146201,0.0023698276,-0.0081212684,-0.0253454327,0.0039404783,-0.0003864376,-0.0175666338,-0.0169954574,-0.0088591205,-0.0086115941,0.0264693364,0.0155275743
396.0000000000,-0.0151453087,0.0095049215,-0.0159412123,-0.0214342946,-0.0078456566,0.0141024656,-0.0126096256,0.0036480100,-0.0041681474,0.0137469358,-0.0037321665,-0.0039868279,-0.0365317377,-0.0167426010,0.0074558577,-0.0177260065,0.0063960971,-0.0063482141,-0.0243142416,0.0151067626,0.0112144625,0.0056618152,-0.0124461793,-0.0008294115,0.0020777902,-0.0211885955,0.0011827537,-0.0186803839,-0.0127609851,0.0154179020,0.0200748679,-0.0082588220,0.0190933106,0.0176651565,-0.0059524181,-0.0059851119,0.0167348795,0.0047018858,0.0071477713,-0.0048804561,0.0012813366,0.0144756845,-0.0169928257,-0.0308419966,-0.0055977179,-0.0006354936,-0.0191700439,0.0121591456,-0.0125963361,0.0164843978,-0.0036611387,-0.0116982703,-0.0034566161,0.0086086863,-0.0090143449,0.0009294848,-0.0116366577,-0.0146753122,-0.0150522383,0.0064741039,-0.0077745059,0.0138153027,0.0036900211
397.0000000000,-0.0188356034,-0.0182978947,-0.0301589447,-0.0005048467,0.0111824344,0.0006330667,-0.0102774991,-0.0024501959,-0.0221877693,-0.0166749043,0.0063019827,-0.0092229810,-0.0118856475,-0.0169073720,-0.0086216400,-0.0181831767,-0.0020417223,-0.0221976519,-0.0009008080,0.0072549557,0.0066339931,0.0028180422,-0.0310015861,0.0072328184,0.0029402399,-0.0122706986,-0.0015527266,-0.0126711955,-0.0125053897,-0.0087867856,0.0037474237,0.0001270610,0.0154474142,0.0167944106,0.0030801088,0.0014423408,-0.0024902992,0.0011444417,-0.0033061533,-0.0111081424,0.0008966711,-0.0207696124,-0.0185095328,0.0017187372,-0.0328187552,-0.0170551238,-0.0106062817,-0.0002419948,-0.0129263507,0.0118884319,0.0032918076,0.0212736189,-0.0070823741,0.0033671658,0.0038977893,0.0002835389,0.0126626173,0.0217243722,-0.0115167186,-0.0072257017,-0.0187698453,-0.0090600507,0.0106814135
398.0000000000,-0.0339866147,0.0034402361,0.0075946264,0.0041731938,0.0296243093,0.0329326621,-0.0029022740,-0.0292913992,-0.0122410186,0.0043276318,0.0175033876,-0.0148582326,-0.0055073506,0.0048992494,-0.0015339509,-0.0148058443,-0.0174213663,0.0147609787,-0.0326446433,0.0073403406,0.0061782328,0.0031972701,-0.0255140240,0.0018963142,-0.0126270655,-0.0301247657,0.0259781373,-0.0159252214,0.0039127961,0.0065808553,-0.0043333649,-0.0027724338,0.0067733445,0.0043973185,0.0050820309,-0.0054350580,0.0201659271,0.0034457592,-0.0202747853,-0.0014304246,0.0105488202,0.0065483914,-0.0222471972,-0.0188642429,-0.0021746096,-0.0047130596,-0.0116569409,0.0046388595,-0.0003159053,0.0165637013,0.0160289115,-0.0171263225,0.0201030874,0.0023014606,-0.0184670122,-0.0012524870,0.0025000236,-0.0227854001,-0.0140237967,0.0122260119,0.0024423127,0.0118495325,-0.0034363819
399.0000000000,-0.0156000642,-0.0017259025,0.0054207134,0.0108066187,0.0052580372,0.0023337111,-0.0099119549,0.0032307906,0.0106769104,0.0045358716,0.0084272213,-0.0093549291,0.0043932525,-0.0125331547,-0.0050127911,-0.0168935178,-0.0226205825,0.0000339991,-0.0121738593,0.0146770138,0.0119903224,-0.0064741123,-0.0275815055,-0.0004413990,0.0025649189,-0.0141654835,0.0076717737,-0.0072495718,-0.0164191755,0.0051795260,0.0083533625,-0.0026267310,0.0235371298,0.0100972858,0.0191383898,-0.0045149312,0.0210991310,0.0093093070,-0.0263841863,-0.0083569351,0.0088035900,-0.0269784443,-0.0204797004,-0.0044784427,-0.0234725336,-0.0316867132,-0.0251919647,0.0018123484,-0.0175812260,-0.0058650728,0.0204482260,0.0201058392,0.0147505344,0.0164294021,-0.0369534378,0.0193752090,-0.0257530707,-0.0042754713,-0.0026435157,0.0121538301,0.0286968739,0.0165718878,0.0168439557
400.0000000000,0.0107000911,-0.0070349846,0.0026318603,-0.0100950336,0.0051633588,0.0052298854,-0.0032656411,0.0218259959,-0.0183656391,-0.0002392032,-0.0006895047,-0.0026566955,-0.0169912597,-0.0010367660,-0.0145404458,-0.0110674388,-0.0300911488,-0.0068308927,-0.0023008281,0.0000966372,0.0173878771,0.0078179262,0.0040185510,0.0111585943,0.0164564802,-0.0076050817,-0.0036101012,-0.0041110074,0.0041523830,0.0009696189,-0.0067268435,-0.0142280253,0.0150395660,0.0006439467,0.0213317782,0.0218626353,-0.0008955201,0.0172263237,-0.0148177221,0.0116871070,0.0121786488,0.0025017199,-0.0228464397,-0.0128641473,-0.0035251241,-0.0034691496,-0.0296910151,0.0128460516,-0.0014208629,0.0038298040,-0.0016911468,-0.0123804639,-0.0100468182,0.0029899395,0.0010482712,-0.0015361539,-0.0119102173,-0.0047984685,-0.0107716640,-0.0042524586,-0.0048877069,0.0077035451,0.0008564871
401.0000000000,-0.0166115460,0.0138596278,-0.0128711381,-0.0142472786,0.0224273728,0.0206449550,-0.0053967158,0.0234969437,0.0207930076,0.0204671063,-0.0105466960,0.0176366378,-0.0246422618,0.0190779313,-0.0037282356,0.0051383279,-0.0048647446,-0.0124866988,-0.0287998941,0.0019040452,-0.0056406003,-0.0035962614,-0.0358821056,0.0031628653,0.0171888673,-0.0180980622,0.0119524487,-0.0158902326,-0.0005834667,0.0162001973,0.0027474846,-0.0080420042,0.0167752671,0.0066203592,-0.0011221126,0.0086405150,0.0000620059,0.0247476791,0.0002846928,-0.0019951198,-0.0075484070,-0.0106121051,-0.0363473087,-0.0029929399,-0.0005200895,-0.0084713863,-0.0258194409,0.0038015861,-0.0046699963,-0.0042476966,-0.0074852872,-0.0025210758,0.0011294888,-0.0115637622,-0.0052711303,-0.0065523945,-0.0074878506,-0.0178794639,0.0025719823,-0.0068447192,-0.0114366747,-0.0022204426,0.0146220788
402.0000000000,-0.0228890315,-0.0201703141,0.0088701849,0.0125062415,0.0280531818,0.0037635806,0.0105229787,0.0058958680,-0.0225101025,0.0076440585,-0.0097878595,0.0066846236,-0.0070856516,-0.0301371050,-0.0121026168,-0.0248554908,-0.0123816271,-0.0191832648,-0.0071145985,0.0325375045,0.0151378006,-0.0078001782,-0.0132933683,0.0218525414,0.0100209905,-0.0193692688,0.0035929648,-0.0202894952,-0.0220711192,0.0027441660,0.0031791898,-0.0096930006,-0.0022904221,0.0090635776,0.0056040537,0.0282830201,0.0287404469,0.0122509768,-0.0089560259,-0.0223856582,0.0023298331,-0.0079428359,-0.0144186305,-0.0046359674,0.0069841837,-0.0142324967,0.0027241278,0.0138156257,-0.0150268309,0.0165188127,0.0084633574,0.0103797480,-0.0046757857,0.0157866733,0.0000854830,0.0062071130,-0.0123078366,-0.0034667962,-0.0159063414,0.0033566771,-0.0175830008,0.0143785333,-0.0028480062
403.0000000000,-0.0144173934,0.0064949822,0.0029001897,0.0136309161,-0.0022856756,0.0159805206,-0.0042694144,0.0088189208,-0.0095486534,-0.0072776994,-0.0161949906,0.0053151208,-0.0010339126,-0.0121491156,0.0022104594,-0.0196035538,-0.0061996704,-0.0208664018,-0.0308941838,-0.0041279439,-0.0083694806,-0.0225281039,-0.0013569562,0.0051681986,0.0008987632,-0.0162911072,-0.0085278517,-0.0091212926,-0.0136231040,-0.0071129369,-0.0098211017,-0.0016368778,0.0108591212,0.0107997020,0.0022297978,-0.0029724306,0.0043587984,0.0212682004,-0.0228685325,-0.0198446464,0.0085944569,-0.0048892854,-0.0222090072,0.0002319866,0.0044900739,-0.0210608286,-0.0119180426,-0.0053372943,-0.0136017730,0.0183729595,0.0108811604,-0.0025082239,0.0138535328,-0.0070566588,-0.0108352251,-0.0084002797,0.0199696844,-0.0239854209,-0.0170346154,-0.0135608688,0.0068880227,0.0071677434,0.0124163957
404.0000000000,-0.0042590872,0.0045977164,-0.0053119989,0.0206016367,-0.0008752034,0.0329905092,-0.0157341568,-0.0080165020,0.0004245644,-0.0054358013,0.0151583863,-0.0214154330,0.0075063805,0.0000347290,-0.0257592166,-0.0299725031,-0.0155886883,-0.0051595930,-0.0336673808,0.0304699096,-0.0070020244,0.0024868456,0.0000889592,-0.0084690684,0.0095367693,-0.0253722209,0.0338043703,-0.0225209358,-0.0221293964,0.0125712166,-0.0007190678,-0.0350405691,0.0153468944,0.0275276801,-0.0068785492,0.0319206881,-0.0027566404,0.0218802563,0.0148706534,0.0019232580,0.0104843555,-0.0055145634,0.0011620289,0.0147580296,0.0164909507,-0.0103256519,-0.0118556195,0.0084139983,-0.0192222723,0.0130831353,-0.0045140703,0.0294806775,-0.0313136292,0.0019342796,-0.0401004993,0.0001221552,-0.0437715940,-0.0191779442,-0.0207826846,0.0152819924,-0.0078681403,0.0027381812,0.0304976447
405.0000000000,-0.0177555235,0.0172702451,0.0045225537,0.0006019989,-0.0085254778,0.0241697762,-0.0184948533,0.0023225025,-0.0079625252,-0.0003871168,-0.0236561664,-0.0033507542,0.0050236758,-0.0094904149,0.0153561714,-0.0202937298,-0.0054034305,-0.0147875040,-0.0099594852,0.0102246446,0.0085420695,0.0129970485,-0.0355242868,0.0100212003,0.0157290795,-0.0261711312,-0.0011326661,-0.0277404561,-0.0188475725,-0.0097511764,0.0104480655,0.0187760142,0.0137930740,0.0368376123,0.0179121470,0.0256320250,0.0027973018,0.0134497933,0.0024547766,-0.0103662328,0.0229742743,-0.0077146018,-0.0172686812,-0.0118632888,-0.0025252238,-0.0143456297,-0.0209821523,-0.0043327041,-0.0078202349,0.0020541647,0.0055884603,0.0116215201,-0.0007152346,-0.0100143176,-0.0165426832,-0.0009320746,-0.0068641259,-0.0248962452,0.0021280759,-0.0048017360,-0.0150274473,-0.0053789420,0.0207732730
406.0000000000,-0.0200540464,-0.0045532505,0.0067137532,0.0157033141,0.0066621207,0.0156150008,-0.0226769284,0.0137577733,0.0096413028,-0.0007643034,0.0136912416,0.0135023615,-0.0165300740,-0.0171899608,0.0026698569,-0.0319864688,-0.0132073977,0.0095075028,-0.0275078887,0.0177397486,-0.0065512802,0.0052213025,-0.0344441745,0.0004094881,0.0436552861,-0.0145734251,0.0057870691,-0.0322198102,0.0014717336,0.0078444167,0.0028068457,-0.0130969798,-0.0191889123,-0.0018232779,0.0136793814,-0.0134252790,-0.0034800330,0.0158304151,-0.0039142464,-0.0047441278,0.0326678945,-0.0012837778,-0.0287110713,0.0085433343,0.0243733866,-0.0234180419,-0.0341429040,-0.0061166486,-0.0015373224,-0.0067002240,0.0013000346,0.0096811997,0.0315926078,-0.0065049610,-0.0251047787,-0.0038811781,-0.0176390668,-0.0000147596,-0.0159965708,0.0141514315,0.0054420191,-0.0145328600,0.0053650178
407.0000000000,-0.0302659520,0.0075276041,-0.0249753804,-0.0033065714,-0.0156391159,-0.0102480460,-0.0077819832,-0.0043369089,-0.0280009490,0.0074563276,-0.0202250432,0.0015464286,0.0057509060,-0.0070597943,-0.0073920037,-0.0106694031,-0.0151190738,0.0042162145,0.0136720476,0.0132378714,0.0075263687,-0.0177288954,-0.0199702923,-0.0108521237,0.0253423868,0.0002337377,0.0076932796,-0.0084715716,-0.0163047590,-0.0033419011,0.0048064206,0.0182478036,-0.0108251266,0.0208499348,-0.0123744341,0.0100799929,-0.0011410994,0.0061718661,-0.0122111667,-0.0087704581,-0.0217644628,0.0127399150,-0.0089243984,-0.0089795780,-0.0137134740,0.0027843298,-0.0099720066,-0.0018620017,-0.0200916052,0.0068122522,-0.0004455526,0.0104058708,-0.0024247847,0.0106360951,-0.0109060115,-0.0007725915,0.0009322274,-0.0058678073,-0.0004649866,-0.0112370797,-0.0147645588,0.0108701210,0.0034665785
408.0000000000,-0.0276339995,0.0050943488,-0.0007258460,0.0219872056,0.0076443188,0.0285671457,-0.0003054074,0.0030252909,0.0001226284,0.0163371786,-0.0032892436,0.0067977495,-0.0217009302,-0.0117394819,0.0059734223,-0.0094157305,-0.0054512683,-0.0067395024,-0.0332682132,0.0154157939,-0.0114899290,-0.0081228489,-0.0221324086,-0.0066883692,0.0202210383,-0.0217094299,0.0010133280,-0.0148967302,-0.0283061828,-0.0049681184,-0.0112662260,0.0129656305,0.0055372476,0.0164328558,0.0333262339,0.0065896459,0.0093927887,0.0218414397,-0.0230556659,-0.0175707968,0.0125991478,0.0038417602,-0.0081929380,0.0139220995,-0.0117092469,-0.0092358347,-0.0439065889,-0.0101812331,-0.0187996866,0.0126792852,0.0250413870,0.0106114192,-0.0191478137,0.0217726831,-0.0137463617,-0.0056735437,-0.0028528222,-0.0106268187,0.0059313083,-0.0024409865,0.0078354465,-0.0068769192,0.0011391307
409.0000000000,-0.0091705334,0.0130009959,-0.0181636327,0.0121524876,0.0168078812,0.0135225900,0.0100225141,0.0159398576,-0.0027023581,-0.0147085348,-0.0123063152,-0.0018998012,-0.0146104864,-0.0084153989,-0.0156969980,-0.0210567372,0.0004524689,-0.0068935573,-0.0492311901,0.0240675417,0.0124669121,0.0020454143,0.0105600979,0.0088756450,0.0161794047,-0.0283646851,0.0187936046,-0.0047961003,0.0055578406,-0.0012134511,-0.0249216322,-0.0069617413,0.0127596661,0.0240399189,0.0297828708,-0.0040824365,-0.0030388071,0.0229071845,0.0005191362,-0.0245491470,0.0145171260,0.0002243408,-0.0193674201,0.0057965897,-0.0038744814,0.0060573392,-0.0316508501,0.0259559599,-0.0191174761,-0.0083807480,0.0086936793,-0.0244133629,-0.0017813268,0.0099096693,-0.0242867995,-0.0071831131,-0.0017987575,-0.0169292024,0.0001850852,0.0118815486,-0.0002756176,0.0115409064,0.0375234365
410.0000000000,-0.0146885164,0.0052891458,-0.0076502823,0.0222923005,-0.0167716850,0.0295166950,-0.0423505968,0.0054946112,-0.0151415387,-0.0198882616,-0.0095511992,0.0367251354,-0.0252200077,-0.0152084241,-0.0130102112,-0.0216113376,-0.0228246826,-0.0250748789,-0.0571872475,0.0186060728,0.0199392236,-0.0078941447,-0.0323695323,0.0010842954,0.0261037253,-0.0162338927,0.0199730178,-0.0184438604,-0.0370946125,-0.0034059070,-0.0173372793,-0.0189081653,0.0175885239,0.0242454174,0.0099295031,-0.0035470567,0.0022175375,0.0358887929,-0.0131328767,0.0011115800,0.0097461113,0.0245104453,-0.0284002486,-0.0037512052,0.0039901633,-0.0315604822,-0.0337740579,-0.0070833023,-0.0184201558,0.0206898855,0.0055359606,-0.0102942542,0.0028601814,0.0087785700,-0.0169123237,0.0208108729,-0.0146491634,-0.0266063919,0.0020579879,0.0183286876,-0.0142644262,0.0161736533,0.0296098005
411.0000000000,0.0085146138,0.0193110808,-0.0144201199,0.0004048789,-0.0138536303,0.0220877078,-0.0141161106,0.0108305011,-0.0029355307,0.0267786338,0.0258738812,-0.0084607431,-0.0149440188,0.0010422381,-0.0017579448,-0.0007403237,-0.0112555779,0.0016041570,-0.0171730699,0.0104425422,0.0034811330,-0.0209604788,-0.0262355071,-0.0050198741,-0.0084868329,-0.0172711112,-0.0133743085,-0.0061603728,-0.0106502758,-0.0047896791,-0.0058729904,-0.0141375876,0.0011508742,0.0125105095,0.0023812202,-0.0060907376,-0.0118646633,0.0121614988,-0.0118310344,-0.0016888283,-0.0079141303,-0.0074743160,-0.0485043054,0.0006159589,-0.0157873736,-0.0091112137,-0.0337674110,0.0026260035,-0.0332954760,0.0148070229,0.0040195593,-0.0146807172,-0.0029282362,0.0047034325,-0.0352878989,-0.0119562529,-0.0149405007,-0.0098623397,-0.0073109054,0.0061505575,-0.0076262197,0.0116995034,-0.0127447115
412.0000000000,-0.0026794354,-0.0032155340,-0.0048890357,-0.0065646156,0.0034930117,-0.0096537493,-0.0124567427,0.0043464402,0.0144965261,0.0152801673,-0.0038759120,0.0107911377,-0.0146056513,-0.0229484111,-0.0003154569,-0.0065000413,-0.0106824097,-0.0127228472,-0.0191994404,0.0121778748,0.0064562284,-0.0021451731,-0.0178784432,-0.0096747531,0.0132891743,-0.0038123051,0.0023221212,-0.0245608868,0.0008183313,0.0030427161,0.0009867882,0.0044231668,0.0031905888,0.0019884777,0.0153629262,-0.0023526275,-0.0161394891,0.0262002684,0.0029629668,-0.0089182784,0.0143386718,-0.0018892825,-0.0431902199,-0.0043341361,-0.0116082271,-0.0086837639,-0.0218778418,-0.0096012411,-0.0280486478,0.0207295980,0.0134261163,-0.0016865219,0.0063773051,-0.0063758311,-0.0156656483,-0.0041511262,-0.0203933945,0.0090357406,-0.0159398907,-0.0069663587,-0.0058399789,0.0142364169,-0.0031714872
413.0000000000,0.0033181154,0.0140929262,0.0075200542,0.0369004013,-0.0122723030,0.0194397471,-0.0188567516,-0.0244843038,-0.0149935215,-0.0084790558,-0.0009695597,0.0058571346,-0.0168498395,-0.0116625802,0.0055801414,-0.0202898008,-0.0080408190,-0.0059095903,-0.0294277767,-0.0131271784,0.0160532786,-0.0072483301,-0.0077957219,0.0144391737,0.0053759201,-0.0315229189,0.0071113603,-0.0179085389,0.0088398359,-0.0044996790,0.0014682779,-0.0003045751,-0.0009346174,0.0066962587,0.0284571475,0.0176354000,0.0033844239,0.0195627204,-0.0272309795,0.0075517462,-0.0020070511,-0.0226171571,-0.0297076320,-0.0164091879,0.0012312166,-0.0131296636,-0.0072728811,0.0055117440,0.0017905000,-0.0027667313,0.0075591326,0.0008914283,0.0152423803,-0.0216310304,-0.0073363949,-0.0019293661,0.0030711711,-0.0107086601,-0.0071249218,-0.0022445978,0.0043953853,-0.0124191620,0.0041412440
414.0000000000,-0.0200699865,0.0059296209,0.0089753188,0.0043112949,0.0040472646,0.0215543556,-0.0354560245,0.0213263044,0.0137953472,-0.0006178812,0.0149566016,0.0103566610,-0.0078135060,-0.0128371348,0.0076915774,-0.0112373211,-0.0075365319,-0.0033056781,-0.0265459136,0.0165670520,0.0117773917,0.0199396942,-0.0165912740,-0.0161293232,0.0280427236,-0.0182323059,0.0073861555,0.0028879768,-0.0027471458,-0.0108518144,-0.0078584156,-0.0211682526,0.0180442139,0.0213127188,0.0018229046,-0.0048801434,0.0118591296,0.0314293707,-0.0150286170,-0.0233744860,0.0064152617,-0.0112973503,-0.0396545368,-0.0113497455,-0.0211897996,-0.0181951010,-0.0371889511,0.0045836374,-0.0257482003,-0.0031566835,0.0073834017,0.0175874411,0.0146795579,0.0105683475,-0.0385970687,0.0018474014,0.0030576285,-0.0008495965,-0.0301941145,0.0069157379,-0.0077027731,0.0094708450,0.0033561226
415.0000000000,-0.0013133264,0.0170939304,-0.0036801074,0.0002761833,0.0142644489,0.0068559602,-0.0213434383,0.0190506536,-0.0048010836,-0.0010502295,0.0045888780,0.0083782212,0.0110733344,-0.0298771279,-0.0048214015,-0.0156533095,-0.0109090121,-0.0088878338,-0.0158861909,0.0155551351,0.0054036938,0.0056211609,-0.0075427709,-0.0139489183,0.0078803587,-0.0106167856,0.0043818243,-0.0193307632,-0.0167232779,0.0045264171,0.0185187293,-0.0196375714,-0.0070399430,0.0122589861,-0.0006328293,-0.0121908661,-0.0195481715,0.0295866111,-0.0083064501,-0.0051705234,0.0020343110,0.0030278424,-0.0100185412,-0.0067940927,-0.0383160217,-0.0043254798,-0.0127450685,-0.0129629104,0.0038986770,0.0031265560,0.0287015297,-0.0156566368,0.0025518834,0.0006293026,-0.0356365377,0.0025938103,-0.0037857418,0.0037446754,0.0080645157,0.0076432522,-0.0163926750,0.0110666344,0.0137238392
416.0000000000,-0.0208077017,0.0029983334,-0.0061666371,0.0083016228,0.0099218006,0.0160912765,-0.0264649756,0.0026192479,0.0030991826,-0.0281910689,0.0020015916,-0.0088915335,-0.0097497489,-0.0018509691,-0.0201387738,-0.0063443628,-0.0208787929,-0.0025614469,-0.0166000441,0.0008455331,-0.0186318692,0.0020184527,-0.0114609932,0.0190906382,0.0011171322,0.0002161530,-0.0063180164,-0.0190895220,-0.0114150099,0.0094543600,-0.0155828800,-0.0069102469,-0.0097760584,-0.0105793819,0.0111476959,0.0053895081,0.0210215258,0.0328190605,-0.0146677719,0.0128667361,0.0146437047,-0.0061530801,-0.0059311146,0.0122028486,-0.0205703507,-0.0460250721,-0.0352938842,0.0001173612,-0.0211646188,0.0084034516,-0.0013323614,0.0033833516,0.0211570732,0.0060515951,-0.0155553356,0.0306742229,-0.0242830151,-0.0005848994,-0.0141334351,0.0168456890,-0.0216374700,-0.0016832370,0.0082471271
417.0000000000,-0.0238952247,0.0246720963,-0.0088968368,-0.0003291428,0.0235961740,0.0079658341,-0.0231103336,-0.0105006795,-0.0109912940,-0.0066046322,-0.0131080423,0.0020376227,-0.0009810745,-0.0090257943,-0.0115168358,-0.0049952704,-0.0136433993,-0.0088488573,-0.0375650331,-0.0031690540,-0.0101880559,0.0038954552,-0.0189781215,0.0061386971,0.0150772320,-0.0187243264,0.0171331281,-0.0117609416,0.0012962595,0.0027768166,-0.0107750063,-0.0053662110,0.0073963286,0.0089459205,0.0233677418,-0.0050765848,-0.0056554628,0.0214328455,-0.0091708896,0.0122368866,0.0116137175,0.0165615182,-0.0198496044,0.0110455595,-0.0161666889,-0.0135816107,-0.0014522212,-0.0057169712,-0.0392382697,0.0104401923,0.0159130982,-0.0183195259,0.0067070154,0.0070003242,-0.0097759095,-0.0045010118,0.0097706754,0.0015541188,0.0095560113,0.0206935744,0.0038861209,0.0117147835,-0.0073417457
418.0000000000,-0.0138443779,0.0131471463,-0.0130321512,0.0086405133,-0.0024597870,0.0172156341,0.0072040141,0.0005247601,-0.0018945691,0.0021361979,0.0083081749,0.0145397276,-0.0102786578,0.0097017211,0.0008225184,-0.0257580243,-0.0076406133,-0.0192816056,-0.0254979547,0.0260415589,-0.0071395913,-0.0109232829,-0.0160211684,-0.0168575349,0.0289124259,-0.0167415968,0.0071326600,-0.0190125643,-0.0304723455,0.0084135670,0.0019200734,-0.0045217259,-0.0097875794,0.0178413295,0.0273333488,0.0012923733,-0.0007534588,0.0181072667,-0.0073052227,-0.0014601109,-0.0139723148,0.0068401657,-0.0157470861,-0.0057131723,-0.0152367893,-0.0152400389,-0.0234197453,-0.0105930049,-0.0090594855,0.0112189292,0.0153987450,-0.0002348824,-0.0040153484,-0.0008809992,-0.0188355220,0.0071414235,-0.0039460256,-0.0297871912,0.0062151362,0.0385803422,0.0109473490,0.0187973140,0.0200825365
419.0000000000,-0.0240977375,0.0034973165,-0.0016392549,0.0075304082,0.0022102064,0.0249302097,-0.0163693390,0.0068186059,0.0114592052,-0.0147716763,-0.0116068879,0.0058648883,0.0125232227,0.0081368462,0.0013032185,-0.0257747941,0.0155044272,-0.0203725319,-0.0101918263,0.0176365522,-0.0082869875,0.0264860031,0.0049530768,0.0012121807,0.0188447000,-0.0090526438,0.0039191088,-0.0203917466,-0.0169572311,-0.0003367871,0.0091430260,-0.0115840630,-0.0167698155,0.0121599757,-0.0087242255,-0.0003419739,0.0113600616,0.0100411475,-0.0055664952,0.0004339769,0.0009936049,0.0052100677,-0.0129001143,-0.0163910533,-0.0013696191,-0.0114833454,-0.0015074763,0.0359054491,-0.0313897732,-0.0075012448,0.0019470449,0.0087597497,0.0137349992,-0.0051155929,-0.0080722687,0.0208645406,0.0084017113,-0.0103044645,-0.0128298324,0.0037868488,0.0123874798,0.0040930425,-0.0211738004
420.0000000000,-0.0199933603,0.0130787288,-0.0207560832,0.0284853460,-0.0049268447,0.0344645381,-0.0105454769,0.0074489619,0.0054645720,0.0098296436,-0.0120442074,-0.0014182373,0.0014185530,-0.0437280785,-0.0107250299,-0.0173899646,-0.0095674642,-0.0201611352,-0.0131038160,0.0108639798,-0.0043429195,-0.0046364427,-0.0348888424,-0.0175226607,0.0052474463,-0.0279608080,-0.0061313605,0.0069364916,-0.0156779518,-0.0015931089,0.0135062613,-0.0050633451,0.0047300958,0.0259200899,0.0084715133,0.0266437568,-0.0161027322,0.0002638770,-0.0244618277,-0.0084390668,0.0394980708,-0.0077942658,-0.0121269950,-0.0243842052,-0.0196934344,0.0121722709,-0.0480824167,-0.0100488951,-0.0248085359,0.0108669730,0.0160198442,-0.0198645922,0.0035056133,0.0222288814,-0.0302279321,0.0143067001,-0.0077934535,-0.0102991449,0.0095364321,-0.0044233947,0.0326548337,-0.0122853434,0.0156033085
421.0000000000,0.0091174214,0.0050274079,-0.0212809696,-0.0109763691,0.0093564867,0.0277882370,-0.0126289862,0.0103912364,-0.0073180893,0.0115290900,-0.0018474026,0.0258072407,-0.0415604448,-0.0065140987,0.0048162688,-0.0085429283,0.0009758310,0.0090969530,-0.0100108638,0.0264721458,-0.0172275226,-0.0030654693,-0.0122522739,-0.0145516328,-0.0014537554,-0.0067142371,0.0188656327,-0.0070266119,-0.0070238834,0.0057826880,0.0089382368,-0.0004014815,0.0153977346,0.0313086523,0.0044822435,0.0181223917,0.0004781351,0.0159497354,-0.0178809855,-0.0116756662,-0.0013284338,0.0047695594,-0.0104573028,-0.0310897051,-0.0099813013,-0.0312974656,-0.0251310003,-0.0046255971,-0.0192668585,0.0027150573,0.0047640113,-0.0100285222,0.0082590516,0.0200651054,-0.0278112743,0.0223788681,0.0169039637,-0.0189008687,-0.0171965416,0.0164667584,-0.0069915475,-0.0253732485,0.0108297862
422.0000000000,0.0052640953,-0.0072507459,0.0032644374,0.0003147574,0.0040860737,-0.0032709537,-0.0349873234,0.0108724857,-0.0293647260,0.0039214777,-0.0197838272,0.0136223399,0.0102531204,-0.0002967109,-0.0145539759,-0.0064960213,-0.0024756259,-0.0077571710,-0.0102792664,-0.0009957836,-0.0007836636,-0.0011554874,0.0051206882,0.0209800463,0.0098243025,-0.0027276869,0.0193802660,-0.0042557164,-0.0213473536,-0.0035251305,0.0074733997,-0.0239942482,-0.0027801383,0.0001367835,0.0192498081,-0.0155813056,-0.0098365343,0.0096084872,0.0039823534,-0.0087066157,-0.0068530027,0.0000294084,0.0117569162,-0.0073146882,0.0140749711,-0.0029834641,0.0007052723,0.0324157501,-0.0089869958,0.0075487546,0.0121430808,-0.0097599957,-0.0101627713,0.0264789276,-0.0255941550,0.0162938807,0.0126568944,0.0037737808,-0.0221084596,0.0041066406,0.0124735868,0.0099803521,0.0277636665
423.0000000000,-0.0045463420,0.0083584256,-0.0135793887,-0.0121383237,-0.0019094582,0.0092643601,0.0055585584,0.0060088406,-0.0147252313,0.0105132906,0.0161359473,-0.0122635981,-0.0144504523,-0.0073712375,-0.0022352333,-0.0049488812,-0.0097760099,-0.0302740914,-0.0099750307,-0.0096942504,0.0033069028,0.0156273131,-0.0105393127,-0.0016404527,-0.0133597856,-0.0186887668,0.0247816359,-0.0135533120,-0.0278889103,-0.0026558555,-0.0234480873,-0.0206167350,0.0137347620,0.0093489807,0.0282747328,0.0010146492,0.0283267138,0.0053887647,0.0090416435,0.0121961279,-0.0003460994,-0.0105598453,-0.0090598701,0.0106781065,-0.0167925576,-0.0092116992,-0.0331247680,-0.0002353421,-0.0065123028,0.0179765077,-0.0058112136,0.0258855854,-0.0059196287,-0.0042507334,-0.0084090041,0.0077566017,-0.0014285392,-0.0000843391,-0.0026446652,0.0165674201,-0.0045847966,-0.0027362883,0.0250754160
424.0000000000,0.0101049861,0.0149635928,-0.0045628228,-0.0098121071,0.0216616229,0.0379772272,0.0005878818,-0.0012396242,0.0114607084,-0.0046158357,0.0031352843,0.0031552195,-0.0190129019,0.0001368906,-0.0052776645,-0.0221830263,-0.0024255902,-0.0029166430,-0.0031816263,-0.0191296491,-0.0158545421,0.0105268381,0.0027674486,0.0029362951,0.0145516321,0.0022286958,0.0074671635,-0.0046761386,-0.0012880818,0.0135238318,0.0023772302,0.0101212896,-0.0182608937,0.0071372503,-0.0002463583,-0.0272200456,-0.0031497710,0.0189711264,-0.0272025544,0.0008576660,0.0193287123,0.0078926736,-0.0018204822,0.0041283456,-0.0008921015,-0.0136086569,-0.0058714824,-0.0022782608,0.0017359018,-0.0169392072,-0.0109214087,-0.0015478770,-0.0222217991,0.0017843997,0.0090054245,-0.0108496479,-0.0027344832,-0.0031932311,-0.0397429766,-0.0046851842,0.0180702029,-0.0244204058,-0.0027688971
425.0000000000,-0.0225473687,-0.0007502759,-0.0039574854,0.0123708213,-0.0244955473,0.0043807811,-0.0055453143,0.0052627251,-0.0258089191,-0.0217914770,0.0322393647,0.0012249528,-0.0224641442,0.0110259719,0.0083372780,-0.0241401234,-0.0152572356,-0.0070482710,-0.0247417798,0.0389515413,-0.0300952944,0.0320419939,-0.0081485375,-0.0153508925,0.0143830498,-0.0331815781,-0.0009216128,-0.0055995006,-0.0182634963,-0.0085157787,0.0186136504,-0.0190753105,-0.0078475053,0.0081457472,0.0273079966,-0.0027093669,-0.0002341886,0.0399337534,-0.0007806917,0.0215299032,0.0234095332,0.0073753285,-0.0098073548,0.0045326715,0.0043906584,0.0055856361,-0.0206653312,0.0225489811,-0.0104043389,0.0090891551,0.0368086621,0.0023268393,0.0096468523,0.0100191173,-0.0298196323,-0.0035402212,-0.0100634286,-0.0164511613,-0.0200464418,0.0067666751,-0.0026219017,0.0102274002,0.0081630840
426.0000000000,-0.0177504247,-0.0021491145,-0.0011289696,-0.0147204630,0.0168432414,0.0033932669,-0.0094985643,0.0065066595,0.0083356620,-0.0030136675,0.0190155194,0.0015252436,-0.0080875986,0.0107172962,-0.0092315633,-0.0179725645,-0.0053778195,-0.0123773583,-0.0147913944,0.0167802468,0.0142559076,0.0078382949,-0.0086883389,0.0027954609,0.0306539433,-0.0049675835,0.0176692878,-0.0099177280,-0.0237741466,-0.0035744153,-0.0168473401,-0.0040692003,0.0038248758,-0.0005338529,-0.0018076811,0.0107985565,-0.0122412592,-0.0077480048,-0.0077755551,0.0000017776,0.0009299061,0.0153470834,0.0082024621,-0.0130961387,-0.0007333320,-0.0025062442,-0.0119832194,-0.0072389141,0.0055167795,0.0058978339,0.0207963063,0.0078856847,-0.0137237565,-0.0070487704,-0.0035357859,-0.0142097534,0.0100011998,-0.0076832706,-0.0084224998,-0.0117666265,-0.0171808545,0.0094432719,0.0176894231
427.0000000000,-0.0019141137,-0.0312709198,-0.0044524209,0.0030449876,-0.0051465621,0.0128096797,-0.0168638694,0.0040437738,0.0010837263,0.0060557914,0.0042857700,-0.0040569586,-0.0268779859,-0.0092831351,-0.0053676539,-0.0160569161,-0.0003909441,-0.0481245179,-0.0180305061,0.0268733422,-0.0021402438,-0.0055222010,-0.0125607506,-0.0053149044,-0.0060876669,-0.0075447672,-0.0203422958,-0.0202498025,-0.0045031398,-0.0159465474,-0.0062642437,-0.0114692900,0.0050743257,-0.0331364879,0.0098038827,0.0139446390,0.0143913970,0.0148049531,0.0032911610,0.0051890223,0.0096455822,0.0195443924,-0.0112746488,-0.0236471025,-0.0041361226,-0.0114294620,-0.0184132203,0.0084489091,-0.0116916871,-0.0097334784,0.0049993290,-0.0046285183,0.0166967462,0.0169621167,0.0035005921,0.0001382804,-0.0156582466,-0.0120259615,0.0097633348,-0.0111355292,0.0042408386,0.0185626427,0.0094822109
428.0000000000,-0.0283281076,0.0226308870,-0.0231986606,0.0085643290,0.0138326636,0.0221794392,-0.0376283127,0.0086829964,-0.0051605854,0.0251750628,0.0240394009,0.0073926993,0.0167938922,0.0007845884,0.0205286683,-0.0023288088,-0.0104811683,0.0012930010,-0.0016210714,0.0130591014,-0.0052882890,0.0132264408,-0.0118140739,0.0028332028,0.0157629299,-0.0149730268,0.0248630451,0.0072709317,-0.0181532612,-0.0107420026,-0.0018660929,0.0216996378,-0.0007506208,0.0148007216,0.0039511297,-0.0053527488,-0.0033963798,0.0112048688,-0.0264507125,0.0033037037,0.0188589412,-0.0072248188,-0.0036023806,-0.0133676756,-0.0081568902,-0.0160266102,-0.0348903423,0.0076649239,-0.0288239832,0.0080692904,-0.0003393552,0.0074536920,0.0003648536,0.0104899801,-0.0050517253,0.0258279997,-0.0189689744,-0.0059074545,-0.0152307729,0.0069470913,-0.0079451568,-0.0085170011,0.0273216241
429.0000000000,-0.0221333121,0.0157337249,-0.0006239551,0.0061424048,0.0061685196,0.0199551359,0.0041274440,0.0181483557,0.0062388756,0.0065788581,0.0005573897,0.0005394098,0.0134721891,-0.0020669552,-0.0122460699,-0.0311152328,-0.0119439744,-0.0363436145,-0.0435351228,0.0267867510,0.0022702880,0.0064717596,-0.0220643638,0.0142747129,0.0215034227,-0.0197338792,0.0316214666,0.0068002913,-0.0257366145,-0.0103742462,0.0013002334,-0.0040756999,-0.0008593727,0.0241331656,0.0069326341,-0.0280996293,-0.0044870542,0.0222497970,0.0048449510,0.0030989296,0.0206915644,-0.0162912608,-0.0280125874,-0.0227700039,0.0068261937,-0.0358558143,-0.0472037006,-0.0073046031,0.0116532542,0.0096971766,0.0039697492,-0.0026834569,0.0365374486,0.0055900794,-0.0130050834,0.0096179955,-0.0424501575,-0.0183480194,-0.0220584448,-0.0022302669,-0.0075515267,-0.0154219567,-0.0170561395
430.0000000000,-0.0053950972,-0.0054472778,-0.0238465501,0.0128043310,-0.0059492237,0.0107741351,-0.0112973186,0.0085662413,-0.0073402409,-0.0080453720,-0.0141709302,0.0018622262,0.0044067121,-0.0159626651,0.0069619607,-0.0202680466,-0.0101082740,-0.0152550419,-0.0189338085,0.0320386486,-0.0030216187,0.0048265023,-0.0297506453,0.0085448977,0.0075423932,-0.0123625100,-0.0240777409,-0.0119233080,-0.0037314499,-0.0103614360,-0.0151550795,-0.0003708284,0.0131563361,0.0111167354,0.0182583494,-0.0026408516,-0.0059866444,0.0219357116,0.0029121726,0.0030919720,0.0096819560,0.0053840433,-0.0341126452,0.0028203887,0.0026062426,-0.0078255920,-0.0244014940,0.0097481755,-0.0101322348,0.0240456789,-0.0095610211,0.0116525734,-0.0111259464,0.0069957627,-0.0166245058,0.0005977914,-0.0226118093,-0.0004798052,-0.0111016198,0.0042257887,-0.0057040261,0.0083324515,0.0063131297
431.0000000000,-0.0365647375,0.0146998091,0.0076315980,0.0124177197,0.0085848257,0.0006578429,-0.0013349370,-0.0293537062,-0.0119985300,0.0179323042,0.0126678635,-0.0052037624,-0.0060168974,-0.0100826488,-0.0202953549,-0.0267523996,0.0027664186,-0.0244267206,-0.0120726665,0.0108926706,0.0102250224,-0.0180546098,-0.0093192605,-0.0108057958,0.0178232206,0.0016212432,0.0016677800,-0.0101448779,0.0013596837,-0.0180224434,-0.0012904129,-0.0029728917,0.0075531197,0.0097306336,0.0011002666,-0.0078530780,0.0034768267,0.0041117305,-0.0076070870,-0.0135330914,-0.0000945712,-0.0028005294,0.0068261085,0.0101389090,-0.0035290456,-0.0138119124,-0.0256379974,0.0241320346,-0.0021877352,0.0045890442,0.0160063110,0.0001319607,-0.0030337654,0.0095127395,-0.0047123948,0.0014301475,-0.0104717191,-0.0027261787,-0.0128342882,-0.0185528436,-0.0107203161,-0.0055168064,0.0294026650
432.0000000000,0.0157169754,0.0187568407,-0.0087167910,0.0048057233,0.0176585645,0.0138072550,-0.0222455603,-0.0080969891,-0.0059035579,0.0200499528,-0.0129095493,-0.0112406833,-0.0228193607,-0.0154487158,-0.0108362797,-0.0290403940,-0.0122805058,-0.0089305041,-0.0396242249,0.0261968900,-0.0027997796,-0.0144779795,-0.0173335870,-0.0048839177,0.0244229337,-0.0265754063,0.0048531204,-0.0107535651,-0.0064360189,0.0077564225,-0.0047123363,-0.0117843008,0.0122144728,0.0350939337,0.0103153885,-0.0031803550,-0.0045915630,0.0365969913,0.0097374096,0.0101186719,0.0220549405,0.0132950818,-0.0152949185,-0.0331428572,-0.0150053441,-0.0162471087,-0.0217338250,0.0154066142,-0.0326395621,0.0136047618,0.0168392185,0.0009899265,0.0119902114,-0.0207159527,-0.0286875699,-0.0047929466,-0.0167906395,0.0083739008,-0.0176565518,0.0252435985,-0.0233248488,-0.0022120442,-0.0064294334
433.0000000000,-0.0076932382,0.0097956619,-0.0034573505,-0.0009041899,-0.0027862275,0.0202973044,-0.0144584131,-0.0136610876,0.0165900988,-0.0019959740,-0.0185030788,-0.0097331324,0.0013609833,0.0013497308,-0.0201783920,-0.0025403927,0.0079529204,-0.0059917520,-0.0088607168,0.0089201914,-0.0051903150,-0.0040927726,-0.0200968451,-0.0044547264,0.0044551010,-0.0065577863,0.0125007631,-0.0110471405,-0.0205849249,0.0017697819,0.0211098880,-0.0097917808,0.0048244965,0.0081014503,0.0062903799,-0.0029038239,0.0059771870,0.0011379901,-0.0010096565,0.0016887918,0.0183834241,-0.0043914125,-0.0077421462,-0.0134276098,-0.0240863529,0.0087224541,-0.0003291430,0.0168603454,0.0054614234,-0.0148327552,0.0023083057,-0.0074265432,0.0160328091,-0.0025440991,0.0008779995,-0.0021948944,-0.0166652998,-0.0127765175,-0.0201895670,-0.0019117188,-0.0034441222,0.0007787190,0.0031666612
434.0000000000,0.0019962109,-0.0049300157,-0.0170458514,-0.0170618825,0.0186081051,0.0088083307,0.0195141492,-0.0010384751,-0.0043033871,-0.0129405983,-0.0046918589,0.0028525736,0.0066537680,-0.0109485147,-0.0012229151,-0.0219897741,0.0128067972,0.0013283595,0.0048660720,-0.0042028635,-0.0222013401,0.0018235180,-0.0294217934,0.0029397933,0.0233249432,-0.0140215296,0.0006499520,-0.0115118387,0.0077631329,-0.0058718661,-0.0090631822,-0.0142899737,-0.0013202257,0.0043781466,-0.0174720019,0.0015428555,-0.0017702631,-0.0004420250,0.0138826446,-0.0171567988,-0.0166351860,-0.0115839449,0.0051393958,0.0008596823,0.0026237527,-0.0201118598,-0.0112097202,-0.0076004012,-0.0127019711,0.0092025045,0.0033673808,0.0055521328,-0.0142995437,0.0064573627,0.0073081905,0.0025716633,-0.0347824068,-0.0222811466,-0.0032985915,-0.0127195814,0.0053215124,-0.0058971767,0.0177986656
435.0000000000,-0.0016255292,0.0135677759,-0.0144464554,-0.0122401538,-0.0124849707,0.0099892845,-0.0107424181,0.0312716998,-0.0179082818,0.0240825484,0.0052580678,0.0089666135,-0.0054437390,-0.0176450559,0.0097121297,-0.0203829734,0.0053289800,-0.0072961013,-0.0257615905,0.0156566950,-0.0073679938,0.0006935584,-0.0103272047,0.0119583247,0.0139242368,-0.0305099806,0.0089069587,-0.0032318328,-0.0315144867,-0.0132583747,-0.0000159582,-0.0237482477,0.0024873400,0.0236219993,0.0190795989,0.0217376619,-0.0070372461,-0.0001929662,0.0099689634,-0.0000859896,0.0176024644,0.0027059662,-0.0188125416,-0.0172589103,-0.0401620284,-0.0094619888,-0.0286448559,0.0025330222,0.0021461485,0.0019346174,0.0097283929,-0.0116253971,0.0088233770,-0.0023972783,-0.0126461311,0.0190056073,-0.0141689693,-0.0186988973,-0.0294042225,0.0099754842,-0.0019164739,-0.0184183087,0.0147905092
436.0000000000,-0.0124805081,0.0115574549,0.0100900033,0.0037418325,-0.0043923093,0.0159957520,0.0028552190,-0.0040438953,0.0012311523,-0.0026152358,0.0354337706,-0.0003710105,0.0157548360,-0.0122058590,0.0148885946,-0.0003629975,-0.0172050375,-0.0103349891,-0.0136429162,0.0114466697,0.0163888112,-0.0001672645,-0.0159905740,-0.0034470385,0.0132652769,0.0031352512,0.0117006353,0.0036548844,-0.0108617292,0.0096901394,-0.0016817054,-0.0033271571,0.0020866820,0.0184542005,0.0004992550,0.0116188959,0.0086182946,0.0013702755,-0.0268385325,-0.0050716812,0.0132640623,0.0040138240,0.0083004924,-0.0221363311,-0.0102429912,0.0101646565,0.0116298223,0.0181370790,-0.0252424981,0.0017130724,-0.0093461469,0.0018446315,-0.0129936009,0.0027967758,-0.0139739264,-0.0218768014,-0.0245356721,0.0093869026,-0.0035336274,0.0041545639,-0.0044303816,-0.0071452864,-0.0148264647
437.0000000000,-0.0065503683,0.0070234265,-0.0111968985,-0.0016368600,0.0065481875,0.0074605924,-0.0210564541,-0.0051333058,0.0062841341,-0.0133097875,0.0347673870,-0.0021183434,-0.0250015323,-0.0168603352,0.0218518628,-0.0008872058,-0.0051608845,-0.0050793995,-0.0053080297,0.0206501933,-0.0173264219,-0.0108902305,-0.0155440657,-0.0093379035,0.0099006410,-0.0061189511,0.0136558876,-0.0111128611,0.0008766233,0.0116852117,-0.0244023340,-0.0002366371,-0.0212463604,-0.0050923228,-0.0132141297,-0.0093475887,0.0177968180,0.0209150676,0.0089060389,-0.0069463133,0.0229825543,0.0043496620,0.0049491628,-0.0046327121,0.0125355865,0.0024331361,-0.0144903308,0.0059019340,-0.0130359425,-0.0075223004,-0.0096617205,-0.0000681259,0.0090089005,-0.0042812609,-0.0037371774,-0.0130373850,-0.0015099588,0.0033742550,0.0009124776,-0.0162919939,0.0044404091,0.0076455578,-0.0033627930
438.0000000000,0.0005033917,0.0056324104,-0.0210744400,-0.0113928702,0.0141596368,0.0183522571,-0.0167007792,-0.0113094193,-0.0129894226,-0.0135999560,0.0022000109,-0.0148783394,0.0242682593,-0.0270238322,-0.0174920557,0.0053455823,-0.0062033450,-0.0035104742,-0.0084492207,0.0129827277,-0.0027212915,0.0228281928,-0.0236748626,0.0010511943,0.0270961833,-0.0146957314,0.0090081350,0.0049132664,-0.0267509876,-0.0130973759,0.0054609445,0.0077999505,0.0141737477,0.0327150720,0.0124742579,-0.0108207517,-0.0025963489,0.0053840754,-0.0166605157,0.0005553308,0.0012576544,-0.0019271725,-0.0155666082,0.0045597931,0.0037515998,-0.0177321427,-0.0261821206,0.0139782846,-0.0286330872,0.0227914780,0.0094816775,0.0001242651,0.0120337716,0.0022643484,-0.0163618006,-0.0149935102,-0.0107032787,-0.0269822700,-0.0209172114,0.0238400736,-0.0143113603,0.0145182926,-0.0129975840
439.0000000000,-0.0015175032,0.0100969008,0.0088071367,-0.0145884094,-0.0087360728,0.0313415288,-0.0059275316,-0.0094650735,-0.0025112795,-0.0032170885,-0.0041268283,-0.0038609146,-0.0296558033,-0.0031531322,0.0026857231,-0.0016355951,0.0156088701,-0.0300754051,-0.0440721376,0.0126923760,0.0033996968,-0.0070271489,-0.0139462062,0.0070377184,0.0073936957,-0.0210605948,0.0028411184,-0.0022337475,-0.0404322652,0.0062019876,0.0008672503,0.0076093558,-0.0072074076,0.0221840817,-0.0022890699,0.0038368557,-0.0000168310,0.0305437220,-0.0086304088,-0.0318067527,0.0202689944,0.0246087344,-0.0156433762,-0.0238798290,-0.0007541206,-0.0026155221,-0.0127680345,-0.0100092852,-0.0182854608,-0.0022444429,0.0063149076,0.0272781236,0.0066570679,-0.0053048488,-0.0307663564,0.0120451106,0.0077948574,-0.0229536413,0.0092518341,0.0206621831,0.0027170421,-0.0009415518,0.0058438789
440.0000000000,-0.0172454934,-0.0063123644,-0.0145672934,-0.0144937768,0.0097309364,0.0193294626,-0.0360634746,0.0141484857,-0.0135778496,-0.0138809455,0.0230258536,0.0028204529,-0.0164120382,-0.0110298967,0.0014261571,-0.0054055633,-0.0023114102,-0.0008379779,-0.0050205096,0.0034846401,-0.0133458500,-0.0125496785,-0.0192719556,-0.0020243918,0.0133328053,-0.0154809319,0.0158254525,-0.0281001610,-0.0192335711,0.0098457684,-0.0110123569,0.0186565186,0.0119792247,0.0241619314,0.0022866595,-0.0011700534,-0.0196767055,-0.0061199304,-0.0045592045,0.0021471778,0.0166917092,-0.0223116931,0.0008843946,-0.0118741783,-0.0001302772,0.0016388557,-0.0095525411,0.0160364299,0.0080773066,0.0041040607,0.0058566509,0.0084049849,0.0177948680,-0.0239071627,0.0033130242,-0.0052038428,0.0011853093,0.0055288453,0.0111511554,0.0064801324,0.0038425454,-0.0026125603,0.0070661233
441.0000000000,-0.0124635158,0.0206703074,-0.0073982159,-0.0098841323,0.0021556769,0.0141847989,-0.0012947112,-0.0069926623,0.0027201380,-0.0021990145,0.0088143795,0.0095146046,-0.0264047164,-0.0088391392,-0.0073770122,-0.0289365982,-0.0145827738,-0.0072665504,-0.0283743359,0.0074496672,0.0005117222,-0.0070347601,-0.0176672038,0.0210372232,0.0246071508,-0.0076596052,0.0139565614,-0.0013582955,-0.0078852304,-0.0065111258,-0.0151816089,0.0008399645,0.0151352534,-0.0039296418,0.0081378446,0.0105862418,0.0079894288,0.0243543418,-0.0064257489,0.0127331531,0.0087220589,-0.0050814553,-0.0009571423,-0.0117462042,-0.0062498092,0.0183323391,-0.0208677108,-0.0106882190,-0.0064786309,0.0022598195,-0.0022224355,0.0039071542,0.0056391772,0.0087746272,-0.0009220136,-0.0183584954,-0.0065781264,0.0026881143,0.0078078285,0.0175431800,0.0219642662,-0.0050205938,-0.0151354871
442.0000000000,-0.0198714288,0.0104351162,0.0034895006,-0.0047640159,0.0123938353,-0.0027420179,-0.0351656349,-0.0025635757,0.0001120879,0.0000411355,-0.0113412988,0.0085570667,0.0121300383,-0.0092225584,-0.0012915087,0.0104006949,-0.0224998814,-0.0107429017,-0.0453196826,0.0205850882,0.0006235156,-0.0070563807,-0.0191927930,-0.0040267772,0.0057935939,-0.0308011673,0.0148866376,-0.0104052484,-0.0052155543,-0.0199924791,-0.0151567225,-0.0006046016,-0.0168449907,0.0397003684,0.0044562297,0.0108100440,-0.0053583428,0.0035020602,-0.0235631042,-0.0167020881,0.0149037338,0.0031012990,-0.0372990757,-0.0193935651,-0.0328974460,-0.0308195895,-0.0100976831,0.0061743282,-0.0130047212,0.0130303820,0.0017185515,-0.0021878719,0.0167932173,0.0309297890,-0.0180956857,0.0039635652,-0.0283492154,-0.0220579964,0.0057604392,0.0179034682,0.0062859217,-0.0130145876,0.0051695443
443.0000000000,-0.0128174625,0.0186747133,-0.0047500073,0.0163600441,0.0067905958,-0.0034844380,-0.0229634790,0.0036306500,-0.0065122594,0.0162658978,-0.0123247198,-0.0073574673,-0.0217563641,-0.0385075713,0.0063575953,-0.0187653237,-0.0242260395,-0.0148294700,-0.0218449884,0.0264704566,-0.0011281677,-0.0022084729,-0.0125257011,0.0096247292,0.0076956370,0.0072063906,0.0137315343,-0.0235500048,-0.0025807664,-0.0099472127,-0.0093895591,-0.0114091403,-0.0042968367,0.0266222088,0.0217024485,-0.0305000288,-0.0075708755,0.0215837067,-0.0031497120,-0.0108558721,0.0103404354,0.0044883118,-0.0212897028,-0.0047195786,-0.0102999335,-0.0082904552,-0.0084624365,0.0153279850,0.0066994200,-0.0049349951,0.0182244387,-0.0163162388,0.0233737651,-0.0080508575,-0.0020762993,0.0059610861,-0.0232703747,-0.0206641274,-0.0061510124,0.0087068037,0.0055319098,0.0211603440,0.0108578584
444.0000000000,-0.0127553122,0.0129140585,-0.0095853196,-0.0116509438,-0.0184831207,0.0214614133,0.0124356225,-0.0022959834,-0.0049683633,0.0078935615,-0.0008360717,-0.0126274279,0.0097778144,-0.0219720339,-0.0186312926,-0.0217904190,-0.0267342909,-0.0193369500,-0.0012419871,0.0018884496,-0.0013000525,-0.0129193809,-0.0130058931,0.0054159409,0.0075367142,-0.0159414585,0.0218769155,-0.0011455454,-0.0203582066,-0.0067561826,-0.0123137240,-0.0091852364,0.0189912601,0.0139646944,0.0095904628,-0.0033251417,0.0115040561,0.0083563389,-0.0214728907,-0.0006675362,0.0054368826,-0.0186562560,-0.0045488309,0.0005944740,0.0054372639,-0.0341088504,-0.0032640586,0.0005203200,-0.0379700663,0.0152314303,0.0066935962,0.0117884079,-0.0069123235,-0.0196876270,-0.0293876013,-0.0098205144,-0.0153435488,-0.0089905266,-0.0085370785,0.0136059165,-0.0103577100,-0.0100054898,0.0181589366
445.0000000000,-0.0113178197,0.0081403123,-0.0085175553,-0.0044204159,-0.0037995473,0.0152964270,-0.0287595060,-0.0077831379,0.0042614209,-0.0074809014,-0.0044621914,-0.0039551108,-0.0340044667,-0.0054376523,-0.0201507329,-0.0069888576,0.0017686670,-0.0156300556,-0.0296163783,0.0197702156,-0.0016400271,-0.0028375936,-0.0330916934,0.0035733873,0.0263565470,-0.0341329547,0.0259734244,-0.0076417100,-0.0179405274,-0.0090011156,0.0029553212,0.0013374834,0.0022647451,0.0167531296,-0.0023907458,0.0004191029,-0.0017517938,0.0420388693,0.0094689909,-0.0116439464,0.0057605636,0.0131107558,-0.0383547452,-0.0054568005,-0.0120985438,0.0015792713,-0.0323112865,0.0078777864,-0.0337771549,0.0070904497,-0.0049744015,-0.0019438429,0.0327486247,0.0123164576,-0.0076919772,-0.0136763539,-0.0156343948,-0.0389494868,-0.0124806446,0.0153093770,-0.0197175229,0.0074455871,0.0301331881
446.0000000000,0.0117450950,0.0112631163,-0.0130489946,0.0089376581,0.0006188851,0.0071401864,-0.0021566855,0.0019402915,0.0070314211,-0.0080622396,-0.0065690681,-0.0172066575,-0.0082297736,0.0109933291,0.0002853304,-0.0075073490,-0.0142670051,-0.0260887206,-0.0221588381,0.0145215539,-0.0028810688,0.0103985239,-0.0001025350,-0.0052346729,0.0208002664,0.0052002431,-0.0030220669,-0.0025293679,-0.0256285851,-0.0071955754,0.0007958634,0.0027271401,-0.0065249956,0.0147519722,0.0190265034,0.0032766229,-0.0000034193,0.0313671747,-0.0176311014,0.0183437080,0.0121686452,0.0042088706,0.0096510839,-0.0165472479,-0.0142823334,0.0156257022,-0.0145996761,0.0163355688,0.0002658864,0.0132463666,0.0186890803,0.0099355181,-0.0096937206,-0.0170313414,0.0084658278,-0.0044352182,0.0000694876,0.0201525215,-0.0040289812,0.0104096424,-0.0049344048,-0.0009498132,-0.0015218247
447.0000000000,-0.0210995632,-0.0042138483,-0.0044118317,0.0199359694,-0.0143427814,0.0055902437,-0.0059089775,-0.0211087234,-0.0052661190,0.0144263594,0.0054178305,-0.0040261238,0.0108022421,-0.0080594228,-0.0013838787,-0.0035071367,-0.0142297556,-0.0081660830,-0.0230956409,-0.0006754641,-0.0154294310,-0.0039552458,-0.0074540471,0.0107857542,0.0214520595,-0.0026570170,0.0017863786,-0.0069717235,-0.0079381324,0.0157767695,-0.0033333230,-0.0041804490,0.0042715445,0.0275655358,0.0031362322,0.0061529218,-0.0106331419,-0.0264419966,0.0095200456,0.0024738531,0.0124711026,-0.0043947571,-0.0077519200,-0.0387807915,-0.0063058415,-0.0082043942,-0.0119034443,0.0185132411,0.0102707678,0.0094007566,0.0137436089,-0.0176734032,0.0171571686,0.0077181368,0.0069810516,0.0106409666,-0.0127410554,-0.0054684609,-0.0013019143,-0.0083586551,0.0109223246,0.0079954278,-0.0025871852
448.0000000000,0.0048025986,-0.0038400310,-0.0052993782,-0.0024904407,-0.0143977027,0.0043326603,-0.0235605654,-0.0099725030,0.0105643691,-0.0057024725,0.0022149342,-0.0166443162,-0.0022634877,0.0114956116,0.0013372712,0.0276948233,-0.0105250733,-0.0234971489,-0.0036293821,0.0213393130,-0.0037129755,0.0101651491,0.0021993168,-0.0005518784,0.0050376420,-0.0141513575,0.0067322183,-0.0089906978,-0.0245359416,-0.0092214480,-0.0062015979,-0.0074027073,0.0051288033,0.0120174634,0.0332090121,-0.0046305198,0.0098179209,-0.0020212512,-0.0242281672,0.0052732220,0.0210803325,0.0275668978,-0.0137003608,-0.0182365092,-0.0130167502,-0.0067253352,-0.0188926721,0.0009971085,-0.0201659940,-0.0200330936,-0.0031779813,-0.0100116549,0.0033387944,0.0043486558,-0.0175821732,-0.0011381316,0.0194416563,-0.0266153036,-0.0091547075,0.0091936779,-0.0020892713,0.0110227896,0.0040717364
449.0000000000,-0.0122803065,0.0128723403,-0.0124446574,0.0129534382,0.0034927377,0.0357984337,-0.0146561253,-0.0065706110,-0.0318673661,-0.0060918685,-0.0024361839,0.0003905734,-0.0106904481,-0.0097563824,-0.0230231364,-0.0379665690,-0.0082396628,-0.0281506822,-0.0125943907,-0.0210598391,0.0018491101,-0.0058579520,-0.0067423770,0.0036102598,0.0337793544,-0.0274609932,0.0322212606,-0.0221831161,-0.0244860567,-0.0031994373,0.0005333089,0.0073566769,0.0245914157,0.0208339591,0.0079515029,0.0136092692,-0.0049169414,0.0084131958,-0.0137438484,-0.0012943619,-0.0097091890,0.0019082970,-0.0207976175,-0.0273263658,-0.0216774832,-0.0017048303,-0.0248448474,-0.0148363951,0.0164825436,-0.0009543219,0.0193480631,-0.0140842920,0.0021473273,-0.0077571371,-0.0103435618,0.0059070923,-0.0021718090,-0.0003292604,-0.0218235210,0.0012888601,-0.0243202354,-0.0083242134,-0.0177154719
450.0000000000,-0.0117308347,0.0185616184,0.0049214127,0.0151759486,-0.0115934782,0.0101518554,-0.0225909413,0.0099003876,0.0099612188,-0.0034973230,-0.0088957439,-0.0070192572,0.0060197278,0.0091408809,0.0202128294,-0.0205357043,0.0010713068,-0.0086712444,-0.0257843613,-0.0066607782,-0.0153712032,0.0157959972,0.0017509291,0.0062595195,0.0264772118,-0.0022600394,0.0101324324,-0.0100432379,-0.0036998013,0.0075029407,0.0116540464,-0.0125486938,0.0019975224,0.0013772837,0.0120726636,-0.0013041084,-0.0058031325,0.0141214668,-0.0208962554,-0.0093468047,-0.0046057072,-0.0034705663,-0.0187756105,-0.0225541047,-0.0080159147,-0.0349592349,-0.0047016259,0.0002610513,-0.0100905075,-0.0010805099,-0.0020532924,0.0143615529,-0.0037748294,-0.0250629273,-0.0059383520,-0.0019535005,-0.0035615437,-0.0119610276,0.0086639253,0.0255791180,-0.0261040609,0.0089744073,0.0169046238
451.0000000000,-0.0027274846,0.0081387260,-0.0136113038,0.0071595371,0.0166751331,0.0218301526,0.0078920911,0.0224637426,-0.0121420908,-0.0000952561,0.0167739697,0.0012661134,0.0022979414,-0.0031562172,-0.0122675108,0.0088249411,-0.0119417672,-0.0264971127,-0.0074009244,0.0140014525,-0.0020576511,-0.0053679740,-0.0059725802,-0.0060760684,-0.0029378904,-0.0297502935,-0.0033465310,-0.0163343216,-0.0403471813,-0.0006509180,-0.0048336034,-0.0114634150,-0.0007772182,0.0053265935,-0.0010898785,0.0083770086,0.0005901289,0.0181058515,-0.0117006082,-0.0150490531,0.0183803870,0.0000397204,-0.0087963557,-0.0091819629,-0.0212679751,-0.0243816408,-0.0238891990,0.0012215541,-0.0351911281,0.0130105269,-0.0030230723,0.0146130536,-0.0048261750,0.0146110002,-0.0115426040,-0.0187295477,-0.0100216774,-0.0056073490,-0.0184461022,-0.0159905889,-0.0094028638,0.0024060706,0.0160054134
452.0000000000,-0.0018104833,-0.0120201132,-0.0116252291,-0.0101993850,0.0067179745,0.0348969777,-0.0258118110,0.0015382621,-0.0157808721,0.0147818246,-0.0060956813,0.0019868989,-0.0212873905,-0.0025322233,-0.0099956735,-0.0264255500,-0.0103588979,-0.0104252760,-0.0392025761,0.0234519317,0.0156465486,0.0123814936,-0.0416199785,0.0062568427,0.0246202247,-0.0260938560,0.0210068253,-0.0314638209,-0.0297934871,0.0061086313,0.0237302748,0.0076362393,0.0206524602,0.0217406471,-0.0118265074,0.0042438274,0.0053553161,0.0334135135,-0.0116733162,0.0116772747,0.0118523874,0.0054756682,-0.0272718945,-0.0060684296,-0.0213374076,-0.0073370045,-0.0166467957,0.0052351297,0.0012028668,0.0100183053,0.0216594369,-0.0072461711,0.0086468518,0.0090409618,-0.0011598367,0.0000252337,0.0040737246,0.0155541006,0.0083771043,0.0228779564,-0.0092919923,0.0055043501,0.0103395480
453.0000000000,-0.0105576692,0.0151274427,0.0062802007,-0.0208650719,-0.0107478312,-0.0028445221,-0.0150275863,0.0113669771,0.0037959559,-0.0021595996,0.0053248841,-0.0105573990,-0.0086053374,0.0069207886,-0.0065522986,-0.0168006487,-0.0119428416,-0.0081638996,0.0126596585,-0.0026620758,-0.0147423668,0.0068337425,0.0050612043,0.0036466923,0.0171344452,0.0122569709,0.0134632155,0.0099644569,0.0038239286,-0.0124106312,0.0001718616,0.0021038911,0.0071115404,0.0011137582,0.0142218724,0.0099743578,0.0034547788,0.0054141905,-0.0120864045,0.0047295777,0.0265473146,-0.0177769012,-0.0113958756,-0.0078043940,0.0155617595,-0.0030143065,-0.0127785995,-0.0024074537,0.0043804764,0.0185501090,-0.0000845399,0.0010547036,-0.0065897210,-0.0125166563,-0.0183305018,0.0005896113,-0.0162701435,-0.0016296567,-0.0060723020,-0.0178332570,-0.0035793772,0.0051150035,0.0246311826
454.0000000000,-0.0284483371,0.0119307443,0.0005204956,0.0031978674,0.0026123276,0.0144902451,-0.0216268410,-0.0015599797,-0.0212737854,-0.0011964688,0.0129212653,-0.0172203581,-0.0140466148,-0.0010657063,-0.0010906915,-0.0237910108,-0.0085843373,-0.0310938882,-0.0331152937,0.0381596556,-0.0012230487,0.0128372752,0.0028282622,-0.0157678157,0.0499059325,0.0013946391,-0.0031745928,-0.0061375760,-0.0066789373,-0.0010884677,0.0112619215,-0.0115811893,0.0103565991,0.0008888718,0.0133067615,0.0106725582,-0.0034087587,0.0036054832,0.0158591130,-0.0028854340,0.0132443878,0.0149729363,-0.0074220987,-0.0265936531,-0.0166199328,-0.0312159427,-0.0340007842,-0.0100507368,-0.0151885802,0.0133071754,-0.0020601092,0.0277592553,0.0112087188,0.0015254726,-0.0219878258,0.0075302959,-0.0197971401,-0.0108584898,0.0049049766,0.0161428052,-0.0087306291,0.0018804984,0.0119617246
455.0000000000,-0.0069374137,0.0022192860,0.0010042202,-0.0064599285,0.0068538235,0.0263791354,-0.0222483362,0.0049030785,0.0086018162,-0.0099742090,0.0090318140,-0.0086141968,-0.0196406714,-0.0080107688,-0.0248914032,-0.0175366205,-0.0127808874,-0.0127172128,-0.0250675476,0.0100194139,0.0022886643,0.0230155665,-0.0114429273,-0.0065094834,0.0309460534,-0.0195534230,0.0179559533,-0.0041620519,-0.0350526314,-0.0016218963,0.0051087654,-0.0046349204,-0.0142389296,0.0257095783,-0.0093541535,0.0056301549,0.0205963903,0.0131167375,-0.0215509775,-0.0110094014,-0.0025740665,-0.0167986151,-0.0342310760,-0.0137827930,-0.0275797962,-0.0092859514,-0.0302918710,-0.0050470238,-0.0056127628,0.0121058003,0.0149924852,-0.0005933187,0.0079069983,-0.0054886898,-0.0204302548,0.0135538685,-0.0022539047,0.0063413941,0.0075471635,-0.0010000185,-0.0132368059,-0.0057446967,0.0207126405
456.0000000000,-0.0229011565,0.0053677121,-0.0013021688,-0.0123092214,-0.0201398779,0.0189120679,-0.0116713849,0.0262592502,-0.0195328591,-0.0006198889,-0.0133922542,-0.0070068526,-0.0015969517,-0.0097051558,-0.0091489531,-0.0209867332,-0.0112047269,0.0012947925,-0.0447311524,0.0117357577,-0.0139886398,0.0007129611,-0.0073512148,0.0031010972,0.0237413151,-0.0007208770,0.0061863020,-0.0245406214,-0.0054208520,0.0062114262,-0.0117401847,-0.0198777515,0.0136590886,0.0095635866,0.0143881866,0.0120361651,-0.0116113489,0.0077214212,-0.0049443596,-0.0002636800,0.0089348704,-0.0156718669,-0.0137993447,-0.0147536134,-0.0353081718,-0.0102039809,-0.0204031311,0.0028802914,-0.0002031319,0.0323014920,0.0041557214,-0.0121543894,0.0178963225,-0.0170300272,-0.0152992245,0.0112196539,-0.0042456729,-0.0077349063,-0.0023523911,0.0178418412,-0.0081654334,0.0110939693,0.0181201657
457.0000000000,0.0008491561,-0.0013227919,-0.0018799559,-0.0026770982,0.0111221971,0.0315866610,-0.0211766577,0.0103861957,-0.0047551471,0.0077541924,-0.0059823662,0.0074888131,-0.0095356900,0.0022354646,0.0114996002,-0.0240154403,-0.0029409765,-0.0202719440,-0.0217800381,0.0066975734,-0.0097743803,-0.0171438454,-0.0103227441,-0.0033468978,0.0085131915,0.0034555690,0.0086646134,-0.0132057704,-0.0246819577,0.0045278318,-0.0027407137,-0.0008627706,0.0135735756,0.0285682748,-0.0088364491,-0.0139392534,0.0097243868,0.0084317853,0.0050496152,-0.0128574668,0.0278901933,-0.0004565725,-0.0077892802,-0.0038466181,-0.0232280980,-0.0232643848,-0.0169914401,-0.0004040221,-0.0208687790,0.0207087794,0.0255573995,0.0100137162,-0.0048895816,0.0148764457,-0.0202972712,-0.0281073029,-0.0174196904,0.0045927744,-0.0209251525,-0.0116594943,0.0010826398,-0.0087275666,0.0005051607
458.0000000000,-0.0370303235,0.0009784881,-0.0116255751,0.0115438278,0.0062064374,0.0327668508,-0.0202555901,-0.0019326674,-0.0065792899,0.0065568589,0.0078150180,0.0146911562,-0.0003790636,0.0134569172,-0.0001873326,-0.0138393543,-0.0048728589,-0.0005277728,-0.0253186689,0.0111403421,-0.0110172824,0.0004256218,-0.0245609930,0.0111439305,0.0508863188,-0.0209171759,0.0024050587,-0.0179987042,0.0053535104,0.0029274499,-0.0102682894,-0.0044716193,0.0047791409,0.0199766456,0.0051488568,0.0162724852,-0.0008281970,0.0181327657,-0.0118757127,0.0058604169,-0.0104929362,-0.0082082145,-0.0068630228,-0.0131414726,-0.0184822459,-0.0212460036,-0.0175185757,-0.0029571829,0.0047189108,0.0064246170,-0.0094111620,0.0015501264,0.0131698241,0.0021477049,-0.0209969926,-0.0007367926,-0.0026062275,-0.0116170353,0.0194608982,0.0053643569,-0.0235785581,-0.0110066350,-0.0090087726
459.0000000000,-0.0127057635,-0.0043514003,0.0008056010,0.0103943689,0.0111174785,0.0092319995,-0.0294795818,-0.0082245702,0.0072943959,-0.0094968872,0.0110229084,0.0069600630,0.0017437753,0.0114755278,0.0089538296,-0.0081480863,-0.0279683363,-0.0115397982,-0.0091036871,0.0269351714,-0.0027385960,-0.0029801476,-0.0222607861,0.0240677449,0.0187852294,-0.0060583420,-0.0096115157,-0.0007741640,-0.0011414843,0.0132397513,-0.0193037371,-0.0046830022,-0.0073470729,0.0270189033,0.0038615612,0.0055855248,0.0119701145,0.0103759975,-0.0058487018,-0.0163842843,0.0157021040,-0.0061585502,-0.0114560817,-0.0252428176,-0.0091011436,-0.0101947493,-0.0325567499,-0.0134671262,-0.0118683731,0.0087468019,0.0274568600,0.0150383454,0.0025769182,0.0140883493,-0.0102347882,0.0010038411,-0.0130747344,-0.0302998872,-0.0173283274,0.0184767154,0.0150146780,0.0014655256,0.0087361992
460.0000000000,-0.0212809268,0.0238180809,0.0010677300,0.0233944843,0.0056202984,0.0018677887,-0.0055498371,-0.0021833015,0.0003596971,-0.0138441940,-0.0085413243,-0.0063223677,-0.0024006562,-0.0209422175,0.0030155106,0.0038963167,-0.0006348971,-0.0210386190,-0.0206575625,0.0080601173,0.0171630802,-0.0096402576,-0.0074898886,0.0088891432,0.0119697047,-0.0014461341,0.0343138079,-0.0211990369,-0.0058524957,0.0029949345,-0.0049702477,-0.0122308691,0.0174055631,0.0073627316,0.0097779113,-0.0119322100,0.0324438021,0.0056045725,0.0049824661,-0.0253932162,0.0056131443,0.0238128443,-0.0071687792,-0.0138365465,-0.0088052466,-0.0177931839,-0.0179180134,0.0043829078,0.0030353189,-0.0106108976,0.0202287125,0.0032307933,0.0126452526,0.0164677722,-0.0023646926,0.0026578087,-0.0076484511,-0.0006713531,-0.0084645830,0.0132089519,-0.0222916678,-0.0202788739,-0.0008091434
461.0000000000,-0.0098262544,0.0099467811,0.0006926150,-0.0053599861,0.0008432256,0.0248363976,-0.0007600803,0.0136159490,-0.0051071462,-0.0091716168,0.0109784718,-0.0223549557,-0.0015040800,-0.0076401467,-0.0052837685,-0.0222525560,-0.0183864608,0.0000889653,-0.0184764086,0.0023961493,0.0171105812,-0.0010504856,-0.0175339134,0.0063720219,0.0113783840,-0.0003492617,0.0216045795,-0.0301672409,-0.0086649387,-0.0124478906,-0.0180381104,-0.0082939829,-0.0074151908,0.0344139901,0.0198501113,-0.0196737747,-0.0011283557,0.0151157210,-0.0231941546,0.0021732697,-0.0020169338,-0.0079203059,-0.0173325145,-0.0136917287,-0.0251536073,-0.0199521413,-0.0373965819,0.0164681773,0.0177272988,0.0156739791,0.0079505174,-0.0071407508,0.0267610332,-0.0085821868,-0.0249561177,-0.0048392695,-0.0296551585,-0.0070831291,-0.0146463137,0.0474358566,-0.0045300452,0.0129730113,0.0190804998
462.0000000000,-0.0263287902,0.0182888540,-0.0033325943,-0.0151665064,0.0034596509,-0.0047023632,-0.0180309691,0.0007935832,-0.0089104788,-0.0226746638,0.0074215042,0.0070242097,-0.0157479879,-0.0261037879,-0.0201336726,-0.0332593785,-0.0169348888,-0.0111849688,-0.0049098449,0.0095499576,-0.0065401596,-0.0085392161,-0.0251098561,-0.0009258737,0.0162454672,-0.0255171160,-0.0343650634,-0.0316425108,-0.0221168313,0.0033762149,-0.0123204701,-0.0226739517,0.0133023203,0.0247060119,0.0047198196,-0.0175283407,0.0195166255,0.0210104207,-0.0078124519,0.0189890511,-0.0144098413,-0.0175744917,-0.0106004079,-0.0197928787,-0.0072053839,-0.0179613482,-0.0360647205,0.0000149205,-0.0161783312,-0.0033691476,0.0086763397,0.0071025562,0.0135728871,0.0110678220,-0.0188947375,-0.0101669447,-0.0091545115,-0.0176620143,0.0149777224,0.0040906059,0.0107381125,-0.0077300062,0.0172053686
463.0000000000,-0.0273392921,0.0251004355,0.0129412111,-0.0115605323,-0.0183027124,0.0128275144,-0.0095789775,-0.0012023086,0.0026319263,-0.0082992323,0.0032266166,0.0051880626,0.0075306345,-0.0151072401,0.0046996871,-0.0009083419,-0.0235587076,-0.0148757998,-0.0058467606,0.0003507263,-0.0178325365,0.0259766269,-0.0231353156,0.0045348610,-0.0009067487,-0.0019867832,0.0065098522,-0.0034790227,-0.0087864164,-0.0164521213,0.0110915729,0.0058647516,0.0286094999,0.0128144442,0.0087421588,0.0024422471,0.0053883991,0.0178064967,-0.0069118243,0.0036235272,0.0151153937,-0.0194554046,-0.0096903180,0.0068597136,0.0023141942,-0.0344698477,-0.0260693833,-0.0246774848,-0.0086586643,-0.0019299584,0.0061248335,-0.0048278851,0.0003938554,0.0039542978,-0.0239045819,0.0002887111,-0.0100005411,-0.0119805179,0.0256746127,-0.0159143435,0.0182654150,0.0098487272,-0.0065622516
464.0000000000,-0.0164336976,0.0038864770,-0.0028187821,-0.0052060366,0.0008205366,0.0301041945,-0.0334913135,0.0052300106,-0.0094504464,0.0015435382,-0.0034271364,0.0174922124,-0.0033878138,-0.0152951808,-0.0034892187,-0.0117922252,-0.0024412688,-0.0008853821,-0.0357946596,0.0174458186,0.0100762327,0.0043721546,-0.0199702651,-0.0098141825,0.0270894939,-0.0289889162,0.0076206131,-0.0254412807,-0.0055285147,-0.0016017856,0.0043889489,-0.0022139647,0.0057148085,0.0156119400,0.0046239725,-0.0157623836,0.0187405748,0.0205384723,0.0073228117,-0.0265281542,0.0142073202,-0.0010031274,-0.0212379856,-0.0108305661,-0.0327241242,-0.0192263005,-0.0414210541,-0.0208669763,-0.0230111933,0.0210926728,0.0090587458,-0.0010006670,0.0029365033,0.0094991224,-0.0242745400,0.0090831792,-0.0073137172,0.0018559228,-0.0120449725,0.0127057544,0.0138267289,0.0019214285,0.0279585884
465.0000000000,0.0008801831,0.0219171185,-0.0085238232,0.0030215214,0.0057643818,0.0303935481,0.0013124801,-0.0019526845,-0.0030721903,0.0236311839,0.0082059109,-0.0076029392,-0.0030034158,0.0031541866,-0.0078881722,0.0119727602,-0.0185336844,-0.0404695014,-0.0204680383,0.0181342884,-0.0063069424,0.0063824734,-0.0200442173,0.0193485231,-0.0016393813,0.0136363458,-0.0034622830,0.0128776736,-0.0194324328,-0.0048058829,0.0168525023,0.0013302605,-0.0108200446,0.0113182919,0.0179635132,-0.0081461432,-0.0018267121,0.0294279238,-0.0069056771,-0.0076946995,0.0257622197,-0.0181674468,-0.0155173607,-0.0144687080,-0.0028328901,-0.0150749367,-0.0286571625,0.0145786495,-0.0049375168,0.0086790211,-0.0001606581,-0.0246586220,0.0193119338,0.0057320617,-0.0281158242,0.0132023993,-0.0188797555,-0.0066958741,0.0107972317,0.0061695194,-0.0055821425,-0.0020908305,0.0053462233
466.0000000000,-0.0159308225,-0.0064745687,-0.0197164983,0.0113484902,-0.0005079780,0.0265990388,-0.0291275362,0.0137336389,-0.0055095780,-0.0079657432,0.0029224267,-0.0054219779,0.0016195991,-0.0040129886,-0.0021849464,-0.0213428346,-0.0060858481,-0.0237481408,-0.0308506545,0.0140870111,-0.0031485381,-0.0114558599,-0.0221216500,0.0014570091,0.0183557770,-0.0180735505,0.0125406510,-0.0051683231,-0.0289731862,-0.0196897605,-0.0098525336,-0.0129619733,0.0049814070,0.0260594558,0.0191180540,0.0038011077,0.0204326474,0.0257579210,-0.0147890130,-0.0029994642,0.0108270596,0.0005987695,-0.0091139086,-0.0106884894,-0.0046622713,-0.0380341136,-0.0535942538,-0.0058143139,-0.0050846139,0.0154237716,0.0224875668,-0.0017727133,0.0148557134,-0.0061341807,-0.0343866158,0.0032349657,-0.0108619702,-0.0178181587,-0.0174729617,0.0187407720,-0.0241549028,-0.0065745280,0.0074586506
467.0000000000,-0.0082922868,-0.0071493896,-0.0156278983,0.0011491088,0.0197408919,-0.0066311106,-0.0095432685,0.0091719430,-0.0014726686,0.0040041800,0.0036063563,-0.0012585307,0.0039688708,-0.0047147459,-0.0037416830,-0.0157957006,-0.0058930360,-0.0146573774,-0.0147225422,-0.0148591803,0.0068042502,0.0008258343,-0.0103437958,0.0038397435,-0.0085754432,-0.0075864906,-0.0197924357,-0.0096988298,0.0131057240,0.0067850267,0.0158550576,-0.0013719828,0.0123156693,0.0085398666,0.0129191350,0.0125874332,0.0105645720,0.0083974101,-0.0318332964,0.0181853352,-0.0028760768,0.0076523712,-0.0153165445,-0.0226667449,-0.0112522948,-0.0224438769,-0.0263814463,0.0252084355,-0.0197537119,-0.0055273464,-0.0204191788,-0.0259918594,0.0184452021,-0.0084805084,-0.0019461109,-0.0074636840,-0.0237852758,-0.0072838532,-0.0036526590,0.0083562373,0.0073154495,0.0050239768,-0.0051487004
468.0000000000,-0.0030571056,0.0160612324,-0.0071859391,0.0004686346,0.0076784966,0.0237330934,-0.0267755452,0.0182074485,-0.0208437996,0.0075603523,-0.0003678165,-0.0241252461,-0.0277987716,-0.0298979484,0.0134482323,-0.0056500997,-0.0032460581,0.0043854329,-0.0193752268,0.0078401734,0.0172484701,-0.0044401465,-0.0130639609,0.0184298033,0.0235922302,-0.0055076417,-0.0020227765,-0.0159296855,-0.0002193922,0.0113219545,0.0009349820,-0.0084072532,0.0149913816,0.0098884248,0.0141761076,-0.0020308414,0.0097552082,0.0131365015,-0.0112019677,0.0058271319,-0.0110560253,0.0024273595,-0.0226547564,-0.0207214426,-0.0237292837,-0.0056182794,-0.0147642814,-0.0002881456,-0.0400783360,0.0064636381,0.0229175347,0.0012292131,0.0071601110,-0.0131161620,-0.0268657097,-0.0102556209,0.0078943428,0.0029156893,-0.0090469347,0.0139660846,-0.0107257056,-0.0073824663,0.0167350726
469.0000000000,-0.0093730787,0.0042250724,-0.0080151954,0.0089392962,0.0081670209,0.0142943613,-0.0341388043,0.0060771991,-0.0201059824,0.0059171678,0.0007634465,-0.0096582490,-0.0143326131,0.0121115276,-0.0043246889,-0.0106443726,-0.0169140951,-0.0205172998,-0.0295045288,0.0226260669,-0.0021943893,-0.0105050653,-0.0295360106,0.0062395834,0.0238251094,0.0052818616,0.0206049678,-0.0119843064,-0.0178047854,-0.0092067922,0.0239797863,-0.0113098486,0.0210658635,0.0271506661,0.0171602930,0.0059237931,0.0019073172,0.0039343763,-0.0123543456,-0.0117505868,0.0055331379,-0.0141677753,-0.0294268256,-0.0173549182,-0.0233394655,-0.0252639731,-0.0404955753,0.0000281594,-0.0095931703,0.0079710883,0.0136554819,-0.0058202641,0.0233691422,0.0142200847,-0.0137022791,0.0089024778,-0.0016482608,-0.0188710347,0.0053605624,0.0219913959,0.0029487123,-0.0020205984,0.0369817126
470.0000000000,-0.0080313216,0.0316272991,-0.0071227247,0.0047386964,-0.0072386311,0.0082280129,-0.0073245407,-0.0026277959,-0.0241102680,-0.0070995011,-0.0052831898,0.0102538444,-0.0057677885,-0.0029636104,0.0245479338,-0.0198471340,-0.0117155172,0.0026374173,-0.0185972611,0.0058196158,0.0057908710,-0.0001374687,-0.0222636163,-0.0115171429,0.0106148383,0.0128192594,0.0030107488,-0.0134825433,-0.0050877916,-0.0150639309,0.0144005561,0.0074896555,-0.0092654535,-0.0211845044,-0.0011663511,0.0174202440,-0.0062473619,0.0191723070,0.0137649218,-0.0037060503,0.0257490460,0.0052988378,0.0063066047,-0.0098082446,0.0201725843,-0.0442265999,-0.0379376179,0.0168245936,-0.0054440218,-0.0050172045,0.0101115321,-0.0177019430,0.0043928417,-0.0079016918,-0.0106104695,-0.0073184401,0.0011178602,-0.0051190600,-0.0098564426,-0.0102252528,0.0037975816,0.0039631686,0.0041487148
471.0000000000,-0.0136113361,-0.0033877669,-0.0022623722,-0.0096755123,0.0093423754,0.0080072048,-0.0016114342,0.0076568573,0.0031401794,-0.0173107597,0.0134263100,0.0173305917,-0.0218149843,-0.0042426687,0.0012552679,-0.0216748354,-0.0050916553,-0.0065255722,-0.0188813335,0.0191260710,0.0070540049,-0.0050489151,-0.0081209845,-0.0045350434,-0.0076361782,-0.0071405440,0.0085001428,0.0123409578,-0.0280411921,0.0077571709,-0.0045777422,-0.0144977072,-0.0011547846,0.0173424816,-0.0032965856,0.0032536834,0.0181115740,0.0106480579,0.0036132936,-0.0099079515,-0.0077509400,-0.0108836838,-0.0011996741,-0.0148680507,-0.0215732709,-0.0532195509,-0.0439100742,-0.0023722017,-0.0236047780,0.0122867519,0.0123297038,-0.0011179142,0.0048324393,0.0037950555,-0.0147188631,-0.0059659810,-0.0076744066,-0.0124335312,-0.0059617388,0.0164394102,-0.0052882726,-0.0040846947,0.0022955547
472.0000000000,-0.0124208759,0.0036653965,-0.0101767036,-0.0159924854,0.0006466861,0.0229855865,0.0022736786,0.0072113600,-0.0079056054,0.0041109109,0.0168345258,0.0025723571,-0.0093225732,0.0186913943,0.0150730761,-0.0000427512,0.0068829234,-0.0034131373,-0.0213016072,0.0156382149,-0.0142100987,0.0054335837,-0.0286088042,0.0287675988,0.0136543543,-0.0164507552,-0.0096236521,-0.0129467476,-0.0225459912,-0.0006483489,-0.0230315059,-0.0197332843,0.0118143371,0.0275689040,0.0036835530,-0.0120680818,0.0070540509,0.0156744044,0.0065098481,0.0086490787,0.0165657073,0.0019746790,-0.0054169920,-0.0443609711,0.0176497396,0.0241724508,-0.0006011358,0.0192487708,-0.0083107789,-0.0080399354,0.0038682234,0.0158874012,0.0064375760,0.0061818902,-0.0219591069,-0.0037025967,-0.0056217716,-0.0075847294,0.0154310218,0.0129871290,-0.0121946834,0.0038597725,0.0262967831
473.0000000000,-0.0171319393,0.0062228089,0.0065028307,0.0040776610,0.0181755727,0.0065837841,-0.0232336241,0.0108027680,-0.0169177211,0.0195283618,-0.0124551820,-0.0026498434,-0.0265845378,-0.0087282119,-0.0029406398,-0.0204753415,-0.0058028943,0.0106749573,-0.0416885315,0.0280634066,-0.0170980578,-0.0167526005,-0.0200420275,0.0089073974,0.0252602884,-0.0201434944,0.0161283419,-0.0212792902,-0.0243059417,-0.0010875035,-0.0040341049,-0.0405580588,-0.0103584506,0.0132972602,0.0157967892,0.0080854595,-0.0133499444,0.0185061921,0.0165154418,-0.0062973382,0.0081961801,0.0144442499,-0.0251975050,0.0067408699,-0.0195905401,-0.0131571216,-0.0194276903,0.0201745845,-0.0289590872,0.0121646630,0.0333996650,-0.0044164976,-0.0004925446,0.0104323854,-0.0395055977,0.0039995077,0.0114525041,0.0063050888,0.0077719600,-0.0057956297,-0.0015976604,0.0119380857,0.0019662195
474.0000000000,-0.0128924336,-0.0036690144,-0.0125738737,-0.0149630669,0.0075747737,0.0219674632,-0.0250998907,-0.0072606511,-0.0059272724,-0.0079102934,-0.0021137317,0.0036270523,0.0133097310,-0.0213163544,-0.0021679236,0.0077154847,0.0049654070,-0.0062700753,-0.0277144979,0.0078361377,-0.0008797138,-0.0079880082,-0.0218669199,0.0069402773,0.0071691950,-0.0087837770,0.0104463013,0.0122323520,-0.0101981233,-0.0088116530,0.0168184739,-0.0025832897,0.0399556365,0.0209131345,0.0149112732,-0.0072670858,-0.0297669058,0.0360418701,-0.0214625928,0.0120265008,-0.0008006532,0.0066542720,-0.0175914637,0.0070232839,-0.0016821366,-0.0254388598,-0.0346151509,-0.0135728769,-0.0248690359,-0.0338955687,-0.0001063865,-0.0135128351,-0.0002710766,-0.0127316091,-0.0146889872,0.0041072733,0.0000227778,-0.0103783184,0.0049737221,0.0305560535,-0.0171581280,0.0007158186,0.0166181198
475.0000000000,0.0061218431,0.0144847143,-0.0042872195,0.0271715195,0.0104133038,0.0108836732,0.0066790152,0.0114350409,-0.0094938202,0.0070852737,-0.0039278019,-0.0262487960,-0.0031028325,-0.0175366874,-0.0141536967,-0.0091875718,0.0114455110,-0.0134973733,0.0056131488,0.0183401478,-0.0011393325,0.0058552420,-0.0095034976,0.0055119040,0.0032789004,0.0178432159,-0.0064443621,-0.0256363213,-0.0462523970,-0.0009326174,-0.0005959831,-0.0029971152,0.0177958194,0.0130110586,0.0127112144,0.0021397840,0.0122244761,0.0060153757,-0.0145130784,-0.0052802214,0.0177408694,0.0112728031,-0.0125256794,0.0119749358,0.0147628901,-0.0152734295,-0.0384743719,0.0080955008,-0.0179586826,-0.0023774286,-0.0077404675,0.0103438400,0.0020269070,0.0004640589,-0.0097079732,0.0182289726,-0.0123147417,0.0013467980,0.0003992630,0.0205867258,-0.0047450806,0.0148208825,0.0152714157
476.0000000000,-0.0045558295,0.0019791656,-0.0213945307,-0.0170133700,0.0190779333,-0.0003830976,-0.0099629179,0.0029414771,-0.0020338284,0.0096723958,-0.0052456122,0.0044423673,-0.0378864381,-0.0164419032,-0.0011228401,-0.0057101355,-0.0088407305,-0.0106979427,0.0154475147,-0.0007545960,0.0072199722,-0.0033101938,-0.0078190244,-0.0048060405,0.0027597262,-0.0002952587,0.0135804017,0.0223655756,0.0019069591,0.0002146998,0.0036069943,-0.0006564080,0.0247672932,0.0245375379,-0.0109249765,-0.0130581208,0.0125350162,0.0069954620,0.0039328259,0.0088808823,-0.0088157903,-0.0178207531,-0.0225603125,0.0018308616,0.0041703746,0.0275455699,0.0035542771,0.0021675288,0.0005314887,-0.0095738633,0.0099206980,0.0188876746,-0.0171938715,0.0143961803,-0.0049217973,0.0121126912,-0.0056104787,-0.0178512721,-0.0012396182,0.0094144531,-0.0031130828,0.0004254000,0.0266036928
477.0000000000,0.0046853714,-0.0037623196,-0.0120382971,-0.0106332806,-0.0002176873,0.0233154927,-0.0039739042,-0.0186589767,0.0034443833,0.0093286566,0.0052669818,0.0113320011,-0.0004968392,-0.0121631909,-0.0064983953,-0.0263665281,-0.0124703503,0.0095158346,-0.0068109259,0.0029094934,0.0022509782,0.0090001742,-0.0067304816,0.0147511665,0.0165275371,-0.0169335708,0.0029567885,-0.0118148304,-0.0093901945,-0.0131958432,0.0247120611,-0.0096550619,-0.0037500601,0.0050348240,-0.0000045836,-0.0103655352,0.0057732911,0.0286637700,0.0100427724,0.0041304064,0.0111867969,-0.0184194106,-0.0099805551,0.0019530822,0.0132411703,-0.0101763358,-0.0227395245,-0.0140530230,-0.0058701136,0.0195830655,0.0035714944,0.0207162759,-0.0055463255,0.0096273778,-0.0109926519,-0.0088741168,-0.0208275922,0.0021608364,0.0005739667,0.0041986384,-0.0031647456,0.0104804109,0.0067138951
478.0000000000,-0.0032090494,-0.0152942442,-0.0221130072,0.0064166075,-0.0014822593,-0.0155132388,0.0137267793,-0.0208130461,0.0011256878,0.0167486211,0.0272300103,-0.0110062903,-0.0096147564,0.0032940204,0.0233317827,0.0152134236,0.0042626492,0.0006897743,0.0031296940,0.0025579980,0.0118482415,-0.0005871363,0.0006033589,-0.0049516937,0.0041279557,0.0216326453,0.0064451369,-0.0038028091,-0.0082677382,0.0000314690,0.0165445189,0.0050135286,0.0188673323,0.0060406484,0.0015346312,-0.0027451634,-0.0124876754,-0.0057032743,-0.0106860599,0.0165386361,-0.0037660761,-0.0010915153,-0.0225888781,-0.0068297203,-0.0060162346,0.0096851505,-0.0019534026,0.0007280268,0.0139653668,-0.0091135735,-0.0036668071,-0.0089413910,0.0065081953,0.0135564479,-0.0273451308,-0.0003819547,0.0119185895,-0.0121898531,0.0216068363,0.0115272622,0.0098974322,-0.0019896516,-0.0150660989
479.0000000000,-0.0177207902,-0.0139552332,-0.0133163163,0.0138458820,-0.0095289572,0.0100775934,-0.0089850741,0.0009428236,-0.0013974586,-0.0221302278,0.0021420643,-0.0049114537,0.0108061481,-0.0159980030,0.0169101087,0.0039499532,0.0291259046,0.0157936479,-0.0191345928,0.0112551635,0.0065295764,-0.0008569251,0.0015384562,0.0200989918,0.0024576797,-0.0194297716,0.0022829182,-0.0099645683,-0.0143824628,0.0068046335,-0.0024694994,-0.0198541577,0.0027571072,0.0151754209,0.0046436124,-0.0168804473,0.0108855888,0.0084679947,0.0012973143,0.0087699050,0.0159047740,0.0100601922,-0.0072923435,-0.0030689309,0.0009946419,-0.0050227414,-0.0304316540,0.0039754314,-0.0277615444,0.0297118767,0.0203103763,-0.0026325953,0.0037478129,-0.0095550728,-0.0227715104,-0.0005762766,0.0003001539,0.0054799657,-0.0044139595,0.0136723733,-0.0113439901,0.0036713870,0.0065860521
480.0000000000,-0.0076499714,0.0092997483,-0.0154104232,-0.0116376641,0.0000885644,0.0186303379,0.0060696048,-0.0057904436,-0.0260782063,-0.0003182327,0.0182328774,-0.0083899138,0.0099970708,-0.0044839624,-0.0039557572,-0.0027077877,-0.0000984243,-0.0122801895,-0.0213637976,0.0053099411,0.0062960369,-0.0103552350,-0.0251911796,0.0055083413,0.0184096022,-0.0060559824,0.0170205124,0.0049223152,-0.0009205389,0.0081606475,-0.0047385025,0.0021653839,0.0387912294,0.0263124453,0.0105386472,-0.0218477633,0.0026057292,0.0304506524,-0.0221103998,-0.0291026625,0.0058528506,-0.0219401948,-0.0374023632,-0.0028755383,-0.0196061309,-0.0177713299,-0.0192107500,-0.0113009206,-0.0263687617,0.0025032001,0.0058670429,-0.0019468506,-0.0058173649,0.0097730487,-0.0263332395,-0.0052002546,-0.0008770408,-0.0306952059,-0.0196729012,0.0065651525,0.0242679765,0.0052041307,0.0046081882
481.0000000000,-0.0247617809,0.0065770494,-0.0296658499,-0.0102923684,-0.0106342310,0.0060492868,-0.0014445312,-0.0161936105,0.0145714209,0.0219944062,-0.0000131769,0.0042694640,-0.0278365869,-0.0069044458,0.0083259192,-0.0253746014,-0.0198547859,-0.0198391561,-0.0239738823,0.0053231853,-0.0145625882,0.0008954197,-0.0166418097,-0.0097406145,0.0008241878,-0.0110169108,0.0040165617,-0.0100482004,-0.0332665980,0.0371202165,0.0170264838,-0.0093046534,0.0205186947,0.0074062160,0.0156201611,0.0131230377,-0.0060980577,0.0158774453,-0.0007518689,0.0102589180,0.0174348813,0.0076486421,-0.0061786801,-0.0029342644,-0.0068260357,-0.0116625597,-0.0539237073,0.0072945599,-0.0096241412,-0.0020355844,0.0105799360,-0.0193226451,0.0006848125,0.0082237749,-0.0164728964,0.0063741849,-0.0165427312,-0.0216394437,-0.0027394522,0.0081817113,-0.0023106250,-0.0047794877,0.0072813492
482.0000000000,-0.0179787380,0.0158263753,-0.0068334302,0.0202235613,0.0016782715,0.0401935049,0.0016578879,0.0045700693,-0.0107114530,-0.0086122172,-0.0072907017,-0.0083524082,0.0008918321,-0.0083613700,0.0168461103,0.0136089551,0.0059212810,0.0064770669,-0.0191302497,0.0169793911,0.0116965527,0.0070814110,-0.0131227451,0.0098442569,0.0040715190,-0.0238467268,0.0118833078,-0.0082665092,-0.0236004297,-0.0140537170,-0.0041625230,-0.0067442280,-0.0047747963,-0.0035543115,-0.0078482971,0.0015250480,0.0087101465,0.0123853131,0.0022942269,-0.0116468590,-0.0163720717,0.0044342128,-0.0141986052,0.0020648343,-0.0039398898,-0.0208663866,-0.0308583799,0.0045014609,-0.0309451424,0.0201042127,0.0099036304,-0.0048704124,-0.0023015344,0.0229457441,-0.0142995453,-0.0018386425,0.0044142558,-0.0193607195,-0.0070366578,0.0140046432,-0.0148346238,0.0023026245,0.0086981611
483.0000000000,-0.0014126934,0.0174363717,-0.0085193595,-0.0098141988,0.0176007550,0.0031723314,0.0093065330,0.0004914445,-0.0182044529,0.0163132791,-0.0009938911,0.0069437519,0.0078229926,-0.0250696657,0.0046756344,-0.0008000352,-0.0082690910,0.0077292828,-0.0284221331,0.0125791420,-0.0115061335,0.0170890226,-0.0077746429,-0.0065414834,-0.0050654559,0.0004861364,-0.0080460811,-0.0099061284,-0.0232473554,-0.0028217170,-0.0088191899,-0.0065702034,-0.0075453603,0.0136036808,-0.0063833672,0.0019346241,0.0049127399,0.0193076753,-0.0026854553,-0.0214178332,-0.0025597525,-0.0196517641,-0.0033061388,0.0009609540,-0.0189590598,-0.0031764017,-0.0237766363,0.0130998556,-0.0380595498,0.0221169390,-0.0115587894,0.0062221586,-0.0141504959,0.0048756367,-0.0116884951,0.0033838187,0.0130632812,0.0246956086,-0.0162006971,0.0034612543,0.0190308810,0.0071138749,0.0104254285
484.0000000000,-0.0272059400,0.0054726314,0.0131650873,-0.0099421398,-0.0025900662,0.0280131071,-0.0176235756,0.0020827958,0.0060863315,-0.0060076273,0.0002068947,-0.0230785609,-0.0050183151,-0.0259079672,-0.0051413655,-0.0236716411,-0.0123080906,-0.0022028075,-0.0151352486,0.0248895161,0.0097335443,0.0012435415,0.0044210806,0.0064190848,0.0055908253,-0.0057045428,0.0080267415,-0.0053178993,-0.0257407224,0.0147478314,0.0077022487,-0.0122546022,0.0177124083,0.0203126445,-0.0038991153,-0.0204846064,-0.0149794524,0.0349856923,-0.0004374305,0.0017898278,0.0233793799,0.0064812820,-0.0167821248,0.0156780122,-0.0157293993,-0.0113882549,-0.0205683821,0.0046696085,-0.0111334167,-0.0090909607,0.0047426231,-0.0122783424,0.0178125727,-0.0069482472,-0.0000338984,-0.0102339224,-0.0144833965,0.0178355867,-0.0101561142,0.0274429386,0.0045891282,-0.0090706984,-0.0028784525
485.0000000000,-0.0039625874,-0.0042549976,-0.0037958764,0.0022840771,-0.0023796034,0.0131350325,-0.0025831852,0.0042319516,-0.0008587948,-0.0065433330,0.0038939567,-0.0051185930,0.0150347405,-0.0225050276,0.0097778505,-0.0254182646,-0.0051131543,-0.0057324854,-0.0167556078,0.0151127287,-0.0093951816,0.0048280009,-0.0112213476,-0.0146094973,0.0228508736,-0.0052389647,0.0033369823,0.0017863267,-0.0163606865,0.0105499368,0.0050421089,-0.0192856607,0.0225885184,0.0110572622,0.0155775202,-0.0012326943,-0.0007896951,0.0136434905,-0.0244353328,0.0126593133,0.0118628019,-0.0030069026,-0.0186490532,0.0045287632,-0.0039305094,-0.0448047967,-0.0114347293,-0.0005151581,0.0005919090,0.0019179264,-0.0144121721,0.0017058473,-0.0171131796,0.0202328373,-0.0159275362,-0.0010499417,0.0019348230,-0.0132427241,-0.0257325996,0.0003648067,-0.0018394464,-0.0230848187,0.0090589506
486.0000000000,0.0008297642,-0.0028805140,-0.0088355631,0.0153391686,-0.0212143425,0.0037081111,-0.0235757188,0.0101088932,0.0072798618,0.0016124121,0.0087743658,-0.0094075800,-0.0080678926,-0.0389756518,0.0110981350,0.0048171545,-0.0012540502,-0.0074142244,-0.0073149187,-0.0027540013,-0.0222542393,-0.0023885724,-0.0051485412,-0.0072377482,-0.0126254162,-0.0318979215,0.0076825489,-0.0008754232,-0.0105899519,-0.0018258938,0.0048226069,-0.0116973107,0.0196279715,-0.0119383821,0.0016175179,-0.0029090234,-0.0229738216,0.0168351711,-0.0062185772,-0.0139646333,0.0131667770,-0.0154318404,-0.0096863825,0.0012716042,0.0157115319,-0.0099532414,-0.0321189415,-0.0176706175,-0.0206348604,0.0060033999,0.0206860361,-0.0089072660,-0.0062270676,0.0004013503,-0.0183341776,-0.0006032989,-0.0148980967,-0.0149753476,-0.0071613700,0.0304609304,0.0119463719,0.0084833830,0.0201268260
487.0000000000,-0.0288784966,0.0001087013,-0.0132238133,0.0043971497,0.0016579058,0.0115128440,-0.0018039014,0.0016576667,-0.0221474742,-0.0214019802,0.0152616988,-0.0025332447,0.0166890422,-0.0055550732,0.0025415796,-0.0301654047,-0.0166411693,-0.0054170642,-0.0277930930,0.0206580730,0.0165434350,0.0038003492,0.0024646721,-0.0003098744,0.0134031610,-0.0101400277,0.0112536741,-0.0168659656,-0.0045432535,-0.0057180196,-0.0035075470,-0.0026112240,0.0266780785,0.0393034663,-0.0063708390,0.0128816632,0.0122128020,0.0222300837,-0.0104712015,0.0003560290,-0.0075825406,-0.0053366859,-0.0272733435,-0.0143110677,-0.0090326857,-0.0297880476,-0.0367724244,0.0262297813,-0.0232432705,0.0104736216,0.0338677020,0.0102149686,-0.0001088710,0.0216211189,-0.0163975158,0.0138596934,-0.0190511580,-0.0074046742,-0.0417238257,0.0302004085,-0.0041115582,0.0033051817,0.0017605781
488.0000000000,-0.0301168815,0.0172419132,-0.0062784930,0.0213663969,0.0188475566,0.0350343097,-0.0373390200,-0.0139106649,-0.0203934203,0.0125860171,-0.0152204999,0.0054430148,-0.0045340034,-0.0104340507,0.0026474232,-0.0194378844,-0.0118476390,-0.0017027915,-0.0241442498,0.0165287506,0.0049302781,0.0182349080,-0.0220931650,0.0132917619,-0.0009212548,-0.0015179332,0.0335194335,-0.0052448542,-0.0100449362,0.0022830672,0.0046531126,0.0078468687,0.0136121689,0.0126458441,0.0117472625,0.0241562513,-0.0048148009,0.0167105301,-0.0014036730,-0.0158313629,0.0077228677,0.0040439290,-0.0192201423,0.0112581966,-0.0057141521,-0.0211946127,0.0019659729,0.0118090067,0.0002820116,0.0170053295,-0.0003539815,-0.0052878871,0.0136111893,0.0174686440,-0.0341004434,0.0134128103,-0.0197711405,0.0103746130,-0.0111767952,0.0264763154,0.0002558226,-0.0131156557,0.0163086381
489.0000000000,-0.0000989329,-0.0003691330,0.0072761575,-0.0098492962,0.0124987267,0.0257914882,-0.0291959155,-0.0062399861,-0.0004103508,0.0009234603,-0.0065382699,-0.0211285154,-0.0099738125,0.0171665939,0.0054397715,0.0038100118,-0.0060395642,0.0035529467,-0.0446970619,-0.0051597906,-0.0084094008,0.0018030045,-0.0431705962,0.0068264043,-0.0092004329,0.0075189640,-0.0237670228,-0.0300174325,-0.0091511418,0.0058045818,0.0174625883,0.0117585203,0.0202819559,0.0124967634,0.0102831511,-0.0174858138,-0.0317598650,0.0114452698,-0.0171393513,-0.0131336073,0.0155147102,0.0127069042,-0.0166432155,-0.0018287852,0.0083511605,0.0049642862,-0.0333509476,-0.0108116403,-0.0111213459,0.0346539502,0.0065963914,-0.0155387797,0.0171170250,-0.0039035976,-0.0142824748,0.0076659810,-0.0189487405,-0.0015675308,-0.0084954649,0.0259965403,-0.0442537679,0.0004732538,0.0146778512
490.0000000000,-0.0118177369,0.0007951844,-0.0101283521,-0.0025029268,-0.0194738173,0.0032044806,-0.0019744479,0.0116088670,0.0230785862,-0.0172997549,-0.0003931717,0.0043843415,-0.0236870221,-0.0308072537,-0.0007174144,-0.0063636940,0.0002475499,-0.0257613834,-0.0227306463,0.0200520693,0.0005923922,0.0072971571,-0.0085622469,0.0106531342,0.0174524068,-0.0130551967,0.0050354208,-0.0126598831,-0.0164618959,-0.0065850047,-0.0001800202,-0.0295739696,0.0083290559,-0.0133919711,0.0074007567,-0.0013781967,-0.0106608821,0.0288055711,-0.0057939401,0.0144004066,0.0076117130,-0.0104118901,-0.0305069148,-0.0145759482,-0.0138442252,-0.0088056259,-0.0144420509,0.0201338838,-0.0241333957,-0.0097682963,0.0015466427,-0.0103485367,0.0154469021,0.0184063156,-0.0318028398,0.0090216333,-0.0088988178,-0.0040839277,0.0017871412,-0.0072742087,-0.0134623104,0.0060813767,0.0082181007
491.0000000000,-0.0263427736,0.0001831204,0.0068233990,-0.0000052312,0.0087238386,0.0277027459,-0.0053523683,-0.0005808056,-0.0091951323,-0.0308145051,-0.0478032465,-0.0148142326,0.0032008526,-0.0330156472,0.0010251776,-0.0151519646,-0.0077734173,-0.0090401547,-0.0418707006,0.0266678788,-0.0034513053,-0.0044643896,-0.0178818822,-0.0129824890,0.0194753853,-0.0101286415,0.0111716714,-0.0105566021,0.0013376143,-0.0224694405,0.0206760938,-0.0077365337,-0.0034464842,0.0347280007,-0.0014460053,-0.0170381297,0.0136231224,0.0296352053,-0.0188656274,-0.0036208815,0.0216869933,0.0140818911,-0.0031149142,-0.0120200166,0.0012424133,-0.0189738456,-0.0202002335,-0.0138143694,-0.0196254181,-0.0119672275,0.0231071453,-0.0144906454,0.0094700354,0.0022945393,-0.0314172620,-0.0027437498,-0.0071143220,-0.0008308973,-0.0114377741,0.0006566347,-0.0054875135,0.0040417149,0.0031875742
492.0000000000,-0.0208931874,-0.0095453708,-0.0306840825,0.0082635014,0.0122999346,-0.0170522609,-0.0064390240,0.0082045620,0.0092014917,0.0186360921,-0.0235402321,0.0247954288,-0.0057603517,-0.0029484391,-0.0114705930,-0.0146395478,0.0032497533,-0.0144365845,0.0120984521,-0.0046785545,-0.0248277320,0.0160098867,-0.0016755658,-0.0177400464,0.0039065471,-0.0134431747,0.0033043947,-0.0010673599,-0.0138346790,0.0124044079,-0.0017764512,0.0221596423,0.0110863806,-0.0091857543,0.0206623554,-0.0045927997,0.0014401504,-0.0135698071,-0.0096238762,-0.0107346575,-0.0079826533,-0.0116571588,-0.0265556730,0.0018329671,0.0066094087,-0.0130482718,0.0106779424,0.0034312163,-0.0103409613,0.0026008328,-0.0046914749,-0.0040779916,-0.0077963051,0.0080138509,-0.0019239086,0.0067319483,-0.0203281572,0.0114255345,-0.0012457645,0.0229601161,-0.0059964827,0.0009600612,0.0112826768
493.0000000000,0.0022270467,0.0127099154,-0.0054412378,0.0068097708,-0.0109860394,0.0341310537,-0.0145587214,0.0055756141,-0.0031215020,0.0028560382,0.0158256421,0.0024708961,0.0118147986,-0.0025161633,-0.0089996817,-0.0158921406,-0.0100344022,0.0082116802,-0.0169911404,0.0293658709,0.0104523024,0.0250415859,-0.0270570297,0.0053730686,0.0206174225,-0.0014043821,0.0161337908,0.0092806511,-0.0132908840,0.0037641558,0.0152866703,0.0110553504,-0.0108777503,0.0148806095,0.0001944419,0.0001597137,-0.0103785429,0.0154762614,0.0083195671,0.0196406400,0.0153663935,-0.0015742628,-0.0074230960,-0.0097290936,-0.0155151985,-0.0274714834,-0.0155941024,0.0186310739,-0.0171080468,-0.0072347551,0.0186798189,0.0105857110,0.0017795361,0.0072592568,-0.0313156857,0.0143439261,-0.0197308326,-0.0233480306,-0.0098562687,0.0049606441,0.0001907940,0.0097010924,0.0097444473
494.0000000000,-0.0120239230,0.0092889871,-0.0087023555,0.0021041063,0.0144387424,-0.0039004598,-0.0118908542,-0.0072978415,-0.0031192426,0.0028702685,-0.0041850197,0.0197854612,-0.0047832956,-0.0253090753,-0.0012893766,0.0160132895,-0.0077244217,0.0075742045,-0.0212506166,-0.0104664634,0.0013511761,-0.0010709979,-0.0137802186,-0.0127465991,0.0021629177,-0.0008911542,-0.0036504859,-0.0004177279,0.0203196735,0.0045029976,0.0235187635,-0.0016536145,-0.0058921083,0.0106799086,-0.0018670226,-0.0076940375,-0.0097098476,0.0131767908,-0.0089158541,0.0074991944,-0.0033753022,0.0164599459,-0.0178981884,-0.0031559026,-0.0020285371,-0.0194911954,-0.0184705138,-0.0118120878,-0.0238136576,-0.0050519690,-0.0022949667,-0.0074386726,0.0139364180,-0.0078726406,-0.0176180881,-0.0081481395,0.0039769892,0.0112878947,-0.0162030571,0.0123021777,-0.0099252181,-0.0127235299,0.0058571588
495.0000000000,-0.0110992339,0.0106379213,0.0044984425,0.0029940394,0.0241471511,0.0012356932,-0.0206073252,0.0058079928,0.0093284377,-0.0187459766,-0.0113479091,-0.0086494603,-0.0088488872,0.0053125985,0.0006366341,0.0088292189,-0.0100381838,-0.0014176698,-0.0251845179,-0.0082101858,0.0053670576,0.0057095467,0.0016686591,0.0330210626,0.0060413024,-0.0249793635,0.0070293592,-0.0090652066,0.0044759475,-0.0201392522,0.0018849427,-0.0075176519,0.0140459319,0.0110998961,0.0103739758,0.0116883096,0.0051802186,0.0260109453,-0.0001324731,-0.0097974690,0.0188976405,-0.0054286496,-0.0177017196,-0.0090129272,0.0202084495,-0.0105546500,-0.0259575346,-0.0006819247,0.0017533159,0.0236528402,0.0040387186,-0.0241475375,-0.0031196984,0.0024182036,-0.0064494059,0.0100360112,0.0098683372,-0.0030106195,0.0010589524,-0.0039728148,-0.0016175992,0.0030942261,0.0102018286
496.0000000000,-0.0111569456,0.0226640301,-0.0159308745,-0.0000809554,0.0315827281,0.0358965214,-0.0131716074,-0.0072804465,0.0007044543,0.0060839607,0.0112253421,0.0059648222,-0.0283153296,-0.0237363235,-0.0127237564,-0.0133181153,-0.0130595889,0.0008559824,-0.0231886680,0.0004151274,0.0047197897,0.0105078206,-0.0201167491,-0.0111764736,0.0120527125,-0.0187258550,0.0013602427,-0.0192490818,0.0019617995,-0.0108716167,-0.0068693299,0.0196110446,-0.0067375574,0.0020416605,0.0072312430,0.0075382747,-0.0118639808,0.0003243244,-0.0050395303,-0.0063060559,0.0013932427,0.0141248911,-0.0112373625,0.0065009602,0.0178855065,-0.0236503810,-0.0239962385,-0.0206448101,-0.0246792955,-0.0200765588,0.0052554263,-0.0183976367,-0.0003340846,0.0164945422,-0.0259395779,0.0091852633,-0.0074155920,-0.0070519107,-0.0011950186,0.0265385548,0.0024957274,-0.0187256846,-0.0047800910
497.0000000000,-0.0104112733,0.0220130595,-0.0114335482,0.0145701179,0.0021458606,0.0195806105,-0.0101943840,0.0236740091,-0.0053650371,0.0035369759,-0.0214638017,0.0024034014,0.0099220868,0.0094757961,-0.0073019817,-0.0294690898,-0.0038430168,0.0022940266,-0.0134365381,0.0099192005,-0.0085815683,-0.0148596619,-0.0197965975,0.0187386946,0.0168472854,-0.0243041192,0.0120280455,-0.0178519786,-0.0305243759,0.0047980301,-0.0074046282,-0.0079392238,-0.0097173760,0.0208159510,0.0172452079,0.0075609721,-0.0137207974,0.0170646728,0.0029874043,-0.0095901083,0.0053232444,0.0040696499,-0.0176920798,-0.0082878202,-0.0035448198,-0.0080259050,-0.0562224043,-0.0146437871,-0.0441179657,-0.0040236964,-0.0040535185,-0.0125595141,0.0019923279,-0.0125408959,-0.0247989603,0.0227062464,-0.0056659586,-0.0198380345,-0.0113070289,0.0000069335,-0.0158245303,0.0090425559,0.0156760410
498.0000000000,-0.0148400179,0.0263851175,0.0090914924,-0.0129183470,0.0171519525,0.0233397884,-0.0181048122,0.0233261598,-0.0154349643,0.0145034903,0.0165578296,0.0099058776,-0.0183620855,0.0044395810,-0.0228257675,-0.0216242198,-0.0098663948,0.0033057907,-0.0153063035,0.0152575927,-0.0060691209,0.0249828563,-0.0313358213,0.0045897262,0.0282040270,-0.0015662362,0.0133127474,-0.0056511309,-0.0014980023,-0.0031266286,-0.0032193246,0.0067985573,0.0111090710,0.0185525992,0.0145842410,0.0014913030,0.0005427509,0.0153522748,-0.0229682608,-0.0181225703,-0.0071616099,0.0029892995,-0.0313421809,-0.0192918849,0.0097162956,-0.0123297922,-0.0214076536,0.0061831739,-0.0195268333,0.0181468363,0.0213877494,0.0039347486,0.0154584080,0.0215821680,-0.0062499216,-0.0193999030,-0.0189430365,-0.0214884703,0.0032478397,-0.0161891166,-0.0002947141,0.0125173199,0.0202172123
499.0000000000,-0.0138111571,0.0075230182,0.0004471504,0.0218129932,-0.0132630118,0.0077906431,-0.0136528406,-0.0000670767,-0.0012570399,0.0091797013,0.0337718768,0.0044572001,-0.0266448597,-0.0099346790,-0.0142665620,0.0029045576,-0.0082887905,-0.0054072091,-0.0093064633,0.0099560375,-0.0109898677,0.0215625834,-0.0088914909,-0.0119616642,-0.0097850935,-0.0027244169,-0.0180461031,0.0032464218,0.0179259738,0.0079514547,-0.0048507157,-0.0053532885,0.0016312992,0.0037231132,0.0036682647,-0.0160289544,0.0041291929,0.0273543674,-0.0227006884,0.0003248566,0.0022662093,-0.0007071123,-0.0014319222,-0.0142702286,0.0195551755,-0.0001454277,-0.0140144788,-0.0205664360,-0.0207808478,-0.0005368805,0.0083416702,-0.0235161812,0.0192142587,0.0203507060,-0.0072091713,-0.0075600285,0.0255495291,0.0009090476,0.0110609940,-0.0081065129,0.0227540981,0.0016719540,0.0144964580
500.0000000000,-0.0144562157,0.0122061196,-0.0010433899,0.0137669635,0.0221135578,0.0101142418,0.0073178481,0.0108284883,0.0123532199,0.0247684176,0.0115762555,-0.0042357847,-0.0153141043,-0.0171839493,0.0028385600,-0.0222516025,-0.0122967287,-0.0109740387,-0.0119083700,0.0136075844,0.0048558666,-0.0200192968,-0.0309601838,-0.0222750967,0.0031887231,-0.0209493971,-0.0001425378,0.0018681552,-0.0150616111,-0.0203199713,-0.0019044205,-0.0045091578,0.0167013308,-0.0160226579,0.0243435087,-0.0002710930,-0.0098911659,0.0221252371,-0.0020344743,-0.0160432730,0.0171929172,0.0024181987,-0.0193777216,0.0126677446,-0.0031983574,-0.0152325702,-0.0233900202,0.0020767013,-0.0258300243,0.0133801814,0.0094494306,0.0038873452,-0.0013016162,-0.0028079039,-0.0192585867,-0.0167193931,-0.0067532679,-0.0068819602,0.0017443778,0.0073329715,0.0045547847,-0.0116413291,0.0269158296
