1.0000000000,0.0037042454,-0.0203206378,-0.0107878607,-0.0120478470,-0.0070753879,0.0045790296,0.0261451626,0.0139929815,-0.0057737001,-0.0028246722,0.0103099793,0.0073548907,-0.0023964219,-0.0207737784,-0.0099441067,-0.0111798279,0.0135675218,-0.0145627101,0.0214504804,0.0097647638,-0.0340760491,-0.0100020532,0.0108426236,-0.0015423024,0.0177296186,0.0018732895,-0.0059581435,-0.0084707404,0.0047132496,0.0077387157,0.0209237115,-0.0009599446,0.0007945128,0.0462190697,0.0077270753,-0.0095914935,-0.0255760633,-0.0115933770,0.0108793879,0.0145304594,0.0105026363,-0.0109065494,-0.0205556538,-0.0226736896,-0.0199930251,-0.0103373685,-0.0132000604,0.0074047878,0.0032728055,-0.0041055967,-0.0161719673,-0.0300788046,-0.0026560305,0.0164541704,0.0361495453,0.0085538016,-0.0071820320,0.0219359272,-0.0107432035,0.0098370081,-0.0164523905,-0.0207206575,-0.0072151265
2.0000000000,-0.0101763243,-0.0229676518,-0.0221876143,-0.0215691319,-0.0255280282,-0.0000102748,0.0221004983,-0.0003371257,0.0029200716,-0.0327843481,0.0000780328,0.0183043391,0.0078488685,-0.0082044731,-0.0138960989,-0.0148751368,0.0164543873,-0.0155799554,0.0057467837,-0.0201605764,0.0056444735,-0.0009480015,0.0146480207,-0.0086516914,0.0173654641,0.0009618270,0.0014891538,-0.0081066002,-0.0125994284,0.0101082461,0.0235523865,-0.0055551169,0.0306504757,0.0148239904,0.0122811047,0.0293930017,-0.0100408519,-0.0316000001,-0.0325308781,0.0049188083,-0.0189984529,0.0027025086,-0.0278070252,0.0057276762,0.0017186772,-0.0321569373,0.0061827695,-0.0030312681,-0.0353004029,0.0008396309,-0.0003567682,-0.0224268934,-0.0199373409,0.0232458363,-0.0051753611,0.0152829124,0.0387714277,0.0220810729,-0.0043079423,0.0064547327,-0.0191490842,0.0246849028,0.0018179809
3.0000000000,-0.0103539802,0.0022938560,-0.0113995799,0.0068899504,-0.0138395952,0.0162031615,-0.0043475328,-0.0007443931,-0.0006288501,0.0165511975,-0.0039497485,0.0054840146,-0.0194593669,-0.0241075166,-0.0234143429,0.0041596404,-0.0027859288,-0.0118751622,0.0169453515,0.0133859859,-0.0108399351,-0.0091472320,0.0008173479,0.0115929131,0.0016733390,-0.0200242242,-0.0205156293,0.0070081295,-0.0038695059,-0.0125103575,0.0208798665,0.0079199335,-0.0036833755,0.0162253491,-0.0008431248,0.0092307474,-0.0032443274,-0.0025284138,0.0059617161,0.0116198108,-0.0047371998,0.0174409197,-0.0174574304,-0.0157274871,-0.0176934515,0.0048303250,-0.0038536109,-0.0264292949,-0.0072188178,-0.0100661051,-0.0332734718,-0.0050842241,-0.0128548717,0.0060684282,0.0176390250,0.0127310809,0.0121016696,0.0126803709,0.0112106136,-0.0166524037,-0.0092528748,-0.0028364995,-0.0188945462
4.0000000000,-0.0128236182,-0.0334531930,-0.0055949449,-0.0299309491,-0.0021983903,-0.0196420396,0.0299390520,0.0120460994,-0.0105011291,0.0033015046,0.0186954098,0.0050255384,0.0129211853,-0.0161777763,-0.0101921847,-0.0134457281,0.0076777308,-0.0315031332,0.0251455479,-0.0013430114,-0.0394066204,-0.0054128853,0.0186618833,-0.0348021120,0.0010441211,-0.0074861205,-0.0078671051,-0.0095387145,-0.0037081481,0.0061621465,0.0351982457,-0.0091054569,0.0226647459,0.0078425802,0.0032053921,0.0111073859,-0.0317471550,-0.0078492797,-0.0064918367,-0.0003855374,0.0044799619,-0.0078046048,-0.0117950975,-0.0131135040,-0.0329489387,-0.0257688849,0.0112836412,-0.0034784974,-0.0228477679,-0.0094582888,-0.0112724334,-0.0098419883,0.0045419680,0.0085776633,0.0064574432,0.0046804906,-0.0043491194,0.0185763867,0.0227339274,-0.0102799095,-0.0193079027,0.0037799166,0.0038996035
5.0000000000,-0.0027823313,-0.0251503260,-0.0240486119,0.0053979291,-0.0056987093,0.0027631070,0.0158177347,-0.0097997150,-0.0102770963,-0.0035783152,0.0088559586,0.0140803196,-0.0007243961,-0.0158641656,-0.0119758008,-0.0121730897,0.0055727002,0.0101679374,0.0101396516,-0.0181172218,-0.0239298729,-0.0046235450,0.0058005595,-0.0115037613,-0.0194299682,-0.0011041206,-0.0138133089,0.0094082857,-0.0042958245,0.0077747967,-0.0063991509,0.0110465265,0.0080537336,0.0065251015,-0.0208603651,0.0022626243,-0.0074825865,-0.0063943880,-0.0028007462,0.0257194750,0.0153186575,-0.0044256355,-0.0017049103,-0.0197160042,-0.0086646775,-0.0005529437,0.0028254568,-0.0048122013,-0.0319267489,-0.0013512907,-0.0047183803,-0.0103017410,-0.0240074095,0.0109246997,0.0137119371,0.0052665160,0.0121406733,0.0166021930,-0.0222468975,-0.0047737680,-0.0312599029,-0.0018775061,0.0000385358
6.0000000000,-0.0051777344,-0.0189949484,-0.0012528811,0.0046735465,-0.0125602981,0.0078581315,0.0057541503,0.0105230598,0.0209683237,-0.0057442955,0.0044922978,0.0033282666,0.0054854996,-0.0010722766,0.0103281909,-0.0360680358,0.0059159862,-0.0126857922,0.0048011427,-0.0192036460,-0.0091938574,0.0052129510,0.0199878302,0.0008625471,-0.0026886874,-0.0191205069,-0.0129452675,0.0044160816,-0.0087333880,0.0114728733,0.0092980187,0.0118526241,0.0079351297,0.0044510256,0.0077025831,-0.0106413765,-0.0029054228,-0.0217753906,-0.0055069299,-0.0101289050,-0.0113898353,0.0091397528,-0.0071279877,0.0047705150,-0.0216666319,0.0049332720,-0.0103180130,0.0040332770,-0.0372824914,-0.0025146246,-0.0110552590,-0.0079451809,-0.0114755499,0.0139414416,0.0134836774,0.0428890355,-0.0200491291,0.0083165007,-0.0034029815,-0.0201475539,-0.0296494403,-0.0103382482,0.0057887957
7.0000000000,0.0018293932,-0.0193359064,0.0066992692,-0.0234285364,-0.0135912215,0.0099734204,-0.0064405632,0.0093814278,0.0144995070,-0.0227482298,-0.0003950909,0.0173534473,-0.0161646401,-0.0013276055,-0.0073380138,-0.0048911710,0.0084112783,-0.0102856464,0.0210821558,-0.0043117653,-0.0030642965,0.0107981378,-0.0027454225,-0.0198434777,0.0071121179,0.0120103636,-0.0089252807,0.0126676441,-0.0169596917,0.0185254917,0.0020807373,0.0132611932,-0.0101225867,0.0210354388,-0.0221922386,0.0095214637,-0.0061568017,-0.0230852938,0.0215185835,0.0146218737,0.0029328471,-0.0167453318,0.0044450988,-0.0091703325,-0.0212692592,-0.0109336469,-0.0092438526,-0.0008607353,-0.0056737325,-0.0281670407,0.0073218215,0.0011426765,-0.0166451071,0.0169936201,0.0020457117,0.0001205505,-0.0084134620,0.0235663660,-0.0124676572,-0.0122717590,-0.0056893495,0.0057282283,-0.0165455893
8.0000000000,0.0132807935,-0.0169757093,0.0007378224,-0.0171463658,-0.0008343192,-0.0062722652,0.0062819700,-0.0417958904,-0.0121630627,0.0056119614,0.0155748079,0.0194699632,-0.0102886291,-0.0243417381,-0.0180493891,-0.0121351092,0.0057025954,-0.0149223745,0.0083223738,-0.0143693408,0.0109072088,-0.0093363945,0.0303648807,0.0177794784,-0.0034979762,0.0193465060,-0.0234160768,0.0098582839,-0.0128808548,0.0413542117,0.0088825885,-0.0098566588,0.0092396782,0.0014374352,0.0155000676,0.0017174512,-0.0133212395,-0.0027545820,0.0000688054,-0.0020041669,-0.0079656580,-0.0028744071,-0.0122566568,0.0248990743,-0.0162343165,-0.0277282692,0.0017225271,-0.0180608090,-0.0126700927,-0.0077784805,0.0117430417,-0.0084663007,-0.0152246020,0.0096416845,-0.0133966517,0.0116957117,0.0190720059,0.0255368705,-0.0061452704,0.0095076654,0.0031022122,0.0115005239,-0.0283777476
9.0000000000,-0.0012330716,-0.0127448328,-0.0211595422,-0.0228263029,-0.0131494241,0.0036231248,0.0188775807,-0.0093431522,-0.0000490114,0.0046622653,0.0001564577,0.0074070367,-0.0108647739,-0.0057625096,-0.0157897977,-0.0161627613,0.0144018549,-0.0237138022,0.0201360392,0.0018397545,-0.0029990646,-0.0092764640,0.0237930700,0.0092534173,0.0108714583,-0.0034199358,-0.0050924720,0.0099724099,-0.0027389375,0.0021894717,0.0151775234,0.0104065825,0.0210593216,0.0319322150,0.0039352893,0.0166442705,-0.0143121639,-0.0224292193,-0.0130918234,0.0149763210,-0.0002616241,0.0245017846,-0.0245086604,-0.0132526660,-0.0149910718,-0.0172916465,0.0062976446,0.0017913427,-0.0131973368,-0.0315854841,-0.0134139412,0.0052695869,-0.0339701829,-0.0020119842,0.0163482540,0.0063334853,-0.0047110355,-0.0078959166,-0.0015895493,-0.0038434114,0.0026514562,-0.0001179875,-0.0017052373
10.0000000000,0.0145973831,-0.0157949884,-0.0163729308,-0.0087253686,0.0008477896,0.0014120876,0.0155897447,0.0061925765,0.0049625473,-0.0157910033,-0.0043941444,-0.0017118652,-0.0026895473,0.0025090467,-0.0190926628,-0.0098230124,0.0019537142,-0.0201373139,0.0044715581,0.0104941392,-0.0230395235,-0.0160340552,0.0091195978,0.0052175221,0.0416226069,0.0017686529,-0.0121758867,0.0054613864,-0.0004872586,-0.0053358644,0.0153773294,0.0098239612,0.0297147759,0.0170333162,-0.0062741813,-0.0142771596,0.0032572523,-0.0316480074,0.0147194001,-0.0067047184,-0.0046375926,0.0136254079,-0.0164113000,-0.0016550981,-0.0249861368,-0.0257502738,-0.0086594843,-0.0138048188,-0.0161966831,0.0013762979,-0.0143859940,-0.0167106868,-0.0100207084,0.0046640806,0.0002322854,0.0013305341,0.0111857830,0.0039683334,-0.0017738982,-0.0006942789,-0.0127804309,-0.0152837547,-0.0206460880
11.0000000000,0.0018078699,-0.0201218691,-0.0277665717,-0.0174070929,0.0041204258,-0.0091060322,0.0030150718,0.0296079299,0.0226438050,-0.0111609377,-0.0106312221,0.0051503862,0.0056622488,-0.0034878012,-0.0272972514,-0.0085231247,0.0020759621,-0.0264667903,-0.0149307166,-0.0059912478,0.0113343007,0.0165358737,-0.0012920923,0.0095031306,0.0096829736,-0.0168636453,0.0113925621,0.0048298947,0.0062482463,0.0173422862,0.0370816637,0.0161668756,0.0069361783,0.0020578766,0.0287937680,-0.0063405064,0.0085647807,-0.0101906021,0.0003961986,0.0238814128,0.0163577731,0.0246349970,-0.0318815072,0.0049051095,-0.0362179635,-0.0115144990,0.0040488999,0.0048185187,-0.0142112404,-0.0153416526,-0.0025315931,-0.0067162062,0.0051861512,0.0148726310,0.0144339112,-0.0053121454,-0.0123396254,0.0060407803,-0.0067692090,-0.0210950290,0.0101797250,0.0049189607,-0.0243711539
12.0000000000,-0.0055929478,-0.0135199841,-0.0127645269,-0.0069093164,0.0008638983,0.0083546694,0.0121482531,0.0126556094,0.0001339057,-0.0152678979,0.0102950599,-0.0134074525,-0.0119923037,-0.0261309813,-0.0188670902,-0.0154337235,-0.0076359877,-0.0081499618,0.0054645484,-0.0196074009,-0.0021403178,0.0067062655,0.0072404067,-0.0085423935,-0.0225832236,0.0009386608,-0.0263205619,0.0250282772,0.0118364700,0.0062710193,0.0279128880,0.0091428065,0.0125728387,0.0308233552,0.0238900121,0.0045645548,-0.0143061653,0.0049942870,-0.0212579023,0.0131670650,0.0029386620,0.0052972531,-0.0058260571,0.0042227134,0.0026962860,-0.0314262378,-0.0098977190,0.0017528554,0.0023449231,0.0060105868,-0.0153534162,-0.0075319558,-0.0079947950,0.0012173011,0.0078374498,0.0049302208,-0.0047167801,0.0224607454,-0.0105283397,0.0038451265,-0.0006941209,0.0129917164,-0.0218752863
13.0000000000,-0.0052020404,0.0031078757,-0.0114863004,-0.0138621150,-0.0125736400,-0.0167582466,0.0220418494,-0.0251616798,0.0167470242,-0.0152111852,-0.0135967378,0.0076498103,-0.0022854277,0.0210595653,-0.0014018189,-0.0223057435,0.0023408374,-0.0153610526,0.0028493269,0.0144916792,-0.0031681666,0.0242477169,0.0206054517,0.0118643965,0.0212821945,-0.0198379103,-0.0091497329,0.0150503289,0.0175603118,0.0208777334,-0.0026830895,0.0003300384,0.0144017459,0.0283216854,0.0281332440,0.0048873334,-0.0191687951,-0.0275818010,-0.0022681667,0.0114780540,-0.0156458492,-0.0141235905,-0.0027886016,0.0142152322,-0.0053771438,-0.0094197607,0.0056159235,-0.0097920061,-0.0265657829,0.0049588510,-0.0172073258,-0.0046729811,-0.0284269765,0.0159395022,0.0110479007,0.0161109927,-0.0130058292,0.0076164564,0.0071900428,-0.0122711332,-0.0241827498,0.0052778945,-0.0049700767
14.0000000000,-0.0124574424,-0.0108025140,-0.0313705422,-0.0237098351,-0.0086802061,-0.0206956920,0.0089220668,0.0003947162,0.0124434221,-0.0135126814,-0.0088076545,0.0187163147,-0.0034117397,0.0001980430,-0.0028654632,0.0091800490,0.0103655222,-0.0104091118,0.0099277749,-0.0040156236,-0.0016834316,0.0181255601,0.0082104549,-0.0034914545,0.0111488175,-0.0112813061,-0.0122157029,0.0002308105,-0.0182677122,0.0070992480,0.0214112479,0.0194201545,0.0262761140,-0.0084193420,0.0095564491,0.0040535541,0.0168618581,0.0053950590,-0.0198693176,0.0375426883,-0.0097065916,-0.0152688481,-0.0126390121,0.0055735047,-0.0063325981,-0.0073834703,-0.0022657847,0.0103435291,-0.0077220434,-0.0056436186,-0.0118056160,-0.0132248028,-0.0206987342,0.0078924013,-0.0068111227,-0.0043819319,-0.0048580877,0.0039435172,0.0176545679,-0.0042633498,-0.0084065246,-0.0075299301,0.0060442717
15.0000000000,-0.0131956493,-0.0079198569,-0.0532146229,-0.0112216776,-0.0094409183,0.0001696128,-0.0144246364,-0.0055559630,-0.0134211995,-0.0067548898,-0.0165581297,0.0106853160,0.0169165633,-0.0035297924,0.0055033462,-0.0031086697,0.0191713044,-0.0015401796,0.0062392106,-0.0195161594,-0.0253225601,-0.0017466394,0.0309206137,0.0034062714,0.0150876094,-0.0051763800,-0.0006131772,-0.0015360140,-0.0237170146,-0.0084649016,0.0232023309,-0.0078169557,0.0056400206,0.0073220156,-0.0115133141,0.0222877160,-0.0109024916,-0.0042727949,-0.0202265712,0.0051991923,-0.0064444942,-0.0055851286,-0.0131085130,0.0107336852,-0.0443250573,0.0015885618,-0.0006573101,0.0011929105,-0.0197125931,-0.0068929331,-0.0271671994,-0.0099466323,-0.0099181306,0.0013265285,-0.0205984872,0.0004376092,0.0101356360,-0.0043085694,-0.0206364691,-0.0102377845,0.0149202248,0.0008480587,-0.0095479290
16.0000000000,-0.0056740136,-0.0191838570,-0.0259645206,-0.0050859058,-0.0197953104,0.0114672480,0.0195962919,0.0028400644,-0.0126242505,-0.0243613253,0.0239041456,0.0188877405,0.0059406829,-0.0111580960,-0.0189999728,-0.0130150768,0.0013988486,0.0009106467,0.0050709875,0.0137047545,-0.0036367430,0.0195080700,0.0100933611,-0.0102884314,0.0225070223,-0.0051988629,-0.0198817620,0.0205166428,0.0115297553,0.0017036338,0.0218156026,0.0223391041,0.0048241459,-0.0120019266,0.0190385232,0.0085110378,-0.0042060860,-0.0011331091,-0.0151467698,0.0348148243,0.0103022705,-0.0147909468,-0.0234034350,-0.0179130353,0.0015679980,-0.0166350371,0.0309037768,-0.0061414221,-0.0117191355,0.0046293996,-0.0336241979,-0.0083033453,-0.0176996880,0.0353144972,0.0130634374,0.0039083272,0.0096705414,0.0346204072,0.0146125955,-0.0257435377,-0.0162599978,-0.0012569210,0.0094479922
17.0000000000,-0.0055303466,-0.0220059163,-0.0157501275,-0.0156030560,-0.0172536573,-0.0071677248,0.0014393779,0.0163670068,-0.0048329373,-0.0148530907,0.0167736193,0.0263651712,-0.0138886323,-0.0042791983,-0.0154829996,-0.0135865872,0.0035965630,-0.0024253112,0.0225133406,0.0025118064,-0.0140997105,0.0194550628,0.0157056308,0.0211056988,0.0081132241,-0.0142045546,-0.0114618735,-0.0085552158,0.0135964619,0.0094079201,0.0225191289,0.0020940332,0.0160307643,-0.0061153003,-0.0124371694,0.0137959737,0.0116412239,-0.0151793669,-0.0179012815,0.0081329014,0.0007614109,0.0081049120,-0.0245848592,-0.0098337093,-0.0027767620,-0.0404991807,-0.0115260332,0.0171217775,-0.0015848872,-0.0020429932,-0.0162982452,-0.0214620624,-0.0203461314,0.0016670348,-0.0012059529,0.0135433322,0.0166059970,0.0129402310,0.0099318685,0.0041414852,-0.0244432043,0.0061944569,-0.0007284264
18.0000000000,0.0206532910,-0.0010380074,0.0111709081,-0.0128848147,-0.0103059976,-0.0193804239,-0.0003108503,0.0146453297,-0.0037120061,-0.0210311056,-0.0212567901,-0.0294951691,0.0081660094,-0.0290240838,-0.0240925649,-0.0123623655,0.0093763859,0.0107085383,0.0072515380,-0.0066821893,0.0069263083,0.0215780202,0.0045692022,-0.0012717207,0.0014011539,-0.0105237099,-0.0134882927,-0.0091144173,-0.0252113955,-0.0073590591,0.0219660664,-0.0128964116,0.0124948781,0.0207718514,0.0006552088,0.0166294203,-0.0247652337,0.0001038959,0.0066342564,-0.0183720475,0.0164083642,0.0177633223,-0.0224814504,0.0038746828,-0.0169772078,-0.0024169002,0.0082876331,0.0193999093,-0.0237303790,-0.0032894886,-0.0227610252,-0.0102572544,-0.0105324163,0.0092548890,-0.0134568410,-0.0198965898,0.0088738405,0.0233137799,0.0098974455,0.0096775522,-0.0238608653,-0.0232099788,0.0133323072
19.0000000000,0.0062118710,-0.0074446877,-0.0236082187,-0.0253509463,-0.0073996823,-0.0068536186,0.0295990653,0.0071386504,-0.0073459437,-0.0148913776,0.0082540457,-0.0067129614,0.0099912412,0.0074170418,-0.0099147067,-0.0051378434,-0.0027039104,-0.0022442809,0.0037998405,0.0145441679,0.0049524966,-0.0033187779,0.0205088601,0.0084069500,0.0264925332,0.0048728938,0.0115351870,0.0148848130,-0.0002344127,0.0222426184,0.0324704227,0.0012103221,-0.0020637096,0.0044790379,0.0054120655,-0.0143923043,-0.0062323819,0.0013735700,-0.0014878829,0.0019154094,-0.0095522546,0.0021313573,-0.0060442119,-0.0040846361,-0.0260586949,-0.0142670631,0.0101152220,0.0137206008,-0.0182178523,-0.0043806442,-0.0280857607,-0.0151357214,-0.0109555201,-0.0038972194,-0.0007738164,0.0258480132,-0.0085258057,-0.0010197597,-0.0051622183,0.0117533840,-0.0001958747,-0.0092385628,0.0027197818
20.0000000000,-0.0125272366,-0.0082446292,-0.0077139744,-0.0023423809,-0.0098157258,-0.0030764212,0.0088951461,0.0155064184,-0.0037374011,-0.0008916033,0.0135816509,0.0036919342,0.0068966918,0.0019169162,0.0000878333,-0.0274193423,-0.0062499072,-0.0006620364,-0.0021654657,-0.0113101212,-0.0188327244,-0.0046980396,0.0153494591,0.0018151162,0.0087386783,-0.0063976629,-0.0142791815,0.0235104061,0.0102493527,0.0156434980,0.0229274652,0.0134698181,0.0152195775,0.0263339295,0.0097199337,0.0057358876,-0.0308311199,-0.0139113301,0.0011964892,0.0160964737,-0.0100423943,-0.0056223350,-0.0361344703,0.0056354010,-0.0296227308,-0.0163223281,-0.0119003447,0.0180378840,0.0003955789,-0.0100561199,-0.0161859781,-0.0043054432,0.0007435518,0.0036694175,-0.0042146722,0.0083097720,0.0097939898,0.0244460352,-0.0127015375,-0.0203240141,-0.0122830506,-0.0263930793,-0.0235353746
21.0000000000,-0.0211495847,0.0089582008,0.0033370144,-0.0002071086,-0.0052170616,0.0269433421,-0.0029378460,0.0057419519,0.0199148359,-0.0064013085,0.0112692780,0.0157991647,-0.0154096267,-0.0044829494,-0.0013933622,-0.0105891173,-0.0095697064,-0.0047326000,0.0056163626,-0.0074072745,-0.0045723028,-0.0069774525,0.0061442717,0.0144776700,0.0202926338,-0.0157337482,-0.0013524406,-0.0226570224,0.0031345784,0.0059550516,0.0105087607,-0.0034040966,0.0176228697,0.0075618277,0.0131697459,0.0246299979,-0.0041529527,0.0104753449,0.0019605053,0.0176192485,-0.0065442679,-0.0136808460,-0.0116332797,-0.0239014194,0.0126547268,-0.0024244103,-0.0096896219,-0.0032919468,-0.0100535621,-0.0078064823,-0.0092432667,-0.0166923269,-0.0076705998,0.0255705964,0.0188648721,-0.0058652072,-0.0270167983,-0.0195834990,-0.0048688837,0.0006728152,-0.0071409349,-0.0105974965,0.0064270058
22.0000000000,0.0069551615,-0.0173321541,-0.0120429699,0.0007739677,-0.0007369683,-0.0185627200,0.0206449598,0.0017702826,0.0146357610,-0.0245975253,-0.0086198564,-0.0066539276,-0.0096228557,-0.0060053145,0.0144890609,-0.0074397098,0.0348032322,-0.0173051693,-0.0090471573,0.0046159975,0.0042040515,-0.0171231723,0.0230480184,0.0184228570,0.0267737976,-0.0049845003,-0.0117658366,0.0010060364,0.0062951366,0.0054451414,0.0312495543,0.0074022265,0.0045768798,-0.0070664929,0.0173404983,-0.0088379719,-0.0248706966,-0.0313019067,-0.0231707437,-0.0059471994,0.0129861276,-0.0166243127,0.0035936740,-0.0202668121,0.0071317206,-0.0105363931,0.0033686625,-0.0112591203,0.0069969423,-0.0254428395,-0.0091178135,-0.0066645441,-0.0077455614,0.0049839001,0.0271727703,0.0168925320,0.0000119937,0.0031209830,-0.0003992731,-0.0238245566,0.0005925447,-0.0085473365,-0.0127136891
23.0000000000,0.0066254205,-0.0073865636,-0.0280046527,-0.0095023684,0.0009355378,0.0071788404,-0.0052358869,0.0078114943,0.0081120191,0.0042884309,0.0148795861,0.0188685469,0.0069551143,-0.0045640636,0.0052181264,0.0069863471,-0.0027109324,-0.0129444781,0.0319625727,0.0082646451,-0.0036925849,0.0013054207,0.0046887141,0.0041776854,0.0192616959,0.0000443696,0.0008933652,0.0230776408,0.0089094140,-0.0146701576,0.0152989939,-0.0085123045,-0.0036229100,0.0220210742,-0.0014145078,0.0232704761,-0.0141715637,-0.0298495261,-0.0235129268,0.0063258639,-0.0091717677,-0.0195478501,-0.0188985166,0.0135323092,-0.0317786038,-0.0118052839,-0.0145135060,-0.0136804998,-0.0222329128,-0.0318112271,0.0016694217,0.0031465862,-0.0147101363,-0.0063405787,-0.0061078205,-0.0028879127,0.0135359404,0.0057338275,0.0267223971,0.0110118354,0.0080413720,-0.0134029988,-0.0019055280
24.0000000000,0.0086799287,-0.0143246140,-0.0015093777,-0.0171689657,-0.0025309026,0.0166012479,0.0071693195,-0.0084626931,0.0004056594,-0.0081700432,-0.0009030261,-0.0019963870,-0.0086507830,-0.0092935447,-0.0043326635,-0.0100528530,0.0126642337,-0.0278384216,-0.0023312465,-0.0008360470,0.0096246403,-0.0014982761,0.0261958809,0.0081381429,0.0007959139,-0.0230162250,0.0118881956,-0.0139734424,-0.0144112468,0.0097909399,0.0188992392,0.0002399675,-0.0123185197,0.0506578300,0.0009042834,-0.0168308194,-0.0264468754,-0.0038722326,0.0083876589,0.0012629494,-0.0115207688,0.0067459858,-0.0110715485,0.0043578306,-0.0215503265,-0.0355645256,0.0063467369,-0.0122537624,-0.0092667093,-0.0080274959,-0.0050986115,-0.0361286704,-0.0223780778,0.0041241989,-0.0026506629,-0.0065757446,-0.0021764858,0.0001989714,-0.0122975910,0.0051430014,-0.0061270333,-0.0126143974,0.0004054566
25.0000000000,-0.0072415055,0.0112899555,-0.0134067710,0.0048810826,-0.0036535147,-0.0158855672,0.0003843870,0.0052580708,0.0128828770,0.0016157153,-0.0026900789,0.0182528673,0.0147362607,-0.0117366295,-0.0073824356,-0.0083259475,-0.0066616156,-0.0144491436,0.0066188193,-0.0042451533,-0.0019153697,-0.0123927254,0.0142049672,0.0054060065,0.0293551407,-0.0084683822,-0.0032982253,-0.0197441377,0.0080989892,0.0029926136,0.0190037470,0.0114186700,-0.0020142055,0.0088234986,0.0021710220,0.0048519988,-0.0100316542,-0.0070302153,0.0164626510,0.0164949943,-0.0010921357,0.0101232206,0.0044627115,0.0136450336,-0.0105284398,-0.0088956137,-0.0101738349,0.0157141348,0.0292329571,-0.0028726332,-0.0331285494,-0.0277387334,0.0045413540,-0.0182265660,0.0017721840,0.0109639696,0.0253299285,0.0151458558,0.0061602808,-0.0149955620,0.0025670892,-0.0009810267,-0.0009913041
26.0000000000,0.0139998994,-0.0131451111,-0.0133172721,0.0036068544,-0.0010199708,-0.0037096464,0.0141715219,0.0211248595,0.0100916726,-0.0107336597,-0.0062191593,0.0034430681,-0.0131843807,-0.0136236475,-0.0053939419,0.0134111483,-0.0037140916,-0.0041394861,0.0003366503,0.0059679454,-0.0232358195,0.0124477355,0.0153540864,-0.0199793400,0.0136414167,0.0099747266,-0.0005595849,0.0138444250,-0.0132022252,0.0096611000,0.0107433638,0.0197329536,0.0032644065,0.0217587246,0.0171934176,-0.0056175453,-0.0022493157,-0.0007358518,0.0050796955,0.0198252799,0.0101155231,-0.0055938215,-0.0091476745,0.0142305657,0.0002150138,-0.0080234290,0.0036609030,0.0090330655,-0.0005970404,0.0076692278,-0.0063929207,0.0055197465,-0.0259605150,0.0042742323,-0.0028709744,0.0110166369,-0.0036884572,0.0057447634,-0.0235030074,0.0127166003,-0.0054223116,0.0154516553,0.0076273127
27.0000000000,0.0135959584,-0.0104596708,-0.0020708254,0.0163563588,-0.0000758062,-0.0056412351,-0.0017232679,0.0078777777,-0.0056895097,-0.0051344840,-0.0304032111,0.0040437288,0.0321118346,0.0218629167,-0.0103181448,-0.0181281388,0.0355663844,-0.0073823899,0.0130248849,0.0102220258,0.0186063312,0.0028212915,-0.0102635007,-0.0055662489,0.0030350892,-0.0035657306,-0.0071567067,0.0071956225,0.0051516159,0.0030605920,0.0073743029,-0.0032552901,-0.0046915509,0.0213597851,0.0191663803,0.0102253415,-0.0044155970,0.0047262031,-0.0158515753,-0.0007976570,0.0175877100,0.0068470878,-0.0110487252,0.0025284321,-0.0099463202,-0.0002989109,0.0393677111,-0.0098767294,-0.0179211698,0.0073391536,-0.0053306137,0.0040876567,-0.0154645245,0.0089543611,0.0096471237,0.0071191204,-0.0106258530,-0.0261456928,0.0096442923,0.0059869747,-0.0073267386,-0.0077614718,0.0133927263
28.0000000000,0.0039168956,0.0054923684,0.0018637017,-0.0034247777,-0.0096951777,0.0113766112,0.0225623355,-0.0117167843,-0.0010017262,-0.0156114986,0.0074802774,-0.0069673376,0.0038227547,-0.0157036657,-0.0114225721,-0.0154436038,0.0028365009,-0.0017177288,0.0208866318,0.0056747135,0.0156549262,0.0191423647,0.0324627037,0.0049177987,-0.0003075874,-0.0115892437,0.0109062394,0.0165581594,0.0248661972,0.0017596612,0.0160419855,0.0117620916,0.0142701634,0.0056959962,0.0224394517,0.0092147578,-0.0055681004,-0.0001098877,-0.0107115422,-0.0036213026,0.0029840641,-0.0178293427,0.0008165157,-0.0070382905,-0.0212011231,-0.0414240449,-0.0051521779,-0.0118379988,0.0067055345,-0.0022890488,-0.0305740720,-0.0024418882,-0.0062052500,-0.0117568665,0.0049305420,0.0015262599,0.0247859388,-0.0017512027,-0.0089044287,0.0069705358,0.0026014961,-0.0091106468,-0.0091179101
29.0000000000,-0.0079388113,-0.0278918268,-0.0144385029,0.0024220990,-0.0030022622,-0.0272273383,0.0214261737,0.0031074554,0.0120000564,-0.0202959794,0.0147823787,0.0157987294,0.0051869884,-0.0155755432,-0.0025143517,-0.0143633299,-0.0051115432,-0.0071753223,0.0055099612,0.0015532207,-0.0053191949,-0.0145670730,0.0129672055,0.0213469679,0.0069057378,-0.0025699580,0.0268376415,0.0101332777,-0.0079885352,-0.0090024952,0.0282889235,0.0086993644,0.0237161825,0.0171974324,-0.0062994793,0.0069957296,-0.0252732896,0.0035027461,-0.0011778399,0.0161982571,0.0005080011,0.0026412119,-0.0083989858,0.0194507413,-0.0073545055,-0.0282567304,-0.0148820186,-0.0009261799,0.0030011272,-0.0130303498,-0.0109247967,-0.0002408263,-0.0094609543,0.0238510152,0.0175127021,0.0059398819,-0.0106141795,0.0306343475,-0.0096491890,-0.0051058500,-0.0195525487,-0.0109112230,0.0102946564
30.0000000000,0.0259034534,0.0147559843,-0.0015205708,0.0281821890,-0.0154835494,-0.0054369923,0.0272892511,0.0120223830,0.0090315979,-0.0083659660,-0.0084291214,0.0237755060,-0.0035933221,0.0020379824,-0.0208856980,-0.0115613335,0.0223233651,-0.0055729984,0.0115187150,0.0032963586,0.0246603563,0.0111668243,0.0310588904,0.0064390031,0.0115105497,0.0114576822,-0.0188212588,0.0162605593,0.0048657112,0.0101052344,0.0254751739,0.0019008990,0.0152925450,-0.0100129050,0.0067408417,-0.0147940475,0.0034010908,-0.0008591922,0.0038307887,0.0013136435,-0.0266045897,-0.0032068168,-0.0110393087,-0.0124092247,-0.0056590889,-0.0106128478,0.0085530223,0.0002423556,-0.0035115322,-0.0393724586,-0.0025737072,0.0085346326,-0.0308546705,-0.0006085273,0.0119114864,0.0055252002,-0.0147100298,0.0020804796,-0.0035881754,-0.0009586081,0.0064483711,0.0176092868,0.0086515614
31.0000000000,0.0119603950,-0.0150695356,-0.0197540408,0.0006721119,-0.0379216523,-0.0003985889,0.0281095302,0.0099020225,-0.0058902586,-0.0138614538,0.0099983617,0.0041650144,0.0211112825,-0.0121970582,-0.0033543855,-0.0155133879,0.0040956086,0.0071495819,0.0068223980,0.0026444020,-0.0114379871,-0.0067189749,0.0071661065,0.0133493241,0.0009523969,0.0141656953,-0.0122574701,-0.0031593854,-0.0183001162,-0.0119427618,0.0372713523,0.0117785444,-0.0109209395,0.0313353659,-0.0132743923,0.0252460760,-0.0120797934,-0.0282456517,-0.0018831484,0.0118320504,-0.0162130679,-0.0109729500,-0.0123579287,0.0020051419,-0.0352530181,-0.0229759268,0.0082861427,-0.0149791565,-0.0241576445,0.0068692952,0.0283276002,-0.0125571730,0.0036234669,0.0122946980,0.0060670169,0.0153485150,-0.0075850692,0.0175868574,0.0091114275,0.0034163203,-0.0179097727,0.0179298252,-0.0090415928
32.0000000000,-0.0057637126,-0.0247559917,0.0031825168,-0.0123832799,0.0190158140,0.0295746657,0.0250352832,0.0320649387,0.0125949056,-0.0061557267,-0.0074546462,-0.0061549351,-0.0050535051,-0.0011194902,-0.0046839470,-0.0211466398,0.0113563165,-0.0121784015,-0.0196131001,-0.0296992681,0.0021802194,-0.0038163407,-0.0101644073,0.0003875207,0.0251155194,0.0117783195,-0.0128933596,0.0003760508,0.0028281871,-0.0066622087,0.0072894597,0.0028915031,-0.0040660197,-0.0164221567,-0.0051352722,0.0015160526,0.0022857707,-0.0017940467,-0.0276134395,0.0013975499,-0.0085257432,0.0081663723,-0.0081182757,-0.0258114991,-0.0121182272,-0.0252000368,0.0047692126,0.0014786407,-0.0119301644,-0.0204953048,-0.0217932145,-0.0137406215,0.0167313864,0.0098333057,-0.0156940370,-0.0102151652,-0.0164549067,0.0156616451,0.0018154583,-0.0038520061,-0.0083366420,-0.0033625180,0.0090356264
33.0000000000,-0.0132092739,-0.0098607423,-0.0061755497,-0.0047621099,-0.0099276798,-0.0070773545,0.0140866868,0.0025782783,-0.0146934754,0.0107433560,0.0202921136,0.0169977019,-0.0035713081,-0.0031340141,-0.0171608574,-0.0303516217,0.0161227209,-0.0043963446,0.0152491349,-0.0064214094,-0.0138052383,0.0058042062,0.0162911803,-0.0026087229,0.0086670559,-0.0053367814,-0.0075376122,0.0168136690,0.0107805999,-0.0007276436,0.0101223065,0.0052467531,0.0209516273,0.0098472844,-0.0033669956,0.0118554271,-0.0138228712,0.0059315939,0.0026415257,-0.0003014353,-0.0016691225,0.0205012980,-0.0112829067,-0.0021792107,-0.0081961280,-0.0198313380,0.0039195156,0.0291380922,-0.0174782953,0.0066217219,-0.0068964897,-0.0137331648,-0.0104431187,0.0023227049,-0.0034804153,0.0102046173,0.0006249801,-0.0038182807,0.0011019611,-0.0170875293,-0.0053624161,-0.0001154243,-0.0052287114
34.0000000000,-0.0145015805,0.0088787849,-0.0216252228,-0.0200432239,0.0142222589,0.0009276475,0.0095674387,-0.0045406732,-0.0022943592,-0.0262070605,-0.0081498862,-0.0044162206,-0.0046419109,-0.0252470808,-0.0124038846,-0.0212109692,0.0200116991,0.0127150805,-0.0075896978,-0.0001076352,0.0052468690,0.0054567588,0.0121057260,-0.0166178630,0.0207642746,0.0090505995,0.0006654966,0.0035793042,-0.0004630885,0.0123335254,0.0108579345,0.0013180599,0.0026436473,-0.0045836183,0.0158341433,0.0231290616,-0.0096566570,0.0061077683,-0.0056514800,0.0345254785,-0.0030096756,-0.0073489468,-0.0318007028,-0.0002478854,-0.0005298761,0.0036471457,-0.0009428165,0.0216375047,-0.0122080766,0.0126350442,-0.0256853940,-0.0241202480,0.0060146068,0.0114162662,-0.0029394425,-0.0085046175,0.0021736031,-0.0118239021,0.0014429463,-0.0080569729,-0.0172999896,0.0196384404,0.0049295503
35.0000000000,-0.0071816463,-0.0227236146,-0.0215824406,0.0255520443,-0.0191742703,-0.0059048738,0.0184758539,-0.0024191617,0.0054188209,-0.0034959080,-0.0024108494,-0.0160691585,0.0097593362,-0.0012521441,-0.0066443572,0.0133864610,0.0121604436,-0.0079993936,0.0060016602,0.0147832777,0.0000988464,-0.0092113852,0.0234078981,-0.0039130820,0.0097187206,0.0062165595,-0.0141326069,0.0106959761,0.0014800112,-0.0022425419,0.0100245178,-0.0011062631,0.0074254271,0.0336387059,0.0111882766,-0.0102026241,0.0109634745,-0.0017434685,-0.0204363561,0.0137937402,-0.0214444148,0.0093247008,-0.0133910592,-0.0109143668,-0.0182043620,-0.0097974260,-0.0055974974,-0.0064534120,0.0074368902,-0.0093642515,-0.0157857805,-0.0090287781,-0.0118815911,-0.0076273106,0.0019828415,0.0157685839,-0.0079872796,-0.0006889182,-0.0154128532,0.0027699080,-0.0088590185,-0.0197828322,-0.0252603728
36.0000000000,-0.0014091098,-0.0030798995,-0.0126528488,-0.0017479105,-0.0128141685,0.0076057062,0.0080909887,-0.0026653910,0.0005321431,-0.0135378022,-0.0076358232,-0.0008806767,-0.0149626354,-0.0112588525,0.0154424848,-0.0060786293,0.0186357489,-0.0211683794,0.0096408879,-0.0081980696,0.0099246761,-0.0110254862,0.0138871668,-0.0048449529,-0.0026793950,-0.0226835431,-0.0184777130,0.0113258484,-0.0112880214,-0.0146780549,0.0325789187,0.0022797177,0.0115193429,0.0193466353,0.0170743518,-0.0094236357,-0.0290347507,-0.0112423138,-0.0259139468,0.0322945787,-0.0141705332,-0.0007163926,-0.0354782951,0.0224491495,-0.0223449144,-0.0458548015,0.0157456374,-0.0186407229,-0.0046355530,-0.0040658244,0.0135978002,0.0032554067,0.0065132481,0.0023237983,-0.0089023031,-0.0051141863,0.0038884636,0.0143709612,0.0072668637,-0.0027994837,-0.0244203047,-0.0037646457,0.0082315877
37.0000000000,-0.0034426815,-0.0326896496,-0.0064615145,0.0040532686,-0.0061453573,-0.0216899104,0.0065122163,-0.0086104497,0.0210003697,-0.0327210502,0.0117570385,-0.0063813168,-0.0236215945,0.0064552346,0.0180465815,-0.0192075696,0.0035840222,-0.0040655530,0.0227114447,0.0076783421,0.0149061171,-0.0002910719,0.0116724378,0.0032559364,0.0057949396,-0.0029498875,-0.0022427733,0.0077317443,-0.0026519997,0.0076490583,0.0357262428,-0.0027796461,-0.0034552034,0.0029597838,-0.0129859945,0.0121093989,-0.0123512403,-0.0135570371,0.0055268304,-0.0103716003,-0.0093844349,0.0074576406,-0.0005096580,-0.0137802150,-0.0031320492,-0.0137477051,0.0041670217,-0.0080495211,0.0084800893,-0.0120574162,-0.0051291859,-0.0019682091,0.0093886119,0.0007516500,0.0052102134,0.0011700492,0.0175337620,0.0199283987,-0.0100977081,0.0024082037,-0.0031382662,0.0034999143,-0.0189207810
38.0000000000,0.0018441250,-0.0285564474,-0.0093123680,-0.0100383108,0.0120609513,0.0117776734,0.0213759308,0.0181338084,0.0208345592,-0.0062401952,-0.0036672947,-0.0051200677,0.0023564525,-0.0237635159,-0.0332198737,-0.0242463436,0.0372761865,-0.0026233886,0.0219553892,-0.0076796060,-0.0295107532,-0.0087009048,0.0029188865,0.0130655685,0.0060676071,-0.0090650810,-0.0148916562,0.0132145573,0.0051992714,0.0133506380,0.0311375196,-0.0048628119,0.0120227782,0.0080617410,0.0072939219,-0.0004802810,-0.0265411492,-0.0015591547,-0.0002587709,-0.0096299939,-0.0146694841,0.0212749365,0.0026676643,0.0052228838,-0.0334812828,-0.0175799409,-0.0013669845,-0.0004331899,-0.0221872862,0.0283788260,0.0001624839,-0.0147749268,-0.0215923765,0.0130775042,-0.0064270527,-0.0025052058,-0.0082875909,0.0223958295,-0.0038702004,-0.0082025966,-0.0003050265,-0.0099972589,-0.0093076698
39.0000000000,-0.0039541697,-0.0276746966,-0.0163212933,-0.0057617675,-0.0271023616,0.0226946321,0.0012450065,0.0031965308,-0.0022305367,0.0095422959,0.0238213913,0.0068065148,0.0086790030,-0.0255364300,-0.0276753238,-0.0085943052,0.0077704637,-0.0021296245,0.0286151607,-0.0115422336,-0.0209823531,-0.0047008880,0.0215148316,0.0224711566,0.0298633487,0.0042160130,-0.0104191652,0.0310426397,-0.0006026669,0.0125883075,0.0345409803,0.0192339825,0.0039132436,0.0413306037,-0.0058398979,0.0369367830,-0.0188535696,-0.0226916573,0.0038644422,0.0021138631,-0.0008687420,0.0061684061,-0.0166106114,-0.0134699333,-0.0262520027,-0.0232498383,-0.0104332162,-0.0117116046,-0.0109430644,-0.0129739274,-0.0243191934,-0.0196770873,-0.0051502858,0.0109531856,0.0074779641,0.0153377369,-0.0022645432,0.0138248142,0.0069767054,-0.0257790245,-0.0005344106,0.0097282478,0.0149241590
40.0000000000,0.0199069094,-0.0026966886,-0.0150105954,-0.0012293088,-0.0014742642,-0.0231670642,0.0166653855,-0.0128877540,-0.0068490892,-0.0085852613,0.0110548035,0.0161323558,-0.0218755705,-0.0144791286,-0.0117685613,-0.0264531164,-0.0068758703,-0.0030296011,0.0018163326,0.0304172804,0.0172416329,-0.0077879473,0.0226167754,-0.0112385090,0.0056293014,-0.0300589567,-0.0210299161,0.0109956316,-0.0059807753,-0.0119208573,0.0025800964,0.0158102908,0.0076618563,0.0105098008,0.0131175587,0.0180873062,-0.0147897732,-0.0007654328,-0.0219653649,0.0011503261,-0.0029571131,0.0166213687,-0.0208737617,-0.0190639179,-0.0183338199,-0.0293243052,-0.0103955166,0.0029355227,-0.0212636797,0.0113558229,-0.0102647612,-0.0203751063,-0.0060017852,0.0023601816,0.0092691090,0.0013496357,-0.0022672639,0.0104010410,-0.0059357003,-0.0140373834,-0.0021010408,0.0115727595,-0.0119064767
41.0000000000,-0.0136698285,-0.0218389528,-0.0153133246,0.0198365434,0.0003659030,0.0092371247,0.0216658023,-0.0031826515,0.0056714086,-0.0035118949,0.0177906603,-0.0153585225,0.0144578549,-0.0071620241,-0.0261231305,-0.0091070446,-0.0108151365,-0.0104112273,-0.0012896272,0.0039724885,0.0137343185,0.0234975204,0.0162603179,0.0264190441,0.0146731507,-0.0166590388,-0.0172354140,0.0147245598,0.0090176754,0.0061761406,0.0215461967,-0.0029424516,0.0184102721,0.0296750808,-0.0010929181,0.0200771419,-0.0113893121,-0.0291214102,0.0063490753,0.0170487383,0.0041989350,0.0077072151,-0.0063819525,-0.0069986711,-0.0163718755,-0.0008479540,-0.0065891742,0.0001857303,-0.0238874969,-0.0137932726,-0.0015533133,-0.0197638982,-0.0209984962,0.0290963221,-0.0225640041,0.0100387076,-0.0254600762,0.0013725514,0.0190172569,-0.0251579678,0.0047307997,-0.0165610601,0.0121999829
42.0000000000,-0.0036709566,-0.0224954063,-0.0034291146,0.0014116004,0.0064420987,-0.0028434168,0.0134372371,0.0185777938,-0.0001326465,-0.0077696120,-0.0157382223,-0.0117058892,0.0105212724,-0.0031514512,-0.0144581959,0.0107180029,0.0142325035,-0.0143723324,-0.0194309772,0.0077285048,-0.0088964091,0.0038917643,0.0124397809,-0.0003056402,-0.0027533024,0.0149422117,0.0026056717,-0.0193531561,-0.0128500074,0.0212070829,0.0237256918,0.0270787614,0.0079729071,0.0092261670,-0.0133808708,0.0026106452,-0.0180429065,-0.0003151354,0.0202697392,0.0016147338,-0.0036493890,-0.0108617094,0.0051323402,-0.0116620960,0.0090795981,-0.0160654661,0.0038538845,0.0110346658,-0.0231104538,0.0170137982,0.0055981809,-0.0018188083,-0.0210724832,0.0094694678,0.0147363336,-0.0083345154,0.0141580035,0.0059272427,0.0004061110,0.0176462395,-0.0056821557,0.0113812746,-0.0038371418
43.0000000000,-0.0283599234,-0.0273094284,-0.0047896845,0.0139993153,-0.0256666333,0.0030925966,0.0113824681,0.0144669130,0.0094357622,-0.0178803231,0.0125401580,0.0186760559,-0.0116338260,-0.0198233905,-0.0121779639,0.0096947289,0.0148512481,-0.0107959272,0.0175642646,-0.0000918674,-0.0250704855,0.0158751534,0.0234270944,-0.0023190654,0.0174926448,-0.0094383121,0.0043145773,-0.0002041462,0.0146180304,0.0018219055,0.0166440198,0.0110076717,0.0097562036,0.0255763352,0.0197166653,0.0141834868,-0.0034210757,-0.0238377700,-0.0250714445,-0.0058020712,-0.0325765051,-0.0087551130,-0.0171326383,0.0045705425,-0.0228569416,-0.0310402623,-0.0282442730,0.0040819779,-0.0168109733,-0.0062298169,-0.0122781302,-0.0075056357,0.0000366136,0.0122758508,-0.0141386313,-0.0082906641,-0.0115582405,0.0040210988,-0.0087823808,-0.0149065385,-0.0110240031,-0.0022902806,-0.0120995890
44.0000000000,0.0031438595,-0.0050944177,-0.0158735302,-0.0178964984,-0.0131360148,0.0053041853,0.0210078868,0.0038408679,0.0118668263,-0.0152082893,0.0098533087,-0.0009517115,0.0206090139,-0.0119436788,0.0002615698,-0.0192379417,0.0135651756,-0.0090402794,0.0063704683,-0.0154624293,-0.0225191545,0.0051986203,0.0339607369,0.0248399614,0.0195405132,0.0044516822,-0.0153126391,-0.0109090870,-0.0018686920,0.0092461632,0.0309100441,0.0005203868,0.0142682335,0.0135146864,0.0122714258,0.0098296892,-0.0212963873,-0.0103528954,-0.0045355531,0.0154148883,-0.0141317392,-0.0122050552,-0.0317285588,0.0164023730,-0.0099378451,-0.0114573892,-0.0065473040,0.0085053893,-0.0224656285,-0.0053082330,-0.0286374717,-0.0293659856,0.0057850963,-0.0107315141,0.0209721114,0.0149542867,-0.0145922021,0.0203679272,0.0069484728,-0.0096615572,-0.0257717221,0.0020120214,0.0239916102
45.0000000000,0.0074259353,-0.0133807262,0.0126010868,-0.0034025277,0.0048117232,-0.0224131015,-0.0076906299,0.0162276361,-0.0026848428,-0.0034660807,-0.0044316550,0.0042867583,0.0132105374,-0.0065386217,0.0099077611,-0.0245476959,0.0013379102,-0.0030314789,0.0080504923,-0.0081057017,-0.0032538924,-0.0214842680,0.0013082749,0.0089589812,0.0031620105,-0.0024161378,-0.0050051013,-0.0189459764,0.0078580857,0.0213629564,0.0085528604,0.0081889451,0.0072643118,-0.0158019790,0.0124334815,0.0004759468,-0.0103212692,0.0029668045,0.0244965715,-0.0036666498,-0.0131765170,0.0029751522,-0.0101167135,-0.0055226884,0.0205234551,0.0084022162,0.0019169221,-0.0194950993,-0.0136343764,-0.0008598310,-0.0046307440,-0.0010730582,0.0050130236,0.0110058647,-0.0122964584,-0.0109159525,0.0070685083,0.0141079447,-0.0001667058,-0.0194817598,-0.0152789987,-0.0267156119,0.0113688009
46.0000000000,0.0051585102,-0.0067577648,-0.0206527346,-0.0094908480,-0.0098909196,-0.0056151322,0.0048884310,-0.0023055490,-0.0132080562,-0.0187799101,0.0174931151,-0.0362800783,0.0108098928,-0.0075773248,-0.0210463325,0.0062498185,-0.0136957985,-0.0013884825,0.0353592780,-0.0197894399,-0.0163506674,-0.0100044860,-0.0013380000,-0.0044145373,0.0107581191,-0.0044923030,-0.0031181000,-0.0031301252,-0.0225188165,0.0070867598,0.0082321125,-0.0024921242,-0.0113258404,-0.0042327897,0.0297173175,-0.0020562469,-0.0066264473,-0.0168593294,-0.0159677349,0.0117260906,-0.0097575264,0.0050462893,-0.0081608671,-0.0037303714,-0.0251520349,-0.0073984642,-0.0045056892,0.0105197095,0.0043737778,0.0030000922,0.0097944152,-0.0104240884,-0.0290051686,0.0272423261,-0.0001353347,-0.0066945705,-0.0117334975,0.0009966506,0.0050275690,0.0206995387,0.0086375575,-0.0004090299,-0.0279186419
47.0000000000,-0.0078401694,0.0033294666,-0.0254436412,-0.0064388453,0.0111258958,0.0148095575,0.0337124983,-0.0048674725,0.0187207547,-0.0102272714,0.0038816605,-0.0084519617,0.0106222011,-0.0035823751,-0.0217039674,-0.0306763266,0.0122194802,-0.0219078765,0.0027931354,0.0183387846,0.0170383691,-0.0086409055,-0.0010080872,0.0205834877,0.0068908480,-0.0080798985,-0.0304174653,0.0055250099,0.0166065644,-0.0036120142,0.0367189514,0.0092913994,-0.0123566800,0.0186537949,-0.0100850518,0.0314260723,-0.0177752661,-0.0137016468,-0.0046214916,-0.0081422692,-0.0272375253,0.0086388790,-0.0147783901,-0.0197070331,-0.0015596894,0.0076775370,-0.0030873620,0.0042253089,-0.0061927434,-0.0076401819,0.0053907593,-0.0243812087,-0.0136935459,0.0042605053,-0.0030170309,0.0008356437,0.0055808481,0.0151097810,-0.0168045929,0.0066327721,-0.0032693605,-0.0070486972,-0.0124744584
48.0000000000,-0.0013821658,0.0113389950,-0.0361309610,-0.0154789102,-0.0121298090,0.0095092379,-0.0031419165,0.0044704160,0.0159849525,-0.0076307113,-0.0016844573,0.0053545885,0.0071031488,-0.0048395638,-0.0180104130,-0.0179690811,0.0127989859,0.0000227663,0.0375279865,0.0100016142,-0.0188383584,-0.0007214680,0.0252203018,0.0214501064,-0.0048551544,-0.0059507137,0.0075259450,0.0054603540,0.0072041753,0.0105206137,0.0008433762,-0.0195645259,-0.0063676897,0.0231615822,0.0179453069,-0.0092148199,-0.0305393261,-0.0183428553,0.0032669321,0.0078741204,0.0160831368,0.0123998619,-0.0087369995,0.0236988891,-0.0088062545,-0.0191380145,-0.0060625114,-0.0144009439,-0.0104046163,0.0170738779,0.0049602580,-0.0175023445,-0.0097445702,0.0206189923,0.0365281211,-0.0003640386,-0.0110370039,0.0060980333,-0.0047246533,-0.0106862882,0.0060550038,-0.0067874709,0.0052080558
49.0000000000,0.0075365475,-0.0151607472,-0.0096334361,-0.0014070191,0.0021363353,0.0020881269,0.0180358031,0.0097408174,0.0064283145,-0.0288479411,0.0159557371,0.0053597836,0.0079029021,-0.0237187390,-0.0012842238,-0.0017037004,0.0233526774,-0.0052093488,0.0093813407,-0.0095727045,-0.0115835415,0.0036985417,0.0335439084,0.0134805298,0.0261065665,0.0090970550,0.0023533824,-0.0135958475,0.0030625028,0.0094575785,0.0245147948,0.0102829684,-0.0046464509,0.0328057071,0.0010525718,0.0104054474,-0.0108652495,0.0212453717,0.0022646478,0.0161386711,-0.0185436087,-0.0077506150,-0.0000612307,0.0050326276,-0.0341574848,-0.0159896088,-0.0088814804,-0.0107971611,0.0125308817,-0.0182816091,-0.0264509950,-0.0290324329,-0.0144825848,0.0050008651,-0.0094301135,0.0245765696,-0.0171226062,0.0133423447,-0.0171985250,-0.0095485370,-0.0055394651,-0.0094657855,-0.0016843464
50.0000000000,0.0118131792,-0.0057992936,0.0077567929,0.0081985062,-0.0135431139,0.0163623512,0.0066391195,0.0111095205,0.0108506385,0.0098508424,0.0018757694,0.0081233383,-0.0064782789,0.0107667083,-0.0125864860,-0.0037142612,0.0113149810,-0.0184781481,0.0058352995,-0.0025963499,0.0149514303,0.0229979994,0.0356112717,0.0036235722,0.0298116131,-0.0024698241,-0.0164378441,0.0003869981,0.0076682038,0.0091662231,0.0079308104,0.0022383822,0.0074148256,0.0089933877,0.0148391447,0.0198560637,-0.0086613413,-0.0090735920,0.0059544794,0.0099982957,-0.0268578411,0.0117318075,-0.0184312740,-0.0022656836,-0.0054345384,-0.0111926643,-0.0107839344,-0.0007034964,-0.0019030487,-0.0088423576,-0.0111038560,0.0026021162,-0.0010525881,-0.0037338123,-0.0118534321,-0.0163552910,0.0030821340,-0.0149769372,-0.0213522865,-0.0190340999,-0.0202932806,0.0192017943,-0.0004701728
51.0000000000,-0.0126530499,0.0077632145,-0.0200578347,0.0078936343,0.0036526954,0.0014216430,0.0178075050,0.0067420820,0.0070922536,-0.0043756924,0.0159296732,-0.0040046709,-0.0110832703,0.0082524759,0.0072733548,-0.0238228734,0.0198309405,-0.0211462890,-0.0105453018,0.0009713554,-0.0094489292,0.0029676270,-0.0021457894,-0.0260539865,0.0334052975,-0.0120949423,0.0295147949,0.0038866935,0.0026370510,-0.0078783300,0.0344747219,0.0113252626,-0.0136990275,0.0243671356,0.0041680545,0.0108976104,-0.0196956363,-0.0195283154,-0.0107071861,0.0093186730,-0.0044104205,-0.0058171736,-0.0024428237,-0.0065670895,-0.0300422890,-0.0067497927,0.0037620776,0.0056540545,-0.0162720282,-0.0054179193,-0.0028644417,-0.0274837089,-0.0324415074,0.0031219254,0.0135292916,0.0177215111,0.0008251935,0.0392175442,0.0043002082,0.0080122567,-0.0112712528,-0.0193431778,-0.0187037367
52.0000000000,0.0085998455,-0.0399576215,0.0088630546,-0.0193695130,0.0084251727,0.0116530800,0.0126536249,-0.0040376403,-0.0031539267,-0.0134726655,0.0148020645,-0.0091343296,-0.0052953285,-0.0287343181,-0.0060683596,0.0181046021,0.0114483975,-0.0174534821,-0.0018524549,0.0104718233,0.0058294204,0.0112633278,0.0130012053,0.0201221617,0.0051641323,-0.0121909900,0.0102993570,-0.0008566750,0.0113358678,-0.0161677270,0.0329570904,0.0154124251,-0.0023330656,0.0158641696,0.0049242676,0.0052096982,-0.0136482194,-0.0233167884,-0.0072563408,0.0152233861,0.0050197377,0.0026495852,-0.0286644140,-0.0145828023,0.0053129714,-0.0225395044,-0.0152758528,0.0058593448,-0.0150673923,-0.0019832710,-0.0120086784,-0.0002989140,-0.0119555320,0.0196335613,0.0019204811,-0.0072483322,0.0121348489,0.0151250996,-0.0034406973,-0.0176403070,0.0029849854,0.0045636912,0.0031325561
53.0000000000,-0.0071294125,-0.0175824994,-0.0243054532,0.0038985496,-0.0094671495,-0.0049929187,0.0430814138,0.0063971449,0.0207873205,-0.0084205702,0.0019275837,0.0037374923,-0.0076747374,0.0049915829,0.0250700179,-0.0149624690,0.0016434412,-0.0097225910,0.0130569330,-0.0023647706,-0.0079945598,0.0124098589,0.0137432128,0.0103490015,0.0178262076,-0.0127760169,-0.0228632539,0.0268387247,-0.0017465250,0.0035177612,0.0146937805,0.0185488504,0.0014612593,0.0258501746,-0.0157293663,-0.0058000358,-0.0224493842,0.0105972131,-0.0083381232,0.0091905414,-0.0054716590,0.0041999793,-0.0221996437,-0.0046968442,-0.0117972322,0.0034681173,-0.0010023715,-0.0271990094,-0.0126050966,0.0021196572,0.0012177916,-0.0071170766,0.0014741008,0.0099896001,0.0099353938,0.0018374822,-0.0035253758,0.0279318918,-0.0134374356,-0.0094512903,-0.0179986063,-0.0040726082,-0.0158539146
54.0000000000,0.0093255890,0.0020080886,0.0025996669,0.0116476135,-0.0125028508,-0.0006899915,0.0244831613,0.0013487159,-0.0224749253,-0.0154985680,0.0067438412,-0.0075940677,0.0026895022,-0.0017853000,0.0049308762,-0.0101635854,-0.0066076461,-0.0069596886,0.0184094199,0.0153615363,-0.0066335229,-0.0057030104,0.0108437942,0.0002972722,0.0222734872,-0.0097810814,0.0029479235,0.0063771845,0.0002088215,0.0018471649,0.0126852780,-0.0109550872,0.0042960170,0.0161156723,-0.0015795248,0.0116895383,-0.0055227771,-0.0242493313,-0.0427953518,-0.0155174461,-0.0158376059,0.0224198293,-0.0314854826,-0.0080410737,0.0049452419,-0.0265735643,-0.0079246903,-0.0267438253,-0.0266835815,0.0127791215,-0.0095963073,-0.0087908579,-0.0028451553,0.0128315183,0.0057318676,0.0094962055,0.0055501112,0.0069586656,-0.0009751267,-0.0284686378,-0.0068746330,0.0127122554,0.0036276180
55.0000000000,-0.0299036025,-0.0094191294,0.0142873242,0.0060380758,-0.0158964654,-0.0073029708,0.0233286140,-0.0047613582,0.0004576349,-0.0028787252,-0.0126808232,-0.0174042864,0.0110784038,0.0014451110,-0.0126059229,-0.0246045329,-0.0017244491,0.0023421397,0.0156457525,-0.0088503925,-0.0156458283,-0.0168535422,-0.0006975819,0.0015347949,0.0073371207,0.0021416604,-0.0079299785,0.0100066187,-0.0104506661,0.0056304925,0.0226798544,0.0143869873,0.0043229183,0.0062578121,0.0009188095,0.0183934769,-0.0197753826,-0.0130576619,-0.0105141550,0.0217609814,0.0230358736,0.0109473085,0.0026287327,0.0169629332,-0.0312578686,-0.0300219200,0.0001785344,0.0075330077,0.0016082732,0.0027631183,-0.0067820512,0.0073169395,-0.0113888482,0.0080887815,0.0014905426,0.0268906199,0.0049450056,0.0204496458,0.0117464161,-0.0052902841,0.0080209451,-0.0149724052,0.0012676361
56.0000000000,-0.0249249464,0.0018093044,0.0013973031,-0.0166137486,-0.0189174843,0.0024452816,0.0147325155,-0.0050045685,-0.0025480221,-0.0210617892,-0.0086514124,-0.0042871628,-0.0035614662,-0.0047229955,-0.0186053316,-0.0191294222,0.0296693872,-0.0318759259,-0.0149632200,0.0114359587,0.0020152355,-0.0083692297,0.0019891184,-0.0204282578,0.0073497461,-0.0100091981,0.0003634106,-0.0022207913,-0.0130596210,0.0062329261,0.0212551614,0.0007958427,-0.0069404623,0.0176316924,0.0026437392,0.0021739834,-0.0143606137,-0.0077325906,-0.0210816882,0.0073455653,0.0094445875,-0.0255674227,-0.0036807333,-0.0267212126,-0.0238525190,-0.0093995714,0.0072958469,-0.0159563946,-0.0081539483,-0.0133929678,-0.0056048647,-0.0118432606,-0.0103940798,0.0036942161,0.0056609881,-0.0104708672,0.0158953587,0.0057309331,0.0035453301,-0.0029503734,-0.0012699209,0.0018870912,0.0212239837
57.0000000000,0.0112722826,-0.0122157657,-0.0004121782,-0.0200063514,-0.0168673156,0.0005697555,-0.0018554295,0.0010036710,-0.0026809349,-0.0001920160,-0.0081505713,-0.0048419297,0.0216993918,-0.0141259321,-0.0127203032,0.0015000870,0.0118430303,-0.0279482687,0.0125434419,-0.0029239688,-0.0082567820,0.0096048817,0.0182059613,0.0052208431,-0.0049943876,0.0163152804,-0.0076737677,-0.0035701881,0.0204679363,-0.0087403800,0.0345183489,0.0109028812,0.0112218004,0.0069191115,0.0030418480,0.0253577908,-0.0014876999,0.0027724940,0.0184935832,0.0142720991,-0.0260292892,0.0095501304,-0.0226929357,-0.0149019759,-0.0011724817,-0.0081543459,-0.0042959362,0.0095660349,0.0052120031,-0.0117104011,0.0287076528,-0.0221965708,-0.0012494449,0.0227499026,-0.0195430555,-0.0202811988,0.0058469600,0.0094522697,-0.0125322977,0.0012867831,-0.0229734563,-0.0148357838,0.0088989331
58.0000000000,0.0177713604,-0.0213930294,-0.0294214312,-0.0105564087,-0.0233161434,-0.0157007263,-0.0112338002,0.0050712761,0.0103988022,-0.0129124971,0.0025711479,0.0061060785,0.0199666113,0.0070418775,-0.0220765165,-0.0193531784,0.0088700221,-0.0075785711,0.0004506421,-0.0084857456,-0.0051217177,-0.0223571338,0.0065110306,0.0072549606,0.0178974307,-0.0131126241,-0.0246686789,0.0121811253,-0.0056454006,-0.0017966932,0.0260754754,0.0068612581,0.0153217174,0.0012178793,-0.0164566342,0.0093120810,0.0091387598,-0.0144608531,-0.0094631454,-0.0053972907,-0.0011168697,-0.0022340148,-0.0051961682,-0.0028707587,-0.0130851256,-0.0066485362,-0.0285967082,0.0065143581,0.0043770400,-0.0066590999,-0.0189080245,-0.0265842789,0.0158186755,0.0061302295,0.0219673326,0.0020839758,-0.0183514992,0.0053787215,-0.0056880597,-0.0138463162,-0.0177077914,-0.0118953928,-0.0379993545
59.0000000000,-0.0144445098,-0.0061080773,0.0012847205,-0.0180960011,-0.0212530933,0.0012864078,0.0416573006,-0.0051369607,0.0240068284,-0.0183749472,0.0260905923,0.0282626068,0.0007577523,-0.0027896771,-0.0086673309,-0.0062635427,0.0024338197,-0.0174640887,0.0160663545,-0.0098658761,-0.0193878105,0.0039544890,0.0237245704,-0.0027347509,0.0221354316,0.0074542683,-0.0127526658,-0.0044949555,-0.0047822632,-0.0053237002,0.0059176126,0.0115430794,0.0165080573,0.0290300224,0.0173362320,0.0166413776,-0.0173959624,-0.0088964700,-0.0019958308,0.0136606751,-0.0137309680,-0.0147627298,-0.0277581286,0.0004793260,-0.0262862906,-0.0198312675,-0.0266541307,-0.0017744654,-0.0269330652,-0.0237751238,-0.0058847422,-0.0090216382,-0.0295704425,0.0320864343,0.0024526358,-0.0004644414,-0.0135914772,0.0270360028,-0.0249509393,-0.0088526758,0.0109125431,-0.0089086136,0.0153457211
60.0000000000,0.0089489633,-0.0229874990,-0.0054672374,-0.0110165268,-0.0223209132,0.0001177410,0.0171637061,-0.0195554835,-0.0011975160,0.0085252758,0.0016013774,-0.0022900637,-0.0026424986,-0.0009172816,-0.0167256837,-0.0096300396,0.0051471222,-0.0135119318,-0.0095584305,-0.0040295988,-0.0263213320,-0.0077360897,0.0298347231,-0.0017294521,0.0187396331,0.0126579571,-0.0132214510,-0.0062194197,0.0051385096,-0.0070706040,0.0201285603,0.0163520712,0.0049841202,0.0253625624,0.0003212195,0.0074383592,-0.0143863258,-0.0091182784,-0.0047286169,0.0085494130,0.0175046468,-0.0055733702,-0.0166697426,-0.0014213152,0.0078532446,-0.0412254461,0.0174519574,-0.0177073008,-0.0071040088,-0.0178946504,-0.0193644797,-0.0047577215,0.0014640911,-0.0091300623,0.0018691811,-0.0069443770,-0.0101249065,-0.0186639275,-0.0102220720,-0.0060641377,0.0172444234,-0.0090013071,-0.0018891234
61.0000000000,-0.0048635631,0.0062921175,-0.0008577419,0.0008550185,0.0143159963,-0.0049859172,0.0126221662,0.0152372595,-0.0028154887,-0.0003942815,-0.0036206762,0.0035271102,0.0100066544,-0.0167831463,-0.0027170400,-0.0140751872,0.0273148330,-0.0079850631,0.0327535610,-0.0160034447,-0.0031871080,0.0002554715,0.0237521338,0.0021116465,0.0127060681,-0.0074670486,-0.0261988143,-0.0061738271,0.0305854060,0.0084691210,0.0197579316,0.0052258498,-0.0012241621,0.0166924688,0.0046012152,0.0020250533,-0.0267803840,-0.0098192418,-0.0108895842,-0.0060939492,-0.0147251063,-0.0012825494,-0.0166783444,0.0172659357,-0.0231639744,-0.0084452893,0.0214766246,-0.0017878964,-0.0249717365,-0.0187718691,-0.0010023720,-0.0105810525,-0.0100838982,0.0156017910,0.0206824615,-0.0092335440,-0.0184477671,0.0127042383,-0.0005495189,-0.0217058356,-0.0237304706,0.0043072549,0.0084483576
62.0000000000,0.0145796923,-0.0218716149,0.0003124457,-0.0270321148,-0.0283173860,-0.0004080167,0.0061678246,0.0128501594,-0.0101635537,-0.0031633821,0.0057444917,0.0088630226,0.0126776018,0.0015342989,-0.0168498233,-0.0033859797,0.0003369971,-0.0570475780,-0.0025049498,-0.0022395997,-0.0155497654,-0.0042251070,0.0388655144,0.0127088062,0.0242681165,0.0045819952,0.0159084819,-0.0039428861,0.0059330819,-0.0015967591,0.0411865685,0.0028302976,-0.0009448469,0.0296529869,0.0009024505,0.0240876660,-0.0411622234,-0.0026150333,-0.0021518891,0.0143443631,-0.0074461206,0.0045487043,-0.0152380692,-0.0269701833,-0.0320174348,-0.0145278627,-0.0090025478,0.0079950922,-0.0320804178,-0.0212668288,-0.0119403161,-0.0180465201,-0.0075647938,-0.0014228488,0.0107680225,0.0132555876,-0.0063916624,0.0031798931,-0.0004660500,-0.0202808035,0.0062279794,-0.0005451886,-0.0086795434
63.0000000000,0.0004747103,-0.0492992819,-0.0241456559,-0.0021878421,-0.0075832039,-0.0104673499,-0.0038362069,-0.0139633799,0.0073717098,-0.0061296164,0.0073918533,0.0230979551,0.0195146299,-0.0070992419,-0.0201869278,-0.0032489334,0.0115285512,-0.0112172570,0.0259554059,-0.0213129624,-0.0065817223,0.0098936763,0.0190285231,0.0010076729,0.0140842236,-0.0088825484,-0.0098879534,-0.0076872530,0.0066985884,-0.0095750817,0.0480986705,-0.0086448359,-0.0016778119,0.0177714790,0.0067584979,-0.0020795958,-0.0039448492,-0.0151399874,-0.0230814175,0.0068643737,-0.0151651761,-0.0218245371,-0.0338175711,0.0081343000,-0.0119759957,-0.0191411964,0.0020584523,0.0093934746,-0.0144458680,-0.0011526157,0.0062778456,-0.0209030331,-0.0124806780,0.0327086900,0.0117368521,0.0064765984,0.0165851045,0.0139799537,-0.0078402683,-0.0097028704,-0.0002596443,-0.0012053421,0.0031976470
64.0000000000,-0.0065100621,-0.0021534558,-0.0112415966,0.0024499648,-0.0027084181,-0.0097064698,-0.0067414568,-0.0038667186,0.0258900420,-0.0109808235,-0.0043131802,0.0077575242,0.0038934277,-0.0218494340,0.0057593396,0.0001647643,0.0070849671,-0.0102405142,-0.0035522596,0.0147421452,-0.0275604160,0.0254053481,0.0183271646,0.0088012658,0.0120894801,-0.0188185749,-0.0322916274,0.0348047483,-0.0183480641,0.0176593099,0.0210730418,0.0035836988,-0.0123063408,0.0068350484,0.0247931286,0.0027481340,-0.0018046251,-0.0139466559,-0.0225237463,0.0118767716,-0.0241696534,0.0093818310,-0.0185637728,-0.0037069827,-0.0087060286,-0.0197193724,0.0052584800,-0.0090070952,-0.0042461760,-0.0032362809,0.0160897530,0.0079472728,0.0078257248,0.0038032428,0.0241985591,0.0088879710,0.0187002031,0.0299598178,0.0295166326,-0.0068243060,0.0191266098,0.0189374685,-0.0104007794
65.0000000000,0.0057291924,-0.0324347254,-0.0163418864,-0.0138640412,-0.0063628414,-0.0108872457,0.0168840499,0.0090120145,-0.0122203477,-0.0185115118,-0.0137762593,0.0095466282,0.0003875224,-0.0046450016,-0.0217764383,-0.0225225928,0.0100263217,-0.0003308533,0.0136532692,0.0159603332,0.0070283178,-0.0093736509,0.0074064647,-0.0160726054,0.0181926502,0.0102886437,-0.0178475415,0.0057084123,0.0111315886,-0.0081919326,0.0253490493,0.0291601464,0.0075321396,0.0059452321,0.0178902152,0.0184309073,-0.0292392186,-0.0114034833,-0.0022909122,-0.0111966904,-0.0235955444,0.0051485102,-0.0387544996,0.0056813212,-0.0196898735,-0.0151736539,0.0003843682,-0.0089782358,-0.0016931316,-0.0052384842,-0.0073946742,-0.0143315018,-0.0122106353,0.0115307961,0.0124453201,0.0172659519,0.0030935220,0.0032126429,-0.0039264310,-0.0214574985,0.0027699094,-0.0107637888,-0.0024355177
66.0000000000,0.0174417402,-0.0241065226,0.0128033683,-0.0134648390,-0.0164509479,-0.0227378735,0.0140177809,0.0020352497,0.0183549421,-0.0209285523,0.0135974351,0.0041832147,0.0268057289,-0.0206921457,-0.0088808298,0.0035360497,0.0071463955,0.0016475845,0.0101293303,0.0074140182,0.0038962779,0.0084320963,0.0025217884,0.0217877538,-0.0192228006,0.0009153655,-0.0216995059,-0.0101917153,-0.0104737545,0.0089427132,0.0248328674,0.0033399379,-0.0027920900,0.0112835447,-0.0106871790,0.0097967597,-0.0137105727,-0.0094154551,-0.0135374037,0.0290558514,-0.0028345265,0.0059229457,-0.0159076955,-0.0123515843,-0.0004582800,-0.0169245270,0.0062231762,0.0223297735,-0.0150215053,-0.0075295566,0.0022894364,0.0041512545,0.0030500059,0.0189915939,0.0294346891,0.0088917554,0.0015958631,0.0166940667,0.0039554965,0.0048587808,0.0029939375,0.0063393894,-0.0070878532
67.0000000000,-0.0010292763,-0.0131310077,-0.0249575396,0.0047519147,0.0014516380,-0.0103980697,0.0046505988,0.0104206261,-0.0040234927,-0.0091432315,-0.0238901009,-0.0166860475,0.0190455250,-0.0100262343,-0.0189737265,-0.0034128960,0.0143579046,-0.0079708807,0.0036006984,-0.0112294273,-0.0035539299,-0.0218272935,0.0257708880,0.0075055327,0.0031294233,0.0130773685,0.0184732668,0.0342420879,0.0122358294,0.0190829389,0.0276606569,0.0025325334,-0.0099358780,0.0143457262,0.0125108912,-0.0093644232,-0.0055160868,-0.0138983340,-0.0188817644,-0.0024849213,0.0161918767,-0.0032514835,0.0048480400,0.0214128840,-0.0128769595,0.0008067257,-0.0026079789,-0.0064838125,0.0030266302,0.0032124849,-0.0070099698,-0.0011620695,-0.0101558729,0.0119578135,-0.0066683598,0.0105816379,-0.0214631252,-0.0089622583,0.0114389523,0.0226341264,-0.0044407302,0.0004217689,-0.0020175421
68.0000000000,-0.0178937530,-0.0210809853,-0.0282641435,-0.0060808133,-0.0120124343,0.0037443544,0.0375965596,-0.0012885946,0.0106524502,-0.0156806468,0.0142405699,-0.0157235721,0.0072477999,-0.0169932562,-0.0146400804,-0.0334416817,-0.0108191685,-0.0053473534,-0.0127232704,0.0063433273,0.0165670838,0.0089153270,0.0292774799,-0.0005897408,0.0082998494,-0.0038685902,0.0028747925,0.0015386156,-0.0176124374,-0.0077135195,0.0202427335,-0.0016804879,0.0100566889,0.0191654245,0.0019771646,0.0013829158,-0.0114064450,-0.0133283578,-0.0276876796,0.0061991225,-0.0045335533,-0.0161782734,-0.0250742304,-0.0120883864,-0.0127453737,-0.0058076734,-0.0271187368,0.0078159461,-0.0157769674,-0.0125302691,-0.0182078314,0.0062543503,0.0093965870,0.0014465143,-0.0070379810,0.0164848125,-0.0076647826,0.0006183375,-0.0200693376,-0.0009514890,-0.0267792496,0.0047909704,-0.0249667699
69.0000000000,0.0048907094,-0.0175824244,-0.0053959375,-0.0217994517,-0.0131177227,-0.0099980286,-0.0086976265,-0.0034214098,-0.0068586055,-0.0206235487,-0.0120228791,0.0071317628,-0.0042138322,0.0088858946,-0.0253304065,0.0108306227,-0.0018484948,-0.0145422393,0.0085940648,-0.0021987752,-0.0069431236,-0.0074709734,0.0018876723,-0.0053848726,-0.0049257654,0.0026684788,-0.0231136161,0.0040756304,-0.0012624887,0.0099400392,0.0043579828,0.0103148885,0.0170133968,0.0076917016,0.0040843959,0.0035800836,-0.0028807386,-0.0073949556,-0.0013323891,-0.0062523736,-0.0011936105,-0.0037398659,-0.0048415470,-0.0103082319,-0.0089048857,-0.0092487276,0.0253254082,-0.0145547487,-0.0123739421,0.0103423108,-0.0011194115,-0.0157179142,-0.0218664770,0.0117173681,0.0096942564,0.0011544949,-0.0118218967,-0.0088109979,0.0057353680,-0.0042354127,-0.0112235391,0.0136833433,0.0023008774
70.0000000000,0.0140399090,0.0042433246,-0.0247451159,0.0213898619,0.0014689600,0.0049558125,0.0066588188,-0.0136532992,0.0061282282,0.0076759881,0.0097408675,0.0031914165,0.0022701808,-0.0146240133,-0.0329372614,-0.0167685025,-0.0017003895,-0.0130361202,0.0121002514,-0.0005326545,-0.0238687045,-0.0031809841,0.0339864192,0.0080179413,0.0202514815,-0.0345395660,0.0013014434,0.0134667680,-0.0211889530,-0.0033277163,0.0283310270,0.0006673979,-0.0086265573,0.0210631022,0.0031339372,0.0034757329,-0.0083933796,-0.0111791850,-0.0236296313,-0.0313424429,0.0114170360,0.0041319543,-0.0189921947,0.0184547339,-0.0020892417,-0.0297653893,-0.0312942151,-0.0046959541,-0.0094703998,-0.0069046924,0.0103465962,-0.0162850648,-0.0017767713,-0.0236737964,-0.0250431969,0.0079754178,0.0002481064,-0.0065819079,-0.0150817163,-0.0093758070,-0.0319689196,-0.0164339577,-0.0193525111
71.0000000000,-0.0033058524,-0.0050306145,-0.0231673456,-0.0086693707,0.0048922049,0.0143102783,0.0078530628,-0.0086162549,0.0144684001,-0.0094286178,0.0054436206,0.0061769834,0.0011424819,0.0020455090,-0.0135633525,0.0049850485,0.0294859920,-0.0266174014,0.0377955446,-0.0071179401,-0.0189601332,0.0171458306,-0.0010577941,0.0121943075,0.0288530029,-0.0081274181,0.0246771828,-0.0103125039,-0.0018785195,0.0081308229,0.0221851325,-0.0079436233,0.0051793322,0.0330388072,0.0142727075,-0.0000830395,-0.0311095693,-0.0240241259,-0.0207952373,0.0083413019,0.0150855146,0.0113112494,-0.0234147088,-0.0028792271,-0.0031010449,-0.0174551911,-0.0117703541,-0.0057487891,-0.0055079246,-0.0384712345,0.0034247301,-0.0187717713,-0.0024777426,0.0173785592,0.0036096093,0.0177118876,0.0066425033,0.0262696909,0.0161929445,-0.0059239518,-0.0012929288,0.0045271198,-0.0036009567
72.0000000000,0.0005518729,-0.0186400133,-0.0165475971,-0.0120127586,-0.0109183536,0.0033671491,0.0088545875,0.0072343667,-0.0228635242,-0.0064950244,0.0086999559,0.0010165870,0.0223250999,0.0091593847,-0.0258556786,-0.0207855502,0.0205081786,-0.0446140486,0.0144177251,-0.0287192264,0.0085787161,0.0062392399,0.0203993005,-0.0098451874,0.0025874394,-0.0118229137,-0.0186549690,0.0064982457,-0.0107437645,0.0228289578,0.0356880075,0.0099230565,0.0085011367,0.0199311582,0.0416092990,0.0279851373,-0.0181661506,-0.0263136550,-0.0228400879,0.0116318531,-0.0152220024,0.0185368393,-0.0030299141,0.0107573593,0.0037924411,-0.0230084702,0.0038395256,0.0015101826,-0.0355626061,-0.0013477534,-0.0020835282,-0.0195771321,0.0004603472,0.0175638854,0.0146443053,0.0357888189,-0.0150736216,0.0274893084,-0.0089028441,-0.0267126452,-0.0181919891,0.0034034561,-0.0038251570
73.0000000000,0.0114369721,-0.0080297149,-0.0129526394,0.0068293662,-0.0145934486,-0.0291378940,0.0107810406,0.0093423587,-0.0066394693,0.0023199961,0.0038985890,-0.0051038460,0.0010034167,-0.0190736986,0.0081162300,0.0004445744,0.0183710364,-0.0290713111,0.0140165004,-0.0088309612,0.0121071006,0.0006643233,-0.0008516638,-0.0101824385,0.0311167782,0.0081241395,-0.0180352961,-0.0211078475,0.0146304286,0.0249468399,0.0284106901,0.0043106397,-0.0123351931,0.0384363527,-0.0041050700,0.0051304060,-0.0127823290,-0.0128048653,-0.0206390999,0.0159386991,-0.0212744647,0.0105451720,-0.0147586220,0.0005210344,-0.0185233566,-0.0175299888,0.0016984199,0.0060987787,-0.0153033653,-0.0216354384,-0.0124664162,-0.0077039716,-0.0180624530,0.0175275015,-0.0046960565,-0.0038139780,0.0174768170,0.0040618201,0.0037663710,0.0059616680,0.0090117161,0.0169263317,-0.0057881044
74.0000000000,0.0002079232,-0.0108611264,-0.0155239442,0.0066390003,-0.0085415863,0.0081769599,0.0209834428,0.0027050020,-0.0050379477,0.0072330588,0.0090771700,0.0019458768,0.0257932124,0.0022599980,-0.0239732119,-0.0126974184,-0.0004947157,-0.0139197317,0.0028154044,0.0112781231,-0.0089827581,-0.0028067803,0.0007623861,0.0131565201,0.0096528467,-0.0288756222,0.0174685567,0.0037780619,-0.0177693964,-0.0104258990,0.0120471281,0.0151118522,0.0126719222,0.0316149119,-0.0046770404,-0.0332929889,-0.0048231566,0.0013522591,-0.0020632247,0.0133763632,-0.0016657963,-0.0159833870,-0.0472639251,-0.0186063906,-0.0366306041,0.0007417257,-0.0122034465,-0.0094577648,-0.0090210347,-0.0141856121,0.0062275551,0.0013172047,-0.0163210000,0.0143997148,-0.0057997340,0.0009582912,-0.0133582552,0.0067708556,0.0049934467,-0.0059049846,-0.0029128391,-0.0037619357,-0.0018201670
75.0000000000,-0.0169795098,-0.0286967748,-0.0095873597,-0.0027877165,-0.0139257714,-0.0218715416,0.0097009057,0.0346581264,0.0008539644,-0.0146052436,0.0194183769,-0.0043973292,0.0008758294,0.0195993224,-0.0210070704,0.0032962945,0.0284158353,-0.0297341507,0.0154024040,-0.0030496804,-0.0116854096,-0.0093175836,0.0245641181,0.0152899583,0.0160104189,0.0053097737,-0.0064629335,0.0123666830,0.0108497264,0.0210823329,0.0483555730,0.0184625983,0.0076561766,0.0522784742,-0.0044128514,-0.0017225948,-0.0071969616,-0.0143017481,-0.0098139487,0.0300026515,-0.0115810400,0.0215698926,-0.0034118475,-0.0069301267,-0.0120985873,-0.0167061794,-0.0165029075,0.0040291708,-0.0103300539,-0.0086938041,-0.0217403763,-0.0074528021,-0.0046317983,0.0036100754,0.0084911520,0.0394807545,-0.0155574562,-0.0042753419,-0.0076761718,-0.0098191778,-0.0154487856,0.0033236407,-0.0028326959
76.0000000000,0.0043623385,0.0002473417,-0.0127093623,-0.0024886355,-0.0025201560,0.0000633912,-0.0046201169,0.0151954570,0.0048766631,-0.0031920763,-0.0092433550,-0.0000370409,0.0090955947,-0.0012468462,0.0060233874,-0.0054389955,0.0097468825,0.0006918552,-0.0031118027,0.0228609362,0.0050315595,0.0068518478,-0.0109677227,0.0114137137,0.0283911143,0.0057638486,0.0185654583,-0.0023763707,-0.0170322145,0.0047566885,-0.0049446296,0.0171354120,-0.0088785254,0.0164193011,0.0102738720,0.0019366792,0.0136100822,-0.0002171364,0.0009929693,0.0049578058,-0.0175694153,0.0038171687,0.0087502033,0.0145981075,0.0044390256,0.0051354605,-0.0049675718,-0.0050222567,-0.0081340181,0.0133887470,0.0044566264,-0.0033628294,-0.0122417060,0.0071396213,-0.0033287445,-0.0078492212,-0.0012573753,-0.0029006907,0.0143774568,0.0000208860,-0.0323063618,0.0033900660,-0.0041086239
77.0000000000,0.0203380765,-0.0096216297,-0.0236538132,-0.0043129391,-0.0179473280,-0.0055291991,0.0025136296,0.0196989543,0.0038495646,0.0096668200,0.0006465423,0.0010083540,-0.0055007040,-0.0092052183,-0.0253711704,0.0085756737,-0.0106879267,-0.0362450788,0.0155954375,-0.0149608198,-0.0246389695,-0.0040052888,0.0011268723,0.0104254927,0.0274653412,-0.0192317643,0.0101261676,-0.0197980379,-0.0020509638,0.0078671685,0.0121209490,-0.0075516163,-0.0091412038,-0.0067083826,0.0064680415,0.0104904882,-0.0220036441,-0.0108569605,-0.0237393031,0.0303182144,-0.0205919058,-0.0017964728,0.0062211477,-0.0212949279,-0.0001303099,-0.0108406832,0.0058734773,-0.0021198352,-0.0204242815,-0.0044546146,0.0001001460,-0.0205733885,-0.0063914472,0.0031260046,0.0085243674,0.0129218422,-0.0266296441,-0.0077114961,-0.0096834763,-0.0003314318,-0.0014746624,-0.0132804545,0.0018491384
78.0000000000,0.0129197659,-0.0181453391,-0.0134547022,-0.0073096584,0.0046492114,-0.0167962971,0.0178558080,-0.0093290956,-0.0054681603,0.0032829387,0.0159312999,-0.0003076512,-0.0177859322,-0.0177990662,-0.0218799918,-0.0275503658,0.0032460677,-0.0048752396,0.0135916870,0.0051446825,-0.0040180632,0.0110104993,0.0289999879,0.0182194031,-0.0069532869,-0.0159027609,-0.0238833443,0.0011277328,-0.0194696879,0.0254628794,0.0180250722,0.0174189559,-0.0109441499,0.0024880967,0.0086445219,0.0146380071,-0.0120244423,-0.0077619066,-0.0175251263,0.0129005737,0.0051421994,0.0093108592,-0.0320788864,0.0232017682,-0.0017968629,-0.0227141391,-0.0014688727,0.0028477455,-0.0217281032,-0.0175902542,0.0166904188,-0.0346324551,0.0130224168,0.0214013569,-0.0126474265,0.0081944979,0.0070014957,-0.0147397393,0.0072590563,-0.0113837209,-0.0128447862,0.0117915608,-0.0015118232
79.0000000000,-0.0018718390,0.0148104356,-0.0259643253,-0.0043109712,0.0007266658,-0.0049360546,0.0126418922,0.0007520974,0.0021398975,-0.0171773169,0.0004686181,0.0088150019,0.0118198996,-0.0093064831,-0.0097335480,-0.0126033738,0.0092263995,-0.0084996029,-0.0003725522,-0.0120899996,0.0062081648,-0.0080148971,0.0076225340,-0.0185807795,0.0142372391,-0.0083571177,0.0138074407,-0.0015617798,-0.0116382378,-0.0030287468,0.0184226597,0.0123483173,0.0213068483,0.0109918913,0.0185296622,0.0012251103,-0.0136603922,-0.0123356735,-0.0061171239,-0.0027032758,-0.0011364461,0.0003772795,-0.0241299417,0.0074545786,-0.0068037965,-0.0110339444,-0.0101065187,0.0091714457,0.0146552241,-0.0060265147,-0.0257158035,-0.0208957922,-0.0164270038,0.0070895480,-0.0083194018,0.0011056521,-0.0068515112,0.0009587919,0.0183803101,-0.0168199717,0.0133532056,-0.0056936331,0.0137530013
80.0000000000,-0.0011916116,-0.0196804373,-0.0251953819,-0.0282030362,0.0029283742,0.0033251279,0.0094688203,0.0168180786,0.0136530773,0.0125250989,0.0065584400,-0.0064367291,-0.0031400123,-0.0299489500,-0.0262935881,0.0028605971,0.0119848384,0.0053505417,0.0167961957,-0.0069576256,0.0119887135,0.0032104604,0.0355180954,0.0074937179,0.0114349440,-0.0186443050,0.0034558795,-0.0026891153,0.0051124715,0.0184231578,0.0268110757,0.0054981453,0.0167187472,0.0193836210,-0.0152587135,-0.0014800931,-0.0101940265,-0.0197838111,-0.0118339881,0.0340133678,-0.0147361707,-0.0022910417,-0.0037163732,0.0270909004,0.0025331398,-0.0181979822,0.0294657041,0.0174406786,-0.0120253188,0.0083111135,0.0038696337,-0.0237366910,-0.0180932321,0.0197881930,0.0325945534,-0.0054949258,0.0114545750,0.0239229135,-0.0158967636,-0.0292132379,-0.0149038971,-0.0226332190,-0.0206378738
81.0000000000,0.0012866227,-0.0304940279,-0.0263157070,0.0119534331,-0.0094858897,-0.0184080985,-0.0046618638,-0.0119716264,0.0082536447,-0.0123871215,0.0072536504,-0.0090990180,-0.0043689812,-0.0032618428,0.0071140051,-0.0118598585,-0.0108894326,-0.0183132493,0.0164535252,-0.0088842319,-0.0410300896,-0.0086434138,0.0082245067,0.0051097485,-0.0099331142,-0.0033947989,-0.0252972278,0.0138329324,0.0062363924,0.0255598201,0.0266980629,0.0034869814,-0.0073442433,0.0085430027,0.0174888772,0.0257507855,-0.0344587955,-0.0194036177,-0.0033350495,0.0026052171,-0.0017069997,0.0046882701,-0.0229653615,0.0106984514,-0.0269779233,-0.0474903395,0.0043679948,-0.0106706185,-0.0116316358,0.0004657768,0.0263955658,-0.0055564805,-0.0145426793,0.0096869599,0.0072908805,0.0080931244,0.0110241951,0.0030566563,0.0141246508,-0.0029484503,0.0004828879,0.0028407210,-0.0049835072
82.0000000000,0.0006709397,0.0118690993,-0.0011164515,-0.0070169860,0.0185212796,-0.0013233712,0.0150909645,0.0071191145,-0.0200564372,-0.0090864479,-0.0050734908,0.0030745806,-0.0216429746,-0.0110984253,-0.0177507001,0.0042026990,-0.0126609731,0.0006959415,-0.0001466923,-0.0014578933,0.0051710208,0.0199098010,0.0019672377,0.0131437053,0.0159044429,-0.0033063971,-0.0243343021,0.0037290925,0.0069576216,0.0077331777,0.0107755938,0.0153400279,0.0196892677,0.0167834929,0.0019154762,-0.0126641456,-0.0074659479,-0.0180513034,-0.0331623814,-0.0096515678,-0.0168869427,0.0069623963,-0.0203657152,0.0140824838,-0.0200236795,-0.0143876963,0.0071874556,-0.0201973100,-0.0186461478,-0.0153292247,-0.0201544796,0.0018745012,-0.0009097734,0.0150774264,0.0227631206,-0.0124996791,-0.0087647214,0.0041752057,0.0028866806,-0.0118373227,-0.0200806798,-0.0010467548,-0.0172012442
83.0000000000,-0.0002636333,0.0036521456,-0.0000883100,-0.0106349483,-0.0072461206,0.0109909140,0.0263918748,0.0195883114,-0.0049381214,-0.0051166718,0.0069237800,0.0107703500,-0.0029485845,-0.0242747760,-0.0128023368,-0.0153521364,0.0237436052,-0.0105620955,-0.0058877258,-0.0231654593,-0.0153646563,-0.0259035444,0.0136363911,-0.0027530683,0.0189185984,-0.0007793064,-0.0116020274,0.0086228412,0.0055335316,0.0171925324,0.0350766791,-0.0009639977,-0.0009182311,0.0399184429,0.0108058985,0.0246577788,-0.0281183543,-0.0039150522,-0.0058555216,0.0064172927,0.0000969165,0.0062859834,-0.0262072891,-0.0034226184,-0.0075429057,-0.0224458863,-0.0134713598,0.0146504942,-0.0144023031,0.0173450981,-0.0205950277,0.0077497322,-0.0143419864,-0.0171205327,0.0040863543,0.0119330766,0.0303229332,0.0237440008,-0.0027725142,-0.0066374705,-0.0387421925,0.0055094193,-0.0222702428
84.0000000000,-0.0030598283,-0.0129305336,-0.0229175891,0.0110115719,-0.0361786462,-0.0306944884,-0.0079515027,-0.0028922954,-0.0053236708,-0.0136842068,0.0055497846,0.0289498610,-0.0023258583,-0.0230867167,-0.0170383256,-0.0013530113,0.0026706360,-0.0274937938,0.0153295008,-0.0116220266,-0.0190918223,-0.0159195285,0.0363620822,-0.0034541859,0.0096261568,0.0021382740,-0.0190250634,0.0142595705,0.0094360782,0.0237670345,0.0450989565,-0.0054126611,-0.0033809540,0.0283635038,0.0110460933,-0.0017507289,-0.0399283436,-0.0097471289,-0.0072937121,0.0203543576,0.0038928848,0.0072197631,-0.0345152988,-0.0164184554,-0.0435083472,-0.0311575796,0.0097352820,0.0070587073,-0.0321181910,-0.0081021301,-0.0161635264,-0.0248302206,-0.0037408942,0.0158674493,0.0354758841,0.0423287557,0.0039171996,0.0104448430,-0.0031824307,-0.0211964842,-0.0112578504,-0.0068203389,-0.0273747214
85.0000000000,-0.0098018338,-0.0135409789,-0.0312066564,0.0108476799,-0.0137312434,-0.0106471109,0.0061733995,-0.0081632517,0.0144607888,-0.0150926107,0.0021255236,0.0094091536,0.0256128904,-0.0156897422,-0.0047517061,-0.0323805290,-0.0025681738,-0.0213115476,-0.0070223123,0.0149718806,0.0001881884,-0.0157334875,0.0167365285,0.0179879156,0.0083606478,-0.0176352493,0.0013062857,-0.0134332615,0.0125216276,0.0293888274,0.0217208334,-0.0055204855,0.0099569896,0.0304690594,0.0099181092,0.0160458099,-0.0144229620,-0.0085031861,-0.0026817180,0.0317336705,0.0130387571,0.0261889801,-0.0279958032,-0.0038045368,0.0080095166,-0.0016599050,0.0052297062,-0.0144806632,-0.0083421138,-0.0011703145,-0.0079483232,-0.0006454375,-0.0019160988,0.0278618725,0.0110252187,0.0178889707,0.0133877665,0.0256738307,-0.0097638819,-0.0143847905,0.0035760226,0.0115281142,-0.0163839803
86.0000000000,-0.0197882772,-0.0214131157,-0.0109168583,-0.0311087528,-0.0008258471,-0.0082435068,-0.0065693508,-0.0021828713,0.0043731855,-0.0069927259,0.0039894188,-0.0063468815,0.0026391756,0.0024728504,-0.0107621059,-0.0031203628,-0.0068612333,0.0046721811,0.0101295763,-0.0117323276,-0.0155078476,0.0073382499,0.0299098267,0.0041957093,-0.0035690088,-0.0091717447,-0.0029608843,-0.0044849974,0.0344766890,0.0010938346,0.0167736088,-0.0078247757,-0.0218321052,0.0014725557,-0.0062542732,0.0093528255,-0.0064909803,-0.0134464045,0.0082534865,0.0043325295,0.0064975957,-0.0150341038,-0.0164983481,-0.0257590005,-0.0326735691,-0.0145817022,0.0014752313,0.0092196076,-0.0097359641,-0.0015726937,-0.0061689782,-0.0009119756,-0.0049570679,0.0263506747,0.0117980297,0.0265096771,-0.0098969433,-0.0130028855,-0.0113528969,-0.0022245898,0.0034712889,0.0037765863,-0.0068551502
87.0000000000,0.0013451647,-0.0096632275,-0.0164107457,-0.0115401624,-0.0183945551,-0.0022870303,0.0156967928,0.0065276003,-0.0055996486,-0.0018647649,0.0052653621,0.0010478488,-0.0045045997,0.0012806916,-0.0041630858,-0.0153191033,0.0437853089,-0.0148361001,0.0413703398,0.0016976505,-0.0134230163,-0.0073465790,-0.0076053220,-0.0077754791,0.0097782361,-0.0100015538,-0.0011296567,0.0051903450,-0.0078317522,0.0152843596,0.0404407602,0.0011181693,0.0000545820,-0.0022510723,0.0217669549,-0.0099276761,0.0040005430,0.0038699395,-0.0175223523,-0.0088075177,0.0126164910,0.0119518074,-0.0178637402,-0.0088987883,0.0029572058,-0.0160202713,0.0263121721,0.0000437384,-0.0120563545,-0.0211811085,0.0076870930,-0.0363147821,-0.0061821310,0.0111273121,-0.0157606508,-0.0081456809,0.0047930611,-0.0101497841,-0.0189395959,-0.0200425827,-0.0214201498,-0.0028226785,-0.0014343443
88.0000000000,-0.0111000044,-0.0063684616,0.0146316329,-0.0006910680,-0.0039863627,-0.0188264992,0.0237911619,0.0083048672,0.0124648329,-0.0123283802,0.0169861528,-0.0169453831,-0.0102660515,0.0024788016,-0.0075095183,-0.0068285516,0.0118130781,-0.0164164071,0.0158780220,0.0048499951,-0.0101891576,-0.0196398684,0.0048004691,0.0020893392,-0.0255638296,-0.0027521684,0.0131749564,0.0039779331,0.0103584422,-0.0028195644,0.0239858813,-0.0379906848,0.0084937737,0.0166379220,0.0000822729,-0.0100261482,-0.0077767407,0.0015001444,-0.0137188457,0.0191742188,0.0158051949,0.0043312779,-0.0249794442,0.0008072724,-0.0272285466,-0.0192080768,-0.0058504003,0.0216466022,0.0016532966,-0.0056788057,-0.0149770046,0.0065089366,-0.0144118295,0.0212573603,-0.0075555296,0.0176553361,0.0340128384,0.0026739716,0.0047603677,-0.0084445552,0.0079513021,-0.0023569266,-0.0037045751
89.0000000000,-0.0000102514,-0.0298104622,0.0123915834,-0.0089476478,-0.0010989454,0.0070882548,0.0206054225,-0.0122039721,0.0108267519,-0.0003336752,0.0212005153,0.0030412145,-0.0010945179,0.0164905158,-0.0217284331,-0.0054569315,-0.0001159765,0.0038681181,0.0005295847,-0.0037335365,-0.0148009478,0.0106945323,0.0494828905,-0.0009877374,0.0193431638,-0.0095315562,0.0051161686,0.0128294657,0.0034480483,-0.0015184342,0.0249123043,0.0060821453,0.0282784566,0.0012541278,0.0093496863,-0.0019321785,-0.0034519054,-0.0276642721,-0.0220291589,0.0133955602,0.0149117938,0.0163126072,-0.0150971172,0.0024955423,-0.0239342415,-0.0334336500,0.0089072083,0.0129570531,-0.0227892463,-0.0177880792,-0.0055559381,-0.0150769163,-0.0076383850,-0.0000117305,-0.0131368005,-0.0081594240,-0.0181735268,0.0066309913,-0.0319641553,-0.0010185135,0.0012486440,-0.0002085365,-0.0109767646
90.0000000000,-0.0200046348,-0.0087803873,-0.0203967330,-0.0094047879,-0.0107746683,-0.0253071252,0.0177262194,-0.0053523224,-0.0070343046,0.0168678153,0.0186474799,-0.0025552771,-0.0166308574,-0.0159325072,0.0167435617,0.0052852055,-0.0105767182,-0.0253196182,-0.0019046924,0.0015599511,-0.0038618861,0.0000818677,0.0124102521,-0.0071877914,0.0078345717,-0.0130973453,-0.0035972682,0.0034058923,0.0078505681,0.0161701873,0.0236392321,-0.0060939022,0.0148370781,0.0056071867,0.0077200292,-0.0065515117,-0.0030231972,-0.0117916676,0.0087228500,0.0118902411,-0.0206474413,-0.0103918656,-0.0060716077,-0.0009651244,-0.0066324945,-0.0039206524,0.0136706206,-0.0111238296,-0.0216579493,-0.0053659766,-0.0269775812,0.0073799831,-0.0086093525,-0.0092884312,0.0122725902,0.0067883674,-0.0237687234,0.0060810656,-0.0036251287,-0.0085069042,-0.0147324126,0.0064771564,0.0040238236
91.0000000000,0.0189750842,0.0159759032,-0.0146270150,0.0039744938,-0.0131343903,-0.0002548523,0.0187069049,-0.0019520325,0.0016130405,-0.0212963774,0.0150542563,0.0145391511,0.0080056097,0.0040739114,-0.0228817092,-0.0045353192,0.0305540614,-0.0168265203,0.0045237940,-0.0302506421,0.0105762532,0.0023928039,0.0071569669,0.0088706976,0.0010050280,0.0100190757,-0.0221245635,-0.0143158830,-0.0086945183,0.0098772355,0.0259883453,-0.0024892829,-0.0062433935,0.0020165727,0.0145595245,0.0156895325,-0.0278766122,-0.0217624391,0.0138344963,0.0086794132,-0.0197699789,0.0086129089,-0.0205012717,-0.0107673914,-0.0114662789,-0.0288367224,0.0079845763,0.0022229147,-0.0307627319,-0.0066747496,-0.0000932426,-0.0229344066,-0.0048114491,0.0010636990,-0.0005911907,0.0002251788,-0.0019744840,0.0251658703,-0.0268168659,-0.0132336034,-0.0110387328,0.0031943507,0.0080195412
92.0000000000,-0.0102105443,-0.0113642977,-0.0187951492,-0.0021714456,-0.0011920027,0.0071117741,0.0160083147,-0.0175567823,-0.0038150710,-0.0111062435,-0.0158984646,-0.0229601557,0.0128982599,-0.0108858350,-0.0123230290,-0.0132632863,-0.0173914780,-0.0000428651,0.0128844771,0.0027981825,0.0111090532,0.0188752619,0.0036534846,-0.0074788856,0.0155317113,-0.0147449425,-0.0074921557,-0.0154519569,-0.0039784212,0.0209358658,0.0228646121,0.0315113099,-0.0040261102,-0.0032078269,-0.0089527757,0.0019628987,-0.0046462737,-0.0175757827,-0.0050458735,0.0196788401,-0.0072564539,0.0067878105,-0.0180667135,-0.0014685191,-0.0101154262,-0.0100641559,-0.0036658236,-0.0215503425,-0.0241857899,-0.0228100004,-0.0107887264,0.0027098270,0.0261393133,-0.0014228469,0.0076208418,0.0086598361,0.0226963802,0.0240209094,-0.0011156295,0.0051841435,-0.0074865482,0.0020315092,-0.0078424248
93.0000000000,0.0189007353,-0.0135151762,-0.0060307436,0.0043720216,-0.0091882363,-0.0107767414,-0.0087965507,-0.0052014175,-0.0042205795,0.0087219478,0.0255599852,0.0079625515,-0.0051579926,0.0103884399,-0.0201226948,0.0038750207,0.0029967656,-0.0095323673,0.0350947288,-0.0008004683,-0.0037715973,-0.0065676244,0.0202312584,0.0021285373,0.0062763351,-0.0029940900,-0.0310296513,-0.0141744525,0.0196672575,0.0029633543,0.0374245961,0.0067431627,0.0109717096,0.0069942603,0.0044522475,0.0108846099,-0.0079047297,-0.0285174799,-0.0123655547,0.0301038010,-0.0289221750,-0.0093281695,-0.0137509932,0.0034037342,-0.0233893191,-0.0216546874,0.0192353684,-0.0247766152,-0.0182023915,-0.0049524735,-0.0211597819,-0.0120869467,0.0174898482,0.0218714714,0.0080102180,0.0076458377,-0.0081581185,-0.0034126983,-0.0009968400,-0.0189204059,-0.0161979163,-0.0143817302,0.0107464953
94.0000000000,-0.0031087139,-0.0093775376,-0.0016139577,-0.0278069322,-0.0191790473,-0.0236293139,0.0117531788,-0.0128857714,0.0119197812,-0.0109384767,0.0042029081,0.0077165028,-0.0012136982,0.0120950842,-0.0146622854,-0.0065616280,0.0062671696,-0.0197628453,0.0142584714,-0.0072589861,0.0019861003,0.0098961934,-0.0015248904,0.0021939013,0.0051888866,-0.0049959950,-0.0183705625,0.0218253615,-0.0058741912,0.0033497476,0.0243148491,0.0109168299,0.0071145931,0.0167284087,0.0150428322,0.0001762446,0.0002105936,-0.0173346850,-0.0415880778,0.0148002661,0.0011539433,0.0030644325,-0.0275259911,-0.0146042064,-0.0110102382,-0.0128530976,0.0125244579,0.0001534714,-0.0208500897,-0.0085200082,-0.0202209450,-0.0094611371,-0.0002143877,0.0038741422,0.0033295802,0.0074567230,-0.0129877558,0.0130087120,0.0056297145,0.0032899587,-0.0045586681,0.0018853378,-0.0030429540
95.0000000000,-0.0009667242,-0.0199001068,-0.0135413826,0.0003878938,0.0026703427,0.0014789823,0.0066223432,-0.0022272511,0.0141188176,-0.0126576837,0.0108656628,0.0042239127,0.0075166607,-0.0278785217,-0.0251433409,-0.0195394062,0.0065233960,-0.0306254620,-0.0012318922,-0.0045250470,-0.0222470649,-0.0126288511,0.0359381662,0.0290612294,0.0124567769,-0.0317248513,-0.0212503370,0.0177072033,0.0180726519,0.0126603471,0.0230565419,0.0229080912,0.0106605318,0.0149033740,0.0086308992,0.0328273726,-0.0233741087,-0.0076915018,-0.0027407936,0.0274678614,-0.0045129826,-0.0012356112,-0.0048778408,0.0008872784,-0.0518859607,-0.0342736400,-0.0244696272,0.0132637860,-0.0045869507,0.0027152266,0.0103032798,-0.0071757298,-0.0051809340,0.0096014982,0.0101274620,0.0137947264,0.0110181017,-0.0019574103,-0.0191925545,-0.0157012698,-0.0244451932,0.0025941571,0.0118587085
96.0000000000,0.0129545285,-0.0037788501,0.0057823259,0.0121554420,-0.0277597918,-0.0011033279,0.0054842705,0.0028421634,0.0127604724,-0.0119242204,-0.0092963291,-0.0035392551,0.0080156897,-0.0137573829,-0.0018307671,-0.0089279029,0.0156790354,-0.0157894195,-0.0004402690,0.0023351507,0.0020341627,-0.0160951037,0.0070713419,0.0156741910,0.0197239413,0.0324125245,-0.0067296813,0.0141305574,0.0108928625,0.0176809025,0.0323650260,-0.0045477951,0.0141243081,0.0043847722,0.0001457826,0.0118881476,-0.0278707683,0.0071185430,-0.0130676445,0.0042556569,-0.0197099562,-0.0032531076,-0.0041690074,0.0215112548,-0.0007333421,0.0004535409,0.0078055616,-0.0036159455,-0.0072816040,0.0120079925,0.0032323837,0.0109501335,-0.0047530512,0.0088359783,0.0159409310,0.0086957595,-0.0074646113,0.0041388765,0.0256228487,0.0073824016,-0.0006454915,0.0075913870,-0.0206254228
97.0000000000,-0.0219686205,-0.0111184731,-0.0181443209,0.0199391369,-0.0067330948,-0.0011208182,0.0144571890,-0.0066310416,0.0362374591,-0.0196812523,0.0096234101,-0.0121098104,-0.0031851492,-0.0203912636,-0.0211200123,-0.0209126668,0.0174880385,-0.0139132029,0.0292738282,-0.0012330738,-0.0061827600,-0.0035703206,0.0193708164,-0.0023898743,0.0018831961,-0.0184782876,-0.0182185365,0.0019902172,-0.0031455778,0.0244531225,0.0212832160,0.0068094421,-0.0030531304,0.0162685376,-0.0029579954,0.0111029183,-0.0098221407,-0.0326769496,-0.0037833410,0.0010272627,-0.0117136831,0.0139654556,-0.0143779498,0.0124561786,-0.0040147017,-0.0005646222,0.0191770029,0.0143315756,-0.0222125903,-0.0023875515,0.0059280161,-0.0002691123,0.0128032033,0.0170502410,0.0177515120,0.0128240598,0.0095609425,-0.0015110557,-0.0124877998,-0.0305702617,-0.0188097238,0.0177066721,-0.0118809063
98.0000000000,0.0106495664,-0.0088850856,-0.0097176804,0.0020401209,-0.0098601361,0.0068300058,0.0188144707,-0.0165029603,-0.0053129127,0.0065183035,-0.0021859339,-0.0033709281,0.0275510531,-0.0180945747,0.0163278074,-0.0051156861,-0.0048687688,-0.0275827577,0.0302191339,0.0207816019,-0.0050133548,0.0183944368,0.0197783845,0.0006076929,0.0143084968,0.0055028528,-0.0088291634,-0.0065534765,0.0157015940,0.0001690927,0.0344145392,0.0065875849,-0.0006752889,0.0135904043,0.0216142624,0.0024754931,-0.0103780765,-0.0005204403,0.0175182162,0.0033189896,-0.0076788300,0.0163066793,0.0045768382,-0.0157187536,-0.0042936419,-0.0177873954,0.0028088376,0.0114486987,-0.0010067976,-0.0040333826,-0.0152832346,-0.0130611324,-0.0163973032,-0.0022920690,0.0006653617,0.0024884423,-0.0097614383,0.0147917877,-0.0237090708,0.0019827897,-0.0108510158,-0.0042014922,-0.0014910915
99.0000000000,-0.0101287845,-0.0017940289,-0.0166107321,-0.0045402987,-0.0113737627,0.0007856704,0.0272499887,-0.0102142769,0.0117312202,-0.0060875605,0.0092546384,0.0234779766,-0.0117164316,0.0057795214,0.0058008506,-0.0209451003,0.0041982600,0.0028978252,-0.0071842628,0.0067344549,0.0041284397,-0.0120623760,0.0199376445,0.0269079338,0.0216178117,-0.0022181670,-0.0010417899,0.0013777571,-0.0038989335,0.0049729600,0.0320187503,0.0022231477,-0.0100307333,0.0280033669,0.0043678605,0.0205922724,-0.0092106611,-0.0349415863,-0.0073169033,0.0286942961,-0.0159050586,-0.0133881843,-0.0114521561,0.0208370930,-0.0114850534,-0.0083296871,-0.0075625258,0.0099299880,-0.0158783414,0.0114047269,-0.0180156638,-0.0105857893,-0.0121785389,-0.0046548145,-0.0046989359,0.0092590035,-0.0008910195,0.0042693577,0.0041755590,-0.0071819362,0.0040372779,-0.0231878300,0.0114473294
100.0000000000,-0.0071089966,-0.0305828939,0.0141982746,-0.0092282273,-0.0026779991,-0.0132303197,0.0009242364,0.0054553416,-0.0127175788,-0.0023072523,0.0216443849,0.0039489588,0.0051248149,-0.0242988790,-0.0255610755,-0.0329639786,-0.0036721848,-0.0189312275,-0.0005471785,-0.0112558869,-0.0122992668,0.0000451206,0.0255972572,0.0139402745,0.0347958390,-0.0073998705,-0.0105113295,0.0144019076,0.0287604443,0.0152086574,0.0271190606,0.0023902834,-0.0086489917,0.0120378558,0.0111056480,0.0142724057,-0.0194277324,-0.0189459636,0.0058079915,0.0082930327,-0.0078171209,0.0298688102,-0.0078847985,0.0099067189,-0.0311282459,-0.0104496917,0.0078973935,-0.0025129004,-0.0198848312,-0.0195781181,0.0007537443,-0.0132715889,-0.0140907706,0.0330123503,0.0070389000,0.0059335852,0.0082289193,0.0111006684,-0.0011154074,0.0002739779,-0.0116346888,-0.0056993937,-0.0181557745
101.0000000000,-0.0015130125,-0.0192426411,-0.0172963962,-0.0309204095,-0.0072469632,-0.0150577925,0.0068380018,0.0102420787,0.0114545686,0.0101937176,0.0180546292,-0.0143939758,0.0101667252,-0.0274936432,-0.0206091127,0.0007386611,-0.0079903862,-0.0165216357,0.0042022277,0.0144022635,-0.0126871512,0.0122679107,0.0368827386,0.0033233418,0.0147042994,-0.0052064177,-0.0053062165,-0.0063913820,0.0082784645,0.0223140945,0.0535715825,0.0135593240,0.0047477325,0.0073495106,0.0215809406,0.0115150339,-0.0110878167,-0.0278469299,-0.0189739241,0.0239252547,0.0080814718,-0.0082328868,-0.0199662676,0.0140938243,-0.0050272550,-0.0272568561,0.0213562194,0.0115896521,-0.0265589504,-0.0097015305,-0.0048980053,-0.0166231390,-0.0334653832,0.0004976393,0.0005171893,-0.0059542813,-0.0074893840,0.0025321707,0.0026585945,-0.0257887786,-0.0195699444,-0.0101960905,0.0165717302
102.0000000000,-0.0081674863,-0.0104982549,0.0047754153,0.0083598563,0.0072597457,-0.0060980075,0.0249452067,0.0090483520,0.0074091260,0.0155511537,0.0069402334,0.0164762744,0.0047086132,-0.0046108700,-0.0117615081,-0.0001801083,0.0007496893,-0.0120710617,0.0050472006,0.0278825149,0.0087468273,0.0031443394,0.0067816667,0.0099995558,0.0272079291,-0.0011806902,-0.0021536697,0.0160721878,-0.0140065140,0.0144063048,0.0237016871,0.0007685819,-0.0094644752,0.0200604530,0.0050930315,0.0047414872,0.0128173460,-0.0093707503,0.0066933057,0.0282255046,0.0187240188,-0.0022788421,-0.0129059391,-0.0008576739,-0.0080070609,-0.0073814198,-0.0052320973,-0.0098386685,-0.0007530900,-0.0122536766,-0.0106280199,-0.0206736969,-0.0021124883,0.0172907389,0.0145679375,0.0024423261,0.0058125040,0.0044200097,0.0107493912,0.0042751113,0.0069652876,-0.0119555449,-0.0021237456
103.0000000000,-0.0165135266,-0.0196398651,-0.0210615147,0.0011245242,-0.0202156084,0.0297167341,0.0068347457,-0.0163189250,-0.0061439630,0.0000950010,0.0258042765,0.0013185865,-0.0065180225,-0.0203801847,-0.0111911416,-0.0000357176,0.0109481075,-0.0269754408,-0.0024247618,-0.0111135576,-0.0131761907,-0.0055129218,0.0355653942,-0.0051393632,0.0214996499,0.0005011671,0.0066184110,-0.0047939767,0.0005900070,-0.0093492524,0.0141797416,0.0091455593,0.0278623770,-0.0020691897,0.0144197567,0.0241892275,-0.0248908962,-0.0178766008,-0.0237532235,0.0219242324,0.0041598551,0.0330271366,-0.0219320170,0.0027657497,-0.0090323044,-0.0297171583,-0.0277841518,0.0038084524,-0.0083875300,0.0021968664,-0.0286750756,-0.0083666240,-0.0197228782,0.0186016081,-0.0078753253,0.0067788541,-0.0062620451,0.0024598919,0.0163476975,-0.0042059698,-0.0100159685,-0.0117129310,-0.0126989587
104.0000000000,0.0148708882,-0.0105369377,-0.0207891046,-0.0150365503,0.0114349877,0.0023682001,0.0173404363,-0.0079628732,0.0157512131,0.0089474656,-0.0025846616,-0.0210763324,-0.0006202494,0.0159083487,0.0010373827,-0.0169326752,0.0313653701,-0.0142235154,0.0255503944,-0.0084558893,-0.0073747305,-0.0149634457,0.0183424735,-0.0081187894,0.0250341678,-0.0044288488,-0.0126440535,-0.0026539997,0.0025437007,0.0261588993,0.0129473935,0.0128121653,0.0024108449,0.0166033252,0.0010895379,0.0012373068,-0.0210215109,-0.0097720389,0.0235115209,0.0101025508,-0.0094488943,-0.0227377420,-0.0121319265,-0.0187398173,-0.0263605562,-0.0038212366,-0.0101003242,0.0044863102,0.0114746660,-0.0139423949,-0.0212985665,-0.0248438440,-0.0064160206,0.0046972084,0.0206030078,0.0039593182,0.0090724198,0.0266242167,-0.0109224517,-0.0201989863,-0.0107702793,-0.0016759951,0.0046116210
105.0000000000,0.0024977101,-0.0051568541,-0.0238160141,-0.0065922843,-0.0120607943,-0.0039935290,0.0168982653,-0.0046854693,0.0161598452,0.0059337373,0.0128543590,0.0009301708,-0.0160048113,-0.0056882554,-0.0170999407,0.0093960892,-0.0081163337,-0.0100698493,0.0049491736,-0.0027211212,-0.0142758020,0.0064328390,0.0058582626,0.0209542731,0.0157204267,0.0022181055,0.0122723553,-0.0133020355,0.0047603979,0.0198895417,0.0176665104,0.0220755931,-0.0224308244,0.0111167482,-0.0055892004,0.0252278170,-0.0138526625,-0.0186008798,-0.0078194621,0.0164854260,0.0001973816,-0.0110640936,-0.0162297529,-0.0076918962,-0.0122861105,-0.0432419267,-0.0034777086,-0.0109096005,-0.0312345678,0.0062418093,-0.0028508874,-0.0089430763,-0.0255528896,0.0217477177,0.0136716601,-0.0001354866,0.0141244373,0.0017752887,0.0042629539,0.0023526395,-0.0235524901,-0.0015747477,0.0032889761
106.0000000000,0.0054635540,-0.0127463365,-0.0229291585,-0.0192748563,-0.0103552366,0.0174953520,0.0317738443,0.0121110830,-0.0013568723,-0.0238536386,-0.0138559189,0.0118650032,-0.0086203069,-0.0053973621,-0.0219262798,-0.0245852414,0.0144988789,0.0033811750,0.0325987575,-0.0135539941,-0.0085777499,0.0091186520,0.0472084087,0.0040073599,0.0064398902,0.0020022056,-0.0187820552,0.0134037671,-0.0055011920,0.0163990429,0.0248552712,0.0077326318,0.0229925436,0.0287475040,0.0133791704,0.0250468026,-0.0345519589,-0.0352016890,0.0133469318,0.0249869877,-0.0167277165,-0.0081645908,-0.0213836746,0.0340782728,-0.0220776603,-0.0470644496,-0.0097705584,-0.0081114826,-0.0365898725,-0.0139484324,-0.0074218503,-0.0200110081,-0.0245104302,0.0009033133,-0.0038028891,0.0006748830,0.0039217313,0.0092188038,-0.0091175985,-0.0047259596,-0.0205859121,0.0042225042,-0.0122759665
107.0000000000,-0.0289685598,-0.0165109458,-0.0162175755,-0.0033574212,-0.0165668265,-0.0155100446,-0.0020065536,-0.0036262477,0.0247566544,-0.0280523089,0.0093796213,-0.0003978255,0.0117584774,-0.0099226606,-0.0162569609,-0.0167601839,-0.0097382913,-0.0072281853,-0.0129365184,-0.0125694938,-0.0297335540,0.0087596231,0.0365281705,0.0060572788,0.0182988834,0.0039283105,-0.0092229575,0.0268122568,-0.0066085627,0.0245556875,0.0238750193,0.0131709945,0.0105970085,0.0042439272,0.0181911967,-0.0177814368,-0.0200889130,0.0030662405,-0.0021337824,0.0096950141,0.0036746352,-0.0087544399,-0.0281674374,0.0157060895,-0.0231335667,-0.0008601568,0.0333782370,-0.0082908843,0.0051433713,-0.0052448985,-0.0038960362,-0.0094297298,-0.0033201617,0.0006131429,-0.0049536309,0.0073665580,0.0207866788,-0.0014371351,-0.0206704053,-0.0045572380,-0.0032371294,-0.0154913577,-0.0084318162
108.0000000000,-0.0016095752,-0.0279228396,-0.0173250219,0.0004074026,-0.0225026797,0.0010471169,-0.0043033136,0.0110745841,0.0086875201,0.0109916364,0.0172283319,0.0183407364,0.0109060689,-0.0108949203,0.0011791985,0.0098971690,0.0272856547,-0.0091458137,0.0014844258,-0.0032759497,0.0095329864,-0.0013959257,0.0144606278,-0.0060191756,0.0041556400,-0.0053422272,-0.0056879566,0.0035524368,-0.0001706736,0.0038276243,0.0163048432,-0.0021342649,0.0120593218,-0.0035746357,-0.0093558342,0.0046723837,-0.0082907350,-0.0040561957,0.0063826520,-0.0083005677,0.0014799985,0.0143350777,-0.0027224376,-0.0034403461,0.0131537858,-0.0142011562,0.0209168548,-0.0081928300,-0.0023347531,0.0224542286,0.0003573056,-0.0054045256,-0.0088385226,-0.0203351201,0.0016036808,-0.0160185780,-0.0002713901,0.0256192918,-0.0118246382,0.0003395602,-0.0205033786,0.0020089036,-0.0239709839
109.0000000000,-0.0169745023,0.0109760506,0.0060542431,0.0263937939,-0.0086500086,-0.0176963705,0.0126518556,-0.0141048497,0.0131636912,0.0073639396,0.0016623900,-0.0162498366,0.0055029122,-0.0100536652,0.0013949007,-0.0006217671,0.0080517150,-0.0046013716,0.0122491304,0.0019707308,-0.0094971653,0.0190536883,0.0023918503,0.0083881134,0.0278836137,-0.0063320973,-0.0196612958,-0.0124810729,0.0135978217,0.0136923196,-0.0125687356,-0.0086303553,0.0194882849,0.0270771930,0.0045840078,-0.0128790348,-0.0447628973,-0.0188480742,0.0003662054,0.0163913084,-0.0144083971,0.0018656954,-0.0088382303,0.0160985402,-0.0088785109,-0.0198486541,-0.0032920168,-0.0002389598,-0.0078401892,-0.0084118947,-0.0237022824,-0.0080973470,-0.0288724933,0.0185761623,0.0193814014,0.0034500901,0.0125603021,0.0087277835,0.0100261676,-0.0176338931,-0.0058245452,-0.0146386081,-0.0145204981
110.0000000000,-0.0084621684,-0.0311002566,-0.0248348234,-0.0188184513,-0.0115713999,0.0019895927,0.0009274252,0.0229395571,0.0149977447,0.0053047646,0.0053073627,0.0013274723,0.0108279059,-0.0085136150,-0.0043921810,0.0035196866,-0.0053627755,-0.0199729579,0.0058426328,-0.0322551383,-0.0068832001,0.0244572719,0.0254891249,0.0306058004,-0.0012289459,0.0070958122,-0.0324495812,-0.0010628124,0.0021573896,0.0107645448,0.0347738876,-0.0230290473,0.0106995119,0.0100089253,-0.0044952190,0.0403771779,-0.0033757802,-0.0071591042,-0.0218559791,0.0188520132,0.0004370613,-0.0028865335,-0.0382151477,0.0024268315,-0.0140200953,-0.0074194871,-0.0072133964,-0.0086409250,-0.0390172635,-0.0094323304,-0.0106012392,-0.0267248330,-0.0122000902,0.0161869032,-0.0053612403,-0.0195811931,0.0003479181,-0.0056577987,-0.0229599577,-0.0297710021,-0.0117291442,-0.0107485892,-0.0223558288
111.0000000000,-0.0162367749,0.0018495483,-0.0167881056,-0.0022130817,-0.0136828985,-0.0121915052,0.0060697922,0.0161563718,0.0106705716,-0.0145918947,0.0142989742,0.0080264121,0.0203918305,-0.0129518845,-0.0185228928,-0.0086285032,-0.0145017334,-0.0282827252,-0.0003338361,0.0008566455,0.0043729036,-0.0020109674,-0.0053831443,0.0033474921,0.0100321445,-0.0052180769,0.0014306186,0.0294703143,0.0046493332,0.0376767703,0.0237148258,0.0066049081,-0.0027920695,0.0090111483,0.0171911115,0.0040957833,-0.0308537182,-0.0142594912,-0.0181094279,-0.0083927970,-0.0093819056,0.0265394153,-0.0185947314,0.0047756185,-0.0302302365,-0.0020247150,0.0061828558,0.0044582130,-0.0201235366,0.0101170759,0.0016207875,-0.0169274344,0.0301627199,-0.0078703878,0.0012590669,0.0063499772,-0.0272373101,0.0140993522,0.0053810991,0.0124920221,-0.0230110049,0.0068131705,-0.0115741074
112.0000000000,0.0030421193,0.0152592213,0.0012490868,-0.0020226996,-0.0264479989,-0.0092547162,0.0313168893,0.0040231067,0.0127930914,-0.0064976446,0.0085680156,0.0246301724,-0.0107436116,-0.0104567598,0.0008629088,0.0077315535,0.0283290158,-0.0153328263,0.0098720242,-0.0160119152,-0.0194771233,0.0131941096,0.0091236958,-0.0074023580,0.0020248016,-0.0141508084,-0.0116013005,0.0229548666,0.0039139685,0.0102784029,0.0240772463,0.0048826185,-0.0032925969,0.0183704296,-0.0129789124,-0.0048732999,-0.0047679063,-0.0133479236,0.0090543279,0.0209720343,0.0070453662,0.0002848128,0.0034946215,-0.0264670320,-0.0388635371,-0.0286607574,-0.0067756736,0.0001711031,-0.0121942469,-0.0213681094,0.0136073001,-0.0058843431,-0.0072245812,0.0002622461,0.0103970658,0.0396557387,-0.0117475090,0.0000145568,-0.0054817068,-0.0208764866,-0.0119040838,-0.0008425322,-0.0085990125
113.0000000000,-0.0002020563,-0.0047688259,-0.0068819138,-0.0063300103,-0.0160762781,-0.0085907161,0.0210417332,0.0070260150,0.0184697837,0.0086600667,-0.0012290976,-0.0071019292,0.0034528863,-0.0309129459,-0.0179081209,-0.0107223448,0.0129231296,-0.0098549622,0.0085139021,-0.0138367248,-0.0219923872,0.0057791484,0.0108830542,0.0213242625,0.0159969687,-0.0240548273,0.0043373966,0.0246397518,-0.0155785054,0.0163272582,0.0113192791,-0.0166653571,0.0225099186,0.0044723100,0.0088743366,0.0160213568,-0.0098284139,-0.0124845806,0.0058160626,0.0070505835,0.0175528793,-0.0155174205,-0.0242611833,0.0067060244,-0.0223178315,-0.0342365647,-0.0126346590,0.0146262356,-0.0066623439,-0.0231515094,-0.0074409829,-0.0108491092,0.0202237833,0.0145903233,0.0169042400,0.0091383906,0.0058219303,0.0080185070,-0.0005345011,-0.0055003231,-0.0077558098,-0.0018990652,-0.0058689213
114.0000000000,0.0042997352,-0.0028053017,-0.0225934397,-0.0221274619,-0.0062304805,-0.0075893891,0.0078176441,0.0063745316,-0.0010611736,-0.0298564865,0.0152207790,-0.0027652093,0.0285904014,0.0166917196,-0.0155055945,-0.0016275729,0.0249092775,0.0103811168,-0.0017673720,-0.0087415578,0.0110561550,-0.0038116644,0.0157325428,0.0177747677,0.0211997371,0.0054335988,0.0034728010,-0.0073680683,-0.0054333980,0.0138158611,0.0051554045,-0.0031722455,0.0217534775,0.0370644334,0.0182674612,-0.0187985234,0.0015180545,-0.0036750761,-0.0136549379,0.0167462002,-0.0004115776,0.0014280315,-0.0096717046,0.0024190402,-0.0062477389,0.0106572921,-0.0040938913,-0.0030779560,0.0158453188,0.0124545575,-0.0176592550,-0.0050549802,0.0042974704,0.0164115937,0.0267329837,-0.0045857475,0.0126310949,0.0064685590,0.0078766584,0.0124499231,-0.0038748729,0.0026847388,0.0051224284
115.0000000000,-0.0003083640,-0.0176827039,-0.0157304443,0.0161477156,-0.0063567672,-0.0022656929,0.0268309037,0.0065441008,0.0098527416,-0.0221420574,-0.0257486383,0.0053746863,-0.0039898506,-0.0055975359,-0.0182963414,-0.0009438688,0.0090509534,-0.0111532593,0.0206056128,0.0094432037,-0.0169346983,-0.0052148616,-0.0065797526,0.0085665728,0.0197922325,0.0080407102,-0.0190775814,0.0078033159,0.0132241432,-0.0180160075,0.0500385180,0.0021947773,0.0192878560,0.0244454166,0.0035533611,0.0234644120,-0.0169177031,-0.0240844822,-0.0071134837,0.0118418197,-0.0239769260,0.0257069371,-0.0197954895,0.0198932106,0.0068805598,-0.0187630862,-0.0234718736,0.0078064573,-0.0238524391,-0.0118577034,-0.0103181391,-0.0140972089,-0.0389940697,0.0034003018,0.0024497803,0.0227547566,0.0065365664,0.0182109439,-0.0178468133,-0.0101786885,-0.0097595775,-0.0078053604,-0.0123999908
116.0000000000,0.0098469299,-0.0094720445,0.0134661290,-0.0133760000,-0.0102553256,-0.0054585138,0.0182250965,-0.0130797826,0.0027851960,0.0098344437,0.0248336948,0.0148358817,0.0153108004,-0.0021797205,-0.0011957905,-0.0096704060,0.0164789407,-0.0101721683,0.0108222879,0.0049314683,0.0045220994,-0.0070177351,0.0316168273,0.0205574090,0.0157194082,-0.0234622173,-0.0087313971,0.0075709491,0.0103040064,-0.0064808056,0.0189831114,0.0008679682,0.0224869930,0.0033588995,-0.0057967239,0.0222938644,0.0025845979,-0.0078328085,-0.0041575111,0.0030676600,-0.0117083805,-0.0134001344,-0.0037837997,0.0062582997,-0.0055828403,-0.0217984820,0.0096267644,0.0194078267,-0.0061579629,-0.0160986646,-0.0114060423,-0.0066639478,0.0010963293,0.0115920623,0.0026545398,0.0402261234,0.0089830324,0.0256506423,-0.0064699167,-0.0172001675,-0.0000866739,-0.0003611072,-0.0080956474
117.0000000000,0.0047093130,-0.0165968115,-0.0185771826,-0.0079523177,-0.0110261760,-0.0124435127,0.0136983304,0.0014417848,0.0149462728,-0.0088189887,0.0073396153,-0.0076274018,0.0184901041,0.0001958641,-0.0132442904,-0.0027169543,0.0196939565,-0.0317117273,0.0097862471,-0.0165168655,-0.0074895100,0.0023264218,0.0322889552,0.0165035124,0.0067948475,-0.0006094264,0.0102718631,0.0139778488,0.0121372562,0.0203700534,0.0016028891,-0.0056945596,0.0052036474,0.0289561453,0.0089179473,0.0118666206,-0.0034869715,-0.0491716475,0.0001483814,0.0190249400,0.0029169548,0.0091726752,-0.0382423341,0.0054723708,-0.0188583770,-0.0152099476,0.0190126411,0.0124012600,-0.0079400108,-0.0082255437,-0.0083109715,0.0136041653,-0.0212833510,-0.0073907960,0.0084596253,0.0014707507,0.0130548305,0.0149740942,-0.0044998881,-0.0288085498,-0.0080895857,-0.0003654843,-0.0109968368
118.0000000000,0.0150694556,-0.0324000478,-0.0158458037,0.0032522596,-0.0053508916,0.0035108764,-0.0003212812,0.0101887947,0.0137796701,-0.0184094523,-0.0022378959,0.0091103028,-0.0024487199,0.0145326903,-0.0092830211,-0.0228786004,0.0015085698,-0.0412405104,0.0342337936,-0.0320071832,-0.0370886379,-0.0090656690,0.0175360468,-0.0010750265,0.0226548778,0.0058641445,-0.0280213256,-0.0020599719,-0.0124267774,0.0028849047,0.0316399631,-0.0005419476,0.0201650459,0.0207349141,-0.0086845260,-0.0038958174,-0.0163455097,-0.0154522336,-0.0047102008,0.0216254238,-0.0045917909,-0.0143078984,-0.0508120108,-0.0058198159,0.0060014029,-0.0161326376,-0.0193742523,-0.0012494509,-0.0248313143,-0.0064338083,0.0046519486,0.0135800788,0.0054983078,0.0197106057,-0.0015510666,0.0294340192,-0.0039499385,0.0117614192,0.0026598891,0.0201994344,-0.0104991456,0.0159191998,-0.0039535470
119.0000000000,0.0131702065,-0.0192076989,-0.0316032554,-0.0035485904,-0.0278974333,-0.0021973814,0.0021324449,0.0136460410,0.0184495960,0.0185355096,0.0087124984,-0.0045664857,-0.0002755149,-0.0033076241,-0.0199058357,-0.0125695301,0.0142711980,-0.0266092776,0.0057760516,0.0151145821,0.0027265471,-0.0030226182,0.0031033810,0.0193509248,0.0258910772,-0.0030861330,-0.0105238201,0.0124072426,-0.0194301328,0.0010516798,0.0039355350,0.0033825473,-0.0141335974,0.0182368635,0.0013509968,0.0213420355,-0.0136181711,-0.0286127798,-0.0070701624,0.0093150619,0.0145684802,0.0322891836,-0.0122644793,-0.0061842462,-0.0176079558,-0.0228458969,-0.0111315871,-0.0155389377,-0.0045369199,0.0105212787,-0.0064484272,-0.0300853087,0.0001682324,0.0054345220,-0.0042755394,0.0209632770,-0.0076828524,-0.0068082777,-0.0071580243,-0.0253491531,-0.0224878492,-0.0102098668,-0.0076072113
120.0000000000,-0.0028755732,-0.0435994260,-0.0239651481,-0.0294126079,-0.0032960642,-0.0139836775,0.0081452936,0.0031626633,-0.0008597745,-0.0096967143,-0.0027055121,0.0043348064,0.0001550593,-0.0199145078,-0.0295415789,-0.0154577550,0.0128483211,-0.0164990751,0.0082448876,-0.0028493188,0.0156394283,0.0070463130,0.0372538229,0.0148328970,0.0099155524,0.0038225362,-0.0094556711,-0.0080991107,0.0099834871,-0.0027054070,0.0165097157,0.0174305469,0.0003525545,0.0230732070,0.0068570991,-0.0017828232,-0.0138399389,-0.0185100308,-0.0210620149,0.0252733432,-0.0015259874,-0.0014267038,-0.0127739038,-0.0218677511,-0.0129399955,-0.0180836866,0.0118967108,0.0123963817,-0.0013422934,-0.0062001938,-0.0072474040,-0.0052417352,0.0037250048,0.0245074715,-0.0004642528,0.0097736675,0.0092458550,0.0138866146,0.0284311848,-0.0290309038,-0.0144212847,-0.0155467786,0.0061416449
121.0000000000,-0.0096039103,0.0080394459,-0.0063530652,-0.0034814160,-0.0257594412,0.0096274219,0.0093181031,0.0004392626,0.0051651985,0.0038667574,0.0007678809,0.0117753456,-0.0156002983,-0.0132118925,0.0041423290,0.0011442710,0.0056823043,-0.0089246193,0.0154329639,0.0147816911,-0.0151860980,0.0103210550,0.0133848201,-0.0038108111,0.0098953197,0.0186976120,-0.0100181958,0.0034500697,0.0089442026,0.0169247204,0.0045651201,0.0020287266,-0.0033819698,0.0241770912,0.0191895160,0.0264608360,-0.0057419473,-0.0045575577,-0.0020903004,0.0126388881,0.0010848730,-0.0141863948,-0.0150034381,0.0190459025,-0.0146450614,-0.0141105568,-0.0392811106,0.0136401304,-0.0240821748,-0.0120254661,0.0073485761,-0.0048119198,0.0060502060,0.0039602831,-0.0009251786,-0.0037754902,-0.0195703389,0.0072716955,0.0068562639,-0.0183400212,0.0086586095,0.0010748540,-0.0005800096
122.0000000000,-0.0049635214,-0.0107520865,-0.0188278455,0.0094360752,-0.0223719753,-0.0029831214,0.0218190914,-0.0072023414,0.0085247663,-0.0215905276,0.0062350404,-0.0206826740,0.0114812037,-0.0151459344,-0.0070578519,-0.0118041738,0.0090585526,-0.0174445867,0.0062499178,-0.0072155131,-0.0165397853,0.0072319412,0.0284119777,0.0101469413,0.0058227194,-0.0120017200,-0.0174415213,-0.0094944780,-0.0061831096,-0.0036582847,-0.0050437866,0.0135454279,0.0062167496,0.0277187059,0.0125529847,-0.0058680969,-0.0288849672,-0.0219811618,-0.0149910899,0.0066229342,-0.0091715767,0.0123573343,-0.0161907995,-0.0116828997,-0.0055057641,-0.0214815285,0.0142298843,-0.0242522093,-0.0007779705,0.0211647731,-0.0044483915,-0.0138811216,-0.0111221663,0.0175606114,0.0117266045,-0.0182190514,0.0114079279,0.0201108431,0.0008652663,-0.0222415563,0.0018538083,-0.0125644171,0.0005278969
123.0000000000,-0.0177384198,-0.0396631920,-0.0253884860,0.0086275317,-0.0096613095,-0.0186296674,0.0400665338,0.0024618656,0.0010346700,-0.0353430765,0.0166326554,-0.0046301457,-0.0049413587,-0.0042696369,-0.0174558248,-0.0101124233,0.0259275976,-0.0129263263,0.0150500384,-0.0084102281,0.0175259037,-0.0016903203,0.0242479677,0.0025412422,0.0077886348,0.0111390742,-0.0305949695,0.0072963522,-0.0101965873,0.0256546705,0.0420918706,0.0054808661,0.0153904013,0.0098890566,-0.0000895204,0.0017812405,0.0002971467,-0.0356715491,-0.0082723835,0.0129226971,-0.0144792417,-0.0001263160,-0.0389045502,0.0001891750,-0.0302281253,-0.0256242012,0.0022675888,0.0062686506,-0.0318945975,-0.0011628658,-0.0127661488,-0.0221554350,-0.0262712722,0.0148383526,0.0249470053,0.0019545876,-0.0050852685,0.0060104518,-0.0024593780,-0.0247872319,-0.0308924884,0.0066374936,-0.0158726925
124.0000000000,-0.0248699583,-0.0036394299,-0.0034450620,-0.0103929345,0.0026615107,-0.0067841121,-0.0016589713,0.0040595159,-0.0135233269,0.0117230536,0.0258655841,0.0226024706,-0.0181892113,-0.0280372199,0.0082007510,-0.0058962255,0.0300831943,-0.0356142666,0.0132149942,0.0030826834,0.0007249899,0.0036760922,0.0248767158,0.0109112366,0.0143233998,-0.0107510455,-0.0095002419,0.0053598897,-0.0071926773,0.0120216807,0.0314307475,-0.0247656518,0.0002493317,0.0172809353,0.0078259826,0.0063628630,-0.0063224061,-0.0177649936,-0.0089051158,0.0144539198,0.0035986443,0.0058146386,-0.0141956943,-0.0051000297,-0.0057604821,-0.0012766557,-0.0065693165,-0.0066419442,-0.0071485528,-0.0095058533,-0.0154307692,-0.0183455539,-0.0184247077,0.0037839289,-0.0042127806,0.0113393023,0.0034737845,0.0217999987,0.0111819678,-0.0441258590,-0.0373743118,-0.0066264200,0.0164720189
125.0000000000,0.0230393531,-0.0110727344,-0.0119852049,0.0005264158,-0.0022931538,-0.0113920537,0.0146914543,0.0109527392,-0.0090093543,-0.0059260278,-0.0010305003,-0.0107149504,0.0130888097,0.0019738037,-0.0390448134,-0.0142622420,0.0064277617,-0.0321101877,0.0298343876,-0.0164237933,-0.0152300179,0.0202147329,0.0342370440,0.0068740299,0.0135312306,0.0003235763,-0.0189231883,0.0039743107,0.0127910770,-0.0076526294,0.0120352881,0.0182528956,-0.0069412243,0.0195750175,0.0142766056,0.0156927283,-0.0080426549,-0.0129280299,-0.0196190699,0.0228480192,-0.0141202547,0.0051900166,-0.0232759847,0.0148132882,-0.0382007553,-0.0103622071,0.0086403823,-0.0008868802,-0.0118399697,-0.0077818422,-0.0041477870,-0.0188034448,-0.0134618496,0.0132992691,-0.0147937576,0.0070402520,-0.0141436248,0.0423764370,-0.0041355404,-0.0274656557,-0.0118582317,0.0038009884,-0.0053143514
126.0000000000,-0.0267124026,-0.0094753274,-0.0115744116,0.0124856001,-0.0255386384,0.0121841295,0.0009332290,-0.0077015268,-0.0081018440,-0.0239832589,-0.0006352759,0.0133509303,-0.0023378427,0.0047425447,-0.0010487380,-0.0210060680,0.0000078777,-0.0074432700,0.0338085399,-0.0097351571,-0.0091939432,-0.0065529521,0.0165670864,0.0153312218,0.0008424760,0.0233350309,0.0062830658,0.0113851961,-0.0095727020,0.0334525320,0.0093660052,0.0022399782,0.0068768186,0.0140248431,-0.0102563841,0.0161929883,-0.0065801033,-0.0214084396,-0.0123979887,0.0198559622,0.0026792104,0.0264169922,-0.0086822850,-0.0017256117,-0.0150279774,-0.0317337184,0.0061216793,-0.0033459324,-0.0128481529,0.0050606770,-0.0099912409,-0.0108075591,0.0037139747,0.0111393959,0.0207563303,-0.0088242702,0.0069513752,0.0037209018,0.0191931875,0.0092840418,-0.0210166798,-0.0097776559,0.0204424410
127.0000000000,-0.0056976578,0.0096075561,-0.0135632850,0.0016141821,-0.0199968225,-0.0115623458,-0.0047482848,-0.0132270505,0.0048299718,0.0081609385,-0.0143645637,-0.0010538365,0.0178245186,-0.0029001323,0.0202694975,-0.0173016223,0.0127410173,-0.0106184270,0.0193516078,0.0103859826,-0.0133887469,0.0030029871,0.0224733448,-0.0019557587,0.0056566223,0.0092166228,-0.0133280142,0.0140392322,0.0171522633,0.0103546445,0.0158136511,0.0010068562,0.0036250327,0.0086516483,0.0115973728,0.0052547540,0.0011129469,-0.0247231363,-0.0054441348,0.0141058223,-0.0035302179,-0.0098365862,0.0151009016,-0.0110813022,0.0008467056,-0.0191970114,0.0040687557,0.0063649030,-0.0124454184,-0.0050898535,-0.0101028346,-0.0036573768,-0.0147203315,-0.0251852062,-0.0041034660,0.0152243807,-0.0009866265,-0.0191393556,0.0014016118,-0.0161301316,-0.0145864003,-0.0040125010,0.0020381314
128.0000000000,-0.0020846522,-0.0082293640,-0.0222295062,0.0097198322,-0.0007688191,0.0132217114,0.0002924750,0.0126025024,0.0098152294,-0.0227798847,0.0055084671,0.0028660105,0.0047574276,-0.0074369726,-0.0270667228,0.0080961990,-0.0012157336,-0.0072998761,0.0281616898,0.0025863208,-0.0327951451,-0.0167232466,0.0174192665,0.0149810612,0.0287403266,-0.0034203750,-0.0073653987,0.0277205711,0.0115752025,0.0283999472,0.0189436172,-0.0059825815,0.0383879958,0.0392938125,0.0098856997,-0.0027696772,-0.0179928052,-0.0128215148,-0.0070026700,0.0015080430,0.0201352951,-0.0017658911,-0.0037663628,-0.0087404565,0.0082125507,-0.0387917863,0.0115415246,0.0164813134,0.0074617806,-0.0049381872,0.0033493514,-0.0051163971,-0.0160739261,0.0139030057,0.0050032512,0.0227963295,-0.0038827708,0.0164887769,0.0098122118,0.0044449515,-0.0195192601,-0.0056462068,0.0148952865
129.0000000000,0.0031924866,-0.0337381104,-0.0135461543,0.0018361913,0.0281690349,-0.0101975309,0.0024168853,0.0238729018,0.0080904206,0.0069286969,0.0027707425,0.0001901957,0.0200358449,-0.0099225554,-0.0309659594,-0.0240321474,0.0298778184,-0.0023427043,0.0221050263,0.0216578478,-0.0137988568,-0.0040212757,0.0128257190,0.0172139035,0.0165135761,-0.0044506346,-0.0011126879,-0.0101007282,0.0044917753,-0.0151002215,0.0190540460,-0.0150705960,0.0130862236,0.0256721854,0.0065795808,0.0162834028,-0.0180762912,-0.0097716682,0.0020210925,0.0139173441,-0.0029644907,-0.0063578673,-0.0275373023,0.0061466910,-0.0058256441,-0.0093784719,0.0065402686,-0.0043824554,-0.0258713257,-0.0141996470,-0.0048595988,-0.0121431626,-0.0126977790,0.0047256234,0.0072725523,-0.0042251777,0.0068525316,0.0147782342,-0.0065139637,-0.0275330643,0.0044925955,-0.0209262688,-0.0157286994
130.0000000000,0.0002682182,-0.0091798697,-0.0263769056,-0.0211643837,-0.0178185550,0.0199181553,0.0231255182,0.0228029023,-0.0021378279,-0.0128574997,0.0106126784,0.0151204191,0.0074297855,-0.0145213217,-0.0418276227,-0.0192463539,0.0214953847,-0.0335022752,-0.0077876123,-0.0036669497,-0.0283940552,-0.0209859042,0.0204768744,0.0126305317,0.0270806409,-0.0079130615,0.0026906829,0.0136754273,-0.0164784422,0.0155423251,0.0360925714,0.0058470718,0.0001982547,0.0256687176,0.0243986159,0.0251456649,-0.0351106492,-0.0371248922,-0.0142556131,0.0191020714,-0.0213428287,0.0128970393,-0.0310556142,-0.0075784094,-0.0231964750,-0.0139829464,-0.0007704120,0.0028584146,-0.0101687974,-0.0044688552,-0.0448661398,-0.0090408564,-0.0280624506,0.0043421430,0.0324784411,0.0101234128,0.0014891059,0.0052864663,0.0133705978,-0.0124873330,-0.0158129416,0.0118390982,0.0053425400
131.0000000000,-0.0074292632,0.0109916550,-0.0074304135,-0.0083230739,0.0199569267,-0.0114241214,0.0155306164,0.0158855607,0.0160614326,0.0023945692,0.0034806914,-0.0119020135,-0.0037527745,-0.0097598700,-0.0181409944,-0.0087329260,-0.0133033153,-0.0031675500,0.0160397317,-0.0115472375,0.0005992857,-0.0223623645,0.0070109452,0.0149678578,0.0154413547,0.0002687909,-0.0002261046,-0.0135754259,-0.0107013695,-0.0050670184,0.0294646282,0.0299338717,0.0054407398,-0.0058459567,0.0045470770,-0.0086930016,-0.0126848342,-0.0098408511,-0.0099671194,0.0062491927,0.0013951248,0.0304078092,-0.0310718481,0.0030425311,-0.0078218146,-0.0106050412,-0.0266505512,-0.0104641756,-0.0068477945,0.0003067629,-0.0015380415,0.0153533113,-0.0262393325,0.0059466740,0.0053179218,-0.0065293453,0.0112921332,0.0077434085,0.0127938753,0.0091989524,-0.0151981716,-0.0190036176,0.0110802186
132.0000000000,0.0075617529,0.0094659948,-0.0231733693,0.0061137116,-0.0108620179,-0.0105334689,0.0086774199,0.0115511645,0.0017339818,-0.0103618953,0.0243041171,0.0224198595,0.0059155341,0.0071161334,-0.0330035073,-0.0030825438,0.0220384374,-0.0172511303,0.0161933428,-0.0035098168,0.0244013711,0.0025124543,0.0153354587,-0.0245050605,0.0192698434,-0.0111556779,0.0034667458,0.0121990903,-0.0022506401,0.0071542590,0.0481959207,0.0099447669,0.0014052970,0.0379823881,0.0220849416,-0.0020379991,-0.0421462849,-0.0239894814,-0.0106571217,0.0300615908,-0.0058448741,-0.0056154195,-0.0304518521,-0.0098222306,-0.0035139905,-0.0245990618,-0.0166228237,0.0164210292,-0.0003711186,-0.0214639534,-0.0064311982,-0.0146017034,0.0000242723,-0.0021481017,-0.0052268857,0.0312729607,0.0175043493,0.0461501779,0.0083090457,-0.0213620721,-0.0211929734,0.0060130147,-0.0249252829
133.0000000000,0.0127858362,-0.0214623451,-0.0368054812,-0.0174004377,-0.0104969811,0.0039566337,-0.0058787930,-0.0021689180,0.0016022129,0.0092672616,0.0113116612,0.0100790503,0.0008254354,-0.0132291668,0.0191004255,-0.0304169102,0.0241499995,-0.0015373049,0.0241245292,-0.0044209176,0.0116787689,0.0189820178,0.0123332114,-0.0036011924,0.0133693639,0.0177856884,-0.0055639034,0.0249108378,0.0176141042,0.0204116013,0.0200267372,-0.0016857264,-0.0131787646,0.0269976431,0.0119429565,-0.0025789812,0.0120413378,-0.0126128715,-0.0163923480,-0.0053398905,0.0115783080,0.0002955060,-0.0510155968,0.0022055309,-0.0367116340,-0.0282298131,0.0114585201,0.0014414918,-0.0198668612,0.0062689585,-0.0249800947,-0.0054193193,-0.0008561521,0.0154965023,-0.0005988291,-0.0063263229,0.0087128733,0.0080179810,-0.0071678882,-0.0099051926,-0.0386567852,-0.0068521298,0.0043113717
134.0000000000,0.0041504863,-0.0352252186,0.0028907284,-0.0080970144,-0.0089185201,0.0022545808,0.0197257700,0.0253125152,0.0051195349,-0.0207377674,-0.0023018731,0.0041568944,0.0075782885,-0.0127349170,0.0097789758,-0.0072626766,-0.0070521685,0.0042867268,0.0073115427,0.0100195953,0.0012107557,-0.0150627473,0.0207607516,-0.0110898618,-0.0067577619,0.0132852551,0.0027403399,-0.0014616538,-0.0096496494,0.0145107842,0.0237338544,-0.0084035877,-0.0166086748,0.0114826182,0.0082024368,-0.0089190133,0.0059307881,-0.0235329101,-0.0121647096,0.0242146296,-0.0113991659,0.0114760078,0.0108279593,-0.0008107595,0.0047470222,-0.0211879548,-0.0193243456,0.0019664643,-0.0065542678,-0.0059564272,-0.0199088003,-0.0072315580,-0.0132063393,0.0126765232,-0.0089143767,-0.0009813002,-0.0125944624,0.0231703408,-0.0042979875,-0.0171863519,-0.0239629982,-0.0151829197,-0.0186530957
135.0000000000,-0.0074778912,-0.0272981482,-0.0227063221,0.0071224100,-0.0162707836,0.0020226722,-0.0015805920,0.0170238023,-0.0018751402,-0.0123640038,-0.0004791948,0.0109875850,0.0047397252,-0.0105566109,-0.0167523381,-0.0137294117,0.0073031744,-0.0007558681,0.0118957232,-0.0107334174,0.0065927421,0.0201799025,0.0207083531,0.0070756014,-0.0017937571,0.0225039880,-0.0198995167,0.0139821845,0.0023275106,0.0062202157,0.0267824456,0.0013848472,0.0107161681,0.0177581263,0.0103908941,-0.0036426899,-0.0182078187,-0.0015240924,-0.0135851094,0.0304174680,0.0052568237,0.0023812225,-0.0004268241,-0.0003832306,-0.0148573307,0.0021918760,-0.0038893612,0.0054136849,-0.0048847954,-0.0142246649,-0.0325186921,-0.0067516976,-0.0102633584,0.0112778904,0.0249851127,0.0167550141,-0.0106680644,-0.0060399150,0.0087678328,0.0053761362,-0.0271515497,-0.0081919852,-0.0259129975
136.0000000000,0.0023356507,-0.0250014613,-0.0034278314,0.0026163630,0.0100905965,-0.0021709037,-0.0047983983,-0.0149750578,0.0107979620,-0.0012959670,0.0214092466,-0.0127632455,-0.0019530132,-0.0233241440,-0.0137225313,-0.0147089187,0.0173270779,0.0000295235,0.0083053009,0.0006438006,-0.0085135650,0.0139207913,0.0188040057,-0.0062248398,0.0154739908,-0.0112748288,-0.0100338245,0.0127032573,-0.0178306146,-0.0131565766,0.0130485561,-0.0029842761,0.0073850827,0.0008601106,-0.0057211281,0.0084576418,0.0132447969,-0.0055504159,-0.0080147346,0.0002160030,-0.0160304461,-0.0030297673,-0.0203790430,-0.0033069054,0.0062072510,-0.0140344272,0.0049070485,-0.0149773237,-0.0044803638,-0.0140914284,0.0138180663,-0.0303806713,-0.0061083458,0.0089843311,-0.0099889901,0.0079065257,0.0076875792,-0.0175415329,0.0039329817,-0.0104873859,0.0002156848,0.0081976339,-0.0058560666
137.0000000000,0.0126253142,-0.0009844432,-0.0014265065,-0.0166803259,0.0050241217,-0.0041195051,0.0107281327,-0.0059354283,0.0190083251,-0.0223391409,0.0130537351,-0.0012711627,-0.0102446959,-0.0014961976,-0.0171676807,-0.0116410817,0.0128379835,-0.0033520833,0.0247894472,-0.0010498826,0.0075520547,0.0035843479,0.0263861102,-0.0072373441,0.0038807540,0.0078743790,-0.0217451181,-0.0031717169,-0.0096712303,0.0010676072,0.0005214216,-0.0064268969,-0.0043284690,0.0235510436,0.0202882236,0.0162167891,-0.0096865430,-0.0133575727,-0.0149418667,0.0324905053,-0.0293439872,-0.0113290861,-0.0312845286,0.0030198574,-0.0231583239,-0.0246596509,-0.0148237115,-0.0084048010,-0.0023589805,-0.0011218544,-0.0182450899,-0.0077819125,-0.0129964338,-0.0044889980,0.0098952158,0.0039855759,0.0015270103,0.0160250885,0.0077118010,0.0134298162,-0.0083894660,0.0017107432,-0.0294884203
138.0000000000,-0.0132765892,-0.0197161399,-0.0016360148,-0.0039491334,0.0025013095,-0.0195660076,0.0128228276,0.0070727231,0.0146090117,0.0071299448,-0.0000490251,0.0217225712,0.0136739658,-0.0146819102,-0.0072577084,0.0008359668,-0.0235733867,-0.0248760953,0.0053752736,0.0011124404,-0.0245639333,-0.0066279420,0.0250331141,0.0073519163,-0.0009888421,0.0120397827,-0.0194408363,-0.0035108273,0.0087710474,0.0012258779,0.0324768052,0.0213037750,0.0008885597,0.0187234945,0.0070974766,-0.0033096627,-0.0171930709,-0.0013127356,0.0021544989,0.0110594936,-0.0231088208,0.0052872280,-0.0218079380,0.0060201335,-0.0208299771,-0.0318555989,-0.0029863506,-0.0157480618,-0.0050577496,-0.0173956338,0.0033964393,-0.0169382155,-0.0244299468,-0.0014766086,0.0134611975,-0.0038761179,0.0095723401,0.0157944896,0.0162228098,-0.0231995499,-0.0306175056,-0.0097977692,-0.0379532834
139.0000000000,0.0204110698,-0.0137433709,-0.0069141699,0.0006101778,-0.0049998063,-0.0013374902,-0.0090820270,0.0036876340,-0.0034809551,-0.0315724329,0.0127513119,0.0083983541,0.0150922472,-0.0096905869,-0.0400015542,-0.0059063164,-0.0162490616,-0.0142353989,0.0055178664,0.0121403176,-0.0016477123,0.0009998441,0.0173873413,0.0264154027,0.0219254463,-0.0066509355,-0.0039923599,0.0067818220,0.0043745808,-0.0051525231,0.0313397827,-0.0049849176,0.0116350198,0.0104159098,0.0212939172,0.0069445014,0.0180404203,-0.0086803690,0.0081585959,0.0205007792,-0.0042349624,-0.0008346272,-0.0237694741,-0.0075610777,-0.0049308136,-0.0094088211,-0.0052337955,0.0150422696,0.0008113047,-0.0023341568,-0.0352584120,-0.0206882255,-0.0286465420,0.0169603526,0.0042950649,-0.0020275039,0.0046826800,0.0038317512,-0.0021821240,-0.0192953530,-0.0038512931,0.0045981888,-0.0123937258
140.0000000000,0.0006109662,-0.0127626109,-0.0023055568,-0.0068384564,0.0038776591,0.0027088616,0.0123624620,-0.0147319224,0.0185019399,-0.0222367837,-0.0112980482,-0.0121462993,0.0011001047,-0.0148389059,-0.0134267799,-0.0213412633,-0.0029811417,0.0256175744,-0.0062953031,0.0081667542,-0.0035268718,0.0119546355,0.0142690418,0.0093160213,0.0280603069,-0.0134662240,-0.0041742429,-0.0126221484,-0.0021436959,0.0115242434,0.0109559825,0.0020423004,0.0122607014,0.0119387788,-0.0092984180,-0.0113423475,-0.0118235593,0.0013128742,-0.0132147840,0.0042392891,0.0034664525,0.0073736737,-0.0027835051,-0.0056216556,0.0011160451,-0.0079325931,0.0093799753,0.0009162125,-0.0152753284,-0.0052612674,-0.0021277323,-0.0171461221,0.0104209258,0.0013181854,0.0022701969,0.0222853939,0.0124956544,0.0077226170,0.0170429712,0.0015559271,-0.0127748085,0.0125432800,-0.0100670401
141.0000000000,0.0110008888,-0.0259500458,-0.0106299076,-0.0131395991,0.0016856679,0.0126846850,-0.0057344610,-0.0097788146,0.0035372933,0.0006477679,0.0188221460,0.0024337041,0.0127789888,-0.0013690986,0.0150092913,0.0067416102,0.0035919425,-0.0305381748,0.0163845158,0.0008192151,0.0013521733,-0.0047481482,0.0182194497,0.0087848249,0.0099118812,-0.0054035847,-0.0060414846,0.0198853367,0.0115688490,0.0084337248,0.0206549074,-0.0082417872,0.0225285056,0.0263434244,0.0095663537,0.0038436442,-0.0212794299,-0.0208139615,-0.0082633459,0.0157786126,-0.0098484514,0.0107953389,-0.0149415473,-0.0024277502,-0.0309213297,0.0055637332,0.0007856621,-0.0125500999,-0.0152346909,-0.0084942542,-0.0146174873,-0.0161039382,-0.0221832806,0.0236821980,-0.0085606123,0.0340139821,0.0096955082,0.0081448888,-0.0113652383,-0.0214946687,-0.0007908539,0.0006894315,-0.0024188925
142.0000000000,0.0122779089,-0.0426910770,-0.0223622699,0.0068683549,-0.0170357932,-0.0020592161,0.0222058765,0.0138112891,0.0171138774,-0.0083398346,-0.0017848045,-0.0239216935,-0.0049113857,-0.0197130504,-0.0154594615,-0.0393826712,0.0129876930,-0.0195965037,-0.0066406046,-0.0177076195,-0.0098807632,-0.0099004364,0.0157088485,-0.0020426699,0.0008605568,0.0011970109,-0.0146605595,-0.0004585341,-0.0079044843,-0.0140459579,0.0507710798,0.0099172818,0.0258327548,0.0311719503,0.0189671955,0.0121047548,-0.0102344588,-0.0439377846,-0.0144666688,0.0218922192,-0.0067762843,-0.0021481517,-0.0155001718,0.0027650195,-0.0149307503,-0.0313302255,0.0011535305,-0.0000786467,-0.0099820911,-0.0100237270,-0.0199016926,-0.0229275165,-0.0197518819,0.0264314849,0.0093785717,0.0021080537,0.0018205031,-0.0035622083,0.0187229040,-0.0063284441,-0.0235931815,-0.0102118019,-0.0067396419
143.0000000000,-0.0083951079,-0.0060093498,-0.0094164233,0.0083522272,-0.0144804817,-0.0023272137,0.0215515698,0.0062685025,-0.0106446026,-0.0123948166,-0.0059139384,0.0114963634,0.0056394040,-0.0051442460,0.0088920909,-0.0047048110,0.0010594210,0.0030936411,0.0093705705,0.0004667374,-0.0122903291,0.0114152093,0.0019116029,0.0024241292,0.0082683219,0.0105755916,-0.0039695977,0.0115862749,-0.0198230619,-0.0189760270,0.0182664674,-0.0032648410,0.0016383952,0.0076388268,0.0059883550,0.0236550264,-0.0282047740,-0.0183088903,0.0114551213,0.0108867980,0.0163087754,0.0066688253,-0.0270097115,-0.0061196767,-0.0005943429,-0.0416406944,-0.0036429373,-0.0176300343,-0.0005081789,-0.0234534024,-0.0100418285,-0.0001542813,-0.0125363539,0.0008944926,0.0143944979,0.0056628590,0.0049850597,0.0201595934,-0.0004993573,0.0020435613,0.0097689730,0.0037011254,0.0075148584
144.0000000000,-0.0053411329,0.0055316712,-0.0138826090,-0.0022974342,-0.0062435349,-0.0114192972,-0.0044998303,0.0007268754,-0.0040959693,-0.0099092587,-0.0119252371,0.0071182769,0.0280266874,-0.0031542012,-0.0253707703,-0.0007412226,0.0200055798,-0.0259027110,0.0011716470,0.0214606769,-0.0033041269,-0.0261032243,-0.0016878884,0.0057253223,0.0017188034,-0.0077490055,-0.0076435630,-0.0107485566,0.0125101206,0.0070522424,0.0212849034,0.0061330096,0.0069916369,0.0189623666,-0.0142803262,-0.0109366149,-0.0155788715,-0.0189660073,-0.0158029611,-0.0039438669,-0.0239170288,0.0027229250,0.0038122684,0.0019450088,-0.0080074606,-0.0101927828,0.0169998665,0.0064290682,-0.0038431049,-0.0035888055,-0.0022248247,-0.0041909713,-0.0183869285,-0.0064453933,-0.0088625043,0.0138148794,-0.0118001646,-0.0045529601,0.0120123108,0.0070991607,-0.0224872274,-0.0040178127,0.0020378742
145.0000000000,0.0024721886,0.0153105984,-0.0297943179,-0.0189652184,0.0007740898,-0.0109775506,0.0167736607,0.0259736814,0.0000139429,0.0011144095,-0.0028982283,-0.0210096672,-0.0232871788,0.0097711365,0.0181779348,-0.0025441589,0.0111482838,-0.0365979219,0.0105641164,0.0097670007,0.0161873155,-0.0063906497,0.0092537190,0.0195602427,-0.0005480477,-0.0040552361,-0.0185148100,0.0082667584,-0.0002999865,0.0000634243,-0.0115869724,-0.0071623607,0.0111949235,0.0360012625,0.0118305529,0.0184882883,-0.0064335211,0.0004277033,-0.0281025692,0.0048309922,-0.0202517636,-0.0134260074,-0.0127484700,0.0098367482,-0.0345440677,-0.0238255399,0.0307727379,0.0038351917,0.0100262262,0.0005050760,-0.0071128522,-0.0012041986,0.0147402018,0.0010658964,-0.0068185298,0.0140510372,-0.0097221644,0.0125316610,-0.0168751299,-0.0189339991,0.0022631436,0.0030753063,-0.0006419319
146.0000000000,0.0066778494,-0.0061264989,-0.0206956130,-0.0075776607,-0.0252446979,0.0055050012,0.0237971857,0.0118066543,0.0116841009,0.0111830339,-0.0022040534,0.0120731079,-0.0149019620,0.0064218081,-0.0058636332,-0.0225865531,0.0197465439,-0.0148631677,-0.0091418658,-0.0192492336,-0.0116948552,-0.0141043576,0.0159556373,0.0091057323,0.0165435428,-0.0032568530,-0.0075014687,-0.0014756663,0.0181433372,0.0030718995,0.0039836349,-0.0028268725,-0.0040532469,0.0294270801,0.0054268328,0.0170769339,0.0025426703,-0.0228353140,0.0042394426,0.0155771822,-0.0184513341,0.0156759366,-0.0120795831,-0.0077968181,-0.0142988155,-0.0101489259,-0.0136786111,0.0120937568,-0.0254421337,-0.0129744120,-0.0075710934,-0.0085422867,-0.0254898303,0.0018865076,0.0095178642,0.0025875712,-0.0044879712,0.0231086209,-0.0010598477,-0.0144178690,-0.0090813382,0.0197026064,-0.0039341811
147.0000000000,0.0130992780,0.0036626789,-0.0170427134,-0.0010065275,0.0101485872,0.0142235563,-0.0188671866,-0.0075051730,0.0048738466,-0.0136902525,-0.0167343129,0.0131351583,0.0139327361,-0.0077316205,-0.0161811873,-0.0047168116,0.0193561934,-0.0139240229,-0.0032325607,-0.0041711340,-0.0060303797,0.0071526234,-0.0123898211,-0.0106497605,0.0040388341,-0.0152098256,-0.0206386424,0.0053639941,-0.0050471907,-0.0078077857,0.0130776995,-0.0030565119,-0.0326912128,-0.0020059194,0.0153683119,0.0183359068,0.0056222393,-0.0058581304,-0.0221242682,-0.0063937038,-0.0114018400,-0.0063110834,-0.0052260504,-0.0060889325,0.0078625201,0.0064233363,-0.0055938889,-0.0104431135,-0.0007754274,0.0059001539,0.0269199557,-0.0111628642,-0.0139684831,0.0063731674,0.0185868401,0.0044349394,-0.0078095991,0.0046183937,0.0115872593,-0.0057009004,0.0244579384,-0.0088205758,0.0177536526
148.0000000000,0.0209414135,-0.0067011662,-0.0138070826,-0.0196233309,-0.0092216196,0.0035010931,0.0138664471,0.0204121575,0.0070593754,0.0020439468,0.0155110312,0.0048886854,-0.0057050312,-0.0170718256,-0.0084805296,-0.0057546727,-0.0057074893,-0.0116678038,0.0092894978,0.0125967644,-0.0214955254,-0.0094856510,0.0300069327,0.0060718732,0.0179281270,0.0024667761,0.0052389001,-0.0250996122,-0.0054727426,0.0098890045,0.0244538370,-0.0131531405,-0.0060685238,0.0194822284,0.0248390004,0.0196018786,-0.0116195699,-0.0116076374,-0.0147958982,-0.0057714797,0.0102445636,0.0120813427,-0.0160393500,-0.0012716605,-0.0107590646,-0.0184711233,-0.0019005661,-0.0163266977,-0.0159003829,-0.0208537666,0.0094907683,-0.0087160066,-0.0237637292,0.0308045000,-0.0105686741,-0.0000494329,-0.0115559044,0.0239840125,0.0075211890,-0.0116974235,0.0031704543,0.0013998315,-0.0177587186
149.0000000000,0.0058017802,-0.0072270589,-0.0101958847,-0.0367412485,-0.0131562639,-0.0011455966,0.0056872869,0.0566340635,0.0172575870,0.0074725924,-0.0060343894,-0.0052902318,-0.0062049760,-0.0077953844,-0.0277793198,-0.0159483920,0.0055996303,0.0043027808,0.0074696767,-0.0018144978,-0.0257547173,0.0135734558,0.0170372030,-0.0051823403,0.0326577611,0.0074013280,-0.0144294945,-0.0040658047,0.0283700922,0.0187989752,0.0114675634,0.0102138906,0.0099739877,0.0106109246,-0.0140626890,-0.0100769387,-0.0181998148,-0.0180950293,0.0142305267,0.0152330256,-0.0093860865,0.0106052764,-0.0087873552,-0.0016910489,-0.0114406076,-0.0299847378,-0.0268717173,0.0073222943,-0.0082583861,-0.0138684630,-0.0037139419,0.0013417299,-0.0130209016,0.0107790704,0.0098241281,-0.0032154591,-0.0009271721,-0.0039091108,0.0029276055,-0.0027908332,-0.0106321643,0.0206430958,0.0047152095
150.0000000000,-0.0052271097,0.0011764167,-0.0168478226,-0.0125307383,-0.0137706323,-0.0209377235,0.0227103221,0.0150597489,-0.0007224045,0.0073283230,-0.0042443892,0.0074928821,-0.0195953846,0.0030540842,-0.0087234918,0.0205440078,-0.0016082489,-0.0259628191,0.0065163459,-0.0153514947,-0.0080469920,0.0219851817,0.0368185290,0.0068653159,0.0273890339,0.0146998728,-0.0029650915,-0.0187689157,-0.0019289407,0.0009865355,0.0418281282,-0.0184102259,0.0066258519,0.0195487449,0.0067968031,-0.0017872791,-0.0078161560,-0.0153311126,0.0075542017,0.0150427827,0.0015729990,0.0348467309,-0.0202549378,-0.0102315289,-0.0258449524,-0.0189975704,-0.0103763597,-0.0133470430,-0.0009323223,-0.0057369118,-0.0146637528,-0.0038206301,0.0134838556,0.0395400494,-0.0097302571,0.0249595204,0.0173030749,0.0143189462,-0.0188408122,0.0033684155,-0.0029962997,-0.0093958942,-0.0089659146
151.0000000000,0.0200284786,-0.0083028722,-0.0267643682,0.0028485895,-0.0190194054,-0.0076822245,0.0139960515,0.0030981303,-0.0134286242,-0.0080267601,-0.0030095326,0.0157502695,0.0251484774,-0.0136621563,-0.0020592552,-0.0094746287,0.0087033750,-0.0189356444,0.0227690147,-0.0002392027,0.0023192009,0.0207334235,0.0271289097,0.0152624116,0.0155292689,0.0008779167,-0.0039967086,0.0247528514,0.0050670366,0.0127984750,0.0353633380,0.0027311761,0.0148447537,0.0131211069,-0.0038953622,0.0191685466,-0.0116361071,-0.0218835247,-0.0121481371,0.0036016526,0.0077211765,-0.0050088056,-0.0257545394,0.0282104139,-0.0348504411,-0.0415787548,-0.0079445070,0.0241334077,-0.0124732086,-0.0024477470,-0.0096257852,0.0005939967,-0.0119074490,0.0199223064,0.0098934487,0.0436773675,0.0122095558,0.0299249610,-0.0177777364,-0.0216864728,0.0035184711,-0.0059438321,-0.0131990447
152.0000000000,-0.0026204720,-0.0229992527,-0.0139440530,0.0132899275,-0.0089002992,-0.0110616434,0.0258649000,0.0106157706,-0.0087865523,-0.0025732352,0.0287033876,-0.0025024353,-0.0049415538,-0.0130912828,-0.0336272976,-0.0190585656,0.0102681495,-0.0290364228,0.0165888864,-0.0211490646,-0.0162311395,-0.0005082050,0.0216842596,0.0025094890,0.0017726562,0.0083406897,0.0002016324,-0.0026814437,-0.0064580562,0.0199298694,0.0300972899,0.0322024553,-0.0023516936,0.0083873438,0.0069325972,-0.0102580771,-0.0195163936,0.0134863719,-0.0201120672,0.0107424394,0.0045395860,-0.0200977252,-0.0208553847,0.0115748343,-0.0416315979,-0.0095939864,-0.0024595067,0.0099080531,-0.0453015553,0.0084138667,-0.0151401978,-0.0124384030,-0.0229846887,0.0009230574,-0.0091245160,0.0097085844,-0.0003727429,0.0038570408,0.0060651670,-0.0105573788,0.0185063240,-0.0070002889,-0.0138343829
153.0000000000,0.0020585341,-0.0000072724,-0.0175463620,0.0056228930,-0.0054152605,-0.0015040716,0.0089445039,-0.0073251810,-0.0080459509,-0.0200763625,0.0069668588,0.0304819970,0.0101991533,-0.0208741139,-0.0085254561,-0.0170682027,-0.0068061464,-0.0092537513,-0.0221053986,-0.0027765686,-0.0068221252,0.0063692565,0.0033451535,0.0049066654,0.0173032344,-0.0098231609,-0.0082049913,0.0048467348,-0.0116160586,0.0166731170,0.0158825625,0.0197904918,0.0251548881,0.0061843261,0.0143721153,0.0054201145,-0.0189852747,-0.0312545258,0.0110518841,-0.0023845310,0.0144074983,0.0134605015,-0.0537922208,-0.0065610143,-0.0187075237,-0.0023663909,-0.0146160837,0.0118409867,-0.0337700555,-0.0096818344,0.0094921662,-0.0137452191,-0.0101531147,0.0306265356,0.0205453696,-0.0004404313,0.0204656854,0.0132812637,0.0019868000,-0.0001948758,-0.0133962997,0.0056819102,0.0058416811
154.0000000000,-0.0231466761,-0.0000678484,-0.0304675310,-0.0173649015,-0.0363094417,-0.0069094489,0.0213141618,0.0013628370,0.0111096290,-0.0059380182,0.0079411195,-0.0051747877,-0.0124767542,-0.0104667646,-0.0049033810,-0.0060371569,0.0079839619,-0.0129941160,0.0057617195,-0.0123529147,-0.0087620228,-0.0043056308,-0.0006851285,0.0230458647,0.0090058005,-0.0233223872,-0.0074134047,-0.0108896932,-0.0050805024,0.0105194823,-0.0005631600,0.0095093497,-0.0229622770,0.0210114053,0.0001817146,-0.0002085751,-0.0147886715,0.0064057855,-0.0066923539,0.0157992436,-0.0113779784,0.0123975805,0.0037278830,0.0081568857,-0.0094613196,-0.0149255346,0.0195055399,0.0009726097,0.0204463723,-0.0135123898,0.0104149248,-0.0066350833,-0.0062751076,0.0198828535,-0.0133018729,0.0194859906,0.0062343904,0.0007203990,-0.0099044781,0.0047344008,0.0016209119,0.0096096697,-0.0061902571
155.0000000000,-0.0015188592,-0.0295016533,-0.0120256652,-0.0139914240,-0.0040277475,-0.0035577589,0.0169243720,0.0145926633,-0.0245717289,-0.0107544692,0.0147583136,-0.0003441548,0.0036408910,-0.0202638700,-0.0336297899,-0.0254400295,0.0290135231,-0.0163968251,0.0044654445,0.0023472149,-0.0186506138,-0.0006290402,0.0310110421,0.0034668004,0.0143432638,-0.0159856266,0.0099701506,0.0142156032,0.0090421742,0.0121860681,0.0394703972,0.0197130011,0.0043458166,0.0309859996,0.0010720479,0.0061134605,-0.0424524787,-0.0135419700,-0.0180793258,0.0179243284,-0.0215209437,-0.0085716978,-0.0095966868,-0.0034949200,-0.0227403242,-0.0228046879,-0.0073271799,0.0111023462,-0.0070267878,0.0150499223,-0.0039390290,0.0027072972,-0.0263472455,0.0362589780,-0.0016729838,-0.0003472619,0.0003930846,-0.0083180324,0.0027450395,-0.0111824155,-0.0238022881,-0.0179474796,-0.0184580889
156.0000000000,-0.0066874138,0.0053781204,-0.0067010802,0.0066783310,-0.0308204500,-0.0038976734,0.0093743000,0.0078522282,0.0073207027,-0.0075951277,0.0142460233,-0.0164858920,0.0081159916,-0.0013059896,-0.0078724989,-0.0166375646,0.0138827998,-0.0016631638,0.0005964135,-0.0028794946,-0.0039715707,-0.0026583035,0.0190103895,0.0189523241,0.0075419003,0.0054052453,0.0195987433,0.0025855453,-0.0047330885,0.0019070602,0.0238306990,0.0223283412,0.0107715894,0.0239230773,-0.0035718306,0.0364928113,-0.0058145838,-0.0043262129,0.0024432635,0.0051307794,-0.0133872420,0.0003940940,-0.0033674886,0.0266961615,-0.0018231207,-0.0132818759,-0.0147461463,0.0089508606,0.0083139327,-0.0075095578,0.0103124471,-0.0113484204,-0.0170054521,-0.0257854426,-0.0195409230,0.0159882117,-0.0001205269,0.0112165151,-0.0014973183,-0.0060674685,-0.0270387709,-0.0052657290,-0.0213202488
157.0000000000,0.0041604535,-0.0113954447,-0.0196179301,0.0079992637,-0.0156641900,-0.0108436373,0.0098614488,0.0088566566,-0.0093225970,-0.0154266919,0.0121495439,0.0083999537,-0.0014651668,-0.0161043794,-0.0031422924,-0.0048490298,0.0040329480,-0.0186152264,-0.0063202079,-0.0107082543,0.0048188223,0.0078273927,0.0184415309,0.0124080511,0.0253317978,-0.0163261098,-0.0114792171,-0.0101420331,-0.0127253334,0.0201854645,0.0019375757,0.0001472881,0.0288509783,0.0301701075,0.0298659369,0.0062935800,-0.0048372304,-0.0148681005,-0.0054908721,-0.0012548941,0.0139993189,0.0156045722,-0.0151480718,0.0021629224,0.0059229045,-0.0208051766,-0.0034111950,0.0051065487,-0.0036422546,-0.0000990550,-0.0053319735,-0.0157595720,-0.0095437331,0.0269593945,0.0052081253,0.0203233578,0.0092707438,0.0149412197,-0.0034133167,0.0087830173,-0.0236177792,0.0219118258,0.0052895555
158.0000000000,-0.0166996641,-0.0151464261,-0.0077397184,0.0032953484,0.0059347318,-0.0129044144,0.0166804527,0.0149223993,-0.0005512086,-0.0061992147,0.0060506414,0.0028660401,0.0014573062,0.0001949936,-0.0134244491,-0.0134151638,0.0143903039,-0.0138838999,0.0069282272,-0.0051674246,-0.0062723099,0.0057320387,-0.0019002193,0.0133518977,0.0199274056,-0.0124057836,0.0080427045,0.0111998348,0.0016448618,0.0225482680,0.0116052162,-0.0080479637,0.0154164089,0.0120315327,0.0021896761,0.0069306543,-0.0262783353,0.0014799864,-0.0054676901,0.0000110890,0.0006245976,-0.0017882073,-0.0188323110,-0.0048980598,-0.0141801489,-0.0084036264,-0.0077041571,0.0037776252,-0.0118323343,-0.0138735444,-0.0014991931,-0.0018368866,-0.0222450935,-0.0004479490,-0.0046713292,-0.0047038521,-0.0064197140,0.0120782934,0.0034400472,-0.0172973569,0.0139210494,-0.0003101307,-0.0094162613
159.0000000000,-0.0053134592,-0.0080987749,0.0091623040,-0.0264345785,-0.0163639323,0.0044068896,0.0023901642,0.0139291394,-0.0086987736,-0.0125088333,-0.0277461175,-0.0018539244,0.0005730346,0.0077278187,-0.0224185449,-0.0050235568,0.0023998089,-0.0151823151,-0.0050928170,0.0160353549,-0.0151392489,-0.0071244026,0.0198325914,-0.0008244392,0.0134372596,-0.0186703971,-0.0152031091,-0.0081141002,-0.0158638162,-0.0107361997,0.0257562559,0.0086796332,0.0012995466,0.0211854170,0.0052796789,0.0120095586,-0.0361516735,-0.0147923955,0.0091357293,0.0170346671,-0.0233199712,-0.0115488905,0.0138929722,0.0058482125,-0.0319874036,-0.0351229448,-0.0193081955,0.0002713690,-0.0322789213,0.0127277262,0.0100489645,-0.0169732165,-0.0095730567,0.0155709400,-0.0090584189,0.0019582352,-0.0080300229,0.0032601244,0.0121505113,0.0102519899,0.0027712008,-0.0082379408,-0.0042365858
160.0000000000,-0.0148465572,-0.0180081313,-0.0182951092,-0.0136032761,-0.0023764619,-0.0078169723,0.0316381298,0.0013016116,0.0080816598,-0.0274309473,0.0103237370,0.0045465960,-0.0042559120,0.0023675920,-0.0016910392,0.0055477659,0.0092766495,-0.0166080023,-0.0139824127,0.0076718768,-0.0105624357,0.0149712847,0.0108931402,0.0047434404,0.0223533298,0.0172958295,-0.0113008335,-0.0066231739,-0.0074251960,0.0050873390,0.0144585373,0.0078158342,0.0146578102,0.0086868624,-0.0087217566,-0.0067024411,-0.0173533751,-0.0174900766,-0.0166874877,0.0114899979,-0.0026509907,0.0251582526,-0.0199338905,-0.0006564829,-0.0088330861,-0.0133983180,-0.0096129200,0.0043291720,-0.0043279810,-0.0132106360,-0.0080401257,-0.0192275727,0.0233292070,0.0080102150,0.0121565543,-0.0097219581,0.0253230455,0.0117976856,-0.0020978438,0.0030803496,0.0104933509,0.0053457411,-0.0240937614
161.0000000000,-0.0012507544,-0.0072528732,-0.0157731738,-0.0111485390,0.0075637930,-0.0035023398,-0.0000131809,-0.0042355957,-0.0220758182,-0.0071014059,-0.0047322728,-0.0206513606,-0.0007153030,-0.0119791980,-0.0164300432,-0.0221674239,-0.0086033653,-0.0016554898,0.0085352844,-0.0107379759,0.0072789580,-0.0182127658,-0.0080963142,0.0106036561,0.0269602220,0.0138018574,0.0081716987,0.0076809277,0.0211810402,-0.0074259705,0.0236298153,-0.0069372792,-0.0127881669,-0.0108748045,0.0014666679,0.0146214409,-0.0064587844,-0.0187060857,-0.0074165344,0.0169212256,-0.0017466771,0.0096563760,0.0056188701,-0.0012403950,0.0007123482,-0.0049458287,-0.0039633768,-0.0039944802,-0.0104568408,-0.0095904179,0.0006283191,-0.0202026716,-0.0145010873,0.0058108783,0.0072435836,0.0140777624,-0.0145861535,0.0114447829,-0.0287948065,0.0047312625,-0.0085298680,-0.0160826475,-0.0220659251
162.0000000000,-0.0076316929,-0.0123811135,0.0093246695,-0.0021304861,-0.0185356165,0.0000082027,0.0081556096,0.0000014481,0.0189413827,-0.0167068897,-0.0011879012,0.0044639979,0.0090023938,-0.0069698100,0.0152575115,-0.0148559928,0.0119445201,-0.0041698421,0.0060822121,-0.0198438907,-0.0039840801,0.0078456916,0.0250746700,0.0115025980,0.0129566613,0.0025732142,-0.0000339603,-0.0054697859,0.0084135537,0.0073761834,0.0353058413,0.0058163871,0.0133975434,0.0164019340,-0.0139277436,-0.0080877498,-0.0121013459,0.0120830936,0.0011310902,0.0040130312,-0.0032548014,0.0008347613,-0.0306093135,0.0097720892,-0.0000218512,-0.0305740772,0.0042005644,0.0004014883,-0.0231572863,0.0118558720,-0.0332942312,-0.0280039107,0.0072065236,0.0030263719,-0.0021950002,-0.0022882164,0.0187824148,0.0170790294,0.0044225161,-0.0032443784,-0.0197545289,-0.0041392246,0.0037001093
163.0000000000,-0.0105764737,-0.0162778470,-0.0105271324,-0.0171061887,-0.0229382604,0.0083391524,0.0073623849,0.0125775863,0.0021910219,-0.0204611726,0.0024054093,-0.0001929163,0.0032933570,-0.0117085574,-0.0174422281,0.0004967935,0.0286680074,-0.0321022910,0.0092418041,-0.0039943488,0.0088801656,-0.0022214142,0.0182458669,-0.0078996418,-0.0046756107,0.0066752079,-0.0082732583,0.0127906438,0.0129707114,-0.0112652370,0.0128346034,0.0006604051,0.0058684858,0.0170231562,0.0028461829,0.0005216591,-0.0149380780,-0.0213946381,0.0004537919,-0.0009559208,0.0013362622,-0.0025917043,-0.0164183667,0.0010313573,-0.0125871905,-0.0063220989,0.0022570984,0.0048997390,0.0004334408,-0.0081413368,-0.0090943407,-0.0125151206,-0.0011741842,0.0142160648,0.0101984920,0.0021533120,-0.0266980454,0.0285808017,0.0201992634,-0.0199581631,0.0119122891,-0.0025177840,-0.0036511620
164.0000000000,-0.0155067563,-0.0057029842,-0.0057007320,-0.0205070951,-0.0181891979,0.0135179431,0.0194553885,0.0055905978,0.0025975839,-0.0226400253,-0.0065038385,-0.0011828114,0.0054457439,-0.0274805945,-0.0110531994,0.0080496507,-0.0056852180,0.0016063669,-0.0015828911,-0.0067752030,-0.0187822872,-0.0006583922,0.0049666816,-0.0044591397,0.0237853284,-0.0131154407,-0.0071495446,-0.0135981443,0.0231390943,0.0100380355,0.0212871238,0.0027845930,0.0010659338,0.0269451639,-0.0107134152,-0.0314275005,0.0069471370,-0.0328300130,-0.0100280908,0.0150039153,-0.0332241943,-0.0002420165,-0.0070609284,0.0028956294,-0.0240287625,-0.0208464635,-0.0109217833,0.0002214944,-0.0264136373,0.0026932053,-0.0036251258,-0.0010099013,-0.0199876919,-0.0020651168,-0.0052283055,0.0077898171,-0.0006914432,0.0054607909,-0.0095808981,-0.0252674978,-0.0104839467,-0.0026024738,0.0115323115
165.0000000000,0.0048205715,-0.0144769134,-0.0072777971,-0.0311298614,-0.0102418059,0.0061134867,0.0078361460,0.0027012467,-0.0034805237,-0.0092853349,-0.0150474439,0.0112462792,-0.0040491839,0.0004257989,-0.0123012678,-0.0214905536,0.0205169264,-0.0052074511,0.0138271399,-0.0017410909,-0.0119463499,-0.0003998520,0.0241496664,0.0051885019,-0.0033605183,0.0043494233,-0.0078548366,0.0140689306,0.0023883911,0.0080146496,0.0294212857,-0.0057971412,-0.0099784378,0.0125341984,0.0102303481,-0.0058136979,-0.0153904594,0.0176489952,-0.0008888804,-0.0055287647,0.0174895285,0.0157382779,-0.0199431722,0.0192572023,-0.0029747097,-0.0148098681,-0.0126437277,-0.0122304505,0.0058298845,-0.0146482481,-0.0264300434,-0.0020177334,-0.0256214202,0.0061204119,0.0041252650,0.0085699773,-0.0143702993,0.0143345654,0.0120364627,0.0053891043,-0.0295533298,-0.0112749351,0.0019124864
166.0000000000,-0.0129506895,-0.0085556204,-0.0244495572,-0.0020785800,-0.0074229536,0.0089290244,0.0104664703,0.0069199875,0.0011951243,-0.0042019171,0.0004834036,-0.0047777511,0.0061032205,0.0068214155,-0.0259157405,-0.0077040438,0.0198730890,-0.0223891761,0.0123582675,0.0112165311,-0.0042523525,0.0037791118,0.0204924166,0.0054829275,0.0013058752,-0.0129711382,-0.0029602764,0.0107036649,0.0039358327,-0.0105449999,0.0084969525,0.0028060885,0.0022445408,0.0238332665,0.0079049230,0.0223063773,-0.0178886252,-0.0349728450,-0.0170901267,0.0155615731,-0.0082027192,0.0345427206,-0.0074232075,-0.0105430376,-0.0102587282,-0.0101105905,0.0053570888,-0.0081511235,-0.0115944014,0.0042082260,0.0084518475,-0.0007668393,-0.0012717958,0.0225857373,0.0204956464,-0.0078362360,0.0141987539,-0.0210533629,-0.0095623824,-0.0178205805,-0.0290787235,0.0202171682,-0.0019223727
167.0000000000,-0.0031510348,0.0006268827,0.0051429630,0.0038187671,-0.0019610178,0.0017445498,0.0034691115,0.0081976224,0.0120053267,-0.0092298006,-0.0009884666,0.0143941505,-0.0001971621,-0.0057037800,-0.0229247132,0.0010947216,0.0115222892,0.0125100368,0.0210903901,-0.0035314007,0.0029231909,-0.0250548364,0.0197203533,-0.0061180550,0.0032182907,0.0031689225,0.0043367271,-0.0056186533,0.0095295189,-0.0050634245,0.0206519522,-0.0244692190,0.0129303131,-0.0106953028,0.0125728513,0.0230864272,-0.0215087690,-0.0288438234,-0.0189541827,0.0096389953,-0.0058354717,-0.0133368249,0.0120804584,-0.0113677303,-0.0019531043,-0.0166620374,-0.0099005045,0.0109046956,-0.0307381354,-0.0181029139,-0.0194692772,-0.0242303814,-0.0085229299,0.0026197303,-0.0039321052,0.0034027424,-0.0023352981,0.0029145308,0.0116968496,-0.0147979027,0.0213595679,-0.0039254197,0.0181835767
168.0000000000,0.0094925910,-0.0077589618,-0.0184798670,0.0021392491,0.0073096550,-0.0036175752,0.0298956626,0.0015743385,-0.0026599257,-0.0133059921,0.0175940616,0.0144675736,-0.0198966549,-0.0044625325,-0.0150611598,-0.0192634094,-0.0059274197,-0.0295714473,0.0170196319,-0.0025766752,-0.0022481073,0.0130280603,0.0177812545,0.0031081072,0.0148132671,0.0033276768,0.0017970836,0.0004740701,-0.0012847401,0.0235271541,0.0130363815,0.0076814555,0.0117164241,0.0288900116,0.0020963904,0.0034953509,-0.0216395056,-0.0131600963,-0.0071860376,0.0174916174,-0.0095068959,0.0062476767,-0.0221158978,-0.0099030530,-0.0203035262,-0.0271414780,-0.0121015634,0.0179562047,-0.0226530731,-0.0022144911,-0.0062441473,-0.0136011176,0.0017668278,0.0078896116,0.0236449266,0.0174086886,-0.0032965644,0.0262281817,-0.0107928970,0.0027642028,-0.0125895011,-0.0040006682,-0.0074162385
169.0000000000,0.0293062537,0.0039593334,0.0137888738,-0.0127713529,-0.0027110383,0.0003359169,-0.0026166660,-0.0039629652,-0.0113413926,0.0119680341,-0.0113611396,-0.0133278411,-0.0042416825,-0.0179605829,-0.0159935009,-0.0095615862,0.0078923316,0.0087461777,-0.0109888654,-0.0043776413,0.0220349337,0.0093256768,0.0029622388,-0.0034522014,-0.0004600213,-0.0201163598,0.0115585129,0.0044701602,-0.0002791397,0.0014542448,0.0000642579,0.0159440181,-0.0126868710,0.0266159427,0.0005781033,0.0017278344,-0.0044429878,0.0066666015,-0.0079484882,0.0100991017,0.0122553065,-0.0154944152,-0.0073687160,-0.0120035415,-0.0014246931,0.0038458718,-0.0054403144,-0.0055254740,-0.0009628246,-0.0208779603,-0.0102733238,0.0042123698,-0.0259483093,-0.0103588920,-0.0145780152,-0.0119982288,0.0000264409,0.0057812379,-0.0011086923,0.0152444253,0.0008420858,0.0029385365,-0.0054664927
170.0000000000,0.0080328038,-0.0179375873,-0.0217835589,-0.0039166294,-0.0283180079,0.0075233301,0.0405072984,0.0146291158,0.0063515366,0.0098142351,-0.0049719110,-0.0075005114,0.0011366122,-0.0271701784,0.0054767024,0.0027258869,0.0139211676,-0.0316976203,-0.0149912265,-0.0202420018,-0.0082960246,-0.0006567545,0.0282961270,-0.0164326072,-0.0038173869,0.0007644468,0.0055714264,0.0035633585,-0.0049759791,0.0206731875,0.0268972452,0.0049410203,0.0134953675,-0.0062735581,0.0017827392,0.0124572418,-0.0080031624,-0.0058408654,-0.0071882504,0.0018139629,-0.0055656450,0.0041526833,-0.0302238757,-0.0070158545,-0.0098141435,-0.0269719258,-0.0036064154,-0.0072475923,-0.0222216090,-0.0183726769,0.0106529125,-0.0160608693,0.0068583048,0.0158574041,0.0337204489,0.0021831648,0.0031529674,0.0249715230,-0.0276774750,-0.0181793771,-0.0203240164,-0.0012625958,0.0007769222
171.0000000000,0.0100371167,-0.0105725888,-0.0450221328,-0.0216945085,0.0183947913,-0.0145014490,0.0134017535,0.0090671106,0.0337397501,-0.0025802419,-0.0045558429,0.0131124778,-0.0004131379,-0.0091853175,-0.0074612318,-0.0184051691,-0.0129492169,-0.0026655432,0.0274052519,-0.0025041378,-0.0259448326,0.0097684521,0.0238096623,0.0058034767,0.0135626181,0.0110373728,-0.0095439091,0.0013520651,-0.0117816078,0.0229823799,0.0441613113,0.0167648413,0.0111948607,0.0376075293,0.0264591847,0.0264179852,0.0002234083,-0.0145859114,-0.0037253232,0.0117483690,-0.0091215839,-0.0013134842,-0.0106417082,0.0059875609,-0.0017554505,-0.0148495405,0.0033204602,-0.0034036132,-0.0245981293,-0.0019505073,-0.0120793482,-0.0293867248,-0.0153300333,0.0201076316,-0.0029008315,0.0034232296,0.0104589804,0.0108045307,-0.0330864257,-0.0121188795,-0.0131758684,0.0049191213,-0.0194381794
172.0000000000,0.0107788615,-0.0066699007,0.0083365744,-0.0138130837,-0.0045026471,0.0151001112,0.0000669534,0.0128597351,0.0104072475,0.0105726264,-0.0136783267,-0.0058636033,-0.0043694011,-0.0069191447,-0.0085947683,0.0065323769,-0.0177584258,-0.0245906638,-0.0099063590,-0.0130970642,0.0089538221,0.0006421713,0.0055457327,-0.0010869509,0.0037036898,-0.0034679318,-0.0017266707,0.0100952452,0.0006195630,-0.0022757793,0.0144499979,0.0134950034,0.0058626501,0.0094639347,-0.0135404515,0.0172575187,-0.0085774240,-0.0100403448,-0.0062110106,-0.0005203749,-0.0007526925,0.0096026522,-0.0055914131,0.0158589391,-0.0047623811,-0.0069740738,0.0032571292,-0.0013980685,0.0063438203,-0.0141885293,-0.0067367505,-0.0228375333,-0.0099231283,0.0034364159,-0.0052231543,0.0096554961,-0.0100536968,-0.0071749091,0.0179170117,-0.0048649860,-0.0091678357,0.0041040663,0.0076956009
173.0000000000,0.0039367997,-0.0127482851,-0.0146049768,-0.0251794585,-0.0030293764,-0.0188984485,0.0097177603,0.0086087909,-0.0173247939,-0.0413491517,0.0023906374,0.0048750512,0.0077088939,-0.0132399799,-0.0088161888,-0.0094044759,-0.0029255714,-0.0313094020,-0.0063104454,-0.0003809877,-0.0233237466,-0.0019955327,0.0217971012,0.0184900724,0.0244591064,0.0025146685,0.0074023018,0.0144323400,0.0310658804,0.0056883162,0.0197622185,0.0154963610,0.0266083103,0.0146374995,0.0011677857,0.0078773426,-0.0159081291,-0.0087570753,-0.0163180643,-0.0005937224,-0.0032729453,0.0127237282,-0.0157848223,0.0012068741,-0.0045502110,-0.0124295564,-0.0089817323,0.0072299953,-0.0245222154,0.0002195074,-0.0130506153,0.0064716474,-0.0209986521,-0.0016491358,0.0178214039,0.0119484299,-0.0039623757,0.0007478435,-0.0077914412,-0.0086505597,-0.0065062108,0.0012395716,-0.0110493937
174.0000000000,0.0160156713,0.0028604698,-0.0116842909,0.0134935107,-0.0258006207,0.0146212796,0.0208639013,0.0040154330,-0.0086198943,-0.0174755857,0.0002348417,0.0148548261,-0.0125166989,0.0079911224,-0.0035551728,-0.0249259717,-0.0107568872,-0.0290909548,0.0163644977,-0.0070570895,0.0003637750,0.0053146870,0.0202871368,-0.0005699080,0.0401976746,-0.0149030800,0.0142778033,0.0020392841,0.0174450246,0.0062125433,0.0283613787,0.0170443464,0.0031603608,0.0162314140,-0.0001335790,0.0047343618,-0.0315468511,-0.0246949562,0.0077373265,0.0079977681,-0.0075574502,0.0010799975,-0.0035379775,-0.0004691590,0.0002668278,-0.0274040945,-0.0158625378,0.0144560884,0.0110518302,-0.0096413357,-0.0393526482,0.0054351919,-0.0290070497,0.0045104822,0.0004601000,0.0261285782,-0.0183563917,0.0089561447,0.0180225101,0.0100840701,-0.0083041707,-0.0080721805,-0.0304831264
175.0000000000,0.0036612097,-0.0205170783,0.0032377099,-0.0180391152,-0.0171058390,0.0074313560,-0.0034824788,-0.0112613985,-0.0267272691,-0.0060299029,-0.0052643478,-0.0042118168,0.0100144914,-0.0160529122,-0.0105144336,-0.0034679354,0.0129447088,0.0006322816,0.0100013096,0.0025585048,-0.0063417368,0.0042037020,0.0489385335,-0.0248796070,-0.0032981227,0.0047305996,-0.0245185779,0.0033267312,0.0040143250,0.0187904563,0.0201883221,0.0027882472,0.0139191175,-0.0073993158,-0.0064058888,-0.0099467578,-0.0135767534,-0.0034038370,-0.0053220357,0.0152188923,0.0053263223,0.0047388356,0.0175064159,0.0139273326,-0.0094954378,-0.0062862551,-0.0055549230,-0.0083542910,-0.0005827796,0.0128581550,0.0044830346,-0.0064817374,-0.0094550321,0.0124639257,-0.0007664453,-0.0018244170,-0.0003020548,0.0066514608,0.0035959299,0.0050703551,0.0110388031,0.0008926130,0.0165067668
176.0000000000,0.0128096200,-0.0124210943,-0.0254920788,-0.0161148769,-0.0126476870,-0.0124551319,-0.0112003322,0.0122110483,-0.0189527877,-0.0161336038,0.0133049353,-0.0097554965,0.0067666092,-0.0079318221,0.0140526295,0.0162897212,0.0280384355,-0.0109711474,0.0090812724,0.0046003546,-0.0139537527,-0.0077019664,0.0226974849,0.0044040038,0.0161340516,0.0050105110,0.0104004427,0.0156143736,-0.0043446363,0.0077041467,0.0218433115,0.0069259324,-0.0004236345,0.0011473761,-0.0184632099,-0.0067232054,0.0036656289,-0.0138864959,-0.0052112386,0.0160382212,0.0146056600,0.0079548577,-0.0107018167,-0.0071083658,-0.0115099467,-0.0021075005,-0.0101577225,-0.0081154785,-0.0021723974,-0.0034191443,-0.0054076644,-0.0209464155,-0.0196428857,0.0112812783,-0.0101769792,0.0164564151,0.0264805346,0.0126731993,-0.0006613962,-0.0131474805,-0.0000740480,0.0092783976,0.0037877403
177.0000000000,0.0039361666,-0.0090246216,0.0077121987,-0.0168487667,0.0100899644,0.0010057500,0.0175587824,0.0055800781,-0.0032224366,-0.0063067704,-0.0166246084,0.0172094265,0.0025540004,-0.0096273851,-0.0152863387,0.0039014043,0.0142502380,0.0033432121,-0.0140225238,0.0021482114,-0.0089890111,0.0174917908,0.0053389656,-0.0101108650,0.0175111533,-0.0084589492,-0.0022859710,-0.0194613859,-0.0009612387,0.0136021269,0.0213613501,0.0142785200,0.0061772858,-0.0077225731,-0.0103255666,0.0104639364,0.0240016092,0.0114893904,0.0043675062,0.0171088141,0.0097752811,0.0144624610,-0.0191127502,-0.0082968844,-0.0097454458,-0.0180385310,-0.0166397288,0.0038982169,0.0145382325,-0.0054616028,-0.0181709148,0.0001588678,0.0068064392,0.0336809382,-0.0026791568,0.0040059283,0.0015859743,0.0266947877,-0.0258611368,0.0101485902,-0.0113568940,0.0002703399,0.0004998158
178.0000000000,0.0108234554,-0.0183520774,0.0003441508,-0.0126766914,-0.0097434277,-0.0097869414,0.0036574103,0.0011782472,0.0150941525,0.0098758473,0.0114474437,-0.0081430334,-0.0098206439,-0.0273738718,-0.0221007466,-0.0355353302,0.0165982180,-0.0178994924,0.0309258564,-0.0045084199,-0.0057849465,-0.0037528309,-0.0079030012,0.0077368774,0.0045901930,-0.0035165669,0.0023554311,0.0126293347,-0.0097427226,-0.0076198863,0.0379387303,0.0297205502,-0.0026515307,0.0144717509,-0.0004586609,-0.0056599353,0.0053585850,-0.0275044306,-0.0162789452,0.0212651655,-0.0158141417,-0.0182532049,-0.0192257165,0.0184116686,-0.0199464043,-0.0357928858,-0.0102041989,-0.0014784963,-0.0108409563,-0.0041305109,-0.0030071910,-0.0335707505,-0.0263310799,0.0172506170,0.0157513357,0.0200720826,-0.0055049584,-0.0009033017,0.0120014436,-0.0068123798,-0.0151166734,0.0099507864,-0.0031509499
179.0000000000,0.0070810586,-0.0278292856,-0.0458059545,-0.0132810475,-0.0145307594,-0.0078141578,-0.0101206240,-0.0075065914,0.0125278524,0.0006144603,0.0276897548,0.0227452308,0.0160286122,-0.0165868964,-0.0310229269,-0.0054879569,-0.0122107521,-0.0261652785,0.0208718059,0.0040177617,-0.0153468631,0.0226272547,0.0199004667,0.0139515191,0.0145312245,-0.0010228035,-0.0073036979,0.0332465801,-0.0293031133,0.0107404114,0.0332785482,-0.0128937428,-0.0031222534,0.0010281533,0.0062660859,0.0189761249,-0.0112506328,-0.0243987499,-0.0158060824,0.0119463831,-0.0148327875,0.0113755198,-0.0218085280,0.0002334333,0.0070289882,-0.0307273921,-0.0171959394,0.0115471642,-0.0337204890,-0.0070005512,-0.0238257300,-0.0050031139,-0.0162550102,0.0262151622,0.0032029126,0.0064617966,0.0209492757,0.0124349871,-0.0138405242,0.0055442308,-0.0250179511,0.0020112387,0.0003179959
180.0000000000,-0.0207293531,-0.0155069095,0.0030931375,-0.0080599986,-0.0043229835,0.0078353348,0.0269312558,0.0146568149,-0.0058973375,-0.0254506243,-0.0053904224,0.0198223649,0.0008330344,-0.0004358316,-0.0142613798,0.0002238765,0.0127759069,-0.0417696720,0.0156491020,-0.0051087600,-0.0307325062,0.0157761613,0.0532054584,0.0000798122,0.0217043501,-0.0012633490,0.0154110910,-0.0018634302,-0.0067069296,0.0108813847,0.0237543456,-0.0148048650,0.0355571915,0.0162611311,-0.0164664721,0.0044118514,-0.0364901081,0.0049251970,-0.0081441658,0.0192778434,-0.0044276079,-0.0021890180,-0.0174831870,-0.0167876024,-0.0027549028,-0.0101235099,0.0063382268,0.0032108189,-0.0116123571,-0.0225041467,0.0013502936,-0.0173664521,-0.0062699100,0.0232464450,0.0241280213,-0.0113624890,0.0121761306,0.0094138473,-0.0052512059,-0.0034759980,-0.0116596854,-0.0118281622,-0.0079919701
181.0000000000,0.0003469381,-0.0282080482,-0.0014355300,-0.0095004585,0.0045421141,-0.0129925522,0.0312290233,0.0033141681,0.0187113315,-0.0087754392,0.0070362260,0.0032073764,0.0100907515,-0.0174007264,-0.0299385234,0.0295543111,0.0223087837,0.0189632253,0.0225202817,-0.0033118665,-0.0130823771,-0.0034170990,-0.0041218259,0.0014261990,0.0030954504,-0.0009352781,0.0039781079,0.0201731548,-0.0043881827,0.0052014570,0.0433578363,0.0300143064,0.0250948026,0.0223724535,0.0067864699,0.0184371939,-0.0174536853,-0.0072390986,-0.0128107702,0.0211892474,0.0049469993,0.0060412825,-0.0048290247,0.0012918661,-0.0425370347,-0.0116879016,0.0007293055,0.0248324480,-0.0003426908,-0.0022388586,-0.0130127464,-0.0087923338,-0.0032501635,0.0145815943,-0.0118320945,-0.0191866093,0.0170636015,0.0048725435,0.0000794039,-0.0072621234,-0.0163299854,0.0124631271,0.0048836491
182.0000000000,-0.0016050835,-0.0180659264,-0.0063206676,0.0110018929,0.0029767119,-0.0023193577,-0.0072061519,-0.0009378953,-0.0213204364,-0.0128475449,0.0067823303,0.0065596793,-0.0024053668,-0.0176860832,0.0009405203,0.0054997031,0.0092610884,0.0065008827,-0.0082562599,-0.0090887612,-0.0042538133,-0.0064244116,0.0030119051,0.0036898082,0.0059862434,-0.0051529549,-0.0013242750,-0.0149574773,-0.0010532810,0.0255511816,0.0437600758,-0.0035847604,0.0224494965,0.0111020906,0.0038928194,0.0282134547,-0.0121380223,0.0057382517,-0.0025891898,-0.0302342262,-0.0264000413,-0.0082479425,-0.0043026795,-0.0246734662,-0.0212552065,-0.0185455934,-0.0010521098,-0.0050753283,-0.0260714800,0.0077869700,0.0003210773,0.0065987420,-0.0144448378,0.0150439704,0.0232388749,-0.0041969355,-0.0093711520,0.0194618892,0.0143021019,-0.0193224285,-0.0072557443,0.0175945159,-0.0016015807
183.0000000000,0.0243730625,-0.0090438201,-0.0096638710,-0.0014885941,0.0126598811,-0.0164075482,0.0218295926,0.0210317554,-0.0004211551,0.0046875137,-0.0000828309,0.0072407357,0.0105211459,-0.0062453598,0.0003450924,-0.0089032628,0.0090795266,-0.0285280176,0.0169834442,0.0096744841,-0.0183381616,-0.0107092939,0.0352405222,0.0203403153,0.0149551924,0.0119833418,0.0042445599,0.0106313044,0.0043901368,-0.0152521575,0.0131210108,0.0000216719,0.0153616427,0.0179157099,0.0235443562,0.0097432263,0.0000169660,0.0030359077,0.0049151572,-0.0165242086,-0.0152592570,-0.0026191499,-0.0219332734,0.0050881360,-0.0292573961,-0.0201028654,0.0215827954,0.0068427864,-0.0035147961,0.0081103052,-0.0070711443,-0.0077437923,-0.0120670499,-0.0026305803,-0.0091738873,0.0017009414,0.0172836595,0.0107170752,-0.0065224748,-0.0126298601,-0.0229150022,0.0192044817,-0.0153858165
184.0000000000,0.0099420062,-0.0213424456,0.0059787826,-0.0138485087,0.0028628133,0.0169163288,0.0074977966,0.0122450199,0.0066955055,-0.0173045569,-0.0131664640,0.0156793517,0.0280457424,-0.0222049677,-0.0188790533,-0.0091308785,0.0094290484,-0.0180698281,0.0036202662,0.0088469421,-0.0008592418,-0.0078748806,0.0233374212,-0.0013477516,0.0156425448,-0.0238061438,-0.0094191754,0.0157194324,0.0151051420,0.0430390072,0.0167585162,0.0061151594,0.0027175691,0.0050768967,0.0330478438,0.0076414855,0.0006671736,-0.0107374564,-0.0167912511,-0.0091586541,0.0066501381,-0.0129153105,-0.0142643589,-0.0157816441,-0.0291563422,-0.0119695741,-0.0037161127,0.0184667283,0.0148902878,-0.0009883722,-0.0016091258,-0.0179325334,-0.0041913481,0.0333683865,0.0031016619,0.0163038021,0.0065271689,-0.0019736635,-0.0122481292,-0.0072519406,-0.0054774891,-0.0186602362,0.0150430272
185.0000000000,-0.0092305216,0.0055067439,0.0007285291,-0.0130962828,-0.0026254327,0.0100588965,-0.0094571826,0.0046256090,-0.0039707679,-0.0055252174,0.0115714045,-0.0074145997,-0.0100508925,0.0169193925,-0.0201521009,-0.0104015979,0.0137976635,-0.0165451014,0.0262377173,0.0121512393,-0.0194125697,-0.0088631385,0.0054144687,-0.0106709279,0.0169055413,-0.0082641057,-0.0027090619,-0.0009916265,-0.0034303075,0.0097514449,0.0414307455,0.0243150599,0.0258090684,0.0034800569,-0.0021735142,-0.0028621195,-0.0246138351,-0.0023870789,-0.0024249375,-0.0130515418,-0.0121691012,-0.0072172870,-0.0023803310,-0.0003605027,-0.0076937350,-0.0093892172,-0.0182467792,-0.0080419569,-0.0041349809,-0.0106687717,-0.0092016454,-0.0155532605,0.0306123072,-0.0081139021,0.0176599160,0.0313056847,-0.0104754124,-0.0007669928,-0.0014791468,0.0048811812,0.0093566851,-0.0098661375,0.0012165436
186.0000000000,0.0013718049,-0.0000961920,-0.0265117805,-0.0189605277,-0.0308327993,-0.0044828822,0.0107051020,0.0028316396,0.0000507858,-0.0178777847,0.0105185795,0.0041954900,-0.0084326053,0.0049880256,-0.0227560610,-0.0098647378,0.0243658643,-0.0149316456,0.0415675743,0.0091771303,-0.0179239014,-0.0061049910,0.0154320410,-0.0059720399,-0.0084640811,-0.0205833263,-0.0154550235,0.0236447473,0.0007406984,-0.0141789084,0.0057546809,-0.0151957049,0.0168587163,0.0188763721,0.0038155937,0.0217084205,-0.0006235278,-0.0005522046,-0.0312838032,0.0094405859,0.0135075401,0.0008180047,0.0059042812,-0.0068879298,-0.0072886849,-0.0215267485,0.0094063321,-0.0048261807,-0.0182428889,-0.0069218895,0.0015719687,-0.0097019217,-0.0119827654,0.0111276331,0.0044661258,0.0109207037,0.0039310618,0.0040644100,-0.0087086147,-0.0180986281,-0.0208574125,0.0172496386,-0.0161454700
187.0000000000,0.0207380789,0.0186514936,-0.0081666671,-0.0100992499,-0.0094114578,0.0163905979,0.0310408993,-0.0046426101,0.0109716118,-0.0040616162,0.0258294968,-0.0144545312,0.0053534142,-0.0024399275,0.0013814971,-0.0279161978,-0.0017762698,-0.0059904910,0.0355542843,0.0101781601,-0.0324272811,0.0085149363,0.0171216936,-0.0073977132,0.0062458455,-0.0042196928,-0.0102475960,0.0136111196,0.0169962873,-0.0091400216,0.0268445595,0.0017900036,0.0312640369,0.0062139301,-0.0003421104,0.0318096877,-0.0148379473,-0.0018566357,-0.0188361712,-0.0154245243,0.0027416096,-0.0008851858,-0.0216584718,0.0174699708,-0.0073336601,-0.0190971591,-0.0044705602,0.0038796632,0.0065897454,-0.0049856075,-0.0127822188,-0.0073811004,-0.0092712602,0.0008007970,-0.0219257272,-0.0033111743,-0.0035129138,0.0152073579,0.0004011235,-0.0176584859,0.0129338951,-0.0005631047,-0.0009483003
188.0000000000,-0.0178428475,-0.0116185935,-0.0165671459,-0.0028081845,-0.0122371555,-0.0083535214,-0.0037843105,-0.0122951082,-0.0029634567,-0.0132485546,-0.0002701117,-0.0207499160,0.0030637087,-0.0113284658,-0.0146140813,-0.0105666138,0.0299869984,-0.0449349531,0.0125726997,0.0104944402,-0.0048034420,-0.0188202375,0.0165609955,-0.0063092962,0.0181669049,-0.0230074650,-0.0295567383,0.0033894229,-0.0061846330,0.0194739560,0.0182362074,0.0058156162,0.0023797566,0.0113190286,0.0071352268,-0.0013010813,0.0111845526,0.0014203570,-0.0015943503,-0.0012184290,0.0134964994,0.0079841058,-0.0185883210,0.0011707478,-0.0054842249,-0.0216206949,-0.0188831763,-0.0227792420,-0.0226463859,-0.0073984185,0.0066407724,0.0030070147,-0.0205011050,-0.0032947713,0.0083324938,0.0018480385,-0.0011372727,0.0114004257,-0.0025140059,-0.0045373232,-0.0135949880,0.0039752066,-0.0100395039
189.0000000000,0.0093037545,0.0099510482,-0.0041216132,0.0034913882,0.0018903822,0.0034705348,0.0278400821,0.0008525317,0.0153258659,-0.0151897587,0.0148280001,0.0166543652,0.0072394894,-0.0131707998,0.0005075445,-0.0074608590,0.0015701207,-0.0243540438,0.0279105584,-0.0061518975,-0.0170799094,-0.0057278368,0.0328523761,-0.0232980575,0.0117004330,0.0042386738,0.0008063659,-0.0174804617,0.0061500837,0.0072558200,0.0204209196,0.0121889204,-0.0036285435,0.0280781603,-0.0078380283,0.0047146141,-0.0115228165,-0.0227190888,-0.0029112556,0.0211700971,-0.0298688013,0.0284814064,-0.0219719253,-0.0077352729,-0.0199331261,-0.0049487096,-0.0044204338,0.0015432348,-0.0157096372,0.0008864253,-0.0152840005,-0.0228791707,-0.0117942204,0.0024522352,0.0123342857,0.0188448543,0.0190879371,0.0196697398,0.0022042582,0.0097803583,0.0010699319,-0.0163540759,0.0097582000
190.0000000000,0.0055323966,-0.0032496224,0.0013214117,-0.0125583009,0.0185504630,0.0095466135,-0.0003119484,-0.0149412458,0.0008922016,-0.0262759366,0.0191899608,0.0063663587,-0.0052395850,-0.0031188256,-0.0046826346,-0.0442924220,0.0005695174,-0.0093959712,-0.0027949060,-0.0117688230,-0.0046573828,0.0077896068,0.0180786274,0.0065234602,0.0118897567,-0.0013016355,0.0055496841,0.0182034396,-0.0022374811,0.0288205022,0.0443855120,0.0278460541,0.0079015425,0.0116721837,0.0028025625,0.0168979739,-0.0256103755,0.0011988733,-0.0184625314,0.0411265726,-0.0107332205,0.0014114405,-0.0155092305,0.0172293382,-0.0298734930,-0.0052789670,0.0116594780,0.0252602648,0.0070476587,-0.0029204155,-0.0021383320,-0.0403790478,-0.0167078428,0.0012379650,0.0069562974,0.0058296015,0.0086162684,0.0012755159,0.0044807942,-0.0111542944,0.0004015821,0.0070271596,-0.0122041632
191.0000000000,0.0058594197,-0.0168046130,0.0014126060,-0.0053186307,0.0045155024,-0.0096466637,0.0153983337,0.0097244951,0.0162953916,-0.0249048201,0.0050837105,-0.0020187310,0.0036091943,0.0083368895,-0.0021560848,0.0026196178,-0.0003715221,-0.0164199056,0.0050052531,0.0085493518,-0.0082740910,0.0027918612,0.0170944477,0.0103025680,-0.0039662640,-0.0102924249,-0.0162069666,0.0056277349,-0.0032945819,0.0040477399,0.0339956490,0.0235002383,0.0131668853,-0.0021819286,0.0193730883,0.0082722063,-0.0055958867,-0.0180326507,-0.0221276510,-0.0085612806,-0.0092181389,-0.0021318874,-0.0215325892,-0.0042267348,-0.0133737806,-0.0001447527,0.0152076936,0.0064400180,-0.0264205029,0.0075548450,-0.0291284598,-0.0130905682,-0.0003927718,0.0157759443,0.0108942634,0.0031312559,-0.0090241736,0.0084095504,0.0144384129,-0.0081010437,-0.0332119501,-0.0024488152,-0.0111388958
192.0000000000,-0.0042263153,0.0038741222,-0.0112427760,0.0059368987,-0.0155314144,-0.0320518604,0.0321985613,0.0065003961,-0.0029171696,-0.0063980483,-0.0048492329,-0.0066729258,0.0082943533,0.0019860974,-0.0123100910,-0.0143442049,0.0334157965,-0.0158042720,0.0176456012,-0.0053970956,0.0042053167,-0.0065937106,0.0022769826,0.0052099222,0.0061259553,-0.0095135460,-0.0150334805,0.0084456522,0.0068078710,0.0033458758,0.0385802891,0.0097667437,0.0063179257,0.0299625712,0.0033403285,0.0012088206,-0.0043616105,0.0008727673,-0.0098464463,0.0250042726,-0.0020427859,0.0048253891,-0.0240810413,0.0010001540,-0.0133823891,-0.0314734791,-0.0135573442,0.0125682553,-0.0211971135,-0.0175094065,-0.0297129530,-0.0090588023,-0.0255355737,0.0111090242,-0.0038522356,0.0142314047,0.0133132202,0.0274514747,-0.0107248453,-0.0453896900,-0.0132594609,0.0065862766,-0.0263102812
193.0000000000,0.0099388456,-0.0047685164,0.0006792424,-0.0010731454,0.0139852782,-0.0018116141,0.0229261522,0.0034533100,0.0134955752,-0.0000831657,-0.0048170813,0.0091781209,-0.0100406499,-0.0101763889,-0.0049753067,-0.0129092907,0.0091273017,-0.0240534342,0.0034134235,0.0013327918,-0.0026215853,0.0018756138,0.0329202162,-0.0078706839,0.0299576116,-0.0135222030,0.0028692870,-0.0047965351,-0.0028807984,-0.0114300162,0.0061844679,0.0148344502,0.0020664210,0.0089625116,0.0215763071,0.0133919797,0.0019053198,-0.0205568448,0.0099871369,0.0125591191,0.0048306669,0.0015309734,-0.0095943519,-0.0147593333,-0.0047671163,-0.0228370812,-0.0098970319,-0.0134441308,-0.0228261126,-0.0137788434,-0.0118728026,0.0013905721,-0.0076325280,-0.0137499230,0.0016940059,-0.0188794847,-0.0143461666,0.0220140192,0.0142821498,-0.0215601381,0.0027574544,-0.0348754987,-0.0083702068
194.0000000000,-0.0318510601,-0.0280738026,-0.0074046391,-0.0171396986,0.0048697732,0.0138947521,0.0091322282,-0.0108309721,0.0076914996,0.0006680513,-0.0062209466,0.0147842908,-0.0039610623,-0.0022557016,-0.0041766947,-0.0248946735,-0.0030074825,-0.0267737034,0.0343307918,0.0193175018,-0.0064783109,-0.0100883524,0.0270106002,0.0049510138,0.0119756565,-0.0231530972,-0.0055642682,-0.0017178795,0.0083750592,-0.0169446970,0.0215689666,-0.0005189308,0.0119024017,0.0114667351,0.0104793407,0.0020624003,-0.0223943671,-0.0293827197,-0.0072783765,0.0111041683,0.0204008963,-0.0189614890,-0.0157665278,0.0121335911,-0.0109499290,-0.0121894851,0.0124192291,0.0204329184,-0.0286757251,0.0087040635,-0.0009864431,-0.0188366183,-0.0062566039,0.0000144948,-0.0012941481,0.0189730719,0.0016732280,0.0065434032,0.0097499282,-0.0040273614,-0.0247122406,0.0189010930,-0.0119571452
195.0000000000,0.0121873063,-0.0300618795,-0.0252885549,-0.0013576501,-0.0175341691,0.0151266036,0.0123705764,0.0159668343,0.0178099504,0.0022208953,0.0102531844,-0.0096450169,0.0258278350,-0.0275748709,-0.0125234996,-0.0028823735,0.0076916724,-0.0379813143,0.0107687230,0.0051833353,-0.0290795008,0.0004023869,-0.0058904728,-0.0041346064,0.0140899981,-0.0130082412,-0.0116807402,0.0157008585,-0.0074497509,-0.0154013956,-0.0019882245,0.0009736663,0.0249218197,0.0155432890,0.0079477916,0.0049940052,-0.0271193169,-0.0230886331,0.0114072993,0.0308545211,-0.0186552506,-0.0101783067,-0.0323774204,0.0022345246,-0.0106308896,-0.0192404564,-0.0046369932,0.0034001825,-0.0031069690,0.0290435981,-0.0017114674,-0.0240267496,0.0058644393,0.0135890014,-0.0023306662,0.0094982268,-0.0131342127,0.0135708085,-0.0089952461,0.0028065106,-0.0144949482,-0.0096763010,-0.0059446840
196.0000000000,-0.0017963231,0.0143888895,-0.0251291998,0.0186461278,-0.0066826703,0.0073627697,0.0122524111,0.0086376337,-0.0082491385,0.0100155720,-0.0095358800,0.0305396601,-0.0171748036,0.0011788929,-0.0249985238,0.0115233019,0.0208069997,0.0108390306,0.0135635572,0.0014159958,-0.0253751465,-0.0062437890,0.0028094357,-0.0067040101,0.0254928123,-0.0149440668,-0.0148828130,-0.0032629309,0.0106976467,0.0199581675,0.0197820163,-0.0055092717,-0.0011578672,0.0096345398,0.0033725794,0.0068576757,-0.0215784587,-0.0417503050,-0.0085764349,0.0159561726,-0.0049308928,0.0060131963,-0.0058377776,0.0243166329,-0.0211655986,-0.0060715341,-0.0030091519,0.0255555573,-0.0062257999,0.0037486099,-0.0154083846,-0.0288531709,-0.0148473727,0.0097041376,0.0212006360,0.0228708581,-0.0165618316,-0.0149837194,-0.0230861449,-0.0080741358,0.0056513194,0.0107892223,-0.0080275172
197.0000000000,0.0061083265,-0.0071784262,-0.0096188038,-0.0066251802,-0.0033591714,0.0007047579,0.0210819078,-0.0264928885,0.0027104173,0.0055920432,0.0413030694,-0.0088937849,0.0154557654,0.0013232446,-0.0244067131,0.0008940209,-0.0014311792,-0.0210191024,0.0160699973,-0.0219177356,0.0075793549,0.0064274361,0.0128360949,0.0120849643,0.0134553444,0.0033577212,-0.0085520460,0.0122582958,-0.0181309993,0.0067584943,0.0436538568,0.0233452292,0.0128722625,0.0135147292,-0.0034068530,-0.0137346294,-0.0182027162,-0.0235684971,-0.0146586298,0.0053086990,0.0045752846,-0.0160946324,-0.0217276960,0.0202244501,-0.0227626041,-0.0222641804,-0.0021635855,-0.0057936181,-0.0168546070,-0.0217471633,-0.0102154378,-0.0381097559,-0.0029453846,0.0081825589,0.0044872259,0.0180372406,-0.0026693600,-0.0014482984,0.0179127998,-0.0031869178,0.0131185353,0.0026742055,-0.0189967990
198.0000000000,0.0117409992,-0.0060947833,-0.0043175503,-0.0048266806,-0.0084104580,0.0169003637,-0.0103224859,-0.0039355619,-0.0015729988,-0.0336228106,0.0126322574,0.0043759987,-0.0258628514,-0.0058087634,0.0049036531,0.0022700662,0.0038555885,-0.0035336842,-0.0145735139,-0.0129461151,-0.0004788828,0.0032637296,0.0014450842,-0.0029143732,0.0073877960,-0.0092639319,-0.0070489560,-0.0240490172,0.0000464763,0.0152090943,0.0001822380,-0.0106032662,0.0132247453,0.0054829233,0.0202727382,0.0150855603,-0.0088556329,0.0059164642,0.0060978640,-0.0136297140,0.0110873800,-0.0069956643,-0.0243061232,0.0095033423,-0.0037929101,-0.0024886366,-0.0063837119,0.0106879981,-0.0000906467,-0.0107389159,0.0046660746,-0.0383794842,-0.0051972490,0.0043624263,0.0032909549,0.0136264812,0.0041266055,0.0168071423,0.0199108969,-0.0034279144,-0.0316345613,0.0111633740,0.0107918415
199.0000000000,-0.0029140938,-0.0335898752,-0.0098651311,-0.0162872843,-0.0041081106,0.0262202359,0.0169737311,-0.0092218495,0.0259195002,-0.0043637659,0.0043393219,0.0055700137,-0.0089696145,0.0020701073,-0.0147000705,-0.0093130053,0.0018964681,-0.0249408589,-0.0063859448,-0.0198251908,-0.0376532337,-0.0221407412,0.0046937286,0.0018573101,-0.0109603841,-0.0300960760,0.0060368549,0.0147104492,0.0000555653,0.0127549854,0.0317055304,0.0137560273,0.0123229201,0.0222068024,0.0089600843,-0.0031117262,-0.0097020999,-0.0206325983,-0.0185721371,0.0131387823,0.0004611683,0.0264192820,-0.0132569498,-0.0251821119,-0.0117483720,-0.0345652061,-0.0020800894,-0.0050772000,-0.0188550986,0.0143551327,-0.0116224159,-0.0195947530,0.0011443956,0.0054078282,0.0156088108,0.0142838198,0.0195153191,0.0074454286,0.0256496105,-0.0101436506,-0.0095264410,0.0158867059,0.0085536409
200.0000000000,0.0148403419,-0.0007615549,-0.0074712879,0.0068923175,0.0009189632,-0.0138618132,0.0219552334,0.0029263604,-0.0123286883,-0.0100760560,0.0212099486,0.0091158546,-0.0074080504,-0.0072166918,-0.0265508868,0.0021059714,-0.0058204747,-0.0073682312,-0.0006797736,0.0018097841,-0.0150986828,0.0097243752,0.0295657886,0.0178875223,0.0210457674,-0.0059358491,-0.0193308977,-0.0100011956,0.0035600488,0.0126816664,0.0122328923,-0.0045606945,-0.0074001568,0.0198839765,0.0208772577,-0.0059870696,-0.0192105363,-0.0094860833,0.0054846059,0.0202997841,-0.0176056640,0.0088510695,-0.0135562637,-0.0077832377,-0.0170206281,-0.0187582491,-0.0025095842,0.0018141301,-0.0114654629,-0.0084217366,-0.0066693825,-0.0051507976,-0.0269910662,0.0117747658,-0.0249576054,0.0166718841,0.0080354294,0.0154021715,0.0071099885,-0.0165489931,0.0111718575,0.0057993530,-0.0175869891
201.0000000000,-0.0280662345,-0.0035826874,0.0128873701,-0.0192175239,-0.0233460894,-0.0077048806,0.0163585160,0.0227342368,0.0078002985,-0.0174635676,0.0083404496,0.0028605915,-0.0146064306,-0.0160850601,-0.0262896319,-0.0087101583,-0.0103694192,-0.0223884034,-0.0014451624,0.0032585593,-0.0169749221,-0.0031646786,0.0133107765,-0.0015351045,0.0143355690,-0.0112471971,0.0113866416,-0.0003520539,-0.0061874232,0.0173758071,0.0028562534,-0.0010018524,-0.0025887798,0.0138786684,0.0217454071,0.0035594754,0.0021894654,0.0039561990,0.0092253649,0.0076262278,0.0007469896,-0.0057265479,-0.0229797323,-0.0090524835,-0.0111319263,-0.0000386977,0.0071004543,0.0059656071,0.0041231752,-0.0098263479,-0.0072590903,-0.0215113199,-0.0061031003,0.0071099500,-0.0030762524,-0.0057628255,0.0055380192,0.0188687420,-0.0130504799,-0.0086178130,-0.0144795898,0.0045780784,0.0086822921
202.0000000000,-0.0175286082,-0.0204974090,-0.0007770028,0.0048323423,-0.0103927924,-0.0095259681,0.0125380932,0.0106764987,0.0024187708,-0.0135165235,-0.0051596622,-0.0186874586,0.0062737845,-0.0045861157,-0.0341784452,-0.0143033157,0.0237849806,-0.0240572670,-0.0035345298,0.0058490540,-0.0116614465,-0.0023426051,0.0377546886,0.0122009544,0.0209770905,0.0056473997,-0.0239435454,0.0279431856,0.0046785757,0.0036635147,0.0398485024,0.0011508995,0.0002039106,0.0221764925,0.0086668820,-0.0034800238,-0.0056283581,-0.0190290796,-0.0084641497,0.0052797835,0.0147077856,-0.0129618484,-0.0159666062,-0.0210838632,0.0134800322,0.0067369871,-0.0202632544,-0.0062398132,-0.0166623730,0.0099766918,-0.0250551181,-0.0315146774,-0.0322307939,0.0272498189,0.0237498586,0.0097889381,-0.0165885630,0.0064978663,-0.0071138320,0.0064853878,-0.0170510914,0.0019917393,-0.0186341986
203.0000000000,0.0095511310,-0.0225689600,-0.0038110050,0.0125704735,-0.0159211305,0.0042908435,0.0026495208,-0.0219294925,0.0003584852,-0.0048046305,-0.0073284142,0.0012555271,0.0057846793,-0.0222961157,-0.0140825557,-0.0029094587,0.0105905266,-0.0201708206,-0.0098279316,-0.0251034983,-0.0214362686,-0.0082763407,0.0174985475,0.0131863365,0.0124783732,0.0086225180,0.0065814048,0.0253341358,-0.0062725530,0.0047462481,-0.0026216159,0.0014127370,-0.0041312788,0.0118585235,0.0186114911,0.0062038834,0.0116185435,-0.0230978102,-0.0322400283,0.0150565051,0.0067542390,-0.0121177697,-0.0206220224,0.0229484072,0.0150095696,-0.0098620333,0.0053728830,0.0099796639,-0.0110059774,-0.0079991121,-0.0025842011,-0.0052498525,-0.0057643871,0.0159655922,-0.0089799364,0.0008017744,0.0137649592,0.0143162952,0.0013261541,-0.0096946384,0.0022433336,0.0041848211,-0.0179026849
204.0000000000,0.0042174126,-0.0150142182,-0.0001993632,0.0168793740,-0.0113469361,0.0041691469,0.0184811324,0.0086331862,0.0212470473,0.0051803484,-0.0032971533,-0.0009985770,0.0060735252,-0.0020281373,-0.0107182611,0.0076468100,0.0142239551,-0.0314377302,0.0092797500,-0.0163837543,-0.0107843116,0.0017289661,0.0082394825,-0.0185697128,0.0047631437,0.0016187975,0.0113503485,-0.0085331607,-0.0041827661,-0.0109787518,-0.0036372138,-0.0174228819,-0.0030529576,0.0158113820,0.0156502700,0.0116987915,-0.0016511459,-0.0011261884,-0.0123736650,0.0103468915,0.0021399726,0.0151541016,-0.0041068440,-0.0044392732,0.0037006658,-0.0278058666,0.0081553609,-0.0048914070,-0.0139389832,-0.0143466048,-0.0055295575,0.0057019713,-0.0184501281,0.0092958890,0.0122841227,0.0189000492,0.0132868331,0.0015642156,-0.0021963964,0.0010773670,-0.0021839228,0.0006451955,-0.0082962096
205.0000000000,0.0026506567,0.0016838893,0.0210399078,0.0011718830,0.0031254016,-0.0013467661,-0.0058401008,0.0048647742,0.0003153905,0.0092665603,0.0170602597,-0.0058463773,0.0101599702,0.0139960626,-0.0205613368,-0.0201854873,0.0091936785,-0.0140186237,0.0087132869,0.0011919224,-0.0018177955,-0.0136541541,0.0081622671,-0.0132679327,-0.0097915316,0.0046933108,0.0057266559,-0.0113733888,-0.0017017007,0.0009728148,-0.0000285153,-0.0047411721,-0.0002953333,0.0187866363,-0.0147874975,0.0078197235,0.0015886131,-0.0115924263,-0.0146727297,0.0086111282,-0.0088435617,-0.0065117092,-0.0158965804,0.0195892071,-0.0349699762,-0.0166752938,0.0132945446,-0.0143065293,-0.0151191208,0.0132258223,-0.0025299774,-0.0107373766,-0.0075399151,-0.0002358744,0.0004255699,-0.0074967596,0.0123195173,-0.0006403571,-0.0118673346,0.0078976161,-0.0024992414,-0.0016898488,-0.0034302820
206.0000000000,-0.0196895469,-0.0123882418,-0.0254795002,-0.0109546622,-0.0374087373,-0.0054724424,0.0252491944,0.0033846984,0.0006282166,-0.0317472521,0.0187670934,0.0053858413,0.0199937292,-0.0119539343,-0.0093862741,-0.0178598733,0.0044863870,-0.0144189634,0.0100343710,-0.0225620801,-0.0104879808,0.0105358177,0.0162357104,0.0172296985,0.0108517437,0.0003307511,0.0068054941,0.0074924485,0.0031783402,0.0082707875,0.0397064333,0.0172155311,0.0047770435,0.0250503482,-0.0167589274,0.0025489449,-0.0107773277,-0.0384953603,-0.0174768463,0.0341228476,0.0053763441,0.0070030751,-0.0178703441,-0.0084154274,-0.0200965378,-0.0220431855,0.0033052332,-0.0052883191,-0.0220801389,-0.0128043255,-0.0173029925,-0.0060061462,-0.0299724891,-0.0059899271,-0.0048286637,-0.0036110272,0.0198942484,0.0018841722,0.0143829814,0.0059726393,-0.0285143703,0.0045956991,-0.0185200367
207.0000000000,-0.0151458998,0.0086564373,-0.0046908398,-0.0055216157,-0.0072061601,0.0023531601,0.0037652269,-0.0006862925,0.0100897772,0.0016387912,0.0244731503,-0.0018980695,-0.0042873659,0.0049572713,0.0092582147,-0.0278290224,0.0122742486,0.0016746035,-0.0057429798,-0.0007325089,-0.0037921453,0.0011882376,0.0182734228,-0.0147248665,0.0146486514,0.0106800005,-0.0299776976,0.0044055982,-0.0099634786,0.0064658232,0.0027865426,0.0124190801,-0.0024053619,0.0202396468,0.0042911545,0.0023816997,-0.0354104069,-0.0219684429,0.0030555999,-0.0083476197,0.0206400487,-0.0057193989,-0.0100817239,-0.0028877720,0.0025048439,-0.0088985242,-0.0064472120,-0.0094144718,-0.0045460922,-0.0089286100,-0.0169084084,-0.0204057937,-0.0203112807,0.0018046726,-0.0290511329,-0.0036773280,0.0114831912,0.0162191547,-0.0231544261,-0.0179229658,-0.0153595186,-0.0004745742,-0.0246462312
208.0000000000,0.0072320194,-0.0388644782,-0.0277465435,0.0017708397,-0.0063055588,-0.0148366265,0.0034657501,0.0150097013,-0.0020817317,-0.0256269821,-0.0222551084,0.0156909741,0.0082679574,-0.0002047421,-0.0071654074,-0.0264106045,0.0198595151,-0.0114580035,0.0026236922,-0.0064950676,-0.0316704554,0.0313717150,0.0271542679,0.0004959524,0.0332080318,-0.0013544778,0.0171778313,0.0002151245,0.0033772219,-0.0099343097,0.0308772158,0.0159110547,-0.0167553970,0.0534056951,0.0064002147,0.0100066249,-0.0264623732,-0.0246238222,-0.0180028016,0.0158588080,-0.0197154731,0.0173138736,-0.0170117439,-0.0142131660,-0.0283953135,-0.0250882912,0.0177254030,0.0173190904,-0.0170740134,-0.0067931832,-0.0031705414,-0.0079551529,-0.0205812679,0.0146435262,-0.0026469267,0.0101784114,-0.0019981800,0.0202157890,-0.0133349121,-0.0225079245,-0.0025152626,0.0075461241,-0.0124552462
209.0000000000,-0.0188164233,0.0035964417,-0.0052375711,0.0130453455,-0.0142705159,0.0066856677,-0.0019500793,0.0062330144,-0.0011657832,-0.0063035614,0.0085762491,-0.0093502348,0.0198828942,0.0172622510,-0.0037071376,-0.0132844282,0.0112922422,0.0053898411,0.0066014340,0.0047051622,0.0115098373,-0.0004383983,0.0160474367,-0.0037619158,-0.0006727084,0.0073709525,-0.0113581663,0.0168896905,0.0063772660,-0.0018225680,0.0131611029,0.0044172479,-0.0046514932,-0.0025802513,0.0191480380,0.0107194018,-0.0119593198,0.0025415171,-0.0014076964,-0.0124646635,-0.0027375217,-0.0015660329,-0.0153299910,0.0091844508,0.0006818498,-0.0191602812,0.0025172668,0.0017221080,-0.0351116533,-0.0004210933,-0.0024580526,-0.0119072353,-0.0260542821,0.0034596641,0.0246511308,-0.0029543402,-0.0077753319,-0.0027677303,0.0184495627,-0.0091726548,-0.0166949265,-0.0020281877,0.0004431529
210.0000000000,-0.0100997949,-0.0211625748,-0.0101536958,0.0009175580,-0.0335779119,0.0097395797,0.0174324358,0.0073394549,0.0025715100,0.0254926290,0.0204784640,0.0250349370,-0.0069960269,0.0065975644,-0.0187998450,-0.0286615835,0.0250557167,-0.0168491742,0.0105533061,-0.0071820787,-0.0122813292,-0.0087188882,0.0144196455,0.0151039247,0.0196666726,-0.0174974224,0.0228834198,0.0001163768,-0.0125624432,0.0203113216,0.0406312043,-0.0087103750,0.0124611580,0.0432047220,0.0071922868,0.0115481111,-0.0151296704,-0.0006070425,-0.0565895803,0.0212591543,-0.0262435677,-0.0131368781,-0.0114781072,-0.0159276828,-0.0113994874,-0.0312033472,0.0052711006,-0.0055961101,-0.0225988194,0.0146971333,0.0041986853,-0.0154044092,-0.0017787229,0.0184637367,0.0073641740,0.0170816698,0.0252855372,0.0029530157,-0.0120015907,-0.0176561529,0.0027358561,0.0192912929,-0.0055042294
211.0000000000,0.0212272845,-0.0033535164,-0.0173106228,-0.0107877191,0.0044491990,-0.0031482364,0.0336612350,-0.0095870187,0.0095719665,-0.0291821199,0.0068507768,-0.0076142034,-0.0103605825,0.0043905800,-0.0113264587,-0.0055916852,0.0192495743,-0.0177151579,0.0074703734,-0.0031921874,-0.0255269272,-0.0191260937,-0.0002611687,0.0137688910,0.0125138864,-0.0043057162,0.0056960633,0.0141415666,-0.0156868035,0.0256484668,0.0138482028,-0.0161473737,0.0147506713,0.0096395485,-0.0146175592,-0.0001118128,-0.0053730471,-0.0187712887,0.0061598906,-0.0034052004,0.0196268473,0.0176033392,-0.0232906990,0.0030778428,-0.0147666752,-0.0187756618,0.0019315095,-0.0291168623,-0.0269077480,0.0110654932,0.0071447437,-0.0061728731,-0.0062519726,0.0250717930,-0.0165024742,0.0027590819,0.0017287992,0.0276769560,-0.0208368893,0.0020367725,-0.0106805748,-0.0036787127,0.0168992862
212.0000000000,-0.0234185346,-0.0292390601,-0.0250687555,0.0033295403,-0.0155485100,-0.0011129439,0.0113578301,0.0113562848,0.0128628363,-0.0068577055,0.0002084578,-0.0100056519,0.0236396463,-0.0296154533,-0.0011716579,-0.0180491095,0.0009403123,0.0022341474,0.0036265363,0.0059827153,-0.0077009875,0.0119813742,-0.0068670652,0.0028384453,0.0324849542,-0.0087686246,-0.0061096884,-0.0159171386,-0.0162086356,0.0104809291,0.0056427115,0.0085885854,0.0326620927,0.0093030682,-0.0106439914,0.0048422475,-0.0136131796,-0.0182962166,0.0029497112,0.0116892661,-0.0260358380,0.0027813757,-0.0237894235,0.0061738183,-0.0112090999,-0.0213649271,-0.0012869743,0.0245175057,0.0064276260,-0.0002817579,-0.0056038770,-0.0314008952,-0.0236003348,0.0080694371,0.0052322349,-0.0002390474,-0.0074157646,0.0086739710,0.0004628600,-0.0107757834,0.0122216395,0.0109840377,-0.0173334011
213.0000000000,0.0157215146,-0.0277893433,-0.0121009511,0.0132666258,-0.0020088501,-0.0175627844,-0.0045755192,-0.0028356836,0.0165670635,-0.0160566145,0.0148520313,0.0291535455,0.0058821958,0.0146895585,-0.0327572713,-0.0029324703,0.0071559627,-0.0145505558,0.0068868047,0.0167373259,-0.0200241447,0.0187659464,0.0153957999,0.0060063476,0.0293656076,0.0147204806,-0.0008684156,-0.0048068274,0.0206947568,0.0124033379,0.0055977690,0.0187247429,0.0161568113,-0.0144482377,-0.0024674488,0.0042457934,-0.0126948770,-0.0052918297,0.0139323495,-0.0113924278,-0.0033574825,-0.0061009101,-0.0174350299,-0.0046327099,-0.0287774196,0.0002697293,-0.0266871226,0.0037444989,-0.0030569964,-0.0108664193,0.0016478996,-0.0143184442,0.0018010570,0.0141355462,-0.0052297138,0.0022845049,0.0063188219,0.0198020179,0.0236371394,0.0192378871,0.0028402826,-0.0228412712,0.0021526197
214.0000000000,0.0076784168,0.0064204463,0.0009849069,0.0110569118,0.0056967924,-0.0008520466,0.0189318322,-0.0150597369,-0.0034913117,-0.0252679741,0.0082170630,-0.0118180565,-0.0126499934,-0.0263700882,-0.0210739543,0.0007682932,-0.0005984941,-0.0067878553,0.0284168004,0.0003475264,0.0008684505,0.0007074236,0.0046767777,0.0195744707,0.0101710137,-0.0098494351,0.0030065329,0.0202453759,0.0261349967,-0.0171644603,0.0133641394,0.0084388368,0.0170168126,0.0300334030,0.0161970853,0.0022348747,-0.0146944684,-0.0417544150,-0.0154879764,-0.0015022053,-0.0233523715,-0.0011076389,-0.0144608988,-0.0068379777,-0.0208877145,-0.0159859600,0.0033547253,-0.0168336051,-0.0059811632,-0.0145409109,-0.0052600007,-0.0138509873,-0.0010718977,-0.0008894100,0.0121699234,0.0020746796,-0.0046933570,0.0118350311,0.0050126472,-0.0016182262,0.0010054551,0.0074397380,-0.0010870937
215.0000000000,-0.0014519918,0.0032300950,0.0119946464,-0.0031523335,0.0190019039,-0.0098349213,0.0044403447,0.0263063520,-0.0105680615,-0.0009616924,-0.0098134688,0.0106959136,-0.0114770378,-0.0255359416,0.0008999870,-0.0184246236,0.0174733176,-0.0045126701,-0.0031896259,-0.0085072506,0.0166116848,0.0209534174,0.0039450781,0.0143313483,0.0193595570,-0.0035736969,-0.0038944563,0.0007106753,-0.0286274102,0.0072848475,0.0238627316,0.0216460062,-0.0039290860,0.0245547440,0.0166410590,-0.0000501990,-0.0095658264,0.0044949885,-0.0420587105,-0.0227764370,-0.0054848680,-0.0087904686,-0.0359416245,-0.0079339873,-0.0288194216,0.0028342820,0.0083694954,0.0167085624,-0.0126488198,-0.0113255060,0.0114130458,-0.0040349542,-0.0125205120,-0.0204920669,0.0102478672,0.0039245383,-0.0033639739,-0.0085170598,-0.0032119769,-0.0245775209,0.0137859061,0.0093474892,-0.0048737581
216.0000000000,0.0036992790,-0.0306711406,-0.0223278886,-0.0185631092,0.0102554699,-0.0128688091,0.0091214451,-0.0087319611,-0.0000975375,0.0047038620,-0.0046356369,0.0100662142,0.0070509337,-0.0218922933,-0.0002811558,-0.0201708671,0.0065692414,-0.0188248407,0.0191993257,-0.0105616240,0.0166501470,0.0052201230,0.0113700527,0.0125638474,0.0178145895,-0.0295029965,-0.0041555502,0.0319763266,0.0020363560,0.0050313415,0.0202204118,-0.0013896681,0.0000714671,0.0362983408,0.0136304268,0.0021828729,-0.0203894287,-0.0097936702,-0.0078884564,0.0116288378,-0.0121323976,0.0270943705,-0.0142271806,0.0107719608,-0.0392385751,-0.0333276438,0.0033561186,-0.0079997691,-0.0152507946,-0.0081047172,0.0165464517,-0.0206686360,-0.0103802563,0.0122242324,0.0045018300,-0.0087051536,-0.0159327645,0.0094084613,0.0063601744,-0.0083675862,-0.0106169120,0.0067367893,0.0000430118
217.0000000000,0.0050174855,-0.0075404938,-0.0034955546,-0.0097695271,0.0008785636,-0.0019676358,0.0085589715,0.0060895095,-0.0043869467,0.0035259172,0.0015840114,-0.0061828692,0.0140858746,-0.0152701017,-0.0212575462,-0.0105350423,-0.0026734757,0.0015054256,0.0168014503,-0.0158798982,0.0135919386,-0.0147033187,0.0054778335,-0.0075856965,0.0192790220,0.0001203931,-0.0269774265,0.0145635858,-0.0009370516,0.0103967145,0.0291711016,0.0014651101,-0.0018839834,0.0157645027,0.0206867853,-0.0083149867,-0.0125179373,-0.0144671905,-0.0214002682,0.0237234219,-0.0115604199,0.0061545010,-0.0221089529,-0.0102203478,-0.0118208906,-0.0294256365,0.0089946978,-0.0123770110,-0.0293620289,-0.0113551523,-0.0049003648,-0.0179122635,-0.0035823198,0.0155265470,-0.0128941521,-0.0061080265,-0.0041867405,0.0007264236,-0.0065957546,-0.0013833194,-0.0040287033,0.0055165401,0.0026089273
218.0000000000,0.0012147143,-0.0041619576,-0.0211027950,-0.0003846932,-0.0129230452,0.0003227649,0.0064235574,0.0069104844,0.0040935430,-0.0175592182,0.0081944349,0.0068993135,-0.0016917678,-0.0039594199,-0.0112000642,-0.0063500155,0.0217199469,0.0086500428,0.0070802436,0.0057014185,-0.0202773072,-0.0041299421,0.0325487976,0.0056194403,0.0094147595,0.0056658130,-0.0379713560,0.0058626419,0.0037391968,0.0043494464,0.0079330639,0.0139158107,0.0036425748,0.0100258421,0.0052428428,0.0085461626,-0.0032945212,-0.0162686421,-0.0192888200,-0.0001691559,-0.0131580566,0.0175377697,-0.0020858416,-0.0097615079,-0.0067056468,0.0000475713,-0.0050509884,0.0021677669,-0.0130295937,-0.0012999013,-0.0031714574,-0.0155506074,-0.0061783588,0.0220025870,0.0177750199,0.0267810058,0.0122758910,0.0181079356,-0.0215185714,0.0096417506,-0.0163271981,-0.0037189028,-0.0178674887
219.0000000000,-0.0099886797,-0.0020312029,0.0128370770,-0.0269529725,-0.0211077368,0.0027152096,0.0195935130,-0.0095643531,-0.0044497309,-0.0200836790,0.0023743316,0.0238818415,0.0176950134,-0.0072103222,-0.0168716335,-0.0213397907,0.0095139038,-0.0155280456,-0.0155373760,-0.0004035242,-0.0083683399,0.0075731296,-0.0014545317,-0.0055381906,-0.0000740698,-0.0005664620,-0.0113784477,0.0053750142,0.0014659968,0.0005658912,0.0209830720,-0.0063052588,-0.0018501191,0.0038439113,0.0028071790,0.0119244436,-0.0207742754,0.0122185741,-0.0137054620,0.0215240768,-0.0039943447,0.0142416310,-0.0218664272,-0.0077126593,-0.0284693513,-0.0012907307,0.0204265956,-0.0023984037,-0.0102553471,0.0124945098,-0.0145354879,-0.0400449916,-0.0255326985,-0.0082760982,-0.0043054841,0.0049652729,-0.0113407131,0.0175568773,-0.0092616493,-0.0214637177,-0.0139471837,-0.0014025202,-0.0032341626
220.0000000000,0.0023243182,-0.0397301905,0.0019833090,-0.0136961983,-0.0110256222,0.0009836111,0.0171157111,-0.0159608683,0.0175556429,-0.0045345421,0.0187495592,0.0044655869,0.0168908468,-0.0327439335,-0.0127112417,-0.0179998304,0.0286641662,-0.0130404407,0.0085108351,0.0120009459,-0.0151217879,0.0233963848,0.0269641742,0.0084464621,0.0110677750,0.0071827190,0.0180354965,0.0020324971,0.0121139092,0.0061108263,0.0319838795,-0.0138718335,0.0252753393,0.0186122237,0.0185336171,0.0068923682,-0.0162863118,-0.0041887667,-0.0127695626,0.0226324640,0.0018806353,0.0059270233,-0.0407919331,0.0061137902,-0.0156722213,-0.0173521040,-0.0205242296,-0.0053788700,-0.0135618553,-0.0058605814,-0.0457737401,0.0097673577,0.0000881409,0.0132838553,0.0057331393,0.0054154652,-0.0079253747,0.0040814313,0.0086774765,-0.0199697823,-0.0110533749,-0.0120528809,0.0017770681
221.0000000000,0.0047886471,-0.0033528852,-0.0126015863,-0.0287050867,0.0076252933,-0.0172327664,0.0068499386,0.0055429883,0.0271217885,-0.0093669943,0.0014698854,0.0013188074,-0.0047450494,-0.0318711417,0.0015651586,-0.0164181180,0.0019784524,-0.0238929837,0.0019637553,0.0149956371,-0.0063364269,0.0008267184,0.0038162872,0.0190563426,0.0098576067,-0.0051843731,0.0093299339,0.0053650554,-0.0175111878,0.0025768411,0.0510625335,0.0325715561,0.0080738364,0.0234482878,0.0342584755,0.0270193504,0.0038499681,0.0076982780,0.0008499404,0.0145321704,0.0171235417,0.0109731723,-0.0254100321,-0.0057337311,-0.0199933796,-0.0103226656,-0.0082645088,0.0190018871,-0.0303866142,-0.0110298309,-0.0172541478,-0.0116536513,-0.0125815107,0.0181668076,0.0132555642,0.0044865988,0.0104059153,0.0230124131,0.0123197206,-0.0094426351,0.0160760835,-0.0018272362,-0.0042230071
222.0000000000,-0.0106005794,-0.0100937055,0.0059126663,0.0085931307,-0.0195630361,-0.0260774505,-0.0065779044,0.0115931484,-0.0191340893,0.0126606098,-0.0113210271,0.0190818150,0.0055833249,-0.0059387306,0.0120103396,0.0042479408,0.0174343503,-0.0081646427,-0.0023738217,-0.0106947254,0.0235233530,-0.0058336427,0.0101864972,-0.0095578833,0.0315390013,-0.0043777135,0.0045240988,0.0093106090,-0.0134982280,0.0151230257,0.0055279193,-0.0091491656,-0.0189368103,0.0191857284,-0.0113655161,-0.0123340866,-0.0171683868,-0.0175922346,-0.0034795940,-0.0028474531,-0.0077320971,-0.0218766864,-0.0175093487,-0.0044022773,0.0129926573,-0.0012094632,-0.0058969333,0.0027563094,0.0195577283,-0.0022273477,0.0104194069,0.0125897148,-0.0144723171,0.0035044895,0.0044746508,-0.0100839968,0.0143939000,0.0181346424,0.0107544799,0.0008065112,-0.0048672617,-0.0087446565,0.0040305663
223.0000000000,-0.0084628642,-0.0118587531,-0.0206460370,-0.0104505013,-0.0203511949,0.0112220012,-0.0119382800,0.0137991712,-0.0079594025,-0.0052371160,-0.0170751333,-0.0087247819,-0.0087851423,-0.0159383232,-0.0208955486,-0.0253065335,-0.0002219753,0.0023566058,0.0100536899,0.0003950543,-0.0038448391,-0.0062371557,0.0207856230,-0.0173283973,0.0277494086,0.0180652776,0.0254809152,-0.0077485191,0.0120145595,0.0086559676,0.0155470199,0.0092665958,-0.0082289480,-0.0168540289,0.0164115309,0.0047814254,0.0204965623,-0.0164421723,0.0080614530,0.0069024510,-0.0130320100,0.0039515314,-0.0253096659,0.0140571065,-0.0061400923,-0.0040500234,-0.0125454198,-0.0037700108,0.0020080476,0.0201223202,-0.0096510748,-0.0032677798,0.0065897551,-0.0154982439,-0.0267075246,0.0164560504,-0.0065932283,0.0124989427,-0.0075793154,-0.0110252328,-0.0200863961,0.0151122300,0.0070412228
224.0000000000,0.0021131004,-0.0000252721,0.0052455106,-0.0151322597,-0.0012805613,-0.0073680859,0.0175140627,-0.0025866350,-0.0023887504,-0.0143356078,0.0134307118,0.0086489435,-0.0143905462,-0.0197833689,-0.0070134733,-0.0091221924,0.0259398312,-0.0126620668,0.0074950680,0.0052374653,0.0033489038,0.0093159737,0.0345168184,-0.0006807978,0.0148737255,0.0082144647,-0.0070115507,-0.0009454040,-0.0095590432,0.0078951441,0.0068226782,0.0129280696,0.0004547516,0.0205238305,0.0005628653,0.0002032783,-0.0078413053,-0.0164197223,-0.0060407826,0.0098094788,-0.0201012813,-0.0070913751,0.0098999623,0.0106519683,-0.0246455214,-0.0146888775,0.0154260646,-0.0013396992,-0.0356118689,-0.0113982942,-0.0158717444,-0.0170554228,-0.0146699996,0.0148187741,0.0213971357,-0.0323119513,0.0175527184,0.0063794557,0.0092881519,0.0002773295,-0.0085870602,-0.0295979101,-0.0249020695
225.0000000000,-0.0027175379,-0.0105580391,-0.0070741367,-0.0108639219,-0.0043636574,-0.0054066092,0.0165014754,0.0125606944,0.0104497490,-0.0002358058,0.0103357974,0.0007014793,-0.0134880883,-0.0247301277,0.0012591276,-0.0051274846,0.0427109054,-0.0071301954,0.0064267120,-0.0085820053,-0.0156288367,0.0008835886,0.0265823515,0.0166058776,0.0244027536,-0.0041734475,0.0132420967,0.0049357303,0.0003059184,-0.0334021504,0.0119932188,-0.0109546230,-0.0061705912,0.0200005266,0.0098673933,0.0114852051,-0.0063279628,-0.0151526172,-0.0074285740,0.0107721223,-0.0306561935,-0.0007636707,-0.0189153250,0.0160353202,-0.0153213389,-0.0193363164,-0.0152706574,-0.0077238223,-0.0072012665,0.0182665734,-0.0006244976,-0.0039106916,-0.0201440264,0.0080138506,0.0278488858,0.0169128283,0.0191094781,0.0296795544,-0.0065739047,-0.0191773132,-0.0172650009,-0.0082351905,0.0047620015
226.0000000000,-0.0054858514,-0.0145142785,-0.0188976958,-0.0119358086,0.0169419029,0.0221654702,0.0182003812,0.0135280452,-0.0239059792,0.0055978304,0.0240541575,0.0056211779,-0.0062840938,0.0034846982,-0.0281473621,0.0150921411,0.0035623139,-0.0247197385,-0.0180529857,-0.0050693803,-0.0146288896,-0.0219565843,0.0105977495,0.0000773128,0.0019293830,-0.0222307167,-0.0143174403,0.0098710008,0.0020565207,0.0229032215,0.0168814572,0.0100699237,-0.0001078394,0.0246875382,0.0105026788,0.0137134122,-0.0353263845,-0.0002039460,-0.0009786204,0.0016438144,-0.0151769656,-0.0009311943,-0.0060720140,0.0249627721,-0.0186301873,-0.0301504201,-0.0231867521,0.0182220070,-0.0162829442,0.0031676588,-0.0174888997,-0.0091554761,-0.0263051229,0.0101330703,0.0105190402,0.0169453462,0.0044046173,0.0186827929,-0.0058710773,-0.0210455194,-0.0274496461,0.0167922524,-0.0225281251
227.0000000000,-0.0053376203,-0.0188302898,-0.0175343435,-0.0111172256,-0.0083700235,-0.0022546030,0.0231898928,0.0056530570,-0.0082340577,0.0323663472,-0.0110493684,0.0068658988,0.0192895786,0.0082696847,0.0011109872,0.0013563499,-0.0024580669,-0.0204311723,0.0184134166,-0.0150299688,-0.0018618511,-0.0185955127,0.0183942604,0.0268162490,0.0112559781,-0.0053703525,-0.0258793688,0.0038316832,0.0203002118,0.0088376767,0.0089128013,0.0098399938,-0.0009394877,0.0271553077,-0.0058530866,-0.0061333708,-0.0080327463,-0.0166811182,0.0007890252,0.0021955171,0.0091173744,-0.0032766072,0.0070220084,0.0029931928,-0.0055104283,-0.0098436227,0.0087361664,0.0039021085,-0.0167113459,0.0058833934,-0.0083639649,0.0091153711,-0.0204193387,0.0215720314,0.0010442703,0.0221850030,0.0111714607,0.0204773738,-0.0109417595,0.0038159637,-0.0016281700,0.0254357107,-0.0132676498
228.0000000000,0.0036424889,-0.0017381541,-0.0232539962,-0.0174364499,0.0139731918,-0.0224048960,0.0241121586,-0.0000184135,0.0348640140,-0.0140158712,0.0208653876,0.0011988234,-0.0062788566,-0.0119237350,-0.0233713435,-0.0163932014,0.0008839835,-0.0125254506,-0.0080452559,0.0093214547,0.0128587561,0.0047191153,0.0117994076,0.0023879106,0.0090615285,-0.0052756458,-0.0017212590,-0.0033574745,-0.0064606928,0.0076839851,0.0333314428,0.0102196348,0.0027259130,0.0255125795,0.0178486644,0.0283008290,-0.0187999948,-0.0085566888,0.0000864825,-0.0089378019,-0.0153109133,0.0144894616,-0.0050300475,0.0024208127,-0.0229163059,-0.0299163851,-0.0048666077,-0.0135713833,-0.0286542173,0.0034482096,0.0089883638,-0.0293421703,-0.0033334671,0.0008842957,-0.0058186842,-0.0167105312,-0.0007837781,0.0349869859,-0.0011061802,0.0107335798,-0.0117852661,-0.0049129468,-0.0070085285
229.0000000000,-0.0099184326,-0.0102004747,-0.0077078184,-0.0159333091,-0.0206293030,-0.0098388846,0.0023115382,-0.0033137902,-0.0095234924,-0.0119873743,0.0201967832,0.0011789424,-0.0273728961,-0.0011956954,-0.0147703694,-0.0263933573,0.0083769899,-0.0018308990,-0.0019891829,-0.0102887625,0.0166929852,-0.0259402394,0.0275529582,-0.0006963022,-0.0031010359,0.0017175812,-0.0138647573,-0.0211889729,-0.0172421969,-0.0070821293,0.0218102213,-0.0132982619,0.0149791384,-0.0014993606,0.0123069140,-0.0087798824,-0.0183068182,0.0030505877,-0.0061672806,0.0105025517,-0.0157537720,0.0147744755,-0.0211682602,-0.0180494550,0.0028519046,-0.0209756334,0.0187072497,0.0097509673,-0.0117374303,-0.0074515842,-0.0198305081,-0.0177026210,-0.0101430336,0.0081116108,0.0154554603,-0.0091734554,0.0061861509,0.0019563721,0.0131481259,-0.0222895776,0.0288984697,0.0208418060,-0.0131436822
230.0000000000,-0.0020892956,-0.0342533936,0.0129275827,-0.0005471354,-0.0108016527,0.0139591654,0.0172829202,0.0053202486,-0.0211251478,-0.0151767153,-0.0002784144,0.0160846913,-0.0095376610,-0.0184938568,0.0066259765,0.0117248630,0.0000484684,-0.0105642873,-0.0029374506,-0.0199327904,-0.0063319064,-0.0163012327,0.0166014038,-0.0120567473,0.0128233840,0.0091260086,-0.0058148556,-0.0109937160,0.0037935594,-0.0034605374,0.0048799318,-0.0156866807,0.0080354079,0.0129598935,0.0006211254,0.0135266056,-0.0128661081,-0.0413853097,-0.0063786404,-0.0001103626,0.0094562734,-0.0042104644,-0.0145338297,-0.0086854246,-0.0330974422,-0.0145420591,-0.0002054308,0.0157695986,0.0039675786,-0.0040939310,0.0097379882,-0.0223979621,-0.0104606519,0.0143605458,0.0283437410,-0.0242772158,-0.0259925108,-0.0166849313,-0.0080508389,-0.0027990244,0.0245997975,0.0196372769,-0.0057285590
231.0000000000,0.0104213624,-0.0210528099,-0.0182717346,0.0043554737,0.0097846093,-0.0062582453,0.0309896085,-0.0167535473,-0.0043376427,-0.0204021153,0.0003110032,0.0041526083,-0.0245799556,-0.0306703603,-0.0207199274,-0.0082988300,0.0032648380,-0.0169313470,-0.0069934114,-0.0079471740,-0.0054258123,-0.0160576205,0.0066314844,-0.0041660783,0.0139754229,0.0083858663,-0.0067998794,0.0138954222,0.0086492527,0.0031415453,0.0258932446,0.0027374150,-0.0064838923,0.0009885099,0.0026493081,0.0000692193,-0.0167695760,-0.0070624712,-0.0234228715,0.0182562978,-0.0114705512,-0.0053597971,-0.0202324492,0.0351552886,0.0026373456,-0.0306823269,0.0125256786,0.0000495620,-0.0183174773,-0.0026174115,0.0130075175,-0.0070953267,-0.0183683404,0.0174411848,0.0021922259,0.0032485640,-0.0040984040,0.0165997662,0.0016151343,-0.0239586935,-0.0040073295,0.0118198508,0.0221534842
232.0000000000,0.0175722727,-0.0185024285,0.0052530345,-0.0052551702,0.0114775686,0.0076625755,0.0020049521,0.0001195226,0.0015441914,0.0063088653,0.0093465940,0.0045071721,0.0268033732,-0.0097956201,-0.0095745638,-0.0135810914,-0.0053015542,-0.0094719871,0.0266952027,0.0183752205,-0.0194773305,0.0236805196,0.0067424442,-0.0074827837,-0.0079106203,-0.0000067820,-0.0020581511,-0.0204492548,0.0135648377,0.0040060801,0.0287494570,0.0041610927,0.0170652244,-0.0066440870,0.0148679641,0.0126169944,-0.0249863028,-0.0128017846,0.0082640067,0.0184515056,0.0038502288,0.0110890263,-0.0182786861,-0.0126140935,0.0156611147,-0.0489136474,-0.0130067098,0.0011132617,-0.0022608095,-0.0127582534,-0.0179981355,-0.0069870790,0.0200861511,-0.0049565064,0.0356022457,-0.0140610938,-0.0145235161,0.0134747472,0.0026819675,-0.0067167842,-0.0215289394,-0.0275806633,0.0044849280
233.0000000000,0.0073575196,-0.0257374878,0.0014072447,-0.0045453286,0.0054099780,-0.0008901069,0.0066916942,-0.0087811503,0.0107590364,0.0008682075,0.0149852722,0.0156506657,0.0005187088,-0.0096217003,-0.0247975187,-0.0163449523,0.0085589365,-0.0177929567,0.0272886147,0.0023550659,-0.0019990337,0.0027849774,0.0240813343,-0.0063904585,0.0283951122,-0.0080817840,0.0150950619,-0.0111176739,0.0077594564,0.0028291338,0.0340081842,0.0148544938,-0.0007180637,0.0395754483,0.0204352823,0.0010406563,-0.0044203994,-0.0098866308,-0.0241327664,-0.0089723722,-0.0008988835,0.0092480861,-0.0186142659,-0.0009457066,-0.0121080935,-0.0224088800,-0.0297597917,-0.0101479961,-0.0119846915,-0.0288820481,0.0089113143,0.0006483690,-0.0298059749,0.0009746880,-0.0001014426,0.0061776876,0.0199053102,0.0318573623,0.0132009629,-0.0154640318,0.0017372874,-0.0250732984,-0.0086691823
234.0000000000,0.0030998582,-0.0164899288,-0.0064574834,0.0075384307,0.0134592426,-0.0024675377,-0.0003247432,0.0100022566,0.0168065712,0.0088805770,0.0219316035,0.0032835854,-0.0082747696,-0.0107702572,-0.0262408348,-0.0023129676,-0.0100534507,-0.0088415326,0.0152026203,0.0149819996,-0.0173682164,-0.0013807886,0.0124574227,-0.0147143609,-0.0115584010,-0.0185876056,0.0121386625,-0.0085795963,-0.0028133313,0.0080410274,-0.0011972192,-0.0103057001,0.0017656342,0.0083740375,0.0199902381,0.0116410922,-0.0101182812,-0.0335017136,-0.0127242061,0.0030197540,0.0063904520,-0.0147084426,0.0012668669,0.0149684542,-0.0382967143,0.0034232799,-0.0024012007,0.0003892703,-0.0136557848,-0.0008850824,-0.0124931477,0.0014043845,-0.0082909204,0.0073412754,0.0230625342,0.0007029260,-0.0035623134,0.0138584134,0.0345856544,-0.0123000909,0.0006154635,0.0067299598,-0.0234881849
235.0000000000,0.0028532213,-0.0046099452,-0.0094886350,0.0084088586,-0.0020576859,-0.0015005354,-0.0078605798,0.0054565434,0.0249751048,-0.0136707361,-0.0051796121,-0.0051993327,0.0030796796,-0.0084272536,-0.0361952069,-0.0112944842,0.0111538843,-0.0278806181,0.0225794202,0.0011049498,-0.0086599674,-0.0103998147,0.0255597332,0.0098874256,-0.0010000772,0.0073983268,0.0028495421,0.0152988014,0.0225636774,-0.0046314680,0.0106405826,-0.0127569202,-0.0029429428,0.0304452554,0.0076428580,0.0064056316,-0.0281252536,-0.0229828845,-0.0184136649,-0.0022604877,-0.0096560100,0.0113755064,-0.0015983357,-0.0028915699,-0.0357791316,-0.0054712512,0.0083385035,0.0101043218,-0.0223202869,-0.0318019433,-0.0090679369,-0.0186026668,-0.0266573196,0.0016817662,0.0180749854,-0.0060624546,0.0176413708,-0.0086265155,-0.0160647186,-0.0256143094,-0.0050809178,0.0146690146,-0.0083255146
236.0000000000,0.0175084633,-0.0086888935,-0.0029632055,0.0012890074,-0.0145725776,-0.0071206144,0.0086244827,0.0181784598,-0.0075317825,-0.0153769468,-0.0082746876,0.0045990788,-0.0007327137,-0.0119319873,-0.0175188095,-0.0186515203,0.0186035475,-0.0260215196,0.0200517047,0.0017881818,-0.0088787615,0.0058665861,0.0076778270,0.0089708982,0.0007923088,-0.0022269735,-0.0117381784,0.0033981399,-0.0061447509,0.0211999876,0.0225458183,0.0092733105,0.0172224559,-0.0057677113,0.0074560314,0.0046711967,-0.0140409701,-0.0116411748,0.0095648798,0.0145941428,-0.0178386542,0.0140876936,-0.0165499250,0.0079366725,-0.0189315917,-0.0217739268,0.0089345253,0.0114200008,0.0018266306,-0.0102471213,-0.0146523246,0.0033292284,-0.0186696464,0.0189517343,-0.0007489325,0.0037351161,-0.0009178774,0.0064343538,0.0083085726,-0.0094397489,-0.0190127933,0.0107210180,0.0023119591
237.0000000000,-0.0179367083,-0.0065047937,-0.0023728864,0.0043818882,0.0151342633,0.0009604730,0.0048613102,0.0012075292,-0.0200493774,-0.0128854291,-0.0113805662,-0.0157581758,0.0032318157,0.0081385782,0.0086730411,0.0014043283,0.0103740465,-0.0218366076,-0.0008010770,-0.0196619228,-0.0097180108,-0.0032467972,0.0301028551,0.0082502470,0.0086712060,0.0004167287,-0.0202052401,0.0027494327,-0.0204569243,0.0076454380,0.0166901028,-0.0089987505,-0.0055449705,0.0324509102,-0.0129891147,0.0192196557,-0.0218694020,-0.0302291586,0.0208240901,-0.0109432084,-0.0124914534,0.0036445823,-0.0138839633,0.0120402775,-0.0039563458,-0.0211169121,0.0154419847,0.0094918875,-0.0212592653,-0.0034835605,-0.0199675403,0.0024915355,0.0108742501,0.0023634175,0.0049061201,0.0030139905,0.0188156779,0.0021472385,0.0033656163,-0.0091393180,-0.0090168469,-0.0172210844,-0.0015796695
238.0000000000,-0.0037995611,-0.0027589893,-0.0056940284,-0.0000573053,0.0016980806,0.0009312953,0.0195793180,0.0096013868,-0.0180500115,-0.0108994155,-0.0049945779,0.0125411985,-0.0029939846,-0.0095078808,0.0078600906,-0.0119347022,0.0377963349,-0.0378677789,0.0089642967,0.0014996535,-0.0001339788,-0.0202585358,0.0143317416,0.0008406094,0.0081621256,-0.0040666345,-0.0019839155,-0.0038462516,-0.0082171888,0.0307952936,0.0452728025,-0.0059773929,-0.0082896594,0.0148865203,-0.0148455277,0.0136034477,-0.0105546777,-0.0015481101,0.0001149365,0.0415431039,-0.0009757756,-0.0099114241,-0.0426171276,-0.0043161757,0.0033813812,-0.0222912274,0.0056377269,0.0194952705,-0.0224070989,-0.0026032734,-0.0127571473,-0.0349254452,-0.0154232386,0.0218160194,-0.0061852059,0.0097960598,-0.0054715954,0.0201210402,-0.0023634337,0.0222193891,-0.0180239111,0.0294413895,-0.0075147695
239.0000000000,-0.0113221760,-0.0168158841,-0.0229396097,0.0021040178,-0.0084684850,-0.0028370714,0.0124204445,-0.0047806089,-0.0150389896,-0.0200544588,-0.0069993337,-0.0008516063,0.0046363156,-0.0140146139,-0.0080563788,-0.0164203143,0.0080688737,-0.0306264933,0.0101154815,-0.0075295522,0.0083897257,-0.0042749185,0.0298039315,0.0218405683,0.0091157551,-0.0025087525,-0.0195237901,0.0253208111,-0.0096884696,0.0315961850,0.0436022313,-0.0041580971,0.0153307019,0.0385696286,-0.0008761702,0.0104579384,-0.0403611895,-0.0088220351,-0.0178663760,0.0209933802,-0.0035138689,-0.0052691171,-0.0104025253,0.0118387933,-0.0172752945,-0.0253710488,-0.0017142198,0.0093936851,-0.0238104265,-0.0135218352,-0.0056051424,-0.0222333367,-0.0095726471,0.0165820748,0.0011223798,0.0165704160,0.0045913473,0.0259503523,-0.0153034335,-0.0112422755,-0.0248287601,-0.0168890105,-0.0260071969
240.0000000000,0.0181515779,-0.0093607224,-0.0056220817,-0.0036424188,0.0113576299,-0.0095843837,0.0093753044,0.0081269393,-0.0057780540,-0.0053402860,0.0429262485,0.0205233455,-0.0135813216,-0.0056198406,-0.0204425684,-0.0242398481,0.0191950596,-0.0260658605,0.0037200174,-0.0202547721,-0.0217947935,-0.0044895883,0.0180637083,0.0025283566,-0.0130795554,0.0152599333,-0.0004679766,0.0061795862,-0.0060063580,0.0084072736,0.0190271614,0.0027570047,0.0098210201,0.0119609903,0.0148469831,0.0068992866,-0.0174996644,0.0119983648,-0.0116347089,-0.0070395860,-0.0147764330,0.0135966157,-0.0086130227,0.0255093704,-0.0121305564,-0.0353627910,0.0078068348,-0.0184441109,-0.0037675246,-0.0089200783,-0.0099359576,-0.0156121650,-0.0206810968,0.0097210902,0.0098756436,0.0120886974,0.0131937226,0.0132945549,-0.0039943903,-0.0109243002,-0.0009971114,0.0062152769,-0.0106206590
241.0000000000,0.0056703297,0.0080297493,-0.0053967706,-0.0106815082,0.0000519905,-0.0165664779,0.0015500480,-0.0176059633,0.0111644669,0.0121888888,0.0032756510,0.0217677329,-0.0044288852,-0.0094336126,-0.0153833838,-0.0155614972,-0.0127873340,-0.0160149639,0.0146300343,-0.0113568554,0.0161045812,0.0139829071,0.0039453743,0.0254617505,0.0168911455,0.0228022096,-0.0029275516,-0.0214711593,0.0082861187,0.0262915724,0.0028393715,-0.0158365518,-0.0049538586,0.0017755792,0.0012529705,0.0178982005,-0.0092306802,0.0015601199,-0.0064466872,-0.0008936828,-0.0097963971,0.0085338538,-0.0192454138,0.0032262417,0.0046479835,-0.0124187482,0.0080810842,-0.0041857504,-0.0025696099,-0.0203287502,0.0049463828,0.0159511581,-0.0126185572,-0.0009965103,-0.0194502225,0.0019477911,0.0020374670,0.0045338073,-0.0016184812,-0.0199448060,-0.0278038006,-0.0211923090,-0.0078558908
242.0000000000,0.0019677699,-0.0114587989,0.0172316051,0.0169973918,0.0133641554,0.0064056290,-0.0013914708,-0.0022697376,-0.0119731359,-0.0111851934,-0.0053191945,0.0017545513,0.0170687736,-0.0032268247,0.0030515626,-0.0112936597,0.0234802932,-0.0061683782,0.0043036704,0.0168977816,0.0127145852,0.0028034332,-0.0140353905,0.0115661859,-0.0036189290,-0.0113996778,0.0016424285,-0.0092129651,-0.0048290448,-0.0065665862,0.0139159604,0.0062225207,0.0061749769,-0.0139231383,-0.0082686475,-0.0104294593,-0.0039037454,-0.0033017442,0.0179331721,0.0107630587,0.0239575201,0.0038407246,-0.0162444694,-0.0174714264,-0.0130659787,-0.0151457019,0.0046608374,-0.0216409732,-0.0249296769,0.0172457234,-0.0095701026,-0.0115424994,-0.0340707624,0.0092899683,0.0003592286,-0.0043783840,-0.0068726543,0.0109183426,0.0208564850,-0.0203255227,0.0261145442,0.0047962591,0.0117615918
243.0000000000,-0.0192153003,-0.0155610493,-0.0104578935,0.0032529270,0.0023017837,0.0093062303,0.0126559430,-0.0055057064,-0.0082326292,-0.0011831921,0.0007813128,-0.0019251955,0.0052132236,-0.0026363004,-0.0181190692,-0.0111029346,0.0078556462,-0.0101049054,0.0028818429,-0.0092667730,-0.0124592801,-0.0121613587,0.0080384160,-0.0021969189,0.0183903284,-0.0150149268,-0.0123496758,0.0153642185,0.0050638891,0.0103223875,0.0091753857,0.0104087124,0.0075019797,0.0186315743,0.0195041130,-0.0035579222,-0.0206197091,-0.0109675499,-0.0021272383,0.0178354490,-0.0073366635,0.0096952907,-0.0202831527,0.0063295709,-0.0279192666,-0.0075482026,-0.0028928710,-0.0040143191,-0.0081516414,-0.0149307959,0.0130411158,0.0026999854,-0.0058862038,0.0251215621,-0.0059600609,0.0095468325,0.0097446043,0.0328832438,-0.0015274422,0.0150101414,-0.0050359683,-0.0146690014,0.0062130756
244.0000000000,0.0065891388,-0.0219985027,-0.0111606886,-0.0057949893,-0.0248764251,0.0169229917,0.0009205730,-0.0111184062,0.0047773484,-0.0195405036,0.0159655694,-0.0078167700,0.0049629775,-0.0138046017,-0.0003144924,0.0055895664,0.0006958409,0.0053695502,0.0274353318,0.0076559320,-0.0214884351,0.0091332557,0.0229698787,0.0066948144,0.0022271133,-0.0288046282,-0.0150907883,0.0021682493,0.0082140454,0.0224600216,0.0027966679,-0.0052871544,0.0088181433,0.0171466551,-0.0213437045,0.0168402529,-0.0178115045,-0.0306093935,-0.0126682627,0.0087508074,-0.0028691913,-0.0030499298,-0.0203297787,-0.0208074482,-0.0286889556,-0.0044320210,0.0146897122,0.0235479615,-0.0222868545,0.0107275744,-0.0084140198,-0.0294116361,-0.0209455375,-0.0037006325,-0.0053617526,0.0121437859,0.0179474753,0.0034262080,0.0084826972,-0.0042566618,0.0201326328,-0.0009565128,0.0037430917
245.0000000000,0.0069944052,-0.0120138710,-0.0183078791,-0.0222363706,0.0193790825,0.0067687774,-0.0037304242,0.0025755961,0.0012502760,-0.0074443563,0.0077354812,-0.0111700868,0.0100922541,-0.0139144743,-0.0050564584,-0.0112263175,0.0208802421,-0.0142374213,0.0049654961,-0.0014859416,-0.0130158809,-0.0119741630,0.0512359665,0.0139483733,0.0043812110,0.0056511304,-0.0031781983,-0.0081674194,-0.0205763875,0.0056272880,0.0039508201,0.0168155907,0.0019173535,0.0001098333,-0.0082034846,0.0124444801,-0.0136748045,-0.0217034705,0.0128598142,0.0165160089,0.0064219841,-0.0002736366,-0.0002539458,0.0011336119,-0.0060290882,-0.0061528152,-0.0041807736,0.0124316733,-0.0126206117,-0.0149548162,-0.0061722261,-0.0238492757,-0.0098261180,-0.0064565420,-0.0036882014,-0.0025721802,0.0098931357,0.0084835153,0.0039525026,-0.0017983564,-0.0074230920,0.0205687344,0.0023527871
246.0000000000,0.0154391067,-0.0122266061,-0.0222410683,-0.0022222842,-0.0025016293,-0.0016476553,0.0045475172,0.0223232256,0.0071803953,-0.0013147828,0.0225550506,0.0112858104,-0.0005879974,0.0032752347,-0.0017854790,-0.0114271470,0.0206990374,0.0071766955,0.0170638575,-0.0144179361,0.0003512840,0.0240183958,0.0264682822,-0.0075618507,-0.0003692380,-0.0122720325,-0.0205996332,0.0185702362,-0.0018208324,0.0083833299,0.0377338197,0.0063056324,0.0044396016,0.0260737720,-0.0174930206,0.0147877244,-0.0056919390,-0.0050451470,-0.0020215372,-0.0126881065,-0.0054620978,-0.0031495756,-0.0235063600,0.0009762282,-0.0192013588,-0.0101281438,-0.0072402039,-0.0275635900,-0.0222609343,-0.0213095240,-0.0096308626,0.0016411590,-0.0060465610,0.0155663251,0.0011454269,0.0110558151,-0.0241611838,0.0130500365,0.0236905801,-0.0342167817,0.0009755238,-0.0069575490,0.0118720702
247.0000000000,0.0008567734,-0.0198471092,-0.0241033181,-0.0267806151,-0.0149523943,0.0090543310,0.0166748102,0.0149981643,-0.0082726698,-0.0014314178,-0.0002424878,-0.0008622684,0.0030212837,-0.0199155616,0.0127349369,-0.0152795059,0.0169395212,-0.0196681101,0.0054176968,0.0011070561,0.0000593239,0.0018878724,0.0183405793,0.0193692432,0.0159989623,-0.0140510959,-0.0227395417,0.0121286137,-0.0038887094,-0.0083092436,0.0177893916,0.0023425345,0.0012090645,0.0299735825,-0.0072764018,0.0129156712,-0.0097058195,0.0068473914,0.0042002264,0.0189464376,-0.0044979465,-0.0021803807,-0.0275084979,0.0072132843,0.0004080863,-0.0401062902,0.0166276212,0.0120449328,-0.0110842124,0.0002211512,0.0028580492,-0.0083729943,-0.0133825905,0.0172583915,0.0131900647,0.0054291383,0.0125779780,-0.0005075318,-0.0170254291,-0.0072595485,-0.0090904367,0.0144880510,0.0164501032
248.0000000000,-0.0078078089,-0.0232991797,0.0093331052,0.0103399470,0.0209661292,0.0009903677,0.0119915034,0.0039046773,-0.0102269378,-0.0001672184,-0.0125435250,-0.0052892762,-0.0090252514,-0.0249458367,0.0022229843,-0.0092173639,-0.0258833624,0.0027010615,0.0130752999,0.0135077412,-0.0100315644,-0.0058122490,0.0211589944,0.0162396743,0.0015366980,0.0116198233,-0.0342853075,0.0020621819,0.0140325115,0.0046436253,-0.0001369732,0.0157890792,0.0124574257,0.0188319347,-0.0014283534,0.0042922526,-0.0223947455,0.0083456740,-0.0011643787,0.0142658931,0.0116398090,-0.0118546703,-0.0108000515,0.0027849929,-0.0191893674,-0.0330974874,-0.0017620852,0.0147233393,0.0018416488,-0.0110433826,0.0116472555,-0.0029217047,-0.0047466790,0.0095427453,0.0184763276,-0.0062878847,-0.0140269163,-0.0143606815,0.0060822825,-0.0067601293,0.0051521333,-0.0134076047,-0.0025104848
249.0000000000,0.0075717353,-0.0224570481,-0.0075296256,0.0158369951,-0.0312113812,0.0062453779,-0.0002571663,0.0246949802,0.0104885293,0.0045312235,0.0153427741,-0.0011877237,0.0037075521,-0.0131970202,-0.0073120199,-0.0019017650,0.0170500137,0.0054744280,0.0046036445,-0.0091760451,0.0132962002,0.0053103325,0.0122874065,-0.0102724956,-0.0224400322,-0.0083408377,-0.0153019448,-0.0087328019,0.0224687090,-0.0009767388,0.0032062383,0.0256458428,0.0182833325,0.0086027992,0.0124194376,-0.0128683255,-0.0038275902,-0.0030468631,-0.0181810669,0.0029780764,-0.0100084592,-0.0181451974,-0.0088727944,-0.0003145822,-0.0130277331,-0.0057707236,-0.0015333679,0.0030042389,-0.0082279290,0.0041162823,-0.0005264802,-0.0300911688,0.0140625457,0.0145137757,0.0128525293,0.0013424864,0.0131949979,0.0045267131,-0.0173409376,0.0126126936,0.0028952488,-0.0080466846,-0.0104824911
250.0000000000,-0.0026604410,-0.0136863785,-0.0134043294,0.0077090596,-0.0148519251,-0.0009103054,0.0131543175,-0.0016709948,-0.0142606879,-0.0251422192,-0.0035971291,-0.0038423224,0.0139498837,-0.0153602718,0.0004637143,0.0243310365,0.0186474203,-0.0060352466,0.0194518840,-0.0089912837,0.0096807067,-0.0110518631,-0.0074946301,-0.0172062621,-0.0146040723,0.0023225107,-0.0051804036,0.0152552391,-0.0092177982,0.0113446641,0.0219470187,-0.0071820975,0.0081431799,-0.0029047249,0.0186806648,0.0099507499,-0.0165022983,-0.0213729134,0.0006690880,-0.0012326814,0.0155609349,0.0043192750,0.0011710898,-0.0053660359,0.0034293815,-0.0176234629,0.0145165050,-0.0028513118,-0.0058921834,0.0008278579,-0.0101757091,-0.0082363426,-0.0284170566,0.0057644526,0.0300709438,-0.0177799329,0.0001581763,0.0063418764,-0.0106504503,0.0063481595,-0.0190510680,0.0027588515,0.0039047452
251.0000000000,0.0050111739,-0.0167453837,-0.0037785533,0.0001386163,-0.0019422192,-0.0061343127,-0.0206310539,-0.0057140276,0.0228586110,-0.0001561673,-0.0128426274,0.0327360021,0.0054407151,-0.0015379029,0.0197242992,-0.0054712901,0.0200496529,-0.0046855106,-0.0050403528,-0.0125306954,0.0020099265,-0.0199038313,0.0016029092,0.0068616283,0.0187638056,0.0008968588,0.0069470530,-0.0167716202,0.0099011345,0.0136945249,0.0172972954,-0.0114746569,-0.0112714074,0.0072626571,0.0014032281,-0.0073564596,-0.0119203482,-0.0200325914,-0.0042226655,-0.0003217715,-0.0334524467,0.0131400627,-0.0130225660,0.0139003337,0.0094331845,-0.0162542664,-0.0064024807,0.0065133431,-0.0167261573,0.0137152315,-0.0119542388,-0.0001556314,-0.0004534333,-0.0131154907,0.0004130199,0.0106866587,0.0115119833,0.0015726146,0.0072326182,-0.0023741391,-0.0022802974,0.0150907272,-0.0171668875
252.0000000000,0.0100135611,0.0056358638,-0.0180327107,-0.0051908748,-0.0052640992,0.0124738118,0.0035774222,0.0086459382,-0.0081494913,0.0003215371,0.0316129968,0.0079752507,-0.0069335092,-0.0112827113,-0.0063500478,0.0003118408,-0.0000371348,-0.0072753661,0.0197884301,-0.0150586331,0.0086809585,0.0121060738,0.0123409872,-0.0013870644,-0.0000580537,-0.0162944091,0.0057403754,-0.0069979731,-0.0127015642,-0.0032774615,0.0171781005,-0.0001844445,0.0011217252,0.0225558268,0.0187644602,0.0110548102,0.0053229475,-0.0113732211,0.0047437899,-0.0041647984,-0.0106637235,0.0018574245,0.0024504194,-0.0108817935,-0.0080075019,-0.0056254671,0.0136598136,-0.0100340848,-0.0155489973,-0.0003466104,0.0129229789,-0.0182521169,0.0072825202,0.0002918606,0.0069554707,0.0195944307,0.0203626768,0.0120344119,0.0128075317,-0.0283543252,0.0155264085,0.0003259069,0.0030542669
253.0000000000,-0.0060643813,-0.0261073669,-0.0058561014,0.0152185900,-0.0153799201,0.0082743215,-0.0084361548,0.0256576775,0.0167528421,0.0124675474,0.0129710790,0.0073255719,0.0150127304,-0.0146345005,-0.0126104554,-0.0021213950,0.0184476797,-0.0006225366,-0.0174757530,-0.0048407158,0.0159943392,-0.0124392977,0.0246800494,0.0146563206,-0.0007210895,-0.0093511841,-0.0026300417,-0.0034397523,0.0068917883,0.0006764047,0.0119212026,0.0089041271,0.0161034742,0.0059241876,0.0173761972,0.0001494079,-0.0166639388,-0.0019076672,-0.0050647477,-0.0070635331,0.0070059831,0.0121686376,0.0070274108,0.0077137666,-0.0067662619,-0.0036957302,0.0036713972,0.0036328591,-0.0126312208,-0.0122395840,-0.0115438647,-0.0026478250,0.0325269532,0.0213067230,-0.0170509217,0.0032589267,0.0239879434,0.0156739260,0.0018292082,0.0070018768,0.0020935951,0.0125032006,0.0119754102
254.0000000000,0.0014480732,-0.0248418132,-0.0102353853,-0.0141114910,-0.0259661078,-0.0076699475,0.0090301549,0.0170906834,-0.0126234098,0.0017089247,0.0074681643,0.0167600313,0.0088099833,-0.0292610404,-0.0180489100,-0.0288126861,0.0200729491,-0.0104275032,0.0173757443,0.0022373843,-0.0279471497,0.0111837842,0.0092677009,0.0121709468,0.0177387590,0.0128086171,-0.0024705423,-0.0039696942,0.0141728389,0.0008366829,0.0221390758,-0.0313290051,0.0346654411,0.0352485235,0.0192626202,-0.0085987945,-0.0196947996,-0.0236247597,-0.0244920376,0.0042782144,-0.0168864002,-0.0169070630,-0.0260212885,0.0077343843,-0.0199289695,-0.0152986241,-0.0067786713,0.0204498206,-0.0205236453,-0.0030518997,0.0032822486,-0.0073392857,-0.0288386642,0.0185969430,-0.0034247212,0.0058005503,0.0018220687,0.0123084991,0.0270475342,-0.0107257074,0.0002009909,0.0164545449,-0.0086634432
255.0000000000,-0.0213567617,-0.0092904752,0.0014552197,-0.0101068537,0.0155820378,-0.0133564772,-0.0154051742,0.0087704202,-0.0036480109,-0.0044036206,-0.0004676889,0.0158801122,0.0043821512,-0.0199589679,-0.0090366090,-0.0243665645,-0.0201848858,-0.0002743188,0.0009203904,-0.0115054635,0.0063849484,-0.0151169170,0.0260138432,-0.0023068021,0.0006154648,-0.0000657993,-0.0244308371,-0.0078816155,0.0292607322,0.0243582502,0.0257782114,0.0005669389,0.0310139994,-0.0094751721,-0.0035318078,0.0291874912,-0.0068717482,-0.0111415324,-0.0122925308,0.0153255769,0.0103717568,-0.0052568910,-0.0084328569,0.0186236719,-0.0454468904,-0.0193566374,-0.0034897948,-0.0231698685,-0.0023824718,-0.0166162162,-0.0001623466,-0.0178289895,-0.0017778866,0.0006225668,0.0042580841,0.0109999198,-0.0012424363,0.0031240771,0.0150287538,-0.0168595544,0.0005812533,0.0087348639,0.0016956533
256.0000000000,-0.0109948003,-0.0352651510,0.0092900358,0.0011260621,0.0037682522,-0.0013833441,0.0049049597,0.0316954521,0.0105880497,-0.0206028712,0.0149157355,0.0163468322,0.0205855543,-0.0235535468,-0.0204029958,-0.0367792828,0.0354742889,-0.0243730095,0.0152131660,-0.0334041792,-0.0108524867,-0.0134777957,0.0184940697,0.0234094336,0.0193802468,0.0044640061,-0.0136795671,0.0118594626,-0.0039517201,0.0109530473,0.0391507030,-0.0308036808,0.0018495038,0.0201276634,0.0246007722,0.0076819653,-0.0244751309,-0.0228244658,0.0054060423,0.0163303872,-0.0041414867,-0.0179814895,-0.0394370797,0.0179951091,-0.0176956080,-0.0255476306,-0.0094589023,-0.0022070817,-0.0304374865,-0.0093728674,0.0047966233,-0.0220012798,-0.0325483273,0.0221438472,0.0229241046,-0.0040466934,-0.0238207563,0.0249830074,0.0091378960,-0.0170556413,-0.0049319359,0.0188252920,0.0006665964
257.0000000000,-0.0046053683,-0.0053975185,0.0029965006,0.0115451635,0.0032427753,-0.0043583502,0.0074444410,-0.0081239211,-0.0102582418,-0.0154178322,0.0106286786,0.0022291729,0.0201655615,-0.0028200038,-0.0124930661,-0.0124535149,0.0032175686,-0.0179672516,0.0089679450,0.0133563347,-0.0153296069,-0.0126586191,0.0234256722,0.0126637114,0.0073291696,-0.0092992830,-0.0163058544,-0.0021864292,-0.0098756901,-0.0157023780,0.0305186131,-0.0067883170,-0.0049945521,0.0137629973,-0.0047706827,0.0095458009,-0.0134417145,-0.0125169230,-0.0154687034,0.0035739261,0.0185826047,-0.0024231825,-0.0272816861,0.0174892183,-0.0333852450,-0.0285082640,0.0058463629,0.0185038822,-0.0126929922,0.0174836829,0.0174989026,-0.0331095895,0.0070485622,-0.0002591108,0.0017981295,0.0368956453,-0.0072684736,0.0008905155,-0.0038242108,0.0031422619,0.0010454008,-0.0135864276,-0.0000871325
258.0000000000,0.0154072539,-0.0299374281,-0.0108605132,0.0176921365,-0.0314987693,-0.0039892674,0.0034015087,0.0227788414,-0.0016220071,-0.0141226038,0.0037441508,-0.0031878348,0.0006077312,0.0021504933,-0.0021401475,-0.0094988503,-0.0069584852,0.0010705158,0.0121895198,-0.0006334921,-0.0080319678,-0.0061334934,0.0142236763,-0.0055455073,0.0119894380,0.0113144536,0.0004499512,-0.0067362209,0.0141417668,0.0076053594,0.0289726764,0.0092797857,0.0097101483,0.0202935154,0.0103397457,0.0156963962,-0.0351479733,-0.0041548316,0.0116606486,0.0029056277,0.0096216496,0.0040684298,-0.0232908200,0.0109955349,-0.0085912173,-0.0307423439,0.0126972980,0.0002569984,-0.0399691580,0.0115813356,-0.0080766543,-0.0144608388,0.0033732287,0.0416755239,0.0146056806,0.0044309720,0.0049117604,0.0079258818,-0.0148779784,-0.0118399878,0.0022869776,-0.0139757325,-0.0030223610
259.0000000000,-0.0024178721,-0.0092409725,-0.0051545007,-0.0133971692,-0.0098304492,0.0113072156,-0.0048052656,0.0002732993,0.0087862237,0.0118677658,0.0048900671,0.0156750112,0.0101994083,-0.0010193185,-0.0223159972,-0.0063332469,0.0171488622,-0.0162769704,0.0111122914,0.0053844152,0.0069297733,0.0023259612,0.0078904967,-0.0067153594,0.0201968584,0.0056811626,-0.0298232175,-0.0154754049,-0.0024925211,-0.0089579721,0.0135518423,0.0112353507,-0.0053925698,0.0124012346,0.0006239674,-0.0162950916,-0.0111825205,-0.0185431977,-0.0162590343,0.0033474817,-0.0044672237,0.0049526837,-0.0429256820,0.0111816979,-0.0299364873,-0.0105906718,-0.0010104947,0.0092646987,-0.0192240221,-0.0113225773,0.0073158759,-0.0142511122,-0.0093917714,0.0079168037,-0.0153214831,-0.0028504229,0.0229064214,0.0166255596,0.0033691968,-0.0082909112,-0.0043220619,0.0261890024,-0.0165767879
260.0000000000,-0.0097015293,-0.0321318071,0.0042755769,0.0332383072,-0.0262439351,0.0082632336,-0.0013241011,0.0245859511,0.0082195596,0.0111403468,-0.0132472697,0.0241710965,0.0093431737,-0.0146688998,-0.0101586644,-0.0177604699,0.0011143514,-0.0191976449,0.0318740888,-0.0178231891,-0.0222712495,-0.0106877829,0.0412754573,0.0068363221,0.0123161664,-0.0126270919,-0.0097564168,-0.0037938354,-0.0104753675,-0.0008506261,0.0397531654,0.0196445013,0.0282816086,0.0063591600,0.0006373982,0.0102928414,-0.0166806575,-0.0285009990,-0.0099989918,0.0232276561,-0.0035958798,-0.0020998094,-0.0028857112,-0.0194868784,-0.0262838198,0.0077431803,-0.0013605280,-0.0205030906,0.0059536616,-0.0118261962,-0.0013915422,-0.0311512998,0.0077164157,0.0108738340,0.0121764656,0.0210199234,-0.0053411467,-0.0025515196,-0.0105409982,-0.0040896236,-0.0097153642,-0.0062359136,-0.0017114273
261.0000000000,0.0244755075,-0.0343566726,-0.0157818737,0.0248135925,-0.0127656186,-0.0099285916,0.0121608214,0.0057253554,0.0008669419,0.0006030972,-0.0170389321,-0.0029332728,0.0011749426,-0.0086997750,0.0035244240,-0.0130328583,-0.0001975528,-0.0273908765,-0.0051599425,0.0063581646,-0.0021925202,-0.0137053389,0.0171432203,0.0225810543,0.0216639721,-0.0111624132,-0.0072146347,0.0113667663,-0.0060820432,0.0061128642,0.0064599865,0.0001167618,0.0258565746,0.0114933567,0.0149743544,-0.0023129953,-0.0015965437,0.0013689582,-0.0054072768,0.0157772116,-0.0089952043,0.0075352365,-0.0112715410,0.0092161901,-0.0222471588,-0.0152902908,-0.0124913068,0.0151380270,-0.0020544173,-0.0056367589,-0.0020755788,-0.0094211937,-0.0244474789,0.0121412703,-0.0109368070,-0.0144128355,0.0086426305,0.0011121848,0.0150709582,-0.0155199413,0.0051596899,-0.0008278184,0.0173530014
262.0000000000,-0.0163326749,-0.0009076440,-0.0082890110,-0.0136963938,0.0127027180,-0.0289175767,0.0231939121,-0.0104881459,-0.0262829949,-0.0213372192,0.0061482978,0.0099150002,-0.0168534769,-0.0243462978,-0.0014774576,-0.0106611065,-0.0249338104,-0.0096925599,0.0000793734,-0.0064547922,0.0120813468,0.0038741155,0.0376655513,0.0099717218,-0.0048508768,0.0019180869,-0.0062116509,0.0029936339,0.0113917945,0.0300882335,0.0068084830,0.0143202696,0.0053832821,-0.0069487408,0.0002866597,0.0261802055,-0.0124194851,-0.0338177803,0.0027791370,0.0348556132,-0.0220718300,-0.0191159495,-0.0071522496,0.0123149456,-0.0220394389,-0.0120161519,-0.0089796177,0.0147965148,-0.0140359391,-0.0119590176,-0.0058859032,-0.0065541414,-0.0086541029,0.0137199558,-0.0100398759,0.0204533762,0.0042487651,0.0002639602,-0.0073139790,-0.0201570829,-0.0228311304,-0.0054576809,-0.0070122466
263.0000000000,0.0066782529,-0.0294929639,-0.0013137078,0.0122534677,0.0157903700,0.0005661621,0.0116863938,0.0001515479,0.0001835507,-0.0067486625,0.0140426041,0.0059216045,0.0137194131,-0.0211137779,-0.0157825941,-0.0153678712,0.0287115396,0.0038661927,0.0196984445,0.0005250373,0.0158703498,-0.0068981343,0.0338765359,0.0296802602,0.0285466807,-0.0203587035,-0.0225751877,0.0066091478,-0.0145273777,-0.0004574427,0.0197857580,0.0202198059,0.0101999069,0.0312345141,0.0095527755,0.0238143943,-0.0303213758,-0.0270566939,-0.0014162325,0.0432469064,-0.0210880070,0.0045644366,-0.0101602000,-0.0087732124,-0.0294584610,-0.0216036903,-0.0163928573,0.0032934545,0.0198608464,-0.0005678273,-0.0322708130,-0.0139297353,-0.0203063602,0.0207536802,0.0057089746,0.0127867018,-0.0141271224,0.0229710563,0.0075397010,-0.0173670576,-0.0069804094,-0.0032986244,-0.0132867561
264.0000000000,-0.0142218073,-0.0082196416,-0.0068093101,-0.0149176673,-0.0217769131,0.0109541324,0.0336914491,-0.0079152719,-0.0090149162,-0.0068645454,0.0250845269,-0.0005765591,-0.0127876490,0.0055666008,-0.0027340100,0.0026964767,-0.0001274569,-0.0128627233,0.0224656384,0.0024407691,0.0004243197,0.0064402814,0.0080947541,-0.0095293625,0.0041122217,-0.0043145708,-0.0065408230,0.0030490448,0.0053347152,0.0167793647,0.0116778684,0.0021072762,-0.0175768400,0.0104991052,-0.0051771314,0.0280574692,-0.0294672473,-0.0121290814,-0.0044930322,0.0151220760,0.0191283173,0.0160336005,-0.0341017776,0.0137017672,-0.0240196225,-0.0067751811,-0.0119400749,-0.0059105167,-0.0197346062,-0.0178807674,-0.0061122791,-0.0216546303,-0.0101085627,0.0188034819,0.0115658055,-0.0066100929,-0.0024679169,0.0112636798,0.0060614141,-0.0031785305,-0.0029248035,-0.0053870284,-0.0060224929
265.0000000000,-0.0171585494,0.0026728420,-0.0140915046,-0.0070311186,-0.0007372640,0.0193335491,0.0093279194,0.0275868799,0.0095979818,-0.0117159146,-0.0039496594,0.0093272493,-0.0170100907,0.0047338011,-0.0153666105,-0.0127296995,0.0144773025,-0.0201502577,-0.0067781331,-0.0123609560,-0.0087522381,0.0053913975,0.0147095311,0.0245540780,0.0070972277,-0.0007112432,-0.0098514914,0.0008964802,-0.0040269520,0.0095769161,0.0193286914,-0.0133896218,0.0038310333,0.0165075803,-0.0048996410,0.0107787008,-0.0347122349,-0.0140442805,-0.0136614458,0.0209368182,-0.0127681468,0.0202640772,-0.0006268895,-0.0063835389,-0.0282136314,-0.0524144054,0.0088734664,-0.0113530317,-0.0211502212,-0.0202817060,-0.0087944061,-0.0074077066,-0.0241001997,-0.0046247501,0.0103705400,0.0273744384,0.0096464117,0.0219480412,0.0152349884,-0.0318432308,0.0136608912,-0.0064729938,0.0002633330
266.0000000000,0.0090352323,-0.0074394854,-0.0211733841,0.0009209188,-0.0274525347,-0.0091639171,0.0343154465,-0.0114872060,0.0116973488,0.0069834607,-0.0044333462,0.0113903775,-0.0187792771,0.0025000710,-0.0287487939,-0.0090983592,-0.0005239842,-0.0080209305,0.0125459957,-0.0135362430,0.0160414736,0.0114642352,0.0087223842,0.0099417423,0.0096117011,0.0178200486,-0.0084422577,0.0016693650,-0.0213680190,0.0022960323,0.0274911241,0.0108223577,0.0007953074,0.0180682318,0.0166642459,-0.0009647353,-0.0045528509,0.0073173525,-0.0080889862,-0.0084738418,-0.0033726304,0.0107965124,0.0099975131,0.0268100975,-0.0106806417,0.0030320895,-0.0059853875,0.0082341809,-0.0123739217,-0.0027250290,-0.0181292053,-0.0027892002,-0.0064699777,-0.0217884953,-0.0046892434,-0.0018273073,-0.0018573775,0.0227958637,0.0116495941,-0.0017388940,-0.0103289111,-0.0007605707,-0.0043464955
267.0000000000,-0.0004998967,0.0005317548,-0.0109362722,-0.0196302514,0.0008915255,-0.0091659177,0.0123840359,-0.0199012714,0.0014663719,-0.0121001160,0.0140095004,0.0277677999,-0.0035562922,-0.0114644325,-0.0146312548,-0.0056995086,0.0186976236,-0.0068200475,-0.0055942869,0.0122114133,-0.0156886308,-0.0055042406,0.0048898143,0.0044786676,0.0075059615,0.0025542599,-0.0100968334,0.0182860476,-0.0143367316,0.0187646069,0.0074783784,0.0106111137,0.0192373378,0.0098621577,0.0209703463,0.0204512506,-0.0049150432,-0.0182304651,-0.0027269967,0.0140293773,-0.0006646895,-0.0138183460,-0.0140011094,0.0072343194,-0.0025215107,-0.0139149870,-0.0028289794,-0.0042043390,-0.0145195878,0.0197725762,-0.0150633874,-0.0013900933,-0.0083496340,0.0129079541,0.0011381760,0.0094623049,-0.0238163367,0.0187396911,-0.0030963906,-0.0050960733,-0.0063789295,-0.0020346415,0.0102369550
268.0000000000,-0.0026191187,-0.0078956148,-0.0337221511,-0.0104536923,-0.0285227789,-0.0025319138,0.0176829381,0.0075331372,-0.0048913536,-0.0014179134,-0.0007804587,-0.0093575674,0.0084222231,-0.0184327869,-0.0226681737,-0.0218000223,0.0136776680,-0.0453980459,-0.0057011521,-0.0058620701,0.0044240368,0.0096109016,0.0281555325,0.0120845862,0.0017898650,-0.0076181886,-0.0136750957,0.0003694567,-0.0060147613,0.0073776621,0.0265107264,0.0024691337,0.0006315455,0.0067008982,0.0097404725,-0.0120379609,-0.0256070692,-0.0268993250,-0.0042252301,-0.0059966458,-0.0105900771,0.0059263501,-0.0284205866,0.0053439851,-0.0101654369,-0.0204889946,0.0017173422,-0.0085480123,-0.0271399957,0.0044961302,-0.0158672897,-0.0029012459,-0.0215140994,0.0122026316,0.0170152083,0.0119865890,0.0287649764,0.0043571538,-0.0135875655,-0.0148861650,-0.0289696102,-0.0165779906,-0.0037784771
269.0000000000,-0.0093094128,-0.0098737987,-0.0204737413,-0.0117183339,0.0012550387,-0.0156975345,0.0148927167,0.0007761373,-0.0072134951,-0.0069366494,-0.0063765315,0.0112512524,-0.0171542488,-0.0042775967,-0.0124530119,0.0039089769,0.0167295915,-0.0132571054,0.0062549552,0.0003184691,-0.0263238730,-0.0126845894,0.0168399399,-0.0182656316,0.0115861575,0.0159245225,-0.0121672969,0.0026068985,0.0003474804,-0.0019699325,0.0286506497,0.0018924084,0.0398690094,0.0180099748,0.0140055770,0.0144663355,-0.0374916606,-0.0232755968,0.0024057212,-0.0103944772,-0.0094223151,0.0210247932,-0.0147261300,0.0170087101,-0.0293543041,-0.0162552663,0.0046588032,-0.0188753407,-0.0076721285,-0.0052560154,-0.0111023933,-0.0145239355,-0.0209401816,-0.0014221107,0.0266613471,-0.0065989078,-0.0030621141,0.0190176921,0.0096634077,0.0071722456,0.0008406759,0.0009251517,-0.0019232082
270.0000000000,-0.0144766935,-0.0313252428,-0.0078977253,-0.0110660772,-0.0129756107,-0.0084602800,-0.0027327596,0.0061141231,0.0210181505,-0.0157248209,0.0030433071,-0.0171369644,0.0198935708,0.0216793040,-0.0107106588,-0.0328284671,-0.0055010381,-0.0163971266,0.0093004025,-0.0192773798,-0.0055427310,0.0194227915,0.0039405620,0.0201434151,0.0301711499,-0.0309066353,0.0027996290,0.0121255303,-0.0181365290,0.0038975139,0.0331706113,0.0203348586,0.0106257045,0.0482361848,0.0359068424,0.0004363485,-0.0027738893,-0.0015757636,-0.0398129861,0.0148254613,-0.0015540135,0.0132775245,-0.0157331197,0.0140225335,-0.0237685612,-0.0172644372,-0.0150700830,-0.0017190655,-0.0297174994,-0.0039263515,-0.0181064572,-0.0170502571,-0.0135982930,0.0206110626,0.0210853222,-0.0050845513,-0.0055284687,0.0144040565,-0.0195623377,0.0069665670,-0.0085887378,-0.0060698444,0.0118811734
271.0000000000,-0.0011547697,-0.0265614347,0.0030125893,0.0055051163,0.0104196807,-0.0112744144,0.0058958779,0.0183743019,-0.0012710151,-0.0408347637,-0.0064786466,0.0110217433,-0.0220041894,-0.0173234242,0.0072310652,-0.0023745060,0.0075124019,-0.0133745555,0.0134691104,0.0025875602,-0.0130609194,0.0013580848,0.0142597938,-0.0088799214,-0.0068001993,-0.0190154590,-0.0073068769,-0.0049923566,-0.0015838358,0.0169060575,0.0679917732,0.0069029710,0.0190224046,0.0232270192,0.0216754438,0.0001668525,-0.0183484308,-0.0333722649,-0.0109326918,0.0150591202,-0.0079877289,0.0081765827,-0.0246368306,0.0013925143,-0.0212670948,-0.0317827473,0.0004977508,0.0000013192,-0.0039482380,0.0066464667,-0.0087885958,-0.0202453697,-0.0263413086,0.0141647063,-0.0077019647,0.0049903543,-0.0063027117,0.0072880937,0.0123400488,-0.0095208662,-0.0015117140,-0.0040211821,0.0058626998
272.0000000000,-0.0086164134,-0.0090088210,-0.0113649204,-0.0135033623,-0.0208723616,0.0118436491,0.0134739802,0.0292725135,-0.0018223056,-0.0046517620,-0.0096191835,0.0038844006,-0.0113701361,-0.0135256318,-0.0368947597,-0.0037815774,0.0266538776,-0.0194363019,0.0089948446,0.0020009492,-0.0166007370,0.0108356985,0.0234958358,0.0170626306,-0.0111067013,-0.0260514648,-0.0045718667,0.0034808592,0.0123882952,-0.0061344202,0.0113261409,0.0178963611,0.0019981970,-0.0121655872,0.0045922569,0.0025052559,0.0118338478,-0.0113040389,0.0010104302,0.0439979560,-0.0260876910,-0.0033560935,-0.0007441490,-0.0079759463,-0.0185632286,-0.0327891797,-0.0070622618,0.0113837635,-0.0096034275,0.0068842535,-0.0151961282,-0.0067700840,0.0051297841,0.0045613473,0.0038510230,0.0046366912,0.0038256529,0.0098513711,-0.0214663656,-0.0020954622,-0.0129154084,-0.0110894555,0.0081483227
273.0000000000,-0.0128295192,-0.0217307311,-0.0177644520,-0.0043195184,-0.0065932215,-0.0074029292,0.0309611786,-0.0010438917,0.0124559265,-0.0055153045,-0.0018277450,-0.0262317547,0.0048587540,-0.0236604467,-0.0023400550,-0.0103370690,0.0144042406,-0.0113288277,0.0259807743,-0.0269644938,0.0115502859,0.0019720643,0.0254341669,0.0035378859,0.0003513893,0.0116609884,-0.0058978141,0.0001694536,0.0033122007,-0.0105752270,0.0300200258,0.0195375572,-0.0175398216,0.0411316196,0.0084516355,0.0045292658,-0.0311393955,-0.0257944081,0.0062146387,0.0200755674,-0.0118341582,-0.0111054625,-0.0026005293,0.0081201900,-0.0222122306,-0.0175628524,-0.0146204087,0.0038808446,-0.0308799682,-0.0207451142,0.0001441627,0.0026740542,-0.0215092760,0.0108051731,0.0125907713,-0.0053206036,-0.0002372796,0.0300426913,-0.0008200651,-0.0356171997,-0.0167789235,0.0025262038,-0.0212392975
274.0000000000,-0.0008318720,-0.0108264061,-0.0138473146,0.0042219576,-0.0109646558,0.0152054745,0.0082400379,0.0011045623,-0.0003320019,-0.0106261601,0.0178243282,0.0016288441,0.0014924415,-0.0073081155,-0.0271739808,-0.0289589964,0.0070207312,-0.0356134134,-0.0103199955,0.0099375320,-0.0170640256,0.0089882505,0.0323707407,0.0041233329,0.0128309076,-0.0119063877,-0.0109214150,-0.0063221805,-0.0090240242,0.0091218749,0.0064471522,0.0037630304,0.0051070732,0.0122966385,0.0201555118,0.0105234552,-0.0373196786,-0.0144971408,-0.0087022103,0.0254467826,0.0008599591,0.0005526761,-0.0179533895,-0.0139691878,-0.0434314565,-0.0264234441,-0.0046404969,0.0288684701,-0.0144963584,-0.0092222520,0.0030949290,-0.0020809858,-0.0090870858,0.0171109195,0.0262240412,-0.0131482444,-0.0113930657,0.0043223813,-0.0170757284,-0.0178635494,-0.0193417082,0.0061350777,-0.0421791656
275.0000000000,-0.0000729476,-0.0186815960,0.0150055140,-0.0119000022,-0.0085252954,-0.0156020934,0.0024023417,-0.0053997448,-0.0030427060,-0.0169709898,0.0021377179,0.0307618448,-0.0275531183,-0.0163125917,-0.0094028726,-0.0086760349,0.0261198571,-0.0285723730,0.0280775131,-0.0064009865,-0.0181713858,0.0144705579,0.0224390081,-0.0209117224,0.0328089967,0.0216745822,-0.0076718465,0.0021785348,-0.0049677847,-0.0137459050,0.0249957428,0.0190833729,0.0014899947,0.0215291536,0.0021902451,0.0200753895,-0.0309281697,-0.0091994502,-0.0078975096,0.0191780700,-0.0112960599,0.0164700770,-0.0099275393,0.0008895045,-0.0095269928,-0.0154911223,0.0104814138,0.0030366042,-0.0303597814,-0.0148461467,0.0026998275,-0.0059669397,-0.0094468265,0.0512219774,0.0116641345,-0.0093434800,0.0164654297,0.0224984650,-0.0007731093,-0.0178494184,0.0031918375,0.0051603237,-0.0075230152
276.0000000000,0.0126694893,-0.0126200753,0.0066654563,0.0145495784,-0.0064578328,0.0101817545,0.0143974769,-0.0083717991,0.0073438672,-0.0011691573,0.0259152787,0.0014842277,-0.0120962035,-0.0017362681,-0.0147267047,0.0089400567,-0.0038164801,0.0037329793,0.0018537971,0.0024595739,-0.0260627862,0.0102804577,0.0101151099,0.0083515058,-0.0155593302,-0.0158432156,-0.0314647842,-0.0089258169,-0.0005686481,0.0032833463,-0.0042474442,0.0013066753,0.0228577641,0.0086562628,0.0117214827,-0.0018460517,0.0104255141,-0.0148140449,-0.0022651331,0.0104155188,0.0012558528,-0.0001813261,-0.0194874981,0.0019623014,0.0110150632,-0.0167019021,0.0212271045,0.0094821347,0.0110746113,0.0014099483,-0.0233362092,-0.0275954511,-0.0302210758,0.0058916286,0.0076933847,-0.0007082718,-0.0151618977,0.0095416769,0.0240718777,-0.0165792059,0.0012180415,-0.0022302590,-0.0127777009
277.0000000000,-0.0122763753,-0.0126300552,-0.0101213669,-0.0020226865,-0.0198748873,-0.0110117602,0.0076189158,-0.0059792857,-0.0138041972,-0.0164615004,0.0256696423,0.0146587262,0.0264005523,-0.0156384387,0.0067120049,-0.0000127801,0.0103440809,-0.0072822767,0.0234781455,-0.0102097368,-0.0222345404,-0.0180818549,0.0025842337,0.0108804760,0.0050560154,-0.0068751562,0.0126966285,-0.0114909238,0.0041538210,-0.0002132249,-0.0002518847,-0.0160390586,-0.0018642035,0.0204004100,0.0166684316,0.0204616615,0.0023909633,-0.0252821581,-0.0267343141,0.0011210169,0.0007095075,0.0080394745,0.0043132069,0.0024508122,-0.0218146978,0.0131301593,0.0137282549,0.0019910532,-0.0135866831,-0.0188356575,-0.0188990653,0.0008361504,-0.0104324612,-0.0035562174,0.0218257444,-0.0069843707,0.0008331536,0.0059862263,-0.0122078915,-0.0244783702,-0.0016255784,0.0220164096,0.0001383363
278.0000000000,-0.0088049642,-0.0212249492,-0.0084399827,-0.0081176252,-0.0126232174,-0.0168815725,-0.0007794316,-0.0046685273,0.0016844759,-0.0065359977,-0.0011027257,0.0177375883,0.0142885787,0.0063895936,-0.0168194243,0.0129468384,0.0114747227,-0.0119155550,0.0201654327,-0.0115148250,-0.0034260157,-0.0172985660,0.0140957506,-0.0056869212,0.0069424046,0.0019468922,-0.0282444809,-0.0020510760,-0.0096689204,-0.0078270257,0.0125395634,-0.0068444920,-0.0086328359,0.0089640391,0.0192542246,-0.0030764276,-0.0166952685,-0.0231376005,0.0009018311,0.0090078612,0.0121695571,-0.0156811456,-0.0312081477,-0.0051689222,-0.0126740446,-0.0136425415,-0.0004978765,0.0024426255,0.0044214864,0.0200162030,-0.0039845790,0.0136166146,-0.0186965906,-0.0058181697,0.0028638559,0.0110181380,-0.0058623621,0.0251111095,0.0046630674,0.0092957586,-0.0184821152,0.0224984590,-0.0153192913
279.0000000000,0.0063480319,-0.0195482683,-0.0134847688,-0.0187179723,0.0041144934,0.0189437943,-0.0067507953,0.0240845625,0.0001811835,-0.0077538864,0.0078687918,0.0016359501,0.0118034124,-0.0009170334,0.0026478088,-0.0090737557,-0.0021845064,-0.0099103660,0.0159350644,-0.0001023782,-0.0176715518,-0.0010879922,0.0386039186,-0.0085999459,0.0107440240,0.0004679971,0.0074528155,0.0064817512,0.0027651770,-0.0078160346,0.0194275449,0.0205171264,0.0105308652,0.0525917291,0.0228758600,0.0187218300,-0.0139390876,-0.0031453757,-0.0343281549,0.0034127460,0.0008870924,0.0264519018,-0.0252731043,0.0081179807,-0.0239566418,-0.0181639984,-0.0022851841,-0.0074187765,-0.0132285926,-0.0110521422,-0.0094936346,-0.0088659713,-0.0033444103,0.0300327674,0.0004657377,0.0031436875,-0.0003578463,0.0024693420,0.0155238356,0.0042798995,-0.0181630607,-0.0073457830,-0.0131893455
280.0000000000,0.0019773487,-0.0138539275,-0.0311438502,0.0017422348,-0.0165192458,-0.0156743953,0.0218682434,0.0007509533,0.0130041647,-0.0253245635,0.0062767529,-0.0081799428,0.0010674498,0.0074679706,-0.0233756944,-0.0243087717,0.0131002103,-0.0019636502,0.0122351401,0.0228143995,0.0049059281,0.0013399899,0.0087170191,0.0029518973,0.0087286980,-0.0499740124,-0.0013008214,0.0140944216,0.0352392980,0.0110055839,0.0034421914,0.0025694713,0.0100834003,0.0244491865,0.0003642316,0.0069613315,-0.0201325837,-0.0154663319,-0.0147515742,0.0176874562,-0.0156816073,-0.0102833000,-0.0336663284,-0.0120309088,-0.0223901127,-0.0263417207,-0.0104580664,0.0147701571,-0.0184465633,-0.0137758094,-0.0003127450,0.0068556402,-0.0085962566,0.0060112407,-0.0174636088,0.0001783728,-0.0047493354,0.0102915161,0.0008436708,-0.0324862649,-0.0116288747,-0.0119769607,0.0066202287
281.0000000000,-0.0042750577,0.0044417660,-0.0084602580,-0.0321228629,-0.0153838728,-0.0046821675,0.0069180006,-0.0021594444,-0.0053349024,-0.0032723015,0.0089337242,0.0056467287,-0.0073030630,-0.0079304012,-0.0135270526,-0.0079295866,-0.0193541019,-0.0003535618,0.0114117732,-0.0133593890,-0.0113699939,0.0097836777,0.0331099151,0.0003201790,0.0078630849,0.0020918765,-0.0052005777,0.0042273642,0.0151956331,0.0024081205,0.0170890931,-0.0141541212,0.0015424523,0.0370350354,0.0175651981,0.0241059068,0.0000740877,-0.0097626080,-0.0240724462,-0.0100665302,0.0050040949,0.0168554897,0.0041310799,0.0036531765,-0.0046395078,-0.0192883057,-0.0071453275,-0.0021411948,-0.0362135077,0.0076076736,-0.0090676135,-0.0162510460,-0.0234087714,0.0098253738,0.0157145545,-0.0016601240,0.0009549764,0.0088965207,-0.0089499207,-0.0055234800,-0.0101483379,-0.0078593706,-0.0201507766
282.0000000000,-0.0021965043,-0.0008145428,0.0103385275,-0.0160315300,-0.0110890926,-0.0153191800,-0.0023365434,0.0103422379,-0.0063456197,0.0038227652,-0.0207300194,-0.0093272315,0.0106062309,-0.0091777692,-0.0129605755,-0.0221198721,0.0267922794,-0.0037949036,0.0155418792,0.0015738767,-0.0228316166,-0.0029458039,-0.0204876275,-0.0031809264,0.0071931539,0.0194400259,-0.0158844925,0.0073896160,0.0216044629,0.0167855182,-0.0058640236,-0.0088066900,-0.0002412702,0.0168794689,0.0001622580,0.0209924144,0.0145356106,-0.0003287159,-0.0114355950,0.0119077373,-0.0117963816,-0.0089231334,-0.0107671509,0.0080944058,-0.0125496460,-0.0113018781,0.0035652461,0.0133813981,-0.0263244708,0.0010133066,-0.0020890167,-0.0183358285,-0.0186463956,0.0056019884,0.0069633858,0.0099207327,-0.0068692759,-0.0022618041,-0.0004074569,0.0027387767,-0.0101569483,0.0056811809,-0.0005585485
283.0000000000,0.0019086844,-0.0259606718,-0.0080855227,-0.0040678670,-0.0120019518,-0.0154056450,0.0246516181,0.0089427620,-0.0122622593,-0.0159146683,0.0053653629,0.0055983147,-0.0061704715,-0.0228785093,-0.0168304133,-0.0429353730,0.0348376420,-0.0065884590,-0.0015337456,-0.0062316128,-0.0164847153,0.0090011133,0.0248799295,0.0010654774,0.0003691717,-0.0138576051,-0.0003383399,-0.0202908972,0.0036862477,-0.0024355539,0.0165273843,-0.0141414108,0.0059146134,0.0297542045,0.0322456200,-0.0052084715,-0.0132142474,-0.0250188170,-0.0158641368,0.0150557827,-0.0208562301,0.0071214669,-0.0293511035,-0.0075049125,-0.0051926948,-0.0217461834,0.0014976551,-0.0003972368,-0.0135481119,-0.0216394692,-0.0025033962,-0.0166172647,-0.0075737197,0.0193709027,-0.0180913795,0.0246977722,-0.0007106191,0.0231709406,0.0120557341,-0.0142754139,-0.0156446085,-0.0134278669,-0.0185010408
284.0000000000,-0.0289877340,-0.0123716930,-0.0135586153,-0.0015685098,-0.0197704229,0.0011331872,-0.0003522582,-0.0054132161,-0.0100293890,-0.0258532003,0.0165218275,0.0083613244,-0.0016858100,-0.0150427112,0.0017459787,0.0025875410,0.0050993836,-0.0195569860,0.0095902435,-0.0103405366,-0.0114160777,0.0128558498,0.0304015022,-0.0071293756,0.0031953547,-0.0090989592,0.0003481514,-0.0109534057,-0.0318955705,0.0064109312,0.0116513395,-0.0124237839,0.0088621467,0.0286505702,0.0333837169,0.0162000783,0.0178174449,-0.0326919594,-0.0029002557,0.0073144108,-0.0135027472,0.0013999924,-0.0318596699,0.0304669978,-0.0083328270,-0.0114424473,0.0030697345,-0.0235970027,-0.0297588456,-0.0126686287,-0.0004841024,-0.0377961501,-0.0198585511,0.0099128116,-0.0282808768,-0.0022904598,-0.0048703202,0.0076803412,-0.0095760708,-0.0172941968,-0.0182693902,-0.0238005933,-0.0101926692
285.0000000000,0.0049664855,-0.0282890213,-0.0025412049,-0.0086374613,-0.0055343037,-0.0168238833,0.0192329985,-0.0015964723,-0.0157409897,-0.0218545838,0.0091854679,0.0086373905,0.0031158946,-0.0224777195,-0.0253197545,-0.0135418929,0.0335857420,-0.0048089670,0.0250310818,-0.0183858491,-0.0215683961,-0.0252617135,0.0083519436,0.0286731440,-0.0046759219,0.0184611522,0.0093226006,0.0111231098,0.0021172525,0.0025026851,0.0198163216,0.0284077787,0.0030929598,0.0371909540,0.0064180719,0.0077155075,-0.0249411646,-0.0103337538,-0.0116131346,0.0068068848,-0.0166172569,0.0008247038,-0.0174361787,0.0089243963,0.0138274665,-0.0042960281,0.0091124515,-0.0013714594,-0.0163385111,0.0028133248,-0.0023521018,-0.0195736790,-0.0241544637,0.0084610549,0.0134439220,0.0166527485,-0.0062284202,-0.0074441082,0.0101793907,-0.0511168165,-0.0202900484,0.0002694262,0.0139658759
286.0000000000,-0.0050519203,-0.0057134279,-0.0089831080,-0.0056690582,-0.0040936887,0.0025476705,0.0054911025,-0.0046077407,-0.0075708183,-0.0270656738,0.0096070159,0.0135159162,-0.0080986896,-0.0061460441,0.0055876271,-0.0323979324,0.0154288866,-0.0328404531,-0.0061345515,-0.0236905858,-0.0053981975,0.0152370243,0.0119130391,-0.0020018000,0.0145063203,0.0060871728,-0.0074617421,0.0203728481,0.0200837908,-0.0003525234,0.0340173768,0.0197325797,0.0027336658,0.0317279190,0.0203775008,0.0075501565,-0.0161373137,-0.0195993150,-0.0094334148,0.0090828421,-0.0130312492,0.0079095223,-0.0177262490,0.0364261708,-0.0340096752,-0.0149851177,-0.0206002313,0.0036524498,-0.0192720745,0.0102841142,-0.0104725095,-0.0038821393,-0.0136750025,0.0126352050,0.0014352991,0.0282846787,-0.0095255420,-0.0028197750,-0.0246776805,-0.0169276669,-0.0089599213,-0.0002328362,-0.0099434088
287.0000000000,-0.0278986765,0.0084745789,0.0003229206,-0.0270168255,-0.0073917769,0.0112355216,0.0077194299,-0.0182248851,0.0088517062,-0.0020343479,0.0030069004,-0.0061022207,-0.0090980943,-0.0053940387,0.0137447511,-0.0267450996,0.0076248318,-0.0360360034,-0.0034852051,-0.0161942813,-0.0094575993,0.0006886800,0.0324240872,0.0106556578,0.0324554818,0.0022588070,-0.0046694722,0.0267884326,0.0030458695,0.0087336703,0.0076674414,-0.0021109241,0.0162960048,0.0383453460,0.0170184893,0.0032179706,-0.0214166367,-0.0133474214,0.0080755533,0.0225980787,0.0006853539,-0.0073342249,-0.0311030959,0.0118184636,-0.0099081694,-0.0221840721,0.0058587816,0.0114376227,-0.0288838842,-0.0066509626,-0.0068102672,0.0208461684,-0.0238132419,-0.0023166602,0.0217519988,-0.0000866324,0.0085677528,0.0176834285,0.0118203204,-0.0085027557,-0.0212380264,0.0073453956,-0.0018628456
288.0000000000,-0.0083623750,-0.0172774531,-0.0042032262,-0.0054804977,-0.0073065053,0.0082413428,0.0176147271,-0.0099861341,0.0150308098,0.0197532498,0.0064131819,0.0179906589,-0.0119657580,0.0178162471,-0.0029447484,0.0008329080,0.0061400258,-0.0288200818,-0.0054827624,-0.0002033859,0.0078139521,-0.0114604112,0.0419134077,0.0051244885,0.0095620150,0.0073629283,0.0030212490,0.0004189614,-0.0160965935,0.0165988109,0.0162342661,0.0016057639,0.0129378868,0.0019759673,-0.0094106897,0.0260698155,-0.0067807722,-0.0024271366,-0.0051734478,-0.0136372676,-0.0027034133,-0.0032268898,-0.0032104030,0.0081957763,0.0029946215,-0.0201151031,0.0153483584,0.0035177252,-0.0057691501,-0.0030092441,0.0127872530,-0.0107418465,-0.0087108469,0.0051419815,-0.0111415124,0.0225169153,0.0015072851,0.0077262161,0.0019353354,-0.0076850193,-0.0141286116,0.0039172370,-0.0045790161
289.0000000000,0.0170388683,-0.0274793329,-0.0109664460,0.0082204286,-0.0183697913,0.0149614249,0.0257576518,0.0158008158,-0.0126147031,0.0284658877,0.0000604009,0.0160142153,-0.0201600231,-0.0174801136,-0.0084138715,-0.0244500182,0.0190722263,-0.0172810145,0.0057327621,0.0004244681,-0.0229657723,-0.0150972499,0.0043741877,0.0050462628,0.0036677681,-0.0009086147,-0.0242060187,0.0043586638,0.0076829328,-0.0059743517,0.0283471858,0.0094737764,0.0111614176,0.0229481013,-0.0059991847,0.0008988546,-0.0158407192,-0.0205499103,0.0163468654,0.0149221556,0.0068894941,0.0114772263,-0.0177914505,-0.0099013518,-0.0013035963,-0.0300018603,-0.0031312178,0.0152539697,-0.0153294752,0.0003430019,-0.0216625710,0.0064645977,-0.0184988957,0.0145899174,0.0174132889,0.0047842518,0.0152585699,-0.0157169999,-0.0013059447,-0.0142212310,-0.0061686844,0.0019034871,0.0130668972
290.0000000000,-0.0086020203,0.0083696088,0.0095711059,0.0006345909,0.0081414851,0.0059939692,0.0046042894,-0.0050634771,0.0077747559,-0.0197328531,0.0060525904,-0.0006805803,-0.0042555773,-0.0085270106,-0.0026885652,0.0076811062,-0.0012001894,-0.0150561045,0.0121722761,0.0001724071,0.0015015271,-0.0136424200,-0.0016054961,0.0138454892,0.0104461187,-0.0098008833,-0.0196188609,-0.0048682661,-0.0026380599,0.0120680358,-0.0012286500,0.0054503495,0.0356423250,0.0081378085,0.0149624243,0.0079783415,-0.0029598568,0.0036033656,-0.0252383640,0.0017736954,-0.0013526945,0.0210667012,0.0119893494,-0.0071691221,-0.0130781193,0.0068284554,0.0033853024,0.0063902693,-0.0286865501,-0.0163809958,-0.0036780700,-0.0036132058,-0.0208758538,-0.0064404179,-0.0159799471,0.0062455195,0.0143109430,-0.0076921042,0.0108892724,-0.0103943914,-0.0085006108,0.0013806368,-0.0167824914
291.0000000000,0.0071760597,-0.0180864264,-0.0121682591,-0.0134049229,0.0008171625,-0.0097528587,0.0117234940,0.0005378051,0.0283894339,0.0003123591,0.0070627348,0.0019893350,-0.0040757930,-0.0281487387,-0.0250604493,-0.0104027088,0.0067516321,-0.0191261491,-0.0020081405,0.0197730912,-0.0021843614,-0.0214866368,0.0334291148,-0.0156176497,0.0026744476,0.0091842695,-0.0009124085,0.0177041629,0.0207726733,0.0142911083,0.0262126993,0.0048460803,-0.0165927875,0.0134682115,0.0009262606,-0.0114710372,-0.0201356984,0.0081443817,-0.0354200598,0.0304911106,-0.0079879053,-0.0068275935,-0.0069042171,-0.0046486803,-0.0104541502,-0.0014858204,-0.0035881949,-0.0033959930,-0.0068966532,-0.0091620708,-0.0198554276,0.0067786894,0.0081045493,0.0002368174,-0.0002023773,-0.0058142819,0.0023964493,0.0297906842,-0.0074305594,0.0179167580,-0.0065918383,-0.0113385091,-0.0171398115
292.0000000000,0.0132003117,-0.0030227083,0.0001483349,-0.0067536609,-0.0079392188,-0.0120346349,0.0262606603,-0.0010569042,-0.0003596638,-0.0131304414,0.0028570532,-0.0057997175,-0.0077222009,-0.0021291915,-0.0203466866,-0.0513787228,-0.0142660841,-0.0119852006,0.0196444395,0.0312545655,-0.0097357133,-0.0026162060,0.0148197330,0.0145361344,0.0053559553,0.0095984301,-0.0138527322,0.0071994684,-0.0265468075,0.0020741795,0.0438452664,0.0061529085,0.0042953398,0.0127746962,0.0097520156,0.0018478655,-0.0168020086,-0.0073556042,-0.0170157371,0.0255506831,0.0209298127,0.0174703671,-0.0164692046,0.0066307462,-0.0273888671,-0.0091530082,0.0080736017,-0.0013100188,-0.0098520674,0.0035773573,-0.0081842040,-0.0250964718,-0.0070993579,0.0028562239,-0.0004435024,0.0011490986,0.0217376818,-0.0024277351,0.0027884259,0.0080467702,0.0033680862,-0.0030487675,0.0083238837
293.0000000000,0.0080355675,-0.0294222716,-0.0166342911,0.0043704960,-0.0157791807,-0.0096599963,0.0436026504,0.0054200803,-0.0076202403,-0.0020485492,-0.0013168320,0.0311057165,-0.0070864474,-0.0132354188,-0.0137512461,-0.0117658982,0.0171965340,-0.0202656848,0.0205084644,0.0093587800,0.0023635803,-0.0002089809,0.0264000047,-0.0053049922,0.0311310608,0.0174420557,-0.0157108131,0.0016685986,-0.0033122635,0.0127983338,0.0170722403,0.0121264601,-0.0197073936,0.0109641804,-0.0036423157,0.0082301750,-0.0072827336,-0.0195572525,0.0105504991,0.0070251334,-0.0159961369,0.0002412968,-0.0216466549,0.0117680078,-0.0167342287,-0.0169776545,0.0183586630,0.0125644448,-0.0182459496,-0.0013469365,0.0222153672,-0.0081099780,-0.0236285434,0.0053754251,-0.0091982924,0.0083967987,-0.0021960508,0.0088894859,-0.0041174354,0.0016595769,-0.0034773955,-0.0034595893,-0.0163827893
294.0000000000,0.0067362754,-0.0151367674,-0.0286411503,-0.0065162758,0.0028875798,0.0012700630,-0.0073541198,0.0149077887,-0.0190176291,-0.0164988885,-0.0008367940,0.0098585081,0.0014254437,0.0020389097,0.0073807439,-0.0199809956,0.0173270683,-0.0137222330,-0.0024283519,0.0026445181,0.0134553519,-0.0186292382,-0.0112960526,0.0058878861,0.0174843521,-0.0085080350,-0.0080047847,-0.0059367992,0.0106353188,-0.0143172564,0.0186457699,-0.0019361248,0.0105850250,0.0008563145,0.0003970129,-0.0106456194,0.0040695431,-0.0169952286,0.0029994277,0.0150397412,-0.0140615788,-0.0192122307,-0.0208629242,0.0119731561,0.0033196064,-0.0102704711,0.0055852319,-0.0191058389,-0.0014848510,0.0181887347,0.0074967062,-0.0074642712,-0.0094835204,0.0054516479,0.0060058909,-0.0049705790,0.0062918653,0.0004465379,0.0060924825,0.0240777969,-0.0071020474,-0.0024802702,0.0074707540
295.0000000000,-0.0003045677,-0.0119106455,0.0024981150,-0.0208924694,-0.0122682718,0.0039379702,0.0064603420,-0.0110678091,-0.0086021222,-0.0167663534,-0.0081220014,0.0001724075,-0.0053573606,0.0001121399,-0.0052510730,-0.0090651258,-0.0223750356,0.0046539302,0.0200057032,-0.0012558430,0.0080822160,-0.0219185151,0.0220452168,0.0083665043,0.0269162743,0.0175759518,-0.0104107355,0.0227271964,0.0066582587,0.0025367523,0.0010869832,0.0087244670,0.0043381334,0.0010374592,0.0118460978,0.0107891339,0.0084489796,-0.0088490671,0.0013708496,0.0118853200,-0.0023490081,-0.0070088048,-0.0039747913,0.0009730171,-0.0221874729,-0.0076327579,-0.0138870276,0.0046101649,-0.0163352356,0.0070196592,0.0097051954,-0.0014656059,-0.0003961550,0.0128202561,0.0141747251,0.0156350740,-0.0040015789,-0.0038110207,0.0231291678,-0.0057357966,-0.0194569265,-0.0199319833,0.0285834137
296.0000000000,0.0024565869,-0.0281349011,-0.0362432998,-0.0198709827,-0.0123444048,0.0077181177,0.0071281742,0.0032646398,-0.0080138025,-0.0200262688,0.0119025930,-0.0013511877,0.0001535910,-0.0079391441,-0.0106007352,-0.0102296574,0.0127484781,-0.0196225785,0.0109009144,0.0260119007,0.0041069474,-0.0203627801,0.0149520284,0.0147390540,0.0246003230,0.0154365974,-0.0249274666,-0.0086373519,-0.0098684536,-0.0054386601,0.0350892016,-0.0086022159,-0.0010545462,0.0183537134,0.0101688130,0.0166341522,-0.0107965160,-0.0154235839,-0.0080922839,0.0293646128,-0.0053453202,0.0212864751,-0.0276623560,-0.0005808469,-0.0107887825,-0.0090550655,0.0108792506,-0.0090622533,0.0046989521,-0.0246632338,-0.0118473116,-0.0231947509,-0.0194175279,0.0003149481,0.0193856888,0.0090101156,0.0105654988,0.0159457623,0.0075611035,-0.0263706425,-0.0008243730,-0.0073566807,-0.0035004859
297.0000000000,0.0071128456,-0.0296694474,-0.0029020560,0.0141715408,0.0138509702,0.0083728996,0.0149266428,0.0252452336,-0.0198991606,0.0023035878,-0.0086373105,-0.0002471328,0.0090157588,0.0087527978,-0.0058176127,-0.0053277880,0.0080685183,-0.0082924347,0.0212927532,0.0163473455,-0.0015509035,0.0184141022,0.0114413524,-0.0148372402,0.0044975742,0.0028438541,-0.0229666747,-0.0118985540,-0.0175976319,-0.0031862730,0.0105530688,0.0176971571,0.0158705676,0.0145921049,0.0227949762,0.0105525999,-0.0065629701,0.0115312743,0.0060483327,0.0291739966,-0.0200450704,0.0016956253,-0.0160112697,0.0017339358,-0.0095664660,-0.0095136977,-0.0018683454,0.0185507925,0.0061876352,-0.0041698898,-0.0001396138,-0.0387366930,0.0086303941,0.0123760106,0.0096960027,0.0194766684,0.0188123740,0.0152391096,0.0141926828,-0.0124623139,-0.0082746664,-0.0057445784,-0.0177511548
298.0000000000,0.0185895969,-0.0363873570,-0.0254607756,-0.0024342839,-0.0021619058,0.0005870619,0.0035275656,0.0030439664,0.0199974575,0.0051920705,0.0060997522,0.0034005110,-0.0010817577,-0.0108277780,-0.0245756848,-0.0332249144,-0.0030026316,-0.0306669695,0.0126040293,-0.0310796141,-0.0195498941,-0.0179291762,-0.0152547056,0.0029625701,0.0270360679,0.0032115083,0.0111760548,0.0033383925,-0.0064014592,0.0115938757,0.0091226294,0.0118088597,0.0269098085,0.0402000928,0.0152066345,0.0235869486,-0.0315017512,-0.0394946753,0.0001175839,-0.0052918871,0.0180833642,-0.0121456507,-0.0183007746,0.0014413614,-0.0102861017,-0.0206380399,-0.0074179069,-0.0158324734,0.0017097451,-0.0067130811,-0.0089645387,-0.0237754329,-0.0093220913,0.0193640130,-0.0004533767,-0.0006128401,0.0258621467,0.0241615361,-0.0025904715,-0.0178558590,0.0220516246,0.0060115911,-0.0102578196
299.0000000000,-0.0140109539,0.0014439369,-0.0164907999,-0.0091259819,0.0133407415,-0.0188973496,0.0163572419,-0.0018698127,0.0174083208,-0.0021035398,0.0056507862,0.0009847638,0.0004792487,-0.0137102203,-0.0189317752,-0.0209842637,0.0218060565,-0.0069372113,0.0161667083,0.0041084751,0.0050928497,0.0075805958,0.0347414541,0.0017912714,0.0127582879,0.0085800963,-0.0032985169,0.0027234311,0.0061879314,0.0212879154,0.0273532458,-0.0101501860,0.0075570199,0.0336753290,0.0148049577,-0.0058399462,-0.0367685091,-0.0159940474,0.0031278821,0.0189444954,0.0026054587,-0.0110554425,-0.0175561003,0.0139252849,-0.0165571409,-0.0212596205,0.0128015816,0.0046743495,-0.0024800104,0.0008858523,0.0108174254,-0.0178341135,0.0092098955,0.0102430599,-0.0005573564,0.0262124753,0.0050582715,0.0125609945,-0.0140435240,0.0056986206,0.0150568262,0.0076429602,-0.0117988789
300.0000000000,-0.0029886228,-0.0190635699,-0.0114093640,-0.0331519151,-0.0308899008,-0.0078638511,0.0244137283,-0.0047169643,0.0111371032,-0.0031796385,0.0183716569,-0.0049058742,0.0049673804,-0.0051027263,0.0015370075,-0.0005221306,-0.0073773111,0.0133381742,0.0154702035,-0.0047145993,0.0121016343,-0.0091256895,0.0199737494,0.0119341240,0.0037442296,0.0038939464,-0.0097883872,0.0062368137,0.0043210763,-0.0009608404,0.0150985415,0.0140880769,-0.0101998532,0.0174588391,0.0082272079,0.0220743645,-0.0134319733,0.0010715206,-0.0207809039,0.0171466194,0.0012744040,-0.0119528752,-0.0393475022,-0.0082989359,0.0018890219,-0.0349026362,0.0025062646,-0.0021404569,0.0050974749,0.0080275375,0.0160322281,-0.0213263698,-0.0183914125,0.0091728160,0.0180186744,-0.0100582364,0.0001613893,0.0155489801,-0.0054813018,-0.0099917811,-0.0054191486,-0.0004972744,0.0250218231
301.0000000000,0.0213297149,-0.0174758701,-0.0133586701,-0.0256033296,-0.0216394081,-0.0220225513,0.0018001277,-0.0087570183,0.0082274545,-0.0129342735,0.0138772982,0.0083037381,-0.0002674009,-0.0101273614,-0.0080617311,-0.0083092529,-0.0004141386,-0.0416467911,0.0084139902,0.0067092960,0.0032648231,-0.0045332857,0.0173042474,-0.0009478247,0.0225433786,0.0036341241,-0.0199953579,0.0015424546,-0.0000282747,0.0050973829,0.0048314747,0.0038236566,0.0101196174,0.0257281714,0.0100486250,0.0159317351,-0.0072482745,-0.0475136789,-0.0274351862,0.0241821413,-0.0055333004,0.0202606723,-0.0227507067,0.0061986958,-0.0122058938,-0.0424423098,0.0010731968,0.0066474872,-0.0189236649,0.0033515206,-0.0012075443,-0.0099435720,0.0090581848,-0.0039299963,-0.0087140281,0.0166992425,-0.0126834000,0.0025533245,-0.0050309295,0.0060756378,-0.0093035276,-0.0061283925,-0.0174655074
302.0000000000,0.0146552071,-0.0023987578,-0.0318028100,-0.0014881972,0.0146557937,0.0086143977,-0.0077191407,-0.0060020009,-0.0058701856,-0.0084456167,0.0166121228,0.0068468774,0.0157475060,-0.0104293840,-0.0163928419,-0.0087159637,0.0082060799,-0.0121940845,0.0071865871,0.0068158193,-0.0208084791,-0.0113403774,0.0172124109,-0.0017344619,0.0141801801,-0.0019243647,0.0035269287,-0.0138280484,-0.0038542218,0.0165740216,0.0136224780,-0.0027663045,0.0003081994,0.0155036159,-0.0075751126,-0.0103152621,-0.0115894579,-0.0069441385,-0.0016838965,0.0103889841,-0.0304144062,-0.0006369684,-0.0156206139,0.0051366964,-0.0088617470,-0.0185200795,0.0068328702,-0.0076414656,0.0009135939,-0.0072260762,-0.0245512264,0.0002939777,0.0036917863,0.0041115653,0.0029672896,0.0147190857,0.0029832004,0.0023209022,0.0121546625,0.0011002131,-0.0227781234,0.0081144552,0.0063162180
303.0000000000,0.0102807256,-0.0075596731,-0.0238354633,-0.0041542570,-0.0006591376,-0.0253615272,0.0057020040,-0.0033567418,0.0307692046,0.0171775613,-0.0053231502,0.0202285294,-0.0114885795,-0.0049948438,-0.0104440497,-0.0141713749,0.0069566191,0.0093300513,0.0201161565,-0.0208698404,0.0010057618,-0.0080991349,0.0151514284,0.0226071033,0.0049184434,-0.0133218063,-0.0018441566,-0.0120166749,0.0036236293,0.0123291722,0.0273053338,0.0139660241,0.0231654029,0.0366201105,0.0248183719,0.0092267832,-0.0059282500,0.0063838025,-0.0182364503,0.0000469901,0.0101561160,0.0025220085,-0.0103838723,0.0048491028,-0.0084054266,-0.0389493359,0.0106468042,0.0170478755,0.0031115811,-0.0011449984,0.0024916413,0.0141298870,-0.0043274121,0.0206240721,0.0142791282,0.0201329490,0.0014385434,-0.0067655952,0.0046786761,-0.0062855499,-0.0062382403,0.0111889613,0.0157506530
304.0000000000,0.0228772329,-0.0050878398,-0.0008539071,0.0197192758,-0.0145826152,-0.0089332139,-0.0028131884,0.0097609962,0.0234351263,-0.0343729544,0.0008279504,-0.0010197243,0.0031755671,0.0124220609,0.0012786065,-0.0091354080,-0.0061846211,-0.0217862868,0.0062253382,0.0029421881,-0.0076580418,-0.0256642986,0.0168256199,-0.0045779444,-0.0072954971,-0.0138224136,-0.0002892438,0.0164580477,-0.0001924729,-0.0181767283,0.0192268275,0.0034620967,0.0136189276,-0.0152815665,0.0093844501,0.0205242723,-0.0091743252,-0.0219704623,0.0007720416,0.0209929241,-0.0429575027,-0.0154733857,-0.0015439053,0.0173598895,-0.0090442653,-0.0045167357,0.0203782229,-0.0192291916,-0.0094110259,0.0090504281,0.0112758626,0.0017835279,-0.0067516119,-0.0074330406,-0.0176840976,0.0139873392,0.0076222122,0.0114362552,-0.0102489050,-0.0229428546,-0.0098037235,0.0137934416,-0.0184186875
305.0000000000,0.0090754644,-0.0013144240,-0.0141170249,-0.0122607782,-0.0122038936,0.0042714518,-0.0045088051,-0.0028783241,-0.0006463764,-0.0099480976,0.0066963797,0.0072783550,-0.0007075609,-0.0007101024,-0.0057006439,-0.0034333327,0.0155667294,-0.0110204767,0.0063645307,-0.0135419796,-0.0056062436,0.0194112094,0.0213241904,-0.0021015384,0.0036993071,0.0111921336,-0.0206887738,0.0083078722,0.0131636841,0.0023253964,0.0263225898,0.0139510749,0.0085150847,0.0228775972,0.0019335240,-0.0152412729,0.0056985682,0.0014203574,-0.0148698808,0.0176957459,0.0050554829,0.0250621706,-0.0206783906,0.0109275282,-0.0195392011,-0.0180979585,-0.0375004445,0.0274484187,-0.0211033890,-0.0179612327,-0.0143102672,-0.0188378914,-0.0295839216,0.0058355523,-0.0082836237,-0.0034968469,0.0088407786,0.0109428483,0.0083963728,-0.0354911753,-0.0124976109,0.0062091953,-0.0031381024
306.0000000000,-0.0266308839,-0.0119906379,0.0013238079,-0.0303893632,0.0120745321,-0.0046668171,0.0081109306,0.0080073527,-0.0063550694,-0.0132798350,0.0280184849,0.0074212792,0.0022133804,-0.0201007237,-0.0048529259,-0.0227557794,0.0037250297,-0.0312971914,0.0006745175,0.0059283461,0.0049248747,-0.0148186637,0.0269237282,0.0141379464,0.0334813518,0.0108398025,-0.0109746314,0.0115200852,0.0102219160,-0.0036301457,0.0299454757,0.0228700078,0.0163762107,-0.0068457599,0.0136184775,0.0162425088,0.0071415146,-0.0096270176,0.0020690274,0.0133127553,-0.0143811437,-0.0275678755,-0.0118195154,-0.0193335986,-0.0144185717,-0.0010852381,-0.0074312635,0.0091843396,-0.0088797814,0.0022036582,-0.0217286898,-0.0209654321,-0.0008631303,-0.0264639452,-0.0017445335,-0.0066621450,-0.0160289390,0.0088621639,0.0194936724,0.0051341683,0.0110137876,-0.0036712271,-0.0350899090
307.0000000000,0.0011212840,-0.0109376135,0.0014077838,0.0076453863,-0.0194458396,0.0110019697,-0.0162572146,0.0047699272,-0.0043832506,-0.0031079459,0.0015771846,0.0034441030,-0.0087718076,0.0000767077,-0.0073846076,-0.0079264713,0.0077238634,-0.0050608728,0.0005561828,-0.0222618572,0.0050564107,0.0093415413,-0.0007012354,0.0000945818,0.0118095907,-0.0158604068,-0.0181952051,-0.0064128486,-0.0012617848,0.0053208712,0.0233518812,-0.0001131018,0.0054626397,0.0066147040,0.0219448280,-0.0002942466,-0.0207220792,-0.0123374908,-0.0249566065,0.0064688985,0.0010548434,0.0369690242,-0.0238004019,0.0127891926,-0.0136178806,-0.0353192072,0.0100655649,-0.0077023308,0.0094078348,-0.0165696689,-0.0152054046,-0.0144742389,-0.0016158566,0.0062109007,-0.0024751653,0.0106810473,0.0239534790,0.0114802119,-0.0079974581,-0.0053003988,0.0242158212,0.0091601315,0.0070129032
308.0000000000,0.0122997796,-0.0008235594,-0.0222240546,0.0078225272,-0.0145609528,-0.0109863055,0.0194324201,0.0188649534,-0.0016364629,0.0034744937,-0.0017071786,0.0110054857,0.0033107785,0.0116028458,-0.0038203034,0.0083746036,0.0004491366,-0.0186734824,0.0192246212,0.0131679638,-0.0187993495,0.0099397105,0.0080238065,-0.0202241039,-0.0016236174,-0.0033195379,0.0012537502,-0.0307091267,0.0097408292,0.0033951961,0.0284403729,-0.0189863047,0.0002219409,0.0254731520,0.0073920581,0.0174200811,-0.0206159921,-0.0102587404,-0.0436973616,0.0091891537,-0.0162728174,-0.0013607059,0.0123134973,0.0018157827,-0.0296629611,0.0067229396,0.0172181995,0.0018564965,0.0029271792,-0.0070300036,0.0059762168,0.0002416677,0.0104133813,0.0032955993,0.0174585517,0.0243303289,-0.0075146950,-0.0184488928,-0.0068487436,-0.0146322238,0.0145543631,-0.0050802687,0.0025452739
309.0000000000,0.0235996925,0.0008630371,-0.0112104270,-0.0146274954,-0.0184065853,0.0171512917,0.0074139677,-0.0058085383,-0.0177373810,-0.0236385479,0.0056117781,-0.0004619631,0.0092341031,-0.0124252944,-0.0205951637,-0.0215611457,0.0218755811,-0.0052716388,-0.0002938514,-0.0063873438,0.0017768477,-0.0005901302,0.0218537436,0.0323942481,0.0106567083,0.0238516538,-0.0264397457,0.0005327908,-0.0031224815,0.0058569969,0.0361568044,0.0097902947,0.0159396007,0.0185827164,-0.0034864371,0.0116082697,-0.0150437448,-0.0039219360,0.0011084537,0.0197550933,-0.0092160817,0.0026841216,-0.0123471066,0.0106181867,-0.0372009524,-0.0018074610,0.0021832835,0.0055613135,-0.0066332342,-0.0064547804,0.0009329858,-0.0044015854,0.0070067442,0.0110175583,-0.0060532666,0.0159063242,0.0081564261,0.0076859396,0.0125794601,-0.0102166512,-0.0041224680,0.0138517680,0.0020617820
310.0000000000,-0.0015340360,-0.0103264664,0.0057079039,-0.0203188405,0.0051532232,-0.0095145353,-0.0155638135,0.0185360738,0.0123612934,-0.0243334185,-0.0033755496,0.0175423908,0.0033075412,-0.0092387799,0.0050103759,-0.0124189832,-0.0100965696,-0.0255393250,0.0102158581,-0.0038269622,0.0058517643,-0.0058456903,0.0128669867,0.0066839454,0.0024073326,-0.0085381263,0.0063779663,0.0071112873,0.0013562322,0.0082132882,0.0186397056,0.0277196305,0.0012036604,0.0293630377,0.0055186511,0.0032990838,-0.0043103065,-0.0390348646,0.0059790467,0.0093194285,-0.0025763989,0.0042033961,-0.0175147056,0.0154148748,-0.0259382716,-0.0008085598,0.0025696606,-0.0121224033,-0.0083884659,-0.0070316297,0.0080071122,-0.0103088455,-0.0023990776,-0.0099640214,0.0073270751,-0.0009642334,0.0016949633,0.0031252141,0.0070301351,0.0117606571,-0.0044897046,-0.0069562482,-0.0009680237
311.0000000000,-0.0072465375,-0.0301175865,-0.0233594447,0.0004496322,-0.0113868462,-0.0144967378,0.0014963901,0.0165104198,0.0138393030,-0.0094201539,0.0022775320,0.0068763473,0.0143572332,-0.0221149901,0.0006968725,0.0068404007,0.0085242816,-0.0242308062,0.0263320424,0.0037541169,0.0050029014,-0.0001383879,0.0278615419,0.0080616261,0.0008193997,-0.0083110962,-0.0164431013,0.0061098859,-0.0137271275,0.0191671258,0.0509492620,-0.0137917452,0.0074314808,0.0430550184,0.0156952649,0.0035027548,0.0112590445,-0.0131222350,-0.0117027962,-0.0034887664,-0.0077264691,-0.0129690899,-0.0147432458,0.0161915276,-0.0093259691,-0.0022317229,-0.0011320480,-0.0120414894,0.0001112941,-0.0117465797,0.0051939171,0.0038181945,-0.0118840460,-0.0160532259,-0.0142794355,0.0014516275,-0.0136147860,0.0009691694,0.0012502354,-0.0145347266,0.0083583715,0.0018185455,-0.0045696562
312.0000000000,0.0157427992,-0.0039161004,-0.0165946857,-0.0037373523,-0.0144613343,-0.0004783587,0.0103966064,0.0123092325,-0.0107915113,0.0054090243,0.0094141814,-0.0007473186,-0.0209654941,-0.0038918891,-0.0143857185,-0.0081185279,0.0033339208,-0.0087193947,0.0180908517,-0.0161075469,-0.0013444752,-0.0147119157,0.0168553984,0.0244622946,0.0070784197,-0.0095923731,-0.0020146472,0.0036822031,-0.0030616889,0.0128766994,0.0224863098,-0.0163286624,0.0021007904,0.0079300458,-0.0134389761,0.0122252434,-0.0091387492,-0.0073510959,0.0051501681,0.0280955749,0.0029792173,-0.0022280800,-0.0164838102,0.0105738822,-0.0243107280,-0.0200271978,0.0111352830,-0.0019490581,0.0013600532,-0.0104904530,-0.0069097170,-0.0181281104,-0.0177566731,0.0011333899,0.0053233144,0.0086093122,0.0159057199,0.0046096888,-0.0077494534,-0.0100711905,0.0078069398,-0.0145791448,-0.0248027767
313.0000000000,0.0021032807,-0.0053347623,-0.0214416776,0.0098359711,0.0022040802,-0.0160277966,0.0030914822,-0.0192563054,-0.0008000706,-0.0176968603,-0.0113253626,0.0094443494,0.0203666152,-0.0084181927,-0.0089528458,-0.0278401069,0.0147771575,-0.0229277583,0.0017201686,-0.0253427860,-0.0185867924,0.0077204957,0.0187419125,0.0145889250,0.0126558170,0.0032448778,0.0062696916,-0.0069192629,0.0052411161,0.0106248728,0.0374280155,0.0255853428,-0.0054896192,0.0252622878,0.0209862863,0.0054458264,-0.0055303423,-0.0395218848,-0.0156502295,0.0091614136,0.0136637099,-0.0019283910,-0.0241290362,-0.0089746306,-0.0287138476,-0.0518210267,-0.0051302121,-0.0104956291,0.0017018869,0.0043514782,-0.0250217117,-0.0241225996,-0.0030078629,-0.0049872395,0.0189827595,0.0272977992,0.0006036998,0.0334326975,-0.0026699444,-0.0310719989,0.0120041359,-0.0139336562,0.0037928103
314.0000000000,0.0074753871,-0.0131764496,-0.0338895335,-0.0226252578,0.0044169880,0.0057216928,0.0359749620,-0.0029103980,-0.0013149902,-0.0182726067,0.0136817858,0.0005376558,0.0277378851,-0.0011370047,-0.0103927661,-0.0123680782,0.0076010300,-0.0004558173,0.0032728620,-0.0251442294,-0.0514671685,-0.0051989928,0.0129219890,0.0012655576,-0.0128353489,-0.0103067693,-0.0011984994,0.0117165750,0.0128943406,-0.0081573671,0.0272619325,-0.0290561559,0.0100796269,0.0293660807,-0.0075696345,0.0150412133,-0.0182484570,-0.0196795236,-0.0029504561,-0.0010052337,-0.0075451364,0.0188885285,-0.0064435131,0.0154384564,-0.0215021506,-0.0186797804,0.0017223711,-0.0071507362,-0.0123901935,-0.0024293030,0.0198637168,-0.0081886020,-0.0106477162,-0.0031580041,0.0121042842,-0.0115751215,0.0072424343,0.0041537005,-0.0193295455,0.0110780358,-0.0156677805,0.0088478637,0.0022444228
315.0000000000,0.0167691823,-0.0032845372,-0.0275416654,0.0078115667,-0.0090250023,0.0128134219,-0.0046573181,0.0171519892,0.0250687322,-0.0032360135,0.0192681027,0.0150546454,0.0052689281,-0.0013455293,-0.0194557393,-0.0041846617,0.0160402235,-0.0079345696,0.0264609498,0.0036759152,0.0041304591,0.0036077735,0.0130092538,-0.0082711516,-0.0105151126,-0.0079414160,-0.0242205918,0.0011412276,0.0141031313,-0.0057935572,0.0159762712,0.0234441631,0.0047511608,0.0381851651,0.0187653406,0.0129721120,0.0025706949,-0.0366228205,-0.0107908699,0.0310698331,0.0004155233,-0.0117602177,-0.0020917563,0.0003030091,-0.0081479653,-0.0247484280,0.0001172205,0.0010822235,0.0009166933,0.0236786071,0.0096134000,-0.0357017630,-0.0277818349,0.0234744208,0.0148072526,0.0015599718,0.0031681976,0.0075061344,-0.0217733832,-0.0179093393,0.0070985551,-0.0045145831,-0.0172523362
316.0000000000,0.0147939820,0.0110821068,-0.0092481093,-0.0018516443,0.0010280262,0.0227976620,-0.0009039305,0.0119472509,-0.0107064286,0.0040151298,-0.0180190197,0.0116796972,-0.0028387896,-0.0156075761,-0.0334859795,-0.0018992407,0.0091229853,-0.0118736421,0.0065076257,-0.0323356025,-0.0121900228,0.0009117841,0.0057476744,-0.0010360023,-0.0002394526,-0.0341932741,-0.0054465715,0.0124927569,0.0109261259,-0.0077237638,0.0174794185,-0.0055891211,0.0060466134,0.0052422817,-0.0078813228,0.0021796289,-0.0118908073,-0.0073681005,-0.0345072874,-0.0036294708,0.0021301065,0.0135153354,-0.0163712018,0.0160498737,-0.0180520689,-0.0204102452,-0.0076968534,0.0103960766,-0.0030545630,-0.0214070405,-0.0204013060,0.0159692547,0.0013981906,0.0179543445,-0.0058424866,0.0039801233,0.0053086388,-0.0147617331,0.0226802892,0.0062090928,-0.0027928239,0.0030985205,0.0060266860
317.0000000000,0.0015348239,-0.0087891132,-0.0264260908,0.0013154178,0.0062755783,0.0240571064,0.0049636012,-0.0059145724,0.0037615165,-0.0042403723,0.0114296151,0.0075682283,0.0034730464,-0.0238958891,-0.0001538624,0.0067117531,0.0248834151,-0.0147304271,0.0121949358,0.0137662028,-0.0111042166,-0.0011809417,-0.0053737972,0.0166787396,0.0150404409,0.0037168115,-0.0168407656,-0.0012830035,0.0083886372,0.0045877976,0.0263070874,0.0157528335,0.0182200235,-0.0064218127,0.0032319963,-0.0023961647,-0.0097531625,-0.0072242591,0.0073567315,0.0417744488,-0.0106061911,-0.0187239468,-0.0147209724,0.0063828452,-0.0241254955,-0.0196345511,-0.0122347404,-0.0058547144,-0.0050620930,0.0035086177,-0.0041748683,-0.0210038812,-0.0054652050,0.0011003705,0.0161896227,0.0128558112,0.0128640220,0.0104168196,0.0272829480,-0.0083276133,-0.0111890099,-0.0028403646,0.0046738792
318.0000000000,-0.0313603914,-0.0476053014,-0.0072119654,-0.0242763645,0.0049160184,0.0032113413,0.0242877405,0.0091450655,-0.0035986351,-0.0095373785,0.0128150191,0.0038202010,-0.0216409831,-0.0252633606,-0.0073966568,-0.0060924979,0.0136816301,-0.0273570269,0.0075678980,-0.0215119015,-0.0091242852,-0.0196361915,0.0073279617,-0.0034959065,0.0047652859,-0.0028163617,-0.0097429418,0.0051698148,-0.0005790774,-0.0033193852,0.0200332406,0.0073565161,0.0011102318,0.0204617411,0.0144350408,0.0157847832,-0.0193845104,-0.0130921017,-0.0108179606,0.0013556859,-0.0094062420,-0.0165464959,-0.0047190771,0.0271254270,0.0023442501,-0.0276552824,-0.0212642547,-0.0112050250,-0.0141710661,-0.0107005257,-0.0285567009,-0.0177680363,-0.0024350546,-0.0029877176,-0.0031230182,0.0290551836,0.0209909832,0.0159615783,0.0097709440,0.0074789911,-0.0161443427,-0.0015985697,-0.0065050780
319.0000000000,-0.0018894856,-0.0127400527,-0.0098875357,0.0016770730,-0.0073404764,0.0192336734,0.0167565740,-0.0083039343,0.0106858719,-0.0283022917,-0.0123705352,0.0234848525,0.0161104282,-0.0151989475,-0.0098704709,-0.0125501573,-0.0007752662,-0.0186839296,0.0224697596,0.0095898963,-0.0298968904,-0.0046602195,0.0278932858,-0.0107561338,-0.0032514312,0.0099774067,-0.0070888695,0.0057279255,-0.0042066904,0.0195949963,0.0174784190,0.0100317583,0.0065030865,0.0245376932,-0.0084788051,0.0218714622,-0.0033710757,-0.0145303119,-0.0070833129,0.0042193953,0.0156005603,0.0105111756,-0.0326846477,0.0290491528,0.0019044956,-0.0258887782,0.0163146084,-0.0039305171,-0.0105463392,-0.0001413989,-0.0176645289,-0.0158149256,-0.0123863503,0.0100498400,0.0106834513,0.0046129182,-0.0066254492,0.0346886331,-0.0109151045,0.0148821843,-0.0038445352,0.0019540040,0.0008013276
320.0000000000,-0.0187183571,-0.0182026774,-0.0224470532,-0.0090349317,-0.0085957444,-0.0019772069,0.0161316301,-0.0023400251,-0.0095510929,-0.0272649319,0.0202268005,0.0139990370,0.0093840157,-0.0159344391,-0.0172492998,0.0132371241,0.0129691693,-0.0121685018,0.0053123503,-0.0009193022,-0.0221112242,0.0114019575,0.0191453110,0.0088034667,0.0031241149,0.0124350221,0.0005991444,-0.0036512771,-0.0015867148,0.0078408612,0.0088616311,-0.0074249473,0.0173082764,0.0185610671,0.0039964860,0.0089451221,-0.0248955198,-0.0298256025,-0.0208164715,-0.0033558893,-0.0205416265,0.0036191756,-0.0089716539,0.0300456072,0.0085881758,-0.0356568062,0.0057859072,-0.0101940562,-0.0290691769,0.0078195049,-0.0102508087,-0.0227323726,-0.0111386097,0.0025433805,0.0029743159,0.0023647588,0.0143512358,-0.0008622842,0.0125795645,-0.0218338987,0.0025530048,-0.0153703670,0.0048308351
321.0000000000,0.0075606094,-0.0080616783,0.0086221131,-0.0282468018,-0.0043840995,0.0050033227,0.0096378797,0.0060596167,-0.0151709404,-0.0134818565,0.0070976524,-0.0120122613,-0.0000229847,-0.0018675651,-0.0236824007,0.0108800145,0.0096360143,-0.0063193703,0.0100673488,0.0226124155,-0.0028566148,-0.0144565749,0.0234694479,0.0155343542,-0.0032762522,-0.0014634546,0.0051894948,-0.0025499104,0.0168508702,-0.0063856586,0.0167606068,0.0108715518,0.0136741752,0.0035050589,0.0156952570,0.0330760642,-0.0185974735,-0.0156454462,0.0080166412,-0.0103476276,0.0004986782,0.0292887144,-0.0098759866,0.0196381873,-0.0188760187,-0.0089164780,0.0003874252,-0.0071926118,-0.0063126151,0.0069674004,0.0095254780,-0.0298924271,0.0005295489,0.0059868728,0.0255419671,0.0169301840,-0.0117483796,0.0030731176,-0.0013587600,-0.0245318317,0.0016510652,0.0011861913,0.0016368015
322.0000000000,0.0242824940,-0.0286226730,-0.0115674985,-0.0264966129,0.0020407636,0.0226171594,0.0396703372,0.0047035973,-0.0196887345,-0.0153383275,-0.0088254557,0.0014477086,0.0194227432,-0.0060141198,-0.0151089045,-0.0186845150,0.0288285600,-0.0248467169,0.0237539966,0.0031105113,0.0009926709,-0.0008889625,0.0034616895,0.0092341319,0.0039828663,-0.0054867377,-0.0021479833,0.0002163498,0.0007613595,0.0064268138,0.0323694008,0.0284003247,0.0192473680,0.0234329215,0.0099944902,0.0136251405,-0.0176496039,-0.0214235446,0.0046571557,0.0289138160,0.0142031948,0.0023555419,-0.0299577929,0.0034716102,-0.0219583011,-0.0445120047,0.0054474442,-0.0095046516,-0.0220732347,0.0099087837,-0.0053188007,-0.0093723398,-0.0439107899,0.0045816331,0.0070887616,-0.0114988551,0.0040733292,0.0203091570,0.0161966432,-0.0151793575,-0.0232350321,0.0004489058,0.0000148928
323.0000000000,-0.0043551420,-0.0447890314,-0.0171013862,-0.0337174212,-0.0157654530,-0.0101838966,0.0403704522,0.0114551462,0.0027306303,-0.0206120706,0.0211246038,0.0143595165,-0.0000201842,-0.0042314923,-0.0286845487,-0.0269421010,0.0429294309,-0.0166522424,-0.0089276584,-0.0148890468,-0.0368896048,-0.0018108455,0.0389817460,0.0170892418,-0.0001333533,0.0159506311,-0.0104261050,0.0110566582,-0.0231691523,-0.0005680439,0.0126657253,0.0160997386,0.0052030851,0.0175077537,0.0296727831,0.0028818146,-0.0290995285,-0.0263603262,-0.0152486092,0.0067090048,0.0001649951,-0.0017396426,-0.0367969154,0.0049121840,-0.0202650779,-0.0110808351,-0.0094074052,-0.0042027500,-0.0359461135,-0.0042293425,0.0080147250,-0.0167524878,-0.0345766734,0.0056848809,0.0035785048,0.0109681688,0.0208783231,0.0258192608,0.0062092542,0.0042811597,-0.0039652678,-0.0103897594,-0.0002345970
324.0000000000,0.0065446873,-0.0210302515,-0.0173914140,-0.0272258731,-0.0018468565,-0.0249075017,0.0024463929,0.0232296703,-0.0070681356,-0.0206402081,-0.0045283412,-0.0036422858,0.0094078495,-0.0134913865,-0.0051316406,0.0024277734,0.0058611449,-0.0094055174,0.0153023183,0.0048035573,0.0079182662,0.0003398210,0.0083110218,0.0021443967,0.0063775683,0.0107494223,0.0009170585,0.0056831123,-0.0006135842,0.0077550692,0.0060632381,0.0029142360,-0.0006009401,0.0073947148,0.0054754095,0.0138214811,-0.0089962506,-0.0032674357,-0.0346687931,0.0078603380,-0.0160584017,-0.0174937681,-0.0087411033,-0.0073687581,0.0094550510,-0.0404182661,-0.0109573831,0.0096870139,-0.0059872189,0.0060499052,-0.0192190833,0.0022225034,-0.0013161699,0.0039270228,-0.0121544352,0.0102555954,0.0047931804,0.0099275191,-0.0048176597,0.0040453776,-0.0044426790,0.0025752466,0.0231060668
325.0000000000,0.0046404837,-0.0300856550,-0.0122034880,-0.0102620017,0.0071461496,0.0167169982,0.0094894906,0.0192098515,0.0007551530,0.0060702446,-0.0183261165,0.0021374373,-0.0083602534,-0.0083840276,-0.0240124506,-0.0316863030,0.0200475962,-0.0175763144,-0.0018689032,0.0241167176,-0.0054117813,-0.0138442945,0.0207508978,0.0107395288,-0.0003000661,-0.0094581443,0.0054550191,0.0139855201,0.0042380609,0.0296716647,0.0077314509,0.0129786624,0.0033143235,0.0291744099,-0.0086716693,0.0081998902,-0.0403810186,-0.0131323716,0.0060269996,-0.0076311021,-0.0121636756,-0.0130580976,-0.0157307892,0.0023623228,0.0030384719,-0.0247206682,0.0086313063,0.0099071470,-0.0079582777,0.0044550550,-0.0010113092,-0.0239729322,-0.0117301454,0.0165604677,-0.0109500563,0.0076869117,-0.0034079499,0.0180480133,0.0021614864,-0.0300799007,-0.0091539770,0.0174253977,0.0054157450
326.0000000000,0.0158702711,-0.0309970501,-0.0267770963,-0.0128593471,-0.0166087051,-0.0002573665,0.0332795715,0.0150132519,0.0137407642,0.0020804113,0.0045309879,-0.0326264464,0.0186517237,-0.0292373939,-0.0120025975,0.0111110887,0.0148484896,-0.0248973090,0.0238469275,-0.0081948572,0.0072263010,-0.0050151207,0.0209751940,0.0068223334,0.0136577855,0.0055544907,-0.0005604467,0.0045479570,0.0091770782,0.0162953765,0.0503369395,0.0001450559,0.0117127625,0.0296505440,0.0077080153,0.0207473976,-0.0175842749,-0.0246724162,-0.0080187885,-0.0152985902,-0.0236915184,0.0080867631,-0.0247104084,0.0013994098,-0.0341880447,-0.0369567682,-0.0056207117,-0.0048939902,-0.0296545134,0.0076108619,-0.0153156094,-0.0393054979,-0.0148861249,-0.0031242674,0.0108425104,0.0188642838,0.0325423718,0.0099009293,0.0055714191,-0.0255335416,-0.0118282831,-0.0191313792,-0.0050180318
327.0000000000,-0.0006927914,-0.0115107373,-0.0291890641,0.0003309388,0.0087485276,0.0130359079,-0.0031637833,0.0125839657,0.0042235665,-0.0137165266,0.0346803168,0.0141291781,0.0123383513,-0.0130242540,-0.0379510112,-0.0061979656,-0.0014175403,-0.0159477666,0.0112794242,-0.0039888133,-0.0144175141,-0.0024752638,0.0195777529,0.0057012004,-0.0011452730,-0.0045257246,-0.0234626807,0.0127075745,0.0141623015,-0.0028120211,0.0159270397,-0.0079301550,0.0326511036,0.0398479314,0.0032956440,0.0032488042,-0.0207889397,-0.0322120322,0.0093733615,0.0163204537,-0.0184353992,-0.0091620844,-0.0342808241,-0.0117441949,-0.0298045708,-0.0334635927,0.0148900291,-0.0200798618,0.0027346858,-0.0044160940,-0.0212731072,-0.0051484192,-0.0177092201,0.0105329384,0.0115112882,0.0307456682,-0.0064518722,0.0016385825,-0.0027291165,-0.0104569867,-0.0257882927,-0.0294053245,0.0097562392
328.0000000000,0.0048392538,-0.0233336035,-0.0053090489,0.0143609356,0.0056508504,-0.0122553670,0.0135218958,0.0036024741,0.0191949356,-0.0003433627,0.0093299317,0.0103469649,0.0046252162,-0.0193038056,-0.0193016204,0.0065905290,0.0084968947,-0.0073767269,0.0044518496,-0.0148246177,-0.0111128195,0.0142632289,0.0302672794,-0.0005082635,0.0029139399,-0.0157226968,0.0100384682,0.0112212522,-0.0042255499,-0.0057583836,0.0377309057,0.0049041207,0.0054698421,0.0170913716,-0.0071298881,0.0094734761,-0.0227436843,-0.0165048555,0.0042771713,0.0095355998,-0.0224654479,0.0073400889,0.0171750050,-0.0154992035,-0.0283318711,-0.0175945794,-0.0030493880,0.0031753681,-0.0050447157,0.0198402832,0.0184770688,0.0005896279,0.0076606034,0.0219497073,0.0143766112,0.0371025665,0.0063540456,0.0063621460,-0.0089418912,0.0067782986,0.0039887435,-0.0033341821,-0.0198373244
329.0000000000,-0.0122599432,-0.0033333292,-0.0123880276,-0.0201969358,-0.0069199456,-0.0036781710,-0.0106858793,0.0095602005,0.0013360540,-0.0231720867,0.0282868951,-0.0174024142,-0.0043488456,-0.0086151369,-0.0250131310,-0.0107874632,-0.0037058171,-0.0166458171,0.0110138830,0.0034527808,-0.0001506538,0.0082934907,0.0305857370,0.0024752314,0.0047411181,-0.0049758708,-0.0189196366,0.0227138914,-0.0000538985,-0.0036651960,0.0111707020,-0.0007129222,0.0102627088,0.0094531213,0.0071742287,0.0025989855,-0.0190478273,-0.0244550999,-0.0030309043,0.0130787411,-0.0070486043,-0.0148139237,-0.0215761499,-0.0014459988,-0.0289859753,-0.0167208213,-0.0103226347,-0.0054796992,0.0040640593,-0.0075257461,0.0033546107,-0.0134452783,-0.0161961214,0.0095946315,0.0040449199,0.0044550345,-0.0105645333,0.0013856798,0.0127274228,0.0144096036,-0.0084460916,-0.0275350925,-0.0011610264
330.0000000000,-0.0092580378,-0.0025035339,-0.0169219506,-0.0036751059,-0.0240193685,-0.0103716596,0.0072801918,0.0011347674,-0.0003331211,0.0042889855,0.0220625539,-0.0056483455,0.0127021393,0.0025053041,-0.0313691864,-0.0036942310,0.0081576831,-0.0036758847,-0.0030280689,0.0082868188,-0.0044956583,-0.0147877759,0.0203406907,0.0217847015,0.0080277094,-0.0214210205,-0.0315520669,0.0148974809,-0.0066794582,0.0153971623,0.0260169223,-0.0006357034,-0.0128386644,0.0232862464,0.0083565426,0.0054319420,-0.0123999455,-0.0049450081,-0.0199640239,0.0057210059,-0.0056978249,-0.0081427599,-0.0325382057,0.0040361336,-0.0144124028,-0.0398476997,-0.0149377072,0.0084722650,-0.0152549308,-0.0149479032,0.0011328577,0.0012709662,-0.0405530488,0.0244795951,-0.0135818394,0.0024106917,0.0223371063,-0.0062913464,-0.0045499485,-0.0119034324,0.0119105079,-0.0072000759,-0.0110731292
331.0000000000,0.0146540805,-0.0029321776,-0.0028511149,0.0008091327,0.0145127435,-0.0054936978,0.0013815980,0.0011184501,0.0024524207,-0.0003094130,-0.0058820644,-0.0161262717,-0.0001530489,-0.0073167842,0.0046240542,-0.0112638279,0.0171118854,-0.0242850855,0.0076480931,-0.0053426919,-0.0324237231,0.0090185515,0.0144012124,0.0051556209,0.0102445024,-0.0306875529,0.0127190636,0.0010508512,0.0082889347,0.0210446029,0.0231219557,0.0031997485,0.0116848112,-0.0089670402,0.0242521472,0.0050888444,0.0137282847,0.0050794039,-0.0145583405,0.0100153376,0.0167096770,0.0016165537,0.0097992409,-0.0074933449,-0.0098502913,0.0036450403,-0.0124995564,-0.0070176751,-0.0005081166,0.0009166007,-0.0060654329,0.0142259673,0.0042946429,0.0127053639,-0.0045955554,-0.0060548383,-0.0091329864,-0.0051552771,0.0063583678,-0.0221244052,-0.0045706148,-0.0063489882,-0.0029988083
332.0000000000,0.0043231686,-0.0193312904,0.0111517405,-0.0142335060,-0.0104844919,-0.0033676906,0.0121849711,-0.0085471088,0.0002365124,-0.0168871436,-0.0035380885,0.0131301743,-0.0228665419,-0.0081884274,-0.0337709747,0.0047473245,0.0219635315,-0.0102117777,0.0024522520,0.0019042416,-0.0153307417,-0.0094624929,0.0083445625,0.0203321471,0.0117988167,0.0004141314,-0.0088157779,0.0110437910,-0.0151957054,-0.0030032735,0.0190655408,-0.0001554221,-0.0085894125,0.0246703778,-0.0095762663,-0.0100813611,0.0136629073,-0.0130897049,-0.0131810285,0.0120216520,0.0204854542,-0.0079185769,-0.0003490744,-0.0028123540,-0.0009311658,-0.0206525379,-0.0218811853,0.0226003225,-0.0105782554,-0.0011849415,0.0080992709,0.0031082173,-0.0034638805,0.0194765067,0.0163411453,0.0162543522,0.0103140392,0.0129885654,0.0111076438,-0.0127982508,-0.0084538805,-0.0106953968,0.0039760908
333.0000000000,0.0047211704,-0.0300477466,-0.0179672120,0.0012528061,0.0018078100,0.0117596493,-0.0062634132,-0.0004929375,0.0219305967,-0.0085337399,-0.0167013717,0.0015927445,0.0105710858,-0.0103734717,0.0042292876,0.0117723859,-0.0108008221,0.0122413612,0.0182331067,0.0039325858,0.0063665223,-0.0184527254,0.0012984516,-0.0112891772,-0.0011184031,0.0015213850,-0.0002833358,0.0126114262,0.0234596017,0.0068587688,0.0269420652,0.0191371773,0.0233478532,0.0050085747,0.0028176381,0.0070603419,-0.0021720730,0.0180918725,-0.0048704663,-0.0158255555,-0.0006092225,-0.0164958950,-0.0162888606,-0.0172931343,-0.0110239120,-0.0020055578,0.0056085490,-0.0013918209,0.0013636293,-0.0006805475,-0.0018604727,0.0058410239,-0.0091075394,-0.0110424517,-0.0020674515,-0.0093639050,-0.0174709016,0.0195404375,0.0047360922,-0.0262298125,-0.0091785729,0.0021301414,0.0042374261
334.0000000000,-0.0255200643,0.0110676145,0.0117150506,0.0079835272,-0.0171756678,0.0131913033,0.0090242068,0.0246667847,0.0012745604,-0.0022922744,0.0148262142,0.0158267384,-0.0146778683,0.0039059154,-0.0110522787,-0.0178779415,-0.0072079700,-0.0151411163,-0.0042437721,-0.0053771539,-0.0139001965,-0.0038682728,0.0032989137,0.0026591695,-0.0099275476,0.0253134445,-0.0026540848,0.0098749471,-0.0012603890,0.0051434231,0.0131144665,-0.0380110358,-0.0050601093,0.0256947712,0.0076056006,0.0100231668,-0.0063900020,-0.0136038558,-0.0349769507,0.0059833299,-0.0063547480,0.0014025882,-0.0020733039,0.0039352023,0.0028575289,-0.0260547135,0.0216168088,0.0028064336,-0.0017200408,-0.0145788183,-0.0081674529,-0.0215753872,-0.0016951410,-0.0039883800,-0.0085171708,0.0192803615,-0.0032650938,0.0141245939,0.0094032646,0.0023783166,-0.0166034067,-0.0090648104,-0.0256929827
335.0000000000,0.0043507062,-0.0191340123,-0.0228645331,-0.0019428818,0.0024111342,0.0158776386,0.0369627799,-0.0028217016,0.0009515263,-0.0164438661,0.0103446893,0.0267846372,0.0013168861,-0.0133325560,0.0033011298,-0.0091261653,0.0222307146,-0.0277483022,0.0106973242,0.0190965911,-0.0139496590,0.0136363671,0.0273250021,0.0073224681,-0.0014636211,0.0222867243,-0.0009222411,0.0086383219,-0.0127134488,0.0026685727,0.0334179117,0.0065797792,0.0237294723,0.0241539258,0.0254022707,0.0240964173,-0.0195961269,-0.0328950363,-0.0081146741,-0.0028883935,-0.0121641696,-0.0028162294,-0.0104705048,-0.0140133301,-0.0149846301,-0.0084608739,0.0206986808,0.0065728119,-0.0328937550,-0.0132723359,-0.0193992781,-0.0016900722,-0.0173061421,0.0118467498,0.0033314761,0.0193994295,0.0139804324,0.0066354169,0.0015033217,-0.0070717862,-0.0000513054,0.0072440142,0.0063969281
336.0000000000,-0.0050493690,-0.0188836575,-0.0071798214,0.0097229775,-0.0105958239,0.0096704052,0.0123567867,0.0131443967,-0.0122223613,-0.0045511911,0.0120353856,0.0197990819,0.0103692663,0.0002911912,0.0054636948,-0.0222332392,0.0202604809,0.0233641754,0.0177300378,0.0026745795,-0.0058338202,-0.0151730844,0.0239232982,0.0120985512,0.0157608696,-0.0013189307,-0.0158159964,0.0061347575,-0.0005790217,-0.0002085278,0.0093392006,0.0120457972,0.0147449367,0.0126948639,0.0005854757,0.0236807559,-0.0427391282,-0.0303895072,-0.0064455425,0.0149400206,0.0133707217,0.0103223140,-0.0127325442,0.0123636388,-0.0146430277,0.0068789866,-0.0091045772,-0.0064957751,-0.0013511270,-0.0075897769,-0.0268897239,-0.0220415746,-0.0072826338,0.0018680515,-0.0099949650,0.0256048190,0.0022627576,-0.0213996954,-0.0232698922,-0.0128808442,0.0129092045,-0.0297331157,-0.0454247742
337.0000000000,-0.0041583026,-0.0270276330,-0.0058359866,-0.0189190348,-0.0157513681,-0.0100823749,0.0179144454,-0.0103926118,0.0137484280,-0.0032751249,0.0189639278,-0.0010696238,0.0118763703,-0.0068975880,-0.0246637090,-0.0094168547,0.0132108506,-0.0392906744,0.0085072653,0.0033577849,0.0038684121,0.0304965933,0.0302896347,-0.0216228581,0.0123103392,0.0132502556,-0.0229013756,0.0127453475,0.0050070588,0.0166576512,0.0251412901,-0.0050167258,0.0022598873,0.0125845272,0.0083353731,0.0086931126,-0.0294523078,-0.0045630997,-0.0310231766,0.0203920077,-0.0058396289,0.0031298769,-0.0293064752,0.0117490107,-0.0109332606,-0.0480694955,-0.0180669156,-0.0162732495,-0.0215227353,-0.0371774184,-0.0226133783,-0.0230286724,0.0060285904,0.0168365185,0.0104351298,0.0214182779,-0.0057832379,0.0220253603,0.0068386326,-0.0143848554,-0.0244782253,0.0104865842,0.0041934920
338.0000000000,0.0072733223,-0.0118783582,-0.0133500745,-0.0000698406,0.0111819817,-0.0002687842,-0.0096211697,-0.0055466501,-0.0047904388,-0.0166850561,-0.0029572259,-0.0034859314,0.0032470318,0.0059291175,0.0039706920,-0.0165038502,0.0099573760,-0.0119567145,-0.0120404568,0.0057826019,-0.0188379591,0.0055534238,-0.0045119434,0.0139100691,0.0119125679,0.0157235615,0.0143902174,-0.0005069393,0.0128189893,-0.0139468114,0.0124058348,0.0135579358,0.0121658203,0.0198016214,-0.0132696323,0.0011172763,0.0049850429,-0.0021163143,0.0013406981,0.0150005278,-0.0143142720,-0.0107283701,-0.0254137910,0.0052481188,0.0060002745,-0.0103551920,0.0218180700,0.0153792173,-0.0000878354,-0.0234639536,0.0000746046,-0.0055582857,-0.0188483589,-0.0059994205,0.0147964668,0.0052254977,0.0084207910,0.0058977732,0.0148111335,-0.0119619337,-0.0262067497,-0.0207563890,-0.0070527927
339.0000000000,-0.0104649259,-0.0232905477,-0.0257826771,-0.0008319280,-0.0047140854,0.0030735693,0.0100699840,0.0050505363,0.0077989776,-0.0226590028,0.0119422913,0.0176315425,-0.0071535634,-0.0196676609,-0.0115328944,-0.0269442041,0.0039427602,-0.0090797184,0.0183883795,-0.0141272430,0.0013643214,0.0179164205,0.0310770036,-0.0023835740,0.0168114769,-0.0067373577,-0.0189894976,0.0100730765,-0.0111263825,-0.0302799778,0.0383061694,-0.0121987106,0.0163534111,0.0038611116,0.0036584871,0.0197180552,-0.0119398775,-0.0052745670,0.0000314068,-0.0023763341,-0.0042494454,0.0087174675,-0.0313248350,0.0118367459,-0.0334130415,-0.0234488532,0.0152582447,-0.0031988565,-0.0250361239,0.0022872616,-0.0049672163,-0.0215495320,-0.0173086479,-0.0068380233,0.0146011485,0.0194191836,0.0154195159,0.0083264228,0.0054149559,-0.0383120727,0.0012603812,0.0013342269,-0.0137713590
340.0000000000,-0.0306699070,-0.0002789847,0.0025656020,-0.0209819939,-0.0296832424,0.0042511207,0.0158157141,0.0073456650,0.0031214451,-0.0013982991,0.0179948160,-0.0128576222,0.0054806206,0.0118171480,-0.0310430730,0.0030573715,-0.0161544376,-0.0131327366,0.0134249461,-0.0138661026,-0.0026004863,-0.0139242229,0.0216385012,-0.0033242034,0.0124883990,-0.0050271949,-0.0205169430,-0.0012608210,-0.0109607230,-0.0137826890,0.0324855214,0.0007061705,0.0074649412,0.0155644165,0.0107138673,-0.0105152825,-0.0147926461,-0.0031668162,-0.0254872409,0.0204698551,-0.0200142050,0.0082468197,-0.0107374644,0.0260788790,-0.0458784710,-0.0299422302,-0.0036178663,-0.0146284819,-0.0276239706,0.0044772042,0.0013687658,-0.0185363182,0.0037546245,0.0156117020,0.0026456228,0.0065704178,-0.0061237891,0.0040819223,-0.0001020674,0.0047553854,-0.0346682244,-0.0034758216,-0.0046395661
341.0000000000,0.0123884516,-0.0054611421,-0.0094834635,-0.0027275025,-0.0002201254,-0.0166872570,-0.0125593600,0.0290940560,0.0048947073,-0.0054943513,0.0245145588,0.0009549948,0.0188028499,-0.0062594620,-0.0147472656,-0.0183481583,-0.0061001573,0.0047489817,0.0010588192,-0.0304685597,-0.0230489595,-0.0066719871,0.0042042975,-0.0023315185,-0.0211286709,-0.0125097397,-0.0242730381,-0.0081627091,0.0088795514,-0.0052235742,0.0325586978,0.0125386761,-0.0066444318,0.0214092128,-0.0047118491,0.0162303529,-0.0164511311,-0.0097781585,-0.0021191556,0.0002833849,0.0050554855,0.0002848161,-0.0189307661,-0.0023244255,-0.0106500001,-0.0289320177,-0.0085195162,-0.0108433498,-0.0004054897,0.0128683505,-0.0076305805,-0.0047745008,-0.0331334498,0.0025314103,0.0122496440,0.0036513257,0.0059708200,0.0203925779,0.0004398566,-0.0198691514,-0.0014656098,-0.0105720407,0.0052308637
342.0000000000,-0.0120679763,-0.0058309103,-0.0173365610,-0.0098391581,-0.0192337640,0.0184862035,0.0076583021,0.0231579069,0.0016375141,-0.0033473668,0.0000372464,0.0075516412,-0.0115404376,-0.0141736430,-0.0178840162,-0.0108193500,0.0246288160,-0.0147184386,0.0052620852,-0.0169148797,-0.0067730407,0.0174795454,0.0307988808,0.0128290446,0.0098558297,-0.0069545949,-0.0124329055,0.0006116717,0.0054280888,0.0027358157,0.0148918437,0.0085575042,0.0132086752,0.0064038767,0.0175070480,0.0163519162,-0.0374449187,-0.0152229955,-0.0107411089,0.0093112627,0.0062275721,0.0224987174,-0.0141152740,0.0126139100,-0.0132094260,-0.0257500630,-0.0120032113,0.0052625151,-0.0124553944,-0.0123310452,-0.0116975008,-0.0212327861,0.0067620322,-0.0109020023,-0.0286169325,0.0086869865,0.0022552998,0.0149533916,0.0105799040,-0.0176232872,-0.0149473824,-0.0039826467,0.0043674922
343.0000000000,-0.0102665070,-0.0027881832,0.0086077286,-0.0056546795,-0.0313948096,-0.0089860291,0.0209404165,0.0302652142,-0.0089681098,-0.0200177569,0.0005826512,-0.0128793517,-0.0078028204,-0.0155610006,-0.0025309010,-0.0250053870,0.0125461640,-0.0106492507,-0.0021390708,-0.0085186688,-0.0061545680,-0.0054532751,0.0289321803,-0.0136322630,-0.0040625578,0.0083683618,0.0215356202,-0.0155260537,0.0133590533,0.0213149738,0.0074747082,-0.0009657102,0.0223643411,0.0171709278,0.0149231886,-0.0080169533,-0.0065735883,-0.0336671141,-0.0033239456,-0.0267725023,-0.0152304303,-0.0085128024,-0.0097667062,0.0090973404,-0.0149338063,-0.0219170231,-0.0033164369,0.0042044426,0.0040709581,0.0005531846,-0.0181760426,-0.0182823982,-0.0344025111,0.0082962863,0.0031907114,-0.0034350608,0.0197057730,0.0045468314,0.0039122265,0.0104208192,0.0001621097,0.0018936403,0.0064815411
344.0000000000,0.0005010368,-0.0187903140,-0.0111363908,-0.0156217786,0.0151729352,-0.0108075277,0.0204759948,0.0083618649,-0.0170276457,-0.0065390757,-0.0184070901,0.0105085230,0.0015241142,-0.0208414956,-0.0248080317,-0.0214866887,0.0099967246,-0.0288706574,-0.0109259477,0.0127513108,0.0060801708,0.0108097093,0.0169373249,-0.0030859472,0.0074118439,-0.0108782045,-0.0037733153,-0.0114586537,-0.0000480108,-0.0248672094,0.0196812827,0.0080906582,0.0068338153,0.0329169384,0.0156569228,-0.0027148943,-0.0409319165,-0.0081872561,-0.0184183826,0.0089582216,-0.0110140963,0.0091390590,-0.0229816124,-0.0033201804,-0.0118269288,-0.0237434055,-0.0219409443,0.0073691441,-0.0189219721,-0.0050435869,-0.0002580026,-0.0137918911,-0.0155471796,0.0193189103,0.0075676873,0.0108648017,0.0098913174,0.0083876021,-0.0002737868,-0.0015305305,-0.0203786788,0.0164143722,-0.0057164176
345.0000000000,-0.0226186002,0.0088256344,-0.0296420045,0.0104718965,-0.0071216266,0.0092398687,-0.0004933892,0.0015733740,-0.0169148823,-0.0103174235,0.0256525062,0.0092334061,-0.0097186652,-0.0035641851,-0.0262825398,-0.0071333430,0.0024973270,-0.0168733052,-0.0107229568,0.0201959499,-0.0033842520,-0.0013583215,0.0398438815,0.0066259779,0.0116287180,-0.0115555965,-0.0073945881,0.0117479981,-0.0254110607,-0.0142929762,0.0168397778,0.0107876834,0.0175602996,0.0279986567,0.0121687183,0.0105574475,-0.0094904534,0.0066017652,-0.0136981940,0.0156764061,-0.0031439250,-0.0060302416,-0.0066683295,-0.0119335148,-0.0131634511,-0.0157005694,0.0028915623,-0.0089560591,-0.0172473048,-0.0062459998,0.0028858920,-0.0205702626,-0.0098524918,0.0259975583,-0.0042662197,0.0068569009,-0.0094944663,0.0047873908,0.0057357296,-0.0226834881,0.0026585687,0.0101181188,-0.0144174856
346.0000000000,-0.0183842572,-0.0076406068,-0.0107940182,-0.0106259010,0.0127215519,0.0078385766,0.0149289824,0.0129407472,0.0053531706,-0.0108850941,-0.0127896762,-0.0084894718,-0.0029219868,-0.0129847067,0.0037223467,-0.0278376099,-0.0005480559,-0.0294415225,-0.0036910011,-0.0042148638,-0.0172865031,-0.0202486564,0.0230231720,0.0186558114,-0.0048898672,-0.0110061426,0.0026067190,0.0224138017,-0.0259941278,0.0134651729,0.0247029714,0.0153070706,0.0028235698,0.0279038759,0.0085521472,0.0240896321,-0.0193229260,-0.0154489249,-0.0013398178,0.0116163888,-0.0162735059,-0.0058468822,-0.0312894372,-0.0037070749,-0.0146057419,-0.0107148265,-0.0179986006,-0.0012380488,-0.0075961490,-0.0285688092,-0.0266061862,-0.0116479129,-0.0210164363,0.0094564401,0.0172848776,0.0017192871,0.0141487647,0.0196419496,0.0086280484,0.0007396212,-0.0150243975,-0.0034234452,0.0004388849
347.0000000000,-0.0073182146,-0.0204842110,-0.0291368774,0.0068436970,-0.0039604051,-0.0126333827,0.0023949960,0.0004685582,0.0120382323,-0.0354581359,0.0134672984,0.0050486177,0.0129418653,-0.0087400959,-0.0099020286,-0.0126246585,-0.0116987680,-0.0065790848,0.0174705481,-0.0127236618,-0.0114577277,-0.0201890230,0.0254199874,-0.0033442028,-0.0069954641,-0.0241709415,-0.0167456977,-0.0109349005,-0.0070652164,-0.0045285428,0.0431929101,0.0103087003,0.0045811136,-0.0078261840,0.0066113630,-0.0070145317,-0.0144840367,0.0003087915,-0.0046590201,0.0060480763,-0.0009370736,-0.0068068715,-0.0251265126,0.0013061263,-0.0208056970,-0.0091905016,-0.0019460035,0.0024564674,0.0097191080,-0.0046127812,-0.0052337915,-0.0061405906,0.0157668491,0.0025010393,0.0040493151,-0.0101471423,0.0025568641,0.0203905457,-0.0026764822,-0.0148603887,-0.0128867594,0.0165986078,-0.0091798233
348.0000000000,0.0118626572,-0.0202943679,-0.0242049886,-0.0031517685,-0.0258277612,-0.0149295034,0.0161395676,0.0030755873,-0.0127084985,-0.0241941971,-0.0122692340,0.0316370577,-0.0082572152,-0.0258832969,-0.0139097180,-0.0099882556,0.0144243736,-0.0241679381,0.0056088080,-0.0023527644,-0.0084519284,-0.0131238873,0.0019367494,0.0145306707,0.0242170359,-0.0098749715,-0.0209434522,-0.0016887965,0.0064740346,0.0092294230,0.0430632673,0.0133539312,0.0003497087,0.0108663008,0.0027286702,0.0143704851,-0.0133313279,-0.0333190758,-0.0112043369,0.0235936069,-0.0033922191,-0.0101868266,-0.0229919014,-0.0105606819,-0.0277201744,-0.0116294800,0.0111510724,-0.0024004060,-0.0260087272,-0.0205246006,-0.0253972992,-0.0060080846,-0.0036444138,0.0104915502,-0.0153351896,0.0189175711,0.0126067242,0.0029712154,0.0065346625,-0.0188194499,-0.0125388710,0.0295622690,-0.0190399988
349.0000000000,0.0063360518,0.0016732537,-0.0001884258,0.0188563516,-0.0258283197,-0.0076282648,0.0357670373,-0.0251421777,-0.0064524573,0.0237486216,0.0044623615,0.0114583535,-0.0241519590,-0.0040831163,-0.0133450620,-0.0143429734,-0.0108159458,-0.0194708806,0.0156761927,0.0074786344,-0.0033911624,0.0103971992,0.0203341074,0.0119347287,0.0150895317,-0.0019384096,-0.0159512912,-0.0217499255,0.0088368972,0.0300888212,0.0086218599,0.0046798249,0.0007009222,0.0262037886,0.0021974943,0.0004941228,-0.0207838354,0.0068196655,-0.0264668768,0.0212627609,-0.0123716465,0.0076254149,-0.0236868033,0.0088506481,-0.0117229928,-0.0086883264,-0.0037917243,0.0118872581,0.0010301410,0.0130538677,-0.0154587798,-0.0022719408,-0.0129893788,0.0011059758,-0.0012723197,0.0088389103,0.0170676483,0.0115364151,-0.0144596497,0.0104111637,0.0015558797,0.0030821675,0.0038201206
350.0000000000,-0.0190359855,-0.0197524503,-0.0267500497,0.0059948022,0.0122806507,0.0076187067,0.0159014718,0.0112349299,0.0235557602,-0.0148486064,0.0143334164,0.0131195235,0.0237132396,0.0132543181,0.0036328012,-0.0051332205,0.0139895931,0.0029834272,0.0213880746,0.0015489801,-0.0285385856,0.0108757597,0.0258721666,-0.0097926498,-0.0028056892,-0.0004115188,0.0155260414,-0.0114669955,-0.0077348279,-0.0152434036,0.0173683526,-0.0100598032,0.0005988884,0.0390506032,0.0036697020,0.0087542817,0.0111578776,-0.0382949771,-0.0166251469,0.0019153407,0.0095145176,0.0231715628,-0.0175639168,0.0008266830,-0.0215741143,-0.0039346388,0.0152654323,0.0033895022,-0.0165349486,0.0122791910,-0.0033164798,0.0001151108,-0.0060373564,0.0063362661,0.0210696743,0.0023383295,0.0036245702,0.0072562855,0.0008756867,-0.0359799599,-0.0176326775,-0.0115831352,0.0150704369
351.0000000000,-0.0033927193,-0.0035716704,-0.0227781260,-0.0165680329,0.0175387288,-0.0066617283,0.0066937890,-0.0062965281,0.0000114557,0.0012184344,0.0181792183,0.0166612590,-0.0011297033,-0.0070760610,-0.0293601803,-0.0061610502,-0.0002833390,0.0133417398,0.0053656326,-0.0151202444,-0.0110763828,0.0089519444,0.0157199721,-0.0071053596,-0.0040133553,-0.0025336763,0.0015745723,0.0208807751,-0.0062542911,0.0117274395,-0.0034700183,0.0196881913,0.0013543026,0.0379516849,0.0021031529,0.0067550544,0.0004049141,-0.0062831645,0.0035143159,-0.0024415638,0.0034589415,0.0092628451,0.0004301145,-0.0019340161,-0.0216083830,-0.0193213412,0.0044236506,-0.0090038368,0.0068376584,-0.0064393007,-0.0065177785,-0.0117684983,-0.0022111788,-0.0039180331,0.0142139432,0.0126902629,-0.0018419057,0.0174200171,-0.0124075368,-0.0044886646,0.0133279056,0.0005471762,-0.0370143043
352.0000000000,-0.0012414229,-0.0087083015,-0.0059297247,-0.0093280926,-0.0243307119,0.0145959995,-0.0004971440,0.0033647638,-0.0045480682,-0.0344612338,-0.0066999735,-0.0033337645,0.0012761210,-0.0084072181,0.0058120629,0.0013437079,0.0164491736,-0.0000179390,-0.0066763316,0.0212400630,-0.0006993316,-0.0149243933,0.0207199409,0.0128412721,0.0266045310,-0.0026153112,0.0051169760,-0.0117078172,-0.0043700278,-0.0190329581,0.0364457835,0.0094873222,0.0230369965,0.0236165267,0.0311146259,0.0040542035,-0.0211482252,-0.0192699479,-0.0127852014,-0.0063819887,-0.0133111325,-0.0218742756,-0.0030278149,0.0104809136,-0.0148239671,-0.0156715677,-0.0047566027,-0.0031696466,-0.0091318285,-0.0085916552,-0.0213197007,-0.0153065687,-0.0073919031,0.0030503230,0.0246634114,0.0113705486,-0.0031457922,0.0139168013,0.0118385264,-0.0188405520,-0.0054670929,0.0003951423,0.0030111296
353.0000000000,-0.0005004606,-0.0190430650,-0.0203377978,0.0100673726,0.0097110754,0.0068765706,0.0227505341,0.0142785965,0.0054478091,-0.0147870155,-0.0000144826,-0.0014261240,-0.0036134238,-0.0221806224,-0.0371160922,-0.0101533113,0.0119482073,-0.0147128328,0.0057663417,0.0205708477,-0.0351129227,0.0106387530,-0.0073355491,-0.0068968300,0.0047740022,0.0135875861,-0.0111918547,0.0138838545,-0.0032973644,-0.0050213366,0.0340139260,0.0055993437,-0.0003390777,-0.0067370010,0.0231967091,0.0003589731,0.0041672108,-0.0370299719,-0.0102809986,-0.0108869512,-0.0181199043,-0.0065303659,-0.0281281985,-0.0021914454,-0.0231656349,-0.0226752990,-0.0128674314,0.0010644444,-0.0110384658,-0.0306189077,0.0146484001,-0.0322521941,-0.0032876004,0.0056280548,-0.0110288281,0.0067131469,0.0074569572,-0.0052680368,0.0117336162,0.0046284945,0.0038602882,0.0117798528,0.0028823822
354.0000000000,0.0060237678,-0.0139921209,-0.0085868371,-0.0219799079,-0.0434479598,-0.0155371118,0.0380770191,0.0104333277,0.0011006942,-0.0108910012,0.0143185451,-0.0201551514,-0.0031304685,-0.0098155028,-0.0366761793,-0.0419177783,0.0107183383,-0.0140314140,0.0089444387,-0.0229103901,0.0060339508,0.0119653706,0.0167168924,0.0071921745,0.0131937204,-0.0144538398,-0.0303006288,0.0057065522,0.0117712564,0.0117672004,0.0456919819,-0.0041664234,-0.0075963091,0.0288449750,0.0198396259,-0.0076924840,-0.0383254700,-0.0172403690,-0.0321344169,0.0182840606,-0.0103429254,0.0170382006,-0.0276081770,-0.0052722210,-0.0180107336,-0.0134778386,-0.0215500058,0.0035351175,-0.0270237502,0.0020421562,-0.0110959193,-0.0358744746,-0.0104638699,0.0126996690,-0.0060384001,0.0184412537,0.0135544398,0.0081476545,0.0044313220,-0.0266013418,-0.0134069972,0.0149767383,-0.0144613746
355.0000000000,-0.0067501653,-0.0178041586,-0.0231181396,-0.0032349303,-0.0077890008,-0.0056372631,0.0258459485,-0.0041476286,0.0070415635,-0.0111892996,0.0110642009,0.0229484525,0.0024850900,-0.0282847136,-0.0132966514,-0.0164725161,0.0016060309,0.0014502060,-0.0078746252,0.0148700719,-0.0097026708,0.0169371834,0.0306145173,0.0090282892,0.0132153881,-0.0243603328,0.0125644682,-0.0016017788,-0.0011537522,-0.0032428958,0.0412348958,0.0121344416,-0.0066549505,0.0294706582,0.0024889243,0.0202842692,-0.0279572256,-0.0329141929,0.0116094912,0.0473648976,0.0126389421,0.0051177014,-0.0083234005,0.0114995674,-0.0116412915,-0.0292489157,-0.0056370267,-0.0070204245,-0.0304679298,-0.0244921689,-0.0030764405,-0.0265418964,-0.0083931527,0.0062085718,-0.0011731618,0.0000157786,0.0120609176,0.0320403223,-0.0051162553,-0.0251798357,-0.0034648485,-0.0066453857,-0.0065419956
356.0000000000,-0.0077959681,0.0118190869,-0.0160449079,0.0050424228,-0.0063877664,0.0036039636,0.0090858179,0.0170820852,0.0048738636,-0.0072884771,0.0016741768,0.0060020518,0.0055394597,-0.0125008523,-0.0031417923,-0.0043545832,0.0331629109,-0.0241164581,0.0008633514,0.0078512699,-0.0136096758,0.0152008664,0.0197948333,0.0087890390,-0.0109879092,-0.0027884548,-0.0050168324,-0.0123401645,0.0056739957,0.0030065394,0.0240942136,-0.0030218856,0.0106080739,0.0218954187,0.0213183625,0.0084480638,-0.0405402675,-0.0091129154,-0.0127145138,0.0049132520,0.0094257198,0.0002748071,-0.0021636118,-0.0062529226,-0.0186787484,0.0153127075,0.0014225921,-0.0129343776,-0.0009482589,-0.0007852037,0.0135388443,-0.0231111683,-0.0037592820,-0.0009282663,0.0040030242,-0.0067973472,0.0188912172,0.0294172454,-0.0006344344,-0.0019401793,-0.0170983006,-0.0092915828,-0.0120503271
357.0000000000,-0.0071969577,0.0066892208,-0.0083940747,-0.0178377851,0.0308701202,-0.0296684739,0.0278059159,0.0074060507,0.0212744723,-0.0022642578,0.0281608508,0.0042772756,-0.0059792550,0.0038404382,-0.0189338910,-0.0201639279,-0.0041198669,0.0035127097,-0.0116306655,-0.0010691893,-0.0108595752,0.0067800108,-0.0059878018,0.0418575962,0.0090500988,0.0016926553,-0.0033201357,-0.0224652151,0.0002426371,0.0111136367,0.0125215876,0.0207592510,0.0121454156,0.0180969125,0.0196040292,0.0073477484,-0.0118860482,-0.0167865751,0.0155943148,-0.0117372981,-0.0066048633,-0.0099612746,0.0034119000,0.0281078669,-0.0124980715,-0.0070214953,-0.0110837681,-0.0068279004,-0.0141056219,0.0063634806,-0.0036184847,-0.0161105805,-0.0017908724,0.0005126829,-0.0035167730,0.0146569139,-0.0043103996,0.0200667695,-0.0051685363,-0.0190604729,-0.0099746169,-0.0013019673,-0.0211206640
358.0000000000,0.0042046674,-0.0035654794,-0.0107625281,0.0039160064,-0.0223355191,-0.0213121724,0.0074730073,0.0019313716,0.0009355803,-0.0109651810,-0.0041066905,-0.0174904462,0.0028656990,0.0194942973,-0.0251042000,-0.0291188009,0.0098340597,-0.0251659576,0.0174461687,-0.0045457659,-0.0249211625,-0.0032447935,0.0236733607,-0.0041538885,-0.0099483339,-0.0079561158,0.0027132012,-0.0083342604,0.0140521153,-0.0102125210,-0.0018770502,0.0102026100,-0.0090536587,0.0211452228,0.0054983395,-0.0231778246,-0.0171470641,-0.0126233236,-0.0145784590,-0.0013728602,-0.0127268787,0.0176488940,-0.0295899808,-0.0013697393,-0.0170288609,-0.0069639683,-0.0051640060,-0.0048057048,-0.0208542570,-0.0006883175,0.0111580806,-0.0127818723,-0.0145872199,0.0050565356,0.0078673448,0.0273990208,-0.0227202699,-0.0005854588,0.0184403999,0.0053173327,-0.0129693842,0.0129182506,-0.0072865715
359.0000000000,0.0207689894,-0.0091504655,-0.0033318210,-0.0112233806,-0.0065556490,-0.0069438373,0.0200836549,-0.0088887319,0.0006460531,-0.0073827454,0.0058546364,0.0245526724,-0.0115408776,-0.0176398772,-0.0217714675,-0.0215992837,0.0047379715,-0.0073193089,0.0178853636,-0.0133106551,0.0037864284,0.0280485598,-0.0202716605,0.0120496800,0.0109985959,-0.0003079972,0.0060520109,0.0090854922,0.0098143095,0.0108849829,0.0216547025,-0.0046048884,0.0101261944,-0.0001167734,-0.0025990889,0.0006331826,0.0011208978,0.0002225507,-0.0070622969,0.0122716283,-0.0038779242,0.0320127777,-0.0043077421,-0.0092862352,-0.0121097939,-0.0097698711,0.0051311585,-0.0042174603,0.0043491605,-0.0248488029,-0.0095197814,-0.0018162884,-0.0266332849,-0.0190262298,0.0142756977,-0.0163668064,-0.0053662464,0.0122708366,-0.0032648316,-0.0029528586,-0.0302671747,0.0063883721,-0.0059729845
360.0000000000,-0.0011686806,-0.0252124698,-0.0013431726,0.0082176521,-0.0011558274,0.0159839108,0.0002318137,-0.0043596445,-0.0136008674,-0.0077477292,0.0037957914,-0.0089039898,-0.0059794682,-0.0103788747,-0.0143386681,-0.0223913073,-0.0194404198,-0.0167158041,-0.0019359278,0.0163776212,-0.0129681530,0.0124615008,0.0196011753,0.0309990536,0.0253530087,-0.0015276716,-0.0120786185,0.0118527428,-0.0055844272,0.0055233419,0.0048781366,0.0128163910,0.0092749128,-0.0008318938,0.0101354443,0.0030257241,-0.0243887842,-0.0270683521,-0.0131195339,0.0185402058,-0.0152960584,-0.0021623611,0.0105833276,-0.0055037485,0.0194861125,-0.0193183260,-0.0073506007,-0.0247702903,-0.0284266367,0.0081308718,-0.0097027918,0.0021116609,-0.0012742552,0.0148021120,-0.0215232860,-0.0042963916,-0.0095957722,0.0313825131,0.0101269657,-0.0172857775,-0.0280145776,-0.0137038532,-0.0029683363
361.0000000000,0.0029884916,-0.0156087695,0.0037648030,-0.0075062154,-0.0163412778,0.0065109293,0.0060692134,0.0014125196,-0.0070858675,0.0046139293,0.0185514335,-0.0046254804,-0.0159191449,-0.0108052652,-0.0083000858,-0.0176451328,0.0220663911,-0.0187225006,0.0059651232,-0.0067192755,0.0003261645,0.0054904393,0.0206804914,0.0018998004,0.0296781665,-0.0127927926,-0.0005613720,0.0093598270,-0.0120521569,-0.0024242687,0.0148103151,-0.0058110027,-0.0103315583,0.0057597008,0.0144888010,0.0086133124,-0.0288400286,-0.0286928153,-0.0119415035,-0.0236638385,-0.0148098332,0.0079342069,-0.0106908920,0.0020280346,-0.0025758363,-0.0084168518,-0.0044131758,0.0249271981,-0.0182176867,0.0167499042,0.0016434950,0.0015087573,-0.0191468202,0.0202775714,0.0184352707,-0.0036547277,0.0008925280,0.0149138145,0.0064988754,-0.0117425076,-0.0135825517,-0.0106875035,0.0063289073
362.0000000000,0.0024830556,-0.0304388930,-0.0229839842,-0.0035128523,-0.0071029679,-0.0002418765,0.0073280421,0.0125829944,0.0025335951,-0.0064413361,-0.0093833256,0.0062946721,0.0080349195,0.0084250480,-0.0108835536,-0.0142753174,0.0149841024,-0.0008450759,-0.0107316570,0.0109548725,-0.0068129770,-0.0038516400,-0.0041270668,0.0214118816,0.0153342589,0.0256147397,-0.0151061706,0.0101280972,0.0141208503,0.0165846602,0.0325623760,0.0077674844,0.0078513539,0.0167480447,-0.0103900956,0.0090373614,0.0022180444,-0.0127121879,-0.0031162977,0.0194798547,0.0018693661,-0.0011166484,-0.0007829207,0.0181917251,-0.0109898245,-0.0199549034,0.0008713063,0.0031578662,0.0027229497,-0.0095975299,-0.0060168965,-0.0111082055,-0.0111273918,0.0152611433,-0.0197318657,-0.0135606565,-0.0178585776,0.0078812788,-0.0033300922,0.0085219408,-0.0023440782,-0.0018417192,0.0157558708
363.0000000000,0.0147777073,0.0002427358,0.0016849118,0.0038929541,-0.0136275153,0.0269116810,0.0143293270,0.0036628160,0.0193143401,-0.0009955744,0.0001340429,0.0160632791,0.0036598884,0.0014834904,-0.0162763260,-0.0123073686,0.0198669529,-0.0232966497,0.0166020537,-0.0010589908,0.0108196951,0.0189736604,0.0081593389,0.0142069871,-0.0097917476,-0.0101665244,-0.0203602364,0.0096062680,-0.0167125186,0.0125580158,0.0276126488,0.0088851190,0.0125448997,0.0343842758,0.0182857751,0.0061026960,-0.0153554664,-0.0124952008,-0.0130344562,0.0156741195,-0.0135937690,0.0025777357,-0.0081686817,-0.0164271660,0.0064893366,-0.0428681641,-0.0000304452,-0.0170672343,-0.0331389597,0.0113931652,-0.0021318963,-0.0144377898,-0.0044341283,0.0251657248,0.0136875574,0.0141326925,0.0030273932,0.0075415373,-0.0109090390,-0.0282710710,-0.0065736174,0.0089056741,-0.0041046189
364.0000000000,0.0031078376,-0.0170668381,-0.0293588273,-0.0154602564,-0.0246724656,-0.0098680844,0.0264996215,-0.0094400586,-0.0008154138,-0.0225484934,0.0030827982,0.0147810388,0.0109571043,-0.0011852381,-0.0182839407,-0.0017994479,0.0160386582,-0.0134927289,-0.0021391496,-0.0120364528,0.0004082643,-0.0043588454,0.0122592370,-0.0028459084,0.0226756696,0.0079930324,0.0007511290,0.0076980199,-0.0015239651,0.0189016293,0.0245102419,0.0085412234,0.0274671579,0.0262081788,0.0163225196,0.0014528225,-0.0081531113,-0.0049605003,-0.0130676074,0.0215724275,-0.0205506029,-0.0109176861,-0.0093342573,-0.0100098709,-0.0336088392,-0.0342266176,0.0061694968,-0.0040794484,-0.0337057189,-0.0036597503,-0.0070306662,-0.0424273172,-0.0105257316,-0.0058487058,0.0218079492,0.0246501155,0.0035292911,-0.0151375575,-0.0257393571,-0.0039900927,-0.0190366292,0.0041657299,-0.0113853650
365.0000000000,0.0001763126,0.0034113162,0.0019174685,0.0085979036,-0.0046265895,-0.0085648559,0.0100577711,0.0103778875,0.0272851203,-0.0111518803,0.0078127133,0.0077413204,-0.0112174842,0.0069967439,-0.0252722037,-0.0155684205,0.0085669567,0.0022033500,0.0007156089,-0.0211019911,-0.0120154218,0.0052805171,0.0142852199,-0.0090255127,0.0135246704,-0.0090057471,-0.0039625783,-0.0064246835,0.0048003719,0.0059339614,0.0364946654,-0.0075990629,0.0007015500,0.0257726009,0.0038315274,-0.0115896548,-0.0137969164,0.0018222573,-0.0051167114,0.0027730326,0.0004733872,0.0142737535,-0.0195317944,0.0085855453,0.0031854482,-0.0096761871,0.0047846967,-0.0018592250,-0.0173843133,-0.0108508671,-0.0128129013,-0.0156729033,-0.0230590933,0.0039065451,-0.0010082565,0.0112425347,-0.0120420859,0.0258653779,0.0129326940,0.0084918374,-0.0012568544,0.0250228983,-0.0092428190
366.0000000000,0.0001739229,-0.0116506283,-0.0143895119,0.0007648056,-0.0042893733,-0.0062147371,0.0082140732,-0.0140228478,0.0152014230,0.0008902708,-0.0077002088,-0.0166144169,0.0074404451,0.0307350693,-0.0174382183,-0.0266646913,0.0094947692,-0.0395581669,0.0118962993,0.0177774127,0.0070314051,-0.0091639411,-0.0006854153,0.0078374599,0.0236758204,-0.0036592686,0.0041081259,-0.0053717499,0.0115276922,0.0192783230,0.0155713745,0.0015237540,0.0094197812,0.0008881269,0.0105450143,0.0066548169,-0.0361631907,0.0100859709,0.0120286404,-0.0014736197,-0.0029754067,-0.0114874731,-0.0122366530,0.0157034146,-0.0096313983,-0.0235116969,0.0037521185,0.0151737853,-0.0031807978,0.0030329368,-0.0036728298,-0.0211458055,0.0144407128,0.0092551783,-0.0088937531,0.0027410451,-0.0205164848,0.0187769192,-0.0013124962,-0.0118872740,-0.0129844922,0.0166025763,-0.0190008638
367.0000000000,0.0192943569,0.0000406671,-0.0238873908,-0.0180500432,0.0030413911,-0.0166869685,-0.0032966599,0.0002421254,0.0072299460,-0.0325399429,0.0165049490,0.0058542904,0.0145189144,0.0048592517,-0.0046033787,-0.0078561235,0.0136036484,-0.0095691437,0.0097706541,-0.0185194960,0.0021342161,-0.0063723053,-0.0019833656,-0.0114391572,0.0129528425,-0.0134468704,0.0181700670,-0.0111659244,-0.0071342181,0.0006648327,0.0397013023,0.0010031583,0.0251448672,0.0209817524,0.0118609968,0.0245820867,-0.0393498590,-0.0188043516,-0.0007807803,0.0193470025,-0.0175100331,-0.0000885050,0.0060934325,0.0103727346,-0.0167416730,-0.0189618764,0.0114884703,-0.0089661278,-0.0078593650,-0.0206043746,-0.0054910151,-0.0156717098,-0.0191025285,0.0146527696,0.0050614595,0.0265912106,-0.0126059632,-0.0105676147,-0.0062653636,0.0214296399,-0.0074695255,-0.0030298460,-0.0177999229
368.0000000000,0.0043821889,-0.0159177325,-0.0115707901,-0.0080581543,-0.0011932314,-0.0140212690,-0.0071001231,0.0104264965,-0.0012504162,-0.0207079963,0.0013252902,0.0242009609,0.0089179738,-0.0054874115,-0.0105586212,-0.0121070648,-0.0130900323,0.0117223537,0.0300429769,-0.0010692223,-0.0008688214,0.0220807397,0.0313207692,0.0237504815,0.0313503444,-0.0015744908,-0.0305563403,0.0143023571,0.0130730101,-0.0093786831,0.0178484745,-0.0062739305,0.0139465135,0.0143509302,-0.0210748870,0.0121470627,-0.0145611015,0.0128024522,-0.0038552171,0.0150435836,-0.0106350266,0.0107626976,-0.0035619836,-0.0083347185,0.0139210590,-0.0107730879,0.0055805728,0.0057134634,0.0017515337,0.0132802401,-0.0172636943,-0.0147490613,-0.0186259927,0.0002093156,0.0196834628,0.0216124928,0.0009242654,0.0246606645,0.0108411992,-0.0056182243,0.0162872668,-0.0003765260,0.0075647257
369.0000000000,0.0076394270,0.0066028864,0.0120758816,-0.0034868760,-0.0130069546,0.0132639866,-0.0025645150,-0.0138644522,0.0089793273,-0.0071241862,-0.0055337996,-0.0031519816,-0.0061347483,-0.0109413305,-0.0183632807,-0.0022802211,0.0193024545,-0.0136453666,0.0196079679,0.0073103659,-0.0094286590,0.0022452634,0.0138181299,-0.0046833134,0.0064918131,0.0004856801,-0.0175299328,-0.0026714958,0.0058299709,0.0036932840,0.0137387971,0.0086711913,0.0003211083,0.0208421147,0.0299072187,0.0036495767,-0.0234354792,-0.0230238453,-0.0252271972,0.0136428359,-0.0090118389,0.0091739668,-0.0318037384,0.0151584283,0.0077106133,-0.0275281828,0.0075605269,0.0090680160,-0.0117770485,-0.0002386084,0.0284853222,-0.0259466311,-0.0236835493,0.0051376049,0.0150681358,0.0187814907,-0.0155639204,0.0057936384,0.0157886906,-0.0194225397,-0.0052915826,0.0235185827,-0.0138629953
370.0000000000,0.0103475846,-0.0262511072,-0.0197259071,-0.0103798164,0.0120140086,0.0069831794,0.0196402318,0.0234061827,-0.0039458148,-0.0082209772,0.0179644124,0.0178641285,0.0002842600,-0.0100389665,-0.0175267498,-0.0100840418,0.0101864842,-0.0325360125,0.0250270255,-0.0211710811,-0.0081647775,0.0048176010,0.0107081600,0.0129771567,0.0008615960,0.0021925726,-0.0168469640,-0.0129258098,-0.0125966980,0.0029982520,0.0339746754,0.0121744138,0.0015896293,0.0291382439,0.0100380276,0.0237289320,-0.0264801431,-0.0390214210,-0.0134492131,0.0247944394,-0.0197063457,-0.0334279129,-0.0161473316,-0.0003020305,-0.0362350117,-0.0318375012,-0.0095380581,0.0016256277,-0.0131198666,-0.0043711610,-0.0030946677,-0.0080296453,-0.0237706419,0.0190183872,0.0066503110,-0.0001910277,0.0127043114,0.0115921442,-0.0037543827,-0.0112192130,-0.0230865186,0.0041698236,0.0006018136
371.0000000000,0.0056561014,-0.0316395756,-0.0170854366,-0.0017856590,-0.0133276437,0.0244900802,0.0065022840,0.0054331477,0.0126430516,-0.0169780804,-0.0098200238,-0.0014913399,-0.0156634982,-0.0075730915,-0.0153192658,-0.0306217414,-0.0095591081,-0.0280967287,0.0032515610,-0.0045503073,-0.0019300063,0.0016171300,0.0230575826,0.0139212689,-0.0044494990,-0.0027206840,-0.0205483345,0.0336637231,-0.0000921160,-0.0027337339,0.0225556461,0.0121562104,0.0165160094,-0.0132261390,0.0076010994,-0.0048807620,-0.0312668176,-0.0191916956,-0.0242966470,-0.0076161493,-0.0344830601,0.0149275627,-0.0264971908,-0.0059867831,-0.0317259832,-0.0135193824,-0.0097105730,-0.0085449339,-0.0014444824,-0.0041014223,-0.0153340860,0.0031068361,0.0018527302,0.0072861612,0.0056607756,-0.0122278150,-0.0031003524,0.0058627624,0.0125909429,-0.0041901718,-0.0008034789,0.0072909790,-0.0166139760
372.0000000000,-0.0028379995,-0.0265473350,-0.0198996932,-0.0212928911,0.0100503565,-0.0070929978,0.0049004232,-0.0106279579,0.0067306165,0.0015165527,0.0172970922,0.0052438683,-0.0022850587,-0.0139570261,-0.0154794476,-0.0348457893,0.0316701510,0.0013597080,-0.0134650966,-0.0103696014,-0.0111761507,0.0152004442,-0.0000967079,0.0092846117,0.0199100207,-0.0055117070,0.0000072623,0.0139716563,-0.0105019778,-0.0003219687,0.0052439919,-0.0055509126,-0.0078577687,0.0244321456,0.0000047446,-0.0029197183,-0.0077843871,-0.0077261873,0.0044091995,-0.0099408725,0.0016227209,0.0145172093,-0.0180927971,-0.0156352092,-0.0055573746,-0.0190789139,-0.0083832337,-0.0211359168,-0.0046164818,-0.0009613441,-0.0151754762,0.0026873995,0.0231368228,0.0447728764,0.0007947213,0.0084155387,0.0158093408,0.0151620887,-0.0087877832,-0.0044191818,-0.0161477048,-0.0056486454,-0.0087727950
373.0000000000,-0.0068041917,-0.0151143293,0.0018613022,-0.0095431262,-0.0126102827,-0.0053353956,-0.0034799628,-0.0005439131,-0.0046321903,0.0014163475,0.0278191898,0.0086652923,0.0025599429,-0.0116968650,-0.0071781924,-0.0025734322,-0.0061471907,-0.0184917361,0.0054446987,0.0084939971,0.0046973264,0.0166598845,0.0153992217,0.0036917996,0.0073773015,-0.0133391344,0.0022366288,0.0189984653,0.0170548388,0.0128299532,0.0221872471,0.0038399330,-0.0020240813,0.0148473187,0.0017811118,-0.0018992032,-0.0161556368,-0.0007821775,-0.0058699369,0.0147561551,-0.0015518518,-0.0031118101,0.0043082473,0.0235140723,0.0064564942,0.0018394500,-0.0202178847,0.0023812617,-0.0160785550,0.0032335113,-0.0308221229,-0.0244712145,-0.0087808533,0.0100925675,0.0019951857,0.0019200074,-0.0010190271,-0.0102635247,-0.0049134881,0.0026791332,0.0073394847,0.0072323896,0.0117305539
374.0000000000,-0.0061630493,-0.0034049117,-0.0186336566,0.0012408652,0.0061145216,-0.0168094976,0.0016937398,0.0038078266,0.0299275403,-0.0085692260,-0.0025684861,0.0178057762,0.0078746917,-0.0121832815,-0.0237063999,-0.0158744251,0.0012465647,-0.0192982900,0.0024669783,-0.0247801231,0.0144936549,0.0099460111,0.0199359804,-0.0095279550,0.0026226640,0.0131343627,-0.0102006641,-0.0081976716,0.0079342699,0.0185118507,0.0177221904,-0.0024828739,0.0248903546,0.0097369155,-0.0138124100,-0.0009137127,-0.0043970265,-0.0145453107,0.0142037817,0.0148115677,0.0009653959,-0.0066104209,-0.0108650707,-0.0223631388,-0.0124236801,-0.0217146743,0.0306205539,0.0268450110,-0.0078727561,0.0163768045,-0.0173834695,-0.0029136138,-0.0190980106,-0.0064854408,-0.0180073769,0.0115062082,0.0110228113,0.0351588978,-0.0092154365,-0.0207177276,0.0118100033,0.0029564084,-0.0246287315
375.0000000000,0.0194022323,-0.0070265313,-0.0190944458,-0.0240551065,-0.0103677193,-0.0131183977,0.0179953566,-0.0075633756,0.0005977252,-0.0101216286,-0.0048754776,0.0170739245,0.0087581533,-0.0010116513,-0.0057574140,-0.0128935696,-0.0119184123,-0.0028969358,-0.0201601123,-0.0071501973,-0.0071401267,0.0225267661,0.0300505505,-0.0262169872,0.0090842064,0.0125693617,-0.0147862875,0.0131429660,0.0151542512,0.0019865691,0.0332076271,0.0007721805,0.0065816390,0.0185041010,-0.0030170255,0.0001722005,-0.0082495674,-0.0089940814,-0.0129592921,0.0142891935,0.0015917009,-0.0024658620,-0.0133304140,-0.0012617654,-0.0127984346,-0.0192790665,0.0037518697,0.0061635192,-0.0202294122,-0.0065915118,-0.0010069738,-0.0192270154,-0.0152869137,0.0228129267,0.0160988954,0.0163993913,-0.0084169226,0.0038927103,0.0049233915,-0.0067685366,-0.0152823168,0.0034359193,-0.0181296543
376.0000000000,-0.0276316227,0.0037573327,-0.0206339309,0.0192641795,-0.0143109161,0.0010278779,-0.0063077851,0.0345168874,-0.0054829803,-0.0240296179,0.0046116508,0.0122381311,-0.0129776082,-0.0146816135,-0.0116530820,-0.0149851480,0.0264829419,-0.0229554865,0.0137451240,0.0074606351,-0.0157722351,0.0005762975,0.0296753745,0.0164278913,0.0268698072,0.0109545309,-0.0220220293,0.0143752550,0.0226110761,-0.0088889413,0.0209488361,0.0149050361,0.0092820017,0.0125377317,0.0149922573,-0.0003123241,-0.0057416662,-0.0411252685,0.0028849083,0.0056906865,-0.0164002902,0.0073486125,-0.0021317961,0.0183677247,-0.0300903167,-0.0242879712,-0.0309165769,0.0090975246,-0.0203590577,-0.0068735218,0.0141488687,-0.0115602113,-0.0136904393,0.0273738752,-0.0163607596,0.0119001321,-0.0125843263,0.0124427379,0.0022834728,0.0170468879,-0.0073500580,0.0012709089,0.0018172210
377.0000000000,-0.0092183157,-0.0025980168,-0.0226835175,-0.0043837382,-0.0040861164,0.0143781223,-0.0115780008,-0.0031760199,0.0207471163,-0.0183143519,-0.0179053760,-0.0129359059,-0.0036284493,-0.0014703960,-0.0125455379,0.0290879041,0.0116408880,-0.0108572297,0.0099891102,-0.0071340190,-0.0000502359,0.0099445213,-0.0023712889,0.0159946534,0.0207137794,-0.0036885423,0.0062559486,0.0173540562,-0.0017042187,0.0131995522,-0.0001400498,-0.0059563336,-0.0062353244,0.0158078285,0.0141502303,-0.0275970061,-0.0262056850,-0.0273261903,-0.0041475734,-0.0068707602,-0.0143898250,0.0135448180,-0.0194342423,0.0027913499,-0.0189686262,-0.0224586077,0.0198349580,-0.0087360844,-0.0101669375,0.0118991496,0.0134009045,-0.0023435882,0.0052780368,0.0087286795,-0.0178647686,0.0187744294,-0.0065798463,0.0202019405,-0.0210153479,0.0162770511,-0.0068318376,-0.0092803367,-0.0216158167
378.0000000000,-0.0007420064,-0.0252641862,-0.0198817715,-0.0157831546,-0.0011506616,-0.0248623879,0.0110658936,-0.0025387376,-0.0151272844,-0.0013334481,0.0077362528,0.0166999494,0.0151699009,-0.0132346586,-0.0135038725,-0.0078448709,0.0114961223,-0.0021033942,0.0023096103,-0.0035272313,0.0048905630,-0.0042996755,0.0146612048,-0.0054862502,0.0053281545,-0.0083397485,0.0065951016,0.0053500081,-0.0016716573,0.0064874321,0.0327032986,-0.0195069974,0.0112414612,0.0389115101,0.0172980968,-0.0020521576,-0.0149763599,-0.0057863499,0.0088506487,0.0135586860,-0.0177515981,0.0019263279,-0.0186076069,0.0120976981,-0.0141315948,-0.0069990164,-0.0163480911,0.0095126123,-0.0268857673,0.0253082144,-0.0154718083,-0.0190782290,-0.0336829368,0.0200056003,0.0251822913,0.0035221781,0.0201687428,0.0296360348,0.0097812676,-0.0143462156,0.0052214107,-0.0113419512,-0.0003163687
379.0000000000,0.0101742864,0.0011546676,-0.0078226649,-0.0101898370,-0.0053701147,-0.0064543343,-0.0010046615,0.0147382225,-0.0132933167,-0.0238447748,0.0132541433,-0.0128004563,0.0040844635,-0.0102284497,-0.0424690486,0.0036750028,0.0067146621,-0.0044493677,0.0126039497,-0.0285039426,-0.0131876296,-0.0147658572,0.0057058928,0.0157859041,0.0162594341,-0.0110848119,-0.0075747095,0.0226715883,-0.0058460299,0.0166794773,0.0233792741,0.0024601894,0.0000972927,0.0352015755,0.0161361476,0.0228088119,-0.0126821073,-0.0184887654,0.0027266026,0.0062624685,-0.0054350015,-0.0161514452,-0.0145678076,0.0111624481,-0.0229554977,-0.0300104231,0.0110120207,-0.0043521184,0.0038556870,-0.0177512535,-0.0175495043,-0.0349134363,-0.0171060819,-0.0026367174,-0.0031812902,0.0042204678,0.0028265937,-0.0025973789,0.0120145368,0.0014088848,0.0024236109,-0.0058465049,-0.0063879135
380.0000000000,0.0008209855,-0.0268907447,-0.0237988417,-0.0171892126,-0.0081863227,-0.0135474507,0.0343711407,0.0121065717,0.0035878117,-0.0227106647,0.0163105222,0.0259098282,0.0075221740,-0.0040994692,-0.0256139753,0.0113807694,0.0246799406,-0.0015835149,0.0080487757,-0.0268552555,0.0117010953,-0.0084850146,0.0371825571,-0.0041344837,0.0169600773,-0.0198431111,-0.0106017896,0.0047044352,0.0137383461,0.0143544473,0.0413377990,-0.0099312559,0.0064446603,0.0127640702,0.0147714072,0.0015435808,-0.0162132108,0.0038666131,-0.0085594384,0.0133371769,-0.0000481231,0.0055305183,-0.0125865991,-0.0064131609,-0.0177714242,-0.0296532015,-0.0030174257,-0.0146294992,0.0058967188,-0.0164712569,-0.0198492640,-0.0225346807,-0.0229724187,0.0006736358,-0.0077113455,0.0104192409,0.0216344494,0.0013103592,0.0104712215,0.0002866954,0.0147514234,0.0208776492,-0.0025723285
381.0000000000,-0.0012650826,-0.0223989863,-0.0288220474,-0.0119631917,-0.0244331747,-0.0153328664,0.0179062218,-0.0041411048,0.0287238889,-0.0188407005,0.0010091152,0.0090147434,-0.0056838674,-0.0137654141,-0.0056165872,-0.0080957380,0.0200403923,-0.0254472035,0.0234689865,-0.0176401525,-0.0031667018,-0.0064206978,0.0254681236,0.0306279295,0.0207886902,-0.0146423107,-0.0205501152,0.0206484990,0.0095985875,0.0165938021,0.0544010353,0.0335439303,0.0044349779,0.0201794115,0.0358366396,0.0082367050,-0.0209574491,-0.0381527682,0.0075758129,0.0130908302,-0.0119421717,-0.0132926586,-0.0302142215,-0.0115586504,-0.0292173823,-0.0228876029,0.0107584452,-0.0182079260,-0.0204783630,-0.0174053033,-0.0254452955,-0.0149023712,-0.0209581847,0.0074856378,0.0131571104,-0.0054947070,-0.0028579375,0.0116685076,-0.0004876208,-0.0303677678,-0.0129837174,-0.0084082066,0.0037800293
382.0000000000,-0.0036574336,-0.0062359737,0.0013365866,-0.0048132064,0.0015030608,0.0064600794,0.0013676563,0.0177451293,0.0311396159,-0.0103119684,-0.0090764286,-0.0169721400,-0.0178937966,-0.0143463329,-0.0216995751,-0.0060427770,-0.0042613719,-0.0123856061,0.0109432327,0.0018458847,-0.0168970030,-0.0071570997,-0.0028229820,0.0082509206,0.0120129593,-0.0175451780,0.0018937581,0.0004028455,-0.0118677723,-0.0068386183,0.0399421065,0.0190795008,-0.0058514771,0.0285086815,-0.0224186464,-0.0075192806,-0.0275596860,-0.0168704839,-0.0046533185,-0.0116919198,-0.0165693467,0.0107407611,-0.0252352587,0.0120891400,0.0004189921,-0.0273544269,-0.0012732723,0.0256477351,-0.0004988517,-0.0113465566,0.0002632865,-0.0356933572,-0.0092249449,0.0104000314,0.0079263705,-0.0023366408,0.0069100912,0.0088981434,-0.0052169624,-0.0052645414,-0.0004075181,0.0156585049,0.0198772768
383.0000000000,0.0124649104,-0.0258923962,-0.0412010539,-0.0050079716,-0.0169299978,0.0026298687,0.0051770148,0.0022471789,-0.0052289411,-0.0107238186,0.0111230298,0.0119817469,0.0017732206,-0.0065807567,0.0008637931,-0.0019733630,0.0165656789,0.0129914876,0.0011368036,-0.0038913020,-0.0171425873,0.0371541155,0.0106716019,0.0111633640,0.0188652228,-0.0015576340,0.0003397971,0.0258684738,-0.0050636611,0.0106498126,0.0080492679,-0.0041093494,-0.0070304585,-0.0046985445,0.0244874113,-0.0212026783,-0.0260652524,-0.0155720954,0.0127569911,0.0119303666,-0.0340309376,0.0130589270,-0.0081192550,-0.0072671067,-0.0148122354,0.0084389337,-0.0005638685,0.0057015960,-0.0022409736,-0.0136010033,-0.0107887403,0.0015139072,0.0023774181,0.0044022241,0.0079178130,0.0078420034,0.0305312558,0.0081320980,0.0032064948,0.0196720983,0.0035061095,-0.0003655468,0.0119758721
384.0000000000,0.0122866072,-0.0110982725,-0.0274226321,-0.0109374754,-0.0107613637,-0.0013595685,-0.0070325884,0.0120149212,0.0083924762,-0.0103100507,0.0031840392,-0.0011987595,0.0131155411,-0.0186897738,-0.0121352353,-0.0100681292,-0.0021468087,-0.0267762594,0.0272796553,-0.0031534756,0.0047396599,-0.0266895992,0.0302860068,0.0039558755,0.0064405550,-0.0153991701,-0.0051938014,0.0166598926,0.0148233274,0.0004144310,0.0341274616,-0.0048075747,-0.0044077970,0.0224850978,0.0066474383,0.0068728230,-0.0439349208,-0.0035822861,-0.0242326400,0.0099137048,-0.0294168021,0.0024811099,-0.0225027114,-0.0212085689,-0.0356648452,-0.0280836756,-0.0008430472,-0.0000618822,-0.0189137262,0.0145515797,0.0061755379,-0.0157523876,-0.0048814666,0.0267619523,-0.0088947486,0.0205945068,0.0110157399,0.0214018565,0.0002299016,-0.0251314263,-0.0289423958,-0.0205881239,-0.0008933235
385.0000000000,-0.0044451308,0.0068538712,-0.0208303529,-0.0143417818,0.0148322738,0.0119815256,0.0077782910,0.0052330770,-0.0035128567,-0.0167486429,0.0015539726,-0.0098531711,-0.0018994211,-0.0169570642,-0.0193528806,-0.0059254862,0.0013831261,-0.0077253261,0.0112728171,-0.0138200925,0.0033370179,0.0077851049,0.0102745399,0.0012974822,-0.0116652594,-0.0117676849,-0.0061994705,0.0084199324,-0.0105577232,-0.0065736624,0.0205654130,0.0161274631,-0.0047820037,0.0355917941,0.0172132282,0.0251487436,-0.0394287222,-0.0198110804,-0.0038792316,0.0009522271,-0.0131659414,-0.0087276489,-0.0109152017,-0.0054843156,-0.0272926737,-0.0069537033,-0.0156841719,0.0076075015,-0.0074851947,-0.0003804455,0.0021528751,-0.0311777960,-0.0206148173,0.0220552132,0.0187527767,0.0118801282,-0.0241518375,0.0314482351,0.0118666267,-0.0007748888,-0.0090393461,-0.0287269874,-0.0170277889
386.0000000000,-0.0324052049,-0.0089618564,-0.0246116988,-0.0170169551,-0.0145747278,-0.0083790945,0.0293882450,0.0016744479,-0.0069133172,-0.0057504096,0.0016493693,-0.0008501704,-0.0205234552,-0.0050046439,0.0066749463,-0.0322538238,0.0193957646,-0.0458440463,0.0010962484,0.0017572392,0.0076437707,0.0017532783,0.0402097015,0.0215085186,0.0273003797,0.0072167754,0.0050917707,0.0005650234,-0.0279310345,-0.0014506011,0.0399375118,-0.0002204474,-0.0143818452,0.0181025795,0.0422449517,0.0302865351,-0.0310248007,-0.0201005228,-0.0291840361,-0.0028572091,-0.0118913437,-0.0204388640,-0.0087921655,-0.0058531502,-0.0245059419,-0.0164266771,0.0060702096,0.0204748550,-0.0140343148,-0.0030106603,-0.0160601373,-0.0045544986,-0.0212042255,0.0377551982,0.0108905117,0.0330136746,-0.0097992693,-0.0196738344,0.0164417294,0.0107067908,-0.0175043359,-0.0057481538,-0.0198570251
387.0000000000,-0.0138423963,-0.0271051951,0.0003305329,-0.0355915844,-0.0126514613,-0.0079301027,0.0126516942,-0.0155994066,-0.0011512118,0.0029805423,0.0368606702,-0.0019371062,-0.0141269145,-0.0204829320,-0.0040671227,-0.0044872293,-0.0021837510,-0.0023046143,0.0242742956,-0.0104701692,-0.0068091373,-0.0038129600,0.0081584420,0.0168998195,0.0255679474,-0.0033416344,-0.0055090224,0.0327829259,0.0033546925,0.0133232278,0.0350095560,-0.0048174712,0.0007988251,0.0005790454,0.0300096870,0.0142294257,0.0011140550,-0.0108166960,-0.0114891209,0.0401068952,-0.0189419033,-0.0063135400,-0.0091024733,0.0078146046,-0.0194624623,-0.0178379042,-0.0104660821,0.0019668588,-0.0246999433,-0.0075546243,-0.0108054464,-0.0029412399,-0.0233191051,0.0024850654,0.0053237623,0.0276361272,0.0034242984,0.0058220004,0.0180852453,-0.0086195323,-0.0091383264,0.0097297016,-0.0005847811
388.0000000000,0.0086114600,-0.0100589478,0.0081292135,0.0030288884,-0.0074323749,0.0028761648,0.0053593353,0.0187579096,-0.0145102341,0.0050996117,0.0058255424,-0.0051457841,0.0125564914,-0.0143945644,-0.0047241367,-0.0043907547,0.0073259768,0.0018869245,-0.0198217809,0.0128216046,-0.0152456712,0.0237702427,0.0137835098,0.0323269767,0.0343225901,-0.0126441932,-0.0003140921,0.0224322620,-0.0091774476,0.0137441853,0.0130733186,0.0191459003,-0.0000182611,0.0238191727,-0.0036641499,0.0115779969,-0.0236997834,0.0090751136,-0.0116520506,-0.0060058468,-0.0246158181,0.0127795354,-0.0080835247,0.0063519533,-0.0016415206,-0.0076577829,0.0017175578,0.0073564748,0.0138244857,-0.0167798277,0.0084815093,-0.0167925608,-0.0104883444,0.0005976934,0.0062222918,-0.0038304700,-0.0031469902,-0.0157379932,-0.0012656691,0.0081805500,-0.0070194848,0.0077139274,-0.0100724004
389.0000000000,0.0007145443,-0.0342669603,-0.0317548338,-0.0003598186,-0.0052948591,0.0033329796,0.0023080074,0.0081398811,-0.0024718209,-0.0104572646,0.0068583838,-0.0132362887,-0.0204926873,-0.0064347474,-0.0155514198,-0.0317982226,0.0162996952,-0.0013193048,0.0196875897,-0.0120588386,-0.0006515084,-0.0057355495,0.0211134886,0.0261325902,0.0121949785,0.0058003832,-0.0178477407,0.0161842817,-0.0082122842,0.0071508864,0.0227855754,-0.0128328403,0.0167339514,0.0316036548,-0.0070107745,0.0159740144,-0.0281966786,-0.0033457997,-0.0226764470,0.0318311538,-0.0180415175,-0.0093261950,-0.0130319555,0.0034398339,-0.0403757190,-0.0193303682,-0.0027994541,-0.0100288577,-0.0349751282,0.0151063204,-0.0258688582,-0.0037237403,-0.0146643485,0.0338611630,-0.0149001524,-0.0029683135,0.0215497245,0.0145135266,-0.0042837456,-0.0138975125,-0.0318593400,0.0011272015,-0.0085360405
390.0000000000,-0.0123439573,0.0043672175,0.0007427386,-0.0035437800,-0.0231079875,-0.0055030931,0.0279598501,-0.0034197420,-0.0020395037,-0.0295001609,0.0106042329,-0.0045213309,0.0006872665,-0.0211932627,-0.0160693416,0.0006837642,0.0282203415,-0.0171372692,0.0246409994,-0.0106675761,-0.0122819201,0.0071023932,-0.0084007821,0.0193739326,-0.0099286942,0.0175854005,-0.0220140732,0.0001213702,0.0068212029,0.0100927705,0.0118858948,-0.0024044470,0.0146651619,0.0149787331,0.0138276851,0.0158309272,-0.0182676477,-0.0110358384,-0.0177909519,0.0210534492,-0.0046040969,-0.0090462490,-0.0026516622,0.0062092387,-0.0213781259,-0.0304999707,-0.0033790396,-0.0076197302,-0.0135343381,-0.0007929533,-0.0154927650,-0.0158102052,-0.0158598548,0.0248851886,0.0259597496,0.0086742798,0.0110353520,0.0253286724,-0.0026659367,0.0052741599,-0.0087105985,-0.0275471406,-0.0180585380
391.0000000000,0.0023304255,-0.0128158790,-0.0349998754,-0.0185503783,-0.0153257230,-0.0210026647,0.0264271281,0.0107609180,0.0139591501,-0.0001460987,0.0035430753,0.0157329101,0.0052987595,-0.0221427079,-0.0030128930,-0.0132878507,-0.0057327134,-0.0111100340,-0.0237573246,0.0003489489,-0.0194645209,-0.0031679492,0.0194137443,0.0177766078,0.0272750361,-0.0027514850,0.0017443931,0.0167967782,0.0015544701,0.0118061323,0.0373148675,0.0054736824,0.0166407682,-0.0035351907,-0.0006593005,0.0083045091,-0.0228637052,0.0050200348,-0.0291563035,0.0162608719,0.0029053216,-0.0001504297,-0.0061680826,-0.0076801557,-0.0278305246,-0.0149026290,-0.0023367655,-0.0062300831,-0.0485111973,0.0076406634,-0.0021536412,-0.0181328824,-0.0223725838,0.0082085266,0.0196037259,0.0276874371,0.0019531854,0.0150656720,0.0126003773,0.0117122827,-0.0071178508,-0.0011691830,0.0034768119
392.0000000000,0.0132061499,-0.0011705519,-0.0004716375,-0.0353546663,-0.0266705464,0.0031499439,0.0193224667,-0.0198610515,-0.0065433509,-0.0044784904,0.0074791301,0.0131678236,0.0162303326,-0.0093917083,-0.0180916537,-0.0144476613,0.0034464393,-0.0037753908,0.0197525773,0.0159955796,-0.0223632338,0.0027833738,0.0135404442,-0.0109300570,0.0156958056,-0.0079674304,0.0020720054,0.0052007455,0.0104736540,0.0172773054,0.0353903958,-0.0166533087,0.0060054844,0.0167526643,0.0008671646,-0.0135600831,-0.0196273090,-0.0303843255,0.0104963028,0.0049366422,-0.0025074406,-0.0043556309,0.0111856753,0.0120744735,0.0033452061,-0.0231393994,0.0068217912,0.0116097507,-0.0089004710,-0.0046406958,-0.0190769614,-0.0089679001,0.0012298090,0.0248130170,0.0128106698,0.0086697226,0.0131745598,0.0281925065,0.0016545968,-0.0095670305,-0.0183373856,0.0053834132,-0.0069392460
393.0000000000,-0.0110634287,0.0077788375,-0.0200085744,-0.0025890677,-0.0082268901,-0.0071715413,0.0075580209,0.0066081058,0.0206002746,0.0157955383,0.0084791814,0.0052581291,-0.0114892826,-0.0208224340,-0.0323596691,-0.0212612953,0.0065897986,-0.0140505756,0.0007698546,0.0002599801,-0.0162468970,-0.0190026786,0.0240686233,-0.0005105256,0.0027170331,-0.0254734623,-0.0014010925,0.0082115897,0.0053535684,0.0141048289,0.0321364195,0.0128233412,-0.0138039158,-0.0035241519,0.0109587568,0.0051981491,0.0036366922,-0.0390996309,-0.0113498766,0.0093178172,0.0001206233,0.0021355998,-0.0113831865,-0.0200597030,-0.0139724429,-0.0119764991,0.0095720112,0.0011350413,0.0030905875,0.0078477071,-0.0074739613,-0.0161921906,0.0015877206,0.0151110765,-0.0012462335,0.0107976881,0.0075217201,0.0119632126,-0.0212029862,-0.0072804571,-0.0043460503,-0.0001191950,-0.0059467384
394.0000000000,-0.0199674431,-0.0201031205,-0.0053575233,-0.0139597608,-0.0163225934,-0.0091766211,0.0159218289,-0.0031481459,0.0067125718,-0.0001099639,0.0171768940,0.0065409181,-0.0015786410,0.0120874514,-0.0106114922,-0.0208053875,0.0113520716,-0.0095999707,-0.0033000045,-0.0109793892,0.0136485737,0.0055183929,0.0379956371,0.0178061011,0.0072741169,-0.0066849902,-0.0105312402,-0.0090454623,0.0072555194,0.0108881191,0.0231523012,-0.0097748066,0.0116458825,0.0172806149,-0.0076262288,-0.0004467001,-0.0129577753,-0.0023402687,-0.0359779588,0.0185445165,-0.0275767299,0.0032103432,-0.0212213865,-0.0078821434,-0.0169855482,0.0026476013,0.0082445373,0.0046224134,0.0071090702,-0.0185307788,0.0020509697,-0.0253443470,-0.0160298385,-0.0097412118,-0.0009308587,0.0074417957,-0.0127682142,0.0019265742,-0.0158519244,-0.0050134817,-0.0100632410,-0.0039815883,-0.0138637768
395.0000000000,0.0123294582,-0.0189972270,-0.0172286818,-0.0118111185,-0.0346550196,-0.0008895088,0.0153645438,0.0068609305,-0.0078147279,-0.0282611624,0.0316710578,-0.0025283958,0.0058309288,-0.0150031228,-0.0259363925,-0.0107539986,-0.0093306285,-0.0372472974,0.0148030473,0.0031882668,-0.0096332353,0.0291451159,0.0306695492,-0.0072557638,0.0172992999,-0.0054873276,0.0214970721,0.0119752207,0.0051420233,0.0024754608,0.0399493266,0.0211673594,0.0223519336,0.0362333737,0.0053849247,-0.0002424823,-0.0274940856,-0.0229703869,0.0045862597,0.0004580572,-0.0028733000,-0.0056027601,-0.0159217573,-0.0047183784,-0.0274351754,-0.0374806671,-0.0156115717,-0.0128881147,-0.0404159701,0.0080540344,-0.0205911553,-0.0203889786,0.0012130053,0.0158963038,-0.0007837928,0.0005267341,0.0034732478,0.0028819838,0.0019474003,-0.0128878576,-0.0116705092,-0.0017818141,0.0011542465
396.0000000000,0.0039342192,-0.0221301508,-0.0332100571,-0.0155600714,-0.0243979460,-0.0089051684,0.0137227368,0.0422059529,0.0069340118,-0.0064601052,0.0223097607,-0.0003568791,0.0121473212,-0.0150143948,-0.0301184538,-0.0017003822,0.0110922090,-0.0294021643,0.0205577430,-0.0126589010,-0.0323020208,0.0021205682,0.0426364002,0.0253791480,-0.0053441640,-0.0231651348,-0.0122328770,-0.0032368984,-0.0150777593,0.0214109018,0.0047743519,-0.0051767138,0.0118997625,0.0215453308,0.0108580152,0.0068278710,-0.0140433439,0.0013706495,-0.0373883935,0.0105323894,-0.0026897477,-0.0172788656,-0.0296695756,-0.0094705607,-0.0140761390,-0.0300967328,0.0235358163,-0.0179469329,-0.0049389998,0.0080527503,0.0057484971,-0.0228491342,-0.0065047804,0.0209324196,0.0323121953,0.0075713103,0.0264168604,0.0306087031,-0.0003040099,-0.0126231051,0.0058367277,-0.0134662430,-0.0071137645
397.0000000000,-0.0042422262,0.0202332776,0.0028329278,-0.0194648209,0.0080490931,-0.0013686963,0.0023146071,-0.0147564745,0.0016349038,-0.0052882174,-0.0104396631,0.0141178385,-0.0117578101,-0.0118687358,-0.0089526751,-0.0176784748,0.0320540820,-0.0128165574,0.0130502995,-0.0012940744,-0.0011916259,-0.0134078608,0.0056540770,0.0087457717,0.0126360287,-0.0109762191,0.0041884080,0.0085852488,-0.0144331819,0.0032465133,0.0345246143,0.0040003734,0.0120798730,0.0205136668,0.0214678880,0.0011685909,-0.0133166954,-0.0149114653,-0.0151230064,0.0071829893,-0.0100487990,-0.0006844755,-0.0011550351,0.0172431545,-0.0114763851,-0.0263230015,-0.0028522830,-0.0005726763,-0.0090969446,0.0082976777,-0.0034037942,-0.0258155913,-0.0121267734,0.0091344391,-0.0209599446,-0.0025852645,-0.0059564691,0.0122677365,0.0099976442,0.0013968297,-0.0283030262,0.0015127421,0.0005830971
398.0000000000,-0.0019713708,-0.0202110472,-0.0257255716,-0.0119352522,-0.0067314632,0.0130706726,0.0219104244,0.0122653958,0.0030609360,-0.0191637717,0.0094141504,-0.0067749520,0.0079851022,-0.0003773057,-0.0198681315,-0.0159768487,0.0394904146,-0.0083415413,-0.0068010245,0.0089673991,-0.0144199234,-0.0168905586,0.0304076887,0.0173147315,0.0101715148,0.0099964498,-0.0232010639,-0.0150022442,0.0155466755,0.0173599203,0.0352150655,-0.0035531411,0.0193179432,0.0394480437,0.0359188367,0.0387015879,-0.0203592027,-0.0007524399,-0.0048266846,0.0192288406,0.0056127111,-0.0065967869,-0.0099356373,0.0251851603,-0.0151089550,0.0019785452,-0.0006419707,0.0073652002,-0.0063596060,0.0008060874,-0.0264813936,-0.0035492583,-0.0077675171,0.0022661919,0.0092871662,0.0126084786,-0.0201803022,0.0152751735,-0.0067958892,-0.0069378937,0.0028857398,-0.0277271422,-0.0094089547
399.0000000000,0.0128268482,-0.0191284638,-0.0178948163,-0.0117522980,-0.0140538267,-0.0324174998,0.0153560923,0.0148416704,0.0119134538,-0.0105380567,0.0198895300,0.0211231205,-0.0110117902,-0.0262311912,-0.0035906780,-0.0093286350,-0.0023582733,-0.0286434457,-0.0060116963,0.0219639307,-0.0136859307,-0.0013849687,0.0500765436,0.0108619933,-0.0117124779,0.0058541000,-0.0244760811,-0.0177148606,-0.0124497665,-0.0122131079,0.0227793824,-0.0027473070,0.0071228359,0.0228429252,0.0161778531,0.0049653058,-0.0191315780,-0.0152529660,-0.0155617069,0.0275338394,-0.0124645371,-0.0135196733,-0.0300061397,0.0093619437,-0.0410029034,-0.0265978659,-0.0023272581,0.0132246722,-0.0149666268,-0.0124255483,-0.0109842103,-0.0316828310,-0.0219754270,0.0113647730,0.0096857262,0.0011570419,0.0202822799,0.0275546699,-0.0214132212,-0.0317284009,-0.0248138330,0.0087191326,-0.0050032259
400.0000000000,0.0117492956,0.0115582826,0.0095416150,-0.0143570195,-0.0130178441,-0.0045800639,0.0139517595,-0.0010134600,0.0248238150,0.0025821797,-0.0152858007,0.0074870525,0.0167475750,0.0048741129,0.0136506919,0.0037668995,-0.0077792354,-0.0226003602,0.0160649090,-0.0044789259,-0.0092068838,-0.0061151827,0.0132183776,0.0111054568,0.0305331893,-0.0115762535,0.0018591600,0.0086280160,0.0086327049,0.0122731454,-0.0211225742,-0.0033536346,-0.0045077862,0.0094892999,0.0014203573,-0.0007841229,-0.0044854036,-0.0119249292,0.0101518328,0.0124823923,-0.0066769218,-0.0110215590,-0.0034005886,-0.0136706798,-0.0343130823,-0.0112841667,0.0202148744,0.0056669725,-0.0180888919,-0.0010793696,-0.0172449932,-0.0001512548,-0.0088910497,0.0024747625,0.0062958634,0.0044897822,0.0249173712,0.0093779252,-0.0018998009,-0.0037580455,-0.0180566624,0.0098390330,0.0111025595
401.0000000000,0.0124213466,0.0055899377,-0.0102148653,-0.0082293519,-0.0176329979,0.0109321234,0.0053858615,0.0123595674,0.0020642547,-0.0046880726,0.0075828190,0.0051516218,0.0026569063,-0.0153449360,-0.0331147292,-0.0193322018,0.0108260055,-0.0073492105,-0.0172465409,-0.0308906966,0.0067908511,-0.0063941570,0.0262549290,-0.0082446684,0.0150613028,-0.0036317331,-0.0032090359,-0.0125225390,0.0172951382,0.0037223500,0.0191005942,-0.0000714973,0.0278642561,0.0450083905,0.0069897975,0.0104746702,-0.0127525652,-0.0254453413,-0.0239240417,-0.0044140601,-0.0017563160,0.0235762666,-0.0066527720,-0.0007048265,-0.0081141262,-0.0243525988,0.0068034787,-0.0172717742,-0.0244761286,-0.0251721929,-0.0018598595,-0.0059253537,0.0080879235,0.0038484133,-0.0034430835,0.0188854205,0.0066852970,0.0200401057,-0.0073770511,0.0034209162,-0.0075921065,0.0008113699,-0.0116296451
402.0000000000,-0.0007034309,-0.0089617281,-0.0187774883,-0.0009151341,0.0065195664,-0.0128336929,-0.0004388813,-0.0085655277,-0.0115182591,-0.0008529115,-0.0003439560,-0.0059191884,0.0038659732,-0.0008727115,-0.0170081003,0.0084689405,-0.0045581497,-0.0190999508,-0.0079385993,0.0009622774,-0.0106295819,0.0096138500,-0.0010671147,0.0038100485,0.0192916312,-0.0082517815,-0.0164618918,0.0144082267,-0.0002804130,0.0113788171,0.0406502923,-0.0072200088,0.0087446404,0.0121626756,-0.0064877971,0.0186530573,-0.0281065449,0.0112903030,0.0000273706,-0.0001630183,0.0020295060,0.0221471426,-0.0005886996,-0.0101733926,-0.0047532803,-0.0210548377,0.0141130419,-0.0015906931,-0.0053936875,-0.0080538407,-0.0010535978,-0.0157586317,-0.0096021368,0.0198350200,0.0286052258,0.0155048167,-0.0119432259,0.0033967183,-0.0099618706,0.0038128886,0.0037629755,0.0062836471,-0.0056397179
403.0000000000,-0.0093017353,-0.0080675264,-0.0339176873,-0.0014386931,0.0152856342,-0.0039116511,0.0276197068,0.0003521014,0.0230471806,-0.0097546579,0.0168578131,0.0070795484,-0.0036593060,-0.0052813029,-0.0079769923,-0.0000985618,0.0129040771,-0.0339191932,0.0248280826,0.0042169169,-0.0100307825,-0.0039713124,0.0058110946,0.0208211688,0.0308969012,-0.0072001168,-0.0019000168,0.0005931892,0.0109275454,0.0150059505,0.0097304020,-0.0039407504,-0.0107429402,0.0308070295,0.0097166240,0.0206342210,-0.0256895204,0.0144772595,0.0067010940,0.0167675297,0.0014559513,0.0039318250,-0.0049773568,0.0007890025,-0.0352070467,-0.0128299534,-0.0077973316,0.0023309425,-0.0287780981,-0.0020651456,-0.0030334824,-0.0073886465,-0.0161810333,0.0098068443,0.0221580001,0.0139617894,0.0133017879,0.0110208702,0.0039227576,-0.0221148201,-0.0116878343,-0.0079041286,0.0007138521
404.0000000000,-0.0007278472,-0.0266827909,-0.0181795901,-0.0236018657,-0.0086607821,0.0078202209,0.0017105935,0.0229172356,0.0148600318,-0.0089157041,-0.0017466411,-0.0049944914,0.0022443531,-0.0142539357,0.0058215153,0.0015379841,0.0220534491,-0.0144922951,0.0063621962,-0.0108340578,-0.0236852322,-0.0059301442,0.0273868579,-0.0136995896,0.0478792354,0.0177976833,-0.0033712929,0.0158745942,-0.0106430337,-0.0008357536,0.0230737018,-0.0089567253,0.0089304479,0.0155716500,0.0115026944,-0.0061287437,-0.0043682224,-0.0104839707,0.0102745444,-0.0083217367,-0.0245703999,-0.0020170303,-0.0404252265,0.0141581330,0.0056985586,-0.0061185809,0.0109140966,-0.0005885111,-0.0142431553,0.0006555364,0.0036234129,-0.0098063597,-0.0095228330,0.0153660620,-0.0094357072,0.0129987539,0.0186635566,0.0107629544,0.0071362277,-0.0193058321,-0.0073898401,-0.0012460012,0.0012061120
405.0000000000,0.0221789013,-0.0115222440,-0.0262380206,0.0025909234,-0.0060352035,-0.0072301284,0.0071596447,0.0090706195,0.0008378900,-0.0336838601,-0.0042817972,0.0048894928,0.0153842786,-0.0204953142,-0.0047800404,-0.0155000122,0.0090839665,-0.0085797474,0.0117737772,-0.0087418638,-0.0072313819,0.0037599750,0.0043759539,0.0222085588,0.0090612255,0.0077947625,-0.0137253018,0.0134553240,0.0031951955,0.0115752266,0.0387364257,0.0007121685,0.0042837659,-0.0041122525,0.0029211047,0.0143796031,-0.0115473071,-0.0248380114,-0.0089279257,0.0446320880,0.0031121602,-0.0006637420,-0.0258850393,-0.0054993945,-0.0006763802,-0.0047491517,0.0066856918,0.0067960324,-0.0294476814,0.0003863846,-0.0045705604,-0.0207634928,-0.0220256777,-0.0137137891,-0.0002001494,0.0207865284,-0.0020996511,0.0082345946,0.0072560937,0.0020044630,0.0043652277,-0.0137094561,0.0057795222
406.0000000000,-0.0108191849,-0.0272884448,-0.0065318258,-0.0287243018,-0.0027410979,-0.0034719362,0.0189309586,-0.0032836159,0.0051426749,-0.0207453510,0.0133143266,-0.0029878043,-0.0193984263,-0.0292904483,-0.0068264690,-0.0011635778,0.0046249286,-0.0202349383,0.0152663127,-0.0162869037,-0.0119860402,0.0037909856,0.0203892179,0.0077963931,0.0286256414,-0.0244476728,-0.0339959620,0.0083549954,-0.0045166085,0.0133088329,0.0424573105,0.0183083010,0.0073030022,0.0311107917,0.0235079456,0.0150815488,-0.0189818248,-0.0183175647,-0.0087267650,0.0062920292,-0.0016003363,0.0084507144,0.0040012963,0.0132737389,-0.0188733155,-0.0092115086,0.0070671886,0.0061874701,-0.0261672831,-0.0073593854,0.0213156740,-0.0085597208,-0.0311421343,-0.0007313566,0.0068562300,0.0025609110,-0.0081065198,0.0251114281,-0.0009562847,-0.0044796390,-0.0036502276,0.0062522137,-0.0143825847
407.0000000000,-0.0087647677,0.0018281739,-0.0087521498,-0.0012882643,-0.0176664395,0.0051586680,0.0147314710,-0.0130843814,-0.0274096601,-0.0167050121,0.0090172411,0.0061696533,0.0015949011,-0.0114824188,-0.0125106893,0.0033542572,0.0002186130,-0.0069674405,-0.0104330922,-0.0041992435,0.0108490589,-0.0010424907,0.0009049233,0.0105921821,0.0169718594,-0.0210470013,0.0018980079,0.0048120025,0.0040785579,-0.0117556911,0.0261021683,0.0033617899,0.0110067050,-0.0081312364,-0.0060658221,-0.0102989114,-0.0109972431,-0.0200682669,0.0188353222,0.0020457648,-0.0008867831,-0.0199978649,-0.0268887337,-0.0144727237,0.0071282133,-0.0025241455,0.0000323477,-0.0095436951,0.0096656098,0.0175818913,-0.0067582281,-0.0114964029,-0.0040419586,0.0121385988,0.0290322772,-0.0090657452,0.0085462364,0.0116711299,0.0057544853,-0.0109858690,-0.0327735238,0.0224448961,-0.0065668198
408.0000000000,-0.0095070817,-0.0503072147,-0.0244752411,-0.0200067345,-0.0087056303,0.0226066241,0.0239294562,-0.0015359672,0.0064230540,-0.0049791816,0.0210727779,0.0016320045,0.0103268147,0.0020593431,-0.0056282327,-0.0223686158,-0.0020389927,-0.0074549247,0.0158901154,-0.0000037402,0.0087078208,0.0094455363,0.0019234667,0.0084237050,0.0341016357,-0.0119161270,0.0049330674,-0.0128853643,0.0145518895,-0.0088570815,0.0323468477,-0.0132369224,-0.0062313254,0.0031809987,0.0116575120,0.0171412841,-0.0361788578,-0.0005938485,-0.0109491247,0.0011936388,-0.0092939951,-0.0047769048,-0.0137155867,0.0090517659,-0.0042412067,-0.0382086695,0.0101733517,-0.0064463484,-0.0123941285,-0.0254227444,-0.0107754584,-0.0083020920,-0.0248491485,0.0220705280,0.0190915094,-0.0008188360,0.0037485993,-0.0090251583,0.0112423159,0.0002974301,-0.0115321983,0.0027243248,0.0006167617
409.0000000000,0.0030153195,-0.0158982549,-0.0141492693,0.0163501027,0.0031245420,-0.0213148993,0.0397892094,0.0043014968,-0.0152294952,-0.0186938175,-0.0004258088,0.0138190880,0.0074755827,-0.0091231587,-0.0016115799,-0.0229911083,0.0249729643,-0.0157414141,-0.0042741134,-0.0083712342,0.0074080730,-0.0213757093,0.0311622764,0.0038331974,0.0213333427,0.0188105390,-0.0155001538,0.0031460856,0.0167729453,-0.0132482330,0.0080908002,-0.0098955572,0.0253904629,0.0169057592,0.0031531776,0.0201317579,-0.0240210558,0.0118995808,0.0002566846,0.0103291716,-0.0169010959,-0.0039623818,-0.0246547744,-0.0112823364,-0.0329141872,-0.0129474472,0.0250165932,-0.0073751040,-0.0349640176,0.0011785912,0.0133376152,-0.0215948556,-0.0164926249,0.0108514143,0.0149885655,-0.0047525743,0.0009614979,0.0081931473,0.0058469571,-0.0220008970,-0.0081730605,-0.0086822792,-0.0165775682
410.0000000000,0.0096184880,-0.0245779963,-0.0147827314,-0.0249540197,-0.0229799159,0.0066102436,0.0146097840,-0.0013161071,0.0115073815,-0.0268742315,0.0088981836,0.0274310366,0.0036051604,-0.0087633630,-0.0019838808,-0.0224094365,-0.0019891192,-0.0083959140,0.0154227648,-0.0019060743,-0.0056532464,0.0070211021,0.0246633074,-0.0011795236,0.0172561320,-0.0094804192,-0.0319619166,0.0116941204,-0.0069602325,0.0222663022,0.0274115315,0.0111540110,0.0044778029,0.0348019029,0.0174412114,0.0352329046,-0.0223917329,-0.0492287818,0.0038099158,0.0187888442,-0.0185378336,-0.0115250022,-0.0249260625,-0.0056709862,-0.0281291907,-0.0397145284,-0.0129494221,-0.0053020523,-0.0202932166,-0.0281418213,-0.0097412525,-0.0156601912,-0.0199158257,0.0157231970,0.0032203893,0.0221870155,0.0127174243,0.0080163954,-0.0098336724,-0.0145828149,-0.0294476221,-0.0056512398,-0.0335354998
411.0000000000,-0.0100179995,0.0026762148,-0.0083642363,-0.0001708147,-0.0198003657,-0.0110244598,0.0113838934,0.0395785419,0.0043464477,-0.0241821669,0.0014394009,0.0082850599,-0.0190391912,0.0088305332,-0.0069075504,-0.0175126693,0.0235448917,-0.0119531671,0.0080668101,-0.0028823629,-0.0201279352,0.0004974924,0.0141450371,0.0168100582,-0.0025033385,0.0071129919,-0.0091378422,-0.0277163491,-0.0104978611,-0.0062388204,0.0052636895,-0.0277035806,0.0148119893,0.0394445732,0.0070153121,-0.0047675902,0.0165344488,-0.0020627021,-0.0114267793,-0.0012001825,-0.0136255924,0.0108463077,-0.0083196410,0.0006474017,0.0086670083,-0.0098353174,0.0000683482,-0.0087792894,-0.0186570415,-0.0121684395,-0.0059829209,0.0029056249,-0.0114527343,0.0182907807,-0.0006935760,-0.0023987329,0.0037319782,0.0341083540,0.0171868969,-0.0353348647,-0.0053960869,0.0137635805,-0.0026114879
412.0000000000,0.0055804655,-0.0304802791,0.0019044740,0.0081420448,-0.0096882940,-0.0014775951,0.0036311598,0.0064079607,0.0071693650,-0.0070665977,0.0203778787,-0.0105206423,-0.0047899086,0.0046609580,-0.0196196625,-0.0066533003,0.0026382428,-0.0124908131,0.0142188470,0.0082573731,-0.0184319833,-0.0144784950,0.0148101466,-0.0050653127,0.0174696062,0.0060934429,-0.0203140049,-0.0155855628,-0.0026381878,0.0384778923,0.0167408978,-0.0019086003,0.0100062228,0.0087461513,0.0297406149,-0.0014197002,-0.0139215798,-0.0140627340,-0.0085436194,0.0085623904,0.0046240598,0.0054067132,-0.0461357883,-0.0056444449,-0.0185490600,-0.0239151823,-0.0118502864,0.0056787980,-0.0150690944,0.0170338632,-0.0060981318,-0.0081289108,-0.0163407949,-0.0165560544,0.0081591866,0.0112138337,-0.0030069925,0.0026629590,0.0269138457,-0.0064535936,0.0055516921,-0.0048245688,-0.0020078746
413.0000000000,-0.0087999206,-0.0307544217,0.0131113099,-0.0055991208,-0.0032792979,0.0055973256,0.0175664731,0.0001381785,-0.0074862599,-0.0204860177,0.0120400970,-0.0015551522,0.0059715910,0.0045591292,-0.0052481361,-0.0009520277,0.0071407513,-0.0169248330,0.0296304206,-0.0025794385,0.0022401504,0.0020079534,0.0075985798,-0.0026871668,0.0186533899,-0.0111161023,-0.0035070345,0.0024909430,-0.0016733952,0.0277156910,0.0201849112,-0.0058871323,-0.0030726516,0.0157406693,0.0144918971,0.0096148284,-0.0116834132,-0.0245694580,0.0008806060,0.0080103561,-0.0188293760,0.0019673146,-0.0222946334,0.0120913064,-0.0098639999,-0.0187062549,0.0038336783,-0.0273909403,-0.0136447134,-0.0049037766,0.0111334411,-0.0392460533,-0.0088085386,0.0100960730,-0.0093803328,-0.0007363736,0.0002827450,0.0168945968,-0.0025761479,-0.0098710343,0.0004238519,0.0190317057,-0.0065753222
414.0000000000,-0.0072348546,-0.0211007192,-0.0327246572,0.0075392494,0.0170621848,-0.0075181400,0.0309938834,-0.0002797255,0.0018567904,0.0021936506,0.0134423411,0.0037923097,0.0089822125,-0.0051443341,-0.0374596441,-0.0108328565,-0.0034034232,-0.0352143779,0.0149189530,0.0176722772,-0.0059400855,0.0007355482,-0.0081632515,0.0147219257,-0.0011359590,-0.0114852711,-0.0156640109,0.0200634376,0.0197102079,0.0022549045,0.0129951146,0.0132962889,0.0258319587,0.0217065739,-0.0026241371,-0.0011925167,-0.0263121182,-0.0127315736,-0.0088806439,0.0123947543,-0.0230093555,0.0069497411,-0.0106053305,0.0177578626,-0.0107206350,-0.0216953505,0.0035034746,-0.0016137345,0.0013806020,-0.0190295021,-0.0100291548,-0.0283670961,-0.0189450623,0.0167088771,0.0047210046,0.0158903579,-0.0089181161,-0.0025721277,0.0051003393,-0.0234388435,-0.0009885599,0.0019263700,-0.0112001056
415.0000000000,-0.0089468396,-0.0008563794,-0.0051709093,0.0109041756,-0.0040151711,-0.0137350648,0.0245230113,-0.0013313260,0.0091697616,-0.0214807563,-0.0154400907,0.0071866799,0.0051188675,-0.0209441560,-0.0311666523,-0.0194241755,0.0233219352,-0.0156771142,0.0029307915,-0.0108645614,0.0018521096,0.0028814534,-0.0000975105,-0.0214223691,-0.0223361838,0.0153911543,0.0031287801,0.0053999357,0.0140065568,0.0043128594,0.0289985013,0.0035987771,0.0013679473,-0.0032215261,0.0212003148,0.0274531235,0.0078740524,-0.0275816124,-0.0199110541,0.0141744921,0.0081597095,0.0032065327,-0.0063233011,0.0182914910,-0.0091242073,-0.0024301021,0.0058663314,0.0090790491,-0.0176512554,0.0058419350,-0.0162563645,0.0172590969,-0.0349315086,-0.0014305861,-0.0027827311,-0.0135112483,0.0086819320,0.0127105529,-0.0073546673,-0.0097480175,-0.0140515578,0.0144226665,-0.0000751814
416.0000000000,0.0028671190,-0.0042425326,-0.0199373665,-0.0303673536,-0.0095757319,-0.0020702387,0.0041180928,0.0168222006,0.0159055465,-0.0187781655,0.0061225666,-0.0014655328,0.0244873479,-0.0032797453,-0.0035114081,-0.0133397855,0.0028744111,-0.0086855057,0.0006803127,-0.0066193098,-0.0077972838,0.0009065552,0.0208877726,0.0166751698,0.0088296936,0.0119857397,0.0185625190,-0.0015671715,-0.0182233022,0.0034382879,0.0259286128,0.0051979505,-0.0026345915,0.0269813987,0.0176234899,0.0239739933,-0.0147556988,-0.0286040759,-0.0055076310,-0.0009459751,-0.0056261287,0.0264351424,-0.0205934536,0.0046074569,-0.0180556951,-0.0186002736,-0.0061226943,-0.0047702384,-0.0115444672,-0.0011045208,0.0089403246,-0.0362321497,0.0024219923,-0.0031451403,0.0135546646,-0.0046812356,0.0085592026,0.0276475048,-0.0165856634,-0.0029614044,-0.0133259406,-0.0040005068,-0.0339180553
417.0000000000,-0.0027983913,0.0032399262,0.0000443178,-0.0228478895,0.0168309625,0.0049667692,0.0195408429,0.0170143406,-0.0045929389,-0.0016028066,-0.0047019216,0.0093707576,-0.0049323144,-0.0078019277,-0.0246473676,-0.0208300384,0.0004133868,-0.0088441521,0.0213379637,0.0104033958,-0.0085255695,0.0029962323,0.0023470288,0.0130276103,-0.0106705909,0.0016630771,-0.0043111462,0.0037707611,-0.0113835594,0.0137351562,0.0239763378,-0.0002292112,0.0060139623,0.0036912399,0.0230704492,0.0136801577,-0.0244228252,-0.0244969632,0.0088418774,0.0043740599,-0.0019872508,0.0190960530,-0.0197669165,0.0064997979,-0.0446878690,-0.0410212723,0.0053071464,-0.0018782055,-0.0186653125,-0.0057782844,-0.0037872297,-0.0138254849,-0.0230162065,0.0114046215,0.0161099076,0.0137259476,-0.0010123322,0.0110959991,-0.0133417028,-0.0177226602,-0.0187618343,-0.0070034445,-0.0142953763
418.0000000000,-0.0039624425,-0.0012266814,-0.0132890989,-0.0113252405,-0.0130446370,-0.0053589097,0.0144190897,0.0095659287,0.0089576083,-0.0150867107,0.0054918996,0.0067976079,-0.0074687456,0.0025255944,-0.0208339134,0.0130417165,-0.0062483667,-0.0134330191,0.0121927358,-0.0057179501,-0.0000577579,-0.0016347609,0.0318287114,-0.0191014193,-0.0002805903,-0.0044434950,0.0046880238,0.0197652377,-0.0059472219,0.0200451406,0.0132366390,-0.0117685269,0.0160116431,0.0208981176,-0.0082912617,-0.0116106522,-0.0162436467,-0.0316496951,-0.0157394205,0.0104654151,0.0108738312,0.0075669354,-0.0019266377,0.0221922181,-0.0093755386,0.0053179278,0.0101476349,0.0095284453,-0.0049256914,-0.0154081135,0.0077582470,-0.0065049358,-0.0229475410,0.0069544008,-0.0102888638,-0.0084679066,-0.0067906817,0.0124663045,0.0060769753,-0.0198092582,0.0072442221,0.0092253356,-0.0164620541
419.0000000000,0.0056491625,-0.0144513677,-0.0100005419,-0.0007517838,-0.0159322058,-0.0101230578,0.0179429188,0.0205198458,-0.0004818919,-0.0100972729,-0.0221484139,0.0125148136,0.0088708264,-0.0188364235,-0.0003313937,-0.0149035338,0.0239677217,-0.0284061867,0.0073433414,0.0013205773,0.0077548321,0.0191108132,0.0205488130,0.0071050045,0.0015245131,0.0193259284,0.0072313354,0.0028418709,-0.0204457689,0.0078600461,0.0364079332,-0.0102381368,0.0059449421,0.0107760907,0.0197183890,0.0285344124,0.0025382063,-0.0265797283,-0.0156520429,0.0296417758,0.0038195370,0.0058317606,-0.0157619607,-0.0136090812,-0.0142265791,-0.0241610331,0.0064267699,0.0158245762,-0.0345555329,-0.0090774709,0.0021454811,-0.0182468569,-0.0101115853,0.0170032788,0.0087397838,0.0022133955,0.0002322255,-0.0049590566,-0.0108944162,-0.0009292583,-0.0101028665,-0.0092707128,0.0179145936
420.0000000000,0.0112364638,0.0111623025,-0.0153310807,-0.0232260613,-0.0050281669,-0.0108275520,0.0196455070,0.0040449111,-0.0050589018,0.0154868632,0.0037819571,-0.0085185716,0.0120531577,-0.0071236347,0.0040386465,0.0207253388,0.0047286143,0.0018382492,0.0095072736,0.0137271278,-0.0049995447,0.0041142490,0.0119721606,-0.0001242546,-0.0045260920,-0.0169424075,-0.0182778731,0.0087705638,-0.0198642584,-0.0025521222,0.0297761920,0.0083879677,-0.0008199009,0.0236777644,0.0362195796,0.0205870657,-0.0145145779,-0.0223373489,0.0004347520,-0.0006233464,-0.0153305043,0.0008593367,-0.0098004017,0.0017225084,-0.0073976764,-0.0062617643,-0.0046810972,-0.0067696168,-0.0224400315,0.0036057532,-0.0050752831,-0.0116229322,-0.0346750392,-0.0000164809,0.0121532910,0.0227371567,-0.0083775315,-0.0112376929,0.0028469485,-0.0015231395,0.0049614323,-0.0003165091,-0.0019449230
421.0000000000,-0.0195363713,-0.0005645803,-0.0419236630,0.0008323445,-0.0143981835,0.0028616713,0.0238059349,0.0182597039,0.0183006272,-0.0158139710,-0.0001425220,-0.0055947465,0.0002774947,-0.0260285251,-0.0074593946,-0.0188340199,0.0051409384,-0.0240569021,0.0306692821,0.0101451501,0.0102506437,0.0021123752,0.0221401712,0.0003808671,0.0224582375,-0.0049955706,0.0054362340,0.0047199205,-0.0134911009,0.0004563233,0.0279366401,0.0146794842,-0.0165424189,0.0289113418,0.0264549364,0.0096002889,-0.0366896208,-0.0082491922,-0.0274672130,-0.0050208316,-0.0254927447,-0.0064175906,-0.0266594152,0.0118597528,-0.0163390376,-0.0336100549,-0.0204724611,-0.0037443221,-0.0219425532,0.0129446224,-0.0144175018,0.0001176917,-0.0173155740,0.0313189838,0.0081661642,0.0200716817,-0.0113576529,0.0051998268,0.0106684229,0.0028271472,-0.0047906594,0.0039133620,0.0007453045
422.0000000000,0.0044418933,-0.0056344455,-0.0351086822,-0.0267074805,-0.0014766116,-0.0022852418,0.0053466567,0.0087331015,-0.0021516779,-0.0082256149,0.0051033090,-0.0097457363,-0.0058803391,-0.0031055111,-0.0163438748,-0.0077391259,-0.0001788548,-0.0066360588,0.0215322443,0.0130877211,-0.0086563270,0.0021978521,-0.0040837302,-0.0085693869,0.0008794427,-0.0026019391,-0.0151723618,0.0035492814,0.0070462742,0.0230067960,0.0270227879,0.0237131080,-0.0132627286,0.0122970124,0.0000028510,0.0023005667,-0.0197046925,0.0084830134,0.0023588441,0.0075830838,-0.0141867010,0.0074204807,-0.0034156322,-0.0011959969,-0.0141533044,-0.0152459120,-0.0172030600,-0.0028293956,-0.0163920237,-0.0006241316,0.0081980074,0.0224815790,0.0025473893,0.0178876046,0.0126605743,0.0068034214,0.0053710151,0.0236644842,-0.0064462356,0.0004474362,0.0022685652,-0.0137156427,-0.0039461044
423.0000000000,-0.0169482522,-0.0095938776,0.0030877880,-0.0091491103,-0.0071881176,0.0014596676,0.0277653441,0.0110943765,0.0276547529,0.0101416370,0.0158551485,0.0281883182,0.0093480943,-0.0026546762,-0.0346003074,-0.0143492379,0.0008817966,-0.0237191817,-0.0066986032,0.0013281970,0.0025607334,0.0118095499,0.0475587879,-0.0166903961,0.0081869006,0.0024237340,-0.0009950387,0.0097112963,-0.0118638181,0.0088548669,0.0218600819,-0.0097496542,0.0191226731,0.0116062494,-0.0086860872,0.0053393563,-0.0066286372,-0.0150411285,-0.0344673759,0.0213776334,-0.0070508355,0.0043314795,-0.0132619005,0.0142158168,-0.0039448243,-0.0154276524,0.0022190546,0.0156425406,0.0049983112,-0.0060923434,-0.0062078114,-0.0153183298,-0.0109210464,-0.0000203296,0.0196015461,0.0194695959,0.0020928462,0.0251722690,-0.0015039468,0.0120572592,-0.0070010912,-0.0159810835,0.0119257373
424.0000000000,-0.0069554094,-0.0084572549,-0.0023446227,0.0077393207,-0.0254189976,-0.0147311168,0.0120312563,-0.0134420835,0.0010129191,0.0039412990,0.0102651453,0.0052593087,-0.0076494347,-0.0010432637,0.0179471765,-0.0041420102,0.0028224370,0.0199132495,0.0009960417,-0.0133261926,-0.0038716472,-0.0052378706,0.0285854123,0.0129963010,0.0083375454,-0.0081051345,-0.0221407364,-0.0040839577,0.0039813168,0.0105951954,0.0406465829,0.0055662611,-0.0205747232,0.0143702426,-0.0076569361,0.0027932898,-0.0043703318,-0.0114139570,0.0002911548,0.0076918908,-0.0181831007,0.0094086958,-0.0051935743,-0.0030844133,-0.0014573794,-0.0175628256,0.0028517914,0.0042229449,-0.0340416409,-0.0039646641,-0.0157268487,-0.0225293052,-0.0009296390,-0.0030690216,-0.0020361331,0.0129810512,0.0041618934,0.0141783161,0.0005614457,-0.0018226096,-0.0139292455,-0.0075998578,-0.0063938987
425.0000000000,0.0119051544,-0.0194262696,-0.0131337845,-0.0199210114,-0.0103257901,-0.0144542386,0.0177065286,0.0019714057,0.0019479364,-0.0083750131,-0.0259752091,-0.0108569365,-0.0129825115,-0.0221348060,-0.0093750113,-0.0202840245,-0.0015904261,-0.0205031942,0.0004832236,0.0007134250,-0.0162596989,-0.0033927957,0.0430268839,0.0198911434,0.0209691399,-0.0043440875,-0.0095278520,0.0033591375,-0.0207333658,-0.0045902738,0.0015904099,0.0271298150,0.0146816778,0.0444270065,-0.0055803689,0.0286904838,-0.0117895327,-0.0230460877,0.0050215660,-0.0039361156,-0.0263814831,-0.0025164317,-0.0388097033,0.0229076606,-0.0120477000,-0.0143109687,-0.0105855722,0.0088533727,-0.0215450947,-0.0137008795,-0.0175028623,-0.0180277921,-0.0276372207,0.0345061961,0.0198072405,0.0034851771,0.0123530201,0.0286717915,0.0162990385,0.0002836400,-0.0061890078,0.0226510132,-0.0187003875
426.0000000000,-0.0060233137,-0.0150257028,-0.0260486391,-0.0069889918,0.0117492931,-0.0065190255,-0.0018128303,-0.0089701165,-0.0063998160,-0.0162670253,-0.0056820280,0.0105340286,0.0277278360,-0.0133317627,-0.0224075180,-0.0041424201,-0.0005648618,0.0051309381,0.0067164333,0.0112919042,-0.0068295106,-0.0098457498,0.0185032175,0.0008546867,0.0161328569,-0.0004029083,0.0030656282,0.0099935299,-0.0058508387,0.0086728522,0.0024619709,0.0011327151,-0.0022091640,-0.0089184806,-0.0000563845,0.0013985027,-0.0153046504,-0.0219647508,0.0036847386,0.0022680946,-0.0007145199,0.0121811899,0.0067604303,0.0174880441,-0.0204834326,-0.0263762084,-0.0116114786,-0.0093402356,0.0105964575,-0.0111434544,-0.0039240644,-0.0069287141,0.0089272562,0.0052087175,0.0091464142,0.0194138994,0.0027041544,-0.0050105868,-0.0140437388,0.0036614248,0.0090285519,-0.0011997084,0.0095229265
427.0000000000,0.0011791471,0.0009228506,-0.0173015161,-0.0024189754,-0.0158172225,-0.0106458983,0.0046109650,0.0205312868,0.0116697386,0.0019429708,0.0155701153,0.0099967618,-0.0130148288,-0.0125130769,-0.0176513046,-0.0059171374,0.0138748355,-0.0189688360,0.0123254008,-0.0057542487,-0.0196887356,0.0330702010,0.0170432011,-0.0156258192,0.0040650541,-0.0071193971,0.0123970937,0.0058347505,0.0053186280,0.0279144581,0.0145337949,0.0000099771,-0.0101522947,0.0299202903,0.0045637277,0.0168433366,0.0111271710,-0.0283931618,0.0093406019,0.0034596190,-0.0153131424,-0.0092547927,-0.0250082086,-0.0112448472,-0.0136085640,-0.0238844178,-0.0094212812,-0.0102377795,0.0053497228,-0.0058063779,-0.0141718047,0.0022172144,0.0079647362,0.0138871903,-0.0105185231,0.0059720321,-0.0013136276,0.0091905167,-0.0187022627,-0.0186378869,-0.0007881098,-0.0041692081,0.0008761698
428.0000000000,0.0073647158,0.0008415927,-0.0104100989,-0.0137462215,-0.0050861768,0.0082618038,0.0225613308,-0.0013908692,0.0014874008,-0.0082935929,-0.0083320697,0.0045090518,0.0219693533,-0.0077992199,-0.0265991565,-0.0111208858,0.0380318737,-0.0298236694,0.0014772189,0.0070383350,-0.0177485164,0.0020311645,0.0254296814,0.0056563446,-0.0049588793,-0.0015852768,-0.0127632171,0.0139149586,-0.0033382338,0.0011766952,0.0177788669,-0.0074234089,0.0014872909,0.0168357929,0.0048122281,0.0346297710,0.0042891282,-0.0077348866,0.0118345524,0.0056905714,0.0064355811,0.0192063783,-0.0141281922,-0.0029896218,-0.0285329939,-0.0058534960,0.0013990348,0.0138931866,0.0084320214,0.0088068515,0.0044312658,-0.0120832639,-0.0301860308,0.0003076952,0.0111334522,0.0032795386,-0.0101744642,-0.0075845240,0.0090867213,-0.0116596649,-0.0218933959,-0.0126253539,-0.0142618498
429.0000000000,-0.0122736482,-0.0225591576,-0.0235271843,-0.0016181401,0.0082591020,0.0157863808,0.0295715071,0.0209123007,0.0037995452,-0.0345342064,0.0086904403,0.0092583778,-0.0020058108,-0.0105109249,-0.0150180219,-0.0291633308,0.0134679178,-0.0301039290,0.0079376274,0.0185540397,-0.0130102860,0.0067532250,0.0232996390,-0.0267837965,0.0117638808,-0.0026801955,-0.0113875164,-0.0017906975,0.0003154709,-0.0014546863,0.0175493265,-0.0056125520,0.0121914820,0.0078114594,-0.0069488273,0.0210416471,-0.0205049168,-0.0141650802,0.0024730221,0.0211710314,0.0043804339,-0.0091499394,-0.0084462787,-0.0018589495,-0.0160547578,-0.0286999025,-0.0024653009,0.0048948322,-0.0061260171,-0.0057943819,-0.0036155272,-0.0048187315,-0.0265326380,0.0094623094,0.0066001683,0.0045343398,-0.0111092467,0.0112257359,-0.0215704577,-0.0010225336,0.0043547545,0.0061370251,-0.0290971008
430.0000000000,-0.0129172983,-0.0040832161,0.0062629977,-0.0070545164,-0.0189997745,-0.0000622005,0.0416450070,-0.0018680384,0.0094379937,-0.0086082634,-0.0064740986,0.0109393269,-0.0032871735,-0.0279455011,-0.0116589750,-0.0068650309,0.0282095707,-0.0176564157,-0.0034736249,-0.0144930175,-0.0158784808,-0.0209026135,0.0258701634,0.0137305912,0.0187826704,-0.0092964928,-0.0135573773,0.0082336532,0.0205281349,0.0057408652,0.0187469915,0.0302193164,0.0233629441,0.0258455881,0.0159879755,0.0119586734,-0.0052204102,-0.0000527030,0.0134410886,0.0020656652,-0.0063426138,-0.0086964424,-0.0167783362,-0.0000573806,-0.0242137524,-0.0215442395,-0.0084565263,0.0004824140,-0.0063223526,0.0275390674,-0.0031550170,-0.0002225805,0.0220653108,0.0200858521,0.0248322552,0.0049758380,-0.0061745401,0.0165672852,0.0042999558,-0.0059867154,-0.0050461083,-0.0154529228,-0.0094475892
431.0000000000,0.0026956956,-0.0189336298,-0.0007403692,0.0054116291,-0.0136228864,0.0041854575,0.0289577797,-0.0221428868,-0.0018904996,-0.0092361152,0.0212048634,0.0034785687,-0.0103216067,0.0041321944,0.0215988353,-0.0026454061,0.0280609726,-0.0231143889,-0.0002067374,0.0019904765,0.0069943171,0.0067077164,0.0082157717,0.0264533066,0.0009763712,0.0060868672,-0.0071038823,0.0051270939,0.0150619929,-0.0026228774,0.0291256602,0.0128755488,-0.0077759267,0.0169495208,0.0208556474,-0.0150514293,-0.0213352204,-0.0227825244,-0.0061875398,0.0087442466,-0.0016277032,0.0023076197,-0.0177234816,0.0070029289,-0.0046351468,-0.0243219295,-0.0082526278,0.0259864803,-0.0184805597,0.0028842034,-0.0051519994,-0.0285710427,0.0054499921,0.0045261970,-0.0132789509,0.0078066732,-0.0163693198,0.0137013997,0.0007035569,-0.0096139964,-0.0052682574,-0.0071693363,0.0045250989
432.0000000000,-0.0105579511,-0.0177310221,-0.0094926953,-0.0065999985,0.0023615582,0.0008019308,0.0131537397,-0.0123929468,0.0163143502,0.0017439897,0.0100034805,0.0359712705,0.0046956788,0.0048636859,-0.0338719345,-0.0406438869,-0.0204237130,-0.0359951426,-0.0122499024,-0.0229144811,-0.0079468583,-0.0023873908,0.0162327398,0.0173334930,0.0116696110,-0.0060151260,0.0014613110,0.0022643720,0.0077786017,0.0122669925,0.0218567246,0.0153882534,0.0060399046,0.0469941108,0.0012195289,0.0100922834,-0.0291034935,-0.0223393463,-0.0261907552,0.0221962515,-0.0038523452,0.0079610384,-0.0321326330,0.0092871537,-0.0319225511,-0.0314551882,0.0270577243,-0.0013046797,-0.0118010068,-0.0142780149,-0.0138618791,-0.0320841043,-0.0083868794,0.0062552661,0.0178027450,0.0141525410,0.0095640783,0.0087450784,-0.0148210040,-0.0055086304,-0.0049697407,-0.0129451672,-0.0170126813
433.0000000000,-0.0116914130,-0.0062217173,0.0072500297,0.0031130724,-0.0134218762,-0.0102370769,0.0025922093,-0.0047578213,0.0281807540,-0.0144453989,0.0165396543,0.0082156100,0.0002606820,0.0040172829,0.0083238392,-0.0083657000,0.0235273916,-0.0177363969,-0.0080648702,-0.0019300136,0.0046250237,0.0083531052,-0.0214450626,0.0061434293,0.0019890020,0.0015484744,-0.0182982644,0.0060816436,0.0268802460,0.0059338860,0.0206797537,-0.0168165220,0.0031145297,0.0109585023,0.0165263473,-0.0026760406,-0.0108794889,-0.0108558726,-0.0084164540,-0.0126639056,0.0092920279,0.0161905081,-0.0037476823,0.0118693646,-0.0169154700,-0.0098906129,-0.0084740907,0.0186072954,-0.0219110408,-0.0069743468,0.0024782543,-0.0145473790,-0.0079013965,-0.0068307749,0.0180189000,-0.0014627862,0.0236950847,0.0075669874,-0.0401874524,-0.0032151753,-0.0207744847,-0.0147476383,-0.0027435600
434.0000000000,-0.0101988444,0.0042227936,0.0001264931,-0.0205445421,0.0065355505,0.0025899505,-0.0068614239,-0.0001846714,-0.0015813074,0.0023626518,0.0011592587,0.0060998532,0.0045941267,-0.0139057797,-0.0010790475,-0.0140599411,0.0105526253,-0.0039292285,0.0120565309,0.0065866799,0.0101877086,-0.0131598833,0.0048693581,0.0300481470,0.0081115246,-0.0048865254,0.0080401282,-0.0041194378,0.0225004570,0.0046171407,0.0182566584,-0.0055525217,0.0092456762,0.0237661895,0.0252933061,-0.0070334415,0.0067887789,-0.0143258722,-0.0145494120,-0.0024410979,-0.0117097836,-0.0072733882,-0.0009049103,0.0035088733,-0.0069730204,0.0052558919,0.0028622116,0.0080159011,-0.0113020798,0.0046226249,-0.0028109186,0.0244864772,-0.0108677032,-0.0019515785,0.0027267399,0.0001063996,-0.0184729002,0.0210007441,-0.0025201697,-0.0007559585,0.0103944593,-0.0090842124,0.0184877143
435.0000000000,-0.0041290655,0.0095235628,-0.0028340088,-0.0239142247,-0.0047140259,-0.0150929389,0.0242774715,0.0080563679,0.0039379713,-0.0075904490,-0.0000440310,0.0057437401,0.0010880566,-0.0109236987,-0.0142380000,-0.0067088074,0.0099112455,-0.0118281110,0.0037513434,-0.0212876925,-0.0050915166,0.0037473487,0.0088440318,0.0077734528,0.0143034968,0.0061526995,-0.0181522795,0.0261288486,-0.0180122196,0.0145227144,0.0076648322,-0.0055098294,0.0196742959,0.0378543286,0.0043139767,-0.0008715819,-0.0344267186,-0.0102695018,-0.0013577543,0.0202216932,-0.0170922877,-0.0165041210,-0.0365315327,0.0128436669,-0.0185252902,-0.0066742768,-0.0119262461,0.0001942973,-0.0105725726,0.0001332151,-0.0035186132,-0.0123675870,-0.0202322591,0.0122072200,0.0002817750,0.0045784155,-0.0014208881,0.0201936153,-0.0118016443,-0.0075731353,-0.0111114781,0.0023933691,-0.0074591764
436.0000000000,-0.0021620134,-0.0172940501,-0.0122606689,0.0144305588,0.0122130212,-0.0048376163,0.0183229487,0.0032846611,-0.0088734229,-0.0073285384,0.0189992258,0.0118257025,0.0047473504,0.0052411093,-0.0026602136,-0.0153867641,0.0035328008,-0.0165678846,0.0029471217,0.0157284554,-0.0074854537,-0.0175528621,0.0029697411,-0.0027138177,0.0151235227,-0.0273938505,0.0085819737,0.0027681506,0.0023929126,0.0117036623,0.0118670967,0.0068093377,-0.0033057463,-0.0068342474,-0.0042008914,0.0236201704,-0.0286094173,0.0047918768,0.0168086947,0.0022500172,-0.0076377791,0.0028327107,0.0015836761,-0.0141044400,-0.0188504961,-0.0219975828,-0.0080778122,0.0142183492,-0.0095146858,0.0126085607,0.0123567396,-0.0186238526,-0.0019382965,-0.0037827305,-0.0034037113,0.0212572209,-0.0123571808,0.0091820508,0.0175058319,0.0072293173,-0.0136498472,-0.0033868470,-0.0161144162
437.0000000000,0.0042653994,-0.0134878073,-0.0147729604,0.0102615655,0.0032430528,-0.0136583397,0.0036787394,0.0265193621,0.0097703642,0.0016561978,0.0231909269,0.0150054344,0.0070246382,0.0041763834,0.0165885892,-0.0047910260,0.0171076455,-0.0400330086,0.0030420985,0.0083503618,-0.0101003864,-0.0194064985,0.0013215025,0.0127311227,0.0069055316,0.0043827343,0.0006826743,-0.0078857398,0.0144956595,-0.0005918897,0.0146904409,0.0086117682,0.0047825923,0.0260615118,0.0089447881,0.0121342415,0.0043906513,-0.0053688753,-0.0002613648,0.0124127368,-0.0022734928,0.0082367021,0.0183430696,-0.0045499610,-0.0167714795,0.0057045689,0.0030954521,-0.0104004515,-0.0234158234,-0.0021158018,-0.0070356112,-0.0064297331,-0.0176929708,-0.0123414819,-0.0122298472,0.0053746502,-0.0061194840,0.0210352482,0.0046716241,-0.0104226466,-0.0035154120,-0.0196406369,-0.0103737400
438.0000000000,0.0014443693,-0.0270263912,0.0033122074,-0.0102770697,-0.0137987889,-0.0069351824,0.0211239705,0.0176789150,0.0081039138,-0.0247884708,0.0196662041,0.0021518443,0.0009908612,-0.0440105789,-0.0152852788,-0.0093263371,0.0015036661,-0.0171633616,0.0081301402,0.0031777699,0.0058105490,-0.0059587864,0.0111433668,0.0018533771,0.0146323696,-0.0018746540,-0.0180285636,0.0035186901,0.0011600822,0.0131382455,0.0242755236,-0.0047614246,0.0229932933,0.0221503513,0.0048005126,-0.0024617353,-0.0292894910,0.0058357407,-0.0110272570,-0.0053800568,-0.0142636714,0.0267187190,-0.0254100997,0.0006523020,-0.0156367167,-0.0143533938,0.0077613461,0.0211842519,-0.0002651075,-0.0117334223,-0.0321982020,-0.0214540271,-0.0171167917,0.0051268641,-0.0126551057,0.0000876461,0.0142541430,0.0173228137,-0.0031022015,-0.0012396489,-0.0101555194,-0.0112505827,-0.0000439401
439.0000000000,0.0084791083,-0.0131356275,0.0047428024,-0.0079377255,-0.0100246800,0.0134599023,0.0448230060,-0.0123379306,-0.0048062704,-0.0041010098,0.0130210106,0.0057905336,-0.0066408977,-0.0051580107,-0.0107759144,-0.0221124793,0.0126258548,-0.0173993750,-0.0028710675,0.0121844252,-0.0075493127,0.0018382934,0.0083307443,0.0170587039,-0.0016607022,-0.0163807089,-0.0069826135,-0.0036493088,-0.0000857432,-0.0098582758,0.0321058488,0.0162574454,-0.0071659388,0.0111360139,0.0120807869,0.0143291487,-0.0184400563,-0.0393122493,-0.0145403637,-0.0066595334,0.0141368864,0.0132786951,-0.0175754450,0.0034314900,-0.0225116674,-0.0127375368,0.0067139957,0.0155457045,-0.0110544710,-0.0046450329,-0.0222922502,-0.0113197864,-0.0336239589,0.0128982531,0.0169503830,-0.0003358906,0.0229029480,-0.0089647253,-0.0243880398,-0.0084862193,0.0030975337,0.0087342094,-0.0045593793
440.0000000000,0.0322791974,-0.0196716065,-0.0365275894,-0.0097600264,0.0031401024,-0.0025073569,0.0220942771,0.0151381106,0.0006771309,-0.0055588448,0.0098460934,0.0246194368,0.0042528167,-0.0052707722,-0.0094105813,0.0091536319,0.0034925908,-0.0206784192,0.0028487388,-0.0024225430,-0.0000921451,0.0052299141,0.0273169715,0.0101930825,0.0067925495,-0.0282123072,-0.0170969804,0.0008706246,0.0044328866,0.0020594646,0.0014203387,0.0074077784,-0.0061982727,-0.0013333472,-0.0183749026,-0.0009470833,-0.0146336916,-0.0144516585,-0.0102164129,0.0123482249,-0.0201195612,0.0056798930,-0.0063497500,0.0034530401,0.0028935660,-0.0217311374,-0.0135540131,0.0106001297,-0.0050601700,0.0067855148,-0.0104238129,-0.0321723986,-0.0303330279,-0.0055066221,0.0246506880,0.0252318181,0.0080683484,0.0130843788,-0.0228354118,0.0100822718,-0.0339552460,-0.0062575592,-0.0190901278
441.0000000000,-0.0054110095,-0.0285089230,-0.0087966929,0.0109278020,0.0025066471,-0.0164629567,0.0101742511,-0.0021379172,0.0084955089,-0.0082266945,0.0107261897,-0.0021765421,0.0093181972,0.0089113840,-0.0123536948,0.0191475299,0.0044774655,0.0010302610,0.0028611112,-0.0224404675,0.0031719876,-0.0152370294,0.0125803794,-0.0017518079,0.0143603662,0.0013301785,-0.0088346756,-0.0067654884,0.0168783516,-0.0094434315,0.0154641348,0.0050999311,0.0016692604,0.0257134583,-0.0012835319,-0.0049814435,0.0007947757,0.0005681023,-0.0015051056,0.0205563432,0.0102450456,0.0041986764,-0.0155779321,-0.0005545913,-0.0277340216,-0.0218554000,0.0043941479,0.0260125904,0.0006394311,0.0022836134,-0.0080932276,-0.0020687161,-0.0064443622,0.0188034024,0.0104612886,0.0267802915,0.0088254892,-0.0000274321,0.0006897389,-0.0021920157,-0.0130915741,-0.0007584286,-0.0099230661
442.0000000000,-0.0125205368,-0.0252348103,-0.0298265543,0.0174903051,-0.0034379818,-0.0271852089,0.0284900622,0.0099983963,0.0043609423,-0.0039507021,-0.0009327104,0.0047883054,-0.0103661714,-0.0095216934,-0.0335789006,-0.0175933111,-0.0192583119,-0.0167471316,0.0131742084,0.0060476160,-0.0166062708,0.0004578140,0.0393340764,0.0118787186,0.0306279647,0.0332720182,-0.0108822830,0.0368525078,0.0000872608,0.0276968441,0.0052162664,-0.0044839116,0.0069641845,0.0157295649,0.0236360871,0.0205021134,0.0060584576,-0.0148913071,0.0031798685,0.0166841546,-0.0052948699,0.0062350013,-0.0263811932,0.0037638824,-0.0284929284,-0.0182785513,0.0011369900,-0.0048041750,-0.0356179807,0.0019178768,-0.0241710765,-0.0040685428,0.0045133370,0.0190831381,0.0246905778,0.0139352858,-0.0037912486,0.0182620378,0.0110570879,0.0207125303,-0.0176956936,0.0048217801,0.0004834252
443.0000000000,-0.0037540993,0.0098775088,0.0062106082,0.0097164702,-0.0166301408,0.0222177908,0.0071402338,-0.0083595738,0.0074943439,0.0012692941,0.0196669928,0.0161891515,0.0138632576,-0.0072255812,0.0112137023,-0.0275071416,0.0009099120,-0.0437287574,0.0324344668,-0.0009470314,-0.0120430964,-0.0040130917,-0.0140158476,0.0140492396,0.0083230009,0.0068149905,0.0130953424,0.0250473279,0.0000046650,-0.0016344855,0.0202911497,0.0157586175,0.0056439440,0.0174598461,0.0069908192,-0.0020324124,-0.0079945093,-0.0115463312,0.0011733979,0.0022980021,-0.0069253972,0.0049732446,-0.0155445197,0.0286861519,-0.0271136777,-0.0106784308,-0.0097509112,0.0070788405,-0.0303944012,-0.0038402973,-0.0166782778,-0.0063115253,-0.0125149485,0.0323180959,-0.0076344828,0.0079068207,-0.0034962259,0.0181879076,0.0000769416,-0.0140440334,-0.0114625324,-0.0116111139,-0.0059156659
444.0000000000,-0.0131888367,-0.0105942762,-0.0106774338,-0.0045389526,0.0000366406,-0.0241528226,0.0092292369,0.0343917865,0.0016778189,-0.0277834390,-0.0097183486,-0.0095762677,-0.0127347803,0.0056220157,-0.0105474780,-0.0114835101,-0.0095139314,-0.0061462108,0.0174007085,0.0160818167,0.0067687437,0.0037658023,0.0523753867,0.0001734108,0.0132203366,0.0078000979,-0.0107193952,0.0061854776,-0.0026976368,-0.0022275714,0.0269917626,0.0121781209,0.0145198136,0.0122528347,0.0181779264,0.0257051189,-0.0082083913,-0.0103401721,0.0078798104,-0.0243550839,-0.0026615182,-0.0027478464,-0.0094375262,0.0044424344,-0.0129597632,-0.0103805702,-0.0085158419,0.0137085141,-0.0131919337,-0.0201866549,0.0012784660,-0.0231864783,-0.0007551263,-0.0017970239,0.0122910525,0.0236425328,-0.0037124327,-0.0144114517,0.0015183498,-0.0273654352,-0.0030846192,0.0091052418,-0.0013114930
445.0000000000,0.0188280522,-0.0046598435,-0.0211547669,0.0013788326,-0.0071158908,0.0010321411,0.0088879896,-0.0001018238,-0.0037096934,-0.0243740382,-0.0062389274,-0.0029538135,-0.0092935984,-0.0148824534,-0.0377388501,-0.0407239433,0.0342352690,-0.0267001843,0.0029828760,-0.0054626173,-0.0452174778,-0.0000590424,0.0172181150,-0.0041491074,0.0268022083,-0.0123344504,-0.0110079976,-0.0014339715,-0.0121028346,0.0149128879,0.0299207848,0.0195816403,0.0063509587,-0.0018719988,0.0367983245,-0.0086091708,-0.0196433195,-0.0393399500,-0.0197027462,0.0228259984,-0.0145037191,-0.0129182320,-0.0152966755,-0.0155033263,-0.0225754138,-0.0435545155,0.0202950657,0.0070366352,-0.0048780038,0.0123389126,-0.0370300381,-0.0159118298,-0.0079984285,0.0096008127,0.0247057082,-0.0153234956,-0.0015705584,-0.0117091547,-0.0138822448,-0.0209955165,-0.0298236156,-0.0089657148,-0.0173057748
446.0000000000,0.0125494139,-0.0076066149,-0.0011867746,-0.0064838269,-0.0065993052,0.0127643298,0.0139435939,-0.0070633394,0.0122412499,-0.0005758042,0.0078304485,-0.0232926353,0.0221109202,-0.0004188719,-0.0222717519,-0.0043433531,0.0154949008,-0.0143454668,0.0033095399,-0.0074413281,-0.0017601912,0.0063318055,0.0030292581,0.0101399035,0.0156190584,-0.0129046617,-0.0054049659,0.0111100089,0.0085758638,0.0132442811,-0.0045774632,0.0035705292,0.0093234761,0.0131022016,-0.0080537828,0.0071109580,0.0095315706,0.0074733225,0.0032149809,-0.0256731161,0.0003505576,0.0113857812,-0.0049420216,0.0112346379,0.0088261847,-0.0188039467,0.0032265583,0.0067087056,-0.0031974875,-0.0093350076,0.0013717248,-0.0084130884,0.0031437220,-0.0044338504,0.0174974322,0.0381477345,0.0029091403,0.0145791743,0.0016249125,-0.0001186792,-0.0155521617,-0.0022388002,-0.0273075308
447.0000000000,-0.0082822572,-0.0191881558,-0.0050819290,0.0102885106,-0.0033846934,-0.0068011205,0.0297135875,0.0005472943,0.0096959459,0.0056570540,0.0180616909,0.0269966470,0.0006030011,-0.0104765048,-0.0131501877,0.0116028385,0.0203148905,-0.0099838327,0.0182490349,0.0066649104,-0.0028507585,0.0079126759,-0.0106161047,0.0033920860,0.0077267420,-0.0117504297,-0.0061947657,0.0058680107,-0.0220645837,0.0154382748,0.0101027458,0.0024381869,0.0410951783,0.0391471529,-0.0069340013,0.0101579749,-0.0247982891,-0.0217073020,0.0034303153,0.0028027862,-0.0021876568,0.0021520785,-0.0017725643,0.0033311037,0.0025148698,-0.0223166565,0.0170130146,0.0086180642,-0.0077542176,-0.0249772413,-0.0119518974,0.0019078868,0.0156857604,0.0141884408,0.0150463532,0.0097580057,0.0065264321,-0.0125639830,0.0096209456,-0.0100140087,0.0268972247,0.0024137036,0.0082557319
448.0000000000,0.0020716785,-0.0151760934,-0.0206196963,-0.0092468876,-0.0059194420,0.0015043279,0.0317093135,0.0057300810,0.0084689455,-0.0049971311,0.0061701576,0.0073650895,0.0129877061,-0.0068621529,-0.0306618701,-0.0369563686,0.0030078861,-0.0263732325,0.0079507799,0.0152081955,0.0033224593,-0.0019010887,0.0137488932,0.0077589449,0.0191903986,0.0116090168,0.0149009274,-0.0099074689,0.0063549097,0.0145134740,0.0206609249,0.0098487113,0.0033223341,-0.0053516087,-0.0079789770,0.0165351248,-0.0116344413,-0.0098092119,-0.0126702548,0.0081182098,0.0092873999,-0.0138290786,-0.0238390586,-0.0093326446,-0.0006543384,-0.0031486553,0.0247212590,-0.0033616392,-0.0074579798,-0.0042568731,0.0075118972,0.0008865759,0.0007874949,0.0102152266,0.0085052513,0.0085954884,0.0179357948,0.0170635061,-0.0068910775,-0.0052907562,-0.0121550766,-0.0141787637,0.0049180777
449.0000000000,0.0071466119,-0.0061962069,-0.0030267702,-0.0027082575,-0.0204098287,0.0057845082,0.0335196607,-0.0098525533,-0.0001547728,-0.0039947886,-0.0010147085,0.0130556849,-0.0021825975,-0.0043391431,-0.0119385129,-0.0021448113,0.0102191123,-0.0072063958,0.0216740171,0.0054547900,0.0137857078,0.0113710604,0.0151567900,0.0243173044,0.0156506175,-0.0143558002,-0.0001076765,0.0154805480,0.0170561957,0.0212423490,0.0339176229,-0.0052623542,-0.0141638891,-0.0017910881,-0.0166740581,0.0012333148,-0.0000230929,-0.0126302616,-0.0083830231,0.0209998699,0.0000839001,0.0049340979,-0.0203231042,-0.0046185376,0.0073656778,-0.0277662127,0.0131806390,0.0018600586,-0.0111279806,-0.0104870026,0.0068177092,-0.0303665388,-0.0187119367,-0.0114131958,0.0233278247,0.0032512619,0.0012924498,-0.0070701467,0.0164058318,-0.0137812960,-0.0003561726,-0.0086880867,-0.0164653642
450.0000000000,0.0041107971,0.0042401661,-0.0163024519,0.0055527444,-0.0054383501,-0.0006085265,0.0095060132,-0.0091983607,0.0194752715,-0.0091924733,0.0070050045,0.0246757526,0.0122601109,-0.0036016927,-0.0098545963,-0.0083961902,0.0179386827,-0.0218243490,0.0248719989,-0.0056029463,-0.0104778330,-0.0048353473,0.0106794599,0.0231133176,0.0051663093,-0.0138158632,-0.0227605200,0.0285537173,-0.0076123279,0.0056302847,0.0263533597,0.0231739607,-0.0071236917,0.0152454231,-0.0128979676,0.0202422395,-0.0027933100,-0.0077724891,-0.0220997709,0.0006543942,-0.0037495501,-0.0232696543,-0.0123113593,-0.0110555648,-0.0008774481,-0.0177819239,0.0116512309,0.0071159649,-0.0220768911,0.0047289288,-0.0233731027,-0.0405460761,-0.0027373471,0.0050756198,-0.0025375404,-0.0001922516,0.0075950389,0.0270928924,-0.0109394377,-0.0289385021,-0.0062210036,-0.0088242693,-0.0007008781
451.0000000000,-0.0035164190,-0.0067488194,-0.0057528348,0.0062765089,-0.0033275055,-0.0029870750,0.0053460274,-0.0049431733,0.0178845806,-0.0025506043,0.0101491396,0.0120385244,-0.0078678344,-0.0212501634,-0.0130049713,-0.0103285883,-0.0104868621,-0.0291082049,0.0018383346,-0.0022590176,-0.0241165728,-0.0048092494,0.0020217692,0.0170239226,0.0216115454,-0.0037530868,0.0113649606,0.0158466333,0.0033279398,-0.0040302712,0.0250316943,0.0252984814,0.0199915262,0.0117644368,-0.0026702382,0.0086816811,-0.0165411507,-0.0246460134,-0.0188380694,0.0392473989,0.0023673075,-0.0185350210,-0.0258697410,0.0073731818,-0.0019502037,-0.0188573015,-0.0051753180,-0.0059224173,0.0108070641,0.0069498449,-0.0235668906,-0.0237052074,-0.0201495390,0.0046272143,-0.0083953823,0.0132134803,0.0034919141,-0.0144825278,-0.0062766046,-0.0142142178,-0.0024561264,-0.0028198515,-0.0025336925
452.0000000000,0.0018369520,-0.0092421963,-0.0102034889,-0.0162216668,-0.0211811912,0.0053631120,0.0290860693,0.0152177572,0.0058075956,-0.0018055926,0.0099480518,-0.0056302964,0.0094185603,-0.0215278855,-0.0096119146,-0.0059722606,0.0075117436,-0.0155826439,0.0162058180,0.0020363592,-0.0096864581,-0.0130244652,0.0208092844,0.0104765536,0.0088387523,0.0120424051,-0.0217489416,0.0108546358,0.0104956315,-0.0025045862,0.0260668462,0.0066038343,0.0158757613,0.0345415104,0.0147472460,0.0223239492,-0.0214968114,-0.0166519803,-0.0113319009,0.0158727965,0.0002207708,0.0302085301,0.0026088674,-0.0215055340,-0.0038415846,-0.0132430551,-0.0127370949,0.0188371778,-0.0238954917,-0.0131702841,-0.0125849174,-0.0150699855,-0.0035224981,-0.0051755215,0.0193864939,-0.0201755232,0.0145823677,0.0011212068,0.0008725568,0.0109851149,-0.0156503762,-0.0195808372,-0.0031161731
453.0000000000,0.0119467912,0.0038303995,0.0017725299,0.0106221299,-0.0060504254,0.0052736315,0.0296777254,0.0084026184,0.0183184564,-0.0136463727,0.0017539432,-0.0136680619,-0.0066028139,-0.0105415969,-0.0112954643,0.0014682758,0.0095508770,-0.0151655704,0.0067069546,0.0057362403,-0.0082611637,-0.0006632467,0.0060961810,0.0036407713,-0.0013653276,-0.0133333534,-0.0110865412,-0.0005799415,-0.0069606222,0.0157348568,-0.0072249067,-0.0024827019,0.0198767876,0.0249406078,0.0128199800,-0.0009599626,-0.0097493424,-0.0114221221,0.0138681343,-0.0033398172,0.0233723949,-0.0129273275,0.0015311824,-0.0053525682,-0.0201265127,-0.0194889428,-0.0144043564,0.0086213146,-0.0141569055,-0.0214621028,0.0036476467,-0.0111515054,0.0088910517,0.0004417279,0.0109238939,0.0140964224,-0.0061908565,-0.0112530368,0.0037318649,-0.0051363752,0.0082746724,-0.0135633482,-0.0099609001
454.0000000000,0.0109900774,-0.0091679219,-0.0033437819,-0.0429208395,-0.0047128258,0.0037458295,-0.0064996639,-0.0030366030,0.0156070118,-0.0184081877,0.0123789900,-0.0209736437,0.0114712965,-0.0220111622,-0.0186458994,-0.0195245536,0.0003230162,-0.0084292439,-0.0092059688,-0.0023948491,0.0178334097,0.0034825464,0.0368972855,-0.0235312783,-0.0013022727,-0.0023592830,-0.0053273067,0.0097673240,-0.0114683607,0.0017585677,0.0219011089,0.0106742833,0.0140333339,0.0377788547,0.0088806989,0.0063111679,-0.0181782854,-0.0174094629,0.0026973840,0.0011029487,-0.0066706300,0.0322644444,-0.0095827353,-0.0046676512,-0.0308273712,-0.0137931490,0.0131051211,0.0121160457,-0.0107673026,0.0017376544,-0.0203486502,-0.0000947497,-0.0058872386,0.0044452417,0.0177002765,0.0208016937,-0.0088074994,0.0092661919,0.0077222174,0.0163310420,-0.0169398884,-0.0170919061,0.0004852192
455.0000000000,-0.0140836038,0.0090523000,-0.0168123408,-0.0103055184,-0.0126212204,0.0107786039,0.0082026299,-0.0154564563,0.0197922469,-0.0073300693,-0.0000178331,-0.0178731430,0.0042157346,-0.0022272287,-0.0027836771,0.0030000965,0.0004822295,-0.0203364591,0.0027285719,0.0174902607,-0.0069385771,-0.0018696000,0.0125798428,0.0174358162,0.0104100265,0.0182413653,-0.0097553429,-0.0079089664,0.0245539588,-0.0032056258,0.0148289601,-0.0095940546,-0.0209401286,0.0268055318,0.0154573839,0.0140774243,0.0157149172,-0.0112193712,-0.0011199725,0.0157195583,-0.0066864216,0.0214918736,-0.0173485542,-0.0131481261,-0.0057591780,-0.0121895869,0.0010620833,-0.0053271730,-0.0188167289,0.0167863294,0.0051518101,-0.0054857504,-0.0266307489,0.0396545860,-0.0047935912,0.0166635811,-0.0053322300,0.0040545934,-0.0036380897,0.0009262809,-0.0058013378,-0.0095809928,-0.0166223402
456.0000000000,-0.0056803578,-0.0151120086,0.0010644635,-0.0055645410,-0.0059178811,-0.0222647263,0.0049938478,0.0104447136,-0.0042925541,-0.0158283571,0.0066324747,0.0153151554,0.0473575869,0.0109380990,-0.0356359735,0.0060344946,0.0131106030,-0.0091047585,0.0139377482,-0.0024569708,0.0021357424,-0.0023589943,-0.0002794407,0.0062835088,0.0134889212,0.0094522520,-0.0132071597,-0.0012964542,0.0064064955,0.0298491494,0.0080839017,0.0097312493,0.0187309638,0.0182818506,-0.0057952524,0.0053020987,-0.0188431685,0.0008096174,-0.0103857320,0.0145875592,-0.0048859400,-0.0007974233,-0.0018749318,0.0061404866,-0.0501344997,-0.0265581849,-0.0077779241,-0.0136443186,-0.0249552133,-0.0127892410,-0.0076063683,-0.0172313750,-0.0129963937,0.0220611980,0.0125216605,0.0110964095,-0.0069488155,0.0183073169,0.0196667583,-0.0080371929,-0.0229810757,-0.0105257080,-0.0148147882
457.0000000000,-0.0191208637,-0.0194927052,-0.0194165842,-0.0206745850,-0.0169912870,0.0084560789,0.0104773076,0.0128327356,-0.0139306989,-0.0095052421,0.0235109056,0.0022240643,0.0079877911,-0.0256165851,-0.0000409740,-0.0310956511,0.0155296213,-0.0118548945,-0.0059773755,-0.0064166526,-0.0190378119,-0.0071927232,0.0323678699,0.0312339574,0.0247713609,0.0154070263,0.0075788444,0.0029075001,0.0063180878,-0.0036877175,0.0502091472,0.0061806291,0.0053079544,0.0044058639,0.0160949820,-0.0076093855,-0.0279556869,-0.0383511446,-0.0063024671,-0.0068452488,-0.0019231149,-0.0016833100,-0.0258882820,-0.0061529903,-0.0085327737,-0.0123219312,-0.0165766448,-0.0026193947,-0.0358338258,-0.0139877233,0.0053775548,-0.0024550589,-0.0202536796,0.0114576737,0.0208546038,0.0024043098,-0.0128709007,0.0080581815,-0.0096973729,-0.0177688678,-0.0034792400,0.0028662760,0.0051205437
458.0000000000,-0.0059506037,-0.0220521129,-0.0113760201,-0.0011465419,-0.0139413040,0.0032130906,0.0068150521,-0.0022087430,0.0081327617,0.0017923418,0.0071809593,0.0288229807,0.0009629239,-0.0208784335,-0.0130605589,0.0006171988,0.0195982191,-0.0166103161,0.0134783061,-0.0026191781,0.0009470822,-0.0001420423,0.0135752215,0.0393118181,0.0182124688,-0.0050700521,0.0192677120,-0.0062792413,0.0010418779,-0.0046441231,0.0167099845,0.0063305777,-0.0095665099,0.0273769691,0.0158847494,0.0018382128,-0.0081102334,-0.0121657051,0.0164726886,0.0140000707,-0.0142867489,0.0038221990,-0.0213568745,0.0036578040,0.0008207223,-0.0261844547,-0.0056566709,0.0008188585,-0.0178965232,0.0019301599,-0.0064020382,-0.0188543259,-0.0005562813,0.0250270899,0.0018357798,0.0221614002,-0.0150085619,0.0111039833,-0.0054379458,-0.0206176306,-0.0182179461,-0.0015964667,0.0053809310
459.0000000000,0.0090223345,-0.0038403195,-0.0129684896,-0.0129016430,0.0126491841,-0.0219404561,0.0062612165,-0.0034640128,-0.0174339575,-0.0235471287,0.0157271751,0.0138769805,-0.0186918859,0.0019274490,-0.0204628866,-0.0285341686,-0.0069987468,-0.0158993988,0.0081552806,-0.0079192337,-0.0315847274,-0.0060255777,0.0186250542,0.0167901200,0.0274024507,0.0060841613,-0.0057654459,0.0072117914,-0.0034354588,0.0214110075,0.0457214903,-0.0215819537,0.0188660721,0.0286981552,0.0001432798,-0.0132178011,-0.0104944967,-0.0143609539,-0.0059481242,0.0152149315,-0.0149451341,0.0024028991,-0.0152338750,-0.0158248662,0.0016691475,-0.0253734774,-0.0308730341,-0.0139034352,-0.0103913036,0.0018299680,-0.0033069173,-0.0258544179,0.0024124528,0.0326689337,0.0163446820,0.0155107050,0.0126448600,0.0144562896,-0.0097344200,-0.0153540116,-0.0135836991,-0.0054688240,-0.0110945977
460.0000000000,-0.0021158216,-0.0010672134,-0.0111784051,0.0020651280,-0.0044489885,0.0168696107,0.0142104820,-0.0043798156,0.0118078840,-0.0202978368,0.0042941088,-0.0023359016,0.0174761537,-0.0117870552,-0.0201035836,-0.0035670343,0.0004301512,-0.0029048625,0.0053010447,0.0090124225,-0.0055916955,-0.0009568409,0.0111840456,-0.0056975974,0.0230676024,-0.0124609412,-0.0234360987,-0.0117595534,0.0309373373,0.0090781756,0.0082405231,-0.0071663647,0.0158295549,0.0074196030,0.0072208462,0.0321628113,-0.0165827787,-0.0162440767,-0.0069698752,0.0021633153,-0.0001934049,-0.0017196719,-0.0254572857,0.0014797925,0.0005951542,0.0052621097,-0.0111551289,0.0059342696,-0.0146908515,-0.0004647799,0.0121057189,0.0006262407,-0.0182707657,-0.0016621450,0.0044331095,0.0052889002,0.0128361754,0.0275192576,0.0000124792,-0.0062233581,-0.0020278172,-0.0230749104,-0.0021566457
461.0000000000,-0.0127556449,-0.0262928590,-0.0065781744,-0.0136007973,-0.0043575353,-0.0078459865,0.0041301213,0.0104949687,0.0234523067,-0.0120391886,-0.0163750844,0.0123838968,0.0115288496,-0.0123570424,-0.0112991932,-0.0097074565,0.0232674907,-0.0167571842,0.0130632403,-0.0136571652,-0.0123607770,0.0220934768,0.0175317280,0.0057578722,0.0141428231,-0.0077394061,-0.0034268981,0.0021061933,0.0023759399,0.0193049421,0.0525651704,0.0186124526,0.0020314719,0.0220425192,0.0393393401,0.0186234754,0.0121116484,-0.0330193666,-0.0064672630,-0.0090243454,-0.0132701963,0.0021177576,-0.0005604231,0.0011003861,-0.0280589534,-0.0221243545,-0.0051142632,-0.0145475723,-0.0095806260,-0.0063468063,-0.0062780182,-0.0118070431,-0.0309964203,0.0162887851,0.0116198606,0.0149075034,-0.0029174481,0.0036561014,-0.0014975863,-0.0115690175,-0.0112165426,-0.0062507366,-0.0096166675
462.0000000000,-0.0143245673,-0.0037525975,-0.0208605070,0.0011449434,-0.0242101161,0.0122660942,-0.0070794627,0.0088581704,0.0028039361,-0.0083898831,0.0147725996,-0.0046127132,0.0016771235,-0.0206069275,-0.0282301930,-0.0145503808,0.0184245573,-0.0171335065,-0.0066098184,-0.0164253370,-0.0031597506,-0.0076309862,0.0178794517,0.0094448184,0.0122722585,0.0077561430,-0.0061523504,0.0166101191,0.0000022664,-0.0033924308,0.0205294281,0.0160622196,0.0057797388,0.0139774122,-0.0109895264,0.0066164442,-0.0225448499,-0.0193612414,-0.0074325823,0.0127442454,0.0018610475,0.0284256714,-0.0038487526,0.0057111055,-0.0328202578,-0.0233396476,0.0005901649,0.0046858808,-0.0092402852,-0.0106493086,-0.0268360845,-0.0238028261,0.0014562016,0.0094954228,0.0234315103,-0.0027800996,0.0052149046,0.0268709591,0.0178126107,-0.0215443043,-0.0121793718,0.0028675965,-0.0179119277
463.0000000000,0.0152400498,-0.0185375815,0.0006020158,-0.0118252484,-0.0071706619,-0.0137944702,-0.0147058001,0.0032747326,0.0122574528,-0.0184595573,0.0116181324,0.0012861043,-0.0232939247,-0.0361963894,-0.0262910594,0.0082274522,-0.0012827222,0.0088971828,0.0065134491,-0.0045301782,-0.0019945943,0.0360726344,0.0006231025,-0.0157219986,0.0084383459,-0.0273944603,-0.0233377499,-0.0145368320,-0.0109901974,-0.0126763281,0.0022518451,0.0154835376,0.0184927765,-0.0064730399,-0.0053247352,0.0178536274,-0.0069989184,-0.0276208083,-0.0324565647,0.0279919737,-0.0278943595,0.0058267992,-0.0290081173,0.0036727744,-0.0081771117,-0.0226687632,0.0042175367,0.0055656157,-0.0178154797,0.0011080011,0.0030540885,-0.0074236332,-0.0065590236,0.0012342367,-0.0029430373,0.0189614721,-0.0121252363,-0.0144132687,-0.0305749120,0.0133888684,-0.0035727757,0.0147762852,0.0066547408
464.0000000000,0.0099617205,-0.0253914466,-0.0126930179,-0.0095583810,0.0099723762,-0.0153217906,0.0074783617,0.0166288595,0.0236618571,-0.0202195793,0.0073721823,-0.0170641439,-0.0055881448,-0.0201770700,-0.0175445936,-0.0032320632,0.0017014240,-0.0114692009,0.0112369421,-0.0109070050,0.0058620840,0.0284272990,0.0114136945,0.0312772175,-0.0017061099,0.0009282382,0.0004191423,-0.0106778806,0.0125707337,0.0017233738,0.0230645687,-0.0019043522,-0.0020573006,0.0275325508,0.0188228482,0.0081913795,-0.0415321158,-0.0102007342,0.0181330186,-0.0108687737,-0.0192343547,-0.0039019711,-0.0226157600,-0.0062668532,-0.0052800155,-0.0249665983,0.0009465072,0.0157760259,-0.0137574318,-0.0174698842,-0.0189969575,-0.0062814538,-0.0167944038,0.0276464632,0.0033761848,0.0010458906,0.0130710783,0.0226147907,0.0053782779,-0.0138521249,-0.0111069100,0.0179582905,0.0006342442
465.0000000000,-0.0052315898,-0.0154754147,-0.0059645762,-0.0086947088,-0.0024406524,0.0004559539,0.0149441109,0.0118861150,0.0040501969,-0.0039490430,0.0089290952,-0.0007869551,0.0026784018,-0.0159788459,-0.0201168212,-0.0162428370,0.0153280667,-0.0037070127,0.0132316617,-0.0070793677,-0.0027184719,0.0297766941,0.0355344493,-0.0082841470,0.0054115621,0.0133485155,0.0005818951,-0.0056720559,0.0128874575,0.0097872731,0.0210026731,0.0021515415,0.0051985550,0.0103431525,0.0175090780,0.0001646271,-0.0148959283,-0.0099822026,-0.0206364017,-0.0069818481,-0.0000264059,-0.0105658138,-0.0177557314,-0.0075720979,-0.0088739112,0.0020884950,0.0058120397,0.0094863666,0.0144061680,-0.0049501798,-0.0055047205,-0.0086889825,-0.0017135925,0.0248798116,-0.0020144370,0.0061698431,-0.0090527720,-0.0112935935,-0.0075924110,-0.0247159727,-0.0148852987,-0.0041440214,-0.0135100077
466.0000000000,-0.0082133415,-0.0200924994,-0.0207412270,0.0022971296,-0.0038666945,0.0029685655,0.0141671752,0.0062119920,0.0319916946,-0.0209137355,-0.0036592807,-0.0002045591,0.0320874737,0.0024217441,-0.0443151453,-0.0020381341,0.0068609913,0.0058440445,0.0057857487,0.0103070350,-0.0105089421,-0.0124423438,0.0198713256,0.0268642131,0.0076489211,0.0034970709,-0.0142320526,0.0078013240,-0.0039948926,0.0050431549,0.0057511422,-0.0014406755,0.0191443974,0.0112116545,0.0250722095,0.0154170450,-0.0172729874,-0.0327888839,-0.0220821721,0.0093322020,-0.0002358156,-0.0170064984,0.0052305560,0.0202960239,-0.0098318162,-0.0136094037,-0.0023762027,-0.0022407618,-0.0091097782,-0.0089790860,-0.0029212516,-0.0104019006,0.0007139708,0.0189967630,0.0105810429,0.0040000557,0.0146029644,0.0263279846,-0.0001947186,-0.0196514650,-0.0125069520,-0.0076124071,-0.0078324486
467.0000000000,0.0053664803,-0.0144007730,-0.0013749510,-0.0230587864,0.0070461149,0.0182802609,0.0167783720,-0.0108192791,0.0157563415,-0.0085149591,0.0178058144,-0.0041224799,-0.0030295490,-0.0064698265,-0.0055206883,-0.0305036973,-0.0079118233,-0.0137336405,0.0154655209,-0.0105239146,-0.0199142069,0.0107108929,-0.0137647963,0.0258102232,0.0351041754,-0.0137380720,-0.0002043343,-0.0067997164,-0.0058228545,0.0065230339,0.0167855784,-0.0078147379,-0.0089463072,0.0066336060,0.0002469462,0.0158025278,-0.0112314474,-0.0183043545,0.0113342462,0.0120190342,0.0012806348,-0.0006852026,-0.0113331960,0.0097428748,-0.0163482793,-0.0384673336,0.0022297177,0.0122737377,0.0123899572,-0.0057799164,0.0163025347,-0.0080921821,-0.0263021411,0.0097291754,0.0099794363,0.0112384244,0.0007404076,-0.0020805404,0.0136676771,0.0069966560,-0.0163080223,-0.0147582526,0.0133158280
468.0000000000,-0.0005983555,-0.0059198368,-0.0172748767,-0.0159700509,-0.0111888318,0.0197632437,0.0087980554,-0.0094942957,-0.0050986599,-0.0097936978,0.0213372617,0.0174783036,0.0121843536,-0.0302163317,-0.0103418174,-0.0357115766,0.0393546276,-0.0139375906,-0.0078175455,0.0055962419,-0.0136347928,-0.0156054478,0.0334216844,0.0122248864,-0.0109099209,0.0096459123,-0.0016103884,0.0088298396,0.0087606814,0.0179049440,0.0293612761,0.0078857536,0.0080148154,-0.0098010869,0.0256783508,0.0043589435,-0.0219872808,0.0061462881,-0.0157692648,0.0101890621,-0.0097747620,0.0225422907,-0.0243879472,0.0093577775,-0.0332650926,-0.0056035079,0.0008914246,0.0088817710,-0.0140968263,-0.0136596909,-0.0068863730,-0.0320852873,-0.0238804878,0.0012367272,-0.0010786083,0.0156087575,0.0053002852,0.0143834344,-0.0045631445,0.0042827835,-0.0169263502,-0.0094726205,-0.0016680393
469.0000000000,-0.0158490322,-0.0355054145,-0.0081156280,-0.0130647058,-0.0104326971,0.0156000458,0.0265872193,-0.0134145781,0.0157266796,-0.0177020905,-0.0093373391,0.0207743561,-0.0006730645,-0.0116550579,-0.0353107821,-0.0020522234,-0.0069756596,-0.0156113312,0.0156706700,-0.0216430173,-0.0218606924,0.0071024907,0.0158388143,0.0084521973,0.0412247776,0.0019924768,-0.0102332094,-0.0037142760,0.0181039918,0.0060318022,0.0260367193,-0.0009876812,-0.0044318341,0.0031145764,-0.0137931525,0.0058612387,-0.0322012801,-0.0153055628,0.0001353083,0.0351439687,-0.0348886024,-0.0010091014,0.0041656897,0.0032152119,-0.0175290130,0.0023482481,0.0119943458,-0.0026601944,-0.0274038419,-0.0002871261,-0.0023658570,-0.0306672985,-0.0195805023,0.0002773303,0.0006438810,0.0121597649,-0.0099030761,0.0046337385,0.0066313969,-0.0126421279,0.0011696098,-0.0082618035,-0.0064842188
470.0000000000,0.0019180859,-0.0083364266,-0.0257179561,-0.0070666266,-0.0125026490,-0.0067155658,0.0143493411,0.0207265497,0.0009985218,-0.0043798182,0.0073976752,0.0188825334,0.0020923650,-0.0028090082,-0.0059005315,-0.0242785379,-0.0148330198,0.0137396372,0.0072063455,-0.0120778875,0.0080981909,-0.0202270307,0.0256786051,-0.0095175605,0.0034369960,0.0099922255,-0.0194956488,0.0054265463,0.0107179272,0.0157641965,-0.0115516977,-0.0046952341,-0.0032751246,0.0167794436,0.0155855390,0.0241442408,-0.0151644834,-0.0062990137,-0.0064707742,-0.0192042972,-0.0018493597,0.0018315007,-0.0082892236,0.0270024007,-0.0192689391,-0.0063973041,-0.0114899663,-0.0197875554,0.0145352869,0.0044655440,-0.0271268540,-0.0034079687,-0.0144775416,0.0006827413,0.0026363979,0.0189679278,-0.0113567733,0.0187333344,0.0162398321,-0.0015327845,-0.0155213349,-0.0039269680,-0.0114404810
471.0000000000,-0.0081070188,-0.0171586891,0.0082755916,0.0019166503,-0.0002479709,0.0122912365,-0.0030702236,0.0249036990,0.0268015847,-0.0203413177,0.0185232747,-0.0001125099,0.0024591712,-0.0243071416,-0.0026109912,-0.0180150085,0.0116412745,0.0006393320,-0.0029026094,0.0074280396,-0.0231213955,0.0108513169,0.0264193444,-0.0022311631,-0.0041449448,0.0025305956,-0.0248205706,0.0108469899,-0.0033292499,0.0095889121,0.0284617337,0.0055500413,0.0033516274,0.0116759201,-0.0042624869,0.0088623523,0.0020025538,-0.0245619065,-0.0044986857,0.0105363457,-0.0104282280,-0.0024411362,-0.0448341523,-0.0029979634,0.0242295849,-0.0139584260,-0.0186264309,0.0090161405,-0.0349607995,-0.0068129008,-0.0261514839,0.0110731177,-0.0044923052,-0.0073977467,-0.0125896982,0.0033251948,-0.0148503274,-0.0182292930,-0.0158055864,0.0043930462,-0.0047699409,0.0066874552,0.0055628357
472.0000000000,0.0125014917,-0.0073668592,-0.0204258756,-0.0130009218,0.0085653405,0.0039101910,-0.0047433480,0.0073297237,-0.0012601049,0.0089879345,0.0057291583,0.0117541600,-0.0012761966,-0.0245329598,-0.0086025561,-0.0085891554,-0.0050607768,-0.0192853459,0.0217483356,-0.0160249025,-0.0206704194,-0.0250269558,0.0055662552,-0.0044693836,0.0080700315,-0.0006914752,-0.0050640559,0.0046320081,0.0026934587,-0.0288303218,0.0176386301,0.0012048807,0.0197936293,-0.0062803009,0.0024689065,0.0271102692,0.0000718032,0.0033608492,-0.0085157897,0.0214936124,0.0054539387,0.0033812177,-0.0148834931,-0.0012483522,-0.0026396737,0.0064806975,-0.0325497158,-0.0083962868,-0.0131158336,-0.0026606767,-0.0053955596,-0.0043749494,-0.0083966549,-0.0031704681,0.0215507759,-0.0050852510,0.0064541290,0.0002730633,-0.0074356034,-0.0053284931,-0.0089571431,0.0023178096,-0.0202388087
473.0000000000,-0.0159900364,-0.0042860939,-0.0029690019,0.0143085464,-0.0113648090,-0.0173724307,-0.0130966910,-0.0094887669,-0.0090474427,-0.0046619572,0.0366814516,-0.0180802156,-0.0000132795,0.0032678705,-0.0316707605,-0.0091611362,0.0106935782,-0.0011744593,-0.0015411354,0.0067428468,0.0093986246,0.0183199303,-0.0089206640,0.0355057933,0.0110867479,-0.0076813227,-0.0324896525,0.0004954430,-0.0045490780,0.0279583299,0.0239990400,0.0093027588,0.0004329303,0.0132810502,0.0204276406,0.0220092123,-0.0149639304,-0.0307839658,0.0012748049,0.0127560495,-0.0066905237,0.0275979129,-0.0172073284,-0.0108514615,-0.0087831501,-0.0154125078,0.0052006686,0.0045472843,-0.0130328108,-0.0023986775,-0.0215516725,-0.0009782032,0.0163668040,-0.0012656480,0.0074795172,-0.0008517677,0.0134074342,0.0285289950,0.0118177519,-0.0262607599,-0.0290750999,-0.0052280268,-0.0004320728
474.0000000000,-0.0047375058,-0.0005665808,0.0165277150,0.0049201234,-0.0047644034,0.0081918761,-0.0012537716,0.0123328086,-0.0019795043,0.0011582629,0.0110587070,0.0098013879,0.0081071712,0.0031308422,0.0009883802,0.0068204484,-0.0076740387,-0.0104790157,-0.0002812134,-0.0061209642,-0.0035586435,-0.0101438552,-0.0018302301,-0.0079759155,-0.0028862512,-0.0098061708,-0.0083367347,0.0180007117,-0.0011869148,0.0114656771,0.0362137068,0.0184976957,0.0058193635,0.0058158688,0.0101988559,-0.0101632541,-0.0193060128,-0.0311195100,-0.0044940237,0.0039577353,-0.0010067447,0.0033480905,-0.0135262509,-0.0186210697,-0.0204103463,-0.0263814168,0.0011383526,0.0297433271,-0.0090356980,0.0028963349,-0.0206748233,-0.0109206995,-0.0145453117,0.0183785557,-0.0188644322,0.0101581872,0.0100496536,0.0017313087,-0.0042664391,-0.0025095041,-0.0081836292,0.0038759398,0.0139175217
475.0000000000,0.0107705068,-0.0018324649,-0.0032304506,-0.0017855606,-0.0016017750,0.0061171195,0.0128347603,0.0069990604,-0.0134364343,-0.0323062454,0.0097954540,0.0442437828,0.0108500791,0.0065718123,-0.0043988095,0.0058124129,0.0251615198,-0.0186805298,0.0029379916,-0.0122346942,-0.0013670337,0.0021381793,0.0350285637,0.0021034240,0.0109372759,0.0172607342,0.0057314442,-0.0034110325,0.0051148648,0.0092758220,0.0203472911,0.0022874851,0.0266664770,0.0313454119,-0.0015876254,0.0166535932,-0.0208865404,-0.0044824555,-0.0143034275,-0.0018382837,-0.0123602881,-0.0107477833,0.0006697275,0.0088775996,-0.0088314055,-0.0053279305,0.0003045507,-0.0034922413,-0.0271138479,-0.0066471218,-0.0212578877,-0.0028774435,-0.0054619682,-0.0208189145,-0.0061791622,0.0002203489,-0.0145534840,0.0065629581,0.0230505113,-0.0090614560,0.0014249619,0.0042600092,-0.0102272977
476.0000000000,-0.0014788130,-0.0126295541,-0.0234791020,-0.0204446594,-0.0098233770,0.0040082868,-0.0059916524,-0.0076036032,0.0158159593,0.0123662109,-0.0030595364,0.0172855250,0.0065935870,0.0102242613,0.0051436307,0.0072056032,0.0105884749,-0.0124900238,0.0142398108,-0.0092746625,0.0011916855,-0.0060044006,0.0145759319,-0.0095187073,-0.0099117412,-0.0028486639,-0.0109607442,0.0011426098,0.0066236207,0.0021467134,-0.0015792185,0.0005875601,-0.0056368796,0.0189338963,0.0052701944,-0.0058176500,-0.0059462433,-0.0218015246,-0.0002361033,-0.0173995670,-0.0050524326,0.0075533140,-0.0080515978,-0.0087344725,0.0020111584,-0.0142155859,-0.0004007366,-0.0123064920,0.0051698050,0.0002516206,-0.0155792399,0.0045467982,-0.0075498040,-0.0097429910,-0.0170768203,-0.0134227896,-0.0294343288,-0.0051048831,-0.0130604777,-0.0177950923,0.0071831581,-0.0208692260,0.0140863465
477.0000000000,-0.0010561708,-0.0076986281,0.0013021308,-0.0004824245,-0.0031137367,0.0095572104,0.0172328659,0.0045437069,0.0026016020,-0.0126447775,-0.0017122452,0.0078137595,-0.0069615359,-0.0213100002,-0.0266981822,-0.0281510033,0.0000314111,0.0078149670,0.0076588243,-0.0109036056,-0.0112742884,0.0186222058,0.0053366338,-0.0003590380,0.0001177630,-0.0083115093,0.0009953863,-0.0090793980,0.0022315764,0.0026271081,0.0136402746,-0.0136204830,-0.0008084938,0.0311703751,0.0182439524,0.0056819551,-0.0200920092,-0.0002636421,-0.0115876547,-0.0016112039,-0.0006114483,-0.0091522249,-0.0058306649,0.0186434205,-0.0166207630,-0.0118016682,-0.0102005446,-0.0125675414,-0.0192411510,-0.0015104843,-0.0002776203,0.0073722957,-0.0410779323,0.0033495959,-0.0041890704,0.0070353695,-0.0030855794,0.0053119562,0.0051873723,0.0202875690,0.0035602860,0.0116116802,0.0002928388
478.0000000000,0.0211183209,0.0020479017,-0.0071522286,-0.0010842285,-0.0093772954,-0.0296553863,0.0004033136,-0.0211999674,0.0042743612,-0.0104068609,-0.0049586398,0.0003962106,0.0086120003,-0.0122501616,0.0047209822,0.0239179620,-0.0006317111,-0.0146668584,0.0047571396,-0.0214824307,0.0013994188,-0.0036832363,0.0123445229,0.0036342788,0.0008902631,-0.0113664129,-0.0285490982,-0.0099319692,0.0060684044,0.0023067136,0.0097652421,-0.0106242260,0.0007459785,-0.0117346005,-0.0034072200,0.0068766183,-0.0162563538,-0.0210553102,-0.0024081100,-0.0007020092,0.0118862994,0.0161067074,-0.0182164961,0.0089918030,0.0151603863,0.0063965074,0.0169579892,0.0019102416,-0.0021870324,0.0152491666,0.0092239771,-0.0075143035,0.0047345275,0.0235502677,0.0048983408,-0.0063970878,-0.0029048153,0.0044482895,-0.0053754171,0.0255534016,-0.0285597117,-0.0086132740,-0.0161419857
479.0000000000,-0.0127226067,-0.0154356716,-0.0077114958,-0.0178416853,-0.0119946487,0.0037775364,-0.0001699270,0.0278893771,-0.0067732133,-0.0076539248,-0.0110553910,-0.0073351870,0.0005673000,-0.0014470219,-0.0016755007,-0.0102742913,0.0253876508,-0.0346592314,-0.0065002752,-0.0076697962,0.0047859222,-0.0062711398,0.0022059850,0.0099266550,-0.0155086488,0.0126983926,0.0038692200,0.0231209375,0.0187672165,-0.0038112909,0.0482722600,-0.0034811441,0.0107956105,0.0002068193,0.0378090569,-0.0050731389,-0.0238480219,0.0036855408,0.0184406018,-0.0032697125,0.0107649492,-0.0023066693,-0.0030245018,-0.0037584371,-0.0229611169,-0.0104711427,0.0168434879,0.0152520725,0.0039595141,0.0185616387,0.0036059882,-0.0241646512,-0.0112436517,-0.0135985554,0.0242279068,0.0268203237,-0.0242841648,0.0030151135,-0.0106850228,0.0026938754,-0.0113177102,-0.0169719456,-0.0147597120
480.0000000000,-0.0088958542,-0.0117166985,-0.0026603154,-0.0105353277,-0.0227888785,0.0056354443,0.0111863558,-0.0339792550,0.0029348699,0.0022719072,0.0018922522,0.0144753530,0.0081519478,-0.0174226020,0.0029138845,-0.0026221219,0.0065387624,-0.0113852054,0.0398869731,-0.0170732806,0.0035076832,-0.0034128161,0.0006854673,0.0042593150,0.0153601576,-0.0208036742,-0.0109935998,0.0082588290,0.0187494784,0.0209627149,0.0220777593,0.0069222339,0.0089367439,0.0322869948,0.0038747438,0.0320708711,-0.0356491326,-0.0017033056,-0.0084497836,-0.0050575471,0.0024002988,0.0144536636,-0.0143312340,0.0090688054,-0.0251163322,-0.0299163986,-0.0052261785,-0.0039137007,-0.0062605304,0.0090474471,-0.0000277090,-0.0232988814,-0.0014476959,0.0049512898,-0.0064694246,0.0105531865,-0.0040535382,0.0080905441,0.0219202420,-0.0048596311,-0.0206324208,-0.0088878884,-0.0199583938
481.0000000000,-0.0146146779,-0.0096168717,-0.0155086324,0.0053442076,-0.0102146527,0.0133553704,0.0307563441,0.0184463753,-0.0106883412,-0.0109018082,0.0091449562,0.0130366476,-0.0064561492,-0.0037507187,0.0082687313,-0.0252957004,0.0111804661,-0.0185814338,0.0090344135,-0.0025146377,0.0044972695,-0.0079912865,0.0371330710,-0.0040233394,0.0246032653,0.0155857806,0.0003765377,0.0161446761,-0.0231663227,0.0079827794,0.0331781585,-0.0046644682,-0.0042544711,0.0298094648,-0.0055530096,0.0055148800,-0.0249317613,-0.0094502772,-0.0222673712,0.0282790945,-0.0011740432,-0.0116887980,-0.0078555102,0.0254435147,-0.0139491562,-0.0299664687,-0.0013334220,0.0087145764,0.0010716669,-0.0046038206,0.0043212814,-0.0232207025,-0.0146719821,0.0091836304,-0.0027315103,-0.0176702272,-0.0048263432,0.0082812639,-0.0427869289,-0.0094489923,-0.0030355409,0.0052641727,-0.0101958068
482.0000000000,-0.0001479803,-0.0193306914,-0.0089320584,-0.0069747697,-0.0311020394,-0.0166000629,0.0258906861,-0.0103270109,-0.0084535275,-0.0096820504,-0.0024365982,-0.0052083206,0.0334761288,-0.0149417305,0.0010189050,-0.0120551947,0.0187295052,0.0003288556,0.0066831985,-0.0093663190,-0.0104229974,-0.0054900473,-0.0028791200,0.0222648018,0.0157606111,0.0005686553,-0.0066982304,0.0071045329,0.0010171520,0.0249940795,-0.0092913885,0.0004321084,0.0103534826,0.0306774541,0.0128241679,-0.0007463465,-0.0238051805,-0.0058412443,-0.0200306296,0.0118468180,0.0015115065,-0.0020433458,-0.0130300612,0.0280332526,-0.0217935554,-0.0317913738,-0.0044376129,-0.0157804983,-0.0006429009,-0.0015734109,-0.0174783979,-0.0213248895,-0.0005146297,-0.0198336032,0.0061216388,0.0120537596,0.0239922639,0.0205668083,0.0159723602,-0.0282079183,-0.0044976481,0.0219873747,-0.0057330513
483.0000000000,-0.0061313338,-0.0051965036,-0.0122868131,-0.0130637435,0.0012882164,-0.0075577308,-0.0009744978,-0.0295128236,0.0080492886,-0.0072739171,0.0008892318,-0.0041876630,0.0187284451,-0.0082747682,-0.0098900982,-0.0108616099,0.0024039431,-0.0084963646,0.0201266607,-0.0049499071,-0.0074266940,0.0003885349,0.0156984288,-0.0208102091,-0.0180160319,-0.0020736460,-0.0172517695,0.0036005610,0.0156638192,0.0056432850,0.0183729275,0.0164125444,0.0144605459,0.0276873131,0.0222136915,0.0040238963,-0.0043842597,-0.0021632213,-0.0185349003,-0.0084445545,-0.0001637675,-0.0003971572,-0.0176541804,0.0014184394,0.0031175044,-0.0004318341,-0.0015614337,-0.0019143179,-0.0156403532,-0.0143623383,-0.0028884099,0.0033992425,-0.0080956918,-0.0015156210,-0.0030121035,-0.0140841335,-0.0111120558,0.0059434849,0.0186146735,-0.0138733258,0.0001068294,0.0020208821,-0.0077095337
484.0000000000,-0.0109485809,-0.0167418547,-0.0061667956,0.0009403586,-0.0292350243,0.0058986371,0.0135816489,0.0137915026,0.0041695327,-0.0072894290,0.0134895618,0.0270005961,-0.0032401878,-0.0124492576,-0.0330902888,0.0035556653,0.0244723208,-0.0155680186,0.0103019855,0.0105429006,0.0123911718,0.0079786558,0.0155576618,0.0171112564,0.0073058379,0.0000931256,-0.0119547526,0.0155881333,0.0124899313,-0.0142492700,0.0224495886,0.0314707568,-0.0015488247,0.0016692374,-0.0066054488,0.0068152968,-0.0100407485,-0.0061926048,0.0115472539,0.0122485158,-0.0005880952,-0.0168075619,-0.0201114615,0.0057077681,-0.0067012765,-0.0182141680,-0.0216732799,-0.0161936283,-0.0035354387,0.0071042920,0.0022138468,-0.0354125913,0.0026372141,0.0102916012,-0.0050123934,0.0116592745,0.0079857595,-0.0008191866,0.0063113410,-0.0224945116,-0.0117921548,-0.0090967984,0.0038929093
485.0000000000,-0.0009146732,-0.0019328179,-0.0110636222,-0.0041458044,-0.0169274253,-0.0190416983,0.0150486087,0.0152132023,-0.0190940888,-0.0071476695,0.0116995088,0.0147943778,-0.0051562684,0.0061787753,-0.0116238767,-0.0120616041,0.0149167841,-0.0067192397,0.0121687185,0.0104795934,-0.0122853784,-0.0281426292,0.0185535197,0.0083232170,-0.0138816481,0.0273746744,-0.0029829612,-0.0069655668,0.0094925851,0.0115122173,0.0118127098,0.0015061071,-0.0065422556,0.0229532533,-0.0037450949,0.0260481935,-0.0267353711,0.0025233921,0.0083449241,0.0138804419,0.0044480000,0.0041188521,-0.0129263552,-0.0137133821,-0.0153029269,-0.0428869520,0.0066434611,0.0114551569,0.0013935094,-0.0173621899,-0.0036546385,-0.0137969687,0.0223687696,0.0106568095,0.0110684672,0.0161545781,-0.0012422341,0.0028220846,-0.0099859490,0.0107657280,0.0073679995,-0.0023927111,0.0125950443
486.0000000000,0.0060240673,-0.0305951040,-0.0159221018,0.0062102511,-0.0106686481,0.0057900552,-0.0291447132,0.0235914389,-0.0074651461,0.0084050020,0.0210447287,-0.0091545317,-0.0019992463,-0.0370889613,-0.0221074231,-0.0196392491,0.0027731287,-0.0206598625,0.0178543006,-0.0187510448,0.0100422937,-0.0097954525,0.0072780466,0.0134388444,0.0099851498,0.0055332616,0.0077785179,-0.0025248576,0.0214166606,0.0045410032,0.0124506338,0.0021837614,-0.0029737047,-0.0088423611,-0.0133051690,0.0081077173,-0.0105712794,-0.0134525745,-0.0122155497,0.0104957840,-0.0135745126,0.0061344778,-0.0113603493,-0.0167237102,0.0035703257,-0.0001920917,0.0193677524,-0.0107998354,-0.0176357312,-0.0029071572,0.0070596227,-0.0054526874,0.0023020319,0.0044939797,-0.0016226516,0.0010786080,0.0080739224,0.0153197723,0.0071217788,-0.0126136604,-0.0088023920,-0.0063731017,-0.0242421013
487.0000000000,0.0180534552,-0.0282515050,-0.0145287163,-0.0042922809,0.0021696509,0.0251769777,-0.0000443632,0.0123656526,-0.0059230845,0.0165257169,-0.0081537541,-0.0078272452,-0.0145647218,-0.0196134226,0.0004817599,-0.0137655164,0.0168881451,-0.0262551926,-0.0055936304,-0.0265428316,-0.0432684129,-0.0025111493,-0.0083794076,0.0022092453,0.0092260112,0.0140644599,0.0017955257,0.0264277888,0.0031485544,0.0100993148,0.0372887363,-0.0006232395,0.0104838113,0.0188367818,0.0123868632,0.0245764908,-0.0290622085,-0.0089349478,-0.0240989865,0.0117047472,0.0087792584,0.0085410941,-0.0255023099,-0.0012245193,-0.0277917815,-0.0360522473,-0.0177379299,-0.0030581389,-0.0209511561,0.0103020649,-0.0105423351,-0.0228592250,-0.0291864315,0.0110416412,0.0001076922,-0.0108163662,0.0094496340,0.0252233989,-0.0021881579,-0.0293663358,0.0022163220,-0.0110244331,-0.0252553690
488.0000000000,0.0137655024,-0.0298423275,0.0010095500,0.0088465214,-0.0239275754,0.0048186304,0.0447636742,-0.0086984838,0.0232315442,-0.0208225131,0.0138214154,0.0190408182,-0.0142950324,0.0071977209,-0.0147688336,0.0003765364,0.0124811801,-0.0171420498,0.0262034290,-0.0175603334,-0.0010070464,0.0109699035,0.0271424745,-0.0236141135,0.0235439588,0.0004185454,0.0030623015,0.0005518262,-0.0003685741,0.0106321062,0.0176961844,-0.0133528746,0.0184016299,0.0398646951,0.0020980580,-0.0026689010,-0.0053773490,-0.0247104771,0.0110462689,-0.0195283564,-0.0075331664,0.0027028158,-0.0216947252,-0.0320499332,-0.0227679601,-0.0153475651,-0.0172329287,0.0162056555,-0.0003307056,-0.0218081698,-0.0080381481,-0.0111498249,-0.0412632179,0.0088644975,0.0197690062,0.0217549568,-0.0186231399,0.0067858592,-0.0193172669,0.0031233143,-0.0102270683,0.0005103220,-0.0051391798
489.0000000000,-0.0050861859,-0.0126255682,-0.0099365909,-0.0174319750,-0.0167608780,0.0133619489,-0.0104018156,0.0279893281,-0.0150931495,0.0173238962,0.0179632711,0.0101140951,-0.0011880602,-0.0097296093,-0.0051848497,-0.0260299161,-0.0125857159,-0.0023425687,0.0029982140,0.0059841743,-0.0161411237,0.0011644552,0.0038707884,0.0177048776,0.0202579379,-0.0137056517,0.0054740540,0.0073896454,0.0106967445,0.0100047980,0.0314400291,0.0007085726,0.0040101934,0.0102538237,0.0141325402,-0.0288802253,-0.0155654089,-0.0237065417,-0.0214714520,0.0165010765,0.0019424143,0.0308985505,-0.0049103765,0.0068542192,-0.0274814914,0.0013101002,-0.0173059280,0.0096457549,-0.0253758426,0.0006398757,0.0046781731,-0.0191745786,0.0089265056,0.0012285170,-0.0020882164,0.0074209802,0.0117111227,0.0268504510,0.0157645491,0.0014447330,-0.0065395937,-0.0128282021,-0.0109424809
490.0000000000,0.0113358490,-0.0114822338,-0.0124151443,0.0012938253,-0.0032191005,-0.0049661713,0.0078046855,-0.0193887561,0.0028210896,-0.0045762903,0.0206787814,0.0176421705,0.0057873527,0.0118418960,-0.0209645950,-0.0069355365,0.0157640722,0.0001580980,0.0223083018,-0.0161894858,0.0056620821,0.0319865945,0.0155162902,0.0118016433,0.0143904746,-0.0064559728,-0.0019857727,-0.0086156397,-0.0001603557,0.0086456719,0.0308764453,-0.0031724012,0.0299281352,0.0213238224,0.0086536519,0.0021487084,-0.0283271111,-0.0071474715,0.0058604647,-0.0014071962,0.0006575482,0.0295824001,-0.0159230917,0.0078976736,-0.0164760493,-0.0102513178,0.0011778521,0.0001932891,-0.0318524261,0.0198921782,-0.0021892024,-0.0194462392,0.0009340053,0.0028018777,0.0095467532,-0.0027810021,0.0350749099,0.0298574304,0.0403185619,-0.0051006148,-0.0079388724,0.0065607351,0.0075809247
491.0000000000,-0.0100814367,-0.0259700983,-0.0091192567,0.0017385142,-0.0047731588,0.0162137950,0.0064602070,0.0079039925,0.0137383970,-0.0055145635,-0.0082246334,0.0127020282,-0.0130609245,-0.0339050132,-0.0007982484,-0.0245463437,0.0194484862,-0.0032987077,0.0260141532,-0.0031429000,-0.0089728623,0.0009231821,0.0475541100,0.0167836192,0.0142535995,0.0239069727,-0.0201442865,0.0122206615,0.0189353383,-0.0043633868,0.0162181529,-0.0051940085,0.0014807499,0.0176584713,0.0049896969,0.0151108580,-0.0229045749,-0.0265577706,-0.0123104922,0.0014110289,-0.0060291347,-0.0122542663,-0.0094881033,0.0092427346,-0.0243448014,-0.0234582486,0.0117984193,-0.0169390367,0.0040256148,-0.0100366717,-0.0160429677,-0.0219966606,-0.0529052742,-0.0022567685,0.0156137503,-0.0025663994,0.0048777928,-0.0187800919,-0.0068188272,-0.0131912979,-0.0143253646,-0.0074045084,-0.0021030615
492.0000000000,-0.0075234423,-0.0342223118,-0.0161396276,0.0104133041,0.0043021872,-0.0104681746,0.0044768914,0.0011076383,0.0017143195,-0.0055218879,0.0161280281,-0.0083386067,0.0169398725,0.0075387596,-0.0064286120,-0.0115214241,-0.0022596276,0.0002591165,0.0034108788,-0.0115811479,0.0065795967,-0.0045929488,-0.0003218216,-0.0008133546,-0.0125126232,-0.0070608651,0.0075106398,0.0093505646,-0.0082777563,0.0053327902,0.0176404528,-0.0026141237,0.0040909192,0.0122505123,-0.0100839766,-0.0186323812,-0.0139255323,0.0031494046,-0.0084796103,-0.0025404115,0.0135205582,0.0110178001,-0.0076377752,0.0003566606,0.0131803971,0.0092416880,0.0191132173,0.0181800918,-0.0106832112,-0.0128990101,-0.0171982492,-0.0056411558,-0.0039695633,0.0003538024,-0.0094479264,0.0071625459,-0.0033562268,-0.0078519187,0.0218173905,-0.0179440425,-0.0160482924,0.0175148177,-0.0021768549
493.0000000000,-0.0026819080,-0.0195781364,0.0088820200,-0.0285742773,-0.0077769074,0.0097623930,0.0170757902,-0.0139640929,-0.0151474755,-0.0063003716,0.0188843610,-0.0119568979,-0.0091548445,-0.0016123866,-0.0318261996,0.0002332769,-0.0003952235,-0.0233613687,0.0064671154,-0.0020650042,-0.0122711704,-0.0121601003,0.0239146300,-0.0114379699,-0.0080430898,-0.0119031874,-0.0191534657,-0.0060769999,0.0028959351,0.0064892772,0.0186816550,-0.0270186614,0.0030645364,0.0139611107,0.0070381601,-0.0041152938,-0.0114351156,-0.0020031851,-0.0132564864,-0.0003985793,0.0096830147,0.0173963750,-0.0185793614,0.0102252997,-0.0042476515,-0.0036263586,0.0043488631,-0.0030353947,-0.0259556868,0.0048061583,-0.0033728611,-0.0249079923,0.0146471147,0.0062969400,0.0130639950,0.0164785341,-0.0026203655,-0.0076724859,0.0088984484,-0.0001200078,0.0134392172,-0.0041443932,-0.0113996577
494.0000000000,0.0228282561,-0.0148267687,-0.0037430030,0.0019901170,-0.0110992826,0.0024029506,-0.0038520466,-0.0019413378,0.0077645156,-0.0017855174,-0.0007084516,0.0242494683,0.0175296681,-0.0026212427,-0.0179648380,-0.0105616430,0.0147381238,-0.0197413423,0.0141280848,0.0078967125,-0.0125657089,0.0029240228,0.0098666635,0.0114141278,0.0067818084,0.0080377218,-0.0036766895,0.0061660736,0.0162502960,0.0092126715,0.0234518526,0.0018026162,-0.0107369459,0.0256882774,-0.0046497421,0.0222939891,-0.0113892831,0.0068862879,0.0078896102,0.0184722178,-0.0162249715,0.0053325542,0.0071513067,0.0014597342,-0.0241385260,0.0057265026,-0.0024243155,-0.0099757255,-0.0092948451,-0.0020303117,-0.0088955200,-0.0040652469,-0.0076655271,0.0018231563,0.0024482457,-0.0091400805,0.0147259388,-0.0026086152,0.0125560054,-0.0175488007,-0.0286845455,0.0344834265,-0.0297493490
495.0000000000,-0.0126730145,-0.0103958224,-0.0234833472,0.0052470139,-0.0127491236,0.0237928209,-0.0125041168,0.0019269878,0.0089709358,-0.0174499866,-0.0071615161,-0.0007525423,0.0020565047,-0.0077195786,-0.0125103377,-0.0108457075,0.0066094283,-0.0150876548,0.0065860096,-0.0195439722,-0.0023713078,0.0073149351,0.0154626871,-0.0015634295,-0.0085269815,0.0288826534,0.0066723829,0.0178808546,0.0062772292,-0.0181754644,0.0061055394,0.0096214429,0.0016636341,0.0156068722,0.0102774043,0.0216781457,-0.0118679491,-0.0064087466,-0.0266076150,-0.0017975029,-0.0105847261,0.0143212323,-0.0095496520,0.0163188904,-0.0130409718,-0.0122028543,-0.0063334709,0.0114414100,-0.0040815686,0.0074956355,-0.0096086247,-0.0250321789,-0.0035343068,-0.0050786593,-0.0002883758,-0.0118748915,0.0216314158,0.0140164098,-0.0022371581,-0.0169177773,-0.0047957583,0.0207187893,-0.0081996700
496.0000000000,0.0107645411,-0.0110041044,-0.0115600477,0.0146310620,0.0209230350,-0.0048133722,0.0052885849,0.0118222545,-0.0043037586,-0.0137357492,-0.0093779408,0.0150307106,-0.0201593026,0.0004746444,-0.0232073316,-0.0231146572,0.0002528012,0.0050629825,0.0133866373,-0.0032287990,-0.0031247787,0.0110460198,0.0211635901,-0.0102162095,0.0037390112,0.0010055507,-0.0123595608,0.0003810401,-0.0070566654,0.0066367993,0.0289592626,0.0097082296,0.0172902799,0.0029987954,0.0111666801,0.0072567663,-0.0269527468,-0.0112369859,-0.0074364816,0.0150255143,-0.0280440623,-0.0143490863,-0.0129008393,-0.0094927876,-0.0211548865,-0.0395868841,0.0276213961,0.0272335172,-0.0148555568,-0.0030711913,-0.0050863839,-0.0067086308,0.0123838398,-0.0110604352,0.0029524935,0.0140867211,0.0077190630,0.0144774241,-0.0058292753,-0.0069016218,-0.0149314425,-0.0038126254,-0.0099369938
497.0000000000,0.0083812243,-0.0276427151,-0.0268286893,-0.0137025953,0.0169292665,0.0011783662,0.0007783614,-0.0055817516,-0.0088928515,0.0051010010,0.0029378895,0.0060783838,0.0340191739,-0.0087703138,-0.0284382689,-0.0333515737,0.0084000619,-0.0194207013,0.0241634648,0.0052080511,-0.0185687973,-0.0104044983,0.0205588887,-0.0019784592,0.0091140367,0.0103315731,-0.0191541484,0.0017498842,0.0090466625,0.0034113648,0.0311066073,-0.0046617842,0.0066453307,0.0375462357,0.0031728028,0.0262684094,-0.0302761289,-0.0198825741,-0.0061741880,-0.0044308068,-0.0072622985,0.0138465522,-0.0147150745,-0.0115071413,-0.0201008026,-0.0182315050,0.0312392808,-0.0189823445,-0.0143453638,0.0014617061,-0.0175067244,-0.0074029045,-0.0189890552,0.0322582067,0.0283571123,0.0062196620,-0.0004062025,0.0307926797,0.0178821773,-0.0119184576,-0.0268452733,0.0113999297,-0.0366955702
498.0000000000,0.0057263605,-0.0151786992,-0.0399936146,-0.0025830582,-0.0108002009,-0.0125230188,0.0144231157,-0.0160923961,0.0234431857,-0.0301257082,0.0064628315,-0.0065589427,-0.0027016029,-0.0101485322,-0.0045446793,-0.0287520893,0.0124938646,-0.0288958886,-0.0043238300,-0.0077349236,0.0207091044,0.0019548980,0.0243629706,0.0136428199,0.0332647302,-0.0164406656,0.0025413095,-0.0123045967,0.0028997780,0.0085705475,0.0386681761,-0.0090716177,0.0176829594,0.0200287738,0.0031730694,0.0049552217,-0.0244292119,-0.0080717984,-0.0003548045,-0.0106182472,0.0096120543,0.0041703678,-0.0039229743,0.0151268641,-0.0190212660,-0.0234392525,-0.0039064829,0.0120528125,-0.0183817684,-0.0008210505,-0.0149185906,0.0067808036,-0.0198484047,0.0203555434,-0.0127177508,0.0191138989,-0.0133349894,0.0296570911,-0.0008283007,-0.0370634191,-0.0238848236,-0.0003341376,-0.0160268190
499.0000000000,-0.0091233266,-0.0223044122,0.0048130500,0.0215891020,-0.0147487470,-0.0098857195,0.0009601042,-0.0065372464,0.0012773446,0.0212441963,0.0133752559,-0.0035401109,-0.0035296470,-0.0015923507,-0.0077253415,-0.0055331716,-0.0042711494,-0.0082010176,-0.0172788470,0.0194474489,0.0087511633,0.0084446807,0.0065335249,0.0054254641,0.0251369251,-0.0061877856,-0.0006776169,-0.0086419030,-0.0167734123,0.0155392626,0.0063418112,0.0072089832,0.0132703310,0.0141262986,-0.0033264595,-0.0202030875,-0.0247498926,-0.0053401070,-0.0239540540,0.0195973677,0.0070804148,-0.0037814044,-0.0151345006,0.0166049344,-0.0241363947,-0.0161426034,0.0232652231,-0.0051688762,-0.0038684311,-0.0180369786,-0.0184655319,-0.0048024013,-0.0084468804,-0.0026535694,-0.0040444129,-0.0190411716,-0.0002062600,0.0363687955,-0.0123908957,-0.0156458603,0.0018859422,-0.0114991517,-0.0113158277
500.0000000000,0.0033330188,-0.0013106439,-0.0131890284,-0.0144465223,0.0066157098,-0.0190344763,0.0200973572,-0.0171535190,0.0109473839,-0.0118375803,0.0005728495,0.0099162882,0.0017163478,0.0013878854,-0.0020903039,-0.0080799947,0.0156587255,0.0030502340,0.0121975793,0.0080141657,-0.0098096692,-0.0100576982,0.0251389443,-0.0009547505,0.0198284052,-0.0183602892,-0.0276317025,0.0041731331,0.0050549213,0.0106287268,0.0132994599,0.0212221788,0.0101708741,0.0211155169,-0.0001567261,0.0223105566,-0.0234990579,-0.0201002149,-0.0137390087,0.0136386289,-0.0102357233,-0.0021772435,-0.0166269025,-0.0084500954,-0.0161081352,-0.0169768451,-0.0092305615,0.0125773976,0.0008801159,0.0078384334,-0.0106413931,-0.0019440926,-0.0090795984,0.0018603829,0.0065868112,-0.0029056247,-0.0089672686,0.0048891808,-0.0212618074,0.0041880889,-0.0157664181,-0.0125824101,-0.0123648561
