permno,2015/1/31,2015/2/28,2015/3/31,2015/4/30,2015/5/31,2015/6/30,2015/7/31,2015/8/31,2015/9/30,2015/10/31,2015/11/30,2015/12/31,2016/1/31,2016/2/29,2016/3/31,2016/4/30,2016/5/31,2016/6/30,2016/7/31,2016/8/31,2016/9/30,2016/10/31,2016/11/30,2016/12/31,2017/1/31,2017/2/28,2017/3/31,2017/4/30,2017/5/31,2017/6/30,2017/7/31,2017/8/31,2017/9/30,2017/10/31,2017/11/30,2017/12/31,2018/1/31,2018/2/28,2018/3/31,2018/4/30,2018/5/31,2018/6/30,2018/7/31,2018/8/31,2018/9/30,2018/10/31,2018/11/30,2018/12/31,2019/1/31,2019/2/28,2019/3/31,2019/4/30,2019/5/31,2019/6/30,2019/7/31,2019/8/31,2019/9/30,2019/10/31,2019/11/30,2019/12/31,2020/1/31,2020/2/29,2020/3/31,2020/4/30,2020/5/31,2020/6/30,2020/7/31,2020/8/31,2020/9/30,2020/10/31,2020/11/30,2020/12/31,2021/1/31,2021/2/28,2021/3/31,2021/4/30,2021/5/31,2021/6/30,2021/7/31,2021/8/31,2021/9/30,2021/10/31,2021/11/30,2021/12/31,2022/1/31,2022/2/28,2022/3/31,2022/4/30,2022/5/31,2022/6/30,2022/7/31,2022/8/31,2022/9/30,2022/10/31,2022/11/30,2022/12/31,2023/1/31,2023/2/28,2023/3/31,2023/4/30,2023/5/31,2023/6/30,2023/7/31,2023/8/31,2023/9/30,2023/10/31,2023/11/30,2023/12/31,2024/1/31,2024/2/29,2024/3/31,2024/4/30,2024/5/31,2024/6/30,2024/7/31,2024/8/31,2024/9/30,2024/10/31,2024/11/30,2024/12/31
1,0.053014596,0.013935147,0.062480086,0.016539532,-0.039634791,-0.03032387,0.203264875,0.016684262,-0.063912139,0.0236781,-0.052801858,-0.006900303,0.012233581,0.091573741,-0.019436985,0.043327174,0.149005178,0.131688795,0.097995758,0.03727372,0.007289903,-0.013403064,-0.046531239,0.003180393,0.091852893,-0.124606691,0.095131035,-0.018510557,0.026020044,-0.050085563,0.185671371,0.056870775,-0.090751548,0.024237296,0.060655826,0.167537513,-0.031565962,-0.037928541,0.00383457,-0.096910451,-0.07516231,0.080510158,0.124602723,0.003614414,0.017796752,0.12836649,-0.013955469,0.091038531,0.031581511,-0.027762196,-0.067041583,0.175084092,0.145369534,0.022306316,-0.023730634,0.11961871,0.114100429,-0.06372777,-0.068702516,0.094156168,-0.113277092,-0.048929985,-0.008395185,-0.010598215,-0.082867952,0.155124422,0.119499431,0.114884145,-0.029406246,-0.072237248,0.040682846,-9.74294E-05,0.023496406,0.102997255,0.183608535,-0.14202641,-0.016438897,-0.002116238,-0.024277151,0.035575152,-0.000723071,-0.022494512,-0.038995224,0.146483767,-0.093122948,0.102921988,0.113279909,-0.093965549,-0.09061329,-0.079486124,-0.051392269,-0.04314593,0.139114009,-0.061357868,0.042833571,-0.033042683,-0.038755824,0.036892916,0.035490667,0.070728037,-0.035304979,0.051684483,0.106805031,0.159412208,0.045849197,-0.024186685,-0.086165919,-0.06142162,0.158047468,-0.134756941,-0.052523998,-0.096513172,0.035797644,0.008620727,-0.114703743,-0.038729754,-0.147167441,0.009574717,0.052203159,-0.099707243
2,0.033479518,0.07868181,0.047901731,-0.06457938,0.064152506,-0.061107388,0.198520285,-0.033951281,-0.022638775,0.134131284,0.022667332,0.042726119,0.029085577,-0.047191251,-0.03309755,0.071078104,0.207058839,0.120242041,0.034762075,0.166226482,-0.044147101,-0.02927428,-0.025064557,0.108379465,0.057898901,-0.022289329,0.188609961,-0.060373598,-0.020318459,-0.0523678,0.197073904,0.006395646,-0.062927025,0.184468767,-0.057376164,0.085163722,-0.068149448,0.047644442,0.013208503,0.000762478,-0.099522842,0.102514209,0.10267928,-0.024015327,0.08319518,0.085251158,-0.061532948,0.013445925,0.044505618,-0.001914071,-0.126050212,0.169409999,-0.034514893,0.052212415,0.03435527,0.083255515,0.10632535,0.037819757,0.015342221,-0.006592171,-0.078054708,0.081763341,-0.005759838,0.011701502,0.011075553,0.230808034,0.136667445,0.169519346,-0.012760321,-0.01086651,0.02830751,0.051350017,0.029421934,-0.001658419,0.304052272,-0.107061974,-0.004776388,-0.002053848,-0.21117957,0.040842542,0.123757697,0.020757592,-0.083709499,-0.055379842,0.05124425,0.112454695,-0.081721938,0.026471498,-0.203786034,-0.102771067,-0.012469625,-0.185516008,0.168346555,0.006828228,0.095434305,0.00829186,-0.120800387,0.113652495,-0.072440097,-0.052144379,-0.01820692,-0.006970861,0.084953322,0.094349858,0.08668216,0.06150358,-0.031368192,-0.054911374,0.018950326,-0.185162472,-0.096986103,-0.026430177,0.04952695,0.095079361,-0.107777769,-0.178774769,0.031300139,-0.065372645,0.021458916,-0.02017848
3,-0.00292478,0.040039331,0.056952943,0.110100219,0.124042617,0.013015477,-0.016774418,-0.080602137,0.065379318,0.042876388,-0.020894766,-0.038656932,-0.036056875,0.032879013,-0.040423202,0.013325934,0.124032897,0.006668398,0.008876609,-0.056569771,-0.071348444,0.040036604,0.02088871,0.075011976,0.045443222,0.007354269,-0.077961703,0.005951584,-0.017589893,0.093188777,0.138117207,-0.099447279,-0.005490559,-0.009038245,0.029187073,0.064665542,0.054857515,0.038592697,-0.012725239,-0.068507927,0.015934004,-0.017625928,0.063784409,0.07503906,0.027682885,0.126647709,-0.003943139,-0.034288813,-0.044364643,-0.052802599,-0.027959442,0.037540253,0.023906574,0.064418516,0.008119356,0.08961475,0.14767644,0.03319388,0.059665749,0.059601048,0.019698928,-0.043051945,-0.019468842,-0.054654351,-0.029989025,0.064526378,-0.034648362,0.06582852,0.023353435,0.085191005,-0.057650294,0.040760504,-0.06384275,0.060473505,0.030395374,-0.121151651,0.040379892,-0.067506631,-0.034253143,-0.025296219,0.038072554,-0.004885322,-0.030635838,0.06699677,-0.043532539,0.029583461,0.081062753,-0.041674395,-0.002394173,0.118494162,0.165102701,-0.003875726,0.049444695,0.0113605,0.031558045,0.010249763,-0.080816895,0.126652341,-0.030243435,0.032835156,0.065378414,0.010018883,0.017514801,0.127201014,-0.003210637,-0.002488262,-0.019950147,0.019534963,-0.045416657,0.149601297,-0.040964348,-0.115223928,0.002041212,0.004651367,0.024742979,-0.015620225,-0.033442771,-0.025569725,0.009780567,-0.018734129
4,-0.031593807,0.022419551,0.096924534,-0.130022784,0.071127393,0.016915095,0.077998737,-0.057398313,-0.110317978,0.155007798,-0.040736961,0.128115962,0.07465959,-0.024350797,0.088895674,-0.00028806,0.236928576,0.072900331,0.080421139,0.120269654,0.071831289,0.012682022,0.008574608,-0.041593376,-0.030726895,-0.049866059,0.171820538,0.048190246,0.074777227,-0.006825943,0.183204605,0.011891415,-0.05706022,0.082543045,-0.086550466,0.308242916,-0.08195198,-0.060398491,0.032800479,-0.111566024,0.047470997,0.05167354,0.042989756,8.37014E-05,-0.123310539,0.0402641,-0.060731159,-0.003985366,0.176808154,-0.063174743,-0.086808576,0.246118377,0.007414426,0.145771189,0.041767806,0.02348414,0.090022556,-0.043539366,0.069477541,0.045503007,0.061911909,0.089585161,-0.025487639,0.03456613,0.080502151,0.087466119,-0.011611821,0.060043546,-0.028917439,0.002633847,-0.038516029,0.064789153,0.065830831,0.025272663,0.246486177,0.019098851,-0.035811798,-0.044601165,-0.108644127,-0.020665616,0.057737637,-0.076174868,-0.022086733,-0.005503682,0.070626782,0.175219048,0.086760391,-0.068429835,-0.098761744,0.053032145,-0.101118942,-0.10818239,0.041312914,-0.027308895,-0.079167931,0.052070889,-0.044980401,0.03085393,-0.009049374,-0.016978148,0.048060541,0.075033763,0.155710662,-0.084201409,0.065025497,0.029234015,0.009569962,0.024804142,0.105843112,-0.116305113,-0.034955012,-0.088116356,0.001740931,0.081430971,-0.113541204,-0.037747479,-0.051820714,-0.093954061,0.05760044,-0.091577064
5,0.009108935,-0.027817952,0.042126872,-0.056112271,-0.018558115,-0.076053051,0.095246865,-0.081947196,-0.02689843,0.138635719,-0.085672811,-0.035938035,0.038972223,-0.028441299,0.011146255,0.012196388,0.082342888,0.015910478,0.049019296,0.009136333,-0.065880476,-0.061064956,0.022943384,0.073048439,0.055529139,-0.028580841,0.048279364,-0.01249946,0.03661439,-0.109589035,0.0449462,-0.016408497,-0.031601474,0.089476282,0.003006487,-0.028209038,-0.010656911,0.093126632,0.033162911,-0.101314799,-0.015576985,0.039467802,0.076857391,0.030808548,0.0503765,0.04026457,-0.148076599,0.004242164,0.086428535,0.039709871,-0.030856956,0.012163767,-0.01144905,-0.043137915,-0.041259545,0.044028305,0.102134358,0.067384473,0.022901752,0.091239372,-0.12058604,0.054773788,0.003584734,-0.078907142,0.003804855,0.105233692,-0.002064641,0.206880956,-0.048523899,0.094466211,0.004690347,0.039889647,0.062613629,-0.018074766,0.080617849,-0.043612827,-0.067940102,-0.045460124,-0.059766991,-0.037263043,-0.001997537,0.044853314,0.044950588,-0.040735054,-0.009159972,-0.022367893,0.010732289,0.041540219,-0.034223092,-0.145252033,-0.075823887,-0.08495713,0.082331916,0.131096227,0.047496188,0.054378812,-0.101337142,0.108060611,-0.092805931,-0.049615998,-0.031608752,-0.056907902,0.055439326,-0.053821078,-0.071513689,-0.04497798,0.04206682,0.002868093,0.007249881,-0.08471598,-0.066823972,-0.102977643,0.004895384,0.011635922,-0.133519332,-0.006856706,-0.020254057,0.026626316,0.039483028,-0.028159828
6,0.007683346,0.061477022,-0.004218354,-0.041090075,0.032697257,-0.013959567,-0.012301068,-0.072430156,0.137103814,-0.062062125,-0.005797761,-0.002028712,0.088861749,-0.025024732,-0.030870591,-0.036296857,0.061337541,0.103924324,-0.014181728,0.102045997,-0.01167721,0.050583655,-0.081093399,-0.064697189,0.021128628,-0.027127094,0.033110745,0.02903714,-0.084953614,-0.020131071,0.043813896,0.03881865,0.025077281,0.039087238,0.029968329,0.136470643,-0.089482856,0.005150939,0.016753701,-0.032035113,0.020681631,0.075786485,0.03065517,-0.06062548,0.085628171,0.089897277,0.094819239,0.052530656,0.031265087,-0.012371084,-0.002395387,0.145473715,-0.033184829,-0.056318717,-0.081361977,0.070504836,0.129770824,0.098350224,0.009057593,0.163455804,0.050623405,0.047829708,-0.03647424,-0.036597667,0.031308566,0.082902199,0.056997286,0.103828791,-0.074521601,0.007737469,-0.018834611,0.077458111,-0.020695065,0.037662031,0.094230951,-0.039629203,-0.089973022,-0.040352709,-0.017699695,0.016702172,0.009518573,0.11012353,0.016179421,-0.10735657,0.113537165,0.107202932,-0.022890436,-0.093327373,-0.048024728,-0.095434196,-0.054591444,-0.100612708,0.073087459,0.01843686,0.023242285,0.023925109,0.032872133,0.164839523,-0.0289698,-0.006198493,-0.078161365,0.148020998,0.062193158,-0.039562533,0.12431902,-0.012445251,0.116002001,0.107948157,-0.000330967,-0.06477871,-0.065154114,-0.093432906,-0.023810835,0.006249291,-0.047044938,-0.047204428,-0.068023517,-0.064122278,-0.059376366,-0.005980848
7,0.055752046,0.074814676,0.031852531,0.041917643,0.116805696,0.019375592,0.004096575,-0.042923993,-0.014147728,0.002488182,-0.041288059,-0.043916126,0.025422253,-0.03012326,-0.009548064,0.034167236,0.276908727,0.181108562,0.024315458,0.028781808,-0.099868331,-0.020795439,0.034038625,-0.023709439,0.102120439,-0.08065951,0.130743904,0.031790989,-0.048755121,-0.098946399,0.10157931,0.003551508,0.095018774,0.119970396,-0.015496967,0.035114009,-0.097495497,-0.016840416,0.00143593,0.004220937,-0.085811858,-0.017659807,0.049140776,0.003309726,-0.014614571,0.012615306,-0.033120025,-0.012006647,0.061618707,0.053921694,-0.021189433,0.040146644,0.016131476,-0.081963702,0.023323946,0.029913795,0.202730903,0.06187682,0.084555745,0.082507633,0.025794487,0.02840617,-0.04448575,0.030326592,-0.072894146,0.100990906,-0.024878819,0.038679967,-0.040962432,-0.032169346,0.036162916,-0.016880043,-0.074072305,-0.043688732,0.16674658,0.026386789,-0.092763497,0.022466368,-0.102227139,-0.085747927,-0.099118283,0.022419692,0.013884853,0.024409839,0.008865555,-0.045637781,-0.002577915,-0.027760376,-0.110429305,-0.044264769,0.081838846,-0.070390778,0.022872313,-0.036482525,0.02394291,-0.031474921,-0.068611171,-0.019025928,-0.043574792,0.040357918,0.094849656,0.000943257,0.104264521,0.02925909,0.056729328,0.113925943,-0.007698763,0.065119909,-0.079366783,-0.039748048,-0.09206299,-0.093115025,0.030903124,0.000243248,-0.041605004,-0.054118158,0.010491118,-0.085747943,-0.028969586,-0.062073097
8,-0.052729112,-0.04589761,0.022186395,-0.062078676,0.117232983,-0.116017645,0.064848426,-0.117419122,0.040745379,-0.05534098,0.017765761,0.077010879,0.03500525,-0.023618383,-0.0004061,0.004786368,0.116776357,0.048350462,-0.006290871,0.093779632,0.082190897,-0.025980263,-0.055310069,0.098068994,-0.058830129,0.0324833,0.055870851,-0.035421544,0.075444384,-0.180927153,0.039878925,0.150929809,-0.063347095,0.045430629,-0.057857548,0.07151902,-0.015370365,0.074318449,0.08281568,0.035445283,-0.065309438,0.046466174,0.078232278,0.058501524,0.044506123,0.115793612,0.004919361,-0.06922368,-0.034002357,0.010870564,-0.055461599,0.146636652,-0.026086776,-0.008799347,-0.028909954,0.115248675,0.084652224,-0.005585808,0.075641028,-0.03908383,0.047590738,0.011713685,-0.011501578,-0.057148706,0.001948625,0.121823359,0.097440273,0.126691587,0.048974696,-0.029138445,0.096821572,0.035060875,-0.030014903,-0.044201555,0.111716638,-0.03918186,0.006145648,-0.036181546,-0.033145497,-0.045260859,-0.025588359,-0.038223452,0.036187871,0.01905461,-0.022910215,0.012908631,0.025696381,0.088088636,-0.011774499,-0.162735002,-0.055963672,-0.054390871,0.027202339,-0.050797553,0.065229143,0.066211173,-0.068390673,-0.002862233,-0.026600617,0.012248832,0.021521564,0.045060089,0.09788291,0.007968052,0.038136277,0.02556057,0.007409907,0.103164848,0.034393535,-0.061178584,0.020725453,-0.039760417,-0.031524191,-0.006898263,-0.138979757,0.033992394,0.014119936,0.004012177,-0.04178961,-0.079716636
9,-0.010173954,-0.006220172,-0.004947365,-0.01508831,0.070571802,-0.067812212,0.128833753,-0.066208799,-0.008087485,-0.043958937,-0.007447551,-0.024848411,-0.016045132,-0.013665834,0.041227094,-0.030781756,0.060171896,0.187467797,0.12744867,0.035733717,-0.022330729,0.070770937,-0.004316468,0.023561525,0.096293919,-0.004568818,0.1365693,0.01658773,-0.032249258,0.038471298,0.018471645,-0.091169068,0.050452869,0.039454263,-0.042226393,0.021695837,-0.08422866,-0.017314762,0.076873037,-0.015288482,0.019101815,0.059035412,0.001044651,0.054424501,-0.017411849,0.034202266,0.03369993,-0.012105355,0.058420084,0.060056868,-0.00878868,-0.016500275,0.001602735,0.040556667,0.004540346,0.009091632,0.143070707,0.105800746,0.010223053,0.075430741,-0.036394181,0.034937988,-0.097355201,-0.063417775,0.115791041,0.058571872,0.04256572,0.110957929,0.019666334,-0.058143808,-0.097944059,0.013130299,-0.001771831,-0.040520839,0.090357682,-0.069333228,-0.08535862,-0.003184702,-0.09947895,0.108773326,0.091276635,0.080899362,0.036622003,0.100267828,0.017804691,0.047479902,-0.01365347,-0.052478262,-0.025862395,-0.054558586,0.006971128,0.03063412,0.097415049,0.029377684,0.003299904,0.063460393,0.070999876,0.078588488,-0.029856068,-0.087889881,-0.100132685,0.072656885,0.06947486,0.113351588,0.106684565,-0.039741076,-0.058574659,0.007458927,0.040833118,-0.057738166,-0.095233807,-0.137204112,0.026391976,0.010997345,-0.072903334,-0.100808773,0.084460976,0.047582339,-0.018357973,-0.102313901
10,0.00759345,0.001730472,0.024978389,0.10145209,0.056298023,0.030434653,0.056439578,0.042200155,0.028085452,0.109053072,0.022892242,0.00053951,-0.075724308,-0.0684486,0.065157426,-0.00156324,0.03116812,0.071551198,0.085499421,0.054868218,0.021813584,-0.021406202,0.009291413,0.038340159,0.08869134,0.021581007,0.057010832,-0.02736978,0.156610206,-0.031709061,0.206982711,-0.066239951,-0.019083813,0.06453132,0.006533269,0.038065387,-0.040432926,-0.048978611,0.059808702,-0.034622379,-0.037687744,0.113534618,0.071320883,0.049689136,0.027367989,0.097087548,-0.075493824,0.004362007,0.034800441,0.061084166,-0.023109459,0.058275193,-0.076553411,-0.042972234,-0.03084665,0.000912037,0.170976537,0.034620645,0.06871428,0.002235006,-0.093252565,0.090370132,-0.028134448,0.03251002,-0.021295582,0.136348003,-0.016274434,0.021846439,-0.01993259,0.000398845,-0.00212054,0.03292875,-0.096672263,-0.04020914,0.157057915,0.081728534,-0.033823458,0.019902898,-0.164597345,0.049259993,0.058387182,0.168187162,-0.025767871,0.174111035,-0.018726923,0.010401852,0.085273167,-0.093570884,-0.08676548,-0.064950764,-0.042868673,-0.004943408,0.114148539,0.059327311,-0.037805808,-0.018434116,0.015820977,0.002977383,-0.003954296,-0.028020844,0.035930266,0.010317839,0.117484743,0.000147007,-0.05716397,0.029607524,-0.023675932,-0.061834187,0.014088826,-0.086802365,-0.067563288,-0.16377562,0.014168845,0.075243992,-0.134569504,-0.012643723,-0.010580081,-0.05826382,0.054963121,-0.024826118
11,-0.007259822,0.004628288,0.011539173,-0.026920393,0.175385071,-0.012768705,0.183125851,-0.072462684,-0.047534063,0.017361391,-0.031908146,-0.019799327,0.037699747,-0.15282923,0.128991501,0.034081754,0.11609962,0.122462106,-0.053011773,0.119792561,0.019279811,0.006486918,-0.084362409,0.044827777,0.08367834,-0.097597383,0.039520032,0.096263518,-0.024206506,-0.082178458,0.058185177,-0.014710123,-0.07097531,0.055521369,-0.048628672,0.076909373,-0.051257421,-0.037070007,0.059260079,-0.125846071,0.008691348,0.011109625,0.120687772,0.056388012,-0.077847557,0.261357871,-0.063765022,0.078504462,0.022129272,-0.089948198,-0.051235083,0.128975963,0.03299048,0.01666465,-0.039844062,0.019106181,0.041710884,0.11457369,0.005093149,0.122814153,0.007880899,-0.04342621,-0.005083817,0.0143641,-0.07729878,0.097824594,0.017630627,0.101446535,0.06802514,0.028514681,-0.071378997,0.003306374,-0.01180614,-0.05280168,0.275359028,-0.069249058,-0.033011623,-0.041492023,-0.125327439,0.064167331,0.076967167,-0.052552745,-0.047786467,-0.017650372,0.05540289,0.162224719,-0.005602577,0.147586465,-0.133056224,0.002399516,0.03843514,-0.130534649,0.188809611,0.018866985,-0.013588389,-0.040516986,-0.073327265,0.098509012,0.027114763,0.041650617,0.000613936,-0.037261734,0.012411732,0.080852228,0.151782848,0.050977441,-0.034029087,-0.005831482,0.034312869,-0.121081964,-0.093866255,-0.114305435,-0.002025997,0.001647434,-0.107450001,-0.032055011,0.065367613,0.000344773,0.043081998,0.040034298
12,0.100559624,-0.022241597,-0.060258567,-0.052081554,0.087814889,-0.015936274,0.092170086,-0.117995697,0.092158691,0.038114136,0.056752083,-0.017157103,0.108247093,0.00298497,0.108004692,0.040331906,0.094462341,0.18055275,-0.01496737,0.050718213,0.025438611,-0.041837096,0.056375914,0.082238634,-0.016014329,-0.053392163,0.158827585,-0.015810515,-0.028247712,0.005851164,0.068305052,-0.00905103,0.023434543,0.095858503,-0.020943055,-0.003189001,-0.070816873,-0.028631039,-0.010164199,-0.109419889,0.028224633,0.073990125,0.058922823,-0.001962404,0.010842564,0.084339701,-0.08045679,-0.094286459,-0.001361028,0.118041037,-0.014613754,0.103428761,0.013357402,0.044506944,-0.044438477,-0.021555119,0.090308486,0.116410044,0.063731181,-0.118820602,0.042288638,-0.001272495,0.01676217,-0.058119025,-0.044723888,0.137073539,0.010604702,0.063058592,0.030203377,-0.087210804,-0.086113913,0.043935094,0.131866135,-0.051150501,0.213796236,-0.031556914,0.09348835,-0.083338444,-0.149321596,0.007158355,0.088418847,0.060186234,0.037084251,0.091086177,0.030638304,0.045216323,-0.058782336,-0.086173246,0.020505317,0.036701968,-0.059389268,-0.062697407,0.116024094,0.105637647,0.006523607,-0.058177526,-0.063549769,0.071053027,-0.049082371,-0.015214016,-0.011572999,0.068650912,0.043998297,-0.060951694,0.098983369,0.054210026,-0.063346874,-0.046072366,0.082776186,-0.067352849,-0.036419411,-0.045925049,-0.010451915,0.055353914,-0.113874799,-0.052081053,0.000532166,-0.075705012,0.055509421,-0.077208191
13,-0.055713329,-0.028142684,0.122035784,-0.097832011,0.120671217,-0.05913418,0.094905411,-0.056959283,0.018187564,-0.012040565,-0.056011226,-0.011431969,0.039398031,-0.058493384,0.129048289,-0.072911112,0.033831462,0.112485181,-0.00676826,0.149756529,0.059890159,0.013218661,0.016250213,-0.081803727,0.042233496,-0.037314461,0.044680306,-0.007195168,-0.019637145,-0.032787778,0.00975368,-0.121585717,-0.067516113,0.05244478,0.060715854,0.088378364,0.010425029,0.020649161,0.029720947,0.008597298,-0.096165225,0.048773745,0.106222197,-0.025750605,0.04588403,0.011533002,-0.021708008,0.037070709,-0.003939301,-0.007798765,-0.014951678,0.139103448,0.050031868,0.098443911,-0.016480163,-0.01005451,0.051676443,0.039727787,-0.010654681,-0.005455968,-0.029083534,0.027987615,-0.01437271,-0.031864515,-0.06490945,0.032010115,0.035983554,0.008033297,-0.081018217,0.11133753,-0.103517009,-0.047845457,0.026163131,-0.035525302,0.241730943,-0.133518527,-0.050488049,-0.121437453,-0.121383898,0.002614473,0.101080783,0.038344472,0.009726744,0.135467554,0.092174577,0.005603539,-0.043765663,-0.057212605,-0.158215631,-0.090547915,-0.066518966,-0.028150332,0.154288194,0.040449511,0.127026004,0.034135425,0.009839634,0.110894663,-0.027803786,0.083430938,-0.074511973,0.072238512,-0.00657964,-0.010469776,-0.019570439,0.027816439,-0.067036788,0.041480504,-0.00107298,-0.016219766,0.013081188,-0.070150696,0.084080467,0.008637106,-0.096936292,0.02017678,-0.09604611,0.026294221,0.081698061,-0.035228009
14,-0.011907346,-0.058664488,-0.018549328,0.00208145,-0.006752575,-0.066735303,0.168405074,-0.011792523,0.047369079,0.028851931,0.001795568,0.015023955,0.093027767,-0.005906377,0.047751011,-0.041189537,0.044700622,0.004649912,0.04376076,0.063732446,-0.00098676,-0.060219136,-0.018864571,0.008218661,0.049255381,-0.049297515,-0.058891973,0.06226368,-0.027553569,-0.046835614,-0.004805694,0.081928583,-0.022520268,0.048620406,0.049789844,0.069562338,-0.077424024,-0.047289687,-0.056957653,-0.131525994,-0.040632292,-0.012869325,0.01720244,-0.07517817,-0.050138248,0.069945488,-0.123714292,-0.001139203,-0.002717261,0.00692056,0.024081984,0.027129052,-0.00471076,-0.053521564,-0.018718547,0.081354671,0.091488232,-0.057941817,0.053913261,-0.105476158,-0.03107062,0.037612624,0.020806332,0.033361635,0.022405845,0.005407096,0.026855727,0.003965459,-0.05039803,-0.05128039,-0.025087869,-0.030789996,0.063337283,-0.082005579,0.054562154,-0.001362469,-0.048758895,-0.042482185,-0.110230741,0.096034654,0.01570696,-0.033617242,0.038168968,0.0849505,0.070417385,0.114010985,-0.002606011,0.040667745,-0.0631849,0.036185928,-0.059748464,0.067163477,0.094996622,0.074530593,0.048768314,0.003165655,0.011379987,0.097246949,0.004380304,0.072983412,-0.035282422,0.029630059,-0.021157789,0.043970653,0.134159754,-0.017824558,0.02692036,-0.118856028,-0.056094612,-0.02819726,-0.049913699,-0.070830966,-0.001684004,0.001967668,-0.013293433,-0.133401448,-0.049811244,-0.118452155,-0.012892336,-0.133933158
15,0.001580937,0.024271546,0.018602842,-0.05691222,0.056435261,-0.069417958,0.161899788,-0.00993625,0.127400382,0.044928417,-0.054077389,0.017488373,-0.003588682,0.038871117,0.041098016,-0.026516505,0.069317068,0.106375827,0.014543675,0.036611624,0.015067829,-0.0314963,0.008430612,0.020906898,0.064338301,-0.032565514,0.007624463,-0.089293235,-0.016493523,0.000528454,0.06289783,-0.019675559,0.100093023,0.137579421,0.046149256,0.186041475,-0.045384074,0.014331707,0.10975394,-0.127289977,0.002643575,0.05826078,0.039302223,-0.013126434,-0.082367693,0.194319181,-0.029593208,-0.08004171,-0.014130513,-0.044236522,0.007618776,0.075374644,-0.003249258,0.03682467,0.020108868,0.090249048,-0.006909425,0.03799052,-0.064444145,0.066707293,-0.042761973,0.012348845,0.039894911,-0.027014511,-0.061651952,0.042968844,0.067400523,0.008478721,-0.023833683,0.003578257,-0.103623589,-0.023738875,-0.033561223,0.009308635,0.067039209,-0.171419162,0.053692492,-0.038011388,-0.072499774,0.122320539,-0.048234522,0.013063715,-0.029732945,0.067743572,-0.00892875,0.107424193,-0.019380127,-0.050365727,-0.176200607,-0.004132703,-0.04939983,-0.041833841,0.094735966,0.040890411,-0.042660756,-0.047992306,-0.075495261,0.061600747,-0.048797069,-0.10355661,-0.048115316,0.027598306,0.003385104,0.090302879,0.060282786,0.1131328,0.002520435,-0.002604255,-0.05499479,-0.057612427,-0.019086297,-0.146517534,-0.0543059,0.043198851,-0.03970319,-0.097179768,-0.069457667,-0.005042797,0.095053658,0.017887418
16,-0.075704143,-0.074836227,0.045494271,-0.031570505,0.027716463,-0.125537507,0.121769589,0.058451534,-0.014723236,0.002185232,-0.028799901,-0.010010582,0.060593892,-0.067220685,-0.090910182,0.013531269,0.196813166,-0.002036785,-0.006778908,0.098818702,-0.064522939,-0.067685531,-0.081244134,0.001742903,0.01147151,-0.068497522,0.046666785,-0.061563056,-0.056745483,-0.050833986,0.103766617,-0.113840828,-0.084542276,0.151592373,-0.015897154,0.114915147,-0.026508455,0.03359006,-0.0401263,-0.126892768,-0.126011634,-0.049217695,0.057607122,0.074900621,-0.023450767,0.093759495,-0.021082676,-0.069654307,-0.055412111,0.016103434,-0.095799343,0.016474748,-0.066566405,0.010497793,-0.015921452,0.058103674,0.084115047,0.010883812,-0.018868611,0.098237683,-0.066095226,0.02972577,-0.045296101,-0.089771486,-0.006745623,0.188570861,0.042979132,0.199555788,-0.005432888,0.069152595,0.049399061,0.103452877,0.013256863,0.062252007,0.161143985,-0.049530639,0.010063872,-0.025489216,-0.056841982,0.021223609,0.102973084,0.056711844,-0.08399362,0.015075354,0.093758295,0.068724811,0.066411238,-0.019060739,-0.1443893,0.035478468,-0.008050039,-0.045663308,0.063254433,0.008478091,0.011914328,0.004860766,-0.073573628,0.069252104,0.026240762,0.032527901,-0.120598184,0.050723961,0.085801876,0.102513541,0.103283425,0.072207531,0.014818455,0.027146884,-0.003200073,-0.13155227,-0.013017033,-0.024530256,0.039086769,0.073262308,-0.070477602,-0.026667961,0.023651582,-0.080069818,0.039523579,-0.059312995
17,0.079509536,-0.063785125,0.068848582,-0.036942292,0.084622644,-0.069079588,0.141472483,-0.164388994,0.009368744,-0.003656829,-0.030680659,-0.016054328,0.028484557,-0.015441342,-0.032116687,0.033661574,0.181829482,0.106558785,0.018782518,0.085291363,0.0438759,-0.054611844,-0.041882096,0.095936107,0.074234176,-0.086509013,0.060953635,0.041171612,0.027280922,-0.037915797,0.057077187,0.008384277,0.011551225,0.054633652,0.054898677,0.211544162,-0.069470149,-0.036005044,0.024981786,-0.041337325,-0.095812122,-0.006592819,0.099112701,-0.043510699,0.040925521,0.046402219,-0.044502135,-0.004596092,0.022862863,-0.006264904,-0.00159797,0.07665989,-0.059998438,0.092501598,-0.01004615,0.082449862,0.225537409,0.036340591,0.034584067,-0.087948767,-0.054596182,-0.010180611,0.017508184,0.079235519,-0.016899044,0.203712209,0.014857866,0.025235981,-0.048853989,0.028460441,0.042692887,0.084695962,0.008246007,0.111994805,0.22728665,-0.137038803,-0.058549416,0.043938873,-0.102825842,-0.017742108,0.126612098,-0.033051841,-0.064699876,0.043483889,0.022629843,0.051319838,0.013916728,0.000950887,-0.027548182,-0.00372518,-0.026837923,-0.019916958,0.114251478,0.030691928,0.034984553,0.044540063,-0.051857601,0.082676759,-0.048757427,0.045299368,0.044755697,-0.041878278,0.161660604,0.025958246,0.113183108,0.038673202,0.05447756,0.085984639,-0.063946964,-0.154778537,-0.147192573,-0.093237728,0.041690714,-0.022090977,-0.178003279,-0.111633079,-0.0221053,0.05087862,0.029855938,-0.024538326
18,0.017388466,-0.016834864,-0.006530598,-0.02288583,0.054106801,0.069890952,0.008380838,-0.005097842,0.065908097,0.072174472,0.009712826,0.020471883,-0.008225049,-0.130549511,0.127128342,0.021406656,0.103233403,0.090332494,0.090481125,0.083212907,0.036213286,-0.088788055,-0.094922763,-0.036906063,-0.036963583,-0.045236713,0.021062721,-0.007060523,0.01096674,-0.016931657,0.058271905,0.005014766,-0.040987374,0.12278355,-0.015045223,0.150327419,-0.081204682,0.013781668,0.022454823,-0.051673449,-0.005661472,0.009703573,0.032802944,-0.036468215,-0.079859116,-0.007008869,-0.121213466,-0.077495586,-4.3966E-06,-0.062078777,0.014061431,0.044021336,-0.078677806,-0.020837698,-0.005924255,-0.041980144,0.043484442,0.037821459,-0.046349841,-0.035174103,0.041534409,-0.059515723,0.020486969,-0.058797788,-0.076210028,0.07119185,0.034282698,0.021683722,-0.059121515,-0.012340267,-0.098826376,0.019085329,0.018855172,-0.061894964,0.172702251,-0.061601031,-0.029339432,-0.067085877,-0.145204244,-0.054028378,0.040201483,0.005184709,0.066762667,0.077282727,0.061447702,0.100301102,0.107788374,-0.095808471,-0.071212798,-0.021924473,0.051719907,-0.017744508,0.061459207,-0.005984391,-0.075504581,0.045505717,-0.094016935,0.061596527,-0.003170384,-0.069174064,0.111921989,-0.117588297,0.075888146,0.047496355,0.078604288,0.101353285,-0.070710585,-0.020421102,-3.04442E-05,-0.02376179,0.039243446,-0.085741431,0.018981053,-0.042175992,-0.031423435,0.007943352,-0.024487114,-0.038457504,0.185567476,-0.099523107
19,-0.013305465,-0.100626751,0.005820498,-0.041548355,0.090868527,-0.028139488,0.102232098,-0.092601178,-0.028826531,-0.035290599,-0.035644968,-0.053600699,-0.017758905,0.018554495,0.081644788,0.028917621,0.200784642,0.173785922,0.198741016,0.002332526,0.006865717,0.040770054,-0.079156051,-0.066909084,-0.018611702,-0.018116395,0.066714045,-0.043102655,0.094761512,-0.070853274,0.04136869,-0.022981808,-0.060781699,0.154539475,-0.142177314,0.096955283,0.056763712,0.024269794,-0.0059334,-0.058579601,-0.110438635,0.043862519,0.098150075,0.018142787,0.059065107,0.069937001,-0.118444561,-0.035674857,-0.081583177,0.049924908,-0.114441858,0.107059561,-0.052604203,0.057015965,-0.030965089,0.046642683,0.069066081,0.119732256,0.095061254,0.041429589,-0.000481395,-0.0430841,0.012429303,-0.081343397,-0.016386947,0.194430147,0.03012039,0.132641462,0.032056955,-0.041045731,-0.014027283,0.036089073,-0.066381908,-0.005367541,0.23794011,-0.107762276,-0.002691301,-0.004369623,-0.07488908,0.018808532,-0.005489367,-0.054453841,-0.070473319,0.037259409,0.038832559,0.106680743,-0.021055331,-0.067746805,-0.091463307,-0.053494273,-0.078001705,0.071144843,0.017713464,-0.076765954,0.054051225,0.001315524,-0.11353026,0.100418866,-0.050443233,-0.044630949,-0.017737518,-0.006205902,0.049269539,0.039563476,0.029679171,-0.056663162,0.098046703,-0.056510563,0.011003431,-0.030172763,0.023363051,-0.0895016,0.039937205,0.011454034,-0.084930714,-0.082225629,0.041006918,-0.021363459,0.079961603,0.123737892
20,-0.015549278,-0.019868732,0.102202044,-0.024955638,0.053562835,0.039653794,0.063152977,0.015199781,-0.026264176,0.143276662,-0.028985695,0.026854076,0.088126615,-0.041619129,-0.014415897,-0.036989499,0.090468199,0.143539951,0.020711292,0.197406554,-0.057869562,-0.072554264,0.02114649,-0.00845548,-0.043518298,-0.056294103,0.165221345,0.048484172,0.020417325,-0.162380348,0.008210303,-0.024069307,-0.035098917,0.080897964,0.009627772,0.109818974,-0.030700397,0.054100236,0.013512432,-0.083364519,-0.088328825,0.027768848,0.056836067,0.037270503,-0.052695648,0.105308348,-0.082072285,-0.06082102,0.056359343,-0.009732489,-0.140678593,0.068207814,-0.001484267,0.111717685,-0.081744385,0.021577366,0.051261497,0.140731678,0.031450086,0.000909663,-0.025040037,0.053369377,0.050605971,-0.002082573,-0.046907226,0.099417538,0.066782019,0.085265085,-0.017556578,0.040167584,-0.135677552,-0.04747196,-0.031325641,-0.080738864,0.131718315,-0.042666013,0.014189923,-0.079213992,-0.074702389,-0.07864644,0.000659006,0.004348962,-0.138854419,0.068773089,-0.007868318,0.212960858,0.013655811,-0.022682601,-0.033679802,0.038586598,0.003207137,-0.052081871,-0.00890659,0.145676116,0.102039953,0.206667877,-0.032322641,0.060302508,-0.025700623,-0.031033481,0.116103912,-0.028690303,0.125241835,0.038937934,0.148112288,-0.040242452,-0.064064366,0.059879266,-0.023682221,-0.126790698,-0.046917433,-0.144469981,-0.007238125,0.063190865,-0.163971611,-0.145015869,-0.09128934,-0.08667127,-0.006655651,-0.007780443
21,-0.146613452,0.021695683,0.08011705,0.054763618,0.064011116,0.09744014,0.108557116,-0.073807491,-0.085791675,0.039193264,0.07359585,0.004882327,0.018793455,-0.046741352,-0.016189941,-0.023505804,0.052665159,0.086953889,0.085779041,0.108266922,0.080175515,0.020462366,-0.013755101,-0.040131607,-0.067149316,-0.021677659,0.016906048,0.048647983,-0.04046266,-0.083151305,0.073941278,-0.004684447,-0.059611578,0.061596443,0.036048769,0.113432504,-0.050127533,-0.031145652,0.146687024,-0.028901133,0.040697152,0.012841036,0.120688545,-0.026991352,0.063146178,0.052474386,-0.000197031,-0.050647464,0.10013978,-0.034268335,-0.053227155,-0.080090928,0.01057638,-0.009527385,0.00429407,0.118979608,-0.03032172,-0.002152808,0.010399802,0.064005734,-0.063663863,0.067375546,-0.005264974,-0.035284329,0.050518393,0.000669991,0.004849839,-0.004421932,-0.038952903,0.007854249,-0.087796907,0.08279859,0.024793274,-0.053373166,0.097676477,-0.027566508,-0.093561801,0.043594508,-0.037948359,-0.068676821,-0.043498966,0.070994395,-0.000983465,0.069827715,-0.064951362,0.048330296,-0.036471142,-0.065848741,-0.122475659,0.023347344,0.019948785,-0.060470965,0.091686929,0.092061281,-0.043969313,-0.01755797,0.004163618,0.11880253,0.013185296,-0.03577765,0.027461965,-0.077153339,0.052271582,-0.017582669,-0.004812734,0.011469221,-0.013435101,0.021513833,0.066042226,-0.040075688,0.122347826,-0.10887756,0.096068722,0.119327474,-0.013644655,-0.056284568,-0.043426852,-0.115417373,-0.011683408,0.011286532
22,-0.017697424,0.008300736,0.130777864,-0.075719312,0.097905124,-0.117983428,-0.059489079,-0.086125271,-0.029024987,0.150283345,0.097490751,0.019272005,0.000814868,-0.070897705,0.054005894,0.057421406,-0.003042076,0.10790945,0.086620982,0.159409035,0.045247187,-0.001894642,0.025424754,0.005384772,0.130693706,-0.133971177,0.166810635,0.008242891,0.050404499,-0.076941133,0.055360772,-0.017338285,0.056929156,0.04212063,-0.032525848,0.054119875,-0.011585735,-0.015982458,0.079181306,0.06519865,-0.095605585,0.053746743,0.132751257,0.043845882,-0.092698657,0.039072933,-0.109524378,0.059415026,0.033686563,-0.113837417,-0.004698984,-0.019704562,-0.001485558,0.020236059,-0.020480437,0.081405204,0.1837139,0.038906655,0.028277533,0.035679695,-0.039584469,0.067915362,-0.13248313,-0.111715643,0.078913155,0.233796875,0.071696946,0.070476219,0.011368314,0.025063945,-0.07060082,-0.040688496,0.015199091,0.086225857,0.245298195,-0.007984079,-0.093324308,-0.031142758,-0.135955088,0.035949793,0.059744165,-0.009746555,-0.049408694,-0.030227921,-0.000752651,0.180045278,-0.099191404,0.030196641,-0.083854325,-0.076354088,0.01040983,-0.133439126,0.093151915,0.011746488,0.025288117,0.086153071,-0.087189529,0.066754765,-0.047061398,0.015245268,-0.027335939,0.009463445,0.110217383,0.049286301,0.057104656,0.088844647,0.012408486,0.061328392,-0.076356134,-0.051851458,-0.086731746,-0.062363893,0.051794749,-0.019929577,-0.100768929,-0.132230354,-0.051858873,0.013650904,-0.060068406,-0.039382278
23,-0.035371272,-0.011983338,0.05773596,-0.102882312,0.097288073,-0.094871011,0.166427182,0.012973159,0.050770217,0.102506061,0.08470056,0.090353362,0.04995544,0.000414886,-0.031344842,0.025926827,0.089282596,-0.01371614,0.101079782,0.046911709,0.095093132,-0.030487656,0.090310249,-0.016468277,-0.024261952,0.120563417,-0.019328019,0.171682154,-0.022804626,-0.126168642,0.014781254,-0.014171986,0.01143484,0.157379178,0.026742394,0.098934012,-0.054464018,0.063157959,0.04510356,-0.025042872,-0.086321288,0.002621401,0.137696709,0.018235228,0.049951003,0.083422662,-0.000792423,-0.008623169,0.037456176,0.029701584,0.060127913,0.137166012,-0.044017429,0.074914273,-0.063053583,0.054724843,-0.022549118,-0.039286997,-0.016598538,0.000630193,0.045977381,-0.022851961,0.027720451,-0.058158979,-0.010539365,0.117443335,0.031413722,-0.076040211,0.037697579,-0.002189169,-0.046230955,0.041303079,-0.044193098,-0.070654795,0.077856765,0.014714734,-0.059895086,0.006764545,0.048915195,-0.052915296,0.058396428,-0.039419632,-0.092772243,0.097518381,0.011072269,0.170707515,-0.028988547,-0.083567497,-0.020665814,0.020660063,-0.085590419,-0.111871275,0.153054923,-0.004044676,0.00447057,-0.081457126,-0.053628144,0.228197126,-0.062110962,-0.01519112,0.038441738,-0.035562516,0.055810501,-0.05298639,0.168237062,0.016330611,0.077574746,0.019070157,0.038816806,0.049198576,-0.021768898,-0.103547237,-0.021348563,-0.023906768,-0.053295045,-0.051859393,-0.051306936,-0.083225416,0.102252022,-0.043720062
24,-0.000793846,-0.019125271,0.071169868,-0.033927907,0.017614703,-0.008911733,0.13076823,-0.026793624,0.046664936,0.017245435,-0.048811405,-0.013862998,0.0685238,-0.03722919,0.018252886,-0.099944246,0.026897418,0.289174928,-0.091467765,0.034986606,0.046461408,0.057417501,0.022864467,0.070072883,0.048540449,-0.042962573,0.038878017,0.10755185,-0.026980058,-0.171955439,-0.09420572,-0.024319363,0.015140568,0.186420384,0.063359751,0.017124831,-0.032793571,-0.108573134,0.190992514,-0.098483158,-0.025673569,0.050746872,0.136968449,0.021342697,0.017837738,0.027442655,-0.095930264,-0.065205979,0.043606917,-0.04174453,-0.171316042,0.159813502,0.028328659,-0.023978396,-0.007796459,-0.089708502,0.060937467,-0.060811662,-0.017086057,-0.028260542,0.059678543,0.005632287,-0.048629448,-0.060769358,0.027263569,0.078297651,-0.024758332,0.17812859,-0.102520554,-0.040471434,0.054463182,0.008462723,0.081684016,-0.022386436,0.16927151,-0.087807088,0.125363987,-0.046237659,-0.091843258,-0.028687413,0.018249239,0.021494703,-0.017664174,-0.019920779,-0.033881662,0.105282164,-0.030391399,-0.013530248,-0.077270573,-0.012595958,-0.069413764,-0.07899516,0.02998208,-0.015264731,-0.001547648,-0.015006213,-0.089127104,0.030223405,-0.107506304,-0.035958756,-0.042797325,0.03554756,0.022699661,-0.001047407,0.166964318,0.039031668,0.06238043,0.012483116,0.00655097,-0.109443184,-0.081115046,-0.16930465,-0.116243398,0.065656391,-0.165153136,-0.032096453,-0.153484807,-0.070166882,-0.042889134,-0.05914253
25,-0.000479929,0.022537706,0.06163049,-0.078538906,0.016839763,-0.044237078,0.044223782,-0.068154184,-0.043371428,-0.015754422,-0.068224474,-0.061197783,-0.043450503,-0.079782376,0.080188865,-0.016756978,0.169499416,0.060131113,0.009041192,-0.038859106,0.061421457,0.123620979,0.006462226,0.173610491,0.075955199,-0.057501966,0.119127053,-0.118613451,-0.084788983,-0.014941854,0.044129181,0.056290704,0.004300811,0.058104812,0.021640442,0.009673751,0.007165937,-0.022012548,0.072756349,-0.00818189,-0.066698334,0.056423658,0.028968913,0.004960919,-0.020450746,-0.098556124,-0.041915305,0.015350268,0.006324173,-0.018924618,-0.067183221,0.007077406,0.060475391,0.077378112,0.039702537,0.133332393,0.095563818,0.078127934,0.055347232,-0.033799999,0.119849085,-0.036213507,0.047233814,-0.045454946,0.035980125,0.075583723,-0.033574072,0.131809504,0.007671041,-0.017226805,-0.095259301,0.029637711,0.008803356,-0.009324585,0.153994749,0.029013256,-0.044399595,0.006122122,-0.147085283,0.05650302,0.062364942,0.031692594,-0.003769144,0.083659668,-0.084251886,-0.042291281,0.014368853,-0.018827534,0.011686268,-0.008379591,-0.046369031,-0.028593955,0.060178597,-0.104914764,0.101517759,0.043647039,0.06610701,0.118990695,-0.006688762,-0.055952095,0.06782935,-0.10441187,0.048319808,-0.140489689,0.084156984,-0.035424052,0.076274802,0.00793186,0.052875464,-0.133829495,-0.012197134,-0.00154953,-0.032696477,0.118568101,-0.042523024,0.014434475,0.017616484,0.017691275,0.060415309,0.021834512
26,0.003823604,0.120444959,0.064676445,0.014985266,-0.053612702,-0.100858218,0.023456828,-0.026277535,0.076579251,-0.033662332,0.012894873,-0.096993293,-0.005375724,-0.0479557,0.050018773,-0.057992052,-0.008325417,-0.040236658,-0.033847567,-0.04808983,-0.002514663,0.019302621,0.024293185,0.072610396,-0.016383938,-0.020096158,0.100263977,-0.02683329,-0.017255984,-0.004207371,-0.027276727,-0.034393377,0.023391799,-0.038430001,-0.078892136,0.008186529,-0.063876252,0.032456415,0.020354048,-0.014225817,-0.023258748,-0.00383452,0.017143953,-0.071629767,0.036418394,0.092818267,-0.014820563,-0.032758818,0.02975504,-0.035737462,0.02122224,-0.061848866,-0.023258098,-0.002612201,0.100624791,0.031496882,0.004781712,-0.019065339,0.081796198,0.037648753,0.000407278,-0.076880759,-0.041956308,0.052228299,-0.049649918,0.074623299,0.002450879,0.065989695,0.125023565,-0.024772654,-0.07422758,-0.014679671,0.031443578,0.030795136,0.066835886,-0.016524597,-0.07136473,0.042118077,-0.052695629,0.023798843,0.090756056,0.041105916,0.025493013,-0.003989908,0.061574141,0.060737472,0.024547524,0.010681648,-0.019120959,0.001953354,0.016664272,-0.136975501,0.037995515,0.056739859,-0.062858171,-0.050794438,-0.058811119,0.03568258,-0.011242558,0.060148175,0.020271922,-0.016077161,-0.000879806,0.004862837,0.062843352,-0.090700078,0.022453514,0.000342325,0.022050982,-0.066719851,0.001630496,0.010357208,0.026779936,-0.006126836,-0.013898657,0.007276954,0.004945886,-0.071882227,0.115414032,0.003281639
27,0.039486151,-0.095972321,0.042826581,-0.013127109,-0.032572429,-0.030477767,0.144883444,0.038341571,0.024069891,-0.035746002,0.055540025,-0.046065696,-0.056417447,-0.022033762,-0.031562365,-0.015851155,0.003050355,-0.023374474,0.015131019,-0.044886664,-0.000225675,-0.062816876,-0.040459896,-0.013962117,0.000927085,-0.056776033,0.03236253,-0.029898844,0.037187899,-0.013607444,-0.015372251,0.008003658,-0.074690179,-0.030269701,0.080614561,-0.051264083,-0.130871374,0.049988612,-0.029419536,-0.074816727,-0.026442122,-0.020435338,-0.033979009,0.029083514,0.039051871,-0.031992942,-0.07176582,-0.053193054,-0.055068146,0.000894836,-0.04191902,0.034745221,0.039309769,0.062143875,-0.036519772,0.098466508,0.047578287,0.003664442,-0.039551026,0.004040925,-0.073055513,-0.049313481,0.098303372,-0.019234451,-0.033869153,0.016086055,0.086670411,0.04314898,-0.019723018,-0.014687523,0.016163134,0.052135267,-0.145705235,0.009042473,0.017401117,-0.114287708,-0.122071416,0.035989519,0.002040652,0.022174752,0.036825434,0.006727609,-0.030382883,0.014206319,0.036619833,0.000496652,0.011051169,-0.031473394,0.043266,-0.079895576,-0.040054947,-0.060188978,0.008771127,0.053052576,0.00581008,-0.009448437,-0.052517309,0.012676662,-0.074078636,0.048957047,0.05117791,0.079765937,0.076581696,0.021612301,0.055533057,-0.021578145,0.036987704,0.088517178,-0.01666132,-0.082859408,-0.064482134,-0.015535023,-0.047592424,0.027345366,-0.073936995,-0.018949643,-0.002668147,-0.012824319,0.024552214,-0.064962488
28,0.054268909,-0.001817684,0.091938959,-0.078043198,0.083947446,0.038831663,0.170370738,-0.074592768,-0.027681011,0.029576017,-0.004518225,0.003999574,0.206978939,0.071393705,-0.003827169,-0.013226454,0.11917896,0.113801194,-0.0310126,-0.059171991,0.041052714,-0.043567017,-0.02638685,-0.03746679,0.154691304,-0.054089004,0.163957791,0.058537343,0.054357328,-0.149573367,0.098737033,-0.105021749,0.003665767,0.11534097,0.069188036,0.057126273,-0.118926987,0.027531404,0.031381682,-0.018593999,0.058665587,0.028943736,0.196232424,0.046797662,-0.016874452,0.126301774,-0.020563031,-0.048426872,0.07563064,0.044578564,-0.068337109,0.185134974,0.088829866,0.150422628,-0.055103242,-0.087511903,0.197442311,0.007484815,0.089628558,-0.028166325,0.007307983,-0.076769488,-0.046317419,0.034028458,0.041932086,0.084877228,0.023554389,-0.027334767,0.015617604,-0.083551814,-0.051814316,0.041575562,0.010980034,-0.034359355,0.149598199,-0.039450048,0.08444787,0.026073378,-0.150998469,0.064119436,0.013926735,-0.020044115,0.030971124,0.053834553,0.003544261,0.069490197,-0.115137298,-0.054974725,0.007148952,0.029438937,0.033164364,0.094527473,0.035572204,0.021530275,0.026325129,0.035046499,-0.019690117,0.061654793,0.032358646,0.038420344,-0.071171141,0.003722628,0.014532761,0.044335375,0.016358601,0.029266525,-0.019078344,0.015655219,-0.024683813,-0.086060912,-0.07362577,-0.115515098,0.014286229,0.076328728,-0.019348347,-0.046372903,-0.020667184,-0.043714485,0.027378781,-0.016040251
29,0.029055165,-0.118498323,0.058514181,0.024663678,0.09872193,-0.012238259,0.009323677,0.039790343,-0.035086065,0.113713419,-0.028445715,0.02129135,0.057562019,-0.026682113,0.105061675,0.056199068,0.124129953,0.116582711,0.02839414,0.084839529,0.039723264,-0.016565509,-0.086814037,0.083480989,-0.000526352,-0.060284236,0.047341292,-0.110691316,0.060584375,-0.149569763,0.016391546,-0.078550775,0.032626144,0.058563023,-0.006800738,0.128367177,-0.174123605,0.001249559,-0.091748486,-0.103713907,-0.097534154,-0.018304394,0.075988633,0.018028048,0.073360199,0.094983909,-0.029135119,-0.024320288,-0.024467715,0.021342023,-0.035740548,0.1113171,0.001361164,-0.04121805,-0.082535859,-0.030150631,0.11592435,0.073729671,0.05572851,-0.019078379,0.01697723,0.046136778,0.097765458,-0.058208386,-0.051182203,0.098931555,0.052589057,0.093256065,0.017003932,-0.022077314,-0.056184493,-0.004962723,-0.040314184,-0.067942173,0.205645734,-0.053522514,-0.079189601,-0.079704383,-0.073759939,0.016011452,0.099422199,-0.037341827,0.073346439,-0.053435601,0.021908379,0.018943445,0.002327475,-0.069159393,-0.060154566,-0.119928306,-0.045638701,-0.163131598,0.066479977,0.005835944,0.034375988,0.068352529,-0.106785824,0.084301363,0.032427783,0.017768621,0.015540055,-0.022898136,0.017553167,-0.024875704,0.050342502,-0.077758971,0.067987748,0.012537188,0.066260847,-0.022203676,-0.113659872,-0.0400938,-0.016384716,-0.043693694,-0.040639664,0.070589526,-0.045372468,-0.022666542,0.161990831,-0.029275549
30,-0.017410866,-0.005811085,-0.01771356,0.009494628,-0.02659592,-0.069983311,0.247081713,0.066566597,-0.062988128,0.028933554,-0.035917304,-0.020711345,0.05347237,-0.074591887,0.119481181,-0.106157946,0.141559536,0.093568512,0.073707171,0.025983086,0.068296505,0.143576209,-0.016570699,0.061658025,-0.003657221,-0.01086825,0.159772153,0.042881124,-0.045748352,-0.008292824,0.14453587,-0.020939999,-0.018017227,0.12705599,-0.001744691,0.083853591,-0.01801545,0.099710081,0.067728453,-0.030855517,0.014519116,-0.00689772,0.089193942,-0.050805124,-0.048728897,-0.017251529,-0.032251899,0.000720986,0.029094862,-0.068000778,-0.040617668,0.174832936,-0.003615668,0.015730999,-0.015427979,0.000482959,0.084314793,0.050618464,-0.014805575,0.081896631,0.023015266,-0.063818775,0.044764054,0.015314146,0.013790675,0.12544687,0.013857541,0.101002639,-0.003831336,0.051593854,-0.05105687,0.085645033,0.032126104,-0.043982885,0.164936007,-0.062977722,-0.087192229,-0.054067024,0.040338573,0.093327169,0.154775369,0.107019003,0.03572564,0.058230937,0.082939276,-0.039893409,-0.015571107,-0.131204393,-0.030227964,-0.001075922,-0.065948535,0.020486648,0.040320258,-0.05733704,0.100183966,-0.077710691,-0.081804921,-0.027840561,-0.070401384,0.004556401,0.000994996,-0.019334516,0.050198361,-0.029556483,-0.007716844,0.098798571,0.036563373,0.033637045,-0.008014224,-0.024584367,0.013099911,-0.066050651,-0.056567923,0.023269928,-0.025557403,-0.069276907,-0.013771005,0.036740071,-0.025391697,0.028251043
31,0.016020002,0.008667079,0.110819661,0.054451015,0.015186951,0.002757707,0.06678076,-0.000246277,-0.032547635,0.085115595,-0.001162959,0.050439137,0.030183063,0.031795784,0.050841061,0.064445313,0.121825723,0.042061671,-0.010976177,0.108683692,-0.030112799,-0.051932022,-0.035395644,0.020391016,0.017661934,-0.024771442,0.133504562,0.013723678,0.013906455,-0.027765308,0.037130712,-0.068845886,-0.082520365,0.182195363,-0.047019267,0.186204161,-0.084614385,0.03653377,-0.01190991,-0.129665057,-0.020254949,0.009077014,0.059484795,-0.053552542,0.007665262,-0.010813522,-0.045152879,-0.010095909,0.011614914,0.036011633,-0.100433586,0.262861425,-0.029703616,0.05518718,0.058113763,0.029817194,0.007735733,-0.014101997,0.086564221,-0.049899964,0.01250492,0.049844097,0.029975859,0.036410191,0.02798154,0.137679341,0.018669249,0.112325808,-0.004450851,-0.033666536,-0.102288606,0.009095594,0.01786577,-0.033422248,0.167861951,-0.032229843,-0.071243194,-0.029828043,-0.197460089,0.091913199,-0.025569038,0.084708042,-0.034248958,0.01563982,0.102938543,0.164558012,-0.039223444,-0.083129694,-0.150520817,0.016086208,-0.062500901,-0.133503546,0.148168931,0.050552265,-0.097352497,0.056756693,-0.025718017,-0.013378122,0.011513054,-0.042537506,-0.005859641,0.018598442,0.029230928,0.033556204,0.140554923,0.006330522,0.001860389,0.020929303,0.042376437,0.00896462,-0.052181448,-0.028275406,-0.043281578,-0.023761618,-0.200464004,0.028314387,-0.014770278,0.030395377,-0.022614474,-0.092781699
32,-0.011179157,0.037791748,0.039274929,0.034275479,0.085357322,-0.09251948,-0.029768662,-0.025086162,0.019860037,0.050651054,0.090424071,-0.038732837,-0.021036283,0.091925148,0.076250297,-0.034596433,0.14819816,0.01011964,0.010736794,0.153256345,-0.002700316,0.068395295,-0.110291517,0.042987719,0.002160424,0.012700556,-0.056907829,-0.01625214,-0.017897554,-0.027255344,0.086179566,-0.040376685,-0.100378795,0.035463958,0.02274035,0.082073249,-0.02638585,-0.026805579,-0.058155649,-0.001438085,-0.020240596,0.016119478,0.123400162,-0.026614959,0.027520958,0.093445486,-0.060450933,0.009604536,0.083049855,0.015773429,0.000926641,0.127947395,-0.034932181,-0.006727519,-0.068591191,0.033861596,0.126008074,-0.062688295,-0.021001408,-0.006116535,0.026050684,0.012669136,-0.046771541,-0.005110371,-0.025007689,-0.054079711,0.042189676,0.056226148,-0.100180951,0.002938037,0.029932541,-0.083501946,0.037774912,-0.105688824,0.107710687,-0.075702694,0.026383372,-0.065101957,-0.060696618,0.084934745,0.070971311,-0.035123739,-0.039020059,0.026428538,-0.055533916,0.092349052,0.032442972,0.038501256,-0.085615717,-0.024437573,0.015194067,0.033841719,0.112303365,-0.093099273,0.008091761,-0.05943094,0.096599118,0.108975687,-0.07251323,-0.045478515,-0.047153753,0.047495404,0.088239158,0.110090205,0.143202604,0.105110616,-0.014704036,-0.017146545,-0.097570695,-0.044685574,-0.029756133,-0.130565056,0.072871181,0.090070578,-0.11117107,0.093803221,-0.048558896,-0.081094119,0.027240234,0.032190814
33,-0.032490524,-0.044670441,0.116668099,0.003827607,-0.024465183,0.027335844,0.22403418,-0.054452835,-0.010553476,-0.042848713,-0.001282202,-0.007224912,0.026499673,0.063238634,0.010063234,-0.048362554,0.194035595,0.107335638,0.054455546,-0.078166778,-0.020971754,0.04359963,0.043869115,-0.012158093,0.09160346,-0.078662463,-0.008596309,0.062791651,-0.016675057,-0.021517842,0.050946655,-0.030589257,-0.050388051,0.120135873,-0.044233205,-0.002699285,-0.032417358,-0.118389505,0.097445654,-0.145197334,0.018673464,0.120700262,-0.006618693,0.065457865,0.028231301,0.088402574,-0.025544538,-0.021444306,0.02389622,0.10752772,0.033219655,0.090114034,-0.085148032,0.05400135,-0.018271234,0.033703299,0.154045192,0.085912121,0.051876619,0.018542354,0.043406988,-0.086529353,0.008630696,0.033366228,0.003033332,0.188182434,-0.079675744,0.025491344,-0.095323204,0.038456735,-0.13831475,0.061388625,0.006773554,0.003505995,0.21323465,0.001915754,-0.072770057,-0.150923379,-0.126041214,0.076270063,0.023700745,-0.043699538,0.060037313,0.073639943,0.088061689,0.024349826,-0.023897992,-0.04191165,-0.101978941,-0.087855962,-0.049628543,-0.126015411,0.247818025,0.023501397,0.014622778,-0.012200534,0.041209204,-0.00359459,0.052195654,-0.052515644,-0.011466158,-0.04079942,0.009828665,-0.017547701,0.057064097,0.044944124,0.052438509,-0.044020475,0.030405375,0.024928092,-0.021657677,-0.069951253,0.034838004,0.027098451,-0.089780481,-0.045038723,0.036294779,-0.043493411,0.058962763,-0.028856771
34,0.101956401,-0.043459999,-0.087449755,0.011684561,0.143731177,-0.020394759,0.077472322,-0.012953294,-0.011958178,0.022218901,-0.032337335,0.046996215,-0.0168793,-0.082911043,0.052423436,0.084426603,0.089191463,0.029898785,0.087308373,0.089895494,-0.071024809,0.031471475,0.003517756,-0.011769951,-0.018246294,-0.059087351,0.037891962,-0.021257644,0.009065286,-0.066998679,0.225261971,0.046139761,-0.153558343,0.054214745,0.054946512,-0.006518235,-0.060550845,-0.001520442,-0.00326164,-0.116245085,-0.047854945,0.048807751,0.144254177,-0.00448286,-0.065971447,0.165883209,-0.107689341,0.168048619,0.162647511,-0.037400151,-0.086590164,-0.032930708,0.043558069,-0.001901678,0.112531066,-0.005703281,0.060763952,0.012402419,0.021025141,0.085341105,-0.052157909,-0.006534837,0.065302315,-0.044465029,-0.004236613,0.042874233,0.031191492,-0.051783706,-0.023187812,0.027589179,-0.148002374,-0.061333862,0.072547494,-0.092919426,0.200780596,0.032673407,0.007941406,-0.043579256,-0.017954734,0.093696573,0.081902375,0.029968158,-0.055731808,-0.023724271,0.079117353,0.128906972,-0.009085061,0.078302036,-0.103874341,-0.000876915,-0.018519821,-0.058595783,0.123942308,0.017621441,0.036114815,-0.011394308,-0.030219722,0.009043197,0.023316885,-0.019778876,-0.064774493,0.025755073,-0.028869075,-0.008111883,0.090750896,0.065307763,0.00141585,0.040176126,-0.019158817,-0.07840707,-0.073499937,-0.060820598,-0.039727083,0.047031153,-0.173197041,-0.020643337,0.005957099,0.071767326,0.124668271,-0.054945637
35,0.012777825,-0.017904475,0.024312701,-0.037949737,0.056766523,0.002500948,0.031945523,-0.090741448,-0.028606428,0.041693618,-0.005652109,-0.028372033,0.047469791,-0.089924347,0.008178148,0.023134081,0.116416551,0.025689043,0.131487044,0.129199552,-0.004155242,-0.07194328,0.055868604,-0.009828978,0.01774478,0.023324705,-0.006825727,0.105861826,0.091700104,0.013069452,0.143383279,-0.013288667,-0.022851984,0.095873834,0.083684458,0.024865937,-0.053406967,0.086443155,0.108320846,-0.00489862,-0.11110311,-0.004866904,0.131925176,-0.056238539,0.114031192,-0.002814283,0.057196042,0.073248679,0.085891334,0.00955089,-0.008903744,0.068672208,0.062872455,-0.015590555,0.07066014,0.135410378,0.113121815,0.083613311,0.014112745,0.007730197,-0.05824932,0.02969789,0.019019282,0.003701996,-0.061836171,0.08502725,0.041058659,0.043774944,-0.001762689,-0.08465973,0.011478129,0.048751375,0.028207235,-0.026050533,0.170742185,0.04370367,-0.014806147,0.014947067,-0.098288521,0.008670207,0.010315781,0.078993149,-0.097681508,-0.056158607,0.1062522,0.068339833,-0.047238198,-0.038690074,-0.059086381,-0.028966875,0.02650108,0.031119044,0.149222296,-0.035168343,0.037271128,0.009803346,-0.027721277,0.161830078,0.064433416,-0.009780787,0.083111094,0.039897746,0.083491553,0.055664853,0.103728133,0.005907325,0.054374465,-0.059836162,-0.008415647,-0.031053982,-0.058662542,-0.156052029,-0.053129014,0.067728089,-0.116850367,-0.030513296,-0.027054709,-0.043408895,0.111520028,-0.055255428
36,-0.072596787,-0.065373401,0.019463664,-0.013297483,0.103404202,-0.059392134,0.167111462,-0.094951575,-0.094602879,-0.010096153,0.001530565,-0.054815964,-0.009094507,-0.012423255,-0.03370701,0.079358197,0.105475978,-0.006585706,0.05614267,0.114733799,-0.069676354,0.062280238,-0.119237276,-0.002254841,0.09389229,0.053401405,0.025787032,0.02756287,-0.002121488,-0.057808891,0.098739048,-0.094477905,-0.08043026,0.177065922,0.021315154,0.144481502,-0.045479258,-0.066063715,0.116530253,-0.145274586,-0.076151384,-0.019989533,0.062075034,0.093625229,-0.050196349,0.126657394,-0.009534221,0.071813603,0.023004864,-0.049074441,-0.105499408,0.117361746,0.01456654,-0.049783995,-0.092230598,0.034000214,0.025905692,0.00054463,-0.047286195,0.139077506,-0.01537162,-0.029873492,-0.030380238,-0.037183663,0.000432336,0.171704763,0.087236929,-0.029950467,0.052434752,-0.008751262,-0.074230652,0.047690405,-0.018563235,-0.050440252,0.237609176,-0.120480687,-0.152571118,-0.073905698,-0.105613242,-0.00885703,-0.079543284,0.105845865,-0.02606113,0.077037044,0.003299469,0.175407519,-0.101007177,-0.031686616,-0.034086217,0.022799634,-0.026878494,-0.062830064,0.184712798,0.036511454,-0.036053412,-0.073210754,-0.089335055,0.067139779,-0.002907398,-0.071080675,-0.055770179,0.029417075,-0.066717543,0.008802599,0.027934119,-0.108044501,-0.061907332,-0.051208713,0.098684631,-0.023527372,-0.065715022,-0.078345091,-0.023494892,0.072734689,-0.084846294,-0.148461992,0.082632592,-0.077871502,0.018055885,0.010799154
37,-0.076589095,-0.036509878,0.045771198,-0.03406201,0.044594035,-0.052190146,0.049595996,-0.054706164,-0.00814357,-0.003002932,-0.074897355,-0.060416684,0.063381519,0.032226571,-0.025355144,-0.060624178,0.233440225,0.089111414,0.017308912,0.072995629,0.08567637,-0.015507821,-0.005347338,0.014116685,0.004942559,-0.020729012,0.060535541,0.057325689,0.0135385,-0.032465722,0.029702097,-0.047434352,-0.012819804,0.068072666,0.020631169,0.07538952,-0.029331443,0.037715891,0.156368139,-0.064333079,0.179942145,-0.061248478,0.125804718,0.077049579,-0.036787638,-0.035869655,-0.046309553,0.041062716,-0.011094648,0.003614639,0.014964987,0.094429652,7.80013E-05,0.048748609,-0.069506014,0.043231083,0.054787942,0.045192621,-0.060316855,-0.031313422,0.021806235,0.136446591,0.019335667,-0.01417347,0.040436363,0.158495574,0.08905743,0.029331351,0.037370661,0.016069955,-0.046854183,-0.00444423,0.071612962,0.027115398,0.054857523,-0.036819325,-0.017312254,0.001049722,-0.154608148,-0.053360261,-0.092849783,0.030962141,-0.004774854,0.01176509,-0.049434715,-0.031058775,-0.035360413,-0.070403727,-0.142657045,0.018470976,-0.097039458,-0.014562617,0.107293095,0.073235662,0.012904564,0.030236749,0.063865394,0.046876294,-0.010172793,0.093570387,-0.035956487,0.068793853,0.010694313,0.034720922,0.108483865,-0.027999008,-0.057722676,-0.036445091,0.03633342,-0.061509483,-0.007982628,-0.018827717,0.029111747,0.16006091,-0.115171024,0.010528494,-0.003746913,0.040497929,0.01639997,0.007979358
38,-0.033922885,0.063608566,0.019498519,-0.015695052,0.056654909,0.056683684,0.024343291,-0.014816891,-0.07328901,-0.012305052,-0.021798826,-0.084743965,0.067401769,0.082776734,-0.020469243,0.122821042,0.042936022,0.174427913,0.054757302,-0.049581025,-0.042393152,-0.017278701,0.019124632,-0.023371817,-0.112542689,-0.011809197,-0.009095058,0.057277949,-0.013584238,-0.112658337,0.016533323,0.009038369,0.024640939,-0.049800807,-0.069718778,-0.014311803,-0.027187083,-0.043441777,-0.035611079,-0.150395396,-0.068401654,-0.072340235,0.076124262,-0.105429095,0.055691531,-0.01338022,-0.00944956,-0.049034652,-0.059032248,-0.04377004,-0.011598341,0.142473318,0.066515328,0.096084682,-0.055403551,0.023979385,0.117808183,0.123581871,0.028866576,0.020357756,-0.022520857,-0.084796372,0.039957475,-0.039625076,-0.070522615,0.157297274,0.021521762,0.087405573,-0.047630137,0.005017862,-0.061656013,0.037558833,0.09589899,0.019470894,0.147086508,-0.026962473,-0.094290304,-0.056111781,-0.070668176,-0.012287688,-0.035435759,-0.061074899,-0.021927896,0.0949293,0.056143999,0.09773233,0.022841396,-0.09823083,-0.071030561,0.111358872,-0.091730574,-0.067533768,0.087452901,0.011177762,0.022728173,0.047624792,-0.075543537,0.029835061,-0.0001987,-0.147035713,0.00606513,0.06875975,0.025513499,-0.038328516,0.036522793,-0.038393122,-0.119980618,0.002310633,-0.068108259,-0.028249656,-0.027720107,-0.086688864,-0.005472793,0.019669145,-0.115722671,-0.019643858,-0.101800288,-0.113574597,0.051569234,-0.02965981
39,-0.09786552,0.039711226,-0.047092767,-0.00421343,0.108269141,-0.126059051,0.078857895,-0.003646467,-0.041385028,-0.00291299,0.003299287,-0.107517606,0.056304305,-0.053393484,0.076877259,-0.029706813,0.277191738,0.200947189,0.100748694,0.008399626,-0.064538928,0.106439993,-0.011319601,0.011372519,0.025358531,-0.05784539,0.042223145,-0.01868102,-0.034434149,-0.039598645,0.016454115,0.013878385,0.004403786,0.18173119,-0.044475837,0.052753201,-0.076711975,0.014504615,0.086509796,-0.043847706,-0.090134086,-0.036276057,0.021996296,-0.033720054,-0.086261096,0.188545298,0.008366994,0.015617103,-0.051103393,-0.022317772,-0.115792558,0.067398402,0.094805021,0.011732289,-0.148136793,0.090615495,0.113275874,0.059739292,0.032182505,0.131513479,-0.103619642,-0.090331294,0.043490963,-0.101480948,0.073715997,0.119390951,0.041532241,0.062432783,-0.02199119,-0.030011384,-0.12698248,0.0403559,-0.063674005,-0.018511797,0.183900503,-0.048934099,-0.045229231,-0.058925323,-0.016624507,0.129305836,0.049994422,-0.006644328,-0.000077367,0.141034153,-0.001864366,0.104720872,0.08832129,-0.090437593,-0.144085645,0.058469579,-0.064544743,-0.072250923,0.213080802,0.048273755,0.196837844,0.010137286,-0.091391018,0.119633289,0.018801713,0.034444971,0.026749747,-0.037975228,0.11077644,0.051318569,0.155430311,0.027450182,0.003982102,-5.93426E-05,-0.018774737,-0.066921744,-0.038965881,-0.11891598,-0.000993535,0.014643827,-0.133180414,0.005980777,-0.025843399,-0.086352196,0.038866305,0.00704845
40,-0.069301746,-0.000157674,0.034759057,-0.004676174,0.055915726,-0.07199754,0.178131153,-0.090558254,0.013193916,0.053334963,0.024053218,-0.083934442,-0.020238334,-0.028596795,0.029173676,-0.008807791,0.137383428,0.049875912,0.117932159,0.110815734,0.054587384,0.06749987,0.004316982,0.050061035,-0.069057816,-0.05185456,0.108121968,0.185427982,0.009294251,-0.066176034,-0.036945157,-0.00730456,-0.027686705,0.127751874,0.018242426,-0.0134645,-0.002418766,0.018928609,0.038749467,0.019761398,-0.047277478,0.086988989,0.000288335,0.06796505,-0.033283171,0.091545893,-0.016114844,0.040268773,-0.006393111,0.002482169,-0.089301482,0.054905461,0.105113668,0.01136993,0.072398331,0.037370221,0.088211733,0.015267057,0.077112529,-0.012823577,-0.001666129,-0.048207523,-0.093320942,-0.048423915,0.075568602,0.148608131,0.01108514,0.017712277,-0.039790033,-0.019761487,-0.05895772,0.140693424,0.038501176,0.025973265,0.06979232,-0.116214897,-0.005757586,-0.089691626,-0.067095681,0.03221051,-0.008512747,-0.028667635,-0.128999918,0.037261915,-0.001678006,0.003216977,-0.093401939,0.004505075,-0.109955264,0.025258573,-0.102071081,-0.109417068,0.213298169,0.076312609,-0.013133699,-0.053832094,0.029866549,-0.0706095,-0.041963164,0.034206461,0.046650592,0.014932619,0.036429582,0.038224249,-0.005455169,-0.052499143,0.041872512,0.045959394,-0.000301168,-0.111677893,-0.050422979,-0.134897838,0.013396718,-0.031424068,-0.120663002,-0.001111951,0.005541671,-0.006025232,-0.105644814,-0.025775594
41,0.018748058,-0.088625274,0.157751274,-0.084125852,0.100894263,-0.077124322,0.122692247,-0.030100745,0.010279219,0.030030683,0.154865778,0.019855992,0.043980474,0.007748246,0.026796992,-0.063076229,0.222619322,0.0736053,0.07828499,0.109296147,-0.034131367,0.013151051,-0.088575229,0.095069063,-0.025318541,0.026920033,0.040140722,0.008961149,0.032887438,-0.056718262,-0.058278557,-0.059011667,-0.028684806,0.083193648,-0.010459055,0.16054315,-0.062846908,0.014462169,-0.053338465,-0.107438575,-0.092623038,-0.026687947,0.215479597,0.012869227,-0.04387147,-0.015584795,-0.07834959,-0.051131503,-0.032593378,0.068729678,-0.119975883,0.218538548,-0.027841008,-0.054770342,0.087816614,0.049148435,0.083054878,0.083165088,0.048536924,0.011343414,0.006958688,0.041115877,-0.061497502,0.024480827,-0.030805224,0.127931569,0.015155476,0.143691188,-0.009057265,0.021280502,-0.095847671,0.121041176,-0.031435546,-0.017344829,0.238750135,-0.057438506,-0.015922646,-0.092332045,-0.086405803,0.05573588,0.095298541,0.084173006,0.004644997,0.130879864,-0.031208588,0.14294099,0.132654011,0.086520044,-0.119110859,-0.070367337,-0.030742781,-0.071979321,0.168594839,0.003103353,0.028504756,0.010593579,0.015450442,0.190328519,-0.067704991,0.088776096,0.063557178,0.066081655,0.067198259,0.046886478,-0.005492476,-0.072024994,0.024608461,-0.025424162,0.028652967,-0.045313301,-0.020569227,-0.124603009,0.198222878,0.104993603,-0.152572637,-0.080767798,-0.006593539,-0.043050301,0.053107319,0.012099761
42,-0.152830806,-0.052489005,-0.041490442,-0.129966681,0.219682889,0.070302071,0.038348848,-0.039005235,-0.057645688,-0.008152818,-0.003126677,-0.031010235,0.105077705,-0.049116807,0.028944579,0.109520884,0.077213467,0.152544356,-0.047324869,0.022182783,0.090065357,-0.005429208,-0.043248543,0.052472703,-0.045048913,0.002170152,0.006969158,-0.068146471,-0.086488428,-0.057760288,0.028402059,0.006976131,-0.007163064,0.152662576,0.020300876,0.005330936,-0.111248088,-0.041765945,-0.020127717,0.01475591,-0.065547461,-0.019087577,0.084581031,-0.027709259,-0.036943002,0.140773102,-0.100284269,-0.151757779,0.039318375,0.027614049,0.027660134,0.125407699,-0.025866863,0.064874549,0.030571821,0.029907724,0.047172652,0.027071422,0.117183146,0.073805839,-0.036142576,0.010156643,-0.03674042,-0.01721446,-0.01901348,0.075005341,0.02950177,0.064649668,0.022896541,0.046445653,0.001163844,0.086339658,-0.004802038,-0.003444068,0.100114161,0.014416901,-0.105563736,-0.023797172,-0.06789663,0.078772551,-0.039136042,0.03780497,-0.009929653,0.040091847,-0.01603839,0.188019364,0.070705051,-0.023080804,-0.063387969,0.066311896,0.049973142,0.016562011,0.063579559,0.088208513,0.020028156,-0.030943352,-0.050624991,-0.001578131,-0.035692488,-0.000977735,0.132523058,0.031990931,0.039555418,0.044120541,0.063782814,0.00804836,0.080060334,-0.014468477,0.032212379,-0.02571212,-0.080877031,0.032858973,-0.008952574,0.039007883,-0.083341896,-0.061815383,-0.017438503,-0.10251956,0.084837479,-0.015812586
43,-0.018704627,-0.001210289,0.058842467,0.089486238,-0.030953963,-0.112726191,0.047555697,-0.028187183,0.017544519,-0.029259522,0.001054751,-0.020470562,0.106380492,-0.056833852,0.044778434,-0.044746371,0.057267257,0.140819241,-0.007510688,0.054468448,-0.038458374,-0.055193958,0.001397498,0.041370502,0.038309308,-0.043611976,0.058067939,-0.033828629,0.024491797,-0.010225034,0.086709426,-0.078711584,0.008952828,0.114085526,-0.029266504,0.052064878,-0.070740789,0.005206781,0.102617155,-0.096765354,-0.087403292,0.09519163,0.020452635,0.067744536,-0.044219168,0.04486397,-0.112880846,0.020133467,0.046245081,0.013053718,-0.132391676,0.103377538,-0.034079322,0.014439136,-0.064346984,0.079109938,0.147665737,0.007899609,-0.023329864,-0.060306426,-0.005836293,0.025407899,0.015594012,-0.044540714,0.014697825,0.136350732,0.060585415,0.066225547,-0.022713177,0.031810704,0.093555693,0.01835219,0.097667708,-0.049353794,0.2059426,-0.107984177,0.094087139,-0.087616762,-0.043088272,-0.055571095,0.02424692,0.016872304,-0.034894713,0.107321744,0.037249072,0.142824953,-0.078757692,0.000232864,-0.078121494,-0.068667571,-0.138857066,-0.112006542,0.165106806,0.027132932,0.156790745,0.032089466,0.014543524,0.093544943,0.001350563,-0.033159728,-0.033820636,-0.000497232,-0.029256485,0.002197861,0.067210489,0.105640907,-0.041152723,0.031331471,-0.023649179,0.017249288,0.01613473,-0.183211259,0.049900696,0.000238102,-0.111869916,-0.088887769,-0.019327855,-0.083475746,-0.000419616,0.044551333
44,0.025452697,-0.056644344,-0.015090946,-0.028521372,-0.049847689,0.057321781,0.170725098,-0.147133104,0.057902452,0.099692321,-0.016336001,0.083436165,0.200193367,-0.061014895,-0.03465612,0.052497476,0.139329568,0.170809907,0.026731108,0.114435393,0.084459157,-0.026010208,0.02320514,0.10021813,0.036473034,-0.065467742,0.209427383,0.066830841,0.068703104,-0.085848147,0.130290716,-0.036105098,-0.051835572,0.121230717,0.002083819,0.259745447,-0.077270552,-0.035779317,0.027222764,-0.086626905,-0.140017867,0.152689203,0.031329609,0.004831486,-0.060592771,0.100068253,-0.030249334,-0.014990841,-0.058178863,-0.050397783,-0.117523177,-0.011460453,-0.002496575,-0.025333584,-0.104921304,-0.016021416,0.134868709,0.094769174,0.024329947,-0.008921068,-0.015260874,0.113234798,-0.054644663,-0.073663379,0.069001468,0.182629474,0.116830315,0.159144961,-0.105654272,0.018134472,-0.12370187,0.013077701,0.008246762,-0.087281066,0.29224599,-0.120090746,0.090343061,-0.041995719,-0.149279723,0.058055641,0.010051028,-0.008088558,-0.052294898,0.015709117,-0.023157636,0.174584064,-0.120176109,-0.063706988,-0.081379352,-0.099937053,-0.020408148,-0.007352614,0.100899764,0.188471175,-0.137033929,0.086596179,0.005103996,0.109899383,-0.002839685,0.117540395,0.05375266,0.077310209,0.169968674,0.080759651,0.039023375,0.094630762,-0.012903568,-0.026494054,0.00597524,-0.03385629,0.000340197,-0.085724782,-0.034722329,0.032008232,-0.098489667,-0.116586723,-0.061854546,0.014557777,0.024509837,-0.037425364
45,-0.034523351,0.04279994,-0.044133875,0.09072258,-0.120837954,-0.074757859,-0.047837205,-0.023720839,-0.037111636,0.013926764,0.078911412,-0.076030711,0.001600109,0.006256956,0.016570972,-0.024574338,0.028101094,-0.084032779,-0.032300447,0.059000334,-0.077906644,-0.011249673,0.067294979,-0.084711197,-0.043981121,-0.075369993,0.026408514,0.026985483,-0.065916423,-0.018816704,0.094902869,0.003652446,0.035575961,0.018824171,-0.024573406,-0.062712858,-0.037081178,-0.055885281,0.020331475,0.043700916,-0.07854708,-0.01930903,-0.051039739,0.02264925,-0.005570077,0.029114247,-0.004476444,-0.001323394,0.034896978,-0.0776136,-0.063673475,0.062213608,0.018839869,0.106685742,0.033636928,-0.037089224,0.028409076,-0.068487753,-0.067108164,-0.067310928,0.032915211,-0.051606126,0.088212768,-0.071950967,0.040796927,-0.031581186,0.085469349,-0.028956058,0.037450714,-0.082940468,-0.050125052,0.03650915,-0.001129583,-0.069041486,0.085960397,-0.076288184,-0.007513985,-0.016347662,-0.0587268,0.029563178,-0.025902384,0.004185551,-0.077262691,0.01123596,0.01955659,-0.018942426,-0.013293791,-0.084801832,-0.048987622,-0.086790898,0.040966601,0.053754777,0.015806091,0.035113238,0.025580713,-0.019553297,-0.052644215,-0.120241101,-0.006940375,-0.047005363,-0.002996512,-0.005728033,0.134192171,-0.087432268,0.04013099,-0.033508768,-0.060472932,0.006550021,0.073549013,-0.001529427,-0.067195053,-0.060550185,-0.008675729,-0.046663831,-0.084549714,-0.027264534,0.000207657,-0.068270012,0.035226912,-0.04018016
46,-0.027773515,0.037729577,-0.022225646,-0.091807365,0.023303807,0.077904814,0.072064051,0.008658698,0.050116873,0.021569441,0.065987761,-0.063232885,-0.068710189,-0.047438243,0.010630802,0.036082832,0.050195258,0.057068658,0.127855464,0.14147709,-0.086484101,-0.084861608,0.0053985,-0.048560438,0.00337457,-0.080694629,0.001862523,0.059299046,0.030199014,-0.048974153,-0.006121491,-0.048580717,-0.07443914,0.02654722,0.012138495,0.087930886,-0.078890997,-0.051004843,0.087832705,-0.057119502,-0.09931129,0.031069586,-0.08399503,0.225864755,-0.099638454,0.032496026,-0.138531345,-0.023717634,-0.021009192,0.155974635,-0.013928456,-0.025609543,0.001326636,0.121094172,-0.008432802,0.006881484,0.027509906,-0.046230487,0.054927611,0.016860132,-0.024484188,-0.002788138,-0.040957139,-0.083125043,-0.066316803,0.210412205,0.004925835,0.022834708,-0.033025529,-0.087515436,-0.030974003,0.032322819,-0.002475657,0.06332492,0.05558107,0.006721103,-0.065922986,-0.030333041,-0.06932819,-0.00177092,-0.03826175,-0.018589596,-0.009935971,-0.059248473,0.035278298,0.093260031,-0.027191925,-0.024651889,-0.037301575,0.059474982,-0.068238505,-0.133947922,0.137195837,0.035309358,0.012955807,0.064747547,-0.027315753,0.002201047,-0.037176737,0.021794577,0.033029753,0.012539998,0.035649075,0.00656608,0.09062556,-0.007147331,-0.095556758,0.002921545,-0.021450344,-0.031077217,-0.059903219,-0.045999784,0.006382008,0.07488477,0.002207981,-0.024054171,-0.035385717,-0.013940053,0.009782685,-0.064877691
47,0.012221145,0.004572989,0.032098953,0.08003375,0.013558959,-0.056473595,0.142136708,-0.048301229,0.004774848,-0.013699366,0.015419566,0.004905137,-0.013379007,0.006447671,-0.09122274,-0.085932714,0.128206371,0.102236275,0.034237941,0.161107268,0.034644786,0.001074477,0.011727178,0.10917214,0.067919275,-0.071337573,0.09720525,0.102533185,-0.059316255,-0.058242853,-0.000618904,0.046926763,-0.022684088,0.109076535,-0.026975753,0.0298579,-0.041661788,-0.031758772,0.053125728,-0.030915466,-0.061736001,0.142323739,-0.011426903,0.076235527,0.003752933,-0.02430059,-0.050665517,-0.01664087,-0.038689617,0.040445292,0.005227357,0.115281693,-0.00698229,0.009258841,-0.023367387,0.032692749,0.147142683,0.004771238,0.070975148,-0.043236441,-2.78752E-05,0.072038686,0.005904785,-0.035056576,-0.095305318,0.242870237,0.024108667,0.04697716,0.055186498,-0.024131549,-0.05827532,0.129903332,0.071516159,-0.068969053,0.25742184,-0.168157964,-0.086163635,-0.134876404,-0.183944617,0.098276754,0.071756997,0.084874528,-0.075273952,0.021707972,0.019904589,0.102884087,-0.009618846,-0.030660646,-0.033747529,-0.049234055,-0.015694598,-0.124441621,0.049408624,0.026026339,0.019497892,-0.0580955,-0.067216949,0.053913442,0.125092312,0.090539327,0.000622682,-0.013583084,0.024748596,0.077300961,0.046976163,-0.101995872,-0.007863047,-0.095642989,0.040494099,-0.06463057,-0.162397495,-0.08164221,0.040981537,0.043313512,-0.040473206,-0.128331689,0.009576085,-0.057300483,0.027474297,-0.089330033
48,0.025685118,0.089708309,0.137899581,-0.042829732,0.048554407,-0.014627717,0.051413182,0.019586831,-0.02530134,0.065996971,-0.040002623,0.022789876,-0.030478089,0.01627601,0.013267746,-0.050175936,0.078093382,0.060869228,0.046629877,0.145562182,0.03296869,0.023992731,-0.002738458,-0.01327687,-0.115550616,-0.068379967,0.108244524,0.085418415,0.155811725,-0.065531723,0.065096946,-0.063774453,-0.023433282,0.14711585,-0.032099531,0.059935456,-0.0568277,-0.074820988,0.115143888,-0.01430854,0.050374825,0.01626069,-0.051261104,0.002921351,0.120599546,0.115121673,0.079250289,-0.085789902,0.045679204,0.025059731,-0.062935387,0.072168547,0.113682298,0.04233526,0.000699035,0.073372972,0.130209947,0.099196509,0.101854642,0.000207898,-0.009577301,0.018270672,0.001996801,-0.041388223,0.062100147,0.069666512,0.083738325,-0.016023241,-0.015504922,-0.039751145,-0.08237616,-0.020226304,0.03226702,-0.070978567,0.15642422,-0.092743947,-0.127712797,-0.052996502,-0.054511466,0.101796732,0.100791834,0.118703594,-0.020295137,0.017781897,0.040342342,0.122990265,0.00501706,-0.075719878,-0.12739907,0.070288701,-0.070535365,-0.033379948,0.093466685,-0.108041884,0.05189897,0.10278412,0.026451009,0.073653919,-0.114543862,-0.086691489,0.033374366,0.113925254,0.005909158,0.077251493,0.041422816,0.005605366,0.067419537,0.037120187,-0.032804777,-0.017543204,-0.002306518,-0.01024242,-0.038303354,0.071122011,-0.155180774,-0.062982693,-0.00282234,-0.113744088,0.09520291,-0.082072781
49,-0.106132431,0.015768811,0.074485975,0.020108445,0.008445257,0.025214922,0.094240948,-0.065261005,-0.033220156,0.04330919,-0.023387657,-0.084768805,0.014719643,-0.100199245,0.010947014,-0.037465057,0.140106673,0.182333255,0.063446678,0.065877128,0.026191623,-0.102329917,0.010691093,-0.011517025,-0.021433738,-0.067007483,0.004683904,-0.012121827,-0.073440199,-0.085627445,0.027701619,-0.009094381,-0.078979762,0.132400827,0.005502121,0.247440654,0.010422961,0.087127865,0.025990734,-0.029687604,-0.140278309,0.042635864,0.074715657,-0.008137151,-0.006882504,0.066870859,-0.036165553,-0.060146685,0.04242062,-0.006838997,-0.116191237,0.138331421,-0.050384705,-0.038312581,-0.010571439,0.027787521,0.103535007,0.014420609,-0.036650145,-0.071957165,0.036389895,0.067870012,-0.044326988,-0.074072334,0.0259329,0.083742477,0.060287108,0.036590922,0.055836711,0.068236986,-0.049803083,-0.016527114,0.017518538,-0.006906321,0.233102032,-0.051488793,-0.112182011,-0.057337326,-0.141815374,0.012428694,0.041713584,0.013468331,-0.001929511,0.024069521,0.030864851,0.138442276,0.073884547,-0.053351232,-0.114398183,0.054981054,0.02655801,-0.097116572,0.141705368,0.021665148,0.08809241,-0.044510053,0.10927143,-0.0246467,-0.065995215,-0.087774663,-0.018803154,-0.03669432,0.021007108,-0.019944817,0.021391062,-0.042399852,0.038539749,0.050933005,-0.049700268,-0.037450118,-0.045585988,-0.156727395,-0.019562737,0.077618689,-0.155523045,-0.063364855,0.007364366,-0.054153327,0.058020298,-0.072104468
50,0.034850701,-0.03468733,0.087388111,-0.011548793,0.066218647,0.04767741,0.133244905,-0.030010764,0.060695443,0.086065244,0.114179123,-0.127068848,0.070229261,0.051497916,0.04512602,0.002523691,0.092655418,0.064834459,0.01378462,0.008164353,0.007103925,0.035365485,-0.12478048,-0.092433111,0.032873507,0.025513913,0.053011575,-0.05504443,-0.034241523,-0.081263513,0.058265191,0.013453438,-0.012870887,0.037985163,-0.06275825,-0.057043401,-0.109915995,-0.071935648,0.042624334,-0.087386846,-0.134324649,0.05807697,-0.058407046,-0.080313999,-0.025620673,0.073959855,-0.031599186,0.040768096,-0.0530984,0.11462784,-0.134332503,0.046068037,-0.005838534,-0.024100925,0.124935898,0.072139419,0.0284057,0.028794071,0.091318511,-0.017701059,-0.029524689,0.045682941,0.042725136,-0.037207569,0.062437743,0.165632825,0.001098926,0.011478037,-0.052564025,-0.044004336,-0.050940357,-0.056925259,0.007982354,-0.080780884,0.327506908,-0.107059076,-0.078577402,0.020257995,-0.071879816,0.006891772,0.093769944,0.005843615,0.038308984,0.091359938,0.028704318,0.006394223,-0.063453822,-0.048148821,-0.093068462,0.06583357,-0.059116871,-0.044774858,0.098229558,-0.066329508,0.16477972,0.015721467,-0.029585932,0.051226193,-0.013771487,0.003359074,0.022943401,0.038774635,0.053456667,0.139253893,0.123705897,0.037453484,-0.118580382,0.013422116,0.156116613,-0.040478601,-0.061724532,-0.144827302,-0.011696859,0.001366105,-0.11844289,-0.056475136,-0.013144877,0.049971251,-0.011866254,-0.043794957
51,-0.026339022,0.026596541,-0.026512949,-0.048587922,0.178623221,0.00189036,0.051579938,-0.039540434,-0.087039666,0.059993201,0.01515678,0.069430337,0.047649136,0.016583738,0.121720856,-0.092113809,0.122678582,0.200862661,-0.021018838,0.037866303,0.032422619,0.090640691,-0.023040959,-0.039356921,-0.017775294,-0.089876447,0.044271892,-0.069231196,0.087902382,-0.064714915,0.098348162,-0.031537738,-0.042857647,0.172676811,0.107573649,0.18931995,-0.075565274,0.004686567,0.004911656,-0.079351249,-0.08228979,0.039078285,0.052614572,0.067883899,0.037104931,0.133455777,-0.081799892,0.032633959,-0.038638009,0.049453006,-0.034906785,0.052670087,0.041053729,-0.069031249,-0.051543221,0.044617625,0.014780895,0.076929144,0.029267755,0.079677223,-0.057893436,-0.029178693,0.064578688,-0.030329421,0.043559881,0.045931098,0.033044621,0.031281592,-0.032602227,-0.083299099,-0.022178712,0.018577716,0.086540684,-0.014258559,0.240235639,-0.040672861,-0.079475609,-0.027291284,-0.070534727,0.02369694,-0.014119945,-0.024608397,-0.030937991,0.01944282,-0.00658378,0.091427504,0.045620997,-0.035898644,-0.143770966,-0.083870088,-0.099927364,0.056524275,0.127265029,0.009888032,-0.117845708,-0.017479447,-0.005114437,0.064714056,0.000732489,0.011398627,-0.002418961,-0.020792505,0.04688536,0.033776352,0.072703998,0.083946513,-0.007135575,0.006285506,-0.033784411,0.026762494,-0.023757681,-0.08289603,-0.004132938,0.027053315,-0.080003509,0.014377528,0.063650038,-0.028629279,0.042831347,-0.053017234
52,-0.017407534,-0.060889051,0.072229894,-0.108190003,-0.001172732,-0.01425726,0.085462216,-0.089752864,0.005705254,0.165838025,-0.00457511,-0.03341706,-0.017414572,0.06240928,0.032960271,0.023075655,0.203180594,0.08695603,-0.000564046,0.129430862,-0.007187163,-0.048761182,-0.036857373,0.13890885,0.042217598,-0.055330787,0.097854452,-0.033217863,0.123344723,-0.014154399,0.080236087,-0.04455654,-0.101470689,0.12316461,-0.015698913,0.137361738,-0.137837414,-0.082032664,-0.005944685,-0.100414411,0.062803847,0.035165358,-0.005030052,0.013601785,-0.039152849,0.055650781,-0.0690204,-0.02759574,-0.082350282,-0.03937145,-0.085433794,0.117120568,-0.030409877,0.062350179,0.066164709,-0.000493755,0.078652538,0.030671275,0.042362669,0.076585488,0.036211262,-0.030883539,-0.115281513,-0.082947622,-0.034399863,0.087057353,0.072659652,0.045333958,0.060706401,-0.023739453,-0.074967601,-0.008481526,0.025544032,-0.074878372,0.095788244,-0.058170097,1.63472E-05,-0.072927826,-0.090847182,-0.075133552,0.056352226,0.002483296,-0.029860959,-0.003828335,0.00789692,0.00465811,-0.055870016,-0.021250818,-0.052062659,-0.001711209,-0.023227986,-0.042598054,0.094384423,-0.048427718,0.125069631,-0.117873646,-0.004103679,0.114499736,-0.111086499,0.023840657,-0.051343727,0.063491132,0.041606574,0.106874469,-0.014101671,-0.025314742,0.063195928,-0.051123158,0.007556028,-0.160068681,-0.06003315,-0.078562751,-0.053310139,0.064035763,-0.044738771,-0.097628513,-0.113011256,-0.139625136,0.047892824,-0.027676726
53,-0.060706027,-0.034435386,-0.004116735,-0.089071762,0.101506508,-0.109480479,0.138583532,-0.141295087,0.001780643,0.050647525,0.13390795,-0.02422128,0.101307302,-0.101538049,0.052319038,0.010058532,0.191171037,0.053035907,0.043631784,0.052964914,0.037886845,-0.062455084,0.002085043,0.015059649,0.129500538,-0.111637785,0.158878917,-0.00623352,0.003408999,-0.063403879,0.013413989,-0.020138938,-0.110324849,0.107475297,-0.005886351,0.121327719,-0.121412185,0.005500424,0.011247176,-0.137835878,-0.026656485,0.010277804,0.129788016,0.048406843,-0.086382521,0.153027194,-0.099501694,0.031406776,0.099029544,-0.030480662,-0.081544062,0.067138204,0.04685707,0.06379577,-0.01135308,0.021835774,0.141661376,0.193333496,0.065346246,0.015674292,0.047693934,-0.035022961,-0.109454584,0.096532334,-0.029476681,0.122437921,0.013883956,0.261188965,-0.00366946,-0.0664905,0.007384436,-0.012579281,-0.017149942,-0.080073045,0.157251522,-0.098178137,-0.044762737,-0.001258308,-0.128128706,0.111683951,-0.005479235,0.034356055,-0.124004738,0.004425961,0.011139135,0.058511229,0.100567463,-0.086098759,-0.100757617,-0.075426092,-0.060548404,-0.116552909,0.092256386,0.041546845,0.106714223,-0.03988074,-0.115866407,0.051524796,-0.058963179,-0.054492364,-0.018900381,0.039193332,0.049705099,0.03378429,0.205155858,-0.031587002,-0.037901694,-0.026394888,0.059022214,-0.013276697,-0.064326995,-0.090382857,0.083770556,0.083601203,-0.177955809,-0.036246799,-0.036201264,-0.17660559,0.20251068,-0.071985795
54,0.022424495,0.021819411,0.044664534,-0.083854703,0.080140011,-0.063038961,0.158393665,-0.0422274,-0.010758778,0.041493145,-0.058259335,0.125446168,0.074142674,-0.000928014,0.055823916,-0.031823898,0.180331684,0.11491144,0.066623142,0.100308975,0.001804886,0.051819338,0.083490201,-0.008144589,-0.02848706,0.108173427,0.002922482,0.021144781,0.030182673,-0.022834575,0.014576118,-0.047489139,-0.06941503,0.222603851,0.009217115,0.131595747,-0.093865746,0.031112887,-0.040349747,-0.091082864,-0.023510295,0.067611968,0.104876133,0.060551942,0.113971063,0.118705798,0.014035349,0.024694549,0.051092759,0.010860904,-0.106732387,0.192450612,0.002650601,0.066143804,0.104286007,0.012563351,0.061925336,0.052263662,0.006094229,0.016973322,0.013206781,0.108995925,-0.004311411,-0.070531679,0.047545908,0.109264536,0.052366656,0.038168966,0.049015219,0.02611905,0.014927372,0.032090869,0.102078008,-0.052582681,0.247864695,-0.006201679,-0.07984947,-0.053189349,-0.148384396,-0.045037421,-0.005857028,0.004543467,-0.065521711,0.083108154,-0.000685987,-0.011914201,-0.002316003,0.025152853,-0.055943527,-0.064315154,-0.009822193,-0.079600611,0.165140649,0.000312661,0.090121527,0.050629809,0.040436475,0.059122753,-0.061177839,-0.057813594,0.079808502,0.046926804,0.109292061,0.006973289,0.151637048,-0.068088083,-0.026494059,0.04791039,-0.042275171,-0.103838021,-0.012702243,-0.106773799,-0.00412512,0.159952985,-0.09243258,0.012311617,-0.022955914,0.014134309,-0.005430985,-0.021924882
55,-0.019907599,-0.054365241,0.039893865,0.0040257,0.097035303,-0.052478357,0.101389629,-0.010258159,0.029251375,0.077991756,0.12342864,-0.058815621,0.049253552,-0.074796048,0.003872153,-0.027065663,0.154404645,0.117353657,0.138217052,0.075179605,0.010406569,0.024853469,0.040947311,0.005673836,0.019492306,-0.02279292,0.135950895,0.05398188,0.063502986,-0.044827278,0.124926932,-0.013837122,-0.147799289,0.07651772,0.004873052,0.149792624,-0.025845741,0.015240432,0.218563396,-0.023021862,-0.006278697,0.131193827,0.125618453,0.013452097,0.080301897,0.090879756,-0.085414359,0.077282913,-0.037400538,0.069103521,-0.077589883,0.015619872,0.005762028,0.130099783,0.087698976,0.054753627,0.000840792,0.006679297,0.077554704,0.048342232,-0.002436142,0.007739849,-0.105984177,-0.084912215,-0.012523549,0.102373661,0.039600355,0.135612146,0.061591241,-0.013049438,-0.066473509,0.013792901,0.077318356,-0.06783717,0.084945498,-0.026919918,-0.098169605,0.087309492,-0.181890109,0.035956684,0.031308486,-0.000996932,0.003677358,0.07528473,0.039387179,0.077954139,-0.055301869,-0.06982763,-0.10183781,-0.094923074,0.008588196,-0.117395007,0.066167786,0.097326947,-0.089564231,-0.080251735,-0.156987676,-0.025929971,0.076356204,0.021070253,0.018302746,0.140043489,0.177381293,0.005564412,0.103479102,-0.057443371,0.024368843,-0.009924208,0.013356071,-0.11209213,-0.02765075,0.020292068,0.018421354,0.061021403,-0.034546262,-0.068605047,-0.051596751,-0.063922858,0.166830311,-0.078689635
56,5.11507E-05,0.024615653,0.151681756,-0.052651986,0.050949713,-0.059588863,0.112349496,-0.058419862,-0.046650295,0.034935317,-0.009370669,-0.144248172,0.02926844,-0.057155892,-0.029186503,0.061079036,0.167768508,-0.008981964,-0.031635268,0.087445519,-0.010964505,0.01590287,-0.073223347,0.095599584,0.078635967,-0.126011217,0.023257229,0.075894121,-0.037695826,-0.087361839,0.030585517,0.015764816,-0.040040105,0.082492687,0.009615246,0.105461765,-0.063903234,-0.053494638,-0.091632617,0.013663538,0.024052823,0.032449885,-0.041251708,0.074534008,0.0383271,-0.00777627,0.123983402,-0.061716765,-0.027954285,0.091792402,-0.087262857,0.132985599,0.056548129,-0.064890655,-0.047950918,0.105786866,0.092907812,0.082924399,-0.056402574,-0.021013173,0.069038408,0.0229982,-0.090062121,-0.108545653,-0.141179738,0.053758997,0.08613635,0.037941635,0.023452965,-0.023126872,0.033409275,-0.011080403,-0.030093758,-7.17278E-05,0.142250918,-0.074668546,0.034150272,0.108401798,-0.06235028,0.091957097,0.038526794,0.090236891,-0.053624693,0.019078951,-0.003566629,0.03641645,-0.017439039,-0.062501211,-0.07705568,0.02932489,-0.050965388,-0.00267053,0.056988873,0.026550143,0.000639059,0.069260747,-0.010423172,0.197051268,-0.032214588,-0.011820159,0.053409636,-0.039443468,0.06297204,0.053266331,-0.04463585,-0.048188447,-0.076502588,-0.018005575,0.068340467,-0.068952531,-0.031908359,-0.07719319,-0.02705234,0.019553506,-0.045768189,-0.013472234,-0.021183591,0.004353784,-0.03274199,-0.063586657
57,0.020475672,0.03105684,0.018491172,-0.075881282,0.092724412,0.045383048,-0.015118042,-0.027762601,0.078895756,0.060691869,0.043242078,-0.009654061,-0.057702226,0.030360364,-0.016001816,0.060855299,0.091540122,0.114668403,0.005956897,0.028171204,-0.041819398,0.030339676,-0.015178064,-0.003464972,-0.005403495,-0.106494753,0.028364052,-0.04510934,0.100423059,-0.092097152,0.076118881,0.009610123,0.040291719,0.059511548,0.060878237,0.1379086,-0.055316619,-0.0467425,0.095522174,-0.050422025,-0.064830555,0.072886957,0.088864138,0.041361293,-0.080397974,0.029302389,0.02189289,0.00416024,0.120232811,-0.034707417,-0.083391521,0.097707048,0.071848805,0.010917803,-0.000544554,0.037631527,0.030892194,0.108123851,0.054284719,-0.006440359,-0.081504477,-0.133518569,-0.041783353,-0.007845647,-0.016304486,0.026373955,0.096759668,0.055960513,0.006321194,-0.0093413,-0.015475737,-0.009243171,0.120872484,-0.021303671,0.30377424,0.008577149,-0.059099068,0.001023058,-0.146476194,0.157461973,0.022433727,-0.034994727,-0.053043589,-0.033168788,0.040557815,-0.002625746,-0.065046078,-0.029120696,-0.017752184,0.001371714,0.017368967,0.003105408,0.058471236,-0.035909503,0.010130814,0.135266453,-0.052037426,0.024875939,-0.014885782,0.009336035,-0.099701659,-0.014091881,0.006274383,-0.053175346,0.120940548,0.124742405,-0.047541524,0.012734557,0.001974872,-0.116887057,-0.086254051,-0.083539626,0.081911506,-0.015380715,-0.113228823,-0.046684375,-0.006827235,-0.045693693,0.0416625,-0.03183302
58,0.042104742,0.068169655,0.117091452,-0.069362329,0.06297197,-0.070958011,0.034801337,-0.083231385,0.014599926,-0.005828644,-0.00648525,-0.078474953,-0.039262948,0.012693166,0.05019062,0.02420742,0.144109347,0.121794636,0.065507254,0.085339569,0.122533441,-0.0892667,0.052460762,0.100697156,0.051599884,0.002113981,0.073854523,0.007319275,0.12224903,-0.160693164,-0.047313219,-0.030168386,-0.098229184,0.047850654,-0.025647887,0.089263255,-0.031261173,0.036067909,0.026164014,-0.066123568,-0.029207295,0.054396733,0.012837965,0.022327735,-0.037552224,0.142774375,-0.153690352,-0.075507579,0.037913321,0.015459005,-0.074231478,0.027882463,0.061004454,-0.044607053,0.02513469,0.042553829,0.217534929,0.038008871,-0.009319165,-0.013855069,-0.038896973,0.056650008,-0.018755503,-0.057787009,-0.052415576,0.187403963,0.072543741,-0.00173524,-0.022573878,0.011642442,0.056533731,0.016913001,0.037475284,-0.005106884,0.065320332,-0.037424271,0.032984849,-0.064050324,-0.122845603,-0.004955755,0.191790333,0.054964404,0.020938476,0.008548785,0.004175682,0.071817468,0.14072766,-0.016015811,0.003849943,-0.051295364,-0.018806366,-0.040570083,0.052306787,0.025517412,-0.070849774,0.094605254,-0.006966351,-0.001466476,-0.030420364,-0.035008052,0.101510547,0.040180594,0.071548919,0.042184651,0.088752199,-0.073584348,0.067612749,0.047702464,-0.017989853,0.022800034,-0.076952708,-0.143203442,-0.026281257,0.055867652,-0.074341486,-0.069171478,-0.045542927,-0.010180911,0.088180865,-0.018740024
59,0.036905585,0.072034486,0.072271952,-0.005786505,0.005100696,0.017917618,0.046143053,0.029663773,0.054784073,-0.036932266,-0.058366573,-0.021363287,0.036183009,-0.049453188,0.153982246,-0.050657797,0.222306154,0.144887662,-0.025088708,0.042414284,-0.002484581,0.065692462,0.025545201,0.091775204,-0.090759404,-0.061920181,0.010503243,-0.022275075,0.045290024,-0.121249067,0.067710611,-0.082790046,0.027117012,0.235566099,-0.027812474,0.064419088,-0.078427793,-0.026258191,0.131124095,-0.078053841,0.015299619,0.010456942,0.03687492,-0.039334804,0.031477113,0.134618819,-0.056709839,0.002333865,-0.008562934,0.036658642,-0.079172969,0.162804821,-0.011004661,0.027269034,-0.050902092,-0.022094591,0.185769891,0.190728002,0.134441057,-0.082320609,-0.076327927,0.021983423,-0.074451598,-0.001314785,-0.0398755,0.174434436,-0.004201416,0.113705828,0.055059394,-0.049788392,0.004319416,0.138381033,-0.032641728,0.002452726,0.244584137,-0.089248743,-0.099188226,-0.050867624,-0.143912446,0.074780021,-0.019932932,0.11551572,-0.036558803,-0.000848279,0.012669685,0.036622224,0.087718279,-0.093553025,-0.092172799,-0.053202695,0.047132278,-0.109549444,0.039874685,-0.027180871,-0.008111014,0.020018834,0.007479442,0.008394901,0.034024741,-0.012457069,-0.047606982,0.002734489,0.168734268,0.056127704,0.146578749,0.011245587,0.079257835,0.031966314,-0.038490083,-0.110799789,-0.096829764,-0.156287426,0.023851141,0.024288747,-0.122179293,-0.002206889,-0.084195206,-0.002138236,-0.039357928,-0.0753451
60,-0.048974171,-0.023870021,-0.007230508,-0.095997246,0.134636228,-0.069417669,0.093957295,-0.027785421,0.126190212,0.001426282,0.070134333,-0.107775415,0.094611611,-0.030448195,0.026932152,0.038440969,0.033523402,0.172591172,0.084724048,0.063724582,0.013705929,0.061515763,-0.006045365,0.037835747,0.002945021,-0.063411506,0.044303699,0.03594102,0.062748067,-0.030950668,0.154307103,-0.044254144,-0.02669207,0.063917915,-0.1024471,0.101543894,-0.101657711,0.047425548,-0.009323143,-0.048936208,-0.04176392,0.004692045,0.038627554,-0.001234179,-0.076432359,0.120150728,0.021271453,0.017171576,0.030343008,0.053998602,-0.09364672,0.09564055,0.004592371,0.01660416,-0.069807471,0.221176745,0.094390731,0.001156974,-0.029595068,0.160996543,0.008494445,0.046609843,-0.054437975,-0.0280737,-0.092043366,0.059059597,0.076299893,-0.05911965,0.000203632,-0.021659277,0.009272506,0.031877334,-0.027150537,-0.049515003,0.103440327,-0.056041586,-0.003773234,-0.054023213,-0.051618918,0.080880541,-0.01992242,-0.097555606,0.000876362,0.055761714,0.082564671,0.127579341,-0.067476923,-0.062391517,-0.097883947,-0.024190139,0.063038067,-0.029279684,0.055582276,-0.030634481,-0.05090223,0.00020507,-0.034251501,0.074915937,-0.013153565,0.010169251,0.017270275,0.034019212,0.019431163,0.181636456,0.103067888,0.126772417,-0.077986298,-0.060953038,0.040271575,-0.037772164,-0.142386565,-0.143244916,0.094365105,0.060056665,-0.113173814,-0.034830371,-0.018440613,-0.038726609,0.078607124,0.024152015
61,-0.090771041,-0.053768012,0.059381961,0.039867987,-0.002447912,0.024184441,0.105265702,-0.069486513,0.047944786,0.047618151,0.046681583,-0.109340379,0.021588904,-0.039280727,-0.052311662,-0.032810716,0.111157186,0.146480688,0.0388562,0.039207969,0.044278272,-0.004368171,-0.020637748,-0.048067784,0.031810096,-0.055447272,0.023709726,0.059832588,0.031026172,-0.009926985,0.125114628,-0.022796622,-0.034570682,0.018984296,0.036155106,0.137056261,-0.102960364,-0.077613978,-0.015673393,-0.087928819,-0.043278884,0.105148826,0.075315541,-0.060943283,-0.094154364,0.085358854,0.055193474,-0.080417312,0.132031493,-0.034939672,-0.172007646,0.121743232,0.021107754,0.014789172,0.09504154,0.005946728,0.124656256,0.049889096,0.093329539,-0.01638758,-0.12414666,0.03781135,0.014122318,0.011901986,-0.038558445,0.131982385,0.042493292,-0.046178918,0.020086181,0.035181682,-0.119591213,-0.064067055,0.052114582,-0.026472147,0.22748313,-0.075593704,-0.057428902,0.050512352,-0.067239943,-0.02643391,-0.029484045,0.022460193,-0.021536481,0.044028803,0.036484504,0.058175068,-0.046498912,-0.078957481,-0.107470405,0.000445394,-0.066862261,-0.03496841,0.147355025,0.047237839,-0.031866732,-0.063489344,0.02052933,0.037531336,0.008471171,-0.032028972,-0.023246661,0.010115355,0.14741644,0.055692307,0.235232616,-0.000222905,-0.003470106,0.00054129,-0.092203207,-0.035996795,-0.072085944,-0.087249303,0.042769877,0.031860745,-0.091443508,-0.039884765,0.122741932,-0.099139215,0.039020002,0.000241168
62,-0.032056905,-0.009507585,0.10811518,-0.089685035,0.070658272,-0.02832618,0.107185801,-0.190246558,0.02275356,0.079216778,0.001663499,-0.120048267,0.019918109,0.170348869,0.027107083,-0.096447843,0.224112783,0.165768382,0.058054632,0.086057903,-0.028941494,0.00864796,-0.061660648,0.001156035,-0.016104186,-0.130409285,0.05597514,-0.003449679,0.11310291,-0.161358786,0.205934022,-0.027747734,-0.019847939,0.084822287,0.016352924,0.177431061,-0.197937701,0.011370924,0.120266845,-0.068927859,-0.103298344,0.022989005,0.150856081,0.034632092,-0.076717498,0.077895743,-0.03719771,-0.012628715,0.039487172,0.012266972,-0.07321779,0.267825856,0.059196718,0.052731826,-0.087644344,0.208452381,0.263162385,0.090947457,0.071097408,0.030705608,0.039276075,-0.028063566,-0.058840607,-0.049756573,-0.142800923,0.283477383,0.000855926,0.129949089,0.005464098,-0.010506637,-0.086302911,-0.015038425,0.007924337,-0.01519252,0.281677383,-0.08986317,-0.033228178,-0.061223908,-0.127335635,-0.007980318,0.152633378,0.072864064,0.001691297,0.119790842,-0.084446935,0.146230957,0.037314329,-0.031585674,-0.116798065,-0.040049602,-0.07059256,-0.0914255,0.128281466,0.056706291,0.036940881,0.048443959,-0.011934527,0.168992839,0.005100917,0.033741346,0.098478868,0.086505012,0.126436882,0.042912123,0.209922596,-0.011616994,-0.055350285,0.094552602,0.039520098,-0.065899313,-0.058260047,-0.171105918,0.021070712,0.158781945,-0.187216139,-0.082726101,0.02177803,-0.041183031,0.077131529,-0.012624094
63,-0.034987624,0.074551911,0.065964998,-0.093133263,0.075871394,-0.137137556,0.112719805,0.008123111,-0.007315232,-0.003859016,-0.052568982,0.042273897,0.10153547,-0.088805776,0.009283137,0.003118996,0.167233253,0.153147567,0.015337117,0.175858895,0.003764039,0.11073509,-0.014824059,0.162525203,0.038650075,0.019007249,0.189558417,-0.079829988,0.093502801,-0.080469835,0.038600806,-0.141391785,-0.060742603,0.067633375,0.036769667,0.272620397,-0.090997723,-0.05557621,0.00966412,-0.127077099,-0.003534926,0.111735801,0.07540412,0.104282609,0.085020973,0.117696712,-0.084038616,-0.070472795,-0.01062293,-0.007435216,-0.142334189,0.066070467,0.009472591,-0.076554527,0.002669358,0.01339946,0.048599494,0.264068308,0.012611089,0.021931795,0.032204568,0.020178041,-0.028799986,0.030186613,-0.067280886,0.215466479,0.049128284,0.218655919,-0.001130884,-0.09067916,-0.033536015,0.019043653,0.043154518,-0.07196147,0.306092669,-0.094569117,-0.083644429,-0.030763711,-0.186224619,-0.036407666,0.062394249,0.100126399,-0.124767395,0.070896598,-0.047680909,0.074326011,-0.006885948,-0.028795623,-0.158877246,-0.032078488,0.067326042,-0.062756831,0.070528921,0.114866699,0.033032933,-0.000852934,0.012158312,0.092021948,0.032326513,0.044410485,-0.008184867,0.014254034,0.060181129,0.087388953,-0.022276392,-0.035572815,0.027387099,-0.019552578,-0.062526549,-0.080429973,-0.028709296,-0.024352014,-0.125513444,-0.042754993,-0.104636649,-0.107727929,-0.05395741,-0.104851375,0.012802366,0.034180616
64,-0.013903041,-0.046124989,-0.028179514,0.003710604,0.006392822,0.040607074,0.059960186,-0.03596508,-0.022284015,-0.040942989,0.064467496,-0.018126363,0.103733008,-0.101399072,-0.119752102,0.018741511,0.142766717,0.031993214,-0.016416417,0.139367674,0.035340648,-0.048455983,-0.071539974,0.028750311,0.002528473,-0.114390416,0.035663471,-0.014234449,0.004274815,-0.114861691,0.003780663,0.079342313,-0.035977183,0.100945919,-0.017752246,0.14369317,-0.117028421,0.00128603,0.00421889,-0.049760438,0.085414889,-0.000355981,0.08372136,0.075034729,-0.022910875,0.110712944,-0.099408581,-0.029351622,0.011789502,0.018409664,-0.061977013,-0.011128377,-0.064687062,-0.011605104,-0.011707411,0.104712897,0.054237935,0.023673206,-0.00163255,0.100246016,-0.001898476,-0.005306821,-0.05032081,-0.058913846,0.025313231,0.105067705,0.029749733,0.053794291,-0.055004449,-0.025151007,-0.004348716,0.069702329,0.077884441,-0.037897724,0.158731529,0.021326578,-0.05995667,-0.093021165,-0.102469899,-0.03441554,-0.000385253,0.023545163,0.056483254,0.101287907,-0.005201937,0.086728248,0.088952239,-0.029218506,-0.152554435,-0.07707523,-0.013163113,-0.013219987,0.0934141,-0.020986538,0.011750463,-0.06890369,-0.000776045,0.122581104,0.011724102,0.014139871,-0.081328454,0.003636796,0.064386598,0.016246762,0.091667072,0.024739234,-0.054857171,0.011588227,-0.007638357,-0.088188677,-0.105237847,0.108885536,0.003907021,-0.064508507,-0.095856784,-0.015460518,-0.003678282,-0.005365124,0.057834726,0.084302637
65,-0.006604639,0.048222343,0.063037391,0.009080026,0.106821399,-0.091180068,0.112368515,-0.038083832,0.025206494,-0.007606919,0.03078125,-0.111347844,0.01444374,-0.101656698,0.077839145,0.007778275,0.18436732,0.15771671,0.076545413,0.146495723,0.063340051,0.075317172,0.07550369,0.065989018,0.055579708,-0.022115563,0.043142453,-0.019227822,-0.016510694,0.013120149,0.096689077,-0.003631026,-0.06051598,0.230938997,-0.015672729,0.07640934,-0.031456594,-0.003777155,0.052230644,-0.187066942,0.022346367,0.029617824,0.062549449,0.123683,-0.023731978,-0.004308926,0.021733488,-0.138923261,0.029181962,0.106978867,-0.054963375,0.161617178,0.034991606,0.063619669,-0.059692819,0.072790226,0.206588128,0.118647824,0.035294154,0.038998232,0.074968535,0.055197489,-0.051740439,0.069902863,0.047423752,0.198363322,0.064954266,-0.017110509,0.042318004,-0.090667392,-0.059900185,0.020899019,-0.021462524,0.002844144,0.187565057,0.02198783,-0.125639533,0.005567204,-0.131428693,0.12897997,0.037459928,0.162830135,0.007298766,0.000740125,0.075896626,0.012875025,0.060401991,0.028202847,0.003469517,-0.083423187,-0.021788437,-0.04887479,0.135207315,0.151721048,0.05529213,0.062424647,-0.061113111,-0.020358294,0.010744491,0.023055266,-0.10377672,0.060175428,0.047835698,0.014736339,0.187879769,-0.031133187,-0.010841349,-0.016602825,0.018923237,-0.066956357,-0.027641001,-0.102042458,0.043168437,-0.031931641,-0.211396474,-0.116636442,-0.01608641,-0.045882626,0.159561159,-0.074937439
66,-0.027396293,-0.048299797,0.201633605,-0.029618162,0.091792486,-0.034007509,0.113661316,-0.029990467,-0.01621663,-0.043812037,-0.033380098,-0.017573006,0.053819022,0.078479132,-0.036268087,0.00207305,0.088215982,0.204683037,0.006245165,0.022752121,-0.045504315,-0.037894321,0.029584529,0.052019879,-0.024914184,-0.182522415,0.130197921,0.06713876,0.019556597,-0.030172983,0.092746505,-0.111825694,0.061809463,0.079625336,0.060143439,0.072361515,-0.047991715,-0.030873905,0.00838524,-0.069706633,-0.00225538,-0.031072418,0.04189974,0.040407135,0.01520792,0.053043282,-0.089412047,-0.078030038,0.125869905,0.014737726,-0.098631035,0.169806314,-0.001791501,0.049391622,-0.057584051,0.047841834,0.065387747,0.095447989,0.055492804,0.063237087,-0.05945313,-0.00620397,-0.022601162,0.004130488,0.053404434,0.106980244,0.011592889,0.138667658,-0.130077366,-0.017816599,0.018695651,0.090480708,0.003050163,-0.028668904,0.166735473,-0.143881989,-0.004971455,0.110722937,-0.134543283,-0.058247458,0.01148406,0.136552355,0.007245964,0.036728546,-0.021468304,0.061595274,0.000238076,-0.008071873,-0.082396552,0.027367227,-0.00354487,-0.100886098,0.173562154,0.041156551,-0.004044572,0.012132685,-0.068940275,0.128149139,-0.059581168,-0.072412199,-0.009278713,-0.032946238,0.059007921,-0.004721779,0.087637875,0.025199733,0.044649196,0.039090175,-0.031325753,-0.017225207,-0.085820043,0.056429218,0.026816315,0.024516052,-0.021395383,-0.103247953,0.030969778,0.001575837,0.014554585,0.039277866
67,-0.008600908,0.000688372,0.096621106,0.03974946,0.059287598,-0.053184302,-0.000215994,-0.040195902,0.013127267,-0.051144349,-0.026041712,-0.05661589,0.0551139,0.075809761,0.049422833,-0.022657,0.02436111,0.007625924,0.001473698,0.020709732,-0.047027358,-0.029428663,0.104708427,0.048413326,0.014984786,-0.02058342,-0.04936766,-0.00315306,-0.057623082,-0.032575514,0.014423215,0.002855318,-0.071491332,0.115639697,-0.045005007,0.082823921,-0.015955959,0.107522465,0.076003821,0.003056436,-0.006483355,-0.020385027,0.003841016,0.004745473,-0.005463048,0.055164212,0.00510282,0.014397001,0.09330821,0.011145113,-0.157251498,0.059857941,-0.084887223,0.081881909,0.034939874,0.037140013,0.021208564,0.048451543,0.019969513,-0.116014309,0.010429817,0.127241931,0.061823876,-0.040863266,0.006559169,0.051547043,0.140944421,0.09277149,-0.083712579,-0.035653893,-0.04717902,0.006108705,0.019390426,0.041996372,0.030994062,-0.064353465,0.055785968,-0.096638424,-0.008972458,-0.044417723,0.058986287,-0.14852549,-0.066992735,-0.004437035,-0.096702884,-0.048933489,0.039437792,-0.071738034,-0.043708028,0.067691714,-0.022013577,0.043952513,0.067976443,0.040415058,-0.039746132,0.029592444,-0.028485173,0.016135991,-0.081413618,-0.018687511,0.041595278,0.075388811,0.065481152,-0.056638959,0.1013662,0.021903514,0.000962747,-0.015575709,0.034793427,0.094659216,-0.100530011,0.00532103,-0.067999836,0.045716035,-0.028233685,-0.100071942,-0.068140633,-0.072608791,-0.029661299,0.019429215
68,-0.037874675,-0.027276731,0.027505833,-0.045694166,0.140008026,-0.002491969,0.090387168,-0.055844502,-0.00939366,0.033976658,-0.017399088,0.027792312,-0.038297963,0.087001484,0.144251249,0.060613098,0.278483464,0.044523219,0.169537846,0.167294751,-0.037762946,-0.060238966,0.011312329,-0.018325499,-0.012484557,0.0005469,0.018468773,0.085265443,0.018162515,0.02528151,0.085187001,0.002980403,-0.016272128,0.132061005,-0.017819563,0.076262798,-0.069113003,0.090180887,0.032128145,-0.058593858,-0.041505445,-0.000668278,0.068242948,-0.016794955,0.01731068,0.090098747,0.036881903,0.05872123,-0.057755075,0.029201632,-0.020404977,0.021839559,-0.004738574,0.126760708,0.01358858,0.008156562,0.089241761,0.019429213,-0.038038827,0.092518765,0.017995443,-0.047763946,0.121000732,-0.052553994,0.004231178,0.075780994,0.020715118,0.065506318,-0.065431488,0.014702077,0.046127917,0.107376425,0.034395108,0.011366638,0.186015135,-0.071698667,0.06218135,0.040127324,-0.063333279,0.051704266,0.071735601,-0.003079438,0.019521828,-0.060441304,0.028670992,0.125800461,-0.011040602,0.033292861,-0.035434449,-0.036720592,-0.000895987,0.001964614,0.12179085,0.014207183,-0.022729214,-0.009292142,-0.029346584,0.055168899,-0.009579405,-0.116880303,0.053305031,0.051453574,0.007947779,-0.036182795,0.039872437,0.06129302,-0.054321113,0.000814386,-0.034382102,-0.069772969,0.051785153,-0.158385227,-0.090154054,0.045946657,-0.010229881,-0.022137272,-0.005236563,0.027745031,0.043498667,0.13415411
69,-0.071894014,-0.008234352,-0.054961808,0.035676522,-0.007701941,0.046661198,0.07043753,0.013740618,0.018834145,0.012845805,0.045021121,0.054655395,0.031717469,-0.009446871,0.04936688,-0.082667829,-0.019608904,0.063709994,-0.012124788,0.001817278,-0.023098207,-0.066292056,-0.03355667,0.095480078,0.018744727,-0.008279275,0.124075454,-0.029504641,-0.059472922,-0.07436164,-0.005324241,-0.025711473,-0.018212884,0.013584734,0.065500259,0.051071486,-0.028456773,0.06900434,0.018238051,-0.06686347,-0.049964857,0.093053352,-0.018918518,0.090830703,0.088027102,-0.05252941,-0.049499134,0.036576205,-0.112279187,-0.050998183,-0.121150417,0.041735568,0.08603495,-0.050253758,0.133972856,-0.013324781,0.097117049,-0.046771401,-0.009145417,-0.057821254,-0.004754141,0.003897495,-0.009022707,0.015134992,-0.013578019,-0.02039212,-0.033763241,-0.002874466,0.027446627,0.043755996,-0.083945277,-0.025677041,-0.064061724,0.024164838,-0.07949201,0.057975093,0.039935817,0.067561598,0.022925911,-0.075867067,-0.033443628,0.021124619,0.013687492,0.162979098,0.068846046,0.003997523,0.081365079,0.052576107,-0.019210432,-0.012601931,-0.073844075,-0.093210219,0.02541597,0.028195929,0.058664912,0.005444193,0.084905398,-0.019289362,-0.052152897,0.071966307,-0.050663079,-0.076309852,0.119675536,0.074634242,0.025599192,-0.01678964,-0.060987179,-0.077070886,0.0571168,-0.055123674,0.039006523,-0.054983044,0.020287648,0.068319113,-0.072232154,0.029835749,-0.002300389,-0.016413901,0.059384631,0.005640572
70,0.095895543,-0.088063629,-0.056897772,-0.023495392,-0.012863999,-0.001246503,0.009851622,-0.019005682,0.015149703,0.080290048,-0.058821977,-0.049792968,0.026546586,0.060879044,0.030185633,0.077791151,0.129082836,0.131823378,0.152346859,0.010601184,-0.120942958,-0.045419028,-0.009557741,0.060000065,-0.029245492,-0.00368608,0.077810644,0.035028617,0.067130984,-0.085818253,0.026721672,-0.091859953,0.052795778,0.02271747,-0.062468981,0.030887933,-0.001226505,-0.016167654,0.006100561,-0.147224906,0.051407601,0.019767443,0.054071508,-0.030276921,-0.001253737,0.112565162,0.036963781,-0.021126219,-0.044054579,0.102777978,-0.03735349,0.082745276,0.003472435,0.0771352,-0.091351591,0.013003005,0.07905595,0.010861052,-0.020061719,-0.008819372,-0.037075872,-0.020422013,-0.051850739,-0.022072905,0.088876645,0.093488632,0.076195533,0.192564885,-0.103471467,-0.045584059,-0.035624764,0.018670111,0.012055365,0.017026438,0.145358491,-0.026865894,-0.008646745,-0.015413036,-0.095629712,-0.040612266,0.090148463,-0.011115812,-0.04165086,0.042247145,-0.044300398,0.078745215,-0.027264298,0.001679371,0.048501266,0.003668082,0.060532838,0.022661505,0.160988226,0.007023971,0.151757963,-0.010195306,-0.052434827,-0.048850322,0.063765522,-0.051102799,-0.003818152,-0.012347071,-0.025274514,0.046003267,0.083486261,-0.013268892,-0.069144832,0.08305296,-0.077191321,0.011821337,0.133553527,-0.209428829,0.065664359,0.033435114,-0.105739028,-0.076028274,0.057234403,-0.085122086,0.009917436,-0.023419937
71,-0.028741446,-0.028358132,-0.040215721,0.010878583,0.01817101,0.027180458,0.103911033,0.021902578,-0.004344982,0.012437966,0.005900815,-0.023117385,-0.010324616,0.00496352,0.075271851,0.037479336,0.162320633,0.093855538,0.065400051,0.119033403,0.017392389,-0.012404206,-0.082725683,0.04831267,-0.00297425,0.098230547,0.15094248,-0.055742043,0.072996065,-0.016084581,-0.018363184,-0.051633541,0.041707314,0.075021324,-0.082313099,0.154962907,-0.038138848,0.048343979,-0.043683045,-0.027965288,-0.065160699,0.021717847,-0.060594334,-0.045995819,0.010310423,0.167472535,-0.044788762,0.047010673,-0.102885965,-0.084510268,-0.018715522,0.004216408,0.006286864,-0.025094097,-0.104589423,0.010509539,0.156509636,0.018741311,-0.101419681,0.168513367,-0.009609724,0.033348781,-0.053578186,-0.015068107,-0.008764043,0.102172432,0.045860589,0.018638042,-0.083043749,-0.052793973,-0.081021738,0.027338418,0.025876134,0.025347181,0.307219775,-0.13846709,0.10685226,-0.05507053,-0.139994142,0.103431308,-0.009996648,-0.03200997,-0.052358824,-0.041221615,0.077953664,0.123847382,-0.001225438,0.080587431,-0.023990251,-0.006420232,0.023986769,-0.099173467,0.12262213,-0.002740352,0.057607062,0.009331142,-0.060795642,-0.058419849,-0.050251883,-0.006704935,0.067037343,-0.005047063,0.160650422,0.133506108,0.119865683,-0.009607256,0.055426308,0.132776136,0.037027665,-0.102719201,-0.077737886,-0.045898944,0.078108704,-0.012995973,-0.110060682,-0.02340804,0.036584205,-0.025803359,0.073409184,0.001442786
72,0.005869022,0.005559223,0.114135265,-0.060613452,0.044705061,0.015345927,0.171040737,-0.130455744,0.09862599,0.144009068,-0.037275024,-0.009956536,0.050614454,0.009817221,0.078004033,-0.009276629,0.200788148,0.132201801,0.056637111,0.217720931,-0.013019146,0.020680724,0.012163996,0.098499909,0.012877363,-0.043129356,0.11831658,0.080859275,0.018182142,-0.196178832,0.189078479,-0.096104624,-0.014181276,0.228342469,-0.051395095,0.115078987,-0.032632536,-0.06292786,0.123996496,-0.122233768,-0.078314754,-0.022198131,0.065553172,-0.018708564,-0.051435226,0.133620433,-0.045517041,-0.053367015,0.02328065,0.045331788,-0.038774975,0.083914454,-0.128277726,0.136901786,-0.03158544,0.14482841,0.122121897,0.144156442,0.004555742,-0.060072896,-0.043931607,0.087586492,-0.018962739,-0.074624825,0.063287945,0.193791833,0.086753576,0.145329005,-0.010189054,-0.013941388,0.035885035,0.046629491,0.035892197,0.030400953,0.365260604,-0.107733701,-0.051505238,-0.000327287,-0.105830197,0.142508604,0.089541365,0.02725548,-0.040431598,0.157650064,0.027371902,0.131551822,0.003072346,-0.105262826,-0.082123303,-0.012516301,-0.186564268,-0.119388092,0.195996583,0.057174353,0.014556438,-0.00380812,-0.040878289,0.088906251,0.027272144,0.140820829,-0.008672955,0.071983374,0.147511489,0.048039106,0.213520973,0.029089934,0.02215039,-0.097237625,0.077839295,0.064334776,-0.059968141,-0.040373795,0.035031875,0.027040236,-0.125041215,-0.207033405,-0.084060847,0.004695814,0.007884848,-0.060953375
73,-0.026790211,0.068940038,0.070682168,-0.129806695,-0.020966461,-0.090012959,0.139887711,-0.005287956,-0.07127803,-0.099597222,-0.103839066,-0.053351263,-0.06934353,0.042870247,-0.046112167,0.064025189,0.252068327,0.100800649,0.079865487,0.113817019,-0.013980094,-0.050284974,-0.056337857,-0.050667589,0.01244927,-0.093237198,0.240176779,0.002686041,0.078827322,-0.076188556,0.126433193,-0.00197172,-0.041087877,0.174381625,0.022914811,0.185217136,-0.045466891,0.033951755,-0.039282335,0.06320426,-0.040157512,-0.015562444,-0.023360781,0.012449688,0.122643343,0.160415921,-0.05614717,0.072780729,0.037517782,0.07228869,-0.124789276,0.131968547,0.063796965,0.030322785,-0.004058051,0.022182514,0.08753276,0.056078339,0.023659569,-0.003158687,0.041476779,0.115345806,0.043721254,0.083388031,0.073009812,0.206620757,0.103739529,0.067440207,-0.060928832,-0.052578573,-0.097424701,-0.032912819,0.011868096,0.0499999,0.171284269,0.006164086,-0.028962553,0.022649746,-0.085886624,-0.005122293,-0.004917981,-0.01334185,0.034483373,-0.027719384,0.01527352,0.070108958,-0.034921411,-0.100237363,-0.126461846,-0.00780965,0.017912597,-0.062579978,0.096559463,-0.024950839,0.060355188,-0.008183154,-0.049066911,0.090202056,0.013581706,-0.00388359,0.01178381,-0.020157091,-0.028132244,0.150049819,-0.069373633,0.037725778,-0.101536776,0.074795502,0.077203434,-0.047756358,-0.053643847,-0.057173153,0.00598024,0.103053313,-0.12318243,-0.072973164,0.052903266,0.021151606,0.043764829,-0.011518736
74,-0.005753982,-0.068647035,-0.0287622,-0.014401103,-0.03427049,-0.05477647,0.127540441,0.012525176,-0.058384549,-0.00366932,0.076781823,0.068388964,0.100632384,0.042021398,0.08760848,-0.005521622,0.12349763,0.173233124,0.067073446,0.217444765,0.0880006,0.045358851,-0.019543601,0.078651919,0.091418177,-0.118678811,0.117731241,-0.024923357,0.057747633,-0.018345933,-5.85523E-05,-0.062447612,-0.020825212,0.150932875,-0.007055182,0.091659373,-0.05472755,-0.008861277,0.039612365,0.012452133,0.052251007,0.056817598,0.078914164,-0.077860834,0.038048417,0.17799439,0.074743881,0.043514841,0.121612742,-0.045804725,-0.057029648,0.155604591,0.023799272,0.088551552,0.013874984,-0.009167666,0.154556487,0.150170257,0.039899745,0.06126269,-0.05950263,0.064519378,-0.098300293,0.011885408,0.015844662,0.215714196,-0.028986847,0.096406357,-0.016175373,-0.033410934,-0.024832509,-0.021629441,0.098204708,-0.046764893,0.181418428,-0.111438271,-0.056262465,-0.029608634,-0.05108082,-0.018870666,0.13455888,0.070385222,0.041773734,0.013319946,-0.032909192,0.029428488,-0.156705617,-0.010066284,0.030835741,-0.111678629,-0.030605517,-0.023030748,0.118621077,0.096886792,-0.008883447,-0.012273984,0.00291211,0.04908442,-0.069694053,-0.010419825,0.058374413,-0.026034126,0.088266165,-0.064608637,0.047234422,0.109700444,0.044851809,0.015945744,0.097395117,-0.048729811,0.0694632,-0.151723696,0.140938591,0.068058432,-0.107424415,-0.109341838,0.087367339,0.02615151,0.026183877,-0.145215072
75,-0.002345865,0.095507049,0.057871823,-0.02948582,-0.021445474,-0.072033852,0.100737051,-0.086416652,0.022762914,0.03610722,-0.047557822,0.006828998,0.037226039,-0.116969981,0.034384106,0.012316871,0.1684771,0.062743598,-0.105008143,0.148216044,-0.108842057,-0.007928783,0.009746224,-0.032627563,0.108062664,-0.039146377,0.062666166,0.047844579,-0.09423348,0.001123233,0.101238284,-0.065241591,-0.022199746,0.093269903,-0.012119768,0.253976993,-0.136849085,-0.072039075,-0.017009453,-0.103839303,-0.06045955,0.045584778,0.172203029,0.075008009,-0.023359286,0.065194384,-0.083153388,0.022457534,-0.036958382,0.026293143,-0.142182754,0.101135474,0.107889247,0.053412363,0.116853497,0.00575236,0.089982011,0.007765424,0.027887877,-0.00101651,0.027983712,0.077211921,-0.067538833,-0.031366291,-0.09385784,0.035845748,0.063393521,0.021529621,-0.012271259,0.002482621,-0.043321532,-0.039297039,0.011474668,-0.057634982,0.280353146,-0.071278043,-0.071613155,0.090796329,-0.168769343,-0.012903353,0.073556306,-0.04939163,-0.009800823,0.133183306,0.022453285,0.145884269,-0.006064866,-0.079270574,-0.171556169,0.006349248,-0.098511008,-0.036011191,0.11319775,0.011876415,-0.035188478,0.040318623,-0.062306995,0.063820774,-0.03608368,0.023447479,0.057517945,0.016063542,-0.021724953,0.055933627,0.100406728,0.08141095,0.048451412,-0.034659596,0.06497088,-0.053067334,-0.083779062,-0.101542314,0.027849255,0.060760645,-0.130026303,-0.072023353,-0.001058038,-0.063747467,-0.008272234,-0.01208117
76,0.001175318,-0.102381318,0.013511568,0.099582366,-0.042026212,-0.042003786,-0.047746518,0.002812743,0.022482403,0.033021342,0.015094973,0.062884706,0.048537133,0.055351778,-0.020394163,0.001811151,0.095023104,0.027132558,0.015349384,-0.003948899,0.041297453,0.043349584,0.036298793,0.073159133,-0.007610351,0.003775859,0.025177991,0.002727948,0.016134818,-0.028298751,0.072515397,-0.053228368,0.020959689,0.005542676,0.105077433,0.061843012,-0.011521077,0.073756193,0.020768939,-0.021706249,-0.02466895,0.026819984,-0.034361455,0.00335139,0.053726381,-0.03953337,0.049711513,-0.064916819,0.025998563,0.087356164,-0.078155504,0.01574338,0.105288776,0.057971729,-0.010981058,0.048421174,-0.002061683,0.031505088,-0.039691732,0.027026666,-0.040378284,-0.018767525,-0.026605067,0.009959723,-0.074583161,0.103366217,0.003867501,-0.046640421,0.070900554,-0.012411185,-0.014407131,-0.037314392,0.159398575,0.149843752,0.087294927,-0.034256714,0.049907205,-0.084035371,-0.094032642,0.069745446,0.02569394,0.04765991,-0.034159639,0.035120499,0.019548249,-0.01455384,-0.028743613,-0.109848817,0.08197887,-0.016410703,-0.012834225,-0.028071457,0.026449569,0.142680405,-0.036570125,0.052644088,0.007825313,0.038714635,0.003437118,0.032440375,0.00871617,-0.002867353,0.12861435,-0.049521046,0.047733416,-0.047909039,-0.055123463,-0.029268268,-0.046148026,0.011898446,0.039043102,-0.010845592,0.100647148,0.049267649,-0.078401057,-0.059549234,0.032717292,-0.044951733,-0.047506961,0.006040371
77,-0.033449737,-0.059903023,0.05740198,0.022825747,0.115666588,-0.009138663,0.069955492,0.020776923,0.061028092,0.230418843,0.050358044,0.037395421,0.025953747,-0.019154546,0.100515497,0.097322059,0.092883188,0.07180369,0.102695061,0.08288457,-0.144194998,0.096963858,0.006879632,0.039010719,0.019813865,0.077457453,0.051223156,-0.099214942,0.026488857,-0.015312413,0.159349297,-0.047752136,0.031867611,0.088528419,-0.062848675,0.008908775,-0.084762919,-0.026032736,0.035011615,-0.119882842,0.014203202,0.060568434,-0.002799241,0.049643614,0.008986145,0.221725538,-0.089220904,-0.13840001,-0.020592323,-0.096960795,-0.082327958,0.029979922,-0.00978517,-0.007674108,0.035679123,-0.014436011,0.114966691,0.039713763,0.017026843,-0.010998043,-0.048564987,-0.006889762,-0.071705298,-0.076255996,0.081120822,0.010213207,0.122710394,0.135396347,0.040750705,-0.030754163,-0.04485198,0.052877745,-0.027744912,-0.035522973,0.193033224,-0.081388935,0.032157065,-0.053081723,-0.133465012,-0.024062159,0.048438836,0.058481422,-0.123676272,0.016214219,-0.014212074,-0.025809753,-0.059430919,-0.072386419,-0.063729934,0.043694495,-0.106995957,-0.060019207,0.133323865,-0.009770653,0.001335248,-0.066130651,-0.080465982,-0.058104472,-0.10635669,-0.00731599,-0.009670516,0.016885406,0.059224319,0.00146614,0.05194262,0.075212723,-0.030800627,-0.057682298,0.089832914,-0.074398737,0.010511179,-0.102518363,-0.018896063,0.051765126,-0.051111732,-0.075218373,-0.02626072,-0.011239047,0.066158977,-0.038891619
78,-0.086284371,-0.006743382,0.063353185,-0.102251207,0.009022202,0.054805692,0.080590633,-0.003353665,0.014010471,0.071644736,0.014273725,-0.099753478,0.133809815,0.037675548,0.060369207,-0.071889088,0.228350123,0.137778429,-0.02976686,0.058411649,0.017767382,-0.038702613,0.005129984,0.066080937,0.024873705,-0.043575054,0.041574789,0.056708289,-0.006639567,-0.068322829,0.068047859,-0.040066063,0.020107201,0.114013257,-0.00913759,0.104467334,-0.102315523,-0.064932352,0.073804425,-0.036569721,-0.130389591,0.046272397,0.073040992,0.149273866,-0.053815057,0.015644008,-0.082535865,-0.056328505,-0.005871258,-0.022991653,-0.12443871,0.240922654,0.021939404,0.069628146,0.127675827,0.07296967,0.179216401,0.082348752,-0.009244211,0.038376418,0.006121801,0.030995633,-0.070482061,0.055706492,0.007758589,0.283938599,0.061485156,0.133287599,-0.093874853,0.000704828,0.045033941,0.001525079,0.039859514,0.013626982,0.250370278,-0.079847623,-0.006819935,0.011957282,-0.132410368,0.02052994,0.071454081,0.062076865,0.056664189,-0.007171326,-0.036902569,0.100611479,0.045406793,-0.007001445,-0.140095715,-0.09690123,-0.022659753,-0.04009354,0.026666864,-0.020797093,0.043002276,0.006286322,-0.062219729,0.098571126,-0.027541638,-0.023318911,0.005169958,-0.009333883,0.047605159,0.019382129,0.067647169,0.002936891,0.066214844,0.01144602,0.017991693,-0.009851445,-0.107685859,-0.073866527,0.108138534,0.096189511,-0.12068396,-0.051662813,-0.042122336,-0.028137847,0.079225366,-0.092556754
79,0.029449143,0.055406104,0.031913052,-0.01920929,0.058037009,0.004350914,-0.021531402,-0.035492265,-0.00497935,0.055920652,0.094407539,-0.037180498,-0.014436354,-0.080985963,0.038686283,0.045430126,0.120233716,0.039756961,-0.09962191,0.024574086,0.025332598,-0.100513664,-0.053766111,0.046881113,0.027202817,-0.069957473,-0.001396451,-0.104805764,-0.026683,0.008640626,0.001059156,-0.051884671,0.011817718,-0.002617263,-0.103833066,-0.001204682,-0.060663659,-0.059059602,0.080817534,-0.070091274,-0.037140118,0.131682558,0.050057441,-0.029557696,0.074457439,0.082627788,0.025154485,-0.056939025,-0.074538695,0.01356814,-0.120015243,0.058689368,-0.045229413,-0.058511907,-0.046379662,0.150137486,0.01133977,0.010723159,0.00495795,0.039507145,0.057975594,0.050410081,0.062496222,-0.021492834,-0.02434171,0.061445745,0.110241582,-0.00685097,-0.073088581,-0.050213009,0.007393587,0.052887837,-0.020786777,-0.062504561,0.09549273,0.011798796,0.034669607,0.020947201,-0.040215631,0.030488022,0.011833887,-0.030335758,-0.010613142,-0.019736417,0.055393982,0.116536704,0.020172015,0.047652298,-0.091645218,-0.022710398,-0.008695014,-0.033914523,0.041998353,0.050799573,-0.022758647,-0.02126998,-0.013587915,0.118436447,-0.003037162,0.106489265,0.004905431,0.003210729,0.072806256,0.076286392,0.214654113,-0.036700009,9.76125E-05,-0.085454134,-0.066629657,0.005770452,-0.071043418,-0.072084875,-0.046537306,0.082736713,-0.024065896,0.011067914,-0.025638575,-0.030028662,-0.001373245,0.035772445
80,-0.043368637,0.08628021,0.041325493,-0.076629138,0.012998191,-0.141236352,0.227028779,0.036087818,0.155900418,0.014781254,0.047012251,-0.011433104,-0.024335978,-0.067020759,0.062077466,-0.022473086,0.251099488,0.129826857,0.050881276,-0.01790997,0.019074378,-0.031390381,-0.041142611,-0.021643214,0.083832885,-0.062700113,0.051654739,-0.030378409,0.008804334,-0.060166322,0.120561594,-0.029062249,0.020321315,0.094161475,-0.029202358,0.203339488,-0.108431721,-0.078252839,0.003849547,-0.025689469,-0.054855695,0.086530706,0.053351915,0.060359996,0.135407746,0.085054269,-0.095641151,0.094784803,-0.111932816,0.025551606,-0.114564999,-0.00971896,-0.113814634,-0.009834842,-0.081237728,0.135466447,0.125446357,0.090947676,0.085860578,0.055231661,-0.043381852,0.020984274,0.050814788,-0.093078256,-0.015280068,0.051017044,-0.052759793,0.046970096,-0.159235215,-0.038421055,-0.049263715,0.098576309,0.004601348,-0.034476734,0.224270145,-0.174446897,-0.01608996,-0.122224918,-0.142441241,0.006427425,-0.022475116,-0.005484216,0.043684006,0.105450319,0.091722576,0.050258781,0.01248234,0.014126726,-0.007195124,-0.052519721,-0.053820661,-0.097725166,0.12040941,0.020185031,0.006256405,0.01914055,-0.042133289,0.09095596,0.048383524,-0.047206969,-0.091194644,-0.032263451,0.022155337,0.043591348,0.126632903,-0.061828183,0.011984519,-0.023916385,0.104673704,-0.086306511,-0.107735683,-0.011913733,-0.070714577,-0.059062207,-0.098938479,-0.097951107,-0.026937092,-0.069834454,0.06115216,-0.025176925
81,-0.003257881,-0.006237177,-0.038663881,-0.008277091,-0.067502684,-0.056051256,0.113989966,-0.045050303,0.03811422,0.029655327,-0.082670872,-0.110603177,0.103489904,-0.039069836,-0.009874784,0.15323738,0.283176576,0.104061527,0.011404213,0.125009982,-0.035326433,-0.031377407,-0.001857923,0.092751679,0.11817733,0.007411291,0.062478829,0.083900368,0.040038179,-0.020658891,0.023889994,-0.084030117,-0.048242394,0.028560639,0.066380393,-0.005924342,-0.201271381,0.027893325,-0.021769217,-0.041211615,-0.146970471,0.134857463,0.089942901,0.055245642,0.068893509,0.103690353,-0.054589503,-0.08191589,0.006570029,0.06223263,0.01070133,0.174629275,0.158063736,-0.011897212,0.005661857,0.057923495,0.003425152,0.070400725,0.135935504,0.027380021,-0.035250424,-0.06255369,0.08204287,0.01797129,0.119767682,0.097376511,0.020153,0.08432264,-0.070338931,-0.084906904,-0.001568331,0.042997981,0.010929666,-0.01193216,0.162134889,-0.152466836,-0.087219599,-0.065755203,-0.038166857,0.111135549,0.082179245,0.099954178,-0.029830992,0.055742366,-0.039825271,0.068020875,-0.015585134,-0.127073984,-0.088219685,-0.007910019,0.029727734,-0.14142336,0.160057418,-0.055131893,-0.012666967,0.019320349,-0.014986209,0.110353784,-0.068165965,0.123953045,-0.10489407,0.005363644,0.153503207,0.091802153,0.12240697,0.063026339,0.117780959,-0.006554354,0.107644549,-0.016665164,-0.047549702,-0.050660894,0.012110699,-0.080315734,-0.094098324,-0.142596481,0.009439687,-0.027608717,0.070962129,-0.06612648
82,0.061954364,0.020445824,0.145512154,-0.022008529,0.066322239,0.0053523,0.106601279,-0.069829839,-0.004286283,0.068347828,-0.077020628,-0.060266587,0.054953681,-0.102082716,0.056084284,0.077073371,0.138977621,0.160181626,0.113311771,0.121526669,0.001385969,-0.010050601,0.011471584,0.028456419,-0.029373342,-0.101418719,0.027233159,-0.022715576,0.004960856,-0.101900255,0.079789304,-0.083972932,0.04819671,0.087224644,-0.12391285,0.062140403,-0.068901953,-0.043003862,0.012861955,-0.135750659,-0.137114007,0.135470117,0.152266786,0.09789847,0.067654116,0.027246669,-0.090222053,0.072449728,-0.071261118,-0.033999052,-0.072940199,0.091580204,-0.112451525,0.034570516,-0.058811556,0.026892571,0.072022617,0.2129095,0.153566149,0.03366266,-0.089599693,0.030552711,-0.050497362,0.026147979,0.095810282,0.061090403,0.020358349,0.02144665,-0.094594602,0.007286672,0.014864608,-0.020474978,0.077187448,0.089903713,0.11482118,-0.070960895,0.033654896,0.031165362,-0.124145448,0.01691403,0.024935859,0.038632419,-0.103912765,0.107389546,0.044022572,0.05040396,0.081707538,-0.102525398,-0.145315741,-0.036308213,0.022093969,-0.05977006,0.131979436,-0.035233214,0.116960232,-0.040147932,-0.068413012,0.032877229,-0.036987748,0.067369821,0.019717895,0.032244007,0.133351069,0.005137481,0.087458977,-0.025351718,0.045126447,-0.019320415,0.039688772,-0.061315561,0.045078429,-0.126871175,-0.035828665,-0.004755181,-0.060566964,0.007892875,0.064503602,-0.025913382,0.064279704,-0.016092523
83,-0.023100328,0.001488299,0.048182444,0.053549072,-0.020420754,0.021454391,0.149976097,-0.099771951,0.026620222,0.018472494,-0.061035939,0.011283326,0.035932196,-0.0623868,-0.03209299,0.045463813,0.186528436,0.083067768,0.064898627,0.022754654,-0.014929661,0.043993894,0.067144809,0.079510787,0.056492868,0.0144251,0.081681809,0.015765552,0.028064972,-0.087037212,0.047428541,-0.041354895,0.011081374,0.083367048,-0.043146107,0.080270422,0.003629545,-0.014572628,-0.059490374,-0.062297458,-0.069931007,0.056167955,0.084230093,-0.008174547,0.022001131,0.165417722,0.072112711,-0.00919545,0.035721558,0.062535497,-0.052383123,0.101300351,-0.035312053,-0.025919189,0.079512584,0.152959738,0.072679835,0.027993938,-0.005166996,0.005186432,-0.019446288,0.128149988,0.039356255,-0.0109839,0.001985436,0.203912089,-0.030767806,0.039751157,-0.083066933,-0.01531671,0.031361299,0.105312137,-0.03796634,0.013972536,0.251614536,0.042000344,-0.143466,-0.09147445,-0.073369522,0.092992259,-0.042170464,0.010600792,0.069484433,0.122987307,-0.104762066,0.131261498,-0.086204801,-0.084740645,-0.130633328,-0.03340178,0.01564182,0.026350256,0.117715373,-0.020482167,0.001209384,-0.045030221,-0.045848644,0.069048257,-0.023922445,0.069394729,-0.01807909,-0.008964744,0.171810174,-0.045798912,0.144314907,-0.024535172,0.00735832,0.063041596,0.006723148,-0.147402031,-0.025243169,-0.093432346,-0.060339676,-0.034690505,-0.116511621,-0.061739734,-0.018050847,-0.048662879,0.168057092,0.005418075
84,-0.032127511,0.03438703,0.02217102,-0.087901268,0.131283446,-0.051561254,0.231484515,-0.044950273,0.038346637,0.007637548,-0.045354969,-0.047563252,-0.048123444,0.02492174,-0.022777912,0.068743195,0.214562544,0.196458217,0.077944377,0.155763652,-0.044190955,-0.058778485,0.000071957,0.097866401,0.074106639,-0.094874601,0.036968288,0.032630785,0.019954596,-0.081133556,0.092308084,-0.064996087,-0.08228442,0.18670252,0.0876766,0.149188449,-0.005720146,-0.041229269,0.134553522,-0.112031795,-0.110884524,0.103613135,0.078801443,0.043927877,-0.016130446,0.168912177,0.018797439,0.003263036,-0.136257554,0.063347256,-0.111577154,0.025905015,-0.015028926,0.06243303,-0.065321356,0.057255823,0.11407659,0.01753814,0.038254666,-0.017918789,-0.087431787,-0.043935168,-0.095016295,-0.185315722,-0.028192733,0.203487124,0.033114987,0.124407482,-0.019644625,0.024879354,-0.062733437,0.064240639,0.044156685,-0.131314867,0.352939961,-0.122490906,0.097594285,-0.097698039,-0.142421564,0.134647156,0.146604857,-0.011572564,-0.003067351,0.002474136,-0.006923608,0.074212997,-0.092993735,-0.041595826,-0.099584089,-0.001876986,-0.037964314,-0.129162765,0.074894335,-0.061005729,-0.019295885,0.005840506,-0.001600097,0.221989028,-0.03300459,0.030569152,-0.030332571,-0.012441058,0.180006957,0.15459165,0.151964927,0.012121139,-0.089275458,0.026391854,-0.044599297,-0.095899113,-0.095017647,-0.148906953,0.025499602,-0.047437566,-0.16938944,-0.033394433,-0.002050763,-0.043516827,0.118484991,-0.074013903
85,-0.05968631,0.07987157,0.038225751,-0.05757535,0.18958941,-0.039432267,0.09046358,-0.069886402,0.054873795,0.007556335,0.006170029,-0.038468092,0.035812753,0.01820811,-0.028409586,-0.061145772,0.222335263,0.037307863,0.073483685,0.03997901,0.014542789,-0.062205071,0.044182286,-0.009940403,-0.049282615,-0.129120277,-0.037075565,-0.048411443,-0.105920226,-0.113483239,0.027636477,0.021285201,0.015293538,0.108203026,0.044632608,0.070232747,-0.011225333,-0.065993482,-0.048210852,-0.072982969,-0.049118794,-0.033717537,0.075399653,-0.028377686,0.015664086,0.026663131,0.00431597,-0.05180005,0.052075341,0.105854579,-0.146067704,0.079131193,-0.093715978,-0.020580342,0.013070932,0.039576603,0.066644358,0.030102078,0.015130671,-0.085515565,-0.004989571,-0.081646859,0.068858629,-0.024349192,0.028163639,0.066881634,0.05406116,0.056087458,-0.026186851,0.092783045,-0.01460075,0.167402787,-0.057465722,-0.025532069,0.177984551,-0.078603858,0.001633549,-0.051951569,-0.146459433,0.141869685,0.08669103,0.084170486,0.028706026,-0.041196002,0.225599993,0.084791118,-0.018806646,-0.059594485,-0.028678933,0.027652858,0.03413516,0.007158899,0.182960355,-0.011373935,-0.039869177,-0.070591568,-0.044225247,0.11349025,0.015519448,-0.076378681,0.023306736,0.066674531,0.198115892,0.030048358,0.107359684,-0.066102897,0.116460702,-0.134398708,-0.009309154,-0.062308438,-0.022057364,0.01377748,-0.017161496,0.031126558,-0.104213244,-0.062595095,-0.055565207,-0.046645046,0.005098852,-0.109205347
86,0.052474555,-0.052701494,0.022062994,-0.034208329,0.041242175,-0.090922164,0.193212875,-0.05714494,0.018138937,0.16629599,-0.030618204,-0.003804086,0.032235873,-0.030210836,0.011666847,-0.024081177,0.144928742,0.259721591,0.035888532,0.052634636,0.110337649,-0.015057101,0.06722534,0.080477748,-0.041045637,-0.019896852,0.048338592,-0.006015376,0.046868215,-0.063007674,0.136650259,0.016430661,-0.02057455,0.083636743,0.046019621,0.283329524,-0.058667704,-0.044182972,0.047060741,-0.120100607,0.000769272,-0.057286635,0.091611667,0.047994393,-0.018460415,0.058105645,0.035009692,0.058416643,0.024963474,-0.000392317,-0.116590402,0.140302468,0.021127048,-0.026655388,-0.045528982,0.082458742,0.073757374,0.110934536,0.115136844,0.002256985,-0.038693386,-0.036772452,-0.027174549,-0.072827585,0.043798988,0.04249823,0.020351615,0.206336809,0.084693938,-0.010510342,-0.045196822,0.019505998,-0.045298063,-0.030926633,0.160431783,-0.01838061,-0.007646832,-0.075898358,-0.107307369,-0.031080915,-0.011150432,-0.126255726,-0.004747862,-0.079944712,-0.05984876,0.181649629,0.014544659,0.021869063,-0.024727762,-0.108677964,0.007304385,-0.040554774,0.093166966,0.039596627,-0.01645775,-0.013773273,-0.026183753,0.074424571,-0.051120029,0.026065961,0.074578531,-0.018636258,0.083944555,0.028898134,0.114502615,0.010559349,-0.063975755,-0.026506238,0.076762501,-0.048448894,-0.024603749,-0.073032988,0.061411729,0.054803304,-0.060123881,0.02052924,-0.072420852,-0.125673423,0.087763202,-0.020397956
87,-0.072085697,0.110991254,0.014317328,-0.049755489,0.114292697,0.061298083,0.075933768,-0.077884546,-0.099301246,0.088600054,-0.044477979,0.041832699,-0.022979316,0.094278536,-0.010461996,-0.03902067,0.13310227,0.083515066,0.094155351,0.061253906,-0.052434887,-0.029468694,0.075026231,0.078712856,0.021571913,0.019037692,0.069791417,0.001347231,-0.005392778,-0.033771919,0.052017457,0.028289345,-0.081706025,0.000158362,-0.098502259,0.12501425,-0.119205894,-0.016789603,0.12744704,0.011785951,-0.004877628,-0.077836851,0.105311456,-0.059176112,-0.041782693,0.111251727,-0.045177193,-0.018200033,0.0343068,-0.07237122,-0.038472765,0.040091383,-0.092997833,-0.013194624,-0.009911445,0.106628329,0.119329537,0.116910437,-0.023610861,0.009780176,-0.179802993,0.007562729,0.011729679,0.028102864,-0.032555574,0.118242759,0.01520973,0.069420552,0.032842998,-0.020923252,-0.059233002,-0.046122078,0.069961199,0.004834267,0.10326308,-0.076299648,-0.009852897,-0.031119274,-0.102337028,0.016144068,0.094082434,-0.029974578,0.004070533,0.024881922,-0.03898155,0.014884661,0.021866492,-0.088164775,-0.059026622,0.008510285,0.005202501,-0.040916326,0.040799567,0.021357395,-0.095743226,0.037483017,-0.037549791,0.067405363,-0.112417079,-0.011918519,-0.048178341,0.126643332,0.131060105,-0.000873996,0.01974864,-0.00927984,0.057232438,-0.07456,0.023103237,-0.129403616,-0.006280667,-0.153732245,-0.04306576,0.160100906,-0.054375383,-0.02651385,0.052272658,-0.076860075,0.006324561,-0.074237496
88,-0.039042053,0.020773798,0.082238148,-0.098901276,0.051036265,-0.041655536,0.07885702,-0.031785788,0.034266241,0.123955735,0.01448897,-0.001649471,0.125014921,0.0074091,-0.070445689,0.007639581,0.090183902,0.086698041,0.006198648,-0.017149377,-0.033287924,-0.068351258,-0.015941712,0.024756665,0.020662752,-0.061787602,0.096509964,-0.018981142,0.096998409,0.033223951,-0.003980079,-0.020436335,-0.015967203,0.13473522,0.043271651,0.101485648,-0.013070991,0.018951535,-0.050007971,0.001934887,0.003621261,-0.06119917,-0.026794325,0.138613456,0.090277542,0.076015539,-0.075882802,0.045622925,0.005817693,-0.091958744,-0.050769039,0.044953564,0.018869847,0.073416081,-0.003994373,0.172696994,0.005686264,0.014432275,0.015748771,0.027703752,0.003992628,0.016001452,0.071452167,0.037139247,-0.019566015,0.104475409,-0.121823926,-0.010248219,0.068467781,-0.082738156,-0.074293287,0.011228054,-0.007282766,0.160219641,0.149311667,-0.05934081,-0.03248434,-0.038640195,-0.149792762,0.012005164,0.020980501,-0.039673895,-0.068575255,0.070698609,-0.001024501,0.031756465,-0.003492753,-0.073625798,0.033006577,-0.030168233,-0.050866782,-0.046175255,-0.095979019,-0.015171324,0.07643049,-0.057960102,0.066905942,0.046312567,0.075690456,-0.003779243,0.075522011,0.043875584,0.037207841,-0.045229146,0.133649378,0.001389453,-0.117453008,-0.050472863,0.035344812,0.019017498,-0.090120268,-0.017758798,-0.036499436,-0.072766425,-0.189071174,-0.011630145,-0.133953923,-0.086072037,-0.081656301,-0.069385021
89,-0.028372933,0.033145239,0.107519621,-0.034537276,0.081935,-0.013037709,0.068783665,-0.149645658,0.058146093,0.109777782,-0.06700575,-0.013779474,0.028821728,-0.072888786,0.002018014,-0.051696216,0.171514262,0.183899251,0.135679653,0.083876533,0.002092541,0.000943614,-0.050487219,0.115506773,0.020527355,-0.053189041,0.109814805,-0.027161792,0.04471388,-0.034525296,0.082106048,-0.043351131,0.036157229,0.200880878,-0.084212841,0.238590039,-0.086934758,-0.025064041,0.023753322,-0.082214121,-0.048156849,0.142894497,0.074411762,-0.06702278,-0.078453889,0.153066268,-0.090308932,-0.018453602,0.028266502,0.026889396,-0.096604075,0.046449503,-0.018355459,0.039823625,-0.041729924,-0.105762643,-0.014566051,0.076834032,0.019918838,0.038535267,-0.094630345,0.030212087,-0.043120551,0.053316366,-0.001652664,0.150982353,0.035495873,0.03172136,-0.014931368,0.037056073,-0.068134347,0.091486638,0.02774733,-0.005763431,0.251262584,-0.063525038,-0.107072656,-0.051752041,-0.13483649,0.033121711,0.067978447,0.040702776,0.037733325,0.057232508,0.103014508,0.17592882,-0.069860064,-0.096195388,-0.134971331,-0.063812921,-0.102017993,-0.082269578,0.053770242,-0.050138407,0.013653704,-0.02195028,-0.018372389,0.052669942,0.009064249,0.042066181,-0.001444639,0.118312587,0.108474811,0.059172024,0.091315564,0.002464008,0.112592749,-0.005836852,-0.058588929,-0.120757316,-0.017338256,-0.177415655,0.002691037,0.011803146,-0.101929603,-0.036318784,-0.066253635,-0.050611456,0.013126755,0.052284909
90,-0.013642902,0.005611965,0.144658444,0.009853223,0.089301091,-0.036778599,0.095686462,-0.037508324,-0.032539763,-0.068538718,0.069991537,-0.032496178,0.05768122,0.033448838,-0.093133994,-0.01507648,0.189481075,0.064458746,-0.039933717,-0.089817904,0.053164823,0.016056797,0.021912302,-0.068908737,0.007061938,-0.114363622,0.009853132,0.060274582,0.067330405,-0.036114277,0.128448144,-0.004203973,-0.010257572,0.023566241,0.074365582,0.020890987,0.032867051,-0.034987136,-0.006845094,-0.025548768,-0.060372949,-0.028525845,0.086854252,0.007271885,-0.052176809,0.100716092,-0.059828556,-0.070967346,0.047978751,0.038460623,-0.075620247,0.157252478,-0.088758579,-0.016743433,-0.047575336,0.051342936,0.064429193,0.003871172,0.092118636,-0.039560067,-0.133725828,-0.066718592,0.012417438,-0.080659506,-0.051883798,0.172230905,0.047552659,0.02356574,-0.015650269,-0.03139919,0.014124651,0.066745828,0.028894243,0.044864298,0.027568171,0.021775713,0.031924892,0.080197199,-0.038830965,-0.019936778,-0.018908971,0.012331478,-0.015553166,0.014883555,0.157763487,-0.017690761,-0.006588118,0.08939223,-0.063260866,-0.007972426,0.006012498,-0.060324824,0.110326832,0.046503264,0.089429173,0.025036828,-0.086864375,0.14872277,-0.059814164,-0.087127971,0.024930286,0.067918443,0.086490719,0.025411677,0.046795034,-0.122176641,0.001367061,-0.042662338,-0.039537611,-0.087016285,-0.169685309,-0.091601087,0.045427605,0.020849284,-0.099942542,-0.04313036,-0.000372206,0.073237685,0.040279705,0.006094348
91,-0.020498103,0.061354985,-0.003500046,0.023260168,-0.023240176,-0.002564796,0.140445634,-0.044701675,0.03668519,0.00975919,-0.046989557,0.082632322,0.030977689,-0.052952667,0.091905409,0.009257227,0.183672448,0.101813586,0.02547091,0.128344709,-0.112412241,-0.004885391,-0.085607415,-0.028470931,-0.019579327,0.053212687,0.071136028,0.008734239,-0.065920599,0.052654159,-0.080180073,0.017205999,0.06080647,0.089277522,-0.010292244,-0.009781554,0.021620634,-0.041370256,0.013170492,-0.087481758,-0.009327058,0.060350302,-0.03579675,0.011837405,-0.023901048,0.129439608,-0.044451956,-0.003424759,0.06626826,0.001732083,-0.071206029,0.031763065,0.144964886,0.007643179,-0.055643918,0.091905054,0.011182684,0.165456609,0.053915256,0.008078508,0.021495416,-0.010319931,0.035935781,-0.048829553,-0.076148702,0.095773268,0.09015328,0.067205801,-0.046693762,-0.093532711,0.013505284,0.01733522,-0.060866317,-0.032344338,0.273542766,-0.121057186,0.144896168,-0.007801427,-0.142578275,-0.053636898,0.058948417,-0.024837283,-0.051155131,0.0429371,0.150607782,0.117486048,-0.037672886,-0.023344585,-0.067371923,-0.041614392,-0.052371407,-0.106793954,0.048989642,-0.064382529,0.066285384,-0.047338198,0.046586302,0.070019495,-0.005296759,0.040234563,0.05841733,0.052385134,0.019347877,-0.035080052,0.133220179,0.111825514,0.087422916,-0.015698705,-0.004143628,-0.067527931,-0.104902128,-0.135041798,-0.059926988,0.160495457,-0.003247382,-0.099883904,-0.009452076,0.020374592,-0.029684663,-0.020457794
92,-0.016551257,0.020568774,0.007881866,-0.041597355,0.078401757,-0.046937276,0.027081859,-0.0294446,-0.039189148,-0.053954294,0.027007789,0.041629749,0.032906823,0.062890063,0.061718315,0.03802183,0.17836373,0.145680486,0.05376849,0.10949276,0.005880361,0.088622731,-0.000208007,0.087549031,0.001618095,-0.084572739,0.071967845,-0.048125414,0.059349422,-0.011004167,0.009128864,0.006343713,-0.096662463,0.123810985,0.049881495,0.121075861,-0.103010101,-0.086580458,0.107758462,-0.079473033,-0.043708072,0.013420878,0.027715231,0.077967053,-0.027950063,0.010902007,0.002820101,0.045347658,-0.064211682,-0.067449066,-0.11921792,0.076966505,0.118192292,-0.067564233,-0.069295931,0.066644084,0.030607674,0.026679812,0.027106315,-0.019542082,-0.003630064,0.033013906,0.09316837,-0.06368739,-0.010570173,0.033456861,0.096675484,0.078171867,0.024272055,-0.046555909,-0.091618825,0.062744152,0.02887513,0.048403121,0.028814051,0.066095319,0.042872258,-0.027540558,-0.107112083,0.061125518,-0.061128968,0.029043459,0.057323452,0.102330038,-0.04711239,0.113371313,-0.033748635,-0.053253213,-0.088656239,0.072640868,-0.071246587,-0.099002312,0.066025697,0.2010673,-0.053533826,-0.023767059,-0.08290443,-0.002322847,-0.002409343,0.086136211,0.016643613,0.030400571,0.102685352,0.072049553,0.131563482,0.008083343,-0.00395807,-0.026767595,-0.077240219,-0.004784139,-0.076286267,-0.042731015,-0.01973153,0.038921548,-0.101733718,-0.05870375,-0.134718635,-0.067207981,0.099061709,-0.087772906
93,0.009613887,-0.030999433,0.080600414,-0.012709057,0.123719874,-0.079078907,0.062058323,-0.050669351,0.070330113,0.094231852,-0.019274255,-0.091761726,0.013268838,-0.056562386,0.025341944,-0.014969805,0.139163718,0.078956511,0.132672841,0.063530163,0.028877454,-0.01509129,-0.060390647,-0.020065744,0.105826637,0.085094569,0.027363202,0.077883075,-0.050314191,-0.02661991,-0.011502826,-0.006145032,-0.002750526,0.129371544,-0.00235753,0.072781093,-0.024305247,-0.042200647,-0.072646101,-0.078179544,-0.036486475,0.015248455,0.083446036,-0.008487587,0.093167516,0.087929171,-0.032564675,-0.037715541,0.065615432,-0.01387335,-0.122296426,0.005934751,0.057707891,-0.055314909,0.015414963,0.051893691,0.142018076,0.026629059,0.016497062,-0.044227293,-0.042113982,-0.038158232,0.004125771,-0.080919535,-0.049315459,0.144293166,0.082143748,0.152630611,0.014271126,0.021457524,-0.05583441,-0.009933063,-0.026943337,0.006590137,0.262878165,-0.104492974,-0.077912189,-0.093532753,-0.164226981,-0.094803112,-0.017653908,0.04699712,-0.094748584,0.02024724,-0.019263207,0.070571828,-0.034423559,-0.005667283,-0.082786227,0.030867419,-0.131612483,-0.027486289,0.080314074,-0.017652973,0.02912994,-0.067472103,-0.075836159,-0.009773782,-0.046829068,-0.014042869,-0.001579986,-0.010757525,0.048528802,0.00295254,0.093833506,-0.006400818,-0.018288589,-0.061188808,0.046244127,-0.077568474,-0.100614628,-0.109697323,0.061040759,-0.048727862,-0.103721798,-0.026300837,-0.007420225,-0.126917372,0.002436031,-0.060792336
94,0.005443805,-0.073584336,0.118424549,0.015653816,0.133846735,-0.016271477,0.056639747,-0.051803503,-0.069847234,0.068198116,-0.054605216,-0.081222115,0.150809497,-0.044612561,-0.042825092,0.033135714,0.223688874,0.079550198,0.091250934,0.095120523,0.028634709,-0.014886726,-0.018837424,0.035109198,0.01984531,-0.069325036,0.142316183,0.023032356,-0.046618194,-0.016137622,0.020928793,0.027643871,-0.064283208,0.077022169,0.044992846,0.021457201,-0.069480934,-0.012619814,0.174270796,-0.14141872,-0.034196959,0.003061174,0.077607395,0.070290361,0.032902272,0.080531116,-0.061358427,0.003072814,0.072607791,0.053259195,-0.038163234,0.148201799,-0.001291803,-6.22332E-05,0.051180331,0.016447781,0.078917022,0.047948529,-0.043099327,-0.072793076,-0.078370426,-0.008948525,0.019709768,-0.027345162,0.02149036,0.060814126,-0.002943812,0.114663776,0.085542856,0.035470793,-0.068322588,-0.035426275,-0.008677398,-0.016787857,0.343971277,-0.039893886,0.059367093,0.092300513,-0.192620566,0.046895215,0.096175824,-0.06309359,-0.06067441,-0.008340356,-0.001883253,0.020769213,-0.087093187,-0.090048605,-0.086126496,0.033705475,0.008395907,-0.113460683,0.14559854,0.093787237,-0.016552917,0.006166377,-0.090109372,0.120566153,-0.064857523,-0.00174443,-0.040371292,-0.055296044,0.041425075,-0.023374131,0.096589789,-0.022129666,0.114401401,0.005108727,-0.043944274,-0.049834833,-0.070208031,-0.091690494,0.025978652,0.046945964,-0.136759406,-0.177341238,-0.091420999,-0.019643044,-0.026983787,-0.031210196
95,-0.064285947,0.236025644,0.034993913,0.020778452,0.069386461,-0.058652586,0.122389986,-0.007807208,0.033540256,0.096187352,0.143302479,0.058723481,-0.003636487,0.02756761,-0.062337613,-0.027863715,0.1878187,0.063104515,0.043916315,0.032452668,0.046739141,0.015856506,0.02142582,0.130457112,-0.043570391,-0.004648908,0.128924259,-0.000708946,0.023421804,-0.00550637,-0.021666155,0.041531492,-0.049539755,0.130024772,-0.01907119,0.19367946,-0.086302249,-0.098398413,0.044182305,-0.017995951,-0.018805329,0.095883773,-0.021311961,0.077935781,-0.017777442,0.166921812,-0.007260726,0.034749331,-0.096955793,0.047868009,-0.046647654,0.176484894,0.078975493,0.012040886,-0.003851099,0.005167807,0.186335427,0.08041362,-0.069475931,0.024419466,-0.041619587,0.012541435,0.068772414,-0.10001542,-0.109105358,0.111425734,0.119797982,0.034588566,0.007290798,0.054655441,0.012622528,0.064422804,-0.026968637,-0.078262703,0.237248545,-0.118407155,-0.030653992,-0.067946159,-0.128300626,0.115047614,0.046865342,0.093836979,-0.080794466,0.043668871,-0.022367348,0.154245427,-0.011347973,-0.061219763,-0.058836194,-0.103311723,-0.014270371,-0.033596184,0.079181786,0.096485867,0.129418697,0.070308049,-0.120769495,-0.013961003,-0.108235496,-0.039950799,0.106744017,0.003105302,0.046460572,0.105071897,0.066394786,0.032399326,-0.06162178,-0.014027377,-0.026270594,-0.116986505,-0.081952588,-0.105088008,-0.032141749,0.061057449,-0.150149548,-0.019999458,-0.016299746,-0.04866485,-0.017537891,-0.058597287
96,-0.067839692,0.081619299,-0.022746795,0.083453214,0.109860426,0.004348686,-0.01878236,-0.035967152,-0.030779813,0.052613756,0.038579883,0.083021191,-0.037748627,0.014232317,0.104279668,0.020295715,0.152653398,0.11905432,0.057164589,0.019046928,-0.018168851,-0.027092257,0.014372382,0.00769514,-0.025532138,-0.019402941,0.095337161,-0.047062034,0.055448197,-0.060400076,0.018144382,-0.038100351,-0.026301568,0.028034758,-0.118034985,0.0638529,-0.009530599,-0.028952973,-0.04538475,-0.039572991,0.007637,0.102970406,0.049880249,0.094902161,-0.070345879,0.048088132,-0.03817241,0.005912991,-0.028087251,0.045381993,0.023395248,-0.016033173,0.068091995,-0.047657379,0.035033071,-0.012262594,0.089500612,0.02740145,0.088699893,-0.015156577,-0.006680527,-0.080825419,-0.048349026,0.018397485,-0.031349486,0.054426711,0.028055886,0.0867723,0.072838085,0.069089035,-0.121097452,-0.029447173,-0.025649163,-0.087811357,0.044087866,-0.106794829,0.008565429,0.029502199,-0.005811516,0.048734966,0.043671114,0.009707013,0.078098211,-0.092296413,0.017404157,0.060472289,-0.065876911,0.019746468,-0.183474539,-0.019137723,0.017066789,-0.126963235,0.038382174,-0.043559205,0.080747595,0.052235223,0.001518837,0.140151699,-0.050153512,0.033861875,-0.016017816,-0.088244891,-0.024451991,-0.012721008,0.131937829,0.005187693,0.005304726,0.098964328,-0.041929277,-0.070699747,0.028643849,0.087193064,-0.064511303,-0.075438152,-0.124553548,-0.044361789,-0.132122991,-0.079064675,0.055789962,-0.218640962
97,0.002617512,-0.018846341,0.074308422,0.024205202,-0.033015508,-0.036062698,0.120509202,-0.054021324,-0.10406052,0.153321858,0.02175391,-0.124557577,0.060382546,-0.024490502,0.043638713,-8.1109E-06,0.142916325,0.168383034,-0.019536134,0.057571565,-0.036757732,0.027192852,0.054951856,-0.022261726,-0.074790319,-0.07062869,-0.032388474,0.071294943,-0.004204953,-0.016852672,0.136867136,0.068313636,-0.042255373,0.18776642,0.034771963,0.082061211,-0.039713577,-0.022687241,0.013150536,-0.095483136,-0.083880665,0.014029274,0.069217417,0.044633301,0.044199695,0.066789983,-0.034518273,0.03307368,-0.046318242,0.172490652,-0.123314315,0.07203606,0.034343484,0.029590145,0.098338892,0.186998883,0.063190229,-0.007461904,-0.019685377,0.06945832,-0.019520007,0.054837423,-0.058935754,-0.103317844,-0.044053303,0.083209319,-0.006061912,0.111338262,-0.016726786,0.206292604,-0.14347027,-0.027733246,0.043280954,0.020825963,0.07978336,-0.06589032,0.005707615,-0.064307344,-0.102172205,0.018211342,0.050662895,0.030771485,-0.080531975,0.008711446,-0.097464716,0.006826234,-0.003588341,-0.097326354,-0.072462004,-0.034888084,-0.081060175,-0.108003007,0.090052514,0.028099432,0.005007646,-0.032397139,0.010815825,0.117834289,-0.136066694,0.063288535,0.125493793,0.008923711,0.048305055,0.164393626,-0.065603855,0.020791743,0.061580501,-0.046259327,0.015632306,-0.114946613,-0.069655822,0.018458095,0.060771512,-0.001758781,-0.127618626,-0.122239643,-0.051258168,-0.028956693,0.004821522,-0.005988782
98,0.003911398,0.049118504,-0.055001989,-0.093252447,0.023234857,-0.006742639,-0.0574499,0.027840108,-0.015423796,0.020182568,0.085790448,-0.089147471,-0.037299828,0.062372212,0.04265865,0.03240256,0.120888924,0.021712356,0.021274961,0.068208927,0.005436316,0.016522721,-0.00945947,-0.011398722,-0.027775219,-0.101591826,0.07350218,-0.101216819,0.052232323,-0.127971252,0.014376194,0.005407492,-0.118297651,0.026471073,-0.047204736,0.031863084,-0.017243091,-0.062851648,-0.014598727,-0.044553852,-0.056933336,0.036778401,0.061085685,0.049174411,-0.073799861,0.036373441,-0.051480677,-0.040192146,0.16926659,0.025680402,-0.152994541,0.032978568,0.026043903,0.082746948,0.060679565,0.095279182,0.10963189,-0.055644642,0.010599677,0.03679573,0.015811551,0.133797389,-0.063170956,-0.061891104,-0.022716169,0.024235046,0.010242687,-0.009079028,-0.033950261,0.062726849,0.037016552,-0.026215693,-0.062251968,-0.05254473,0.077068527,-0.041803679,-0.07261211,-0.021513137,0.02989376,-0.029901902,0.053654094,-0.04228739,-0.021085853,-0.005860126,-0.032490692,0.007738359,-0.014285395,0.017126162,-0.063567376,-0.024059633,-0.028147707,-0.025429804,0.036167504,0.153412976,-0.115340374,0.060693062,0.039734132,0.082814137,0.023585322,0.05381553,-0.000951519,0.013973933,0.089382148,0.04476273,0.082787189,-0.026507434,0.010771589,0.020941858,0.03138365,-0.009502728,-0.032994071,-0.097301204,-0.010331837,0.103592146,-0.133273757,-0.049441723,-0.021466004,-0.081057358,0.051714026,0.002327236
99,-0.018531981,-0.041937582,-0.031920524,-0.021529641,0.074721773,-0.04025937,0.050851729,-0.057671953,-0.017347296,0.015617678,0.092017747,-0.027251294,-0.010868022,0.03873066,0.163268589,-0.071154928,0.21783716,0.187414264,-0.077529855,0.142422251,0.043361653,-0.141630369,-0.087033482,-0.023085963,-0.057792919,-0.004883873,-0.041988796,-0.000127353,0.012500562,-0.112948536,0.091351701,0.056769683,-0.04237851,0.102581343,0.074626083,0.160156449,0.021968497,-0.025904363,0.117692193,0.043889631,-0.00025152,-0.030360841,0.087497153,-0.077601262,0.083691171,0.101396812,-0.097486639,-0.031558059,-0.036606214,-0.017856545,-0.03305301,-0.016857636,-0.055083465,-0.046035685,0.008625507,-0.031820427,0.06476612,0.190184106,0.064151678,-0.034572729,-0.122541476,0.035147177,0.058803829,-0.007299677,-0.053400167,0.125576431,0.100885714,0.054629184,-0.028778634,0.056017553,-0.061398867,0.066848784,0.011917562,-0.08347774,0.07701645,-0.035437534,-0.027381209,-0.01621338,-0.121292489,0.06294783,0.030564101,-0.032145083,0.006225242,0.035004934,0.043533271,-0.026206699,-0.034721202,0.01619427,-0.090800705,-0.010338076,-0.065296869,-0.083312643,0.164378286,0.003768154,-0.001347964,-0.033278808,-0.039139609,0.050301744,-0.012696036,0.075749117,0.038661779,-0.037999399,0.09477261,0.061952881,0.015644025,0.006757541,-0.010139416,0.095993937,-0.033005835,-0.10866735,0.021392187,-0.060251969,0.048865782,-0.00458481,-0.098985246,-0.0270229,0.034662505,-0.089611971,-0.001240881,-0.120005381
100,-0.027003857,-0.051324475,-0.009710799,-0.048512618,0.077334123,0.016933533,0.184745559,0.024981393,0.100409936,0.004642304,0.08755642,0.059164373,0.048720585,-0.073758616,-0.074727328,-0.073672454,0.273947657,0.275566974,0.053425825,0.015629332,0.042090142,-0.01314309,0.001819881,0.004001178,0.120173391,-0.039757307,0.06684338,-0.02562844,-0.036491612,-0.064792134,0.093682363,0.052840014,0.111618313,0.068992721,-0.018435194,0.140471588,-0.067087195,-0.041339697,0.094391674,-0.10707225,-0.015385022,-0.089240916,0.048951992,-0.002630136,0.073656496,0.084943307,-0.026869891,-0.044141984,0.117449521,-0.053294885,-0.095411911,0.187894239,-0.066327855,-0.017503566,-0.092415733,-0.006218805,0.093441739,0.124757722,0.028119698,-0.040270857,-0.045864265,0.052362369,0.006138708,-0.006188191,0.014863498,0.124876587,0.006481762,0.066314547,0.052133072,-0.027763425,-0.032852992,0.022377399,0.043270078,-0.004009491,0.164496897,-0.152350282,-0.009553244,-0.023820957,-0.048068852,0.012971531,0.038562347,0.063782611,0.004194491,0.048551162,-0.030846803,0.07388793,0.018356126,0.081714351,-0.072773993,-0.002770413,0.053285396,-0.059673091,0.18390829,-0.026248086,0.071877978,-0.09826235,-0.025808219,0.165382559,-0.01947357,-0.007133776,-0.006086229,-0.03187404,0.060124611,0.085653444,0.162600172,0.008135803,0.031700848,0.045466214,-0.057420123,-0.052949367,-0.073273415,-0.070798858,0.035791297,0.075396254,-0.115936801,-0.0077487,0.025095514,0.024914053,0.212053938,-0.009116774
101,0.032880359,0.036108441,0.000735407,-0.07937075,-0.05000376,-0.071263069,0.021342283,-0.123091904,0.022886212,0.257696066,-0.123426698,-0.108971272,0.054022337,-0.021195801,0.049040332,0.01802858,0.085850978,0.23551916,0.056786454,0.021440928,0.016910088,-0.06346732,-0.06321845,0.047732389,0.121874616,-0.049903754,0.050576093,-0.04842479,0.054992348,-0.098494,0.029060612,0.000797037,-0.020607848,0.000197993,0.020621441,0.138680694,-0.055722234,0.107936206,0.006403255,-0.007247419,-0.022777215,0.090069416,0.076694438,0.069853689,0.146411758,0.182249459,-0.06183294,-0.024528379,-0.006047586,0.013933605,-0.02281202,0.006997951,-0.000210885,-0.025826937,-0.028376815,0.032488111,0.181409546,-0.005206428,0.061473476,0.077262792,0.034185707,-0.027010901,0.001588147,-0.089223146,0.004360902,0.140002478,-0.000408462,0.091189902,0.093568627,0.056299358,-0.041181138,0.022732374,-0.054485037,-0.010268152,0.277316454,-0.083924836,-0.090225122,0.022155208,-0.130362679,0.049341008,0.084132314,0.032548346,-0.098247615,0.106711486,0.005319747,0.079180382,0.110222574,-0.074373979,-0.111153226,-0.060589429,-0.09282645,-0.140667888,0.134313506,0.039636321,0.008788897,-0.10755234,-0.092482098,0.158784579,-0.012193877,0.076745521,0.053469444,-0.006672801,0.058498081,0.051575849,0.037689585,-0.101399104,-0.149773643,0.01983534,0.003250245,-0.104978188,-0.122347022,-0.135467392,-0.078918412,-0.089740042,-0.172065433,-0.100349184,-0.054744276,-0.0498751,0.03891632,-0.096767315
102,-0.004088719,-0.037634995,-0.027461093,0.014599477,-0.019132526,0.009552655,-0.000851581,-0.173396157,-0.014464728,0.075961367,0.043157783,-0.040474877,0.14143174,0.038015562,-0.04844452,-0.042182619,0.146283435,0.014691891,-0.006996695,0.071522136,0.007658982,0.01598708,0.0480001,-0.04834484,-0.11683762,-0.030782284,0.029221498,0.072759233,0.110819404,-0.059410056,-0.001905453,-0.078784273,0.013258694,0.068217702,-0.042863234,0.091006333,-0.0202855,-0.044058627,-0.033052424,-0.022723674,0.002711021,-0.003058692,0.109353412,-0.047272359,0.088042249,0.109408817,-0.01265263,0.039890937,0.035797677,0.004927268,-0.041670298,0.081778097,-0.103578877,-0.010908245,-0.023779601,0.001109048,0.037576495,0.034661281,0.025878,-0.013972135,-0.032573069,0.054590077,-0.069269865,-0.05328018,0.104648558,0.048865885,-0.029955523,-0.018480404,-0.04829891,0.027591727,-0.092715089,0.023447659,-0.008906665,-0.000824056,0.073545054,-0.112535389,-0.003446061,0.078550739,-0.005130667,-0.07671334,-0.061330429,-0.097466094,-0.044945447,-0.039328531,-0.065676216,0.065311469,-0.022580201,0.039981576,-0.071928697,-0.002183926,-0.017909035,-0.012759579,0.119288165,-0.020977079,0.040772563,-0.049663353,-0.092421336,-0.09091088,-0.015161161,0.177618034,-0.11651988,0.06358597,0.043725594,0.017681409,0.135107216,-0.023062928,0.013592823,-0.001408114,-0.03053542,0.087860563,-0.056163338,-0.038446795,0.057819772,-0.014616385,0.010732707,-0.013012678,0.038136767,0.07388113,0.033322187,-0.067106577
103,-0.00603129,0.044340442,0.044439037,0.013738143,0.032418938,-0.112314968,0.126739297,-0.084519752,0.015089372,0.01704187,-0.105408723,-0.108184461,-0.042324721,-0.02116525,0.039047616,0.134239126,0.033888589,0.097898768,0.007051394,0.059654407,-0.064632206,-0.068659526,-0.089315333,0.035706835,0.022897855,-0.066164725,0.000589224,0.040850238,0.03320509,-0.090684246,0.130183506,-0.072061779,-0.069228759,0.091986016,0.013638343,0.119575009,-0.0985291,0.004066932,0.037369319,-0.095103782,-0.082975393,0.046204971,-0.029004811,0.086338549,-0.107756767,0.126765661,-0.020185053,0.00596056,0.017162864,0.075110716,-0.013872747,0.058916856,-0.002737586,-0.005652551,-0.04202322,0.133181748,0.082802959,0.041261715,0.017793956,0.020554387,-0.066740818,-0.007839843,-0.008975159,0.013225595,0.081495693,0.186965216,0.06522025,0.030645844,-0.047312738,0.075228503,-0.065989182,0.03253158,-0.043051653,-0.04807419,0.203871861,-0.029188088,-0.061588339,0.045657114,-0.152573387,0.050563358,0.07463251,0.006283965,-0.097975789,0.127180942,0.024516606,0.068213415,-0.049540911,0.003254781,-0.045043475,-0.048913996,-0.062054632,-0.035538716,0.053467731,0.043217932,-0.022652713,-0.022389881,-0.04656592,0.078135995,0.071117074,0.037092215,-0.002477375,0.152157221,0.1663064,0.088041523,0.031271726,0.016312233,0.003592544,0.055595103,0.00745597,-0.058411232,0.016261354,-0.144311326,0.037030495,0.021663517,-0.149244433,-0.050590024,0.023610751,-0.01011091,-0.013839244,-0.043695593
104,-0.101700926,0.124957318,0.014514802,-0.049164611,0.05211424,0.001973105,0.081936335,-0.100641,0.026642962,0.163681509,-0.127795342,-0.082577892,0.119973625,-0.016092256,0.046414173,0.072926756,0.209196809,0.129534589,0.157694381,0.080306314,-0.039367136,0.01014482,-0.031951766,-0.101669552,-0.126253163,-0.10153992,0.070853318,0.003318658,0.004047242,-0.025931772,0.033474604,0.027981988,-0.029627432,0.231878905,-0.071618728,0.078962481,-0.146811574,-0.01401417,0.021902369,-0.149710369,-0.042317488,0.076451565,0.05542084,0.014345942,-0.00804028,0.092854543,-0.050386502,-0.015534937,-0.01467525,-0.07745539,-0.047787058,0.05082537,0.080300165,0.030246121,-0.039276748,0.029839161,0.147760247,0.046898074,0.069611653,0.009497658,-0.00343422,0.101663819,-0.055631934,0.069116633,0.035416532,0.222325247,0.022543745,0.094449847,0.025040383,0.028506974,-0.079001343,-0.01339296,-0.022236458,-0.04502887,0.317267505,-0.084321577,-0.096698665,0.028797354,-0.122366166,-0.009101914,-0.006933787,0.027040766,-0.034953797,0.059480147,0.104666214,0.187970412,-0.073146279,-0.078617628,-0.094189802,-0.074885869,-0.076597327,-0.067037862,0.188582309,0.106391052,0.044809334,0.080849093,0.033689697,0.031564228,-0.115743125,0.051174773,-0.051944731,0.019849424,0.186439723,0.025372377,0.089030278,-0.033135012,0.038557937,-0.017650667,-0.016036847,-0.088278816,-0.078281515,-0.09339705,-0.03378903,0.003628759,-0.224572662,-0.037045488,0.003831326,-0.094785925,-0.047690347,0.003237808
105,0.076442018,0.040847003,0.046425925,-0.027009666,0.116037914,-0.161182418,-0.053151642,0.031992311,0.001471554,-0.051930391,0.025674308,-0.032274887,-0.038368717,0.004043985,-0.013528493,0.117001566,0.252336432,0.008923079,-0.030500495,0.081845366,0.129614255,0.035369897,-0.099418367,-0.121870507,-0.033932241,-0.081530456,0.01619547,-0.001371235,0.012408691,-0.066060878,0.119346872,0.022991124,-0.034288616,0.212561774,0.106563587,0.109689338,-0.083070635,0.026723055,0.121803641,-0.072754375,-0.021993159,0.050524093,0.040580655,0.069285297,0.131854292,0.112244694,-0.032529931,-0.031024177,-0.091896382,0.059147752,-0.167567134,0.12997261,0.103031784,0.131203993,-0.080603419,0.082925084,0.172262544,-0.047497014,-0.066711349,-0.006308285,0.016906932,-0.01809932,0.060687042,-0.059929912,0.004215366,0.196988859,0.166086677,0.058368,0.010158665,0.064178954,0.022673738,-0.030179516,0.000190094,-0.028463902,0.157793826,-0.060342462,0.076684699,0.012862358,-0.159203694,-0.00073566,0.059388183,-0.018949901,-0.107274454,-0.062076033,0.057674398,0.066395752,0.002616673,-0.054283436,-0.060814228,-0.12201013,-0.065570235,-0.054954539,0.136120559,-0.042716996,0.044746812,0.107137035,-0.067997396,0.172089501,-0.01591805,0.023455078,-0.037975752,-0.031974543,-0.007528591,0.069811429,0.033155616,-0.072627069,0.008509338,0.036462021,0.099452121,-0.024323854,-0.158919838,-0.115828173,0.024828522,-0.133182119,-0.188021233,0.009049025,0.021913456,-0.004064294,0.023375816,0.020287394
106,0.000795218,0.01230675,0.052325279,0.02360957,0.129639145,-0.115913693,0.096165659,-0.062808695,0.013058009,0.140184676,-0.010751403,-0.0256134,0.012192686,-0.040131457,0.060668189,-0.097453661,0.284332246,0.176085351,0.130108243,0.058194519,-0.047190587,-0.058531803,-0.001393208,-0.031352701,0.021923985,0.056293396,0.142810581,0.103012365,0.035981508,-0.069274772,0.098226197,-0.031129746,-0.02646696,0.186595367,0.008794076,0.16017729,-0.055653812,-0.053238311,0.054237609,-0.115535028,-0.100996007,0.044014311,0.086740511,0.087160271,-0.047773543,0.109221707,0.010794305,0.010810166,0.069891833,0.008207364,-0.142318941,0.136560585,0.004083608,-0.026338913,0.065131525,0.032832721,0.140476001,0.135768215,0.064433616,0.046643406,-0.081437511,-0.039541459,-0.00248415,-0.120753642,0.00432463,0.159476539,0.072186904,0.145609682,-0.044600837,0.025385382,-0.076180284,0.174720882,0.00950928,-0.046824669,0.386652218,-0.025994248,0.043128819,-0.139194658,-0.150724501,0.046604555,0.063665254,0.000724512,-0.066466879,0.026763582,-0.006761002,0.188770269,-0.047608071,-0.057272285,-0.182312506,-0.056289585,0.011698743,-0.098938643,0.189710229,0.050299525,0.024300744,-0.021631043,-0.024899477,0.127208891,-0.113294178,0.079578558,-0.082154489,0.090623533,0.154287543,0.002935865,0.149320083,0.020903144,-0.044448963,0.080939988,0.087360093,-0.106948669,-0.041949284,-0.191343394,0.118957095,0.036858386,-0.135337851,-0.061573285,-0.044993013,-0.107123805,0.038809765,-0.087496507
107,0.052531836,0.12746753,-0.009746748,-0.085545545,0.051705675,-0.088229244,0.048985764,-0.083306795,0.06495337,-0.039256994,0.157401834,0.047970081,-0.067137027,0.056474035,0.001029252,0.097443095,0.065960508,0.010925962,-0.064273858,0.07690393,0.102149519,-0.099503698,0.040879181,-0.013624249,0.016811065,-0.083666736,0.077124813,0.00675764,-0.018256787,-0.027789987,0.017470324,-0.061677626,0.009270384,0.011342496,-0.031167426,0.068250861,-0.016803748,-0.05933207,0.097952062,-0.030157312,-0.007557465,0.138342082,-0.042640692,-0.015186932,0.102584143,-0.044896815,0.049085527,0.026361277,-0.025576277,-0.030076094,0.06039967,0.10748773,0.001167391,-0.007071767,0.033571268,0.124805869,0.067608942,0.053464134,0.055934621,0.016737256,-0.00424779,-0.005678551,0.046110553,-0.04816192,0.054903782,0.098678353,-0.004088953,0.077335788,-0.030441458,-0.038144493,-0.037706422,0.027157631,0.029876578,0.005299555,0.186056141,-0.084958804,0.005578461,-0.172856794,-0.052076684,0.001427173,0.124696861,0.045104317,-0.046876298,0.017934749,0.038250792,0.071916802,-0.036292568,-0.032135775,-0.069620439,0.021430311,-0.070856455,-0.012268762,0.091808712,0.067681622,0.073361238,-0.066089047,0.046793085,-0.033690367,0.048820558,-0.032671776,0.082404661,0.072184938,-0.050539846,0.090739442,0.008658759,0.016922947,-0.030445107,0.129919516,0.017156324,-0.073982509,-0.035972263,-0.058455178,-0.008983124,-0.013809491,-0.073548592,-8.84063E-05,-0.055175025,0.011186128,0.069119032,0.028754986
108,0.031448741,0.018065222,0.005276628,0.084126619,-0.010553951,-0.001119779,0.047030533,-0.011814736,0.032300998,-0.111498223,-0.062146753,-0.003948092,-0.060004828,-0.050379982,0.013957565,-0.024088529,0.177509197,0.043096101,0.118065652,-0.002405656,-0.008524776,0.077790913,0.106414495,-0.032413473,0.047091618,0.014028644,0.143942342,-0.023715897,-0.042232784,-0.034811399,-0.060826268,-0.013943251,-0.078932729,0.031152266,0.020727982,0.092790604,0.020704058,-0.041150371,-0.024664491,-0.116879959,-0.060464809,-0.03355536,-0.003466428,-0.042734997,0.026212555,0.084393485,-0.116599683,-0.025597451,0.037354316,0.03395396,0.022941469,-0.060116963,-0.069484973,0.051208181,-0.063772038,0.092385143,0.039577882,-0.035566087,0.009647266,0.01211524,0.022487761,0.045115449,-0.013331203,-0.111125768,-0.036125572,0.019333198,-0.013032312,0.022116854,-0.102693538,0.013343117,-0.049257599,-0.005064394,-0.008389106,0.022159843,0.153691041,-0.044087986,-0.013424834,0.051847566,-0.102220185,0.072379877,-0.044374281,0.080072417,-0.024297922,-0.020069852,0.074892789,0.003479977,-0.078929448,0.014007499,-0.067302613,-0.091615895,0.004754195,-0.071569767,0.168450249,-9.7405E-06,0.074917048,-0.093676061,-0.065257142,0.090241241,-0.04542897,0.014131184,0.021624676,0.039465438,0.167533453,-0.031210488,0.002425594,0.078724917,0.054681635,-0.001781394,-0.002617919,-0.055126177,0.030076583,-0.052186758,0.050554535,-0.010963811,-0.136946518,-0.075302157,0.089745947,0.046668847,0.061389882,0.009643642
109,-0.041370694,0.012358606,0.02364303,0.022006212,-0.040296203,0.075273356,0.051985228,-0.005060525,-0.019283804,-0.001104227,-0.03005831,-0.081470321,0.13264943,-0.000167364,0.106366334,0.011718347,0.079258871,0.001816113,0.010541826,0.063548587,-0.034161862,0.000806548,0.024911359,0.037277072,0.04223842,-0.04066786,-0.041930258,0.013114685,0.05656631,-0.031821654,-0.067463195,-0.010625825,-0.021185276,0.069358373,0.04158145,0.048501742,0.032668842,-0.006419635,0.051484028,-0.117341364,-0.018539593,0.024172782,0.009082098,0.05418728,-0.072105344,0.148149541,0.034076813,-0.070775774,-0.048271033,-0.094760232,-0.073638317,0.034876105,0.014339836,0.013486278,0.013846209,0.045711659,-0.038011907,0.161666131,-0.074650615,-0.031851266,-0.026251716,-0.001217006,-0.00084328,-0.059637445,-0.032278976,-0.003856218,0.002278924,0.036183396,0.056371933,0.079133831,-0.065113072,0.031294491,-0.025589077,-0.022329596,0.065703856,-0.132431866,-0.022114992,0.006319632,0.06953706,0.083562246,-0.011533977,-0.019592005,0.016552002,0.023021622,0.083701054,-0.00353478,-0.009797038,0.119779682,0.076347394,-0.00316767,-0.070994842,-0.014473247,-0.038886848,0.00079483,0.009040553,0.016515124,-0.048399277,0.021260002,-0.00326192,0.057611961,0.025351257,0.072275857,0.003618754,0.030458866,0.108939521,-0.028795441,0.000442541,-0.030546955,-0.108353571,-0.021056937,-0.004769051,-0.080528847,0.008197421,-0.047641863,-0.036443032,-0.055820353,0.01501049,0.051937624,-0.059143477,-0.097937903
110,-0.007050555,0.039229921,-0.047316949,-0.058800112,0.226149831,-0.047013364,0.187484738,-0.064530725,0.060951053,0.032536921,-0.039332696,-0.012148931,0.079982395,0.050866596,0.147944006,0.071346104,0.211815992,0.155345058,0.12478302,0.108970136,-0.035756435,-0.06552993,0.013423912,-0.058874325,0.020710508,-0.001808702,0.071764197,0.059354792,0.006122128,-0.010914099,0.175262136,0.007217991,-0.003043901,0.152017478,-0.019421371,0.104963663,-0.129645809,-0.022150803,-0.022886994,-0.06441478,-0.030529129,0.112055438,0.046263721,0.034994122,-0.018257838,0.136989462,0.085113442,0.011308937,0.019797652,0.014660029,0.0570523,0.106902416,-0.034976573,-0.084746372,-0.030661995,0.079788004,0.025155692,0.065709866,0.005609852,0.039884881,-0.036324496,-0.018586241,-0.02035343,-0.008507062,-0.046330702,0.214470981,0.051439236,0.120862953,0.027972626,0.09182129,-0.029740471,-0.024554391,-0.028816234,-0.019446952,0.315776417,-0.016233659,0.068354654,0.088781997,-0.185286695,0.11284304,0.091771291,0.053504073,-0.019192077,0.099739511,0.128516981,0.178471366,0.087861141,0.080183921,-0.132826534,0.024836865,-0.093202778,-0.078844737,0.17905731,0.032361073,0.027525161,0.043828326,-0.080533865,0.065949732,-0.108356418,0.016762945,0.01384433,-0.004067069,0.170198656,0.013124206,0.180518319,-0.041528042,-0.10275612,-0.058582819,-0.008246936,-0.124521829,-0.026005518,-0.249043664,0.040904971,0.10389794,-0.130403828,-0.121986023,-0.062879192,-0.07149876,0.126505843,-0.016777196
111,0.027914271,0.02298695,-0.027449854,-0.059856543,0.043395804,-0.102472237,0.084603303,0.026787866,0.046262412,0.052411237,-0.052917863,-0.082172744,0.003394563,-0.031598165,0.062993127,0.023449456,0.135609633,0.134836018,0.075195441,0.002204929,0.053273348,-0.069276739,0.012222585,-0.016043284,-0.026521554,-0.127637888,0.063308246,-0.049754537,0.090148319,-0.118744501,-0.02053343,-0.087938173,-0.017849709,0.098464554,0.009730762,0.111924113,0.013174634,-0.001984819,0.000184382,-0.030319524,-0.116602255,0.018220835,0.015802527,0.028760391,-0.062174041,0.021007398,-0.157696574,0.01143411,0.009008588,0.10674392,-0.149726134,0.111842511,0.046281022,-0.03961727,-0.012956927,0.001039143,0.102331796,0.056882084,0.090398796,0.012657032,-0.034720776,-0.001027452,-0.008531584,-0.036870154,0.012418682,0.095795529,0.183721255,0.065545175,-0.06122377,-0.005455104,-0.126296997,-0.035109747,0.085856745,-0.013017527,0.294774571,-0.135547903,-0.062690496,-0.089207419,-0.090820605,0.05354158,0.030021782,0.051165952,-0.055257613,0.038105715,0.031068567,0.041353711,-0.059592866,-0.036798595,-0.094258663,-0.033897588,-0.005099413,-0.075461144,0.111266535,-0.089360885,-0.017199165,-0.126579324,-0.098458588,0.088090016,-0.053897427,0.141034808,-0.040289259,-0.034456319,0.08098935,0.144213308,0.064624527,0.04369216,-0.09413962,0.051643969,0.053014355,-0.035598365,-0.098054403,-0.054832489,0.036839956,0.040638413,-0.078217634,-0.124082579,-0.064441932,0.027891179,0.159382323,-0.000763443
112,-0.020197808,0.027568478,-0.03632376,-0.049003629,0.128674433,0.027892842,0.108186754,-0.043807423,0.028050781,-0.005368074,-0.038820521,0.022731728,0.01720389,-0.067642485,0.016042264,-0.050524556,0.131266731,0.140838821,0.08024212,-0.014217201,0.020275013,-0.000220786,-0.000678381,-0.046237027,-0.010221704,0.007796831,0.059288064,0.031218297,-0.035143228,-0.032050433,0.030424608,-0.018115572,-0.078559842,0.039539646,0.002316918,0.011041387,-0.053473451,0.034627398,0.062013427,-0.104685743,-0.044053345,0.096766063,0.086358906,0.025055634,0.057133011,0.027294566,0.015927576,-0.094124231,0.067630704,0.106913908,-0.075001089,-0.034829002,0.013805808,0.005456378,-0.019071379,0.131561559,0.190152068,0.073050434,0.029178638,-0.018242096,0.143626011,-0.030919149,-0.117832069,-0.15909107,0.05513664,0.116117331,-0.04172141,0.08695706,-0.037243276,-0.010778499,0.002591244,0.082747321,0.017040217,-0.078373815,0.141050497,-0.033484288,-0.07292725,-0.015221563,-0.138187776,-0.004369094,0.02247725,-0.078323656,-0.052562535,-0.02804325,0.025107081,0.100719603,-0.057662235,-0.101463785,-0.170430066,-0.047857991,-0.045240161,-0.089002658,-0.015310458,-0.038517495,0.042589623,-0.066127428,-0.059918165,0.160248497,-0.050416985,-0.011114424,-0.041279829,-0.007086003,0.021010268,0.143011414,0.124509071,-0.022657533,0.038814759,0.002703115,0.02074158,0.037783305,-0.123785102,-0.132849817,-0.043071557,-0.034978748,-0.114519495,-0.058264518,0.007159649,-0.048482696,0.122888379,-0.007091381
113,0.039609001,-0.052102173,0.001820559,0.051448241,0.084114151,0.015448612,0.097507414,-0.118793596,-0.077271329,-0.015534525,-0.041947732,-0.011927313,0.065375497,0.080923181,0.05881331,0.093174406,0.107674562,0.204461117,0.125385818,0.052243942,0.017510656,-0.042617132,-0.033971593,-0.007082871,0.018075972,-0.07855137,0.12090924,0.00679515,0.078816648,-0.023500698,0.135486537,0.09195475,-0.017317657,0.131907768,0.032039449,0.168280698,-0.051129479,-0.043652115,-0.009185274,-0.110406489,-0.086385869,0.07249754,-0.000873731,-0.096426023,0.06123727,-0.046356797,0.072629837,-0.000544362,-0.006660785,0.068776542,-0.105341963,0.107515535,0.060447026,0.06080096,-0.016994807,0.065605039,0.053669081,0.069629653,0.053782475,0.01765952,-0.050233013,0.029056611,-0.054036247,-0.006335076,-0.04465571,0.062517713,0.008946054,0.108247381,-0.01142428,0.003748468,-0.12944556,0.177938645,-0.010609106,-0.053533651,0.131291236,-0.100386677,-0.009112171,0.073779771,-0.166636074,-0.043367018,0.032599016,0.038567707,-0.005444237,-0.022336961,-0.020480972,0.016961379,0.086483259,-0.054946066,-0.133790908,-0.011933625,0.009121381,-0.114867559,0.12536487,-0.045723255,0.044309378,-0.094937245,-0.042688093,-0.049160794,-0.109258645,-0.018163421,-0.057935952,-0.025115545,0.15669453,0.046184587,0.102415117,-0.039446664,0.060141982,0.06511214,-0.024465465,-0.048292496,-0.085373429,-0.067073677,0.01870189,-0.021636709,-0.134446664,-0.072930371,0.067621635,0.094392745,-0.026204071,-0.054929567
114,0.043074686,0.089508786,0.013178266,0.041755037,0.059195187,0.003248565,0.058643501,-0.046893394,-0.060311115,0.019800448,-0.003290018,0.037025916,-0.004553928,0.007607693,0.057400272,-0.028681685,0.085074624,0.168273829,0.115490117,0.099279595,0.10137989,-0.010651634,0.012913487,-0.018351077,0.048166998,-0.091698566,0.103175215,-0.007691801,0.016489028,-0.007804155,0.007908366,0.015603975,-0.055384516,0.131645796,-0.032272452,0.15754245,0.021076187,-0.050355361,0.02879925,-0.102850054,-0.152340902,0.112093039,0.09762955,0.035467669,0.154928415,0.163269745,-0.122312713,-0.003709649,0.11215983,0.041250534,-0.012731397,0.121285278,0.086615799,0.088785507,0.072088397,0.078907745,0.054338398,-0.048589211,0.03299014,0.020174398,0.035698057,-0.055869439,0.019303622,0.00558427,0.088809493,0.101829638,0.114828483,0.046528601,0.066454172,0.003255049,-0.102110378,-0.068994323,0.000578929,-0.053366251,0.16717054,-0.050380843,0.004501634,-0.036700723,-0.073668763,0.041637896,0.057128054,0.178391945,-0.052188187,-0.043642919,-0.087185998,0.082878751,0.031067887,0.010240482,-0.018913634,0.024368384,-0.052091813,-0.098092961,0.04796309,-0.02172854,0.098907494,-0.032200354,0.011138963,0.12496011,-0.058755148,0.027932149,-0.014878983,-0.014043112,0.170849294,0.120547516,0.061994115,-0.057502184,-0.043266885,0.101690741,0.082671681,-0.100597447,-0.084919111,0.08387081,-0.040138987,0.067799656,-0.085984421,0.079822787,0.070059441,0.004911414,0.113693787,-0.030004914
115,-0.090428759,0.029483359,0.057378705,-0.063528367,0.103152804,-0.069865428,0.186974388,-0.15340644,0.006526215,0.061819347,-0.039744714,-0.072441495,0.125218679,-0.0830921,0.08522431,0.059286639,0.160878023,0.220830201,0.155088438,0.231880944,-0.056242166,-0.073719596,-0.067554746,0.039834725,0.072591399,-0.042892454,0.133870013,0.0521111,0.068932284,-0.119514888,0.025522228,0.011091872,-0.018366919,0.219243111,-0.027906913,0.229961163,-0.093366669,-0.057891136,0.048503197,-0.165417481,-0.103952068,0.04844177,0.067604979,0.039932841,0.058254727,0.108427438,-0.122456887,-0.013637619,0.043683258,0.045789069,-0.071018384,0.223289798,0.025705115,0.03578504,-0.005131749,0.071665706,0.119592656,-0.004125002,0.120479659,0.086216721,-0.123650637,0.101556199,-0.060545042,-0.066416815,0.068498288,0.191021007,0.118525781,0.194030775,0.054048534,-0.035683899,0.003247969,-0.003269114,0.089723167,0.093525949,0.307424199,-0.19795415,-0.092617878,-0.09417701,-0.147882757,0.088570094,0.269408036,0.000417036,-0.071525203,0.062621205,0.024318365,0.188999209,0.017687989,0.071825171,-0.085877288,-0.167001512,-0.039795475,-0.051041675,0.143633075,0.100275022,-0.099767788,-0.004145153,-0.040671172,0.11389302,-0.026897127,0.017181562,0.119257172,0.084056895,0.018389655,0.060584177,0.106735412,-0.002769988,-0.024972883,0.084857454,0.123022255,-0.044272303,-0.016817481,-0.125607987,0.070477755,0.143389222,-0.198490929,-0.07031086,-0.030170262,0.008560465,0.075715161,-0.03496396
116,-0.090234256,0.110388277,-0.03957935,-0.084628464,0.056331416,-0.092854965,0.130177369,-0.002020783,0.058731536,0.111755521,0.095001419,-0.048898604,-0.033473681,-0.021857209,0.011058498,0.032628672,0.045904892,0.245401744,0.081874886,0.141850706,-0.007959475,-0.043329032,-0.018746867,-0.038134602,0.052831791,0.015637942,0.017488696,-0.048723346,-0.028783474,-0.024593291,0.099665896,0.085603859,0.08765532,0.159163148,0.003649894,0.134136378,-0.060307974,-0.010980545,0.013709704,-0.067120074,-0.058290275,0.05185017,0.156823634,0.060886023,0.011311371,0.049460608,0.047896216,0.055950702,0.036187495,0.058163619,-0.030101505,0.14680412,0.015642583,-0.049331075,-0.027906516,0.093375508,0.159012089,0.058731152,0.09734487,0.067216522,-0.034433683,-0.013716391,-0.038842511,-0.013439817,0.107570898,0.167276546,0.008660508,-0.017465363,0.035338423,-0.04278722,0.026119291,-0.001547235,0.034482994,-0.095083497,0.176351815,-0.082408227,0.003398666,-0.133323134,-0.090826197,0.140019566,0.019200369,0.012712387,-0.065985054,0.045583027,-4.94903E-05,0.072550626,0.011249478,0.024618269,-0.055178965,-0.024857333,0.042297107,-0.025849659,0.036944738,-0.116750143,-0.000298394,0.081327748,0.024383153,-0.047336558,-0.070425737,0.078909956,0.182723854,0.115528905,0.102293622,0.071497006,-0.010566352,-0.159145925,-0.045212047,0.090569463,-0.021814877,-0.070248536,-0.017675418,0.019804615,0.030991447,-0.011002454,-0.135689559,-0.125959177,0.038598547,-0.073131501,0.058026051,-0.067791617
117,-0.037474239,0.06398183,0.102456125,-0.063826148,0.096208548,-0.015922561,0.151276017,-0.091567978,-0.002061498,0.11284974,0.067655837,0.024199628,-0.016327434,-0.018032904,0.028804249,0.040160459,0.255296904,0.085642583,0.02532087,0.069354963,0.064320143,0.038111839,-0.058628833,-0.01410933,0.04090062,-0.025168043,-0.000742824,0.101996049,-0.061133108,-0.007604407,0.008100469,-0.035990605,0.024939334,0.026867109,-0.052811703,0.122714196,-0.028570576,0.00838127,-0.031261555,-0.171904133,-0.038574844,0.05736162,0.12858048,0.03241698,0.049865984,0.021674775,-0.110518564,0.058177987,0.027786401,-0.094329185,0.010507167,0.091622635,0.042133758,0.066929671,-0.012019359,0.126150204,0.055507868,0.103704897,-0.025396441,-0.002329934,0.058579501,0.066981186,0.022319169,-0.060470501,-0.093284752,0.121854091,0.093901604,0.037999515,-0.119839462,-0.062017082,-0.075403885,0.095667619,-0.040513926,0.001755353,0.076718691,-0.01600007,-0.038151203,-0.081912602,-0.093922959,-0.015772122,0.07079919,0.061492227,0.035097021,0.004216237,0.011924602,0.038155581,0.071410181,0.024635467,-0.042659056,0.037006561,-0.113655074,-0.09520462,0.086832021,0.043270702,0.006962472,0.000147624,-0.036764195,0.025652563,-0.027192141,-0.005450853,0.07827017,0.093345679,0.144259094,0.100489669,0.047672814,0.041627325,0.007014065,-0.024345993,-0.01990384,-0.006250235,0.014157519,-0.088166269,-0.04281254,-0.029648792,-0.107765414,-0.075875365,-0.107485484,-0.100526158,0.055672219,-0.137123903
118,0.051266556,-0.039377281,0.197453184,-0.013509215,0.015595379,-0.029359271,0.077271857,-0.087779585,-0.003203104,0.136799367,-0.066513156,-0.058210096,-0.044325047,0.053129309,0.001307921,-0.022954569,0.152972223,0.189584577,0.044562191,0.050117013,-0.061733202,-0.046739084,0.056332761,0.022785797,0.063426498,-0.067635871,0.179305324,-0.005201065,0.060530213,-0.069495363,0.024913691,-0.036854198,0.048107941,0.113923128,-0.032850084,0.066290524,-0.092153996,-0.04845864,-0.01796517,-0.123959001,-0.109068704,0.072348599,0.17861985,0.034249015,-0.004528138,0.120243514,-0.033743737,0.071477128,0.017434713,-0.022313142,-0.017189144,0.12563723,-0.074738216,0.046943382,-0.092999914,0.070057828,0.139621279,0.005936974,0.089013051,-0.02297204,-0.00120117,-0.018573286,-0.014461046,-0.098832029,-0.034747131,0.101149925,-0.001215882,0.168529256,-0.043510957,0.058258019,-0.016556173,-0.045589725,0.025552808,0.00491133,0.212356279,-0.009336978,-0.085305986,-0.085686775,-0.117337936,0.035223556,0.07165436,0.056620093,0.060028802,0.067278707,0.000403329,0.131431388,-0.000780916,-0.08774561,-0.178395906,-0.079949053,-0.020537861,-0.053603386,0.154022337,-0.063458098,0.023258803,-0.016757333,-0.112679171,0.054363599,0.027892867,0.013505471,-0.012839733,-0.090886874,0.056530584,0.022608772,0.126283022,0.00771222,-0.040935578,0.084127849,0.115030757,-0.067191065,-0.059334436,-0.018255132,-0.054021853,0.072998284,-0.127984417,-0.113328846,-0.128749593,-0.060569391,0.076591489,-0.027389759
119,-0.062369467,0.064722117,0.086891876,0.005829565,0.078800429,0.047739012,0.095371492,-0.049705226,-0.049906593,0.147826496,0.021221585,-0.055167308,0.108894835,-0.022413289,0.041302155,0.035806846,0.25438518,0.045207207,0.025013962,0.115204662,0.017725542,0.035845352,0.056891788,0.033516748,0.065656689,-0.070784304,-0.001471395,0.048874357,0.046987925,-0.112048718,0.069604999,-0.166110649,-0.029254433,0.225014825,-0.010726922,0.076372993,-0.164814831,-0.088500793,-0.019098865,-0.063180177,-0.011545017,-0.085797428,0.036042897,-0.039386066,-0.027325741,0.074491441,-0.03315589,-0.019184022,-0.005309403,0.03758505,-0.002917133,0.205605661,0.018053644,-0.013731583,0.031748245,0.104103501,0.201674702,0.181181838,0.099551721,0.009777142,0.029663538,0.004085118,-0.048543166,0.061318643,-0.013765749,0.210431146,0.125741724,0.171359918,0.001959139,-0.008627989,0.035722939,0.078202538,0.043650632,-0.062729224,0.190240787,0.070454115,-0.035060167,-0.066270027,-0.076466458,-0.00785323,0.137875063,0.036206151,0.022683493,0.090208793,0.005014521,0.071627633,0.01493793,-0.036527701,-0.110381442,-0.027303196,-0.018782822,-0.122582143,0.109279385,0.067588815,0.046310391,0.022845214,-0.074891679,0.160508631,-0.07621139,-0.000899579,0.062084126,-0.006347259,-0.00879185,-0.039924828,0.068398854,0.10282248,0.019990366,-0.03846986,0.01844323,-0.124105281,-0.084529943,-0.167539032,0.016950181,0.017990338,-0.139157905,-0.173146643,-0.021091857,0.032232003,0.141107921,-0.086791877
120,0.102591088,0.12894767,0.081208911,0.015588621,0.112707776,0.004335821,0.140484242,0.031479069,-0.001286821,0.025281903,-0.048001792,0.021501423,0.191846426,0.08356786,0.048770979,-0.097553928,0.112699604,0.110760421,0.044498003,0.029751666,0.11182208,0.00804252,-0.061067903,0.04148959,0.017727377,-0.05106231,0.066488395,0.025982925,-0.049526637,0.003685058,-0.040518879,0.081108829,0.056692163,0.125238545,-0.027567079,0.144696419,-0.083674973,0.006847811,0.102111022,-0.109809921,-0.012595648,0.048143484,0.10378902,0.083243713,0.058118497,0.078738258,-0.02134793,-0.067540466,0.09215755,0.001864107,0.047578857,0.094304243,-0.018497703,0.08365149,0.084620536,-0.122315287,0.176550498,0.059169019,0.032421061,0.095079185,0.042102008,-0.008994246,0.012734834,-0.059730281,-0.027895297,0.192796128,0.113993708,0.124369707,-0.050702344,0.054972375,-0.043166113,0.054293655,-0.016067674,0.029860409,0.268330835,-0.019960074,0.030237607,-0.068046068,-0.054932639,0.048246579,0.015175437,-0.098321259,-0.017793878,-0.028836974,0.121004234,0.030900239,0.074213896,-0.0721677,-0.112334654,-0.042490109,-0.09505094,0.023915299,0.171300834,0.092363514,0.054627374,0.060022064,0.016063074,0.063671483,-0.010294,0.022161257,0.007343947,0.009745545,0.082877917,0.061512129,0.115393142,-0.008440752,-0.084844175,0.002517744,-0.017809065,-0.010007401,-0.066694584,-0.027123002,0.0785798,0.150045218,-0.188857911,-0.115333788,0.069563559,-0.046024206,0.038003469,0.0008819
121,-0.048206824,-0.029900491,-0.015496365,-0.016286403,0.104799888,-0.030214667,0.079809006,-0.029156731,-0.028257817,0.07692436,-0.013303476,-0.020325156,0.000675996,0.026089577,-0.078727353,-0.035496952,0.148229772,0.178612081,0.111804895,0.026747346,0.128133093,-0.023055974,-0.003388066,0.002998493,0.018970031,0.003111508,0.094347135,0.052287067,0.023088661,0.026624379,-0.036132824,-0.028232638,0.032819337,0.021956792,0.052156629,-0.050705358,-0.031061112,-0.000796373,0.059663265,-0.054374186,-0.013525599,-0.029857505,0.042747385,0.082325304,-0.002199497,0.137229585,-0.05248801,-0.076837234,0.054997414,0.036202371,-0.09838246,0.07973957,-0.016802713,0.069656207,0.027308604,0.048746714,0.082991352,0.140683767,0.001999061,0.025779225,-0.063427501,0.094295313,0.044532251,-0.025255751,0.086233569,0.067942813,0.121610809,-0.045200967,0.065336968,0.02420229,-0.021385915,-0.087154728,0.013661662,0.05342781,0.14391438,-0.005975141,0.009600223,-0.023906405,-0.067186235,0.06625047,0.007727966,-0.025565446,-0.01580358,0.057719767,0.101399155,0.085688679,0.074871003,-0.078447201,-0.199985552,-0.070848119,-0.033152247,-0.115927933,0.102424884,0.012190178,-0.008244438,0.004419362,0.011095169,0.156455299,-0.024582769,0.111889909,-0.029202354,0.093536455,0.09736099,0.011304768,0.08719748,-0.002442236,0.063741645,0.054241011,0.066702316,-0.085709665,-0.011833614,-0.091101711,0.071701546,0.00677799,-0.043014888,-0.0875981,-0.050235404,-0.095661807,0.102798709,-0.070152008
122,-0.073587086,0.091655423,0.01115674,-0.005254311,0.151525462,0.021368843,0.1766046,0.001013883,0.092050236,0.030265199,-0.078586239,0.001970927,0.013046321,0.005858288,-0.040483621,-0.007511941,0.156604731,0.056945038,0.098600319,0.15612022,-0.028668636,0.019340848,-0.056244198,0.130252443,0.106986738,0.006072397,0.068553373,0.008497792,-0.023712262,-0.138595853,0.150609339,0.00650177,-0.103711489,0.15046881,0.001042646,0.024135298,-0.112158323,-0.004954218,-0.029862651,-0.137164558,-0.121258723,0.145288648,0.029473385,0.176700774,0.061607096,0.149779842,0.015441676,0.174452204,0.01127202,-0.05711277,-0.05753899,0.037652857,-0.014125625,0.063025586,-0.062961758,0.049031103,-0.006419107,0.029600159,0.086537914,-0.004946467,-0.026040931,0.067672183,-0.002638813,-0.005312021,0.021160035,0.182132334,0.102541115,0.101210651,0.034247466,0.031394701,-0.043283864,-0.049055923,0.015609024,-0.063866551,0.189946692,-0.126430831,0.022645072,-0.012614655,-0.146396362,0.029912833,0.061837195,0.127545198,-0.055049656,0.12931167,0.047479744,0.076078669,0.01998827,-0.050227382,-0.019936447,-0.060140199,-0.03114763,-0.025437981,0.090138155,-0.015721539,-0.052308461,-0.045123192,0.000526836,0.062178276,-0.022429814,-0.061708549,-0.068804346,0.043473226,0.079513851,-0.016235631,0.065150924,-0.047791439,0.03145723,-0.014828624,0.077057908,-0.029817213,-0.117580153,-0.063069702,0.026170859,0.148015595,-0.113210649,-0.00011147,-0.133819752,-0.16504314,0.001983514,-0.053229932
123,0.028810502,0.055014477,-0.055407701,0.000744666,0.121806705,-0.000911473,0.089298239,-0.131682896,0.080069842,0.135723233,-0.044666533,-0.014212899,0.033013883,0.09338985,-0.01336694,-0.022360667,0.246355204,0.138939371,0.103046723,0.217755433,-0.057788629,0.007622545,0.051470074,-0.004247026,0.009903692,-0.070370698,0.2109418,0.053937848,0.029062097,-0.148765203,0.029775093,-0.073628374,0.011617329,0.122559763,0.08675267,0.189224991,-0.061278204,-0.03195919,0.085466363,-0.068196949,-0.083843259,0.059216271,0.183610271,-0.02330145,-0.064073341,0.128552841,-0.03364955,0.019291983,-0.004317017,0.138488597,-0.090663253,0.158515923,-0.023746189,0.022071077,-0.086148234,0.101117308,0.159263551,0.125277192,-0.017344648,0.026469572,-0.001216757,0.045116378,-0.036324908,-0.067540302,-0.02046466,0.083639367,0.020585439,0.02072628,-0.079777518,-0.011467207,-0.096985758,0.035359151,0.074056812,-0.084065714,0.365668023,-0.109467817,-0.126630766,-0.021608548,-0.164788629,0.060646598,0.085065252,0.075290152,-0.047422406,0.08207267,-0.024388662,0.172736044,-0.0115488,-0.023662239,-0.010301911,-0.023002436,-0.064526665,-0.047671264,0.177652009,0.034083127,0.133715575,0.056646605,0.023169005,0.02437486,-0.027786823,-0.005207187,-0.044908182,0.093269904,0.045618323,0.043505677,0.124287628,0.015816899,-0.045497357,-0.031403947,-0.062818963,-0.029892721,-0.100569525,-0.188761537,0.035269132,0.085757791,-0.161105631,-0.113677875,-0.15780123,0.018996619,0.143105379,-0.072029068
124,0.004766515,0.012043766,0.10545004,-0.116171029,0.099138532,-0.053305804,0.121218308,-0.107246232,-0.047722762,-0.004603,0.047723446,-0.084023534,-0.029611778,0.060188715,-0.037341296,-0.009378264,0.284602896,0.125412133,0.018490246,-0.023843023,-0.00187339,0.026037507,-0.022451542,0.101953067,-0.025965316,-0.103267076,0.117101695,0.023584999,-0.034140678,-0.06964447,0.153701302,-0.017859134,0.013133845,0.270938816,0.002852925,0.139585648,-0.053289523,-0.060090821,0.087290915,-0.036130117,-0.056042997,0.014371002,0.126004749,0.012336291,0.132742993,0.196034312,-0.104767603,-0.009038139,-0.02112658,0.032415392,-0.048159953,0.027457399,0.046030265,-0.006841434,-0.107452837,0.045934636,0.123978647,0.056093993,-0.026816921,0.025052206,0.009501089,0.163582834,-0.003975066,-0.057397183,-0.005239622,0.094573451,-0.020478545,-0.051242989,-0.034895663,0.040395684,-0.098407696,-0.079636376,0.041658276,-0.097390752,0.199580697,-0.103049378,-0.055535063,-0.022873313,-0.135630239,0.095972952,-0.06244489,0.125420419,0.036922884,0.182889888,0.04386379,-0.022935881,-0.053762644,-0.068096168,-0.108935964,-0.102678522,-0.040600514,-0.126940612,0.112087301,0.10736909,-0.044340006,0.067094428,0.046373455,0.064552292,0.02488461,0.01725239,-0.014327319,0.032241208,0.044352412,0.022615083,0.119852197,0.001392266,-0.039483401,0.076437966,-0.016667462,-0.140745082,-0.063270326,-0.126856652,0.04126964,0.020512347,-0.198916596,-0.112379681,0.081870663,-0.094009298,-0.005918405,-0.166735628
125,-0.013129495,-0.031377596,-0.019826952,-0.006854416,-0.014602307,0.017425833,0.118675531,-0.095830847,-0.049442562,0.120000641,0.036298892,-0.057040457,-0.048108886,-0.028166142,0.279438088,0.064081409,0.236104677,0.127173672,0.05582305,0.142468564,0.028219769,-0.008482683,-0.055958615,-0.009393457,0.06084331,-0.029650181,0.05050247,0.035028777,0.036488236,-0.043832042,0.138087644,-0.040939337,0.063971962,0.151047234,0.011493681,0.142987737,-0.094256903,-0.034577576,0.083255675,-0.097488701,0.006100834,0.119626572,0.086935727,0.127326441,0.019816416,0.237018707,-0.152572533,-0.010787041,0.129852988,-0.062756173,-0.168874828,0.128598727,0.013863217,0.00249355,0.091605423,0.035671899,0.064306736,0.028459213,0.067171422,-0.068493972,0.029865102,0.174266182,-0.093797076,-0.017906161,0.058577667,0.166975672,-0.004737851,0.144783421,0.060089653,-0.004342817,-0.088501893,0.063864448,0.01072412,0.07894569,0.352411241,0.018964516,-0.074633922,-0.041617259,-0.206067656,0.078388804,0.030556065,0.077678024,0.006726152,0.018922619,0.0555062,0.033306546,-0.05704643,-0.051307376,-0.099348282,-0.069073814,-0.024243533,-0.154053767,0.141513834,0.040341983,0.046260025,-0.005094319,-0.023121189,0.135802029,-0.065518688,-0.04410333,-0.062212767,0.024227458,0.094032083,-0.001341979,0.146749818,-0.038467673,0.04569974,0.051479184,0.035282971,-0.167730045,-0.112918526,-0.112891312,0.00130313,-0.054908177,-0.155619325,-0.133633933,-0.151558259,0.043494359,0.013665595,0.00039493
126,0.014404555,0.001444765,-0.008159096,-0.022388908,0.038083471,-0.070812913,0.165893786,0.034632867,-0.035484377,0.145908057,0.047769067,0.069521662,0.067563426,-0.00772771,0.068828219,0.065940688,0.147299812,0.171175614,-0.04923423,-0.03509277,-0.061667111,0.006760743,-0.118269507,-0.051362663,0.092749147,-0.007617214,0.100699535,-0.007580412,0.002760066,-0.088678296,0.042679561,0.019663297,-0.044449869,0.091960516,0.036108997,0.073371517,-0.081041911,-0.003664142,0.093761133,-0.10803855,0.066274384,0.027970929,0.094817766,0.085856346,0.023611663,0.049647236,-0.025849053,-0.021812777,0.042657586,-0.006062889,0.000752396,-0.030007707,-0.031147426,0.006922082,0.003131476,0.060924078,0.176060635,0.091201139,0.009668317,-0.0594023,0.024931171,0.09330919,-0.082331993,-0.070352429,-0.019575089,0.086992222,-0.009662925,0.078962353,0.080052221,-0.045115325,-0.040197058,0.07898556,0.104214934,-0.02637536,0.266135079,-0.031210115,-0.03467686,0.042614265,-0.077055932,0.046205294,-0.010186209,-0.048769644,-0.01202363,0.041908338,0.081655651,0.092412583,-0.037419099,0.021780206,-0.097104289,-0.050268496,-0.098943245,-0.137499222,0.08921704,0.180592909,0.049824364,0.04561478,-0.017660464,-0.005630745,0.08388239,0.02365485,-0.019093369,0.054157575,0.125168098,0.084910551,0.027535015,0.021664099,-0.081202335,-0.014457666,-0.010574281,0.001118018,-0.029890464,-0.028921862,0.033088138,-0.004992471,-0.124158021,-0.03756442,-0.003040205,-0.063904015,-0.051231428,-0.142849377
127,0.002315132,-0.012090881,0.1144233,-0.045665665,0.038074039,0.031653139,0.115758457,-0.003098798,0.028456188,-0.006303791,0.056272086,-0.089016579,0.091451295,0.116861268,-0.023000365,0.03419176,0.052261232,0.081375237,-0.006010697,-0.047806589,-0.026430316,0.121733708,0.014832215,-0.08939014,0.013336146,-0.080985489,-0.01459575,0.036463837,0.07705747,-0.101516177,0.008362562,-0.004694063,0.014162647,0.122874518,-0.019091464,0.059755098,-0.000668548,-0.054037078,0.005007439,-0.084414169,0.056861805,-0.035306302,-0.044260883,0.022213842,0.034496225,0.002674422,0.02761914,0.019393956,-0.061829146,0.065785592,-0.029071308,0.22062527,0.007112443,0.056894642,-0.001643477,0.133470734,-0.008167783,-0.022743976,0.036460211,0.001447745,-0.012509192,0.186946479,-0.011987775,-0.039186314,0.138631943,0.06185316,0.009235594,0.058433182,-0.01930887,-0.010085968,-0.007242179,-0.00883533,-0.014041591,-0.079356707,0.047506172,-0.067120796,-0.044600555,-0.082352321,-0.093894225,-0.002744079,0.016203936,-0.026592549,-0.053760524,0.006520894,0.008900058,0.075920883,-0.037789353,0.007391987,-0.121876517,0.007594186,-0.059797729,0.038563426,0.15512185,0.019316845,0.116967224,-0.080199002,-0.039582896,0.018053882,-0.004891674,-0.002650011,-0.000381847,-0.050122292,0.119307463,0.097478241,0.102672272,0.047876642,0.072700454,0.083344872,0.005026866,-0.125914989,-0.031703979,-0.110346323,-0.003188509,-0.06036269,0.017671961,-0.088400183,-0.0636778,-0.011087276,-0.059576181,0.01759515
128,-0.073519237,-0.094150181,-0.000201398,0.022743105,0.120088747,0.129339549,0.070386368,-0.020768592,0.040910648,0.026250641,0.036888854,0.004834463,0.034053482,-0.084022929,0.06800155,-0.016217062,0.137678197,0.095394338,0.053567559,0.016836897,0.056424538,-0.048437254,-0.091960943,-0.019572278,0.008801545,-0.082160138,0.086287311,-0.027445465,-0.049220954,-0.031979413,0.07567246,-0.031325331,-0.042950464,0.1783562,0.076383587,0.09961837,-0.03521958,-0.128314266,0.075777026,-0.015291484,-0.1145744,-0.00247153,0.089683796,-0.056534354,-0.01344036,0.142714014,-0.049824078,-0.024840126,-0.080966269,0.093368582,-0.05201855,0.125777254,0.050602065,0.011800272,0.037701259,0.020427252,0.151433788,0.06303018,0.098336774,0.023201629,0.137937558,0.047253706,0.03561542,0.10418357,-0.056079621,0.082202007,-0.046508121,0.060729316,-0.101924126,-0.017381743,-0.008966582,-0.039147098,0.020615881,0.001460415,0.153422651,-0.043343056,-0.008527793,-0.000388492,-0.074673945,0.031230082,0.017472109,0.072683828,0.0372897,-0.032340305,-0.023428005,0.100773346,-0.019254076,0.02413694,-0.137419851,-0.005340099,0.002014357,-0.064620124,0.178593871,0.003531669,0.061008351,-0.095010674,-0.055017383,-0.004353914,-0.015612718,0.102842858,-0.087952748,-0.065921919,0.057386684,0.012458661,0.027290597,0.021999426,0.00865878,0.124238419,0.055974935,-0.055290161,-0.047808188,0.026126493,0.025077156,0.151821135,-0.061479585,-0.043063065,-0.199505571,-0.047698352,0.088485336,-0.128703017
129,-0.047572354,0.052235817,-0.01541935,-0.004227694,0.054154655,-0.033222675,0.090322921,0.027805494,0.066973471,0.108472722,0.007157666,-0.002051618,-0.052313911,-0.085670357,0.118311498,0.040083595,0.067900863,0.218875252,0.106023277,-0.002383304,-0.026594167,0.005632391,-0.03666093,-0.073223977,-0.071156694,-0.072315775,0.029622874,0.02226426,-0.017167969,0.008129801,0.042142827,0.067395782,-0.053729749,0.156368677,-0.006735015,0.158152392,-0.058625948,-0.042613998,0.066043592,-0.006703283,0.044216647,-0.010577959,0.09679162,0.026611636,0.066267062,0.136007121,-0.047304899,0.121135316,-0.012390461,-0.009782653,0.040602271,0.102335842,-0.026308514,-0.046162195,-0.087878598,0.004883258,0.149288056,0.037950345,0.115280296,-0.016343693,0.035682828,0.037150572,-0.06426924,-0.083447372,-0.001287583,0.150104319,0.047283034,0.08236499,0.039325707,0.030613704,-0.020983621,-0.001447592,0.008292633,0.084155546,0.205031224,-0.052455716,-0.047981654,0.061998213,-0.211663308,0.006304906,0.083380815,0.011182134,-0.038964895,0.055206069,-0.014376743,-0.015248593,-0.011000687,-0.096216849,-0.126738914,0.003919555,-0.052905239,-0.015927667,0.150447731,-0.160839501,0.023185949,0.02197059,0.08735823,-0.031032021,0.014436257,0.017948782,-0.030174639,0.09011205,0.099185099,-0.03124043,0.0869737,0.016501579,-0.015779471,-0.040156937,-0.026189445,-0.031481488,-0.048294068,-0.133301094,-0.038424726,0.028310984,0.017354746,-0.041501892,-0.004736061,-0.059053069,-0.014832888,0.04546679
130,-0.035035355,0.035977271,0.164186593,-0.020950135,0.031552277,-0.083003784,0.085161143,-0.043146399,-0.062454432,0.235851864,-0.100553092,-0.062240601,0.137737372,-0.055466998,0.018721467,0.08500446,0.163078741,0.256934939,0.088791442,0.11034332,0.03262791,-0.057272243,-0.061751068,-0.007678885,0.067897723,-0.067401154,0.093164104,0.041175659,-0.05515403,-0.041810707,0.05315728,-0.012627563,-0.013807349,0.191931653,0.015252088,0.198860801,-0.10280012,-0.008575773,-0.03704279,-0.101304472,-0.062771327,0.038057971,-0.000792746,-0.040695745,0.026174554,0.143924058,-0.101949129,0.030783146,-0.057277977,0.010298475,-0.166233774,0.197955078,0.059340602,-0.048270329,0.094244613,0.169290692,0.031053214,0.182467696,0.065871652,0.107877844,-0.02747868,0.037614985,-0.068681903,-0.01985425,-0.062617339,0.208443759,0.106994598,0.133487111,-0.016172851,-0.01095941,-0.061273351,0.0378332,0.00823204,-0.056172869,0.115094527,-0.173253355,0.068118974,-0.139444608,-0.138091109,0.016229943,0.04366754,0.115401283,-0.110919174,0.07622247,0.085095113,0.146233398,-0.044196676,-0.004783613,-0.037853975,0.029291782,-0.018631624,-0.044159406,0.319673795,0.062450547,0.104366434,0.050890271,-0.059631782,0.099636509,-0.063218883,0.060000839,-0.015666184,0.11958146,0.117731532,0.11237729,0.136056057,0.089212355,-0.022498855,0.136151652,0.013766562,-0.065832284,-0.075632335,-0.111099251,0.003157837,0.024160011,-0.084905173,-0.143411468,-0.04515175,-0.074853997,0.053488499,-0.134322744
131,0.009117518,0.065437231,0.127744551,0.032423714,0.056056741,-0.103171942,0.021468985,-0.10460934,-0.014957454,-0.067221517,0.023804604,-0.019807218,-0.122497637,0.022928319,0.05597703,-0.044041843,0.021098787,0.06860459,0.029133592,0.093253406,-0.051738967,-0.038400814,-0.008018984,-0.020945641,0.019816967,0.000858205,0.051781193,-0.080565122,0.085115501,-0.136186419,0.08481106,-0.028162225,-0.006803123,0.069354926,0.066911641,0.142094169,-0.063334567,-0.062041103,0.106500354,-0.064180206,0.091114495,-0.099588982,0.043119772,0.083996071,0.044605298,0.123612234,0.061242649,0.029476444,-0.050205188,0.081395299,-0.069703041,0.122019016,-0.002614209,-0.035367375,-0.040805165,0.073849054,-0.004842479,-0.021583892,-0.045762605,-0.03378379,-0.047291166,0.039394457,-0.076184703,0.070067833,-0.10628686,0.074877431,0.06300258,0.020318808,-0.072044346,-0.001732071,-0.079485898,0.016362026,0.049611766,0.017522508,0.071557551,-0.026438543,-0.065357016,0.01502407,-0.02755114,-0.027903152,0.004119934,0.043404404,0.00805551,0.071548285,0.03020539,0.030515408,0.082849039,0.019042632,0.060402445,0.052625665,0.023598288,-0.102123737,-0.024235214,0.03660642,0.034509507,0.059076104,-0.071419296,0.032192172,-0.111163248,0.003382763,0.037955075,0.089048261,0.094057221,0.038140212,-0.030852887,0.009408625,-0.03577731,-0.003564753,-0.063165597,0.006972376,-0.068730486,-0.078744059,0.066421913,0.068945644,-0.087841897,-0.043934464,-0.04595473,-0.143631339,-0.028396177,0.001775067
132,0.027939393,-0.014281366,0.12591685,0.016777115,0.052617093,-0.041801462,0.130873314,-0.024022016,0.00680331,0.060207654,-0.030665022,-0.023174551,0.099578295,-0.013583608,0.04266151,0.042876557,0.111114692,0.09268694,-0.027510646,0.090856409,-0.051860796,0.030537696,0.071011469,0.05094633,-0.001944844,-0.014743512,0.121266437,0.056140319,0.106212951,-0.081204113,0.133709258,0.124421366,-0.006619788,0.140503961,-0.042543383,0.168267133,-0.080749315,0.065944478,0.124968989,-0.093096175,-0.133801429,0.087893148,0.197543038,0.034466106,0.035396305,0.151461748,-0.128816413,-0.038551027,0.104493269,0.059252078,0.030761009,0.130220318,-0.126502967,-0.018902463,-0.04068459,0.064254515,-0.003027081,0.189311498,-0.016267419,-0.002810248,0.080384663,0.013825665,-0.019063357,-0.098089465,0.07815228,0.240275312,0.018286618,0.119993182,-0.015354243,-0.108091285,-0.130763484,0.0395421,-0.085669069,-0.062081536,0.277956317,-0.055438998,-0.053807459,-0.01037184,-0.172700706,-0.017280571,0.010824539,0.096617714,-0.103268246,0.103301956,0.07011159,0.067860515,0.007886379,0.011883136,-0.119559049,-0.008800181,-0.028914617,0.031326197,0.13569153,0.084914237,0.018933742,-0.016575683,-0.060419665,0.054948724,0.012253508,0.019241872,-0.069476771,0.002962742,0.008851573,0.141498953,0.081178881,0.00601781,0.065053206,0.13014431,0.076665992,-0.124860075,-0.080862521,-0.077821576,0.050562039,-0.014123824,-0.170405953,-0.086346514,0.032797744,-0.094992595,0.056447037,-0.010108509
133,-0.046785009,-0.038189005,0.022747085,-0.034997146,0.062895875,0.004681161,0.091985466,-0.135579936,-0.006651178,0.125807085,-0.082300129,0.021923343,-0.083672504,-0.018165259,-0.116031538,0.081024647,0.113992955,0.068051807,0.128935853,0.109560871,-0.063884689,-0.100334635,0.078085137,-0.064946877,0.015274173,-0.114447322,-0.044977753,0.013774578,-0.031810034,-0.056121684,0.012323558,-0.046549809,-0.109233224,0.080850013,-0.057312895,-0.012085927,-0.044831885,-0.050258002,0.001124781,-0.102842597,0.002476415,0.037766626,-0.025955767,-0.026889965,0.0438861,0.111397154,-0.071783659,-0.039342862,-0.081486247,0.063131726,-0.139007174,0.049602543,-0.042701312,0.033101441,-0.055287699,-0.006889078,0.034370404,0.117676076,0.07540468,0.013049827,0.002206134,0.097670765,0.057963837,0.002565988,0.063881008,0.189373464,0.059805579,0.044292206,-0.002650098,-0.030185718,-0.084297767,0.004363761,-0.020336824,-0.020021916,0.049215844,-0.130843164,-0.080092076,-0.019688451,-0.110492795,-0.002375628,-0.058682428,0.058956926,0.062664011,0.08123207,0.107236959,0.154831663,0.000716994,-0.018981216,-0.04956657,-0.034531234,-0.044868197,-0.05116212,0.139117466,-0.006085086,-0.066793121,0.107846452,-0.000516548,0.06219863,-0.091001,-0.030721662,-0.054444968,-0.017281766,0.035737036,0.012052853,0.130502023,-0.01689938,-0.032018881,-0.005561103,0.086039214,-0.067129618,0.000584031,-0.16708371,0.046541627,0.09807921,-0.179730981,-0.048334009,-0.091148368,-0.017369193,0.142970823,-0.086506327
134,-0.052032923,0.002056053,0.078053186,-0.112084393,0.005075524,-0.0139018,0.217425975,-0.017230161,-0.0911994,0.012537066,0.008579107,0.030022665,0.066624667,-0.026390559,0.004185671,-0.035266674,0.108243883,0.104488189,0.054689618,0.087759243,0.019170687,-0.017057436,-0.017297493,0.028868947,0.085353166,0.040134031,0.056660696,-0.003405804,0.01280791,-0.069687659,-0.097097347,-0.051508858,0.006474854,0.129484087,-0.118636075,0.136313496,-0.061896661,0.023761355,-0.111556885,-0.065490345,-0.166888259,0.022071524,0.07633226,0.104331074,0.058132422,0.04984827,-0.049305516,-0.038155736,0.045277895,-0.040858527,-0.070392127,0.124025241,0.031543073,0.027414363,-0.037439077,0.103354237,0.123623665,-0.024036514,0.012850543,0.074185638,-0.052891748,0.033464231,0.025933767,-0.024600065,0.014902409,0.034876979,-0.011379106,0.066916819,-0.035156709,-0.046180553,-0.107156378,0.076571829,0.015129344,-0.10746759,0.273766346,-0.056871669,-0.01753893,0.054499429,-0.101551563,0.0261208,0.181978246,0.014177375,-0.0903675,-0.010912399,0.039316313,0.214031991,-0.030519916,0.12150099,0.040078088,0.065265382,-0.021382171,-0.131508082,0.098074605,-0.044375576,-0.018796471,0.048071302,-0.088851896,0.056124859,0.027287648,-0.033715863,-0.058230311,-0.023059974,0.042000814,0.170174475,0.025011101,0.02889614,-0.041627548,0.115330749,0.12539154,-0.064225465,-0.160372497,-0.134645626,-0.025958719,0.093755578,-0.06568768,-0.048355249,0.021170615,0.01689837,0.066888593,0.071991727
135,-0.050893915,0.033256642,-0.010196924,0.052701491,0.000137397,-0.088470517,-0.029815222,-0.067556719,-0.045826225,-0.022303492,-0.055106534,0.049294708,0.089693406,0.036053559,0.069742916,-0.010674428,0.15369769,0.052057999,0.011534449,0.125835233,-0.005010788,-0.084501097,-0.036402256,0.018727368,-0.039104784,-0.08816143,0.095967902,0.04123407,0.078249393,0.048310859,-0.048114931,0.018117008,0.035335741,-0.010580218,0.087513882,-0.025933598,-0.061041737,-0.069844835,0.028796423,-0.041557952,0.014020229,0.091376815,0.105511667,0.037175876,0.026279139,-0.009285313,-0.05915774,-0.023253866,-0.044423567,0.047023731,0.042593303,0.119500405,0.068098025,-0.002424417,-0.004919429,0.158042982,0.00601904,0.087674455,-0.030439095,0.008214978,-0.048555517,0.002259839,-0.015876921,-0.08127038,0.029561793,0.081396883,0.031312568,0.021586296,0.037120883,0.006818204,-0.033982473,0.014410669,0.040712195,-0.030933872,0.126250923,-0.040485398,-0.045397544,-0.029290274,0.014088284,0.110934415,0.013839129,-0.011701698,-0.066343403,0.020653359,0.056521008,0.0299582,0.005201723,0.001168905,-0.11654292,0.018585566,0.123257431,-0.072004154,0.129221778,-0.002744747,-0.038901687,-0.023268755,-0.078936912,0.009727181,-0.081300253,0.062356267,0.095665324,-0.03003862,0.088761385,0.069721613,0.089305148,-0.035829928,-0.012739887,-0.078814974,-0.02899364,-0.097003508,-0.021846726,-0.089400108,-0.048610471,0.02813947,-0.086528487,-0.045992991,0.023979962,-0.06822973,0.003584588,-0.076022548
136,-0.030917666,0.049268885,0.084657727,-0.061383089,0.173513852,-0.037633861,-0.009197267,0.014260441,-0.031889911,0.107036079,0.061073577,-0.03358459,0.105596853,0.0185402,0.008549545,0.004428014,0.124739644,-0.015752231,0.011157652,-0.017532596,-0.027435224,0.064857808,-0.031273303,0.088418589,0.102334139,-0.031130657,0.080472423,-0.0103919,0.060679153,-0.01329569,-0.073353131,0.015693262,-0.026232239,0.055409707,-0.018148745,-0.056064077,0.015021233,-0.054577969,-0.026104047,-0.062998571,-0.053433708,0.046914145,0.054774113,-0.083185381,-0.002190992,-0.031714883,-0.078631754,0.02877444,0.029386239,-0.0156331,0.033422733,-0.01364398,0.034142557,0.077560549,0.063400842,0.044461298,0.079138822,0.097939314,0.11761732,0.044297977,-0.018753113,0.07328066,0.036335967,0.139805242,0.016156342,0.040038991,0.036113329,0.022149873,-0.031261712,-0.009843662,0.026121637,-0.002298547,0.079595813,-0.026187982,0.072888524,-0.079502356,0.037229218,-0.079397117,-0.020916536,-0.009987079,-0.035592665,0.034174047,-0.046079185,0.039498842,-0.032364955,0.180064004,0.11841088,-0.009209045,-0.010975049,-0.019770263,-0.027081083,-0.071311315,0.052742601,0.022774484,-0.020940317,0.071775542,-0.154222636,0.090239727,0.02055851,-0.028435782,0.072569539,-0.004774112,0.075622105,-0.071367921,-0.085896255,-0.010713543,0.088792916,0.006401741,0.024300026,-0.188212193,-0.024994909,-0.087301986,-0.058538954,-0.051500487,-0.086324662,-0.006077582,0.060755892,0.05977694,0.042872467,-0.026564138
137,0.046225854,-0.086532368,-0.03334765,0.040445334,0.231080688,-0.0248994,0.094616578,-0.051404497,-0.042109741,0.210883437,0.015257975,-0.085630791,-0.03059519,-0.072328431,-0.05472766,0.015737794,0.087149715,0.144338652,-0.021883734,0.050287985,0.001914038,0.039652832,-0.019006265,-0.029994553,-0.003896127,0.032322488,0.061652257,-0.042390218,-0.000340077,0.071494743,0.051643335,-0.080300319,0.002992459,0.103567582,0.056882546,0.122143397,-0.080204569,-0.043007392,0.101081828,-0.105214155,-0.095895727,0.118323365,0.076779893,0.023758444,0.017375442,0.104295494,-0.044670179,-0.028037425,-0.0155753,0.12070204,-0.082640385,0.117823055,0.086596067,-0.029620618,-0.071402183,0.042775089,0.055017683,0.137845175,0.121085028,0.016782006,-0.04266895,-0.009468729,0.047262506,0.018751867,0.003891139,0.036933499,0.090753036,0.008723286,-0.060485648,0.082002967,-0.01306951,0.131613966,0.084698973,0.023475923,0.277749719,-0.138609081,0.02544377,0.026425322,-0.16536035,-0.017141349,0.065224753,0.083031738,-0.090659721,0.069378409,0.043665635,0.176259809,-0.021973879,-0.07525126,-0.068983251,-0.12714443,-0.029929081,-0.095633026,0.164993042,0.060968209,-0.007183387,0.007690158,0.090035225,0.033829859,-0.044776873,-0.08394371,0.013966636,0.101450536,-0.030364662,0.025302823,0.119480124,-0.02442378,-0.046771724,-0.071553543,-0.126757799,0.049937254,-0.026895538,-0.123844051,0.01446003,0.0830003,-0.109937317,-0.069676036,-0.014734787,-0.124060749,0.001485501,-0.011548263
138,0.015987473,0.036305459,0.10448482,-0.138843481,0.071915971,-0.068596541,0.033107076,-0.040502624,0.047641457,0.04664865,0.093942768,-0.016598188,0.048387037,-0.047452073,-0.015711932,0.098736489,0.156371706,0.038557379,0.183357741,0.050829389,0.00081657,-0.05385833,-0.116513948,0.107171679,0.025069426,0.057324548,-0.000373211,0.008850833,-0.071543384,-0.086899538,0.056027599,-0.027343542,-0.061919,0.07582499,0.032762447,0.119380097,-0.048473669,0.008710542,0.025708941,0.025636867,0.015525446,0.03985065,0.036434839,0.004016324,-0.060361431,0.112384459,0.058832383,0.077235496,-0.0376154,-0.016427205,0.019089497,0.132688583,0.017262423,-0.040802323,-0.113373012,0.04327758,0.124741272,0.039209517,0.062704524,-0.006156596,-0.001653443,-0.020323503,-0.017471939,-0.074478798,-0.051746605,0.140493868,-0.061860774,0.101700338,0.023666801,-0.078143749,-0.042287428,-0.059365199,0.009968355,-0.093279838,0.111501787,0.052282808,-0.067989964,0.014098966,-0.082410739,0.057091007,-0.020083391,0.145311382,0.035773262,0.018531815,-0.097705771,0.013969287,-0.055323954,-0.107369682,-0.101389655,0.03048409,-0.024717893,0.00382038,0.12649462,0.063538774,0.03507283,0.057612059,-0.051461979,0.003263132,-0.0325065,0.04227738,-0.039065369,-0.043708557,-0.010750772,0.070253125,0.15601676,-0.018844309,0.017023472,0.037649621,0.110402259,-0.075727815,-0.077037635,-0.183874644,0.100650139,0.01882096,-0.114410954,-0.072818028,0.006253874,-0.042607082,-0.007000707,-0.035861972
139,0.060499552,-0.037555491,-0.060020922,0.042477308,0.063243697,0.065032359,0.028078895,0.108575049,0.089065552,0.027015621,0.015770649,0.124207152,0.072263044,0.004485376,0.069795165,0.014503195,0.105733452,0.011572122,0.041823039,0.084580267,0.026835521,0.099051967,0.062438924,0.015308044,0.03326856,0.035129998,0.008965266,0.019836119,0.04224823,0.022830974,0.060161215,-0.014498691,-0.028625137,0.144808713,-0.069806275,0.119968684,-0.065654777,-0.004288558,0.000729571,0.052546391,-0.006362335,0.059885467,0.00380322,0.042431646,-0.024241444,0.023294989,-0.020900694,0.024341764,-0.040757906,-0.072124677,-0.012348171,0.063209545,-0.047856346,0.03092418,0.001127391,-0.004327607,0.107414525,-0.039749105,-0.032858748,0.098028957,-0.03744998,-0.010117564,0.05901201,-0.042354298,0.134566647,0.017881006,0.024601794,0.01967185,0.009524636,-0.072775703,-0.078390358,0.018684591,0.083485003,-0.125863236,0.182159995,-0.05051548,-0.088465841,-0.021632312,-0.088991207,0.007012936,0.077181947,0.11063996,-0.010052194,0.071713233,-0.009861591,0.043167781,-0.068509793,0.008541731,-0.011190852,0.057984388,0.031264834,-0.107633978,0.071024001,-0.00511753,0.078536663,0.029700209,-0.023966257,-0.020508724,-0.00685911,-0.007440291,0.107465544,0.018809583,0.010538637,0.097673723,0.028770327,-0.011028505,0.031959624,0.062403047,-0.1032618,0.057436676,-0.004354734,-0.12154541,0.115682842,0.016158608,-0.012967711,-0.013839393,-0.015675135,-0.076824384,0.065852934,-0.041380019
140,0.012307495,-0.046046902,0.005826498,-0.113340592,0.015751861,-0.070575187,-0.000485328,0.00815844,-0.010294434,0.015326465,-0.083439083,-0.099635165,0.052438021,-0.107177278,0.114221609,0.038762306,0.09372323,0.109619003,-0.022335821,0.056851668,0.016498497,-0.057515772,0.005925193,-0.020106608,-0.032252385,-0.088023279,0.08123106,0.001715101,-0.12125624,-0.055499313,0.071280654,0.058944288,0.020837014,0.083427194,0.026322782,0.011095903,-0.005362333,0.067673787,-0.031643241,-0.102363317,-0.045716837,-0.04423807,0.062372609,0.15208599,0.035754585,0.033657383,-0.094723764,-0.023190607,-0.030142761,-0.058584854,-0.020581546,-0.025584641,0.012268586,0.019882132,-0.030820465,0.084657708,-0.021810831,-0.007552663,0.062427574,0.117309563,-0.03999333,-0.01788991,-0.02409006,-0.045270227,-0.044416506,0.196083599,-0.056228197,-0.014779378,-0.00363644,0.040352511,-0.017092894,-0.082308126,0.030636732,0.077669093,0.121301798,-0.100525788,0.06737336,-0.068510979,-0.015203614,-0.068071628,0.099787687,0.045005919,0.019660828,-0.008288623,-0.03325097,0.122249373,-0.059920605,0.030994174,0.026227176,-0.050576606,-0.072696698,-0.06330683,0.062693007,-0.010482539,0.004827031,0.051316057,-0.108972294,-0.057609953,-0.030041255,0.032892936,0.010911917,0.018490034,-0.041242522,0.040828284,0.056604228,0.000297866,0.006651735,-0.012655817,0.073482576,-0.009285857,-0.083548506,0.019113556,-0.018056485,0.064250673,-0.124082761,-0.122683449,-0.02678593,0.010607649,0.031624989,-0.005042169
141,-0.013999075,0.063441656,0.107996527,0.014129279,0.033756171,-0.009976265,0.01476473,-0.079206275,0.018169537,0.067385237,0.03586593,0.064592623,0.129928869,-0.103953106,-0.004729583,0.084707139,0.189291637,0.07957365,0.009220092,0.076045687,0.042399169,-0.055906636,-0.013297009,0.129427267,0.152233542,-0.025655071,0.073300978,0.019595528,-0.038412724,-0.052569472,0.087431047,0.02600523,-0.015257323,0.104332663,0.013921302,0.066262393,-0.163882487,-0.069319482,0.055594039,-0.087888176,-0.072413106,0.007974211,0.076489688,0.006140568,-0.06145516,0.050943421,-0.078449671,0.070593053,0.012939749,0.108900939,-0.026443027,0.161113119,-0.019327641,0.064476923,0.004566374,0.043091869,0.054360139,0.118231496,-0.013663564,-0.001729429,-0.084851188,-0.020567,-0.045779864,-0.019234244,0.02105746,0.164143162,0.073113506,-0.033699647,-0.078708809,-0.14720589,-0.081916416,-0.045059209,0.053171603,-0.033000332,0.217240227,-0.057631465,-0.028652781,-0.066525657,-0.072101781,0.046088953,0.02267916,0.070142578,-0.054955813,0.014359034,0.059193242,0.008702451,-0.048718056,-0.064872143,-0.122109407,0.059032311,-0.02674981,-0.082951901,0.135521625,0.108541424,0.118865455,-0.01792885,-0.008729942,0.127775703,0.050286811,-0.001732309,-0.083131028,0.023687395,0.102255792,0.052557972,0.050950813,0.082645465,-0.081967015,-0.004747481,0.004307454,-0.052475447,0.035787991,-0.09708938,-0.0046578,0.059199972,-0.114572183,-0.043286059,0.040036908,-0.028066861,0.041109937,-0.008874419
142,-0.039341632,0.07538821,0.116296848,-0.049080713,0.061733247,-0.079794503,0.255255167,-0.07257697,-0.033447859,0.176102261,0.031534388,-0.038922611,-0.007268929,0.094313646,0.184774829,0.070991842,0.294215206,0.144511088,-0.014690917,0.072960379,0.012270078,0.028941106,-0.010050724,0.061620264,0.124076839,-0.061709741,0.014137473,0.075962737,0.034607946,-0.037549403,0.140267161,0.009664478,-0.150476859,0.172407117,-0.047971203,0.128478378,-0.163751224,0.082823424,0.085321166,-0.000560608,-0.05580589,0.017781604,0.032946115,-0.019208944,-0.008628032,0.121797599,-0.034330796,-0.073123349,0.077607077,-0.03970043,0.009088267,0.20245389,0.100137117,0.026324028,-0.028926869,-0.017925836,0.152789993,0.031623593,0.024063846,0.066710308,-0.042701947,-0.002047503,-0.097128218,-0.097420174,-0.122755014,0.204865823,0.122218534,0.124356416,-0.002943985,0.018757427,-0.039851371,0.013284551,-0.04117823,-0.139891977,0.258252906,-0.025637678,-0.063398444,-0.087049244,-0.116780978,0.029478384,0.096606514,0.006811837,-0.081337546,0.100203774,0.109902698,0.16307864,-0.004775413,0.164075042,-0.15144653,-0.057193258,-0.028526862,-0.102329373,0.19155111,0.057901298,0.0445602,0.038847079,0.03202267,0.116944999,-0.047819647,-0.034380458,0.098453632,-0.071055427,0.127347926,0.122363356,0.201266887,-0.02670837,0.023030609,-0.00161293,0.075830933,-0.0431259,-0.094160827,-0.126228362,0.073843836,0.065505607,-0.236409864,-0.058074385,-0.070071684,-0.108826126,0.158288135,-0.089373999
143,-0.036023256,0.014568103,0.00571274,-0.012997567,0.055875029,-0.036113245,0.062543337,0.086068729,-0.033076728,-0.000483641,-0.101405706,0.020900925,0.119425628,0.022503966,-0.055448264,0.026037591,0.159533777,0.1058644,0.071394756,0.105392857,-0.036768272,0.088174055,0.022579409,0.054265586,0.064377841,-0.055392763,0.02086175,-0.044627467,-0.079046139,-0.07725394,0.071407128,-0.060430189,-0.090970597,0.032095626,-0.016674029,0.054679206,-0.038205182,-0.057909516,0.084815584,-0.123448947,-0.097602989,0.018474561,0.032623213,-0.006088,-0.06661554,0.080697664,-0.009974515,0.005097598,0.030051596,0.172432214,-0.020197159,0.080367418,-0.016267616,-0.106117686,-0.084200038,0.170489507,0.080673045,0.054425787,0.026081326,0.047533955,-0.01039112,-0.031808228,-0.09833408,-0.037092407,-0.0284892,0.102437548,0.121700934,-0.005960717,-0.010161488,-0.058684269,0.029802696,0.012580284,0.068317851,0.05114353,0.161647547,-0.090091567,-0.074202558,0.05603994,-0.089381506,-0.024848607,0.033584123,0.094548776,-0.06782168,0.048837306,-0.038426858,0.030212099,-0.010692156,-0.133542176,-0.064695506,-0.011396281,-0.033492576,-0.110013652,0.013654438,0.03602718,0.066679859,-0.001871996,-0.103975219,0.01988383,0.015680092,0.027102551,-0.068818874,0.01053412,0.084296995,0.072486741,0.024501126,-0.100308282,-0.029466843,-0.023174579,0.057217149,-0.0895133,-0.057000168,-0.074089723,-0.012912756,-0.026783801,-0.064408382,-0.078726618,-0.084405195,0.046355377,0.030895644,-0.115177143
144,0.068367346,-0.022430896,-0.056066806,-0.053732519,0.015618119,-0.01788648,-0.022646571,-0.007832979,0.047501045,0.099618233,-0.035676482,-0.024467594,0.026722778,-0.015340418,-0.070895287,-0.010769984,0.052923334,0.113297173,0.108691132,0.054216275,-0.041966366,-0.011252047,0.016734691,0.181704734,-0.025265248,0.052735105,0.076095736,0.066382179,-0.018172359,-0.089096434,0.08748239,0.019202432,-0.08770002,0.034239918,0.00286839,0.085462315,-0.000807552,-0.030947986,0.160310179,-0.038140573,-0.09353048,-0.057592595,0.173088251,0.053842348,0.016804131,0.053337892,0.01174043,0.036513681,0.073283022,0.007250315,0.008088492,0.03715376,0.044082526,-0.027555112,-0.020598208,0.032369049,0.036784304,0.018932474,0.091035914,0.015097363,-0.051736175,0.014091415,-0.035153106,0.012439222,0.027326352,0.001851136,0.03949601,0.043875386,-0.019139596,0.004146695,0.003503847,0.015051363,0.078914927,-0.1593228,0.116294062,0.016043162,-0.046987206,-0.051334872,-0.086518074,-0.019816258,0.085222384,0.089918725,0.023850943,-0.030615959,-0.064023443,0.022740407,0.043744148,-0.031372654,-0.050027995,-0.023370719,-0.099531609,-0.038610806,-0.041059904,-0.030192684,-0.031943226,0.022666578,0.118391373,0.122794432,-0.055760764,0.071598354,-0.012229611,0.039434908,0.080817536,0.094843542,-0.033317597,0.01725085,-0.022382898,0.009994068,0.088222233,-0.026771746,0.086143371,-0.044483195,-0.061247483,-0.043884135,-0.128904573,-0.077428412,-0.031639904,0.022422704,0.02813736,-0.004070145
145,0.008178273,0.052006467,0.061876565,0.041623163,0.056311576,-0.032503388,0.201036096,-0.008735379,-0.045132537,-0.030732054,0.06494733,0.003950003,0.035635595,0.045241318,0.069519738,-0.059045192,0.073911134,0.091751039,0.043441995,0.02776451,-0.064244676,-0.145135166,-0.020031628,-0.008355072,-0.078389715,-0.022716008,0.101111984,-0.001025031,-0.032625246,-0.097856052,0.000537853,-0.019743214,0.068947645,0.09373066,-0.082836511,0.090746056,0.086156019,-0.00041956,0.050305052,0.00367796,0.038056045,0.05833137,-0.000374798,0.018318674,0.010936866,0.055029734,-0.039699659,0.156174451,-0.056675496,-0.031785,-0.060260861,0.204628077,0.02694031,0.087064109,0.02692833,0.073509692,0.057872834,0.074876977,0.155211177,0.051288612,-0.04496508,-0.100761408,-0.012698171,-0.005876317,0.047241049,0.123900976,0.010233887,0.066049883,0.029642291,0.027180861,0.033463683,0.124913606,-0.013028367,-0.004988877,0.073548131,-0.096767062,0.005004405,0.005590868,-0.087270115,0.023167724,-0.040861288,0.121274397,-0.065818299,0.087420151,0.046011804,0.055213865,0.026732712,-0.180271413,-0.125234518,0.001556357,0.060158205,-0.007769098,0.118433594,0.037548874,0.011692628,0.076540222,0.057882971,0.087873267,0.022854665,0.009053889,0.09355975,0.07285625,-0.018759866,0.118757461,0.033155366,-0.003231111,-0.033993065,0.047702761,-0.018512486,-0.021257984,-0.119609648,-0.03148194,0.007140705,0.008302612,-0.038038295,0.012576881,0.034777989,-0.041095613,-0.057443114,0.01801781
146,-0.051125924,0.096118491,0.07784545,-0.031114919,0.038506461,-0.078598963,-0.050496601,-0.03742774,0.090240231,0.099189481,-0.081196519,-0.053522828,0.011261994,0.079916336,0.045850363,-0.015203648,0.141655068,-0.007520917,0.036033686,-0.004643112,-0.059056818,0.089368071,-0.086589735,0.03659469,-0.033335235,-0.053994543,0.221489398,0.007385494,-0.10278957,-0.027041053,0.196609457,-0.004027293,-0.093052561,0.038466251,-0.082856884,0.073691519,-0.099347278,0.018078958,0.016001035,-0.112821323,-0.061231963,0.037689209,0.073608295,0.056675178,0.010289544,0.093969358,-0.009381435,0.044041772,0.031823788,0.067970946,-0.122776874,0.182733742,0.001225861,0.005864005,-0.024934205,-0.019963141,-0.002205054,0.026332005,-0.022158352,-0.017214605,0.061869575,0.176783564,0.060638314,-0.070643377,-0.004389178,0.174403754,0.010960497,-0.01328875,0.036829133,0.045350182,-0.062403055,0.002612553,0.037140876,-0.041024181,0.141131314,-0.027716825,-0.03378049,-0.081787285,0.042011931,0.130050723,0.072537112,0.012980679,0.015393798,0.022325311,-0.028513532,0.157543771,-0.001502392,0.027133884,-0.074527206,0.036837132,-0.084677832,0.007419774,0.055988755,0.063503949,0.101461576,0.01973273,-0.060289596,0.020475511,-0.124202262,0.011207262,-0.013683717,0.015133015,0.125409262,0.096724377,0.163111256,-0.023605144,-0.048339349,0.173378576,-0.028292305,0.047307512,-0.068803468,-0.098786053,-0.041959666,0.090749819,-0.098533993,-0.074118012,0.029969899,0.004305876,0.05239496,-0.016215447
147,-0.027954585,-0.077458657,-0.035776578,0.006697664,-0.044829083,0.036864065,0.015366879,-0.047719312,-0.010965242,0.025093233,-0.006276081,0.007083116,-0.058921498,-0.037764332,0.0602164,-0.028615747,-0.00132685,0.09225571,-0.002231838,-0.011745057,0.016446138,-0.004867695,-0.05613466,-0.106786727,0.107511175,0.027677836,0.0475533,-0.028360884,0.051299815,-0.045175445,0.066340699,0.013336132,0.007811313,-0.088802817,-0.007534723,0.014862274,0.054806452,0.003654619,0.010975848,0.106502201,0.025442798,-0.053464089,0.020982522,0.028737476,-0.091037771,-0.0529776,0.075618298,0.001486526,-0.020990521,-0.016231113,-0.033848498,-0.031930545,-0.102985588,-0.021652724,-0.077231339,-0.026232621,0.037495556,-0.08095274,0.02411259,0.077061788,-0.046182775,-0.0078648,0.0250009,0.067648238,-0.014710229,0.120624334,0.091991674,-0.00825308,0.009035236,-0.004356931,-0.061543306,-0.012508635,0.103483419,0.038114226,0.050407313,0.060463816,0.036299722,-0.019411648,0.012498699,-0.005245306,0.036053697,-0.042457087,-0.101935326,0.056827639,-0.054238048,0.075248457,0.015549881,-0.136392706,-0.052284971,0.136417422,-0.003560609,0.034062648,0.040727153,-0.011423111,-0.078663899,0.002804214,-0.121901921,0.009270371,0.100221046,-0.044950004,-0.070089184,0.031849638,-0.028151628,0.058985207,-0.026688997,0.062105172,-0.023067132,0.030930629,-0.052560943,0.087346016,0.045201361,0.059529752,0.030065577,-0.048830094,0.048010425,-0.011262835,-0.119696245,-0.020273107,-0.007532854,-0.000994083
148,-0.00993164,-0.017013709,0.052228818,-0.061398699,0.02410696,0.008379114,0.249672328,-0.094179739,-0.159143193,-0.015745161,0.012283975,-0.061595028,0.102035161,0.050503356,-0.039772609,0.061250421,0.158837784,0.121030027,-0.006789666,0.094930139,0.128035191,-0.028703351,-0.044270205,0.107784465,-0.037484011,-0.156486785,0.086140467,-0.017282491,0.000779568,-0.009644637,0.045447746,-0.05534533,-0.100434654,0.143978371,-0.030312633,0.093397671,-0.013563149,-0.055850188,0.096929624,0.023305785,-0.027625919,0.000785297,0.005570512,-0.024692309,0.002766844,0.184169953,-0.064570549,0.106684301,-0.088734152,0.003290634,-0.16361505,0.066312411,0.055532483,-0.038188118,-0.1009354,0.011959684,0.138627538,0.13434352,0.055060512,-0.078836299,0.013612993,0.118595074,-0.006156674,-0.080000002,0.082222732,0.083083335,-0.048460449,0.117659717,0.007549031,0.055919552,-0.021624118,-0.041792338,-0.005768758,0.009979793,0.266095204,-0.021935541,-0.06273028,-0.057108148,-0.169220414,0.030079493,0.004594086,0.076501937,-0.065791008,-0.032066812,0.079952863,0.033283012,-0.052078562,0.00270464,0.0403994,0.01380242,-0.058963656,-0.086447107,0.081348549,0.038270035,-0.004780874,0.05629358,-0.038139265,0.086016606,-0.12281637,0.030579245,-0.035986863,-0.011561659,0.109673063,0.059828607,-0.090392358,-0.055799128,-0.046682288,-0.101107784,0.056346484,-0.062706034,-0.073471438,-0.10560927,0.050159086,0.058824074,-0.049789048,-0.074661011,-0.045625548,-0.078030939,0.035090971,-0.107844871
149,-0.008846716,0.11375376,0.048507641,-0.048071516,0.046346205,-0.106047609,0.084835875,-0.08860292,0.043855331,0.061028258,-0.045027932,-0.04052802,0.012741612,-0.042935874,0.044673865,0.144111165,0.195632042,0.034572609,0.026586915,0.218060343,-0.034167243,-0.050706181,0.051477049,0.060061187,0.099202775,-0.051166727,0.052657685,0.115368675,0.000471891,-0.008862842,-0.046180598,-0.119450305,-0.022448886,0.034053349,0.00044538,0.047925841,-0.010421012,-0.030677686,-0.015394526,-0.090786736,-0.110643363,-0.073397963,0.00492562,0.043986089,-0.071475922,-0.008598839,0.049691028,-0.021219754,0.023871226,0.007323146,-0.002496993,0.082874453,0.089859096,-0.043433987,-0.003807189,0.042053339,0.090663867,0.013038704,0.092186791,0.080034197,0.04494313,0.01877811,-0.112894736,-0.030799895,-0.022670089,0.184748767,0.025633505,0.093093636,0.041020135,-0.037124713,-0.118862857,-0.001681272,0.035050958,-0.086076734,0.229010641,-0.105390459,0.006565806,-0.001827567,-0.057779214,0.106368306,-0.047583654,0.085200708,-0.087393971,0.173309131,0.059854116,0.115303415,-0.060064028,0.127887814,-0.039442503,-0.065516352,-0.117591833,-0.054050421,0.141660676,0.0391048,-0.013261044,-0.043754422,0.020149368,0.049245332,-0.135703475,0.022953917,0.030738187,0.093704049,0.074113302,-0.045674868,0.127930952,-0.081420511,0.026213991,-0.023466044,0.021088451,-0.019539687,-0.049608185,-0.07978504,-0.068844342,0.050918092,-0.141125461,0.00088725,0.063136079,-0.04700736,0.120000756,-0.027812227
150,-0.002229748,-0.149300863,0.045836954,-0.052102075,0.08167967,0.005135535,0.090099671,-0.097182126,-0.076339829,-0.0453375,-0.081168257,-0.014520207,0.09796641,-0.036951966,0.07856805,0.042970966,0.112160599,0.06842127,-0.012355478,0.130400038,-0.004353308,-0.062340419,0.001695296,0.04247013,0.032370327,0.035260268,0.118755252,0.07398237,0.059895969,-0.056919568,0.04938076,-0.018631394,-0.09430133,0.191015599,-0.042137245,0.145701395,-0.06238016,-0.014593223,0.043333651,0.051610681,0.00024317,-0.002127803,-0.023275191,0.020166588,-0.006673719,0.217745861,-0.049714091,0.059189533,-0.072201863,-0.056610857,-0.100232831,0.133117289,0.055195077,0.015946441,0.04985961,0.093564694,0.040902374,0.100146144,0.151938291,0.042051984,-0.003373104,-0.035155664,0.012064003,-0.088897367,0.052443035,0.235832175,0.020615994,0.039717623,0.010622723,0.00259257,-0.164509694,-0.007069681,0.03236889,0.033148361,0.188551304,-0.039620883,0.012081515,-0.028666202,-0.105982555,0.022121874,-0.006699788,0.06861548,0.022871904,0.056634204,0.012739616,0.089904193,-0.121518913,-0.131537718,-0.083231139,0.014982388,0.09390811,-0.081585403,0.11041255,0.047254376,-0.017535005,0.055432796,0.031420472,0.002290069,-0.053382686,0.069126012,0.006390643,0.075350533,0.109854405,0.16744903,0.079831146,0.029753165,-0.005598444,0.031451391,0.042910495,0.013805962,0.009638481,-0.061949663,-0.041398361,0.079323244,-0.09838527,-0.072046884,-0.073509638,-0.015145764,0.152177474,-0.096699988
151,-0.074204139,0.073778841,0.049071076,0.030329641,0.077301428,-0.152142363,0.126689436,-0.122254604,0.061559432,0.0514069,-0.033516927,-0.074286862,-0.004632957,-0.034732068,0.027919984,0.025404061,0.191439544,0.195347965,0.061895763,0.175816936,0.022619507,-0.042403294,0.064902713,0.139881589,0.034553673,-0.107223816,0.05590114,0.092857933,-0.087921724,-0.14457371,0.076680166,0.139929968,-0.084387325,0.082597244,-0.053497479,0.061089115,-0.109027668,-0.087835344,-0.005299702,-0.179690937,-0.073448673,0.132409259,-0.006367327,0.009856661,-0.062468707,0.109094163,-0.042199601,-0.055635201,-0.060885174,-0.043038941,-0.087095814,0.138301433,-0.044266134,-0.00291611,-0.118164137,0.112452409,0.191972333,0.146941959,0.059665191,0.051518508,-0.088017524,0.036599561,-0.111233729,-0.068508151,0.021162118,0.237222906,0.133320678,0.139827512,0.075057204,0.083251189,0.023571609,0.01085647,0.040837725,0.011366563,0.406087787,-0.093887293,-0.005418645,-0.113257839,-0.1433228,-0.058037695,0.146940842,-0.011267363,-0.020864371,0.033123495,0.023930968,0.192592507,-0.061138588,-0.013837327,-0.12117517,-0.06766685,-0.030068045,-0.038696288,0.101629904,-0.045798808,0.083795805,-0.02259622,0.022127579,0.037061661,-0.08221962,-0.104674196,-0.027165738,0.056908431,0.178158119,0.050799594,-0.000137482,0.046626742,-0.054739697,0.099413979,0.072115332,-0.074740325,-0.135929545,-0.037342194,0.031751804,-0.025683213,-0.09557304,-0.009093942,0.045837861,-0.051721354,0.05642551,0.01237994
152,-0.009364471,0.017136255,0.002878099,-0.097334126,0.13946158,0.085934439,0.185954663,-0.035734781,0.042258583,0.05482353,0.016805601,-0.09453027,0.080865717,0.06093427,0.085319849,0.125500101,0.265015073,0.105692747,0.069462496,0.029109798,0.025714549,0.039345293,0.038416179,0.201175504,-0.006818937,-0.004043006,0.039218006,-0.005135291,0.08782422,-0.103864878,0.09650315,0.01794025,-0.079548898,0.153063525,0.012183292,0.119858304,-0.063431498,-0.004797442,0.078022906,-0.041332642,-0.05216577,0.004544156,0.109559778,0.143429378,-0.036736864,0.057588871,-0.053432227,-0.09472318,-0.016146003,-0.07129699,-0.10103712,0.269769941,-0.04325937,0.092193932,-0.012065284,-0.003543514,0.107745578,0.051697497,0.120596676,0.009333713,-0.052537055,-0.030890197,-0.019076736,-0.071248918,-0.018096696,0.201203793,0.099401815,-0.067328296,-0.042871313,-0.015679623,-0.040161534,0.035695801,-0.030475256,-0.076694502,0.310974016,-0.036921752,-0.058248101,0.006383019,-0.149239886,-0.040557418,0.032544344,0.048487474,-0.149889573,2.796E-07,0.087410044,0.110401395,-0.033461688,0.012022897,-0.055259669,-0.073550492,-0.092351247,-0.135356248,0.212872779,-0.015031213,0.086237472,0.049996219,-0.014812036,0.158778259,0.075400931,-0.071539091,-0.014790796,-0.016031389,0.101625974,0.086746408,0.020879009,0.008315514,0.012956243,-0.031821531,0.007616681,-0.155448939,-0.09638392,-0.135523483,0.042164278,0.002800207,-0.065089588,-0.012517116,0.049387487,-0.097093355,0.102332212,-0.152334771
153,-0.035209532,-0.015991484,-0.020002288,-0.036306409,0.127894428,-0.090884936,-0.021341967,-0.09928991,-0.01250304,0.017147108,-0.083124318,-0.021901893,0.090268175,0.02863157,0.083951729,0.003044349,0.218391158,0.052600046,-0.008326676,-0.001559182,0.045062837,0.034853245,-0.036522567,-0.002081125,0.122192962,-0.012040355,0.125207647,0.020153649,0.042085866,-0.089434608,0.05731214,-0.071243563,-0.033413218,0.031266528,-0.013554516,-0.046858466,-0.01454757,0.013913442,0.059229999,-0.055863356,-0.052509129,0.009381558,0.119455924,0.028802196,-0.021623703,0.053791172,-0.099117086,-0.120124073,0.004680981,0.037250358,-0.073030986,0.033814467,0.082582384,0.068259954,0.040091061,0.032963459,0.008025912,0.116907922,0.010303533,0.001914338,0.061763776,0.025966672,-0.112790709,-0.055628186,0.058299687,0.054604878,0.00371859,0.064362979,0.050903243,0.033560059,-0.093859074,-0.059410626,-0.024200529,-0.016937022,0.156437111,-0.054052778,0.02954929,-0.009576751,-0.02112164,-0.021764126,0.092218822,0.088846655,-0.035731608,-0.063310967,-0.01967545,0.101671466,-0.060242033,-0.007370652,-0.049290089,-0.143624233,-0.006879891,-0.122379819,0.026800817,0.094051348,0.049961992,0.010252951,-0.070394412,0.025206805,-0.107802637,-0.080652713,0.072076401,0.037232502,0.009914503,0.043546152,0.048837683,0.043388791,0.001616636,0.033759293,0.040003179,-0.045773042,0.000749729,-0.059602589,0.083419048,0.049825086,-0.044603963,-0.022703497,-0.081119774,-0.024140391,0.111456605,0.024998568
154,-0.038087835,-0.009428711,0.099328857,-0.147902599,0.064868402,0.014051436,0.095901122,-0.057654937,0.003497389,0.068207675,-0.019028294,0.051186885,0.104941647,-0.065729917,0.041029901,-0.003975468,-0.021529057,-0.022017416,-0.015304349,0.115713071,-0.070492402,0.034852428,0.105809347,-0.02403316,0.042241302,0.031891073,0.060588663,0.008496791,0.02450234,-0.138045356,0.023834575,0.0311231,0.070683551,0.053460696,0.043437686,0.049104242,0.055837302,-0.031135867,0.022878163,-0.04450037,-0.051002339,-0.048024077,-0.073903204,0.112133919,0.011561703,0.116020517,0.071012532,-0.045937411,0.030693805,0.050575304,-0.088612007,0.008313528,0.022304014,-0.042428049,-0.004480918,0.030433431,-0.008827542,0.083136642,0.060611835,0.024736804,-0.077220005,-0.041725408,-0.057678655,-0.087927684,0.023500156,0.110680173,0.061015597,0.013216583,-0.01821746,0.012597841,-0.045099485,0.099347272,0.007054892,-0.081762531,0.098333046,-0.035231877,-0.081689745,-0.053908037,-0.01658338,0.002102173,-0.009301663,-0.01847127,-0.061986361,-0.069258637,0.057700214,-0.003232758,-0.042510316,-0.025705691,-0.070964076,-0.007465463,-0.062415567,-0.080875598,0.094906951,-0.068601822,0.08121841,-0.088418295,0.080445787,0.052355256,0.031976638,0.118657458,0.028273705,-0.032236778,0.055476766,0.124107592,0.100186406,0.009329512,0.021339727,0.043121645,0.025655488,-0.138355644,-0.038688789,0.044886753,0.013243056,-0.103507284,-0.087400568,-0.124442165,0.008082543,-0.047525464,0.033735793,0.006837675
155,-0.034048064,-0.075051278,0.176338143,-0.065755538,0.150049669,-0.027362005,0.159398482,-0.110755557,0.012149998,0.119863611,-0.005817465,-0.025415874,0.112788442,0.003946648,0.110001464,0.062823015,0.238080065,0.23234921,0.066852493,0.10453426,0.052952842,0.054130674,-0.0564581,0.062621647,0.053845957,-0.0464034,0.213614106,0.059026961,0.037158781,-0.044440586,0.121753549,-0.032362712,-0.053389396,0.183117772,-0.061177467,0.119182387,-0.094337473,-0.052583639,-0.048575296,-0.152981996,-0.087382744,0.049687792,0.11338076,0.019020384,-0.068340792,0.21921038,0.023653653,-0.053391367,0.006658735,-0.011639322,-0.025976973,0.141855189,0.122688693,-0.035024736,0.02803892,0.05236354,0.123118408,0.078013033,0.041037318,-0.022402604,-0.090885279,0.023245165,-0.010232199,-0.007041915,0.013586647,0.266000509,0.117039103,0.102011281,-0.048060679,0.023611229,-0.087038651,0.104076375,-0.084985438,0.042199845,0.331299133,-0.115623152,0.036548536,0.110651466,-0.227817384,0.193726758,0.156147964,0.001391371,0.111337036,0.092626231,0.046463799,0.128181787,-0.052465193,-0.120473929,-0.131795109,-0.040371007,-0.10105693,-0.00559714,0.162538943,-0.024458342,0.010904624,-0.103198652,-0.175092647,0.181883089,-0.052344599,0.019336284,0.055054963,-0.058294921,0.154410585,0.107853897,0.055846875,0.003828994,0.04208453,0.024929216,-0.061934123,-0.132135642,-0.103140539,-0.112446024,0.015666977,0.068873002,-0.128924493,-0.025742303,-0.082823382,-0.039227947,0.033728411,-0.040324535
156,-0.080440344,0.018811592,0.011835755,-0.036432318,0.017972698,-0.092795888,-0.015720936,-0.065611794,-0.041811428,0.023849686,0.021220287,-0.082947599,0.126145089,-0.017076723,0.077684858,0.015363471,0.119320661,0.086626837,0.112719109,0.13907655,0.029957745,0.038050195,-0.008291137,0.010420944,0.026019739,-0.047023567,0.061942918,-0.050075662,0.00481622,-0.078470608,0.026945488,-0.029362434,0.010512341,0.15613394,0.115008712,0.080458015,-0.128570494,-0.03257462,-0.007985042,-0.048759015,0.005816654,0.045883859,0.054973061,-0.003678545,0.049905744,0.062296676,-0.072345519,-0.052901413,0.034509223,0.007166177,-0.117866895,0.110924639,0.028789604,0.049357331,-0.047250648,0.02295723,0.035050292,0.006489829,-0.013655888,-0.050532244,-0.003543676,-0.042713235,-0.014065069,-0.001933536,-0.064946744,0.085385064,-0.024855821,0.133673127,-0.03800587,-0.083367806,-0.022384524,0.040607317,0.00637504,-0.101503334,0.177773987,-0.088536119,-0.023379231,-0.131508981,-0.045336103,0.024373087,0.138183393,0.004616238,0.033927477,0.022666236,-0.013224199,-0.026756349,-0.007107852,-0.017530166,-0.107677414,0.026750239,-0.125265392,-0.044757168,0.133816333,0.08720199,-0.060655738,0.040637512,0.006240899,-0.009659264,0.01656168,0.13380397,0.056048027,-0.065309047,0.083594203,-0.038805873,0.129671612,-0.015591073,-0.056875522,0.065943652,-0.021628634,-0.156069846,-0.035626837,-0.092008345,-0.033165751,0.059556138,-0.093952443,-0.009157082,0.022223364,-0.007639604,0.025803964,-0.018634769
157,-0.088823262,-0.028656236,0.001880346,-0.061968922,0.069060065,-0.031623993,0.115563679,0.016191737,-0.066782826,-0.020577137,0.070040527,0.040852986,0.081275235,-0.047197851,-0.041421498,-0.018102396,0.135500633,0.113166438,0.006698969,0.039548731,0.048744304,0.00770821,-0.062798095,0.058097238,-0.014542634,-0.080515105,0.064341735,0.146157282,0.019890244,-0.04292422,0.178719563,-0.04199681,0.006224608,0.218338771,0.040570714,0.033347726,-0.002583679,-0.057034681,0.057076113,-0.028604559,0.087626688,0.104675319,0.055267851,0.002082493,0.021725295,0.068295817,-0.038702438,0.025697271,0.017090209,0.056647317,-0.021920658,0.044353349,0.117603714,-0.009780418,-0.033620177,0.012899245,0.077200743,0.100156543,0.064619384,0.043960059,-0.009225794,-0.024471784,0.014843271,-0.085444553,0.044586416,0.201135881,0.10099474,-0.02020197,0.003821122,0.109975034,0.060040812,0.038140209,0.045800387,-0.08914074,0.20602678,-0.066141724,-0.000165785,0.061523678,0.093714119,0.015802281,-0.028037059,0.049471781,-0.019224244,0.07494931,0.021020727,0.108737534,0.025396389,0.037983318,-0.037662009,0.004311391,-0.009054886,-0.120656459,0.077294194,0.022033633,0.076365244,-0.015832486,-0.004392332,-0.014046343,-0.026580239,-0.045654229,0.109089824,-0.032004956,0.044215672,-0.042236748,0.037961426,0.108288411,-0.004120233,-0.092548515,0.02389786,-0.069508022,-0.048941743,0.023507647,0.044788214,0.026928331,-0.188835323,-0.033911581,0.051953802,-0.047541419,0.066106434,-0.071849814
158,0.070598073,0.057213062,-0.033524312,-0.076068529,0.111499544,-0.009099601,0.088898144,-0.049573002,-0.004894244,4.16145E-05,-0.028260297,0.060090441,0.030656473,0.080447996,0.02106863,0.031931205,0.073434193,0.13219944,0.043053924,0.132938418,-0.022861568,-0.036327724,0.070823907,-0.061131587,0.018332723,-0.031046531,0.041425455,0.052244024,-0.017819142,-0.06899617,0.120106054,-0.025432572,-0.13329003,0.106720617,0.004124204,0.101230553,-0.092605543,0.052295916,0.023507665,-0.10007518,-0.094060749,0.024788758,0.066396598,-0.002217225,0.050462641,0.041031894,-0.011964469,-0.000402709,-0.057886553,-0.033494486,0.011701287,0.1152504,0.005209227,0.03981641,-0.007656762,0.076532076,0.16359712,0.063711294,0.123874462,0.115191462,0.108714429,-0.0784223,-0.167197895,-0.067695022,-0.070659152,0.087506508,0.020464336,0.204830545,0.065467382,-0.011903308,-0.136559602,0.136739457,-0.0025093,-0.013872991,0.243229078,-0.066454926,-0.049460507,-0.036042008,-0.077271177,-0.114125836,0.016224068,-0.010106478,-0.069912109,0.059068061,-0.019904198,0.084247319,-0.038567611,-0.088876785,-0.036229027,-0.043998636,-0.001868979,-0.065566734,0.031233687,0.062490795,-0.031514053,-0.091100513,-0.047831402,0.090063249,0.046531985,-0.065917857,0.031464855,-0.008837409,0.074617406,0.043727813,0.069634602,0.051618821,-0.059498144,0.024840703,0.114600157,-0.045248489,-0.09073812,-0.110019114,0.064868362,-0.009597647,-0.097316938,-0.054582297,0.101035598,-0.07882525,0.011989272,-0.095305883
159,-0.016542517,-0.069731521,-0.014128643,0.024029645,-0.009077135,-0.12241934,0.078159749,-0.003864651,0.015402033,0.031155853,-0.044336786,-0.044611639,-0.083868228,0.059721614,0.028168693,-0.04055938,0.162432929,0.169985028,0.086219363,0.000854189,-0.040852707,-0.077274048,0.009522933,-0.010458127,-0.067407518,-0.031573714,0.006056209,-0.055790831,-0.00983677,0.032057542,0.047715645,0.001021033,-0.016289421,0.062565766,0.052840054,0.062651642,-0.079286791,-0.107959851,0.119650151,-0.005471615,-0.067461208,-0.042091649,0.094179364,0.123413292,-0.032783459,0.029727675,-0.041657996,0.069873599,-0.05982285,-0.016291584,-0.076763762,0.130182556,-0.055692849,-0.024184843,-0.072291343,0.002271255,-0.052460097,0.015025044,0.028672516,0.087603094,0.033510145,0.054777198,-0.111825232,-0.047508187,0.027885124,0.119471154,0.004553103,-0.001291351,-0.102289952,-0.07069823,-0.022544436,0.023379465,0.069792445,0.085925215,0.234316924,-0.1356747,-0.010874502,-0.063221402,-0.095299447,0.02199201,-0.038075454,0.071294885,-0.070594206,-0.035865586,0.028299281,0.140678204,-0.053830195,-0.018124786,-0.102164429,0.101555375,-0.008983576,-0.132955441,0.107477626,-0.012592335,0.021954149,0.02432138,-0.082920839,0.043201222,0.000909301,0.055074418,0.117819643,0.089688384,0.098681297,0.054047667,0.075378173,0.030862324,0.006427854,0.030425989,0.026242574,-0.079667416,-0.064246517,-0.084915085,-0.046623832,0.031084461,-0.092767735,-0.173077232,-0.036898274,-0.022533833,0.013337141,-0.042347188
160,0.110453391,0.11322329,0.088774615,0.016476574,0.168274914,-0.062908534,0.082052181,0.019807623,-0.00134513,0.068045266,0.003837591,-0.032625992,0.0867023,-0.061100033,-0.04990382,-0.032408722,0.116043043,0.033392083,0.016746475,0.09801341,-0.078938942,0.014897203,0.002641573,0.083174452,-0.030117448,-0.062894302,0.058931476,0.024693365,-0.003410213,-0.045744481,0.15844453,-0.06712002,-0.031165711,0.165911801,-0.05070184,-0.000111667,-0.030706733,-0.018178421,-0.027253343,-0.026462852,-0.08939359,0.133009278,0.018053312,-0.093717106,-0.019757658,0.058670798,-0.076975936,0.002348284,-0.014522899,-0.000338831,0.017012538,0.153031277,0.049766264,0.036741477,0.014142691,0.16743593,0.038666675,0.018304443,0.035285857,0.112918557,0.038137836,-0.00652515,-0.000434665,-0.044058612,-0.006174269,0.245369531,0.046489019,0.099031496,0.02164173,0.010430375,0.030713862,0.060172918,0.05153912,0.059755738,0.056363698,-0.058407257,0.022889247,-0.022218917,-0.032443814,0.046706027,-0.052564267,-0.012227721,0.036076899,0.108854113,0.025409496,0.084586709,-0.057235586,-0.034585415,-0.072783602,-0.028609605,-0.007411611,-0.021532266,0.066818836,0.161266065,0.027480382,-0.075136204,-0.004994467,0.018330401,-0.00284031,-0.004802129,-0.02497055,0.120159031,0.07064738,0.125542553,0.03775841,-0.025289334,-0.0009658,0.068794439,0.04313307,-0.027618556,0.01233407,-0.030688863,-0.008860968,0.020491306,-0.110974535,-0.065431114,0.087318865,-0.080529984,0.07087915,-0.06188637
161,-0.011987137,0.017071324,0.090942366,0.016458305,0.015138196,0.061746618,0.038370251,-0.055383542,0.043611418,0.034220672,-0.081597174,-0.031221657,0.028754491,-0.038553743,0.057195507,-0.047033931,0.019834339,0.096792604,0.093669387,0.097101871,0.018817219,0.06265836,0.010287189,-0.038702777,0.023634499,-0.074436071,0.125950476,-0.073688554,0.019296897,0.06201014,-0.006646596,-0.028876429,0.042353346,0.057021839,0.116845357,0.024091281,-0.024828253,-0.001568104,0.050441506,-0.035751212,-0.097719025,0.073104768,0.084908101,-0.024940156,0.001955078,-0.006542585,-0.154745766,-0.053755615,0.069073624,0.105918752,-0.069972062,0.092439129,0.016575273,-0.056113691,-0.106071191,-0.024080159,0.141291604,0.017240984,0.086434559,-0.030770507,-0.022413241,-0.034271007,-0.024275795,0.032324555,-0.056127995,0.017655612,0.053225829,0.030480903,-0.021623464,0.077351911,-0.052506743,-0.010069104,-0.022123502,0.004198999,0.193042023,-0.05696381,-0.138642768,-0.07419652,-0.033558254,-0.064198886,0.103092647,0.122091521,0.038019507,0.037711663,0.04544224,0.007975292,-0.050650538,-0.025170512,-0.017635653,0.127149347,-0.078630621,0.019128896,0.003505351,0.020251322,0.072237634,-0.015636912,-0.042605679,0.038289733,-0.053323496,0.152229768,-0.010956251,0.029037185,0.034132257,0.044561335,-0.076068135,0.022329054,-0.00813538,0.07612033,-0.017810751,-0.046023226,-0.076328012,-0.104441695,0.023379653,0.04806037,-0.071008527,0.033254339,-0.073748708,-0.00351376,0.028368279,0.026582078
162,0.012646903,-0.020426959,-0.029318962,-0.05320942,-0.01080053,-0.031728583,0.040778633,-0.027365047,0.039230985,0.165804586,0.040147362,-0.032684417,0.021192485,0.041444713,0.02370242,0.079827453,0.022200723,0.129684654,0.141014373,-0.044935785,0.023492868,-0.074131088,-0.011357332,-0.035320293,0.022937154,0.001633284,-0.051406084,0.017506054,0.127453887,-0.053634836,0.049570906,-0.075522642,-0.015325877,0.114751533,0.038439553,0.084121775,-0.126201025,0.033933654,0.028304801,0.072508651,0.079336315,-0.090813286,-0.037395093,-0.089501495,-0.018599926,0.025502161,-0.079649583,0.074557421,-0.040405961,-0.012746752,-0.006073124,0.110215408,-0.051783312,0.096895502,0.013917763,0.112101803,0.233063895,0.092139093,0.054386369,0.032114821,0.05422212,0.041835098,-0.081274765,-0.03557482,-0.015529461,0.028224286,0.090197844,0.084866214,-0.051090285,0.042493878,-0.05624168,0.006917883,0.012229753,-0.029885514,0.173828973,0.041280197,-0.06767209,-0.141387524,-0.08712588,0.149946299,0.067094923,0.078764723,0.014875561,0.036300169,-0.016626518,0.132006158,0.038699761,-0.031803239,-0.110798122,0.028573477,-0.025779572,0.048772871,0.024655073,0.051646753,-0.024571986,0.000185721,-0.006693135,-0.031493814,-0.103273774,-0.026797108,0.057403428,-0.009692287,0.189113218,0.055887696,0.130403723,-0.026874759,0.039347926,0.081013452,0.080615599,0.0230897,-0.079766046,-0.094924862,0.105291747,0.03242286,0.024984962,-0.064845962,0.102897947,-0.035074072,0.039615009,-0.005359654
163,0.033123096,0.004554282,0.061389767,0.028641568,0.085620809,-0.015115749,0.067306344,-0.081276091,0.083691595,0.074584884,0.033156899,-0.028514731,-0.040691378,-0.016376333,-0.007222391,0.056231494,0.169956774,0.090316724,0.057327982,-0.050922536,-0.017831119,0.021111563,-0.058787077,-0.010423474,0.017016784,0.005411493,0.066615662,-0.036945196,-0.014495195,-0.137875698,-0.031594953,-0.030217982,-0.063870314,-0.021082669,0.094404542,0.051659184,-0.058467695,-0.012967435,0.046026267,0.049878668,0.000186958,0.05021765,0.126732564,-0.045060092,0.017259802,0.116550556,-0.016830461,-0.005757351,0.031973951,0.01969706,0.015394897,0.077699291,0.031954807,-0.023294755,0.123348473,0.035709927,0.05293055,-0.007734097,0.006252198,0.106331751,-0.04696577,0.027500615,-0.040220093,0.029785719,0.085263308,0.16062167,0.006080569,-0.022028683,-0.059403186,-0.020600754,-0.034224764,-0.075123609,0.062486635,0.003755979,0.13928632,0.002368483,0.000351701,-0.06918088,-0.106433147,0.042370619,0.05658115,0.034216537,-0.027821026,0.040231942,-0.038420811,0.057919623,0.027767928,0.111726522,-0.094059494,0.069402725,0.033669744,0.098242995,0.107233408,-0.040604864,-0.026897996,-0.000248092,-0.016792635,-0.007968231,0.013067408,-0.004635264,-0.070582976,0.116487155,-0.002714957,0.093034934,0.030130334,-0.050028784,-0.021926482,-0.002254625,0.020776623,-0.058158349,-0.037399003,-0.024693056,0.033626687,0.013432451,0.00090055,0.008415449,0.039972329,-0.073966214,0.110119086,-0.096493871
164,-0.052502079,-0.032231633,0.02852646,0.008054803,-0.034591458,0.035263335,0.067141285,0.021769101,-0.000265972,0.062549371,0.011302279,-0.028216393,0.077954685,-0.031082117,0.01624566,-0.042439384,0.192825004,0.086282916,0.007534971,0.146395854,0.003978666,-0.020459687,0.022724249,0.014213945,0.093480219,-0.056546143,0.042135786,0.047453809,-0.016879968,-0.042971426,0.117841826,-0.032024673,-0.028115933,-0.00287677,0.012257933,0.111184492,-0.153105058,-0.023825947,-0.016373719,0.021234628,-0.089789912,0.036819594,0.112285631,-0.069919424,-0.091062961,0.077645436,-0.110175117,-0.016471275,-0.046606358,-0.059924424,0.054248855,0.116237727,0.056230429,0.114297625,-0.047111923,0.030467473,-0.041969354,0.017703577,0.140864165,0.018382891,-0.091658252,-0.009843644,-0.035288743,-0.029238025,0.040584469,0.182016524,-0.035504273,0.051344741,0.026091606,0.04854384,-0.057054098,0.064890948,0.022602077,-0.046847528,0.095354417,-0.011703481,-0.063599011,-0.049519861,-0.086579019,0.031532069,-0.021413456,0.036627831,-0.038665462,0.058589866,-0.032435904,-0.051850625,0.009443433,0.009201757,-0.077852141,-0.021735292,-0.078901139,-0.003303776,0.169311806,-0.06106663,0.073890545,0.00829498,0.073720102,0.098952745,-0.057532877,-0.004939383,0.011163985,0.003062216,0.130518384,-0.003313314,-0.030069856,0.129566896,-0.074871272,0.041490887,-0.042882825,-0.110868122,-0.101254959,-0.131466266,-0.034386578,0.025857559,-0.107840275,-0.040117779,-0.038283125,-0.041242827,0.114097243,-0.012227656
165,-0.022064955,0.08849426,-0.039982682,0.12378755,0.016840374,-0.0119215,0.036245644,0.067890942,0.039226874,0.112408511,0.030268405,-0.004868926,-0.016637231,0.007120786,0.025353892,0.004232104,0.235158377,0.177991758,-0.019744869,0.078811675,0.04044965,-0.013715026,0.073233943,-0.016316112,0.010276391,0.07209289,0.024197185,0.135645768,0.007672043,0.016680353,-0.008040241,0.017829944,-0.005897119,0.07066719,0.019149579,0.012983298,0.096680293,-0.006811099,0.010543992,-0.054681764,-0.144102435,0.182880509,0.048331355,0.011754004,0.006393857,0.045776083,0.031696235,0.071818839,0.006512062,0.060895325,-0.033050314,0.03975151,0.064169799,0.04856234,0.069291814,0.10964388,-0.061025443,0.113816604,-0.074933594,-0.060865738,0.000608163,0.031124538,0.027169437,0.000448431,-0.00971744,0.215828107,0.000502268,0.012949075,-0.007571272,-0.054015027,-0.048668257,0.026388751,0.013175546,-0.019138799,0.107054759,-0.073803808,-0.00503207,0.013733934,-0.142109856,0.171530575,0.006251555,0.081613142,-0.034335543,0.080253048,-0.039813783,0.079903132,0.06146303,-0.000684651,-0.036248908,-0.039616746,-0.075824528,-0.008103119,0.088112606,0.044014636,0.028542631,-0.092603191,0.056045931,0.125299314,-0.017231368,0.001477635,-0.01782878,-0.038594139,0.034254522,0.046004478,0.065314735,0.014430271,-0.005161395,0.015274331,0.030208794,0.025892229,-0.102522309,-0.105314123,-0.037225332,-0.043914416,-0.060700139,0.093324551,-0.050652536,-0.160165553,0.01676961,0.011368737
166,-0.01979602,0.094676111,0.057259731,-0.003270962,0.033948394,0.060710902,0.015715046,-0.037048283,-0.007614222,0.011248201,0.005390984,0.005833069,0.060774836,0.018424179,-0.013444818,0.001412874,0.077013514,0.050608878,-0.018479013,0.085459503,0.042657521,0.08461068,0.025370072,-0.002451104,0.094461645,0.008244435,0.07523231,0.008366376,-0.010399346,-0.103908832,0.05609682,-0.056241938,-0.009023479,0.075553285,0.029844481,0.040507063,-0.026735595,-0.043908262,-0.041572339,-0.098126151,-0.070941535,0.004987558,0.034458524,0.006620152,0.145616985,0.125888449,-0.104782766,-0.073815964,0.001631085,-5.57335E-05,0.007574498,0.072533237,0.003479289,0.020610409,0.038590463,0.016818243,0.038853378,0.126697036,0.003664909,-0.022668312,-0.026849227,-0.08198626,-0.013301017,-0.060176768,0.128817426,0.121860754,-0.033486042,0.087154566,-0.055683453,0.07998729,-0.005805645,-0.033670382,0.049681154,-0.042252022,0.202080655,-0.021112238,0.036675197,0.019731278,-0.138434189,-0.001312554,0.01345036,-0.006789012,-0.011246591,0.056358972,0.070759581,0.20844862,-0.0113884,0.009282802,-0.08609686,-0.035781419,-0.034631616,-0.164098923,0.142444444,-0.041199475,-0.059074887,-0.062659931,0.026941869,-0.027366772,-0.028185119,-0.051096004,-0.023410974,0.01021708,0.048113464,0.092722198,0.099272324,0.054389397,-0.050368293,0.076155385,-0.078030969,-0.040040609,-0.065444219,-0.052457306,0.071211623,-0.017832837,-0.111655046,-0.070334752,-0.005942753,-0.096049205,-0.016160701,-0.026385704
167,0.070695961,-0.051419905,0.004542838,-0.018233554,0.047986611,0.020247077,0.146260887,-0.078941821,0.01159664,0.073251416,-0.002513169,0.041760433,-0.100588005,-0.042917071,-0.005001798,0.0094272,0.052127965,0.138312252,0.045781738,0.046218747,0.032914984,0.033447648,-0.025682143,-0.013635815,-0.003204467,-0.085778042,0.147876648,0.000469403,0.018382891,-0.137942281,0.110314351,0.027093816,0.008058178,0.127371238,-0.045430289,0.086902133,-0.018428459,0.041068971,0.005945981,-0.09836706,-0.085501666,-0.023801368,0.040069349,0.087491251,0.128933369,-0.028641516,-0.061553769,-0.040222003,0.009660654,0.044562623,-0.084903409,0.059304885,0.01495274,0.021228042,-0.018797737,0.104803578,0.021416414,0.129575564,0.048996309,-0.002279538,-0.017240222,0.076576102,0.071308282,-0.031452392,0.115349272,0.148611653,0.101025502,0.079603944,-0.005790753,-0.011641931,-0.064056493,-0.020707452,0.004597219,0.009406648,0.167942057,-0.037715373,-0.037420606,0.120841363,-0.164036072,-0.018365698,-0.058260219,-0.037813167,0.062670085,-0.017282837,0.089912469,0.063047218,-0.037579103,-0.073574393,-0.077673303,0.012726172,-0.117433031,-0.062140756,0.115689214,0.059626921,-0.041421492,-0.051621638,-0.003202836,0.101144798,-0.113553357,0.098893357,-0.01881649,-0.010944121,0.030947306,0.001501658,0.191611846,-0.019435734,-0.037940774,-0.00149206,-0.010597585,0.027219971,-0.09197429,-0.081430052,0.047438062,-0.001991534,-0.104264197,-0.013666401,-0.00931053,-0.038056268,-0.01105408,-0.000892576
168,0.04767326,0.003556377,-0.057036154,0.065959832,0.027260622,-0.072306755,0.180871405,-0.129461018,0.069309803,0.023590507,-0.008176923,0.028206399,0.095592239,0.058346856,0.154093158,-0.068275311,0.259142336,0.193238419,0.040516937,0.243277273,0.018234348,-0.111604128,-0.030222012,0.00107268,0.017356029,-0.083724293,0.130932856,0.032733772,0.059638173,-0.053130719,0.06566118,-0.061128959,0.013152334,0.209166208,0.113084569,0.12794674,-0.003961608,-0.02791789,0.073441851,-0.111805555,-0.020320841,0.077147689,-0.030425372,0.157559909,-0.038455066,0.129301121,-0.004997831,-0.114101527,0.099240235,0.131857137,-0.070123734,0.184582706,-0.024430516,0.050860445,-0.035956883,0.065871294,0.107969774,0.186708872,0.131718975,0.003369132,0.123766155,-0.061002429,-0.042434264,-0.073979816,0.043597294,0.24503952,0.077923183,0.076475943,-0.097044768,0.01150608,-0.129118502,0.012696214,0.033728076,-0.125073186,0.269384289,0.016550199,0.072776591,-0.007668385,-0.127260108,0.112755678,-0.008595094,0.001588382,-0.047202126,0.145593152,0.034035711,0.129694416,-0.058807709,-0.084754831,-0.056683775,0.034835397,-0.068274517,-0.096767617,0.145631654,0.024601333,0.150051396,-0.048344661,-0.02673148,0.15269332,0.031754183,0.034126487,-0.015063727,0.10394421,0.209239924,0.161069679,0.042770715,-0.017569641,0.180989513,0.096463918,0.046047311,-0.054328341,-0.071063784,-0.076131338,0.147881104,0.002775384,-0.129675762,-0.089632882,-0.05779425,-0.086361685,0.074802907,-0.00552
169,0.0799647,0.01465769,-0.057767669,0.099739526,-0.019373568,0.104202453,0.01344931,-0.000101532,0.035596858,0.01185343,0.051648527,0.027762684,-0.03995682,-0.042178117,0.038711894,-0.022917959,0.030562614,-0.001310731,0.075845421,0.128240888,0.038626076,0.06635506,-0.090387538,0.022207722,0.063715235,0.01239707,0.002863518,0.048907668,-0.062120695,-0.018463304,0.053580105,0.068048424,-0.05648423,0.023417918,0.04540248,-0.020305101,-0.0195041,-0.064565314,-0.009329238,-0.097285271,0.050078535,-0.048689817,0.126126701,0.071919899,-0.035530659,0.006276061,-0.002205468,-0.01473485,-0.004668929,0.016119088,-0.015413137,-0.038006848,-0.037906465,-0.032222731,0.002720956,-0.01038442,0.003597146,-0.007570209,0.019586799,0.018302768,-0.041625335,0.06946988,-0.01413618,0.006437126,0.010292823,0.010990934,0.089699981,0.025858124,0.175458749,-0.07899937,-0.048566673,0.028885736,-0.08292277,0.011961499,0.058723686,0.077923455,0.102661047,0.006678002,0.043910569,0.139578297,0.014812877,-0.015570264,0.090758237,0.070775651,0.027368412,-0.035892719,0.108576106,-0.069266492,-0.012088123,-0.02533101,-0.00299878,-0.000200332,-0.012521211,-0.097177623,-0.013426516,-0.040393759,-0.054293713,-0.01235628,0.021985273,-0.009292534,0.023427803,0.012684448,-0.021685241,0.02133859,0.086844104,-0.08239322,-0.008571658,0.004323078,-0.037746098,0.038026005,-0.060693512,-0.096604551,0.018133536,-0.064963392,-0.0292447,-0.02922794,-0.020447419,-0.046817489,-0.004847334,0.074550426
170,-0.064191443,-0.030676793,0.04063037,-0.016753482,0.112962536,-0.019631946,0.155975772,-0.190678339,0.019650761,0.027487702,-0.116874545,-0.103423474,0.014361365,-0.0164082,0.003197411,-0.047404529,0.244119282,0.182468243,0.058032725,0.104483425,-0.051210264,-0.021416227,-0.068801328,-0.033990678,0.03677757,-0.036152901,0.129659518,0.043772784,0.002467897,-0.087580291,0.088341438,0.004488145,-0.027663757,0.092227694,-0.040136908,-0.006710068,-0.055701125,-0.102622493,0.11101605,-0.15965535,-0.073715066,0.038061237,0.09216619,-0.01971509,-0.096536134,0.055110816,-0.032318229,-0.095218141,-0.056327045,0.017442485,-0.045890882,0.227410217,-0.031218495,0.006441671,-0.017617427,0.124111504,0.117741628,0.089058995,-0.020854606,0.056453523,-0.020126309,-0.033678227,-0.03831709,-0.070380032,0.046863632,0.126158699,-0.022025157,0.056639794,-0.05408727,-0.008294196,-0.021891974,0.138633073,0.058578626,-0.062624609,0.299999618,0.052890083,-0.054139728,-0.039633618,-0.023324219,-0.012349584,0.144069213,0.026676361,0.035256473,0.085710155,-0.07050742,0.171826769,-0.048126401,-0.01806903,-0.079157605,-0.03585528,-0.008522969,-0.117185163,0.054917042,0.044994151,-0.047023709,0.030389218,0.002958783,0.136351468,-0.060579241,0.035335336,-0.069540945,0.067630159,0.070725406,0.031427159,0.211067036,0.000685801,-0.070372494,-0.048636252,0.078814716,-0.136282005,-0.142483021,-0.107868373,-0.080375228,0.051869098,-0.225363867,0.031038153,-0.11806721,-0.054035166,-0.081862268,0.004357217
171,-0.053266483,0.010192902,0.06311609,0.002789204,0.085140926,-0.071163113,0.198423814,-0.026253054,-0.014352151,0.087552729,-0.077448609,-0.08643151,-0.007472916,-0.096055897,0.163733176,0.039109892,0.195562075,0.151302427,0.117126226,0.148644612,-0.021657662,-0.036192336,-0.076415745,0.100462986,0.029628668,-0.107130579,0.116146093,0.020449654,-0.02191769,-0.097207403,0.169977978,-0.049916182,-0.073912539,0.137140822,0.011849046,-0.006262657,-0.08378571,-0.074520545,0.000367617,-0.09751265,0.003231202,-0.005506767,0.130830037,0.039542471,-0.026443304,0.091119547,-0.005163184,-0.059805959,0.019196199,-0.008750823,0.015808428,0.181113623,0.101898982,-0.040754262,-0.072836032,-0.011778733,0.044386463,-0.001300049,-0.044787013,0.009901787,-0.085597174,-0.033631238,-0.0082156,-0.069253558,-0.054503997,0.153028038,0.037091853,0.096605497,-0.015073196,-0.066854283,-0.057567695,0.081327147,0.01159845,0.012461642,0.225529393,-0.07568269,-0.118748475,-0.045604292,-0.095096673,-0.005481544,0.048189389,-0.051044021,0.036425142,-0.022626092,-0.0783223,0.075693716,0.116264518,-0.060951353,-0.058541719,-0.012223306,0.002301735,-0.099288876,0.147294242,-0.043491803,0.070326446,0.022771556,-0.089066459,0.026490667,-0.124114605,-0.026492507,0.012129017,0.015675581,0.058093039,0.033566742,0.140045354,-0.040058654,-0.024409094,0.056363757,0.023290283,-0.101637377,-0.104955103,-0.128972422,0.020918318,0.078839069,-0.150089889,0.007561318,-0.048962062,-0.067868251,0.076332403,-0.043825895
172,0.029818497,0.104714101,-0.029748597,0.019582137,0.068079911,0.031433591,0.075186514,0.014103833,-0.010638233,0.004647579,0.018174237,0.067914038,0.07242311,-0.017525718,-0.095725878,0.021475092,0.044379343,0.008668163,-0.012254772,0.05658354,-0.039600107,-0.053233051,-0.028747717,0.103540261,-0.029658296,-0.046552593,0.054739222,-0.003828798,-0.033326827,0.067548332,0.038542212,0.019507858,-0.03993019,0.003515099,0.039795787,0.069497764,-0.014073809,-0.0202962,-0.00076915,-0.063790055,-0.125436927,-0.021261567,0.063083407,-0.056467183,0.067817267,-0.094586388,-0.043385577,-0.097039581,0.038402103,0.009091897,-0.034674652,-0.013031767,-0.016002025,0.00831428,-0.134121944,-0.000437914,-0.02283311,0.021988892,-0.007929745,0.017384889,-0.066631906,-0.003952226,-0.061810402,0.030193708,-0.024773459,0.132113162,0.023641926,0.05209407,0.077851672,-0.055771105,-0.030553532,0.004936358,0.116792966,0.102784172,0.125122226,-0.07246025,0.143297525,0.058597637,0.066262861,-0.000635308,0.081916565,-0.029824042,-0.039777943,0.047314402,-0.000801597,0.011925036,-0.038864368,-0.030509666,0.035620393,-0.009353225,-0.05966609,-0.008292907,0.095019548,0.058016258,0.087890821,0.016663646,0.086843837,-0.007649008,-0.011570611,0.004791354,0.030976167,0.037070086,0.10521572,0.07153756,-0.012045465,0.03204435,-0.040793649,0.106782153,0.018855731,0.004982924,-0.096410896,-0.040806346,0.083835779,-0.031721316,0.01972022,0.035738111,0.0335237,0.025025627,-0.046751398,-0.053852958
173,-0.050378934,0.074060372,-0.074110496,0.070368786,0.032911545,-0.10238432,-0.001280514,-0.015992897,0.093849179,0.069585831,0.005929141,-0.043754383,0.022209485,-0.013330461,0.064875575,0.05752662,0.0340266,0.191378486,-0.023011956,0.060538243,-0.036658591,0.033506683,-0.11747806,0.073325772,-0.063503832,-0.037983698,0.04552076,-0.088410741,-0.060167648,-0.076287364,-0.025085144,-0.016742161,-0.030268967,0.045626564,-0.017776086,0.075479235,-0.026659021,-0.029041937,0.040031143,-0.066895765,0.006356991,0.048049903,-0.051336103,0.026568749,-0.079932978,0.106988209,-0.083139388,-0.044784474,-0.015075716,0.00037062,-0.130135879,0.107898333,0.019647433,0.047482487,0.038491891,0.01149868,0.14248718,0.117226851,-0.028959931,-0.018042309,-0.031930095,-0.013508711,-0.032500364,-0.113598304,-0.028971598,0.138895666,0.040512721,0.041648295,-0.117665468,-0.053509251,-0.000819141,0.203544265,-0.059169811,0.091069391,0.2088956,-0.043219081,-0.054941756,-0.076843977,-0.122058844,0.099412051,0.022499857,0.071495408,-0.045868057,0.031096447,0.124893998,0.078426319,-0.00279338,0.047301095,-0.100123646,-0.01742223,-0.056970064,-0.108180047,0.057866906,-0.052004757,-0.017594149,-0.005037498,0.048537457,0.058665898,-0.123616441,-0.012785066,0.080122205,0.014057833,0.039447968,0.068132,0.197294837,-0.016901614,-0.020321914,0.086598695,-0.058132764,-0.052284613,0.008219256,-0.090034103,-0.031750907,-0.01363939,-0.095491687,-0.090572915,-0.042558013,0.04603201,0.095921253,-0.007966359
174,-0.008402612,0.092719398,0.005956667,0.021737349,0.009480399,-0.059296803,0.087109357,-0.006933157,0.031964139,-0.091216754,0.075565542,-0.097961696,-0.00374718,-0.035888125,-0.011812389,-0.036999205,0.242268582,0.09302128,0.097104767,0.125965831,0.061046239,0.005956294,-0.05588317,0.044198087,0.026588322,-0.000763801,-0.0314068,-0.058779777,0.020449166,-0.136583769,0.091694897,-0.002002669,-0.030331779,0.074608939,0.019595166,0.176718119,-0.023395435,-0.029603868,0.075162157,-0.019804368,0.007320112,0.07008594,0.14835214,0.070585496,0.157070689,0.220291782,-0.06731663,-0.056389956,-0.007385018,0.098741546,-0.004379361,0.023144001,-0.057652124,0.106743203,-0.093190109,-0.009707425,0.083337692,0.063709477,0.050723651,-0.022978685,0.026834278,0.048564632,-0.003350766,-0.113803767,0.072121862,0.095769296,-0.005248464,0.115763747,-0.041007846,0.016010612,-0.072217438,-0.000186007,0.036483086,-0.025061228,0.089148444,-0.017604085,0.086422566,0.07045895,-0.082701463,0.094801837,-0.018370776,0.005344952,0.05666652,0.050940582,-0.042368194,0.115157295,-0.004871482,0.000529952,-0.080339938,-0.006635988,-0.002738255,-0.022849901,0.142321552,0.029149158,-0.061792417,-0.021923191,0.047879873,-0.026580559,-0.06249665,-0.007973327,-0.009814267,-0.006071119,0.023804465,0.081959804,0.060905225,0.051816997,-0.021986587,0.060578598,0.117675735,0.003310075,-0.093825183,-0.090075542,-0.026723907,0.032334878,-0.093994368,-0.09480953,-0.063716336,-0.00270882,0.055745229,-0.00263781
175,-0.043011381,-0.030026012,0.101467192,0.032686396,0.026383078,0.021636325,0.029876329,-0.03309237,0.116113876,-0.03063408,0.03621056,-0.019484838,-0.0024439,0.01341417,0.035749365,0.012398442,1.47633E-05,0.21365015,0.029477867,0.044335575,-0.021817113,0.02015726,-0.056008747,-0.006044459,-0.143247234,-0.066224706,0.116956182,0.051395261,0.015124729,0.044268526,0.087135948,-0.104071339,-0.0338262,0.031018151,-0.019754044,0.003821636,-0.022747458,-0.017767157,-0.035058143,-0.086605703,-0.13688855,0.143542746,-0.033586863,0.002340095,0.040931795,0.151075141,0.022350628,0.01502129,0.006527468,0.011944114,-0.009997772,0.123104923,-0.024809588,0.123267483,0.039998377,0.040366803,0.090076194,-0.012976163,0.018745319,0.110702459,-0.081849209,0.041476382,0.028196446,0.033848743,-0.025472105,0.216816553,-0.035149438,0.135911932,0.033829661,0.037382853,-0.035996688,0.045986183,-0.025241739,-0.043464479,0.101209607,-0.046234504,-0.08764413,-0.076695535,-0.036105659,0.071527439,0.074669529,0.118738576,0.05865832,0.028862897,0.025644714,0.022280114,0.041235517,-0.017147259,-0.055890788,-0.123406574,-0.079716871,0.02133827,0.070514777,0.10809902,-0.006466517,-0.070732592,0.045787027,-0.016268609,-0.013850301,0.058178766,0.027206663,-0.039248058,0.10315619,0.168538141,0.041915521,-0.077382491,-0.071754287,-0.071103704,-0.024486274,-0.030713717,0.000314349,0.056597531,0.015245178,0.026541773,-0.089912528,0.040424721,-0.019070532,-0.012246059,0.051580925,0.109779826
176,0.083370554,-0.033008066,0.072259943,0.003905712,0.201175423,-0.054656105,0.227047104,0.086966229,-0.041789388,0.071452705,-0.036318421,-0.075064101,0.037153266,-0.037512077,0.086521906,0.00884895,0.213772269,0.049089679,0.036255619,0.06209417,0.061434311,0.019555794,-0.003237627,-0.013912409,-0.013288225,-0.045087865,0.071286313,0.129684507,0.064206726,-0.11362166,0.062374793,0.01408608,-0.016535116,0.234968668,0.009948776,0.184471807,0.030761455,-0.041982035,0.126904666,-0.139348747,-0.05805201,-0.01713756,0.037857074,-0.058901763,0.049550174,0.031254022,0.030790067,-0.08135139,-0.006489582,0.052879651,-0.031261102,-0.002625115,-0.00167132,0.063028485,-0.048583099,0.087818265,0.120190456,0.117106366,0.081002641,0.033694954,0.002652235,0.061698824,-0.040852824,0.027141154,0.061746181,0.069875813,-0.026872737,-0.048815146,-0.022515345,-0.029352129,-0.044129412,0.121244645,-0.040394734,-0.05595113,0.092672513,0.00479364,0.046127393,0.024753333,-0.1307197,0.019614456,0.087031954,-0.055309528,0.031370121,0.049764474,0.094999227,0.023070021,0.009115517,0.107105956,-0.070327927,-0.07538,-0.028304919,-0.07523235,0.06348042,0.033874781,-0.0111029,-0.055049776,-0.111031552,0.104477891,-0.133275769,0.045667061,-0.004837211,0.02908587,0.07742807,0.049722748,0.11574604,0.009316302,0.030791965,0.068237515,0.077667521,-0.063188387,-0.015695632,-0.045798484,-0.052624416,-0.013382426,-0.067134343,-0.069770296,-0.023898067,-0.003188174,-0.005345731,0.023631992
177,0.034526926,-0.061654476,0.09982643,0.084930844,0.029592258,0.074379408,0.0382366,-0.101193708,0.071697573,-0.066183966,-0.05992662,0.016870144,0.093268656,0.003896152,0.00291718,-0.051751223,0.083707254,-0.039987039,0.069873244,0.116354111,0.075309055,-0.002165667,0.024011102,0.007158799,0.018206338,0.069699502,0.116646941,-0.001208131,-0.04622142,-0.116352003,-0.021518098,-0.00986515,0.089190255,0.107384557,-0.040139962,-0.012688235,0.036799006,0.059742125,0.075451531,-0.072937907,-0.040161028,-0.033941459,0.027990513,0.039446998,0.040249815,0.000150536,0.00763422,-0.055742763,0.002582051,0.04896746,-0.03751981,0.163714566,-0.026030999,-0.022998356,-0.0459753,0.051157325,0.03100577,0.106498988,0.138052852,-0.043985514,0.053381624,-0.073116629,0.065261576,-0.085011277,-0.034764643,0.054401371,0.025303804,-0.002849513,0.020529338,0.045196824,-0.056629796,0.014630727,0.098853941,0.050816102,0.171046256,-0.045799008,-0.099725845,0.051612241,-0.139281642,-0.042956947,-0.00924425,-0.002105807,-0.093473048,-0.036790453,0.0248892,0.05214499,0.029471465,-0.084489799,-0.025864079,-0.035682731,0.030775509,-0.094580191,0.105675772,0.025029011,0.013226572,-0.085002044,0.020025884,0.063259382,0.02450356,-0.024179041,0.135322634,-0.058069346,-0.014399564,0.050614963,0.055337507,0.007695979,-0.044537623,-0.01235872,-0.02676702,-0.091679491,-0.036214983,-0.034721586,0.01989575,0.014620657,-0.168251963,-0.147598067,0.011125449,-0.147995409,0.088106493,0.068835723
178,0.057111147,0.00353003,0.120461064,-0.111048648,0.107868904,-0.075339831,0.114968051,-0.028520442,0.009384365,0.061577819,-0.008705859,-0.018086669,0.086028011,0.101537733,0.005317251,0.029102036,0.20437054,0.135013648,0.034951641,0.130748997,-0.089689731,-0.041258393,0.02582058,0.104485033,0.012573164,-0.164083313,0.178386282,0.105133436,0.02786464,-0.035479079,0.08727156,0.021810786,-0.006932536,0.122135677,0.044053194,0.150020146,-0.064306292,0.057860885,0.074425563,-0.112876139,0.036655318,0.075093864,0.104406414,-0.041918477,0.133680741,0.142409515,-0.103468688,-0.008421416,0.122661805,0.026753571,-0.074129646,0.09984723,0.01343805,0.019886212,-0.023143955,0.248578926,0.066888611,0.099012424,0.116029372,-0.091011725,-0.000320243,0.05421685,-0.020109561,-0.118211122,-0.049078723,0.228609382,0.026914954,0.088541055,-0.023403191,-0.039923917,0.072201939,0.104188196,-0.007983971,-0.118763201,0.256585059,-0.187688458,0.035737323,-0.0733196,-0.077468545,0.009269386,0.048394664,0.016413373,-0.020959251,0.100323663,-0.082062976,0.0969688,-0.038269668,-0.130677641,-0.104502073,0.01640172,-0.056234636,-0.156376145,0.248526512,0.034081072,0.019417815,-0.023909899,-0.047274738,0.20766627,-0.056249239,-0.033064707,-0.097440152,0.018364733,-0.016952856,0.105981115,0.060579635,0.081585928,0.002006713,0.065055499,0.148804155,-0.110067609,-0.036253399,-0.100210806,0.021594229,0.043856979,-0.161195786,-0.099846926,-0.104434937,-0.07063772,0.091629967,0.050585007
179,-0.002097214,0.070356106,-0.009242051,-0.079759767,-0.031387405,-0.065431117,0.069535847,0.020206233,-0.120906094,0.095148569,-0.014973832,-0.09966139,-0.017347331,-0.053451817,0.041719884,-0.074604914,0.182161152,0.156099268,-0.047533954,0.094330164,0.05309294,-0.053479881,-0.031883433,-0.013951069,-0.024729446,-0.091589958,0.031688562,0.063727863,0.100609136,-0.139138794,0.003626579,-0.002233748,-0.022757349,0.010476963,-0.020639569,0.060403043,-0.034213497,-0.048744484,0.075947476,0.009354183,-0.055430126,0.086400948,0.06491905,-0.038901754,-0.019242925,0.142162079,-0.115164132,-0.087863074,0.035383452,-0.071712808,-0.066843762,0.015692244,0.041295011,-0.030187804,-0.086312507,0.008370398,0.094773792,0.071589665,0.05987661,0.029821998,0.101578063,0.049290825,-0.069889906,-0.032126307,0.049266683,0.23619825,-0.007820507,0.077737859,-0.026413125,0.00260731,-0.071019649,0.077714589,-0.020274201,-0.013327325,0.260723863,-0.139769208,0.048005198,0.010735971,-0.093359304,0.024152485,0.058336848,-0.017634288,0.042725632,0.061631409,-0.033260682,0.055753337,0.007477511,-0.106517857,-0.021090247,0.014037858,-0.047537277,-0.057278944,0.151348247,0.049835177,-0.00642639,0.107997436,-0.029562581,0.020281301,-0.0601823,-0.058003776,0.051310076,0.107644444,0.007964722,0.012631785,0.12789855,0.008553337,0.09451752,-0.028737032,-0.014643102,-0.049884949,-0.065591369,-0.096556368,0.007320079,0.1031051,-0.13300789,-0.015845301,0.008989599,-0.070631648,0.023012855,-0.056418999
180,-0.022294583,0.045367386,0.102515017,0.03755453,0.136280731,-0.057414447,0.171340552,-0.005203539,0.040923262,0.045899735,0.03135239,-0.005509164,-0.041397075,0.087191708,0.045827993,0.050388826,0.121505294,0.102684127,0.009869775,0.139084652,-0.027325787,-0.035447987,-0.059136895,0.055530283,0.030286651,0.070185226,0.192821691,0.072155922,0.028724816,-0.107246727,0.188696403,0.067812461,-0.123158451,0.202280286,0.078296458,0.057202643,-0.138870051,0.03002391,0.073782327,-0.048091942,-0.040542557,0.105742584,0.123372044,-0.017920069,0.011071129,0.161104489,-0.080230643,0.052458493,-0.024285439,-0.070169233,-0.02003992,0.118990893,0.055913014,0.0329008,-0.044402085,0.066186509,0.099744935,0.107122319,0.039887369,0.019360246,0.060347872,0.070862375,0.082473934,-0.021697508,-0.0027965,0.080746337,0.071983234,0.057997471,0.053947999,-0.008017676,-0.082658299,0.090131145,0.037837782,0.046715168,0.438161226,-0.160315913,-0.016471842,-0.058483022,-0.085887791,-0.01907771,0.03084476,-0.026045198,0.096378242,0.026936363,-0.019300211,0.133242042,-0.038334402,-0.094236865,-0.110029348,-0.020428426,-0.102933482,-0.048413403,0.231525666,-0.043373458,0.049517085,-0.021353885,-0.16888397,0.144606097,0.033733679,0.082915718,-0.028023713,0.043973359,0.082040103,0.041852817,0.129034324,0.00164458,0.038668709,0.09381287,0.066936148,-0.064280089,-0.06131293,-0.075414656,-0.003188794,0.017318265,-0.052460365,-0.034052127,0.013703446,-0.030690662,0.091503305,-0.092164975
181,0.033750319,-0.015388096,-0.041538226,0.009238887,0.001299668,0.05880596,0.053930676,-0.021685464,-0.041448718,-0.000391244,-0.007431311,-0.038142484,0.114961678,-0.027078427,0.021975427,-0.020880616,0.121922614,0.118959876,0.0916217,0.013253865,0.122827474,0.050596351,0.013479933,0.134935297,0.009203264,0.007215268,0.031003954,0.01447688,-0.039732876,-0.057886487,0.098570649,-0.011607494,0.023937744,0.142389355,-0.020505427,0.057291281,-0.054851213,0.021565002,0.135791087,-0.021936882,-0.109757796,0.040551047,0.034826546,0.04618299,0.050558931,0.055564442,-0.05433563,-0.043693843,-0.031150623,-0.03556249,-0.00556602,0.108331578,0.053697654,-0.002641945,0.043060253,0.123334958,0.040833721,0.15983682,-0.000667184,0.020256139,0.071125149,0.014243928,-0.060974597,-0.08238141,0.01310779,0.183019774,0.005989762,-0.037706791,-0.025203487,-0.058329547,-0.065372137,-0.030996615,-0.029638831,0.048584437,0.230175287,-0.110115789,-0.052791648,-0.0284337,-0.12085578,0.075274234,0.048060158,0.180020178,-0.091288097,0.111165746,-0.031213794,0.126753276,-0.028714573,0.05836571,-0.13472376,-0.022539516,-0.079724399,-0.047496437,0.019843813,0.061704929,0.032805064,-0.017899609,-0.103692136,0.073375448,-0.033106951,0.098448048,0.063678208,0.023686529,0.100386849,0.05929617,0.197079865,0.070679602,0.023384497,0.064576295,0.010541859,-0.039839877,-0.074335519,-0.060794173,0.123460313,0.032230385,-0.122332353,-0.073028165,-0.010361158,-0.013957329,0.107356049,-0.078106031
182,0.017404536,-0.035089563,-0.026471264,0.118421002,0.013586474,0.007053766,0.04211269,-0.093277831,-0.003920175,0.033681446,-0.022834688,-0.040585898,0.026399198,0.062246394,-0.099960526,-0.030780872,0.060875911,-0.011396801,0.026674264,-0.006621531,0.0464392,0.058314492,-0.10865441,0.02598378,-0.023490276,-0.070763053,-0.046752795,-0.048845462,-0.002365291,0.049315978,0.048804689,-0.038683622,-0.023167025,-0.031749682,-0.147917972,0.023203381,-0.0790467,0.012953962,0.077577874,-0.067781442,0.030281876,0.124538822,0.032767638,-0.031793925,0.028664534,0.065961476,-0.016615651,-0.026699345,-0.009685951,-0.07368442,-0.052570301,0.00813341,0.016147054,-0.078649389,-0.022306379,0.071488099,0.012320546,0.044888053,-0.025898135,0.067244041,-0.050213843,0.010113369,0.023355683,0.051733581,0.010339329,0.058187281,0.028046302,0.01886741,-0.077633609,0.021154534,-0.04785445,0.00809333,0.151901014,0.031814655,0.142891304,-0.016477175,-0.179594425,-0.020255377,-0.105621752,-0.086123322,0.004740456,0.062492842,-0.101743542,0.060648947,-0.011631153,0.063810725,0.011000241,-0.076329482,-0.054567203,-0.002088826,-0.060754686,-0.028180686,0.010979436,0.042213682,-0.035815471,0.01109586,-0.032135492,0.074679091,0.023372973,0.00252887,0.06245747,0.044897598,0.016539824,0.038317635,-0.049789532,0.060803395,-0.018851296,0.007629558,0.008437689,0.043296725,-0.008708188,-0.053655038,-0.04269659,-0.020730908,-0.063747605,-0.022246147,0.012174799,-0.034727118,0.023907073,-0.043318491
183,0.052493097,0.089051782,0.020952506,0.060053585,-0.005596661,-0.015147869,0.05762855,-0.069124248,0.005665035,-0.032596068,-0.044819126,-0.173912808,0.09407842,-0.106508093,-0.014702978,0.057119681,0.04720508,0.127405775,0.042458805,0.148883926,0.015981176,-0.00250412,-0.023073162,-0.022395318,0.012790977,-0.022941811,0.122163007,0.010834294,0.012496915,-0.067001044,-0.031910155,-0.063914504,-0.063403516,0.107523032,-0.072313234,0.024279735,0.085533187,-0.146232371,-0.058779989,-0.095781393,-0.023674106,0.016869865,-0.076077953,0.047267828,0.091651471,-0.012786267,0.014242112,0.093515895,-0.098195772,0.017720224,-0.078273783,0.202632353,-0.129553231,-0.053738024,-0.028361355,0.152864276,0.151455219,-0.013807474,0.074983308,0.104270588,-0.041376581,-0.003288681,0.039894158,-0.024462006,0.075402954,0.084650334,-0.062784772,-0.067277998,0.045668382,-0.041736855,-0.081602531,-0.02218721,-0.029202436,-0.013506347,0.037337925,-0.054611729,-0.006072439,-0.115230103,-0.097729647,1.16415E-05,0.060749561,-0.035421293,0.123036289,0.089511164,-0.01503477,0.068193951,-0.042934759,-0.018594006,0.006503404,0.049049464,-0.068304944,0.001255459,0.136316369,0.050527055,-0.00635912,-0.097319776,-0.03389291,-0.051567087,-0.099973237,0.02755506,0.052283797,-0.004091541,0.107365348,-0.003645595,0.128462377,-0.077501071,0.008376246,0.017684359,0.066346731,-0.098544707,-0.097361186,-0.079334611,-0.071150027,0.068053807,-0.043941856,-0.084953951,-0.008353154,-0.004570426,0.124433667,-0.028108804
184,-0.003839388,0.053387672,0.02742354,-0.035951046,0.090249497,0.008117663,0.241310975,-0.000293946,-0.038326811,0.231994428,-0.048904937,0.048371543,0.11258599,0.018510635,0.009606176,0.069357907,0.140892909,0.011418773,0.041064379,0.093952338,-0.062409443,0.012597164,-0.095867526,0.020519972,0.088798346,-0.023674485,0.119234065,0.021085679,-0.034595745,-0.050634992,0.086728867,-0.086018826,-0.023448587,0.047391666,0.03991035,0.168646511,-0.107571155,-0.087363276,0.021557312,0.001026138,-0.049762103,0.06268153,0.159386809,0.100905609,0.001987257,0.032665726,-0.091248135,-0.009956759,-0.059268782,-0.048297304,0.03387042,0.082659879,0.061790554,0.007490983,-0.099022444,0.031799012,0.050553091,0.211946361,0.080056703,-0.010152112,-0.069094215,0.045094823,0.046513243,-0.080822755,0.085006229,0.128620985,-0.028742126,0.040252101,-0.005041801,0.05966919,0.042408237,-0.035646614,-0.099633512,0.023877934,0.276950468,-0.02267924,-0.037284229,0.06142182,-0.127571607,0.017005906,-0.015027727,0.068808521,0.010941338,0.075840037,-0.088757952,0.056062956,-0.043763441,-0.054514496,0.095885301,-0.039266235,0.046124673,-0.054719223,0.144606224,0.008507847,0.034673043,0.042773474,0.108528074,0.156941804,-0.001975847,0.020097839,0.052833989,0.025509013,0.067666849,-0.022669707,0.072822845,-0.025388911,0.028634578,-0.050721292,0.039216216,-0.060922297,0.003335559,-0.039039579,-0.070768893,0.113392382,-0.124694309,-0.028645836,-0.039080597,-0.012641904,0.085333125,-0.031649171
185,0.097685702,0.083215024,0.046410247,-0.057223536,-0.095641909,0.043753631,0.042557726,-0.076386802,-0.070785742,-0.002357396,0.038690332,-0.109127793,0.098108142,-0.005216184,0.005439548,0.055877419,0.121527097,0.090574228,-0.041208763,0.04731092,-0.043116944,0.009666164,-0.000341877,0.092629149,0.15935896,0.001517708,0.128317805,-0.006389131,0.065790647,0.01166192,0.003729183,-0.055956242,0.068000035,0.068999625,0.01610128,0.027937277,0.065875927,0.030471191,-0.026823759,-0.008886049,0.029285858,0.017061957,0.078773971,0.019796842,-0.004740307,0.12679002,-0.019751305,-0.124308712,-0.073906334,0.006019733,-0.071722817,-0.007169792,-0.024104608,0.075576556,-0.001166927,0.087019479,0.130860899,0.018184551,0.090445582,-0.036373705,-0.042289174,0.03956015,-0.071234576,0.017528934,-0.096714549,0.045946554,0.090971523,-0.024798432,-0.096137399,-0.033181408,-0.040907325,-0.014223942,0.041501392,0.08232218,0.284954183,-0.010032891,-0.121305007,-0.037053876,-0.095104721,-0.010313039,-0.011106113,0.014087657,-0.050640866,-0.040061004,-0.02993902,0.06285151,-0.036153299,0.051114637,-0.081602382,-0.042169009,-0.056192561,-0.029667225,0.159607079,0.076630891,0.021660555,0.054301048,0.053465375,-0.008776442,0.042309657,-0.005936157,-0.014249311,-0.013486069,0.066549526,0.100433141,-0.02937041,-0.056477766,0.019609662,-0.13639424,-0.052438738,-0.105891616,-0.017846775,-0.022871804,0.150976207,-0.041271958,-0.015658463,0.007709507,0.019773186,-0.06540589,-0.046019189,-0.003503347
186,0.001091943,0.016819588,0.091190613,-0.005106376,0.070924152,-0.00865958,0.095599849,0.02820073,0.024950357,-0.035467291,-0.006331093,-0.026882351,0.103138815,0.034911607,0.034531779,0.074808167,0.108288216,0.171453632,0.169755874,0.213600581,0.02876679,-0.001761013,-0.063642069,0.083424694,0.007689752,0.05305057,0.083424973,0.034137072,0.053311836,-0.028482932,0.061529562,0.005774224,-0.064333038,0.023420411,0.008864702,0.049632175,-0.08392625,-0.022916294,-0.050408492,-0.105915802,-0.094225106,0.051616628,0.165833765,0.127903464,-0.010290718,0.116552578,-0.122359825,-0.047062334,-0.087750968,0.005669817,-0.026209351,0.110494874,0.101265086,-0.105587098,-0.081493464,-0.015831634,0.116337655,-0.007069485,0.076164458,0.004428073,0.025764848,0.196149794,-0.032872727,-0.088006485,0.034203089,0.145193761,0.020057489,0.129250266,0.008389839,0.039216766,-0.068649616,0.055968761,-0.023431431,-0.070878577,0.162271439,-0.071767852,-0.046604654,0.037723727,-0.094296838,0.243118792,0.013299566,-0.00814064,-0.027139943,0.021923391,0.014213041,0.168966298,0.011363112,-0.084495823,-0.177056733,-0.077067881,-0.015702492,0.013555706,0.07260994,0.096480766,-0.003904745,0.043786471,-0.034642924,0.132208383,-0.04701963,-0.01139546,-0.017672136,0.103578713,0.248821943,0.028568332,0.199175497,0.009937049,-0.06220042,0.004453665,-0.004540758,-0.127098105,-0.071088056,-0.080632176,0.010793691,0.088456867,-0.139922208,-0.078580219,-0.037569819,-0.059252129,0.055830888,-0.003647671
187,-0.01171209,0.018906046,-0.014325319,-0.082172767,0.042518211,-0.04212584,-0.076504307,0.005938001,0.07209296,0.042870594,-0.021724833,-0.086467067,0.008723974,-0.005503923,-0.043451816,0.016135822,0.156987685,0.211263049,0.063714472,0.052884025,-0.034765595,-0.047459821,0.014224557,0.046904328,0.018720935,-0.033974352,0.035263335,0.038324476,0.050700544,0.042593762,0.060779209,-0.004279361,0.030621849,0.053002115,0.007163089,0.025292357,-0.072138644,0.004263881,-0.010148561,-0.038784814,0.024177032,0.113172387,0.090568238,-0.029854793,-0.007649595,0.055509543,-0.064939541,-0.043072241,0.079272096,0.038382942,-0.09443838,0.011380214,0.03982963,-0.008136911,-0.031119198,0.07449058,0.114824332,0.088613331,0.104041378,0.090422467,-0.036694327,-0.061826251,0.033478478,-0.049261543,0.003005876,0.069823731,0.016583212,0.262530676,0.065351002,0.051583373,-0.04723831,0.111214458,0.036969533,0.025885799,0.141675955,-0.092992069,-0.080702154,-0.033898824,-0.104379222,-0.025790453,-0.008721324,0.034326323,-0.078355892,0.104730763,-0.051961395,0.100023066,0.119787924,-0.009873565,-0.125120518,-0.054011238,-0.075844521,0.014552485,-0.006373319,0.017231561,0.044414892,-0.00451582,-0.062728425,0.125482074,-0.057781208,-0.024167521,0.00022467,-0.035719225,0.126257409,0.074529396,-0.036925502,0.003189751,0.09000044,-0.02667921,0.004736498,-0.024878207,-0.054624425,-0.075991666,0.047411218,-0.098709921,0.006630814,-0.051614331,-0.050549316,-0.074088014,0.163570006,0.068202472
188,-0.043725911,-0.015406294,0.017910706,-0.014534627,-0.000313318,0.012824219,0.188094557,-0.113023699,-0.041574463,-0.046301242,0.061776611,0.067571016,0.017824878,0.003954313,-0.117037705,0.005738366,0.081951541,0.020545166,0.093922804,0.031825455,0.040356134,0.097937208,0.06551092,0.016200258,-0.008147073,-0.133710337,0.149775518,-0.032285939,0.002004017,-0.049004528,0.059894477,-0.009443922,-0.019926096,-0.001640803,-0.058369626,0.13318009,-0.01375759,-0.048144458,0.001225151,-0.102305306,-0.054960943,-0.01742311,0.071746343,0.044782346,0.116494191,0.046817947,-0.052664608,0.044284455,0.049912055,0.012212895,-0.09913744,0.076577167,0.120872418,-0.010456371,0.031510591,-0.01617289,0.058765126,0.06744884,-0.022178367,-0.042928139,-0.037708454,-0.061048143,0.020614352,0.04369883,0.016688148,0.115890542,0.139604834,0.037238559,0.055311586,0.081583357,-0.013889457,0.024617573,0.039575775,0.075718222,0.135443391,-0.053875275,-0.040939894,-0.028288201,-0.093557348,0.082434914,0.041462208,0.060747287,0.071413644,0.153242716,0.066503963,-0.064627653,-0.011921792,-0.019007514,-0.084042576,0.065533126,-0.023263481,-0.082747896,0.156157801,0.020619533,-0.049822622,-0.037991457,0.007177617,0.203115957,-0.022440172,-0.009400014,-0.068339386,0.038826388,0.015310764,-0.004713534,0.059338567,-0.029350845,0.019060684,-0.014641467,-0.021696214,-0.110605171,-0.039540107,-0.129176701,-0.082556629,0.079560404,-0.019327069,-0.140273798,-0.056857506,-0.061584647,0.079340795,-0.071879809
189,-0.001073889,0.049385464,0.047084424,-0.023061395,0.066259404,-0.139291307,0.148820408,0.030810846,0.095604112,0.125468629,0.020232595,-0.099952623,0.001475449,0.124774421,-0.002594035,-0.083124082,0.188942489,0.084356584,-0.002019218,-0.007884036,0.059815086,0.123154728,-0.139362307,0.183512575,-0.016679315,-0.014997846,0.111467505,-0.049319774,-0.031673738,-0.165866468,0.016819825,0.009026046,-0.046230046,0.184609547,0.073685598,0.085926317,-0.007972636,0.08082576,0.038539202,-0.004981582,0.002309452,0.00205746,0.066929799,0.016977295,0.005254419,0.138459734,-0.126998105,0.017456741,0.001115322,0.056309536,-0.056743583,0.068517089,-0.084785957,0.103376969,0.006602188,0.064731926,0.127078578,0.110531765,0.094546508,-0.084622341,-0.046350477,0.024130593,0.004126782,-0.160155624,0.014465863,0.078433198,0.136270228,0.044538442,0.050075119,-0.076940879,0.062081864,-0.024091174,0.06885642,-0.104155691,0.188338037,-0.112967212,-0.029254576,-0.050919971,0.006618357,0.016035723,0.005649219,0.010134181,-0.140325029,0.11376111,0.093115145,0.109512617,-2.44361E-05,-0.038915643,-0.105061738,-0.104458138,-0.070004651,-0.0332171,0.099972854,0.084598132,-0.007333471,0.087986264,-0.043419813,0.022810613,-0.041924941,0.034803858,-2.4259E-06,0.00614357,0.096493398,0.060988736,-0.028990093,-0.092440862,0.007933142,0.004241523,0.020655479,-0.136553405,-0.130387275,-0.044323155,-0.069332088,-0.019532097,-0.136179496,-0.015082692,-0.023538151,-0.045975115,-0.02250378,-0.058144661
190,0.02908541,0.118546503,0.08038328,-0.037297582,0.005360441,0.027317085,0.042364822,-0.042166954,-0.048390917,0.02168997,-0.040337748,-0.024168646,0.041190578,-0.037577118,0.020400973,-0.059149368,0.214294721,0.162640273,0.139648179,0.030474921,-0.018278109,-0.077024245,-0.025633912,-0.10341459,-0.082062135,-0.115383954,0.128833321,-0.076592104,-0.033612013,-0.030727425,0.090224606,0.015378997,-0.04384268,0.00888401,-0.090079586,0.124663209,-0.063613426,-0.028540304,-0.030775219,-0.020092993,-0.043268797,0.034161031,0.064901653,-0.048361263,-0.007944651,0.095250172,-0.067311661,0.000520502,-0.066126533,-0.025423238,-0.171829462,0.010553458,0.026838482,-0.041316456,-0.15480092,-0.00294721,0.059631542,0.158342038,-0.037882724,-0.033458891,-0.064324005,0.075906396,0.005272276,0.004969527,0.087707092,0.084975405,0.112011573,0.088830279,-0.042908116,-0.039138474,-0.11466892,0.03184209,-0.024366782,-0.070742448,0.146328043,-0.091100769,0.007892846,0.0121823,-0.155215417,0.075309896,-0.004721028,-0.05685611,-0.068548039,-0.033408624,-0.069542851,0.021492798,0.033494762,-0.032694342,-0.131256439,-0.048266501,-0.064712782,-0.112005135,0.178948358,0.013255365,0.191566508,0.100124003,0.016751248,0.142182465,-0.085754585,0.092476731,-0.012767711,-0.039810785,0.116202949,-0.055104992,-0.02399816,-0.067032135,0.049986165,0.025084394,-0.004095861,-0.154457068,-0.083798019,-0.040674504,-0.003235896,0.053784008,-0.171701857,-0.063912142,-0.119890234,-0.075225674,0.016584617,-0.119444607
191,-0.047337655,-0.04837929,-0.062423953,-0.009831569,0.085897793,0.016297598,0.143483143,-0.066715658,0.013217745,0.015100987,-0.017045019,-0.031629707,0.062201241,0.053652143,0.040727066,-0.081647277,0.148117028,0.133259429,-0.014208818,0.140902174,-0.002888729,0.017016381,-0.024494527,0.105996112,0.131021813,-0.112912646,0.029754518,0.116588109,-0.005368972,0.004165712,0.052476264,-0.066567997,-0.089841866,0.068861685,0.106965453,0.016314964,-0.065224355,0.107320411,0.10670235,-0.118532723,0.004239046,-0.002042048,0.069957803,-0.02199641,0.037170974,0.027064448,0.021066434,-0.024382923,0.00878906,0.044672768,-0.029017927,0.111659646,0.022010378,0.020545199,-0.075405275,0.078864407,0.110320882,0.043076614,0.033977318,0.040240038,-0.079857929,-0.074481757,-0.010327222,0.029817834,-0.036477327,0.055295025,-0.045919226,-0.097019192,0.026938378,0.047664633,0.016577119,0.051519353,0.012252857,-0.146730869,0.139528693,0.001936895,-0.008230601,-0.039001004,-0.101593681,0.030421324,-0.034781369,-0.009821535,-0.103511517,-0.014462282,0.091761704,-0.004286409,-0.067432394,-0.055883508,-0.015801214,-0.053409577,-0.070345387,-0.123735391,0.04266286,0.046146066,0.087669523,0.108158874,-0.067762478,0.094110423,0.077756343,-0.001943939,-0.014133109,0.007705694,0.055295849,-0.021828332,0.147098602,-0.014319402,0.024214465,0.06617862,-0.008344617,0.070117323,-0.110392436,-0.088609945,0.042940847,0.048997637,-0.094291571,-0.052162591,-0.034468877,-0.087265489,0.06579134,-0.08299831
192,0.028046761,-0.002515975,0.020707574,-0.114183764,-0.057579908,-0.134314851,0.190080083,0.034971113,-0.053666793,0.078254199,0.133065266,0.014617684,0.066863124,-0.044580696,0.039442303,-0.10483402,0.085729357,0.09701331,0.101677467,0.110303265,0.04280034,0.037677095,-0.049609646,0.092345585,-0.066378239,-0.108848169,0.158323612,0.030133125,0.040645976,-0.117276307,0.036752136,-0.078151228,-0.020191394,0.052368475,0.055085279,0.152380781,-0.008654317,-0.007697164,0.05201957,-0.089501446,-0.024894715,0.04234689,0.093674417,-0.035146632,0.093284121,0.078324543,-0.011069974,0.012301664,0.096395557,0.125412917,-0.035260755,0.180870997,0.000516027,0.101847333,0.013391269,0.008544489,0.111748655,0.101041407,0.039684954,0.046097488,-0.057693946,0.108467122,-0.018294375,-0.099451532,0.013679586,0.222904753,0.22652412,0.046558371,0.040271056,0.016682602,-0.01949243,0.156491512,0.086500285,-0.051051044,0.265315756,-0.138399439,-0.037878897,-0.02924558,-0.172650543,-0.076267215,0.014187704,0.073664769,-0.056172814,-0.057427419,0.018039765,0.127914693,0.012103214,0.049650092,-0.024605667,-0.050695731,-0.053293609,-0.07397196,0.073512606,0.097451847,-0.028536839,-0.033426921,-0.009326979,0.109125179,0.025523782,-0.026588727,0.138678527,0.0958465,0.017262175,0.097050538,0.131420028,-0.016378417,0.037800377,-0.002683286,0.000388883,-0.081574021,-0.142121858,-0.183936792,-0.026953091,0.002631465,-0.145557299,-0.08474082,-0.060787448,-0.092964407,0.137258292,-0.103960985
193,-0.077927518,-0.065330947,0.048402061,0.050573263,0.07491833,-0.076553977,0.082877892,0.082799331,0.050183349,0.024843623,0.009749184,0.002141052,0.054250879,0.022554696,0.01554083,0.049022604,0.277224712,0.054555525,-0.019286366,0.084777644,0.052822227,-0.045819829,0.084012788,0.136983906,0.028626745,0.048414542,-0.012122328,-0.012797287,-0.02723659,-0.119514155,0.102416451,0.044445557,0.035799425,-0.058786272,-0.001952705,-0.020417879,-0.067334885,-0.024140823,0.026510047,-0.083565754,0.041818986,-0.1077765,0.030933653,-0.008236713,0.004654672,0.009016586,-0.03841257,-0.039019538,-0.039450542,-0.05699681,-0.014563089,0.233133643,-0.011887105,0.092032833,-0.052202924,0.028795905,0.101182778,0.081801704,-0.027365059,0.110289436,-0.04136859,-0.011560565,-0.016836427,-0.001899668,0.010222885,0.042458811,0.028415865,0.173065267,-0.068784831,-0.000108172,0.047615554,-0.014226354,0.001577597,-0.101008459,0.13258071,-0.138063407,0.088259548,-0.016212001,-0.10320631,-0.041775415,-0.053808164,0.087106651,-0.003511742,0.13831773,0.057158132,0.083971498,0.007758642,-0.124010855,-0.013086572,0.010037538,-0.100012942,-0.082760966,0.099060122,-0.038346517,0.063467333,-0.014548247,-0.067629099,0.131527394,-0.029847776,0.090523574,-0.014194935,0.008235207,0.056588335,-0.050134057,0.141436263,-0.019072534,0.00904487,0.041710896,-0.080819671,-0.024383329,-0.008329755,-0.184297681,0.085017472,0.031209281,-0.065244336,-0.007566349,-0.045083709,0.05057819,-0.022413602,-0.0641557
194,-0.099967914,0.036311799,-0.010874264,-0.027167573,0.156236657,-0.092825296,0.14338066,-0.105336452,0.039883622,0.141237511,-0.009618436,-0.084115196,0.077755953,-0.032451452,0.00084286,-0.076309522,0.135195852,0.091344317,0.006055394,0.096061869,0.022987426,0.015436101,0.017256899,-0.130208486,0.027082214,-0.083131701,0.073380054,-0.015123369,0.018272449,-0.126713833,0.131755583,-0.037974882,0.033755095,0.075713679,-0.00306777,0.052063589,-0.106936042,-0.066700453,-0.028694889,-0.062163259,-0.13726786,0.091502888,0.04061348,0.035876887,-0.039282221,0.085576661,-0.067514795,-0.077764255,0.027136781,-0.018994795,-0.113223293,0.115292707,0.12875467,-0.037435554,-0.017689707,0.035728585,0.14778616,0.075130872,0.036217877,0.041723414,-0.069310965,0.114571818,-0.085387327,-0.091872682,-0.012401345,0.079102461,0.050985768,-0.03701195,-0.079485606,0.090752918,0.04259304,-0.031830369,0.080214489,-0.009945148,0.214109046,-0.143657769,0.00679326,0.006707979,-0.077807003,0.069428574,0.116567421,0.002466655,-0.041638498,-0.066520745,-0.053065769,0.071851814,-0.108808608,-0.000661317,-0.052770408,-0.043156679,-0.078445879,0.014049868,0.102069643,-0.005476467,0.038378493,-0.026972311,-0.17462694,0.103434072,-0.058624849,-0.071117783,-0.067716846,-0.027393917,0.128125355,0.066226029,0.040494736,-0.056757752,-0.018798601,0.093546764,0.06287784,-0.088604666,-0.05269993,-0.027802026,0.137555675,0.010332177,-0.11288408,-0.019821178,-0.044520127,-0.13939677,0.082084515,-0.076749419
195,0.073671557,-0.015666275,0.00744514,-0.063560028,0.032729259,0.034591727,0.110565361,0.004945554,0.089765941,0.043485892,0.009511613,-0.059620068,-0.029547085,-0.028105247,0.032540548,0.02499565,0.113192241,0.007440658,-0.029421195,0.037421544,-0.042885218,-0.033775548,0.128163182,0.052855258,-0.051381831,0.008903009,0.019298041,0.013834198,-0.110999808,-0.128719709,0.164780541,0.033919384,-0.058465136,0.249899372,0.065934011,0.046340672,-0.16068186,-0.068778273,-0.011313091,-0.102816981,0.0040586,0.092939558,-0.025731273,0.124093252,0.039585738,0.0799826,-0.047340878,-0.024140618,-0.022025696,-0.01842294,-0.079589665,0.109872988,0.116483051,0.109037319,-0.064814333,0.129026257,0.054457009,0.044444775,0.077590765,0.052046056,-0.015110166,0.037789177,0.079045864,-0.014084623,0.008523287,0.060140455,0.067321976,0.052412382,0.04566983,-0.014388813,-0.032302321,0.122556959,-0.093687423,-0.042411336,0.242752781,0.002912575,-0.064876155,0.016164588,-0.120668101,0.083003022,-0.005768018,0.047997026,-0.057776221,0.011853714,0.06842375,0.165154995,0.014681598,-0.026763936,0.028081485,0.003101571,-0.099439403,-0.057725845,0.179668694,-0.046491735,-0.017467232,-0.048830932,0.046622495,0.081925432,0.000999133,0.065840543,-0.099340245,-0.020000756,-0.000548737,0.031549568,0.200466857,-0.034336548,0.078895195,0.041015255,0.051731508,-0.027041248,-0.08868879,-0.069806237,-0.045545825,0.046593556,-0.100774642,-0.053206528,0.061442568,-0.015047751,0.108909916,-0.143580598
196,-0.053968697,0.024830338,0.020574444,0.031114364,0.109436785,-0.069210627,0.212683714,-0.041173777,-0.069942874,0.027246272,0.0237846,-0.009300028,-0.0434894,0.032376672,0.016971005,0.011915952,0.062005083,0.129772803,0.031652876,0.111708571,0.020225126,-0.078424679,0.060463267,0.030287091,0.031987355,-0.037479326,0.034817158,0.096608195,0.041780971,-0.035948711,0.043156212,-0.035934009,-0.035289196,0.11992889,-0.042089759,0.10797172,0.01713762,0.088977343,0.173258114,-0.012606799,0.081484019,0.050596937,0.119915192,0.044521949,-0.010545598,0.010760707,-0.037362533,0.12617974,-0.015573483,0.073002432,-0.080396178,0.02415182,-0.048006309,0.106667977,0.049632322,0.012963037,0.17883028,0.036576901,0.062564503,-0.068515764,0.096841469,0.014412963,0.001579672,0.102080325,-0.049345592,0.074758423,0.123138741,0.019637229,-0.041208547,-0.01057026,-0.02487054,0.060760587,-0.08085365,-0.038638825,-0.046299679,-0.03734158,-0.057634077,-0.027487005,-0.274710694,-0.01177744,0.088907652,0.073821795,0.016641017,-0.047363557,-0.005080481,0.135186871,-0.065508555,-0.019569926,-0.056333916,-0.048218355,-0.034311151,-0.063800392,0.10887712,0.049817132,-0.056001324,-0.029143636,-0.046060964,0.108650103,-0.122639587,-0.003994375,-0.023243243,0.008711909,0.11320109,-0.033504257,0.168131696,0.068598758,0.040019836,-0.055256848,-0.038535131,-0.099533355,-0.036638658,-0.049782449,0.098398895,0.029642629,-0.169040551,-0.001565355,-0.030669831,-0.040780639,0.037496094,-0.005907346
197,0.015930541,-0.066607512,-0.021310584,0.021820871,0.057916644,-0.065420301,0.15465374,-0.072600012,-0.114253571,0.060344069,0.075884067,-0.109902581,0.013447502,0.003092713,0.033817661,-0.01114036,0.163399942,0.175936436,-0.060220261,0.174283331,0.08893227,0.003553133,0.08933574,-0.005817782,-0.021248007,-0.078014029,0.037431952,0.008433993,0.029751372,-0.067514332,0.058877424,0.004681632,-0.035312446,0.07856257,-0.027843171,-0.005339405,-0.029690069,-0.071544812,0.086456196,-0.032643732,-0.099801299,0.076054322,0.046613981,-0.001836645,-0.01912948,0.127172626,0.003453119,-0.015109499,0.073313187,-0.00521288,-0.038495553,0.070048038,0.022298876,0.02694054,-0.032063207,0.001241344,0.133073017,0.042002777,-0.081703149,0.021894409,-0.006786966,-0.037085752,0.014601385,-0.113941344,-0.024787018,0.085164977,-0.011255645,0.137983758,-0.05119591,-0.100359033,0.020155642,0.047503017,0.048700271,0.008625482,0.191709111,-0.085417504,-0.085717666,0.054511014,-0.139952356,0.096138089,0.065679629,0.053507911,-0.102330747,0.025869838,0.082723298,0.136184001,-0.050978435,0.018329716,-0.119078066,-0.04424026,0.014874612,-0.008084046,0.076936741,0.058939546,-0.105372668,0.031822637,-0.062291066,0.135050335,-0.069764389,-0.006389006,-0.008761407,-0.052547599,0.051293387,0.009733326,0.107095626,0.029946006,-0.053933827,0.028840017,0.008761341,-0.078255263,-0.030707435,-0.103317267,0.034314427,0.017477813,-0.080815645,-0.107071315,0.02203159,-0.001276843,-0.012542395,-0.065146162
198,0.011921851,-0.038116852,0.02387283,-0.02694142,0.051520063,-0.029356655,0.018433094,-0.082368358,0.071392411,-0.003392381,0.010533307,-0.078857615,-0.044829127,-0.072295215,-0.03714696,-0.047028189,0.078291854,-0.043077693,0.069692402,0.051113289,-0.02989526,0.060114782,-0.016996311,0.058525152,0.038850953,0.002861581,0.090952363,0.018443708,-0.01807525,-0.033021557,0.136736497,-0.039571929,-0.069939293,0.173327701,-0.059398783,0.050981756,-0.0679172,-0.064065295,0.007592511,0.01580557,-0.019282579,0.026239927,0.070015344,-0.058568391,-0.007790231,0.019538301,0.01252089,0.098823781,-0.012633944,-0.051277341,-0.000332859,0.064189377,0.03913926,0.034320363,-0.009284965,-0.039516168,-0.039837999,0.038831037,-0.008093607,0.13491147,-0.025469332,-0.015553268,-0.000723024,0.010567139,0.053773377,0.127228739,0.001520954,-0.001739083,0.005893462,0.011726412,-0.056583677,0.009172378,0.023690703,-0.028666825,0.024187199,0.098489623,-0.086789579,-0.034287952,0.000152499,0.088161996,-0.086740998,-0.032934275,-0.00460833,0.036187673,0.0535214,-0.038480836,0.042593926,0.034771938,-0.017887506,-0.003574833,-0.065656727,-0.033193529,0.009826417,0.006779858,-0.038675444,-0.064872214,-0.033390853,0.069881697,-0.023761062,-0.027740456,-0.08374073,0.076798434,0.012613361,-0.011768504,0.049916596,-0.041803113,0.128205271,0.037044266,-0.036106001,-0.019694665,-0.094050654,-0.019665523,0.01126795,0.03629852,-0.029694521,-0.010748881,-0.012449172,-0.072001906,0.096681005,-0.053159877
199,-0.032514465,0.067377493,0.092630861,-0.03182675,0.047885819,-0.04687107,0.051468685,-0.008125344,-0.012042081,0.130346458,0.015881308,-0.009859825,0.083718664,-0.046969763,0.071878411,0.006924396,0.082119104,0.155184997,0.090275504,0.205907554,-0.070404285,-0.002366786,-0.033384947,-0.06783952,0.053786268,-0.104474677,0.217706282,0.031298207,-0.006126262,-0.067915941,0.119172271,0.036063703,0.030441604,0.100247747,-0.103014496,0.129029507,-0.040449705,0.004607805,0.123569325,-0.138559486,-0.122705316,0.054982932,0.098352524,0.024797517,0.141569677,0.203116161,0.006887764,-0.004584049,0.054724253,0.164652463,-0.179890393,0.18352124,0.021277312,0.045379103,-0.005519554,0.131624219,0.06168971,0.012615525,0.134862599,0.113164828,-0.027325646,-0.039792126,-0.018748149,-0.035661456,0.029738985,0.20817054,0.034072798,0.13308462,0.07302097,0.008179545,-0.102338457,0.139232798,0.033001399,-0.007742945,0.199920033,-0.102266638,-0.113937926,-0.118280429,-0.158526337,-0.047771985,0.017499935,0.013002167,0.03305875,0.051188798,0.079643699,0.17057259,-0.025851561,-0.063930913,-0.087647385,-0.015580751,-0.046512392,-0.144167352,0.052755478,-0.044440293,0.010407142,0.072890211,-0.09200769,0.117896901,0.072958132,-0.007385433,0.013399741,0.069856433,0.068653504,0.039071425,0.08366242,0.017018926,-0.105887654,0.011156414,0.092483274,-0.025040558,0.007157607,-0.035830469,-0.021558352,-0.077825337,-0.148689509,-0.105078046,0.020625771,-0.07689416,0.110768899,-0.000926976
200,0.038719578,0.009591973,0.016147502,-0.004834587,0.051900142,0.058529429,0.125212859,0.016637959,0.004292265,0.019228744,-0.001394172,-0.117404183,0.036338742,-0.044037786,0.086756756,0.017169338,0.157831605,0.024451195,-0.017705228,0.097659782,-0.031117095,-0.003996499,0.073658855,-0.018542361,-0.036537342,-0.098219244,0.081296411,0.055216451,-0.091552422,0.000297677,0.191686009,0.025895959,-0.120035814,0.085251881,0.073989725,0.060893522,0.018564584,0.055143001,0.008942196,-0.076475461,-0.016286806,0.032304243,0.035699191,0.100069505,0.032303211,0.032124452,-0.037809114,0.004716872,-0.014574516,-0.060282826,-0.04427419,0.03309607,0.139174023,0.086438714,-0.027869247,0.047808988,0.109445964,0.021646186,-0.00744825,0.069245964,-0.106077205,0.031102122,-0.056160857,-0.004596813,0.004181538,0.060896811,-0.035880785,0.01748868,0.039699195,0.055540817,0.049933444,-0.015394998,-0.027448701,-0.016763912,0.309549312,-0.088402836,0.073635997,-0.007331803,-0.057876949,-0.092424372,0.037634112,-0.077277699,-0.017959475,-0.020851037,0.013517768,0.094214375,0.011939174,-0.050755458,-0.089353713,-0.014051644,-0.035589868,-0.07041538,0.056215552,-0.047431145,0.069915014,0.05816171,-0.08757897,0.001517758,-0.023929224,0.110400955,-0.02401768,-0.006551795,0.104476677,0.110026043,0.126657848,-0.041020507,0.034491183,-0.032497091,-0.056723877,-0.09342162,-0.020880664,-0.096674974,-0.073531955,-0.042931488,-0.098264092,0.064607147,-0.046666067,0.005965103,-0.023238938,-0.148819487
201,0.07772886,0.032978118,-0.044916159,-0.008867499,0.030793986,0.052140084,0.107544352,0.060504634,0.071619742,0.032918668,0.008399708,0.023255792,-0.008076489,0.011142677,0.066210146,0.094204416,0.025139224,0.071298176,0.028909606,0.117025254,0.022268991,-0.03247074,0.086504561,0.056759437,0.043957969,0.032359512,0.029433648,-0.036136775,-0.030964926,-0.094960414,0.070437447,-0.016330484,-0.065299161,0.017060861,-0.032032418,0.088198055,-0.092585057,0.036987749,-0.013297967,0.014165027,-0.01623287,-0.011852777,0.116836316,-0.069521488,-0.085833361,0.054623349,0.048406544,-0.093516347,0.039439438,0.028765153,-0.040385397,0.111264531,-0.032191516,-0.071644454,-0.09249635,-0.002523908,0.061599715,-0.054184283,0.012133825,0.005116447,-0.123310151,-0.01143366,-0.105691564,0.0757094,0.169119864,0.154332973,0.09439063,0.10798939,0.028574998,-0.038804966,-0.041527762,0.034932404,0.036745185,-0.043978836,0.116668395,0.030046753,0.045941977,-0.091804513,-0.155684618,-0.04023747,-0.011638298,-0.018972727,-0.025734776,0.017869469,2.87833E-05,0.058067774,-0.083360807,-0.033359384,-0.004925677,-0.127305185,0.041922205,-0.151728244,0.179663068,0.043311404,0.016817058,-0.016835902,-0.081045165,0.063442585,-0.142570747,-0.038911804,0.077767305,0.023503979,0.089841202,-0.041905148,0.145895989,-0.030449535,-0.044485886,0.086699079,-0.039760772,0.015283239,0.010773707,-0.069645536,-0.010310015,0.030502051,-0.045186459,0.024686067,-0.001173187,-0.003489884,0.099671939,0.007967168
202,-0.042081706,0.078792895,0.103297202,0.074744841,0.088505817,0.107960432,0.11242288,-0.084233016,0.043234646,0.184055927,0.030336825,-0.007260269,0.097683398,-0.020854239,0.01882527,0.068094062,0.283306188,0.111662197,-0.03955809,0.180020592,0.031567269,-0.042235528,0.088630947,-0.025377642,0.103190786,-0.080926585,0.183711326,0.020608653,-0.000928989,-0.103910545,0.115327791,0.025376961,-0.023600209,0.147918448,-0.080929526,0.025112072,-0.139195751,-0.092069509,0.067894211,-0.116174268,-0.059558998,0.03798089,0.103620922,-0.010163924,-0.031541874,0.140527773,-0.001958763,-0.022988778,0.049395033,0.051670225,-0.127410827,0.141451647,0.038627684,0.094638331,0.058606123,0.076779877,-0.011127512,0.022073967,-0.044411741,0.022723823,-0.003116013,0.109136444,0.040863322,-0.061763563,-0.046030867,0.284191555,0.009134413,0.07997386,0.053444753,0.067176275,-0.121196022,0.089604088,-0.062377858,-0.097179311,0.213384311,-0.007720043,0.053338252,-0.044214807,-0.075157383,-0.015017044,-0.00560264,-0.105953582,-0.054111867,0.05129012,-0.016184401,0.047126419,0.02202639,-0.074694937,-0.104584759,0.019653432,-0.071978119,-0.05109388,0.056123458,-0.051865472,-0.016183503,-0.009287085,-0.029021399,-0.02287029,-0.062934896,0.141216929,-0.015816781,0.157727451,0.22601784,0.037089907,0.071662058,-0.050748324,0.031480269,0.021064138,-0.009184396,0.035027108,-0.131685213,-0.118305683,0.167840909,0.062432902,-0.172500912,-0.085271918,-0.078563758,-0.114359598,0.11179134,-0.152301587
203,-0.012483103,0.021061654,0.049111499,-0.082291751,0.055960967,-0.066628643,-0.042851024,-0.079990192,-0.04449831,0.015993176,-0.008156501,0.032378967,0.035249574,-0.039097585,-0.056943383,-0.028871244,0.007650861,0.049604404,0.096957399,0.054527996,0.003085573,0.096634195,0.132049372,0.115380853,-0.117233008,-0.048303592,0.007860933,0.028821614,0.056585929,0.102824898,-0.035955251,-0.012424235,-0.078892864,0.01766673,-0.085332833,0.162587064,-0.078775422,0.009811172,0.06806952,0.015365844,0.011373093,0.057011679,0.060816562,-0.044485375,0.078644452,0.037563118,-0.043721747,0.062247914,0.035927793,-0.031953486,-0.050482621,0.018566945,0.02240216,0.097173098,-0.027231381,0.096580402,0.062061325,0.068918205,0.089990153,-0.037056686,-0.058350031,0.099705922,-0.127330005,-0.124837552,0.017088766,0.020072614,0.098119815,0.012756719,-0.067589694,0.092424529,-0.169276103,0.023543265,0.13475226,-0.065363955,0.095799542,-0.030177202,-0.020713394,0.000534878,-0.061443933,0.108649234,0.071936409,0.03836429,0.03849428,-0.030997676,0.044560415,0.097422275,0.050368043,-0.006041929,-0.14451318,0.014212903,-0.06534341,-0.103757309,0.228799559,0.039152107,-0.038416168,-0.057213671,-0.030873995,-0.061254874,-0.010843243,0.004565452,-0.049026671,-0.067601843,0.126487331,0.039790611,0.157206073,0.011681989,0.044328707,-0.020543096,-0.06391045,0.070246613,-0.062140125,0.004850018,0.068085778,0.096554442,-0.028112431,-0.057847008,-0.078955321,-0.100500533,-0.075972814,0.006709485
204,-0.021770826,0.113104897,0.024565825,-0.025554399,-0.060875565,-0.039733819,0.045917516,0.013027104,0.004477265,0.00869341,-0.004748102,-0.026845876,-0.076516537,0.046122688,0.019100667,-0.144171285,0.080037703,0.062811932,0.009420687,0.006713632,0.054387028,-0.00430587,0.054211776,-0.000268676,-0.006595354,-0.062501151,0.08970477,0.052760321,0.027512096,-0.083096017,0.005381295,0.025295941,0.009782059,0.065079273,0.010690295,0.000362991,-0.022808721,-0.047788784,0.057986469,-0.009654303,-0.022082438,-0.009730092,-0.007897453,-0.086975799,0.187090411,0.06525481,0.035094815,0.043966269,-0.012152989,0.128687601,-0.02388584,-0.019569319,0.035516656,0.033694785,-0.061428424,0.101475069,0.062358846,-0.022258895,-0.01433004,0.071955793,0.001987965,-0.048607856,-0.069301425,-0.034318093,-0.004478176,0.027013437,0.058295171,0.039328199,-0.020337612,-0.015126458,-0.017340479,0.049877582,-0.032797662,-0.018294825,0.082088104,0.088278047,0.044201605,0.071315571,-0.135380678,0.052297234,0.021330034,-0.00615311,0.069761974,0.028623652,0.006800118,0.052476979,-0.042210316,-0.021686925,-0.062475341,-0.049865082,-0.011392903,-0.023963141,0.070861598,0.045225486,0.011791701,-0.065630092,-0.076603971,-0.049815054,-0.05275033,-0.035976094,-0.03334321,0.06064681,0.084265295,0.022579426,0.037253508,-0.045437358,-0.101860537,0.025901308,0.021486496,0.023430866,0.047378012,-0.032332348,0.009324745,0.029363688,-0.062953909,-0.003602312,-0.027287507,-0.00063614,-0.035551908,0.054298643
205,-0.020863299,-0.025925345,0.01873553,-0.063996905,-0.01538364,-0.003953607,0.02176435,-0.092034076,-0.005265707,-0.061084154,-0.0253863,0.080033365,-0.002799209,0.116938749,0.029997093,-0.053807203,0.085028134,0.021656265,0.056666461,0.046524877,0.02609205,0.052577436,-0.046205352,0.038442286,-0.021418337,-0.069208515,0.017878163,0.140523429,0.023532472,-0.02932757,0.00250825,-0.012848752,-0.048638685,0.204014921,0.006667917,0.131301515,-0.068038583,-0.003005636,-0.057387664,0.029908067,-0.112784773,0.001358469,0.005893661,-0.003402669,-0.03354336,-0.02440689,-0.035953682,-0.073769295,0.012403068,0.00306352,-0.127656798,0.084212729,0.030022479,-0.063795228,0.071856117,0.071004878,-0.027584047,-0.002627468,0.046467765,-0.015654973,-0.043395532,-0.043869643,-0.002215919,-0.026600183,-0.04461879,0.083665848,0.022688905,0.057364501,0.041904649,0.021857047,0.014294458,0.003353459,0.077896099,0.043145248,0.12363957,-0.04682828,0.021608099,-0.052238217,0.026945411,0.005780294,-0.062287732,0.069376042,-0.046234497,-0.044931437,-0.028444919,-0.001891362,-0.051267618,-0.085783944,0.015581374,0.04650944,0.005803053,-0.004518078,0.056844033,-0.020308597,-0.060350257,-0.024545472,-0.00593939,0.039134991,0.001717654,-0.048486318,-0.004582543,0.015111377,0.033137529,-0.029182226,0.070309781,0.095851862,0.04248415,0.022524775,0.112144791,-0.050701974,-0.01052594,-0.077497494,-0.025093494,0.044887289,-0.088261263,0.029842208,0.012194088,0.04019937,0.02106876,0.045477722
206,0.018223847,-0.005152234,0.088502576,-0.07822833,0.07595097,-0.024805193,0.131337493,-0.022381251,0.062480189,0.072853528,0.066035913,-0.129195763,0.007438702,0.010047212,0.023414029,-0.070772861,0.195951348,0.21104081,0.073406431,0.152753568,-0.008877599,0.043692812,0.046310757,0.00665007,-0.018493847,-0.090063723,-0.008411542,0.062427179,-0.045146472,-0.060308332,0.129875179,-0.000896918,-0.145005041,0.123333144,0.087148966,0.089791818,-0.040432149,-0.041742579,0.064064366,-0.108074973,-0.059694071,-0.053821185,0.207980341,0.005551395,0.039912342,0.097443516,-0.033882883,-0.023194088,0.000940299,-0.007162132,-0.085284452,0.111041849,0.090343493,0.009629189,0.125541833,0.038899962,0.01487506,0.170087954,0.053556209,0.12319816,-0.052452322,0.001082053,-0.03139005,0.032088183,0.085106038,0.205608549,0.081979622,0.016591828,0.084510462,-0.071617443,-0.082817413,0.001617376,-0.069287073,-0.088935536,0.164224543,-0.049004832,-0.07334787,0.050789026,-0.119744341,0.053911559,-0.003145529,-0.115113117,-0.052976036,0.004450887,0.162392657,0.101985449,0.014013613,-0.095268826,-0.038512265,-0.104294656,-0.034367743,-0.072691076,0.018853652,-0.061074706,-0.021245219,0.058677594,0.0319149,0.020722151,-0.059886049,0.02253683,-0.057237707,0.003912571,-0.004012932,0.008588881,-0.057824528,0.001769053,0.039199933,-0.023313041,0.046349976,-0.065551344,-0.079494809,-0.161287305,-0.013267129,0.012846751,-0.02047424,-0.031187832,-0.034576735,-0.138631518,-0.051800454,-0.01015548
207,-0.021540929,0.028326024,-0.086907499,0.042415338,-0.003738275,0.02441538,0.034362316,0.056759763,-0.051722486,0.027260349,-0.056399877,-0.063999552,0.131751253,-0.005313442,0.133703503,0.091983464,0.027405284,0.204627696,-0.014725036,0.010828536,-0.016052458,-0.08055838,0.02259308,0.01466229,-0.0293577,-0.005218703,0.054915505,0.069079972,-0.00662491,-0.09701687,0.059530722,0.008662125,-0.050887357,0.069565014,-0.069529266,0.083615157,-0.067219844,0.029026334,-0.03685644,0.020800477,-0.085941321,-0.03777469,0.019670127,0.015136443,-0.064778635,-0.004242754,-0.05018888,-0.035975635,-0.032048489,-0.037840594,-0.014816437,0.115817305,0.068001492,0.01118671,0.054363915,0.191354608,0.069077992,0.097988096,0.005428339,-0.00079717,-0.028244046,0.030803966,-0.0154156,-0.013961428,-0.111585815,0.147225096,-0.034189406,0.047885202,0.056285985,-0.010981216,0.081122651,-0.004382402,0.113680317,-0.059079681,0.093317982,0.040463467,0.047415089,-0.012215772,-0.08356857,0.105240361,0.050142766,0.067532801,0.025243842,-0.055874467,-0.027537527,0.026986822,0.026108304,-0.037701186,-0.076068217,0.01307011,0.126742815,-0.050586528,-0.062691156,0.012852341,0.021785105,0.003129342,-0.006686293,0.043417239,-0.026968783,-0.051224057,-0.016073318,-0.011794303,0.091060385,0.01213252,0.099470969,0.001482768,0.019162454,0.086169337,0.047812218,0.02844759,-0.009940665,-0.175831628,-0.037527153,0.007064861,-0.139767664,-0.017827984,-0.043426292,0.003638719,-0.088247964,0.094525184
208,-0.012257911,0.074217841,0.110077107,0.020560811,0.024376133,-0.053146071,0.073169716,-0.055686675,-0.030710592,0.037872733,0.024483527,0.03873365,0.072165714,0.036266138,0.006548417,0.017851885,0.210053434,0.131174726,0.029528153,0.095809252,0.004818035,0.069370462,-0.11756515,0.060360562,0.005169323,-0.057371536,0.195733431,0.101250862,-0.029349322,-0.143784795,0.072409266,0.047493907,-0.057554854,0.16742821,0.000691626,0.077077379,-0.013215972,-0.00854856,0.028440348,-0.137435798,-0.046467552,0.050235206,0.066957693,0.130973776,0.042035821,0.053164234,-0.040659232,-0.098746121,0.153544225,-0.072580669,-0.111817314,0.112720322,0.042257161,0.035981529,-0.007623335,0.188837432,0.04667988,0.059999471,0.19176797,-0.034412427,-0.055527582,0.13960379,-0.138145061,-0.052504481,-0.019452826,0.240896264,0.118508674,0.114311373,-0.038371246,-0.061747328,-0.052354879,-0.04411181,0.147389977,0.052999509,0.249411905,-0.128138503,-0.018310748,-0.103728358,-0.132230737,0.08532526,-0.071462016,-0.007043747,-0.033826076,0.009952624,-0.087685391,0.07019839,0.049312152,-0.084792634,-0.16387634,-0.096619642,-0.124245694,-0.105925188,0.142101329,-0.08433852,-0.066897075,0.098841127,-0.053299954,0.222104945,-0.081098046,0.055057725,0.052782938,0.061723975,0.090598132,0.119510403,0.028372867,0.019375914,0.005859512,0.024329277,-7.8121E-06,-0.136047532,-0.048533281,-0.104738336,0.045665301,0.07919369,-0.18169359,-0.10411194,-0.008149587,-0.154373992,0.086048044,-0.080434931
209,0.016056781,-0.016220916,0.097257628,-0.043429945,-0.038365641,-0.026597607,0.047637792,0.049329976,0.005694147,0.049758446,0.065119575,0.179990016,-0.080544728,0.057748447,-0.019095537,0.032280988,0.101262402,-0.025595163,-0.039990544,0.0248245,0.05184651,0.026791056,-0.082317565,0.015581454,0.025377713,-0.127396934,0.035643222,-0.023043159,-0.008421468,0.007639827,0.042029478,0.047209555,-0.019224816,0.079080284,-0.042419014,0.090040242,0.012249927,0.097988866,0.016620735,0.012010644,-0.049281721,-0.039506911,-0.010881989,-0.01372194,0.012155163,-0.035249654,-0.097131474,-0.145810745,-0.0111614,0.024564945,-0.03874334,0.068995085,0.085204788,-0.047298546,-0.077395224,0.025318808,0.07225123,0.126312852,-0.06730377,-0.009000244,-0.025257268,0.044127484,0.079036213,-0.058667473,-0.003924415,0.195034874,0.090000718,0.127145109,0.025583454,0.031254656,-0.017398654,0.064221305,0.008710262,-0.006978727,0.047803014,-0.09151444,0.103566003,0.046541293,-0.063126743,-0.018543647,-0.019897755,-0.002274584,0.063218282,-0.02167659,0.083527068,-0.036110273,-0.001851435,0.021994838,0.078807872,0.028438929,0.073196783,-0.096734385,0.057737472,0.001165934,-0.128659561,0.047140303,0.013281764,0.017473438,-0.066368777,-0.015947603,-0.027005797,0.026179914,0.044978456,-0.00431286,0.055634763,0.018172829,0.020381558,-0.00746434,-0.000999734,-0.006066316,-0.006787905,-0.08864822,-0.046809007,0.022920999,-0.086954686,0.004615226,-0.033810714,0.042804411,0.108017506,0.050498594
210,0.030396862,-0.078216316,0.09554636,-0.059877411,-0.007319873,-0.033585358,0.084323061,0.010195627,0.062257078,0.059993437,0.039193804,0.002731855,0.085636092,0.011113001,0.064039199,0.037765296,0.196655374,0.292915669,0.147762241,0.166879836,-0.020135867,0.033266952,0.077387982,0.010100699,0.033411087,-0.084174619,0.110093307,0.023689228,-0.014457324,-0.066165309,-0.006483017,-0.055888248,-0.032584979,0.139966474,-0.052608708,0.193097238,-0.096730569,0.039816747,0.018826524,-0.028358993,-0.02248376,0.133829483,0.012673347,-0.111325812,-0.007551095,0.143903818,-0.111642011,-0.052004904,0.09741997,0.016441949,-0.123253973,0.254434678,0.079834285,0.035022574,0.017417914,-0.009808013,0.113583922,0.214756364,0.170390724,0.111541368,0.131081436,-0.027616941,0.030160332,0.042350587,-0.056490873,0.265524028,0.040650879,0.134189085,0.019138631,-0.048971482,-0.13131733,0.018499335,0.032961765,-0.12758928,0.290172586,-0.034841819,0.016327072,-0.047177002,-0.083237452,0.014707887,0.009462596,0.116221914,-0.009904874,0.094572047,-0.034080279,0.071876629,-0.011360595,-0.006267024,-0.243688028,-0.029035394,-0.057339217,-0.042863783,0.128602476,0.073447206,0.015014011,0.000690082,-0.02693086,0.034530282,-0.122849848,-0.017213786,-0.02608178,0.017242666,0.143744607,0.028111759,0.041796616,-0.02299064,-0.01307736,0.091388493,0.030970908,-0.063134069,-0.044821252,-0.034955536,0.055619677,0.081672064,-0.056562535,-0.006468558,-0.032594181,-0.026037028,0.157918904,-0.064520696
211,0.013564349,0.045162321,0.03013473,0.059810255,0.023561718,-0.034969024,-0.044910183,0.04219462,0.060784195,-0.001574442,0.007626495,-0.039757409,0.020796056,-0.003404675,-0.051787499,-0.105242888,0.010580285,0.130919078,0.122066856,0.137781262,-0.06520208,0.038129703,-0.015435747,0.15538015,0.026683346,0.023041677,0.101626226,-0.08675867,-0.009848868,-0.083418941,-0.029877006,0.034049683,-0.084391536,0.183758378,0.02847095,0.048940846,-0.023310469,-0.044998584,-0.010882632,-0.055066987,-0.146544338,0.016102087,0.016188152,0.103285189,-0.005044636,0.040242416,0.02697792,-0.027426358,-0.012963557,-0.060004451,-0.068059785,0.168293875,-0.075214816,-0.024885027,-0.033924452,0.061355618,0.087245472,0.071898319,0.002364724,-0.094726426,-0.07111619,-9.90751E-05,0.00983143,0.05468055,-0.033380185,0.069047468,0.065844098,0.035297292,-0.087481501,-0.028082343,-0.064960831,0.055514984,-0.015630233,-0.088951379,0.18184723,-0.068252058,-0.019716195,-0.030005785,-0.159830674,0.13966017,0.045036301,0.041775979,0.006433698,-0.032332285,0.060561615,0.173885893,0.044304217,-0.077295443,-0.081737276,0.047186219,-0.038860424,-0.127967183,0.148849206,0.153688199,-0.041765818,-0.019975301,-0.035193666,0.083422634,0.009602617,0.047399965,-0.023461102,0.069968239,-0.022104332,0.107982694,0.078295857,0.043478574,-0.018946092,-0.014107325,0.027906559,-0.057287935,-0.027999325,-0.07719868,-0.021064255,0.161999734,-0.015044092,-0.029642878,-0.043898338,-0.093236087,0.071596024,0.01034625
212,0.028562963,-0.07632975,0.176310612,-0.067608329,0.023960067,-0.072134204,0.04750548,-0.021364285,0.002184884,0.020372796,0.001706905,0.039770804,0.093690007,-0.037460821,0.030802236,0.059447614,0.0882989,0.039054231,0.068633027,0.021426386,-0.058171665,0.100439224,0.073985712,0.007987028,0.001139923,-0.015548936,0.179603165,0.108738021,-0.039469287,-0.162756287,0.032413586,-0.049990752,-0.070260163,0.0981697,-0.021615981,0.12446049,-0.108373539,-0.043069275,-0.040889443,-0.083013409,-0.009327249,-0.000855742,0.008808312,0.019971206,0.109851754,0.140981049,-0.018653631,0.065696431,-0.001545553,0.00382451,-0.105472586,0.087021422,0.165311814,-0.107791782,-0.068350313,0.032507309,0.121563348,0.055021327,-0.009800101,-0.029807023,-0.049994959,0.08204319,-0.111944668,-0.123102505,-0.085175747,0.196553943,-0.082445733,0.06654158,0.021295905,-0.099733003,-0.068598283,0.008065803,0.04631118,0.026537781,0.283589795,-0.112990485,0.003652988,-0.047890912,-0.125359541,0.089301713,0.057230569,0.038529528,-0.005056073,0.014686061,0.031566337,0.057563156,-6.11495E-05,0.001250941,-0.155666882,-0.117735113,-0.020859598,0.067805538,0.117210942,-0.023255084,0.097975065,-0.099574581,0.010310463,0.113729136,-0.009048557,-0.014834592,0.015037438,0.120740776,0.225566375,-0.015899103,0.141026516,-0.012326074,-0.010318775,-0.006777318,0.024925361,-0.025632954,-0.079054247,-0.07106321,0.090728332,-0.014097844,-0.05216119,-0.033975921,0.05266512,0.024083815,0.0480759,-0.082382482
213,0.032193969,0.056167796,-0.01384577,0.028049362,0.029488828,-0.06985985,-0.05194206,-0.085614653,0.010063762,0.068526347,0.08679131,0.031569109,-0.034583537,-0.016956057,0.088573363,0.086859784,0.098827658,0.192261626,-0.042296334,0.097871296,-0.020229949,0.025267717,-0.074055854,-0.075153805,0.019685396,-0.073024335,0.084329665,0.036762915,-0.025560403,0.010654311,-0.021780349,-0.087212391,0.011275186,-0.006665006,-0.037351261,0.037123688,0.054962701,0.033766617,0.009466185,-0.086908522,-0.097886097,0.03446634,-0.017192406,0.035413002,0.018424526,0.019787781,0.054629361,0.002442904,0.027946806,0.000733062,-0.013228083,0.133015663,0.083611562,-0.006307325,-0.000278871,0.009249515,-0.00627115,0.131517839,0.02612007,0.071259642,-0.028168794,0.112290323,0.007249386,-0.107624636,0.059584553,0.17218733,0.045474438,0.023433264,-0.047820021,-0.025490553,-0.008081112,0.072160006,0.06062398,0.046696632,-0.009936087,0.015918192,0.028059698,0.006340236,-0.07740184,0.065644774,0.047331681,0.13461083,0.021757166,0.078668085,0.056000132,0.140917609,-0.020935912,-0.066114339,-0.094675234,-0.021138033,-0.086379357,-0.027956319,0.018546109,-0.076907268,-0.034674926,-0.021798745,-0.102465848,0.076611383,0.058782918,-0.002906114,-0.089065285,0.040206368,0.064962008,0.117084922,0.090924904,-0.030819977,0.005347428,0.037200987,0.105867463,0.010317792,-0.111601918,-0.037438921,0.031262036,0.007669466,0.002948767,0.036939064,-0.090820959,-0.125957075,0.09706183,-0.018811794
214,-0.077254849,0.038519252,0.011641982,0.030247255,0.095529958,-0.004048794,0.180106928,-0.0424953,0.020803284,0.079952264,-0.043899809,-0.032528921,0.04810587,0.197627527,-0.036306332,-0.040609683,0.139775322,0.16285126,-0.01522055,0.11289213,0.013331361,0.054903696,-0.018191474,-0.048966173,-0.023440717,-0.103626664,-0.016181881,0.067601547,-0.076239621,-0.055300035,-0.020558847,0.040085531,0.052113174,0.156184816,-0.081525597,0.073848127,-0.028459335,-0.032790298,-0.004030077,-0.033577798,-0.101144558,0.001345919,0.085597722,-0.062552135,0.069005243,0.017357346,0.028224403,-0.085310886,0.070905178,-0.006674521,-0.103854438,0.166591486,-0.027091034,0.06818128,-0.009326326,0.100328894,0.179086623,0.060613702,0.145745757,-0.016259059,-0.113441136,0.060981593,0.045606777,0.084753506,0.03906789,0.17998274,0.128794927,-0.011110462,0.027125857,-0.061606962,-0.006339985,-0.047074284,-0.015517817,-0.031272781,0.292599092,-0.162975746,-0.016145834,0.03765367,-0.066252852,0.022705836,0.045214511,-0.016412046,0.0868156,0.016400451,-0.044307664,0.146400584,-0.144529785,-0.00213542,-0.104257566,0.045296683,0.00629042,-0.044329926,0.148338846,0.032098851,-0.056421747,0.072811719,-0.030799076,-0.008315888,-0.05884317,0.070629449,0.009536446,-0.041345483,0.037384551,0.070581954,0.184133824,0.081084573,0.145040969,0.040001044,-0.00219791,0.037342741,-0.06110789,-0.078884977,0.031026535,0.038304118,-0.079245914,-0.054243233,0.05301857,-0.060260772,0.10752016,0.064344296
215,0.002544448,0.075017416,0.179338885,-0.018664896,0.064491456,0.009833819,0.138141382,-0.092296644,-0.020741251,-0.025357309,-0.019361017,-0.04958157,0.030585756,0.007848338,0.026012831,-0.067077892,0.13369441,0.102817713,0.090624909,0.08366268,0.019264276,0.012565557,-0.082391056,0.041283984,0.132409273,0.048751554,-0.041619944,0.024118443,0.045417695,-0.081810361,0.136835609,-0.04307342,-0.023311486,0.134143082,0.049045113,0.012025597,-0.01652073,-0.120858049,-0.108767993,-0.135077661,-0.068700709,-0.050480137,0.013537033,-0.057545697,-0.128505581,0.145105027,0.000793609,0.049535787,-0.010660027,0.094505558,-0.079198774,0.033073314,0.03026599,-0.087822283,0.03183455,0.134484273,0.117231684,0.17537999,0.050084301,0.021082086,-0.039162983,0.019917586,-0.023851167,-0.083263013,-0.037122248,0.159131403,0.069580052,0.029769442,0.05463071,-0.010278006,-0.02580576,-0.044266737,0.010598108,-0.120761602,0.11140503,0.023250683,-0.087472308,0.065172107,-0.116449503,-0.029097465,0.052261233,-0.004829937,0.103977051,0.13666913,0.02020881,0.139679508,-0.076456684,0.049181023,-0.064010505,0.068074862,-0.050938641,-0.002801891,0.12534467,-0.017442608,0.052091762,-0.050006612,-0.04909675,0.02442444,0.03812725,-0.027500651,0.035414038,-0.110516484,0.106355028,0.099114868,-0.082170585,-0.063244683,-0.059832657,-0.002887345,0.066683136,-0.057616385,0.011594031,-0.098772451,0.036548116,-0.002938645,-0.073649762,-0.116532271,-0.017925535,-0.130937734,0.028558723,-0.089200406
216,-0.093636909,-0.063999712,0.124996301,0.006339092,0.001710418,-0.071471036,0.062348908,0.013127326,0.041421281,0.152055467,-0.048827487,0.08099646,0.007037747,0.017800567,-0.009304749,0.0515229,0.137159629,0.137801454,0.034529309,-0.002476824,0.065902723,0.058411864,-0.054429054,-0.028532647,-0.078959877,-0.100739114,-0.036189757,0.034994348,-0.020247114,-0.082304206,0.060664536,-0.044512414,-0.132761956,0.119502707,-0.001835262,0.18660816,-0.075549148,-0.093138051,-0.029373376,-0.150773567,0.017850496,0.007867729,0.144721834,-0.045442334,-0.111234151,0.086282441,-0.069412176,-0.085410418,0.145394012,0.068271372,-0.151551719,0.130984852,-0.040665319,0.018543596,-0.04920032,0.174930007,0.190534496,0.050729591,-0.004291409,0.011942233,0.027361659,0.044759661,-0.043505465,-0.082226941,0.055115012,0.252315828,-0.008380463,0.091953008,-0.050498969,0.10931517,-0.119914269,0.089272761,0.053301595,-0.000760108,0.371548619,-0.029098703,-0.057689263,-0.043381816,-0.102061468,0.025513538,0.017450826,0.018589915,0.003369519,0.022199917,-0.052705555,0.079920174,-0.073509076,-0.083546801,-0.165349696,-0.04011174,-0.04478169,0.033509315,0.146441506,0.015877112,0.057750386,0.01379271,-0.044694347,0.065671296,-0.053538578,-0.008435079,0.013294143,0.098098151,0.084740077,0.005134943,0.104347269,0.046444177,0.041653138,-0.027159642,0.085019551,-0.065098193,-0.076394774,-0.117867654,-0.013359806,0.013685927,-0.087666151,-0.023756371,-0.082192756,-0.061993304,0.0442826,-0.053437812
217,0.009795486,0.051745811,0.054442523,-0.04111143,-0.017056313,-0.052920821,0.14291542,-0.018374109,-0.063860292,0.175089086,-0.049979253,0.016296835,0.092478789,0.012984576,-0.015060144,0.064116066,0.113068687,0.139133298,-0.008078329,0.061826584,-0.099905369,0.079983132,-0.090204479,0.122378329,0.036403185,0.00302864,0.051947178,-0.00309578,0.012083657,0.008833031,0.166866071,-0.012887145,0.002728033,0.12039488,0.008107296,0.059395862,0.048190989,-0.051637423,0.042902295,-0.021727586,-0.039195252,-0.023275048,0.110118981,0.053451318,-0.102028945,0.122756195,-0.052727005,-0.032331741,0.056016554,-0.027880442,-0.104535181,0.122261721,-0.064132383,0.071286249,-0.059432948,0.00419601,0.058142001,0.163892132,0.044006592,-0.043471574,0.03287837,0.102348695,-0.018947668,0.063774461,-0.031459058,0.134563554,0.014491116,0.034035734,-0.192680476,0.020608617,0.002610736,0.09253731,0.003775569,-0.000497442,0.221060488,-0.050193816,-0.023032329,-0.05574762,-0.101979286,0.031143002,0.024928862,0.075378412,-0.084416033,0.007467441,-0.044263375,0.007987451,-0.059839311,-0.020268322,-0.032459754,-0.094049602,-0.089876028,-0.093367802,0.240609003,0.101494324,0.05935453,-0.070738316,-0.081119829,-0.041773959,-0.059322675,-0.063888995,-0.031581752,0.007932497,0.002143262,-0.013471395,0.113075305,-0.075707989,0.030153072,-0.018183268,-0.042862575,-0.044209632,0.004728543,-0.145111821,0.031192793,0.070084694,-0.07594173,0.001429578,0.058931789,-0.007058467,0.045278105,-0.105437357
218,-0.065247291,0.08738908,-0.012857812,-0.056276785,0.068792826,-0.066676175,0.156991622,0.002636403,-0.003615371,-0.01432412,0.00835534,-0.01396537,0.066462004,-0.049428824,-0.002009833,0.013474389,0.018355208,0.136972874,0.085870562,0.091298038,0.045980185,-0.002086489,0.027979713,-0.092668299,0.071767961,0.04668937,0.121862554,0.051950896,-0.051834013,0.016438539,0.02950012,0.009629455,-0.083323774,0.179602958,-0.032301942,0.073923603,-0.032583366,-0.004723082,0.048046804,-0.137565931,0.039414079,0.000633954,0.068586995,0.010959397,0.061003577,0.081362576,-0.09033062,0.044033018,-0.009857322,0.024231043,-0.081533566,0.081273217,-0.043425608,0.008002781,-0.007955666,0.11517478,0.219009073,0.098850698,-0.023628851,0.028223985,0.063146736,0.02411687,0.079185085,-0.057746064,0.086737788,0.046729292,-0.071316542,0.005486927,0.072442775,-0.06828567,-0.037891967,0.04211174,0.010387133,-0.037524796,0.153343476,-0.080755569,0.014671032,-0.047867281,-0.140337235,0.040558011,0.014783764,-0.035702026,-0.066883493,0.104666139,0.131754361,0.04424444,-0.028474792,0.12161591,-0.102398033,-0.143007602,0.053125076,-0.04007862,0.016996049,0.110341316,0.089981407,0.069032322,0.004856787,0.021465576,-0.052775324,-0.030067949,-0.033184984,0.059462535,0.086898586,0.052495987,0.122043704,0.123837829,0.049748855,0.042284759,0.028551037,-0.054329302,-0.020002545,-0.015238054,-0.001315469,0.054125632,-0.027176633,-0.013463821,-0.099690942,-0.132895559,0.002532842,0.010259902
219,-0.059474874,-0.067497459,-0.002125569,0.045060031,0.114833374,-0.032538317,0.113637838,-0.092278788,0.041208938,0.018552865,0.005849907,0.02393137,0.013252618,-0.003539695,0.028919305,-0.082922931,0.011099184,0.045040138,0.078930014,0.119815323,-0.022619828,-0.041254057,-0.050331219,0.000337963,0.002630553,-0.0254086,0.151319256,0.143296108,-0.04586003,-0.097480868,0.115590855,-0.106058739,0.029546205,0.178478746,-0.081897679,0.043132366,-0.012991121,-0.067445392,0.036437546,-0.046673527,-0.063928954,0.050156195,0.015807626,0.007282759,0.00049497,0.052946203,-0.025878194,0.164470081,0.009666383,-0.027417375,0.007937324,0.09168235,-0.035193004,0.020312877,-0.063384471,0.024392531,-0.0526568,0.07583077,0.038279167,0.021374909,0.09015346,0.082742236,0.043169763,-0.051957352,-0.037100307,0.1597719,-0.043375845,0.039895164,-0.012513906,-0.038895514,-0.072163727,-0.045063368,-0.023925002,-0.036320788,0.306313296,-0.021820069,-0.046473296,-0.048697118,-0.144208179,0.040455393,0.056232849,-0.053969488,-0.000892959,-0.005725461,-0.097274686,0.160989467,-0.008294303,-0.052929375,-0.067716288,-0.058716264,-0.098436654,0.016470553,0.02402353,-0.001915517,-0.015152193,0.009575245,-0.034505724,0.071673549,-0.038585083,0.016944083,-0.014567299,-0.034166297,0.132736128,0.086916783,-0.038435389,-0.040769222,-0.046341495,0.068232855,0.072670304,-0.043238583,-0.017886305,-0.158724817,-0.05017425,0.066264288,-0.18214473,-0.155007901,0.040741763,0.084667334,-0.037090972,0.015490556
220,0.029190922,-0.06184777,0.095193422,-0.035126923,0.067859207,-0.124716754,0.114412938,-0.0322854,-0.018048707,0.146674947,0.01009581,-0.01043123,0.035217434,0.056521241,0.003307025,-0.04563175,0.11539341,0.109226878,0.044745095,0.152029864,0.051727384,0.120947962,0.008017272,0.095586819,0.04116621,-0.006755849,0.071884898,0.10473291,0.007713696,-0.132097331,0.046453955,-0.086265134,-0.006215425,0.216586624,0.017528638,0.139214688,-0.052208541,-0.043701494,-0.02323933,-0.136096926,-0.132847343,0.048811684,0.073608319,0.018588327,-0.000114108,0.021817836,0.042989261,-0.048852048,0.160940585,-0.038239032,-0.018336745,0.053890336,0.061824256,-0.036835816,-0.033584945,0.041403443,0.015688766,-0.031837327,0.073189088,0.100413658,-0.063582973,0.051041427,-0.076525168,0.069575614,0.047628951,0.112448681,-0.011654453,0.033286752,0.001289547,-0.005792055,-0.131254336,0.001442409,0.054427119,-0.020725462,0.269871341,0.004183118,-0.047012318,-0.065850543,-0.124992129,0.031912943,-0.050992591,0.020952554,-0.018283344,-0.057838358,0.034194428,0.040789342,-0.038075247,-0.038451376,-0.074198849,-0.024096261,0.006031218,0.01216186,0.039495717,0.079628255,0.004450828,-0.04952725,-0.066274862,0.0759311,0.036562143,0.000762685,0.042293055,0.097934338,0.128769789,0.059198928,0.088522275,-0.04963935,-5.07703E-05,-0.075529503,0.001543045,-0.004169088,-0.015961947,-0.151368314,0.038684122,0.060640647,-0.102210108,-0.062505384,-0.042047504,-0.16690169,0.095971509,0.02236915
221,-0.003384896,0.101813238,-0.009021704,0.094952684,0.208744506,0.035463952,0.068238865,0.006991538,0.018488,-0.019628686,0.07889444,0.025704607,0.051255911,-0.027797526,-0.031281408,-0.020262255,0.190177633,0.100519357,0.033385878,0.016554916,0.033196288,0.020144151,-0.051615993,0.039194546,0.031993368,-0.050170434,0.15521057,0.024219186,-0.000215655,-0.052261309,-0.042210017,-0.028283965,0.034645415,0.014622226,0.017316331,0.142687322,0.001208503,-0.039511784,0.004073163,0.047545216,-0.001464504,-0.022060619,0.106369092,0.0757025,-0.091242505,0.036015631,-0.034744757,0.067345985,-0.029307435,0.06092066,-0.048696592,0.156047471,-0.003091454,0.099711742,-0.032282672,0.08651512,-0.023975984,0.04888962,-0.025055798,0.136665553,0.105948563,-0.018149107,-0.044272967,-0.139796297,0.005520987,0.12460145,0.024814632,0.058613377,-0.08358483,0.023211696,-0.02490298,-0.033227948,0.085086218,0.043944821,0.241665949,-0.089145477,-0.013378834,-0.000229539,-0.143143693,0.060594121,0.045027111,-0.030807161,0.004079147,0.038055277,0.015819441,0.230258269,-0.013225207,-0.162380309,-0.098240154,0.005770512,-0.031893829,0.045226829,0.155379642,-0.005446339,0.020657864,-0.107810355,0.077799009,0.065821443,-0.092148945,-0.070437222,-0.029645172,0.031783643,0.177249929,0.063947482,0.121417397,0.050592105,0.02366031,-0.035689592,0.017662963,-0.117130313,0.022271109,-0.052450788,-0.034976998,0.180623252,-0.125808725,-0.031819491,-0.067866696,-0.130718042,-0.044306222,-0.089556184
222,-0.048436782,-0.0510064,0.036539006,-0.017482107,0.091387928,0.022219883,-0.00632049,-0.007085316,-0.022842257,0.073627661,-0.0223658,-0.043857782,-0.073707207,-0.007050604,0.015729657,-0.101194758,0.024952837,0.039939136,0.077546337,-0.012865483,-0.005734446,-0.02236721,0.045625898,0.012883632,0.003168786,0.093257777,0.096944196,-0.011291732,0.114307034,0.080033035,-0.109175799,0.026264442,0.075442958,0.050167139,-0.027930998,0.040206599,-0.032595771,-0.015829778,-0.031416473,-0.081501817,-0.040137149,-0.050671815,0.01995522,0.063904322,0.057463893,0.017554446,-0.031842248,0.033130132,0.025185116,0.044294626,-0.039582937,0.041529726,-0.064085726,0.027452618,-0.038913142,-0.075366638,-0.042125295,-0.004400928,0.053862478,-0.083997443,0.035830199,-0.058663153,-0.00428254,-0.015180519,0.036867094,0.063471972,0.014600483,0.069865624,-0.029710384,-0.119532712,-0.006074173,-0.038369972,-0.045399258,-0.008342918,0.068347171,-0.071157854,0.01625879,-0.023448751,-0.068032621,-0.010407287,-0.099887585,-0.092843753,-0.000348387,0.028674881,-0.028875767,-0.025831496,-0.034097939,-0.02942328,-0.147663469,-0.000602142,-0.075746842,-0.071235505,0.086277801,0.089208905,0.025053896,0.046456501,-0.1287768,-0.012817995,-0.111063843,0.005486612,-0.020521097,0.008396057,-0.072321184,-0.028299229,0.037795763,-0.054732128,0.05452927,-0.031761039,-0.026834312,0.039771546,-0.107668735,0.044828637,0.020332988,-0.043973344,0.078290518,-0.084675351,-0.03028778,0.048024347,-0.004433349,-0.020354664
223,0.016160615,-0.062610307,0.123059771,-0.082026363,0.132399001,0.013747456,0.063498328,-0.004184269,0.0166462,-0.025091933,-0.097681523,-0.028237866,-0.015747831,-0.007989381,-0.014513739,-0.004348909,0.179613415,0.119673578,0.010044367,-0.011992591,0.07452682,-0.016645287,-0.109688362,0.047028616,0.013329443,-0.094860829,-0.008622192,-0.073636806,0.072278636,-0.007001354,0.09762795,0.035735106,-0.043445246,0.03089046,-0.037356619,-0.006042555,-0.007643709,-0.01309827,-0.014806639,-0.175730951,-0.018584366,0.075210757,-0.003521638,0.208574344,-0.012210298,0.06756745,-0.031685565,-0.052595056,-0.029331033,0.006741529,-0.027587197,0.1111738,0.001326598,-0.00582509,-0.076589801,0.051897958,0.008734126,0.041042741,0.079626582,-0.011669699,-0.013712161,-0.043653957,-0.011579083,-0.05289053,-0.081757718,0.169809941,0.157685275,-0.00648181,0.107665076,0.047230325,-0.045675545,-0.015376918,0.040119112,0.038757261,0.106086002,-0.055920429,0.107457234,-0.031618136,-0.082651053,0.01660261,0.124180234,-0.072376799,0.046291346,-0.073707293,0.02926887,0.00643189,-0.02025207,0.024897603,-0.193198665,-0.097540315,0.119712453,0.014847719,0.004505824,0.06990274,-0.043616328,0.037843051,0.164125728,0.012789602,0.02275585,0.044841645,-0.011513734,-0.013050771,0.034975104,0.036585293,0.01588429,-0.026679345,0.021607094,-0.031311717,0.131378352,-0.027415734,-0.041398593,-0.05851917,0.036429912,0.012553631,-0.029323774,-0.040593654,-0.008732136,-0.076451929,-0.032136783,-0.03464176
224,-0.052847443,-0.130161187,0.073021495,-0.079627063,-0.019239486,-0.051006536,0.24837487,-0.040508997,0.029249732,0.081451,0.018190534,-0.015033243,0.077582331,-0.072209334,-0.020481737,-0.082770101,0.194019562,0.113282508,0.079883056,0.088008293,-0.004482497,-0.005826521,-0.099543119,0.033093375,-0.089624399,-0.012191482,0.053381432,0.045440554,-0.030498946,-0.107297455,0.031782034,-0.009250554,0.015049837,0.148129717,0.028719818,0.023619473,-0.020830447,0.005168365,-0.01912275,-0.079959984,-0.030458237,0.133000497,0.119810441,0.011995784,0.066107845,0.096318204,-0.051835798,0.014768523,-0.039700092,0.024601719,-0.104980953,0.006641954,-0.122000819,0.005936888,0.06535142,0.091050672,0.069552212,0.054940758,0.135942828,0.050804573,-0.05839004,0.015367374,-0.004505368,-0.060461317,-0.122042516,0.244592922,0.063615523,0.044259079,-0.082576273,-0.071644835,-0.025457828,0.010876505,-0.041499535,-0.04036187,0.329204115,-0.009443129,-0.042808877,0.102509384,-0.130318663,-0.024755206,-0.022773258,0.053885058,-0.025301023,-0.043241002,-0.038320485,0.085130513,-0.052615337,-0.011109514,-0.122374901,-0.101139507,-0.015343581,-0.093315242,0.110147948,0.057732972,-0.011948313,-0.007305749,-0.022579436,0.060420114,-0.112597665,-0.057821051,0.034950612,0.024516477,0.059301976,-0.010845595,0.105879646,0.013034965,0.022840137,0.071539845,-0.045018255,-0.137498188,-0.126274752,-0.120684108,-0.04328216,-0.031931363,-0.147461744,0.035563366,-0.005066758,-0.11641239,0.047680219,-0.080194436
225,-0.0521537,-0.053074817,0.034844048,0.02781314,0.158719701,-0.121229428,-0.002897903,-0.000792529,0.057978405,0.074168401,0.07113251,-0.019120044,-0.058527658,-0.046720392,0.116357365,0.070775646,0.082305315,0.182155786,-0.025447296,0.018301181,-0.025439134,0.007154471,0.075196499,0.010494732,0.012231521,-0.059712287,0.15647163,0.096892539,-0.121283744,4.21022E-05,0.086554656,0.050159803,-0.01852837,0.073692456,0.088517399,-0.010727603,-0.075861492,0.057098229,0.011664594,-0.052847528,0.034212662,0.041740053,0.05588774,0.071971637,-0.033298929,0.086427476,-0.019236435,0.036434688,-0.029964307,-0.000620336,-0.154219215,0.141804921,0.068549374,-0.042868759,0.01013293,0.084180064,0.018219178,-0.007553543,0.05352438,0.019326197,-0.004178324,0.04174244,-0.018096045,-0.092945204,-0.097332279,0.069531486,0.012262828,0.065501527,-0.046950569,-0.002778977,-0.000266689,0.064966085,0.069557887,-0.03547373,0.190172593,-0.066287322,0.082678699,-0.043419142,-0.02796909,0.007075742,0.003634717,-0.04620586,-0.024547823,0.058031537,0.002707208,0.04480607,-0.038758871,-0.023440266,-0.060497116,-0.054354278,-0.02323558,-0.121032437,0.071483967,-0.020280423,-0.050235479,-0.050069206,-0.102234273,0.05841191,-0.020915958,-0.059965531,-0.019513792,-0.006886958,0.031396902,-0.045773192,0.14482282,0.026462899,0.007084578,0.17909272,0.047948231,-0.015462549,-0.120710648,-0.021573748,0.097935105,-0.015545249,-0.210607162,-0.118987366,-0.115781432,-0.010029126,0.036979888,-0.051262028
226,-0.090629847,0.112218555,0.199527783,-0.085263636,0.068924047,-0.081926357,0.017701497,-0.023630778,0.026373728,0.073884869,-0.109744173,0.06124665,0.024276447,0.040721004,0.016234607,0.033797051,0.0664035,0.107839133,0.062531783,0.087303896,-0.025164484,0.117388988,-0.060159542,0.080306929,-0.032856132,-0.01793264,0.057298558,0.160131329,0.081989849,0.02109483,0.034686501,-0.063816468,-0.026202255,0.061082473,-0.04566952,0.162821438,-0.005148166,0.167277605,-0.016960346,-0.07321085,0.051040661,0.05478563,0.030903495,-0.044277874,-0.06820847,0.078103039,-0.143693934,0.002637546,0.092333489,0.018256593,-0.020098995,0.240844762,-0.015310073,0.036770022,0.08900026,-0.045928035,0.119763494,0.083091765,-0.049057719,0.033853898,-0.021391982,0.025634073,0.00191994,0.047885498,-0.095991762,0.078780073,-0.014408544,0.038020137,0.016841633,0.01956408,0.051041301,0.032077304,0.038892985,-0.065204913,0.12062523,-0.04085937,0.091683644,-0.063509068,-0.019447934,-0.00292404,0.153464722,0.010074486,-0.007038205,0.037943332,0.083964567,0.134883924,-0.039312304,0.050387086,-0.063850529,-0.021095506,-0.059828851,-0.055288182,0.057080658,0.128496845,0.031993493,-0.117734772,-0.089363747,-0.081788865,0.000941173,0.062238203,-0.011277234,0.131426118,0.068167118,0.086479072,0.109996341,0.163708801,0.087052755,-0.109447192,0.039074755,-0.025988343,-0.111948414,-0.098665753,-0.072956158,0.070499301,-0.153125996,-0.02345053,-0.086489974,-0.03750771,0.05083448,0.064461078
227,0.144154075,-0.099723521,-0.012653576,-0.032095606,0.064423973,-0.009568642,0.006470893,0.01556174,-0.103317877,0.097278943,-0.048159594,0.029506039,0.013251578,-0.126918665,0.00287958,0.056714424,0.161072067,0.142766162,0.003281902,0.090046598,-0.030123931,-0.025365309,0.102074445,-0.005577558,0.040180263,-0.051315764,0.144775063,-0.025441685,0.026724011,-0.000888767,0.018794818,0.035797549,0.005792437,0.092327038,0.075956525,0.055654848,-0.059089831,-0.045171595,-0.000543789,-0.113579282,-0.052388494,0.04572735,0.026554683,0.014524775,-0.108954133,0.097979677,-0.016176113,-0.042762691,-0.066019987,0.134479166,-0.104222411,0.07885292,0.008373221,0.04216858,-0.014654534,0.093181717,0.11825703,-0.007743902,0.121770968,0.091243889,-0.121028666,0.071102836,-0.071626381,-0.091033201,0.028452463,0.072388852,0.035206143,0.075679257,0.067991103,0.011001041,-0.021185951,0.043510658,0.057412924,-0.090353996,0.113996016,-0.114520518,0.090180877,-0.040313417,-0.119260286,0.001570431,0.033361101,0.030694767,0.03689734,0.068227484,-0.058822353,-0.007000153,-0.037110084,-0.099403531,-0.073042758,0.064815702,0.036109615,-0.078151824,0.101674075,0.086909305,0.033390684,-0.019496753,-0.097508477,0.042464457,-0.096215236,0.040669972,-0.076453526,0.023702511,0.0420932,-0.0187602,0.057801702,0.028867521,-0.030961659,0.100414599,-0.065000702,-0.082126848,0.038694706,0.056398979,-0.017897247,-0.032710216,-0.089593499,-0.114975444,-0.003396059,0.024893802,0.056593317,0.012019209
228,-0.024737134,-0.053170544,0.025691967,-0.087459237,-0.03216308,-0.065636806,0.069387808,-0.019226628,0.032763917,0.009261806,-0.080391642,0.087217228,0.007554098,0.033587143,0.011885511,0.046923822,0.133636653,0.1759893,0.004376528,0.126596839,0.029061699,-0.032331423,0.01243769,-0.131616787,0.027438865,-0.097941571,0.103905,0.009333124,-0.069746877,-0.070238822,0.140260802,0.098378337,0.017161912,0.175165154,-0.003737603,0.20516327,-0.019416964,0.003184064,0.006195716,0.011657719,0.036776274,0.027846076,0.066990404,0.085805974,0.100568753,0.127978,-0.096730661,0.048674602,0.039320602,-0.05757228,-0.042672197,0.117138406,0.095623818,-0.057165914,-0.024162474,0.179513411,0.147567957,0.079046226,-0.024235164,-0.00504776,-0.017772712,-0.009801534,-0.058669923,-0.065790553,-0.033075901,0.121046275,0.061523495,0.042437491,-0.085784509,0.068879854,-0.01706393,0.051093391,0.004351451,0.030284386,0.108288261,-0.078215716,-0.071386284,-0.078109508,-0.096860908,-0.000911599,0.030143774,-0.097835666,-0.102935102,0.018512992,0.091799138,0.018972093,0.008045652,-0.107374851,-0.168966813,-0.019535873,-0.012804226,-0.138107372,0.124205269,-0.016816833,0.065066901,0.029811473,-0.076619317,0.093766389,-0.125012076,-0.016340069,-0.030187536,0.002781128,0.163860751,0.010107907,0.152309306,-0.011090777,-0.022078149,0.108461622,0.148574813,-0.044131657,-0.088563817,-0.119238913,-0.033389647,0.084769927,-0.101797391,-0.084222819,0.022087006,-0.102887648,0.042142422,-0.048989305
229,0.01359319,-0.01124033,0.048815132,0.029059834,-0.015060936,0.016180705,0.139049782,-0.02537541,-0.044943487,0.001818008,-0.106612451,-0.091093988,-0.044035419,0.015948661,-0.005776554,0.07877301,0.092873039,0.101715793,-0.038797528,0.002009957,-0.096803569,-0.168458976,-0.058823791,0.110570904,0.021035569,-0.026370307,-0.034515648,-0.048518105,0.061777718,-0.103520527,0.032969776,0.051987806,0.005253407,0.067502894,0.039844902,0.091650797,0.005947111,-0.032975692,0.00517982,-0.012555667,-0.131833162,0.033318396,0.139770547,0.133940729,0.022910336,-0.019742384,-0.01933771,0.037710183,0.100641306,0.13189956,-0.060694938,0.127750402,0.099528151,0.095859686,-0.025809867,0.013317279,0.081242882,0.019164014,-0.028813242,-0.048815506,0.066239366,0.041365767,-0.123315202,-0.013385942,0.00889645,0.093945433,-0.056650546,0.056086116,0.016512735,0.03211387,-0.021181262,-0.085024687,-0.014653828,-0.013646165,0.15484061,-0.0680433,0.035561508,-0.120749212,-0.056762805,0.030125458,0.031075961,0.010575626,-0.145794207,-0.048976822,-0.017370157,0.055894874,0.050397197,0.076567443,-0.147288496,-0.010873017,-0.052358857,0.02401279,0.120816865,-0.038264565,0.090917197,0.088886044,-0.060235822,0.054627779,0.027883755,0.050644114,0.040234506,0.004165029,0.052091646,0.010602424,0.036739759,0.037767326,0.090201526,-0.018879185,0.071685529,-0.167309407,-0.025136414,-0.04721556,0.030016456,-0.032141789,-0.108091395,-0.111152241,-0.007990543,0.038823582,0.068233521,-0.073613845
230,-0.025519341,0.042192866,0.023842138,0.002002434,-0.011225376,0.038761057,-0.017827446,-0.054047799,-0.023577824,-0.029324229,-0.075292951,-0.004042683,0.025846976,0.080973847,0.018474097,0.040417327,0.020753849,0.137188411,0.085770045,0.0710368,0.000869426,-0.099992853,-0.046710466,0.117495646,-0.011403217,-0.015182973,0.030201449,0.069202005,-0.011284589,-0.007624735,0.068222923,-0.064317007,0.02348941,0.091996555,0.051667377,0.044651663,0.01058326,-0.042787139,0.145306959,-0.073746755,0.00995632,-0.036822516,0.113635786,0.010622447,0.147074266,0.039680384,-0.030607719,-0.041274243,-0.042478611,0.031083487,-0.092763622,0.112533296,0.109893239,0.072972305,-0.102193209,0.113379403,0.132901745,0.094687367,-0.007834511,0.045872542,-0.121183936,-0.026866255,-0.078544671,-0.014263842,0.129332187,0.122483841,0.050347193,0.048880007,0.073985312,0.006800107,0.005849128,0.044697495,-0.051223506,-0.060779452,0.177137443,-0.077697153,-0.094018603,0.024854468,-0.13388053,0.019130541,0.009371309,0.054369046,-0.000286122,0.03719009,0.056487211,0.045868496,-0.025900957,-0.032690008,-0.090768807,-0.042047995,-0.066736885,-0.042966134,0.015017357,0.107071291,-0.02090115,-0.048336707,0.027767965,0.068600516,-0.014515048,0.09377717,0.105611285,0.020809882,-0.001570944,0.08475458,0.051620805,0.10337073,0.063824048,0.014567025,-0.035173805,-0.12472211,-0.035751691,-0.075278263,-0.02129453,0.022871079,-0.121286831,-0.048771225,-0.034838728,-0.043096306,0.011370456,0.002496055
231,0.121939073,-0.089844013,-0.008652562,0.008447096,0.008161048,-0.040131467,0.144746455,-0.07420425,0.028444386,0.065745589,-0.03915588,0.019633138,-0.019031132,0.040335371,-0.060717874,0.051440807,0.176593756,0.122730762,0.031500183,0.194779618,-0.026518581,-0.053565456,-0.100261241,0.012670045,-0.05155975,0.015231245,0.116430813,-0.021453359,-0.054620984,-0.036018776,0.093125453,-0.045050145,-0.052071196,0.162471437,0.030566709,0.087463753,-0.052173977,0.050161636,0.112064217,-0.079575242,0.010379458,-0.041588231,0.088995966,-0.08979454,-0.037532546,0.039588535,0.03248353,-0.016623078,0.112406794,0.060384036,-0.102033441,0.065842079,0.120618429,-0.084243458,-0.086694834,0.065645902,0.010516095,0.026983865,-0.009690837,-0.019538098,0.055906911,0.042385718,0.019866379,-0.079031518,-0.039997647,0.214968815,0.152946611,0.057016082,-0.016166139,0.064300632,-0.033779232,0.040335629,0.07839477,0.033342895,0.144423128,-0.017745593,-0.074462834,0.019974128,0.000614064,0.065000081,0.048819809,-0.010316448,-0.132945258,0.029050517,0.005915415,0.057925293,0.020891336,-0.089941796,-0.106214629,0.029319275,0.007479816,-0.047406458,0.107343711,0.046234785,-0.023935226,-0.014836748,0.005310294,0.009103238,0.014520791,0.037145671,0.0195557,0.097363414,0.048113733,0.097107502,0.179073716,-0.068979379,0.021715887,0.082619074,0.133139879,-0.045978983,-0.111754955,0.006346655,-0.096731602,0.064155053,-0.075586326,-0.060677692,0.047247792,-0.026184121,0.088523013,0.001337918
232,-0.078614246,0.052537217,0.00401877,-0.027508616,-0.073907936,-0.047433525,0.053214611,-0.146637929,0.030072,0.036181532,-0.054629798,-0.033049982,0.042490067,-0.062435159,0.046792713,-0.050026998,0.032136521,-0.011191978,0.02317628,-0.061900939,0.107860882,-0.001212997,0.001088816,-0.043492709,0.04135288,-0.099467871,0.058212133,0.11268216,-0.009929073,-0.040241171,0.068530971,0.086728648,-0.143497062,0.011123609,-0.040201643,-0.027323348,-0.055186059,0.005549846,0.161380744,-0.098205967,-0.049486803,-0.004947105,0.013915149,-0.017081571,0.035646074,0.066425356,0.021618521,0.002142289,-0.092071668,-0.001423641,-0.099394572,0.021539777,0.10296846,0.062231782,0.036397261,-0.046785298,-0.04676098,0.112546362,0.030795594,0.062048152,0.016413351,0.049574315,0.060162129,-0.047578014,0.119698044,0.043843173,0.053878646,0.170799651,0.011845063,-0.078996231,-0.107888266,-0.020388965,0.004488749,0.052867696,0.06755187,-0.022102582,-0.030526553,-0.030106197,-0.15576511,0.026214458,0.065876337,0.065996308,-0.078446835,0.054622196,0.007298147,0.060967463,-0.065575916,-0.068853972,-0.077729363,-0.050217666,0.035967616,-0.112596824,0.1975685,0.057305669,-0.057128587,-0.013008995,-0.026526225,0.05064548,0.007687616,-0.049858662,-0.030430656,-0.069987092,0.077891615,-0.005043789,0.096256018,-0.034406533,0.009288229,0.0540905,0.075895273,-0.104380393,-0.026299569,-0.124388437,0.015561589,-0.106954347,-0.066777698,-0.093380416,-0.098997501,-0.051839518,0.018820761,-0.019994563
233,0.051128494,-0.070245392,0.026503291,-0.075961983,0.008910186,0.00126695,0.040563652,-0.116066095,-0.039541629,0.054089043,0.020128539,0.052279912,-0.03008411,-0.041730898,0.025125939,-0.051256531,0.165706104,0.11817403,0.052005124,0.081984101,0.043826323,0.029164617,0.091358021,0.010626555,0.032744212,-0.03883902,0.01779627,-0.039948127,0.070100124,0.009522576,0.072378967,-0.034756986,0.018952671,0.142662262,0.025417014,0.079154218,-0.08664183,-0.014473198,0.104389346,-0.151138652,-0.038388392,0.123301594,0.072200735,-0.005572698,-0.071325931,0.01309426,0.057237853,-0.022249007,0.056308351,0.047933791,-0.067713727,0.135726423,0.124076604,-0.029252169,-0.016002897,0.017824601,0.076829097,-0.056808294,0.128104441,0.033853682,0.015429619,0.02531854,-0.036087819,-0.1352153,0.001307902,0.185139289,0.093111886,0.079769175,0.036906493,0.057303883,-0.098758373,0.006583707,0.003606713,-0.001374208,0.229919713,0.030072753,-0.059444808,-0.037473694,-0.069569266,0.037253153,0.019366278,0.007114953,0.020134009,0.056881537,0.00932911,0.137019541,-0.012985152,-0.015121093,-0.021616917,-0.100503232,-0.023588358,-0.03555365,-0.004758405,-0.001124539,-0.025061676,0.053537469,-0.008561707,0.100147143,0.018584309,-0.107547965,0.024388109,0.037923354,0.021848307,0.026035873,0.20885856,-0.04292527,-0.071791195,-0.000215738,0.065744593,-0.051026987,0.000119229,-0.125260757,-0.000961526,0.002672855,-0.127613775,-0.049314454,-0.077292956,-0.156488533,0.001482868,-0.132254294
234,-0.060878754,-0.029170328,-0.010707097,-0.093553183,0.054103022,0.004500752,0.052760831,0.058918209,0.06445167,-0.064281357,-0.025492114,0.115944376,-0.049575057,0.076191632,-0.029683584,-0.082582532,-0.017948049,-0.00886174,-0.012646873,0.126673924,-0.049024513,-0.005518277,0.01558112,-0.03074434,0.081008701,-0.05937432,0.010718007,-0.011004934,0.009243342,-0.026599944,-0.008458315,0.028599245,-0.04124303,0.068203651,-0.007899661,0.001757094,-0.01526583,-0.030792993,-0.032290456,-0.058331466,-0.097306499,0.032366037,-0.025755453,-0.035652819,0.011477647,0.028830127,-0.064031497,0.004633382,-0.04325096,0.048868405,-0.09738867,0.077920634,0.030233477,0.034005341,-0.077205029,-0.003887125,0.030879738,-0.084035792,-0.009064661,0.038016605,-0.040909222,0.071921321,0.04543647,0.010889259,-0.019946746,0.093026465,-0.016630569,0.167633736,0.005206703,-0.03903042,0.064463446,0.059892308,-0.020650391,-0.070646436,0.188233646,-0.011261733,-0.041320931,0.028634099,0.00279502,-0.034679516,0.077742442,0.00884068,0.022216062,0.014793454,0.006583939,0.13930446,0.03543064,0.051302319,-0.008271855,-0.051858497,-0.018259568,0.031569759,0.064783587,-0.050593723,0.020162139,0.083647028,0.007771726,0.064841804,-0.083207929,-0.069605288,0.042225835,0.096750223,-0.000998015,0.077034386,-0.069895659,0.039338436,0.01572028,-0.04187624,0.036653805,-0.095554229,0.043355975,-0.009416588,0.019558122,0.004639982,-0.002908373,-0.068979105,-0.012885742,-0.046211627,-0.024576273,-0.006953705
235,-0.103389712,-0.108465969,0.003496405,-0.022849406,0.01044994,-0.022816173,0.16259979,-0.068608868,-0.098691361,0.067266251,-0.038218334,-0.06717052,-0.005452867,0.013862545,0.083772413,0.02677355,0.13338077,0.15160217,0.014436914,0.167850923,-0.01718984,0.049549818,0.048838186,0.027837229,-0.00253025,-0.070345393,0.057524339,0.102661489,0.019721712,-0.091693871,0.112886682,0.021114665,0.004081195,0.223497019,-0.094964819,0.090688947,-0.00232764,0.062769862,0.035170857,-0.103318651,-0.06463899,-0.007974866,0.078103827,0.060234706,-0.107116127,0.139870597,-0.113063139,0.054784597,0.073106603,0.051255875,-0.03019636,0.090880253,-0.090043526,0.018909537,0.074695591,0.139361574,0.101764309,0.021299842,0.019132984,0.028891047,-0.07198544,0.044604818,0.007196443,0.001188405,0.048675144,0.112021883,0.07170224,0.120314115,-0.006315611,-0.044134647,-0.038589635,0.035357382,-0.017590246,-0.149986868,0.131542899,-0.063653531,-0.071575525,-0.101040263,0.019519028,0.077710304,-0.026379761,0.069488979,-0.028915591,0.032655433,0.015146357,0.080309247,-0.097906081,0.011995984,-0.090424197,-0.005102079,-0.086814499,-0.106604396,0.092539986,0.049604301,0.005209326,0.049430333,0.007566523,0.026223175,0.01739983,-0.012494331,-0.00018353,0.087976196,0.135452342,0.032755586,0.10902825,-0.021384207,0.041933164,-0.02965462,0.072825732,-0.01147436,-0.060379992,-0.144915806,-0.002632571,0.136399794,-0.104047303,-0.020917962,0.003835808,-0.098806161,0.037448156,0.059203587
236,-0.060793913,-0.084582691,0.167744104,-0.058845181,0.009272609,-0.012574806,0.171708981,-0.024956445,0.095478665,0.05352985,0.109133912,-0.071802405,0.032610439,-0.117821385,0.009139844,-0.007934848,0.135460564,0.039168696,0.020394536,0.046181599,0.113996647,0.019660057,-0.064365615,0.131161204,0.140535219,-0.141610666,0.080947419,0.053909745,0.035078795,-0.046373965,0.17310202,0.004359941,0.000141959,0.080817616,0.040455404,0.141745718,-0.141884643,-0.007881999,0.052672532,-0.01103153,-0.085696907,0.029288391,0.028473267,0.077599002,0.062311808,0.04251258,-0.028555465,-0.032818181,0.025403332,-0.01804351,-0.080934652,0.01607923,0.004618313,0.008482749,0.023991522,0.014824337,0.004459339,0.005220376,0.004170559,-0.038999957,0.04705552,0.031413881,-0.023870558,-0.027154253,0.0208307,0.112704926,-0.045908323,0.187706019,-0.070770812,-0.009800829,-0.093282163,0.042979738,0.112131263,0.01953003,0.228026107,0.032645316,-0.02379112,-0.025122747,-0.124208489,-0.046939938,0.116852278,-0.029903319,0.03794707,0.021416046,0.178500044,0.09754906,-0.026689954,0.056461688,-0.044956413,-0.015918058,-0.075704316,-0.026316276,0.105867657,0.078856235,0.050265043,-0.067176323,0.030002552,0.152509043,0.009540077,0.003890747,0.025797935,0.070822873,0.125783662,0.107940912,0.044546024,-0.029405599,0.035258594,-0.005692585,0.003571357,0.007297457,-0.016770436,-0.047440636,0.026667983,0.063615864,-0.122067922,0.036272981,-0.012905791,-0.059639043,0.165649204,-0.161199542
237,0.044114219,0.052930788,0.075169899,-0.000188953,0.18116405,-0.028219782,0.101375497,-0.06147181,-0.036464731,-0.045788697,0.04175865,0.050515195,0.031333834,-0.029349649,-0.056288201,0.012804094,0.175815367,0.085220494,0.059365283,0.101976005,0.012747751,0.015572402,-0.039368909,-0.038186654,0.017433889,-0.070734737,0.015590695,-0.010567889,-0.047145848,-0.107869583,0.102968818,-0.11258977,-0.093784358,-0.01837867,-0.032208787,0.102606576,-0.06020167,-0.058778889,-0.005407782,-0.101895036,-0.047902354,0.090924605,0.076550205,-0.010406183,-0.017507406,0.091532043,-0.044407642,0.000411804,0.031089657,-0.010185397,-0.149634071,0.174241769,0.076628476,-0.094956787,-0.000574614,0.014674422,0.104606094,0.105793546,0.048710862,0.046447939,0.000142696,0.041098225,-0.015632919,-0.06327813,0.013815437,0.242247838,0.023378868,0.010920015,-0.025211252,-0.04778469,-0.157985773,-0.003216814,-0.034936586,0.008509219,0.251603163,-0.113880762,-0.007023716,-0.084832489,-0.0241024,0.024219272,0.055041914,-0.020665107,0.007160335,-0.028073932,-0.096158382,0.074841744,0.037078545,-0.021039287,-0.008676478,-0.138429261,-0.047103954,-0.03832642,0.015933227,-0.018267392,0.002017099,0.056069191,-0.036455048,0.043437573,-0.047194961,-0.02561571,-0.040275925,0.05134905,0.076894202,0.079579182,0.128233283,0.024176272,0.069676724,-0.0534996,0.073856636,-0.038208573,-0.062184787,-0.03649144,0.019143821,-0.064671602,-0.163351845,-0.015920344,-0.030749639,-0.076288617,0.050945738,-0.064849475
238,-0.015891224,0.08941269,0.071345597,-0.011443463,-0.032765979,-0.10301033,0.117584827,-0.17647806,-0.031001608,0.005797496,-0.09944538,0.058812373,0.1325092,-0.008964675,0.152483298,0.007197334,0.120835656,0.150184544,0.0376322,0.023554957,0.013193053,-0.098164717,-0.034666034,0.075037397,0.035274452,-0.038964127,0.01654317,0.066543335,0.004571607,-0.053156342,-0.009820067,-0.020556872,-0.006998013,0.112380831,0.009628038,0.148246353,-0.125720677,-0.043742462,0.135976152,-0.030799061,-0.077066124,0.089836618,0.156139707,0.054749998,0.038487617,0.135121127,-0.032638392,-0.003744355,0.183460334,0.05152395,-0.046547177,0.125063407,0.123244017,-0.062627158,-0.050576138,-0.033149275,0.043135576,0.001843803,0.119274526,0.001070478,-0.009021461,-0.058059297,0.068816703,-0.041665003,0.007070782,0.092999321,0.100361168,0.054640777,0.003777838,-0.021928334,-0.041725209,-0.009314635,-0.014467428,0.020693186,0.253220465,-0.037588163,-0.126361552,0.055093024,-0.131507509,-0.001118242,-0.036551449,0.000537493,-0.06151391,-0.026594168,0.022882164,0.065352009,-0.084197418,-0.016463266,-0.076301121,0.025091342,-0.056345521,-0.18576578,0.14270145,-0.011809431,0.035899596,-0.065117573,-0.064304089,0.006227027,-0.083250085,-0.009811887,-0.047917672,-0.052689852,0.024383279,0.093963463,0.065757321,-0.017594969,-0.023768963,-0.020205162,-0.055304502,-0.216662907,-0.027019512,-0.066544439,0.002389506,0.079598229,-0.106454916,-0.070282605,-0.079650928,-0.012019023,0.035949396,-0.068879756
239,0.000718464,-0.040918166,0.027134281,-0.024058452,0.046710947,-0.072377773,0.159943831,-0.047435119,-0.036187963,0.068736416,0.110533318,0.026389194,0.104012271,-0.101245265,0.089575612,0.00013315,0.199421908,0.058998751,-0.018021734,0.055270846,-0.014950515,-0.051344364,0.022537078,0.05437152,0.036767459,-0.062128499,0.110514219,0.090806783,0.049863554,-0.065124026,0.147769041,-0.093770255,-0.177396208,0.12348901,0.001462074,0.10111135,-0.108140977,0.02106136,-0.068336875,-0.119746001,-0.09372609,-0.072029407,0.191541896,-0.051014122,-0.028815005,0.24791041,-0.046233858,0.044409663,-0.016385809,0.004921279,-0.110360183,0.060562742,-0.034921991,0.048831018,0.036190332,0.098920818,0.150892433,0.26863043,0.060096196,0.006022725,0.077580654,0.033392357,-0.020105906,-0.080278632,-0.026451776,0.217296538,0.008217982,0.171256662,-0.054530203,0.070352215,-0.058319572,0.142544279,-0.023975187,-0.061724067,0.239080283,-0.215127935,-0.028664203,-0.120617931,-0.103975787,0.00360991,0.011136673,0.045949493,-0.034771536,0.06668473,0.002186603,0.124404245,0.060972927,-0.068947038,-0.110173304,0.021091257,0.086008136,-0.019506825,0.066998889,0.020707645,0.045693632,0.011986,-0.080148205,0.034928016,0.04897053,-0.003085453,-0.076422415,0.104997214,0.104263829,0.029252656,0.079792083,-0.049826649,-0.08655438,-0.051271233,0.074110991,-0.099320333,-0.059127841,-0.131221076,0.037035609,-0.004793815,-0.15482173,-0.05695123,0.006088168,-0.113949246,-0.0303149,-0.03910887
240,-0.048757988,0.103040056,0.03795811,0.00603024,0.042799684,-0.125452749,0.25553424,-0.037704212,-0.041005904,0.07075378,-0.062534785,0.07558296,0.000638786,-0.063062628,0.171986183,-0.04020571,0.110451048,0.125908377,-0.037530378,0.143211288,0.066628991,-0.078484092,0.040072968,0.05145897,-0.049053569,-0.099290999,0.040753891,0.038490078,-0.001864234,-0.032151985,0.007384366,-0.127369916,-0.075668666,0.243132822,-0.024255198,0.136761932,0.00525564,-0.052070181,-0.047556796,-0.161163264,-0.026072575,0.091352292,0.143046148,0.028117235,-0.020997222,0.100057156,-0.046932572,0.063568496,-0.050202519,0.025645243,-0.065037445,0.132432612,0.033113472,-0.032057722,-0.013870584,0.08568167,0.116155969,0.016301873,0.006961315,0.036465,-0.117856358,0.130901343,-0.04299499,-0.101796015,0.036149198,0.132435535,0.076983875,0.149660826,0.053177429,-0.022326018,-0.116605017,0.131750946,0.004953477,0.044559873,0.270872808,-0.071759668,-0.057624446,-0.073565306,-0.060842257,0.095108974,0.028234729,0.029430234,0.016973559,0.038814881,0.08733844,0.260780957,0.061603096,-0.059380699,-0.219709828,-0.107684164,0.119113703,-0.012005012,0.138527484,0.118476893,0.052054803,0.065297249,-0.03696851,0.008057428,0.017986604,0.110449932,-0.064357627,-0.049857221,-0.006634983,0.111483241,0.082410232,-0.008374284,0.009125437,0.044405489,0.107027843,-0.097974494,-0.111606584,-0.062460276,-0.044445572,0.020488028,-0.19442456,-0.089478348,-0.014487543,-0.076504362,-0.005682299,-0.117929061
241,-0.072200056,-0.002247393,0.019739458,0.059816143,-0.073607353,-0.00368294,0.011006854,-0.046756646,5.02085E-05,-0.016186522,-0.046225469,-0.03751447,0.017817796,-0.078105104,0.066693535,0.017920477,0.128679811,-0.062741173,0.082857014,0.019835695,-0.006958637,-0.061028246,-0.032140996,0.07229074,0.03897564,-0.007204776,0.06888709,0.071481994,0.000511721,0.031546936,0.032118516,0.024253467,5.31502E-05,0.111460572,-0.092281889,0.02156259,0.008790419,-0.09789901,-0.000622422,-0.068979487,-0.063276659,-0.066655355,0.08449039,0.063494439,0.027557816,0.108439456,-0.023537779,0.048402868,0.053120515,0.009811299,-0.132092365,0.007926676,0.046992827,0.137557069,0.002287929,0.023647835,0.03049936,-0.017396181,0.107158189,-0.052732548,-0.048476239,0.003205226,-0.127859172,-0.029528267,-0.060608214,-0.010311929,0.080132192,0.09361228,0.030922445,0.056655419,0.036596561,-0.065275275,0.043689026,0.018215116,0.050222635,-0.016126273,0.017318744,0.030786469,-0.083062514,-0.075757839,0.023590677,0.010359844,-0.038004579,0.021310911,-0.090095949,0.019281532,-0.091207894,-0.005256975,-0.006017604,-0.019420808,-0.11507412,-0.030132061,0.091391421,-0.05024094,-0.025399155,-0.013659916,-0.026419612,0.09021834,0.070897378,0.060731133,-0.006978826,0.057641355,0.109983173,-0.00010295,-0.041996684,0.008099909,-0.00328718,-0.010025088,0.038051626,-0.072136611,0.08695065,-0.118977891,0.114613301,0.11502629,-0.107887839,-0.016666374,-0.051678099,-0.044304059,0.007472589,-0.090012755
242,0.057090056,0.045092086,0.091340062,-0.009890979,0.105692211,-0.098669577,0.073522763,0.018491942,-0.063449085,-0.012326591,-0.042125365,0.012946969,0.050710524,0.029304917,0.00326357,0.126968284,0.16683788,0.115264753,0.030164258,-0.001118183,-0.030566031,0.023825447,-0.056706469,0.020783955,0.057580769,-0.042869555,0.085279915,-0.023460132,0.04909772,-0.053245652,0.110332905,0.006307892,-0.00256106,0.049444474,0.031480312,0.075925757,0.029836129,0.00831707,-0.146127325,-0.085874917,-0.104044016,-0.029255598,-0.034157602,0.142869047,-0.04356872,0.085963379,-0.098983765,-0.145691968,0.017870305,-0.00043417,-0.092985908,-0.005953781,0.033430227,-0.044597254,-0.034791222,-0.044241362,-0.004745597,-0.014869765,0.084490498,-0.028110709,0.019684696,0.062415709,-0.012879048,0.00440104,0.053059313,0.007668355,0.056322968,-0.037398071,-0.083007212,0.000955942,-0.029975025,0.029963377,0.036226448,0.023626829,0.064714498,0.0149678,-0.015468099,-0.05998902,-0.050488061,0.095025586,0.019118636,-0.042149498,-0.026781294,-0.064634159,0.01665639,0.096094657,0.011735066,-0.019462004,-0.027217505,-0.040299845,-0.068870858,-0.019948151,0.088207935,0.021570273,0.036880657,-0.007032737,-0.038217784,-0.011704687,0.034698994,-0.026924379,-0.088459471,0.009899538,-0.029960991,0.117839937,0.000914804,0.008641077,-0.034671184,0.037987689,-0.095712326,0.038698891,-0.110915673,-0.088020916,0.027865475,-0.091306443,-0.087760018,-0.069552465,-0.053650323,-0.062028588,0.097789231,0.017606016
243,0.025420253,0.004300915,0.046526561,0.071119685,-0.025723502,-0.014156394,0.119304726,-0.049676022,0.062197502,0.058313033,-0.110028128,0.047414616,-0.054897408,-0.110125967,0.041195455,-0.008282007,0.115509022,0.160819256,0.099573082,0.088706921,-0.006690709,-0.051535001,0.007860326,0.035182254,0.025634153,-0.022645303,0.101701027,-0.03461363,0.059950266,-0.078704608,0.118644385,-0.014675289,-0.035776483,0.007062243,-0.032382768,0.050398139,-0.11878682,0.043001814,0.130643838,-0.114676329,-0.133158535,0.01910339,0.029644753,0.100657621,0.091163794,-0.074345074,-0.054313202,-0.066565426,0.021567161,0.139188123,-0.038812866,0.080255106,0.05550019,-0.034649193,0.006881315,-0.010214222,0.028689972,-0.023044737,0.076780791,-0.065715939,0.037133904,0.092989886,-0.006094556,-0.085315715,-0.01982014,0.072408319,0.028067876,-0.033163526,0.114298285,0.037685296,0.00315389,0.026995228,0.028884169,0.008322407,0.249028136,0.009275716,0.031403435,-0.017161801,-0.170807107,0.124433752,0.033828657,-0.030351221,-0.011382101,-0.007477907,0.096736025,0.095973832,-0.038533774,0.003305063,-0.067133272,-0.009473282,0.062105277,0.036546298,0.044258699,-0.020440462,-0.082073082,-0.019182915,-0.008747098,0.03328799,-0.065592109,0.002867248,0.057016772,-0.038112935,0.000655488,0.033873218,0.008746916,0.025853289,-0.018701384,0.049843507,-0.032710354,-0.053997896,-0.007924509,-0.000349627,0.025874915,-0.091397905,0.011371089,-0.095689744,0.008213635,-0.060203274,0.102627576,-0.061671559
244,0.031910706,0.094598247,0.010093796,-0.031993562,0.089771944,-0.028626854,0.049870815,0.023260655,-0.016698975,0.063155873,0.00430848,-0.016076363,0.066192172,-0.025154166,-0.027634509,0.150350954,0.12821038,0.106565628,-0.018944917,0.152647136,0.022519199,-0.132350668,0.042221672,-0.006157612,-0.02224715,-0.060640721,0.215455129,0.033213458,-0.001336718,0.00118916,0.14472237,0.009033722,-0.06004478,0.085719962,-0.063365228,0.195454915,-0.111581509,0.001408376,0.015811674,-0.077569232,-0.104722997,0.017605485,0.074422687,0.041479426,0.032622173,0.090749965,0.020424915,-0.058506697,0.008806808,0.002331378,-0.132510732,0.089980868,0.070097205,0.085066853,0.041475104,0.042137285,-0.017560264,0.060179314,0.04414697,-0.075929869,-0.018170406,0.051302739,0.057082304,0.072756306,0.084745974,0.101501585,0.048359172,0.100147063,-0.119186689,-0.011286402,-0.109526947,-0.022520822,0.058908435,-0.052014216,0.149182482,0.00648711,-0.039982562,-0.040423821,-0.159776132,-0.054876843,0.004163838,-0.011961211,-0.008767469,-0.039082734,0.052742083,0.073495119,-0.041571934,-0.00873479,-0.089116807,-0.049137245,0.115915193,-0.033062904,0.115921686,0.004828229,-0.00634975,0.04915,0.017522752,0.012317177,-0.000958362,0.018323872,0.034545288,0.008502425,-0.028438557,-0.060901492,0.184116463,0.012968382,0.05526976,0.032135618,0.006127051,-0.026077405,-0.053945901,-0.055886769,0.011978121,0.007669497,-0.107800048,-0.15769508,-0.111789524,-0.007840355,0.128165344,0.041164675
245,-0.015234843,0.037887498,0.026523393,-0.003238944,0.057201952,-0.050877974,0.261375761,-0.081093302,-0.044113253,-0.01434121,-0.058928875,-0.002661959,-0.088958137,-0.13333064,0.013661308,-0.011969473,0.141027345,0.0458734,0.092215996,-0.006752531,-0.041853566,-0.126909358,-0.009077022,0.077376039,0.054127084,-0.03072468,0.120309099,0.032202022,0.078136249,-0.138530511,0.025918134,0.054009322,0.077903891,0.097593492,0.034511109,0.185057993,-0.082994395,-0.021893115,-0.022944788,-0.007975697,-0.064309863,0.057896012,0.049869446,0.022908121,0.023415185,0.075483531,-0.049209692,-0.03573652,0.080372134,-0.02046591,0.021744859,0.039750494,-0.020227175,-0.110741509,-0.00144862,0.051405817,0.100989939,0.038410802,-0.005700026,-0.059882452,-0.033688516,0.038974648,-0.103884494,-0.083857857,0.025472656,0.120622439,0.007535475,0.074321576,0.040356367,0.018509585,-0.025282416,0.0609006,-0.051514135,0.010357335,0.153260954,-0.066122689,0.03674787,-0.057958069,-0.035255116,-0.007848321,0.113987006,0.007786586,0.032765778,0.062468817,-0.030779393,0.070234735,-0.056715349,0.032091219,-0.127900306,-0.003322825,-0.031188072,-0.064239914,0.173551852,0.012213716,0.061451654,-0.030331534,-0.106361031,0.069926591,-0.02331546,0.035300161,0.092816138,0.076077535,0.061866229,0.015907407,0.089226703,0.070933049,-0.087089715,-0.016698475,0.019905819,-0.030331072,-0.124966407,-0.047056256,-0.024086213,-0.010981442,-0.142357648,-0.115971358,-0.106245079,0.024649553,0.077099108,-0.053261481
246,0.013734485,0.05991777,0.114911292,-0.029738859,-0.028441871,-0.007107318,0.061443985,0.055395796,0.033986256,0.065896938,0.005999396,-0.031724786,0.086800636,-0.06456605,-0.041809172,0.022917738,0.103981824,0.016277199,0.027776794,0.005494097,-0.008835955,-0.036024451,0.013033576,-0.001952363,-0.061735559,-0.074644109,0.091233713,-0.028474898,0.06063316,-0.010520916,0.012771563,-0.012548321,-0.053984671,0.094294725,-0.056766614,0.086303553,-0.060295665,-0.083578057,0.087266097,-0.09717884,-0.019403754,-0.031113478,0.008875096,-0.010016973,0.079154405,0.063138806,-0.05456606,0.041070274,0.034360919,-0.05620019,-0.078549817,0.008190135,0.016414997,-0.037674122,0.008452773,0.120859536,0.0226127,0.111459989,-0.002147996,0.039057203,0.01714708,0.015366793,0.011555973,-0.164677151,-0.087497189,0.076256168,0.120731113,-0.018560119,-0.070055223,0.101026427,-0.01898382,-0.024260357,-0.021773136,-0.052595839,0.045560816,-0.065179067,-0.010852829,-0.05643758,-0.079057137,0.064277795,-0.050609108,0.000570533,-0.092797705,0.040597812,0.063165893,0.050597061,-0.054370334,-0.0620918,-0.070212644,0.044371276,0.064623864,-0.106388772,-0.054098351,0.081284178,-0.011463379,-0.039583761,0.029802637,0.072339018,0.080587616,-0.054958516,-0.005207465,-0.0361638,0.118446655,-0.010132274,0.148371126,-0.028103557,-0.052132938,-0.007596251,-0.044837635,-0.041808261,-0.051729577,-0.126514183,0.011712894,0.025819465,-0.080330046,-0.04125064,-0.017023795,0.00251375,0.006843592,-0.001556892
247,-0.041537446,-0.08833453,-0.088475152,0.067441886,-0.014252853,-0.032486914,0.107003561,-0.007236649,-0.107271528,-0.034726958,-0.050843404,-0.034228078,-0.146763594,-0.082819869,0.121414872,0.04201091,0.116420332,0.180333165,0.072174002,0.09439149,-0.045128262,-0.027323502,-0.010855097,0.00397268,0.078539378,-0.076364768,0.009748124,0.062960244,-0.042261709,-0.039574815,0.093287721,-0.103101061,-0.016530332,0.000578758,0.110302458,0.064558853,-0.087845892,-0.098381277,0.13924326,-0.084686269,-0.089416387,-0.010727966,0.048407913,0.120703043,0.042554836,0.116257318,-0.053547793,-0.089793452,0.060996165,0.085260182,-0.079678877,0.085177663,-0.001600395,-0.033062464,-0.058237351,0.042037885,0.145869908,0.085489271,-0.000780583,0.064595953,-0.002364173,-0.022888752,-0.03833894,-0.120127577,-0.08740688,0.080718806,0.083883738,0.003291484,0.002275639,-0.04263611,-0.011386635,0.023254751,0.003210804,-0.044568606,0.128146323,-0.049691523,-0.099814553,-0.054446405,-0.099021724,0.010627171,0.081908716,0.08858935,0.030253285,-0.046387204,0.094739692,0.080941909,-0.015386077,-0.072660568,-0.091648549,0.014051253,-0.05621948,-0.034258413,-0.009293593,0.095392207,0.038713783,-0.018836441,-0.076106923,0.110155472,-0.098863375,-0.003628075,0.003472278,-0.053027172,0.088546793,-0.076469041,0.146173186,0.01254307,0.03691659,0.042385905,0.068029132,-0.113480123,-0.055354723,-0.01782715,0.118363832,0.092586156,-0.101032355,-0.075329338,0.028678836,0.126742095,0.123417935,0.031373097
248,-0.048122598,0.128721091,-0.075227962,-0.024755963,0.026471339,0.073626737,0.135535443,-0.023339592,-0.088097005,0.032990883,0.05650368,0.005179014,0.026419494,-0.029847271,-0.021024461,0.095915238,0.172249056,0.113538379,0.121729018,0.023408466,-0.056294545,0.009354201,-0.026336423,0.023348164,-0.04078516,-0.096869455,-0.048789782,0.015023547,-0.021990054,-0.084424161,0.07455493,-0.111854237,-0.050647272,0.019977016,0.033086165,0.139577715,-0.043607216,0.033750177,0.104466673,0.031574289,-0.108961534,-0.009513234,-0.004967674,0.032053566,0.04222762,-0.004539091,-0.131252247,0.066358201,-0.039977922,0.07912992,-0.004271481,0.105820369,-0.03726094,-0.010462598,-0.004567744,-0.099040217,0.063491641,0.079701059,-0.015052532,-0.040217856,-0.068719152,0.016197258,-0.005813282,-0.042829901,-0.0470068,0.236179584,-0.059978262,-0.009532302,-0.005809714,0.084945142,-0.08790926,-0.051762308,-0.040356707,0.095687377,0.061850996,-0.156050769,0.01430464,-0.043593044,-0.093006895,0.027814975,0.027093484,0.074735881,-0.06004435,-0.024465568,0.08171941,0.170743303,-0.067785479,-0.064086252,-0.124867517,-0.038677352,-0.053389711,-0.067902939,0.075448986,-0.01937262,0.16740054,0.005392901,-0.046066346,0.164450714,-0.068303271,-0.045259682,0.051322325,0.019764421,0.087460679,0.032838477,0.085949396,0.081106435,0.004377822,-0.02755224,0.025903932,0.000278702,-0.080006202,-0.069760735,0.000765066,-0.038610771,-0.10965194,-0.084940339,-0.108171743,-0.07801221,0.131039842,0.014068119
249,0.039407687,-0.047211273,0.041374692,-0.101310399,0.02534549,-0.049825123,0.037612826,-0.040987237,0.080107622,0.012476122,-0.014339277,0.074615855,-0.029244991,0.02671936,0.011664311,-0.053952008,0.087033535,0.106968844,0.11376793,0.058812927,0.049269831,-0.122611957,0.073652763,0.033008456,0.115332994,0.051836439,0.024932081,0.032598792,-0.041699334,-0.033917119,0.159113809,0.07256854,-0.071782072,0.080989347,0.026279946,0.152460846,-0.003666128,-0.081692201,0.035819403,-0.056504667,0.016143513,0.032378476,0.019565135,0.088724809,0.046199805,0.06147475,0.000883042,-0.041557041,-0.03528373,0.117588358,-0.06532326,0.080972988,0.036321382,-0.013740192,-0.086242591,0.174191148,0.146517064,0.078023846,0.011307538,-0.032276113,0.023144032,0.109322904,0.021472827,0.103138444,-0.016471087,0.174609927,0.015967284,0.011355741,0.029993418,-0.053136186,0.00382738,-0.02254912,0.025960058,-0.044229716,0.160947178,-0.065217991,0.009438174,-0.042966497,-0.13253782,-0.036609532,0.039282247,-0.113084672,0.051605996,0.148353979,0.013079706,0.035101323,0.00759055,-0.047840461,-0.024123558,0.085424577,-0.032828119,-0.00835723,0.092039093,-0.057374488,-0.071369384,0.064327139,-0.013145066,0.094050341,-0.132107396,-0.022406417,0.09222955,-0.074638403,0.130823714,0.033753752,0.116065041,0.027116374,-0.030018535,0.028940456,0.020412095,-0.074284211,-0.038180957,-0.02221974,0.040251338,0.036495532,-0.168676732,-0.034420472,0.048162575,-0.036788557,-0.037143372,0.051310863
250,0.049645894,0.020876703,-0.076921103,0.008625816,0.01654652,-0.021246852,0.010262324,0.069929215,-0.06086588,0.004573351,0.00607634,-0.038213637,-0.009490354,0.090831805,-0.044579266,0.047413009,0.074385957,-0.032541272,0.077500678,0.127610043,-0.002195851,0.037194405,-0.032813212,-0.054551445,0.008691697,-0.019240516,0.017368098,-0.02993198,0.067201055,0.015490165,0.07559749,-0.053883083,0.020477348,0.083105827,0.03400636,-0.015585713,-0.117522101,0.099349894,-0.025077944,-0.07330088,-0.036289307,-0.005966982,0.050432701,-0.029530684,-0.015402203,-0.049696469,-0.027908205,-0.055538063,0.098144024,-0.099710508,-0.093650904,-0.048025755,0.129738629,-0.012453462,-0.045483362,0.025095991,0.07211342,0.045286685,-0.025538181,-0.108142949,-0.098519767,-0.017915089,0.001489379,-0.039501005,-0.059163953,0.099109882,-0.017572814,-0.035584135,-0.015615996,-0.147600304,0.047043981,0.119799091,-0.016942539,-0.02011543,0.081317126,-0.019307328,-0.07809654,0.079491187,-0.092517929,0.006262479,0.139491656,0.006485499,-0.034836721,0.009203618,-0.007039102,0.14888122,0.052218351,-0.103969641,-0.046490562,-0.01426556,0.020752644,-0.106985196,-0.004754393,-0.044703285,-0.028458687,-0.04713664,-0.05076916,-0.068956065,0.011039319,-0.036477915,-0.059697035,0.004714256,0.027444093,0.013033803,0.043890484,-0.078322458,0.006619299,-0.031114222,0.004755102,-0.070267497,0.00465121,-0.051113308,0.067655463,0.063140824,-0.117443482,-0.078035219,-0.040380952,0.0270095,0.0328228,-0.001674231
251,-0.089797739,-0.089484266,0.000426733,-0.04835252,0.018710941,0.014070899,-0.008666339,-0.101094354,0.019047282,0.068031548,0.010641404,-0.099302997,0.004291041,-0.103714957,0.034025053,-0.042832839,0.079144975,0.010126061,0.046447377,0.138893474,0.065659854,-0.097258138,-0.06415948,0.071908526,0.006981075,-0.051943447,0.047315414,-0.069087256,0.059750094,-0.045700092,0.041938269,-0.01890642,-0.034992494,0.165381407,0.058289674,0.00918799,0.094144542,-0.065707075,0.032581555,-0.169569808,-0.062027015,-0.005826124,0.118365005,0.018318002,-0.012780507,-0.008248699,-0.03484981,-0.008678272,-0.053219448,0.016897924,-0.044936873,0.031425269,0.033860681,-0.016109931,-0.041053291,0.052304495,0.070248942,0.08176037,0.015057737,-0.021463238,-0.041958531,0.077081559,-0.014202635,0.056440076,0.006227202,0.024471763,-0.033116446,-0.063054056,-0.107705049,-0.078608494,-0.056024331,-0.073637796,-0.003461654,-0.015820419,0.098555249,-0.064394597,0.013825193,0.014555854,0.002202575,0.100028711,0.020498945,0.030484023,-0.029094285,0.005555788,-0.00026807,0.11350693,-0.09081378,-0.030109239,-0.098860932,-0.02540178,-0.088542564,-0.03342719,0.08299497,0.097283342,0.006580651,0.145876808,-0.012037414,0.098003985,0.082186717,0.039957294,-0.059650421,0.044747442,0.078955544,0.003384201,0.080221072,0.023520646,-0.033845296,0.052913844,-0.022237751,-0.045520957,0.021765562,-0.010986406,-0.039008441,-0.069250981,-0.097747926,-0.007935825,-0.12856012,-0.03919322,-0.043212072,-0.031760115
252,0.057633296,-0.03295553,0.00467684,-0.029704562,-0.020836491,-0.099340159,0.047926211,0.011707146,-0.006297067,0.065586062,-0.087267236,0.0644976,0.063561143,-0.056188169,-0.011260053,0.047137648,0.014351521,0.071198759,0.064865761,-0.063124011,-0.083954752,-0.02151429,-0.031637942,-0.014979918,0.132633672,-0.118375789,0.019753524,0.038591253,-0.020107728,-0.061866104,0.02357703,0.037399397,-0.014762581,0.152072799,0.060151392,0.040993459,-0.037259224,-0.047469073,0.064040612,-0.021521155,-0.027932154,-0.110849035,0.01256195,0.034387246,0.012784262,0.132531989,-0.060901531,-0.015415326,-0.026212872,0.029699353,-0.097198843,0.045723529,0.040387769,-0.056565928,-0.046442548,0.06934905,0.048574454,0.025656301,0.120367813,0.120931474,-0.008551184,0.071906866,-0.068711099,0.001977815,0.046086935,0.02236966,0.147631823,0.097533265,0.011605885,-0.006325457,0.008573075,0.10360799,0.046606987,0.03419276,0.105494441,0.013806138,-0.010736877,-0.038607905,-0.093394688,-0.0696329,-0.058012791,-0.017890575,0.016581727,0.090682752,0.032547613,0.041241004,-0.033216412,-0.092288774,-0.050466172,-0.029701128,-0.097813396,-0.037817432,-0.051047807,0.043137079,-0.001821802,-0.005877816,0.106262367,0.05482512,-0.017761094,0.069077415,-0.000980083,-0.043129585,0.054232404,0.03256319,0.015299341,-0.060090154,0.058343188,0.084916517,0.01147679,-0.06407334,-0.063738911,0.028867632,-0.060980245,0.155673325,-0.003069529,-0.042084546,0.006780814,0.036893335,-0.016662597,-0.034857006
253,-0.022551741,0.032347026,0.072757568,-0.081262951,-0.006697519,-0.050547705,0.050202302,0.017017072,-0.016086834,0.129695796,0.085061758,-0.109787484,0.069852042,0.111890224,-0.04632346,-0.008581729,0.066056116,0.023079,0.126679089,0.05963158,-0.033481308,-0.026673669,0.04360409,0.093767711,-0.010139972,0.081779775,-0.016773133,0.080099221,0.035208549,-0.052495618,0.044677513,-0.07316446,-0.124866169,0.012180807,0.005003978,-0.029276882,-0.030237257,-0.061760763,-0.068930393,-0.047965254,0.01539913,0.168591628,0.023535619,-0.009575686,-0.003489643,0.062319037,0.079077333,0.060660841,-0.009712098,-0.030164411,-0.059841619,0.043963603,0.057710978,-0.008410577,0.021485334,0.046811475,0.005902699,0.161440604,0.050661613,-0.125320449,0.04130595,0.010235763,0.016008669,-0.070801014,-0.019708453,0.046587014,-0.062280242,0.027084137,-0.058576231,0.013552379,0.114073713,0.054827066,-0.052269814,-0.019333113,0.063173205,0.074589593,0.046348862,-0.010137064,-0.090814116,-0.061494282,0.063755929,-0.081213302,-0.010160139,0.087274734,0.026240895,0.115790834,-0.082166231,-0.049347322,-0.107266967,-0.011232159,0.000740371,-0.063734509,0.097222867,0.074818902,-0.001106361,0.040092565,0.004706922,0.05330253,-0.114851971,0.05475475,-0.021559784,-0.026896282,0.05408118,-0.033858937,-0.007210256,0.02440228,0.013033992,-0.036759393,0.028887658,0.013880636,-0.005054439,0.089619118,0.07227063,-0.023623776,-0.060653995,-0.00851373,0.000514454,0.026480119,0.123995379,-0.066965759
254,0.033654806,0.08725596,-0.005382879,-0.010892544,0.119220883,-0.072571901,0.16342871,-0.15412394,0.090336402,0.031209798,-0.075362367,-0.087337256,0.097880327,0.044071766,0.031540449,0.106574524,0.144158174,0.04119396,-0.030245134,0.033261914,0.081057043,0.053960069,0.045832829,-0.012584943,0.17459646,-0.060511896,-0.010275532,0.07218813,-0.022416642,-0.039112716,0.02377874,-0.05883581,-0.092198964,0.214678548,-0.013903415,0.042930861,-0.098753315,0.074748047,0.050198588,-0.061250781,-0.081538214,-0.003948822,0.049398317,0.073554025,-0.089970968,0.145921312,-0.068762008,-0.107952035,0.044238841,0.022568363,-0.027230687,0.152472955,0.018561574,-0.009897095,0.001274645,0.049862509,0.068835409,0.060148381,0.054106822,0.001817663,-0.034803176,0.070121106,0.04539638,-0.022101346,-0.033983134,0.218042289,0.08264274,-0.005695725,0.078699284,0.062146011,-0.013343699,-0.042141599,0.066515849,-0.062035884,0.26869202,-0.108309853,-0.000364883,-0.037992966,-0.160973444,0.16330904,0.079352325,0.089541778,-0.017406223,0.099756438,0.13299866,0.014588753,0.070686206,-0.026454899,-0.073357337,-0.124315791,-0.042230448,-0.086835105,0.03730389,-0.041210421,-0.004850037,-0.066012594,-0.046525277,0.107229122,-0.129702508,0.0383407,0.046357558,0.134376114,-0.003816945,0.096529871,0.053821289,0.073818216,0.025748826,0.028837658,0.077515599,-0.051439215,-0.000862124,-0.038589992,0.048717265,0.014703395,-0.141849002,-0.07315488,-0.07537475,-0.11422656,0.130160076,0.020927053
255,0.0927817,-0.057855752,0.064046557,-0.021232252,0.033338522,-0.058648642,0.078283955,-0.035431663,-0.03245963,0.02492256,0.011964224,-0.062971041,-0.008270619,-0.022173189,0.054206757,-0.007463047,0.175324483,0.101158808,0.025072693,0.126305009,-0.013098543,-0.053644848,0.063959651,-0.059060392,-0.020871184,-0.022156043,0.091438292,-0.009521644,-0.082778598,-0.083529059,-0.074077135,-0.008194429,-0.017076798,0.181067913,0.011099759,0.168903231,-0.030823572,-0.0189505,-0.035681569,-0.082357471,-0.068621646,0.036584447,0.018699656,-0.004883094,-0.011074489,0.132087226,-0.034050766,0.048065604,-0.035860567,-0.000698771,-0.044671947,0.040000876,0.051462577,-0.017950049,-0.041691884,0.025734248,0.108137328,-0.016873958,-0.031917769,0.115159564,0.006370335,-0.071846788,-0.046172591,0.017596691,-0.055716862,0.110867345,-0.002780451,0.029229313,-0.031213421,-0.043193045,-0.066104317,-0.031873632,-0.015505925,-0.026438813,0.16201679,-0.032013196,0.051732802,-0.014887208,-0.065060987,0.064261182,-0.037009097,0.076466035,-0.051135994,-0.059218318,-0.077827381,0.032827834,0.083006253,-0.020953741,-0.089262505,0.026764063,-0.071997367,0.03280218,0.179114873,-0.06062763,-0.023947619,-0.049418744,-0.063825129,0.046052765,0.003791669,0.034497269,0.033014094,-0.016129013,0.123516846,0.032553066,0.026254476,0.078086568,0.007876423,0.024029559,0.131788328,-0.143930786,-0.045564511,-0.091093192,0.041827314,0.018770515,-0.079831854,-0.011150283,-0.098006814,0.042026348,-0.009298969,-0.077333663
256,-0.024692306,-0.066613433,0.101092236,-0.001716467,0.085303118,-0.017147318,0.124151574,-0.118410945,0.06501158,-0.090633803,-0.060947644,-0.067538999,-0.018929875,0.035356424,0.035003249,-0.006460612,0.379411502,0.071036058,-0.030342379,0.132165791,0.008722066,-0.028506145,-0.020546276,0.102405276,0.023866618,-0.04458998,0.282898101,0.109253792,0.059296747,-0.133350351,0.110549565,-0.007096442,-0.102361845,0.237761598,0.136169795,0.26717649,-0.080027865,-0.046305721,-0.018508554,-0.235115643,-0.069744521,0.005995352,0.149192922,0.032071237,0.032042171,0.084910955,-0.122394696,0.013573777,0.005379322,-0.071826177,-0.045835572,0.203866365,0.056307881,-0.060778824,-0.044046462,0.059331489,0.134961312,0.178242263,-0.040208129,0.060239877,0.021039415,-0.012177152,-0.041551387,0.002673551,0.015290988,0.351023243,0.057206914,0.180953991,0.071124118,0.051318995,-0.129492737,-0.000977639,-0.087291578,-0.006112548,0.339682463,-0.101885878,-0.031277593,-0.113291217,-0.167236202,0.097242237,0.10879642,0.047768377,-0.013090932,0.072144047,0.088328922,0.181404587,-0.084597583,-0.066724285,-0.204432194,0.047069464,-0.16024665,-0.121046038,0.178422709,0.052854364,0.033150449,0.028532111,-0.074000264,0.13487403,-0.106648237,0.002149244,-0.060139799,0.095807817,0.011865624,-0.019160803,0.228252279,0.010452756,0.092832777,0.046991078,-0.013700233,-0.098086926,-0.087329763,-0.114303562,0.147856838,0.096689531,-0.222420944,-0.060831908,-0.040745315,-0.12396061,0.147206202,0.040491853
257,0.087585337,0.03658592,-0.03632526,-0.042326188,0.04659937,-0.104538331,0.073599498,-0.049412643,-0.023502069,0.120362328,0.06413104,0.091764343,-0.052198165,-0.002560995,0.033703769,0.015273454,0.267174251,0.089930278,0.058005176,0.070629736,-0.002649998,-0.05062586,0.038311984,-0.105981984,-0.01306204,0.053893919,0.126589014,0.024212399,0.107880695,-0.107426576,0.099177558,-0.024699173,-0.003875453,0.097479808,-0.008469906,0.155143988,-0.089178069,0.100564859,0.010620991,-0.09166333,-0.071446898,0.045526037,0.103687329,0.047673794,-0.031627748,0.242924806,-0.069426106,0.0704694,-0.039047679,0.055639652,-0.018123845,0.091850809,0.068607653,0.064651091,0.036457394,0.116470208,-0.029607958,0.089947321,-0.048291339,0.057729889,-0.042359691,0.097846652,-0.043502593,-0.111341851,0.015344053,0.091484272,0.007036717,0.169684173,0.081800378,-0.002824298,0.083937235,0.127359301,0.01748987,0.010917935,0.215152002,-0.071581299,-0.048253198,0.08062754,-0.095551617,0.12967162,0.158828045,0.084527401,-0.005532055,0.001984595,0.008456803,0.060063056,0.0509204,-0.065653011,-0.093344103,0.010818259,0.008373273,0.029223514,0.131890451,-0.110110538,-0.02199577,0.053905668,-0.038116066,-0.03459435,0.026245279,0.0108829,0.064645215,0.132967439,0.109372879,0.006517162,0.072207939,-0.066684998,-0.005324853,-0.01357886,-0.138944557,-0.070183182,-0.048829668,-0.03519475,0.051074003,0.042816273,-0.085910637,0.009877781,0.055081983,-0.087350421,0.007111913,0.052812122
258,0.006033329,-0.009962116,0.036018506,0.041176251,0.007449996,-0.03801326,0.069575661,-0.084131222,-0.056551556,0.039253986,0.016732777,-0.031672308,0.046266389,-0.071652654,0.060708146,0.015487704,0.216973175,-0.035286311,0.020525412,0.048699094,-0.031794002,0.06966381,-0.034155075,0.036840935,0.083020197,0.105480219,0.067580316,0.004952165,0.007781702,-0.059960198,0.177470695,-0.082016965,-0.122390778,0.039863788,-0.032824985,0.087553969,-0.039890164,-0.01827453,0.079957466,-0.052619626,-0.013096787,0.217828682,0.135121294,0.10722669,0.085181909,0.130198593,-0.043341211,0.018585108,-0.030712973,0.023357572,-0.103363493,0.130620551,0.056127406,0.045140358,0.029501644,0.036139574,0.085883834,0.1042916,0.008249693,0.117997542,0.032143958,0.022269943,-0.051922576,-0.06364079,0.103831646,0.333473415,0.102999401,0.058276475,0.022729447,-0.019865834,-0.042974473,0.04421834,0.009079992,-0.052984671,0.217552243,-0.071261559,-0.041085721,-0.060639476,-0.109951001,0.076734,0.038277735,0.070783282,-0.02045019,0.017097461,-0.024495116,0.103275842,0.066597727,0.071975213,-0.187161937,0.05291704,-0.17025946,-0.178199201,0.062158309,0.006191149,-0.012644591,-0.031452362,-0.065101125,0.007690339,-0.060661828,0.033714174,0.150344839,-0.039381921,0.041262166,-0.073953308,0.159078536,0.106262667,-0.036735029,0.109265427,-0.114411681,-0.120463489,-0.070036365,-0.055749893,-0.035664458,-0.011332511,-0.17379879,-0.044283391,0.095776216,-0.096722766,0.122779064,0.049721151
259,-0.108616357,0.082275463,0.105422016,-0.012546363,0.0882215,-0.016334803,0.081865362,-0.054493228,-0.063006596,-0.041706756,0.027610974,0.002298055,0.136007078,-0.066055714,0.140899448,0.157797756,-0.00710893,0.004697085,0.132203591,0.080455413,0.094888537,0.003893959,0.049920516,-0.019389357,-0.047470521,0.026500922,0.026331163,0.00608661,-0.017488945,-0.044209569,0.10466635,-0.024848592,0.045394159,0.003860252,-0.059220313,0.035282158,-0.107350431,-0.094086216,0.028053227,-0.035527311,-0.121725392,0.009485914,0.072092948,-0.021287974,0.08341407,0.134310638,-0.07176852,-0.023918014,0.067120311,0.067362716,0.068514937,0.031492133,-0.004712983,-0.03389905,-0.097108039,0.080829362,0.145889903,0.029042323,0.025159384,-0.0038987,-0.002276284,-0.036773493,-0.054671537,0.055906143,0.011733269,0.058734375,0.133285247,-0.033927222,-0.041062968,-0.034458949,-0.039892485,-0.050161705,0.049009413,0.009632025,0.139868229,0.071861382,0.017456925,-0.040409051,-0.084479285,0.042908218,0.045223295,0.064064832,-0.00579352,-0.010165884,0.027970711,0.016195748,0.06433689,-0.099715066,-0.04285102,0.046404251,-0.027178532,-0.09251392,0.117756707,0.076895119,0.046713403,0.097439897,0.004111568,0.003502129,-0.114719916,0.038641822,-0.00234602,-0.006637635,-0.020964171,0.065145581,0.098041861,0.019955398,-0.043639054,-0.017757027,-0.058780571,-0.04242138,0.025542419,-0.080856067,-0.004217833,0.024756783,-0.048350574,-0.005122732,0.025070919,-0.101850851,0.086530621,-0.090636867
260,0.013467597,0.040148819,0.042780961,0.017715817,0.134832198,-0.006227506,0.156791754,-0.09398501,0.069252787,0.118881582,-0.015650788,-0.032481302,0.02873761,-0.076114826,0.040004767,0.025586283,0.18096992,0.088582143,0.068092772,0.037713006,0.03512349,0.015411858,0.123434091,0.018256804,0.048505362,-0.051423847,0.032845662,0.166623935,-0.055679187,-0.039522405,0.029634281,0.003178548,0.083926535,0.165790174,0.053307466,0.079980442,-0.00240873,0.008138204,0.020533038,-0.117896101,-0.016852336,0.026920085,0.050091699,0.069349597,-0.024112106,0.152422724,-0.119272556,0.026235326,-0.073179189,-0.017219561,-0.136697192,0.13830318,0.020411443,0.093774555,0.027869521,0.040035611,0.159552889,0.026300893,0.053132008,0.11082883,0.065222968,0.103716466,-0.047349297,-0.008619224,-0.033367871,0.205500807,-0.076698115,0.091283908,0.065096401,0.098931889,-0.10514297,-0.005521595,0.001616107,-0.085290248,0.274517838,-0.048992281,0.062613122,-0.056876141,-0.133120467,0.054216131,0.012674276,0.001825455,-0.017903842,-0.009641775,0.132053794,0.055273063,0.045591154,-0.037465628,-0.086343954,-0.035649324,-0.045009626,0.028990627,0.112458072,0.131818632,-0.034344418,-0.058178463,0.013414804,0.128391459,-0.005619833,0.031400365,-0.01000585,0.115440212,-0.006202084,-0.011478295,0.091822223,-0.0246206,-0.023203973,0.033970795,-0.038426143,-0.07451197,-0.042217508,-0.087437157,-0.022826859,0.080695094,-0.093367803,-0.107561343,-0.046052077,0.050049831,0.107292246,-0.043829142
261,0.029324515,0.04543392,0.041328217,-0.026304664,0.033440519,-0.045788544,0.122296166,-0.088515819,-0.076883186,0.028113428,0.118297327,-0.013858366,0.021653886,-0.029457165,0.012872352,-0.007431454,0.082050691,0.054125034,0.036951571,0.015374232,-0.042936694,-0.048764394,-0.003669014,-0.034879101,0.049054878,-0.08301903,0.128559258,-0.05723935,0.007477135,0.000310971,0.079206442,0.005804023,0.007420785,0.08526514,0.064252768,0.08468187,-0.048380132,-0.0344242,-0.007951877,-0.044426462,-0.016534232,-0.037777811,0.097664574,-0.000402226,0.057798271,0.102332472,-0.07849559,0.066574677,-0.004132313,0.050725821,-0.019491168,0.030640147,-0.015113836,0.063386563,-0.056172046,0.120032976,0.042977598,-0.121670881,0.023867417,-0.064803539,0.039482644,0.003432077,-0.047368979,-0.080647984,-0.028641033,0.215713871,0.002071107,-0.03582185,-0.089085407,-0.013090282,-0.064883126,-0.018330688,0.023037497,-0.083470942,0.114970224,-0.070119069,-0.034541132,-0.073513181,-0.121789379,-0.008637414,-0.009799097,-0.036822949,-0.02387347,0.038686729,-0.035190348,0.050272807,0.027674918,-0.031621929,-0.081516095,-0.013664132,-0.013811509,-0.064385666,0.094346446,0.00343402,0.0635859,-0.011995336,-0.003327622,0.085406986,-0.069624383,0.035140587,-0.063456356,0.126811001,0.035194893,-0.038796195,0.050039609,0.045299144,0.033141919,-0.010200474,0.019860627,0.007094367,-0.007393564,-0.062471435,-0.115770727,0.040039093,-0.15370886,-0.092281198,-0.028134386,0.008996043,-0.05018834,0.008592182
262,0.061457677,-0.046439764,0.01329852,0.014677683,-0.024248909,-0.019595636,0.065595607,-0.042369748,-0.0163677,0.077543501,-0.012859068,0.003995604,-0.026691414,-0.018938769,-0.092119716,0.097473727,0.163372872,0.0918215,-0.012504893,0.082219906,0.016866885,0.024376234,-0.001155903,0.120274028,0.006468505,0.017623794,0.026679682,0.026073605,0.155058752,-0.05154393,0.09079535,0.040800081,0.092844629,0.16400017,-0.09067868,0.050331174,-0.034410095,-0.006409835,0.042087053,-0.107576745,-0.07469163,0.011157031,0.104806042,0.014798566,-0.005574396,0.11639234,-0.037786809,-0.099514933,0.083150314,0.044624649,-0.100579945,0.046092922,0.002930946,-0.005794075,-0.012599203,-0.030884913,0.124891212,0.100297485,-0.006214644,0.055696266,-0.004513033,0.082673715,-0.058632526,-0.053888033,-0.015907037,0.185167632,-0.009170507,-0.078002427,-0.054094584,-0.02107249,-0.041450433,-0.001428719,-0.100023534,-0.136743718,0.318620888,-0.154632383,0.021521934,0.04639356,-0.133458255,0.063405487,-0.030589458,0.02296611,-0.020553934,-0.013967341,0.107151215,0.160130518,-0.018547783,-0.019533039,-0.148684745,-0.047812016,0.018819589,-0.00907677,0.126580391,0.067866422,0.057536948,-0.015037947,0.058762593,0.030870524,-0.051723477,-0.009380738,0.037971768,-0.042935786,0.115980436,0.032916799,0.002783059,0.032144197,0.057757525,-0.09826583,0.002733955,-0.031008376,-0.005641431,-0.100579719,0.04263894,0.014996722,-0.136418107,-0.013316669,0.086175323,-0.085799721,0.097074838,-0.126762555
263,-0.006347884,-0.066103749,0.087010627,-0.108872545,-0.018000549,-0.069005608,0.168159016,-0.080587811,-0.114185182,0.106235178,-0.025514758,-0.106505269,0.039625405,-0.108928158,0.128792127,0.088674082,0.291414165,0.184518877,0.169746295,-0.025288294,-0.000708644,-0.057565346,-0.048222491,0.068011562,-0.005525323,-0.071107385,0.050582253,0.055150879,0.010697759,-0.065349057,0.106652178,-0.054237812,-0.030409707,0.041186419,0.064126961,0.110764862,-0.099159636,-0.045585506,-0.027152464,-0.18306125,-0.11512863,0.107068282,0.020463027,0.17470485,-0.015672778,0.155449307,-0.076129511,0.053509266,0.131893763,-0.065166901,-0.091546522,0.25765564,-0.044402072,-0.001757795,-0.035345165,0.024034457,0.133864038,0.106895579,0.04708851,0.05452722,-0.104744961,0.108146111,-0.097301986,-0.102965695,0.04388028,0.293036746,-0.019434693,0.053005634,-0.003636357,-0.035184559,-0.075678294,0.010206278,-0.079181763,-0.024479028,0.315825578,-0.016728911,-0.047164474,-0.057477708,-0.144275293,-0.062174586,0.06877475,0.135399855,-0.094406602,-0.009603828,-0.027704752,0.133851855,0.076826244,0.023171778,-0.188295769,-0.006593987,-0.055738168,-0.194191457,0.164410153,-0.008041707,0.073035651,0.011900054,-0.047880504,0.058278855,-0.094231883,0.077445677,0.086884985,0.009626717,0.068600799,0.011622907,0.101536771,-0.102901227,0.038225712,0.113377536,-0.006411179,-0.050727767,-0.168467183,-0.111769628,-0.045004889,-0.007958839,-0.122420833,-0.139761322,-0.040511726,-0.091379197,0.013838877,-0.041898634
264,0.042724772,-0.043815734,0.105641973,-0.010881034,-0.038510555,0.023590248,0.003099156,-0.108793961,-0.01124832,-0.015871052,-0.067570691,0.015390087,0.050837749,-0.032626666,-0.031088933,0.080315178,0.180833658,0.090045852,-0.00329736,0.062602185,0.13659385,-0.049482735,-0.097238179,0.008486727,0.13913803,-0.074534164,0.06829342,0.016922041,0.010016474,0.024037369,0.074601089,0.087964762,0.007809097,0.149148812,-0.057687779,0.165029161,-0.083442794,-0.061652564,0.083571969,-0.131425214,0.017599472,-0.097813003,0.087607014,-0.005095318,0.027746832,-0.012124622,-0.078537253,0.037041688,0.02574086,-0.007937221,-0.138626971,0.09657778,0.026678552,0.027994067,-0.073591161,-0.030344115,0.05757716,0.032955302,0.046510969,0.003499894,-0.054265248,-0.010481106,-0.118474417,-0.054314398,0.058585498,-0.041803551,0.05865032,0.142758552,0.037614982,0.034869428,-0.044237427,0.008547562,0.054847623,-0.070641704,0.272777917,-0.183041937,-0.050616237,0.027887688,-0.027991652,-0.048391985,0.164702425,0.022057105,-0.074510531,0.116721665,-0.059590792,-0.007506433,0.014673665,0.00105631,-0.060001292,0.049659252,0.11090127,-0.09143517,0.145649236,0.045738856,-0.056541777,0.050175111,-0.033304215,0.089913239,0.01172722,-0.007772535,-0.100624516,0.051420532,0.047552522,0.080619492,0.053990055,0.017026508,-0.022783877,-0.095698561,-0.044193376,-0.009188531,-0.165247662,-0.118017419,-0.009707107,0.070230707,-0.093205427,0.001560475,-0.08039427,-0.110565738,0.090705486,-0.009573378
265,-0.037851967,0.013305647,0.028760361,-0.014194192,0.047686387,0.031675854,0.11310192,-0.040546197,0.078589,-0.013323953,-0.006259809,0.016910684,0.107241148,0.103559186,0.000209227,-0.066457848,0.19938786,0.112313256,0.035889952,0.116944784,0.012934524,0.012358084,-0.058887217,0.093451242,0.054422907,-0.15323928,0.126880091,-0.011526049,0.114179688,-0.061632788,0.078083046,-0.081108292,0.004571952,0.235454344,-0.001366336,0.09543444,-0.067370499,-0.017562763,0.029026247,-0.077803937,-0.054229606,0.083087159,0.113682617,0.077606058,-0.083516561,0.139623425,-0.068872273,0.023008539,-0.058744677,-0.014939712,-0.075909945,0.17798113,-0.033361347,0.012269357,-0.029434451,0.11900253,0.162132733,0.046813077,0.049192696,-0.083055955,-0.077935273,-0.018786663,0.012729555,-0.044601752,-0.137797755,0.08763367,0.025515951,0.052187886,-0.001632752,-0.061738463,-0.123840695,-0.090488212,-0.058716762,-0.016895191,0.420795558,-0.185760026,0.05325862,-0.034478633,-0.202608658,0.117067341,-0.030119196,0.013872511,0.012499688,-0.00135494,0.02095028,0.040418119,-0.06658052,-0.0406875,-0.140334656,0.021628659,-0.000409126,-0.114069595,0.041216248,0.028525393,0.047388153,0.039433886,0.078783851,0.083499033,-0.089912263,0.046487487,-0.113187477,0.028676513,-0.010355169,0.093274146,0.075987105,0.025335228,-0.038201025,-0.028988887,-0.021303157,-0.14533119,-0.11361959,-0.113529809,-0.057738375,0.027879971,-0.099875063,0.006001276,0.004495181,0.003156301,0.034107184,-0.122408269
266,-0.011058138,-0.059836639,-8.29009E-05,-0.040430762,0.020693736,-0.036163386,-0.007435606,-0.081302563,0.0097141,0.002808344,-0.042329976,0.006693728,-0.020141281,-0.003988291,-0.109216296,-0.007754571,0.160631823,0.08501197,-0.04452114,0.216051174,-0.111622712,-0.12592728,0.022362648,-0.008662033,-0.047300901,0.014871678,0.083709399,0.049793112,-0.058559392,-0.116861194,0.029130364,0.006497602,0.028162479,0.072582272,-0.087798462,0.001907898,-0.059432309,-0.068340291,0.0254522,-0.092570442,-0.016648544,0.037237165,0.080956467,0.003132903,0.127539757,0.108694204,-0.026391022,-0.03359024,-0.085451133,0.009218122,-0.017530264,0.062929156,0.001369809,0.121616299,0.015406289,-0.016664642,0.004705236,0.030723143,-0.035307594,0.047057788,-0.140153993,0.09565484,0.005373071,-0.004093136,-0.086968948,-0.020063909,0.068219988,0.06241374,0.007869111,0.043199992,-0.090369016,0.020623466,-0.027297523,-0.036583494,0.030977104,-0.034716844,-0.044425795,-0.07791973,-0.097033093,-0.024369756,0.034255043,0.022759233,-0.00695025,-0.083157467,-0.049124431,0.042626622,-0.077973514,-0.075072944,-0.050609763,0.021400975,-0.002720281,-0.041136883,0.065676371,0.086408415,-0.024124587,-8.8077E-06,-0.004637436,0.039438854,-0.02149791,-0.032664545,-0.085403319,0.022957625,0.010227196,0.164432314,0.060054816,0.041173881,-0.083124246,-0.042128492,0.028146343,-0.083899471,-0.00375671,-0.025083587,0.09218778,0.08468255,-0.058773192,0.052286654,-0.004116248,0.060981089,-0.037791496,-0.013792754
267,-0.030327823,0.107739868,0.04015989,-0.059174736,0.011444539,0.013612072,0.107521908,-0.009158871,0.022678663,0.122266393,-0.070729616,-0.037845493,0.0318115,-0.018170685,-0.029523554,0.0724979,0.120324577,0.124670509,-0.001601796,0.08199978,0.077184909,-0.073633583,-0.011919263,-0.005092248,0.028908543,-0.043905379,0.089430738,0.048287164,0.086860506,-0.09400266,0.051340653,0.051011215,-0.030003758,0.111268518,-0.071259682,0.026994253,-0.083661262,0.068362399,-0.008432336,-0.035131924,0.00326415,-0.001127356,0.066987787,-0.03242276,0.009178845,0.089681498,0.012202423,-0.001414188,0.010467707,-0.003193508,-0.022334445,0.177608474,-0.038212279,0.007968086,-0.029615934,0.088099291,0.155141808,0.162715933,0.028498867,0.046069252,-0.071367257,0.075592221,0.057453039,0.019942037,0.067663533,0.205311022,0.060854687,-0.013278807,0.086608694,0.059777033,0.020469274,0.047249815,-0.017985526,-0.085808175,0.147189778,-0.006006511,0.060332191,-0.053197549,-0.024383769,0.053720808,0.132898877,0.041712394,-0.027146976,0.000707222,0.020776342,0.122080989,-0.007968483,-0.031742014,-0.079060878,-0.008467694,0.009220551,-0.140182337,0.041112984,-0.015190885,-0.055220213,-0.11292126,-0.077545513,0.026423997,-0.003819789,-0.038118783,0.015625927,0.006755351,0.15447015,-0.015871007,0.087381122,-0.066016769,0.006186919,-0.048965171,0.075696808,-0.116722039,-0.006777264,-0.03834019,0.132121534,0.05144119,-0.089653376,-0.105530701,-0.02169696,-0.08546163,0.077779381,-0.080253952
268,-0.019959669,0.096466765,0.100912228,0.009812776,0.150621969,-0.0966626,0.038584038,-0.039447748,0.038986996,0.069905236,-0.039677464,-0.039282396,0.030635994,0.004506212,-0.026607111,0.119477319,0.217744219,0.083656216,0.095293668,0.104856469,-0.10405552,0.001898144,-0.099710086,-0.015164674,0.096664202,-0.11752465,0.071323954,0.033979655,-0.076382997,-0.114248002,0.072185373,-0.043451296,-0.023632344,0.138801635,-0.03114934,0.242257165,-0.089673258,-0.039519824,0.115792662,-0.085596846,-0.061550107,0.027943902,0.140320073,0.010037862,0.09347704,0.094661709,0.02724269,-0.005510913,0.024746158,-0.057613953,-0.054663048,0.120560519,-0.000885118,0.046486102,-0.060728114,0.152101612,0.131966106,0.124910368,-0.034455714,0.042029737,-0.077944034,-0.038605576,-0.040804483,-0.006805441,0.056182813,0.237686671,0.162050008,0.212958048,0.020955502,-0.084682553,-0.120729278,0.065018813,0.013979888,0.002887782,0.391087935,-0.101152412,-0.049236968,-0.017986488,-0.160442106,-0.008559391,0.190801817,0.071325575,-0.0476125,0.10172128,0.040497363,0.105301003,0.027035562,-0.005097583,-0.129137256,0.072801851,-0.094127833,-0.093214459,0.154083472,0.066296893,0.060161871,0.105959363,-0.004132487,0.122721145,0.054470223,-0.063433588,-0.026121641,0.11655595,0.218012591,0.093985829,0.073201364,0.126185847,-0.120823995,-0.016595339,0.0212604,-0.109713495,-0.148628212,-0.121838345,-0.052950041,0.0943045,-0.129813114,-0.079411851,-0.05122949,-0.124026903,-0.006268114,0.023815935
269,-0.051041292,-0.041328525,0.083868953,-0.012448821,-0.051360239,0.068101173,0.014297566,-0.111219846,-0.083251242,0.037796434,0.053980048,0.005447734,0.075846805,-0.075058537,-0.015166425,-0.018767137,0.201520773,-0.012751046,0.187539249,0.0942831,-0.014034539,0.071297188,-0.024642913,0.082438949,0.025701133,-0.067571618,0.180679263,0.012893584,-0.031220722,0.085012176,0.095990492,0.03052202,-0.06146736,0.063631569,-0.031827209,0.089868539,-0.073520115,0.082728046,0.062590354,-0.044348513,-0.07131385,0.01600443,0.017825501,0.019438684,0.008500046,0.138384357,-0.01708541,-0.086522797,-0.082621892,0.031414386,0.025525751,0.185362911,-0.058423898,-0.003127616,0.035448526,0.036388594,0.111118341,-0.026627131,0.048689341,0.035200567,-0.070878692,-0.016568731,-0.020387289,-0.070731671,0.080827252,0.128582048,0.039493875,0.104159584,-0.002094087,-0.046559477,0.055896261,0.003294661,-0.013436326,-0.008360464,0.176819441,-0.102492276,-0.110210369,0.065837963,-0.075345196,0.087078439,0.000512227,-0.003284273,0.053303565,0.017854605,-0.018144335,0.047074247,0.020457702,-0.023096427,-0.108438649,-0.036250554,-0.018332051,0.009620549,0.148743111,0.089839418,-0.010876036,-0.089427938,0.054930159,0.034006167,-0.012638804,-0.004497359,-0.015243579,0.175308045,0.030919562,-0.039266766,0.105551243,-0.030036121,-0.025122698,0.027417759,0.031033805,-0.102541943,0.003667181,-0.06559488,0.033864424,-0.069352094,-0.066595904,-0.037156871,0.009241246,0.048744727,0.078940412,-0.099666947
270,0.00223849,-0.046258979,0.095521091,-0.071381559,0.047133942,0.07520604,0.147864391,-0.065943447,-0.018481258,0.152544562,0.037492801,-0.142941699,0.092050368,-0.059741359,0.109838497,-0.005329499,0.24316525,0.29269216,0.035960007,0.136192807,0.019661094,0.011422056,-0.097753843,0.155179458,0.085993656,-0.097421927,0.040346708,0.003486735,0.070670218,-0.063736926,0.059562367,-0.033358639,0.005348643,0.30385637,0.03359647,0.140625297,-0.078329833,-0.027208798,0.115911217,-0.053003358,-0.052369662,0.018160528,0.244999381,0.037247273,-0.033838044,0.120285534,-0.021452325,-0.028118536,-0.087085353,-0.015832985,-0.126444501,0.049596893,0.096891368,-0.046730622,0.036678584,0.025337273,0.12385029,0.047717658,0.090336931,0.03506051,-0.041439008,0.113736257,-0.013107824,-0.028548873,0.013609739,0.136706505,0.051190048,0.049267767,-0.093188162,-0.004447743,-0.107133125,0.139904378,-0.022678149,0.008083649,0.183243096,-0.056255277,-0.072215894,-0.080338554,-0.175813969,0.062526265,0.104807253,0.071680637,-0.018707421,0.10356631,0.026364201,0.166592905,-0.086589781,-0.047496637,-0.155356039,-0.102494812,0.024383376,-0.076163218,0.108706193,0.022327702,0.033845998,-0.091358162,-0.098964154,0.036010361,-0.111628083,-0.069050496,-0.078361431,0.094834014,0.053268827,0.076764233,0.10434956,-0.058804067,-0.056354505,0.018388766,0.08677646,0.018234705,-0.133996282,-0.108064791,-0.025499983,-0.031973284,-0.217149519,-0.017770643,-0.007803138,-0.015511229,0.031543965,-0.031874397
271,-0.095116059,0.078188039,0.01302209,0.090660825,-0.041088721,0.014128524,0.059214611,-0.13737173,-0.024517726,0.206411587,0.020295944,-0.066885915,0.052733231,-0.029650522,0.070409151,-0.097708415,0.169884271,0.117805411,0.030374607,0.102756067,-0.022842731,-0.095222891,0.009909565,0.023297921,0.086913898,-0.032907097,0.037118848,0.080662776,0.111922086,-0.06736329,0.057276632,-0.105147954,-0.009953517,0.150942667,-0.025804847,0.208455193,-0.051756551,-0.001704349,0.040412282,-0.114295305,-0.079326958,0.055251235,0.118075238,0.048418834,-0.058277877,0.072227314,-0.031253718,-0.065906327,0.097918245,0.145496042,-0.003401182,0.056598077,0.016910214,0.058589874,-0.000097188,0.09143079,0.124241303,-0.061121983,-0.012891879,0.008476982,0.100055343,0.104677258,0.052134177,-0.116229407,-0.000319432,0.179827338,-0.035431238,0.130070806,0.098849797,0.044112362,0.023353809,0.03311265,-0.025545919,-0.011437183,0.129255933,-0.005904693,0.039002739,-0.073045104,-0.046300393,0.050937178,0.069368771,0.032211301,-0.01917651,0.027735888,-0.037717402,0.001411725,0.0533412,-0.064330188,-0.041381231,-0.058735885,-0.127392735,-0.055055004,0.102845753,0.009450214,0.054548004,0.095020964,-0.017533153,0.057764787,-0.085021957,-0.059850166,-0.120946171,0.005041314,0.088753238,-0.028918331,0.184908029,0.060283706,0.019160283,-0.017551183,-0.001120474,-0.082097527,-0.102979782,-0.108548989,0.123473028,0.110559413,-0.080087465,0.012462164,-0.044481315,-0.081927769,0.007329625,-0.050640632
272,-0.024467134,0.05600192,0.010646185,-0.014744252,0.088096273,-0.03410427,0.03955958,0.01588331,-0.142866591,0.082748619,-0.042986107,0.008924352,-0.060670763,-0.021709297,-0.001818691,-0.052074552,0.1113389,0.085618478,-0.043709847,0.02655571,0.062879401,0.029205961,-0.02462984,-0.012280431,-0.092244212,-0.098775213,0.077563941,0.092913204,-0.040817016,0.006006366,0.132001955,-0.030453195,0.003211401,-0.000702737,0.052075696,0.103275137,-0.080541051,-0.099170083,-0.037570634,-0.053573553,-0.015716487,0.002116662,0.060690725,0.090585362,-0.111966205,-0.070544941,-0.083641767,-0.070209132,-0.087175045,-0.031336548,-0.029641898,-0.05223294,0.015256915,0.07250134,0.038944175,0.003973477,0.108156137,0.083290911,0.003744836,0.020589201,-0.050096691,-0.031881348,-0.105224546,-0.003829483,-0.008042618,0.051347777,0.024595624,0.128426748,0.096043448,-0.041162539,-0.075202938,0.052901666,-0.011696136,0.049124547,0.086686561,0.060399026,0.169839376,-0.019157693,-0.056978328,-0.031304331,0.042084954,-0.035780548,-0.041099905,0.015261091,-0.067410195,0.057463575,-0.059315995,-0.002642246,-0.108546204,0.009377401,-0.00936466,-0.105353986,0.131167064,-0.116486523,-0.030676057,0.045383357,-0.061625327,0.019988,-0.073460646,-0.091702772,-0.03176078,-0.04061746,0.077575793,0.026648942,0.058158568,0.062996752,-0.023815377,0.021424907,-0.034019503,-0.067991104,-0.040249249,-0.085672441,0.093593628,-0.0790315,-0.038118403,0.008917527,-0.01415196,-0.009136766,0.037505876,0.014878589
273,0.031258617,0.07446632,0.012342224,-0.027004605,-0.016539893,-0.017280036,0.090653708,-0.013052742,-0.064872495,0.116925861,-0.056439099,-0.029173797,0.057834712,-0.056491781,-0.004535933,-0.071498822,0.177591373,0.200156343,0.055945995,0.201003891,-0.033992288,-0.066707058,-0.037533856,0.16557479,-0.011855049,-0.126870408,0.047701221,-0.026099734,0.005309856,-0.019048729,0.027415335,-0.032531215,-0.029535146,0.255008118,-0.058981504,0.122808257,-0.070605238,-0.030713063,-0.02034247,-0.093244121,-0.091496599,0.014327966,0.059386304,0.015624273,-0.087487083,0.116844725,-0.006298572,0.02691371,0.079333109,-0.082813864,-0.029855985,0.040430967,0.038511024,0.035958092,0.05820847,0.069467192,0.119100158,0.103945086,0.082445062,0.099813868,-0.076372238,0.071659687,-0.035772384,0.017569985,-0.122187321,0.076788127,0.010234066,0.109989735,-0.012213698,-0.084845442,-0.063730865,0.012241967,0.031393268,-0.082830272,0.258522532,-0.075030973,0.047788178,-0.051586622,-0.165466495,-0.001799592,0.108312957,-0.075376962,-0.015901193,0.116356814,-0.033893489,-0.021424765,0.004352215,0.061843229,-0.097976009,-0.021620543,-0.048390323,0.01472966,0.218259573,0.033043574,0.123931074,0.085706134,-0.053424023,0.066528088,-0.108490095,0.054005572,0.068851702,-0.066594831,0.156207836,0.03912628,0.147864078,0.020871598,0.051347713,0.066965015,0.021623361,-0.132503758,0.016084821,-0.132794012,0.129524427,0.006889086,-0.13741395,-0.053432778,-0.017651254,-0.06277912,-0.030197514,-0.064268219
274,0.10976566,0.058415229,0.054727618,-0.013800696,0.028958343,0.032209206,0.06210236,-0.141396369,0.034287226,5.5163E-06,0.045100022,0.057307016,0.098779401,0.10768467,0.035036912,0.049099488,0.114506404,0.117374811,0.122266588,0.072910358,0.12186202,-0.114378085,0.200785501,0.114165485,-0.044224305,-0.041625571,0.140770149,0.029350731,0.079498062,-0.047350417,0.006592258,-0.044360133,-0.086159043,0.056086405,-0.013646562,0.080415631,-0.110727126,0.059486379,0.034355845,-0.152483396,-0.089554989,0.086763115,0.037820907,0.090939016,0.166826126,0.178800484,0.015004589,-0.06236415,0.051817815,-0.001091559,-0.060412806,0.07818085,-0.053393535,0.016753427,-0.08857706,0.083442583,0.078966789,0.006389899,-0.067293784,-0.053394613,0.00848629,0.027734509,-0.09481934,-0.074767623,0.024013404,0.187085748,0.091313026,0.112599437,0.013966324,-0.027985136,-0.107827688,0.075868249,0.011134944,-0.032992578,0.237329432,-0.065697278,0.095647747,0.010299025,-0.154266371,0.012661945,-0.008916311,0.01957913,-0.070438542,0.059372874,0.03463967,0.156531341,-0.009436291,-0.06961137,-0.144245624,0.028135135,-0.119234097,-0.076929304,0.111500057,-0.035630445,-0.007888793,-0.07130737,-0.11049435,0.095175275,-0.001194008,0.005443686,0.046012457,0.037483578,0.197540057,0.151050968,0.113447473,-0.11826389,-0.071961737,-0.062416907,0.053230899,-0.10404547,-0.025877941,-0.165425155,0.045633466,0.022692012,-0.065907623,-0.066822343,-0.089417733,0.085392488,0.04266615,-0.084930403
275,-0.110801892,0.015538553,0.1610934,0.030894269,0.091884518,-0.067797487,0.172960313,-0.086502167,0.054843734,0.089456642,-0.090140979,-0.010995033,0.034004209,-0.073889906,8.81286E-05,-0.034982824,0.093947668,0.149075184,0.053942693,0.130633993,-0.027989009,0.037706812,-0.135325543,0.047153208,0.000876232,-0.060574321,0.093545972,0.144450589,-0.089308012,0.0230504,0.027683739,-0.031434146,-0.048875892,0.068324777,0.045450508,0.163204127,-0.039281871,-0.015734078,0.205951156,-0.166662534,0.062665286,-0.022273898,0.081588395,0.141462767,-0.000317562,0.012326193,-0.090641479,0.010220338,0.070046422,-0.004812904,-0.00557635,0.011543939,0.045017102,-0.014404272,0.01118802,0.095908452,0.081346749,0.172650199,0.078385154,-0.02688655,-0.097668821,-0.040503434,-0.036715124,-0.057122797,0.080625306,0.159831478,-0.040725391,0.065663821,-0.073041579,0.022995183,-0.0514072,0.101460462,-0.020545069,0.069910638,0.247805277,-0.071258685,0.049293674,-0.072355432,-0.092253611,-0.036305395,0.214767619,0.036904614,0.048827259,-0.018584253,0.064905069,0.094131335,0.086014074,-0.044807858,-0.072449636,-0.077958364,-0.076587247,-0.057644142,0.074370871,0.097062918,0.053358759,-0.049129032,-0.042436826,0.069850848,0.024390962,-0.019738987,0.020265638,0.01713558,0.048518704,0.040012599,0.207596984,0.00052512,0.037627829,0.011218602,0.040621144,-0.046697958,-0.139630555,-0.006618927,-0.028202401,-0.047820207,-0.088658083,-0.044456364,0.006186444,0.020586485,0.032126142,-0.027407195
276,-0.004706366,0.016841391,0.010929583,-0.049876273,0.007668326,0.008293949,-0.033350953,0.059563314,0.110032317,-0.046738563,-0.026640987,0.034020981,-0.037008493,0.076145105,0.023834168,0.04165656,0.172551374,0.012994574,-0.070038319,0.084398299,-0.094724852,-0.058822637,-0.107036969,0.075768217,0.020502609,-0.012966264,0.022069861,0.08887927,0.020606774,-0.024103663,0.020759682,-0.011559071,0.026480382,0.062259792,0.070035276,0.079629537,-0.027903411,-0.044235406,-0.001420229,0.014631898,-0.036599048,0.101201863,-0.026614372,0.057003629,0.098997516,0.029558852,-0.067816105,0.024784107,0.086108017,0.010125036,-0.123242249,0.018746862,0.126092011,-0.073439814,-0.129912224,0.008482342,0.04285418,0.031301252,0.050839334,0.053820696,-0.011191411,0.029438932,0.037606463,0.041057411,-0.073663608,0.030364458,0.010668259,0.027043467,0.033745179,-0.060328261,-0.06039101,0.10444927,-0.054732537,0.115658222,0.087960167,-0.002260472,0.033056865,-0.017579343,-0.090714675,0.063810053,0.073803024,0.026485991,-0.073741726,0.029441615,-0.035851281,0.10576452,-0.090864898,-0.02965366,0.009054719,-0.010496879,0.002236947,-0.167993779,0.115617227,-0.014561165,0.019432362,0.05369097,-0.005110378,0.04673342,-0.035158685,-0.036338417,-0.002814584,0.018678123,0.064798146,-0.017889344,-0.018011001,0.00812434,0.00252743,0.057889819,-0.047988399,-0.044071789,0.059984509,-0.060854249,0.003830503,0.020451753,-0.099515626,-0.049023347,-0.005632662,0.036865523,-0.006723044,-0.056800044
277,0.005961302,0.037947518,0.00090527,0.008255887,-0.036322347,-0.048993189,0.222736624,-0.085974396,0.048505005,-0.067944772,0.014351431,-0.077146692,-0.081771317,0.122046583,0.008759855,0.128135851,0.214848334,0.206618743,0.004287224,0.068663557,0.038483372,0.032105116,-0.066276982,0.073609561,0.015497107,0.024188312,0.148776575,-0.060727977,0.019756736,-0.027015268,0.026533264,0.018588969,-0.019833993,0.053594397,0.046891941,0.139510443,-0.020704235,-0.072545365,-0.06137339,-0.058340366,0.019225374,0.119268912,-0.046667647,0.08110153,-0.04823135,0.018383502,-0.09021965,-0.020981239,0.006666511,0.048361853,-0.096367246,0.106065334,-0.001851329,0.090302542,0.030783135,-0.12369643,0.110970079,0.120206354,-0.006182025,-0.059796412,-0.019748031,-0.048373216,-0.04386031,-0.045313056,-0.007564107,0.037931379,0.036366222,0.031810738,-0.01920846,-0.025983705,-0.026908942,-0.076198555,0.022777253,-0.062097454,0.110145289,-0.053730932,0.016549966,0.003352765,-0.023801326,0.0084824,-0.067395301,-0.019516432,0.101785584,0.052305658,-0.015114161,0.002061701,-0.036204983,0.079065263,-0.079404642,-0.062771043,0.021733675,-0.103430809,0.063928852,-0.041800983,0.009870319,0.022659857,-0.11900139,0.046756549,-0.049586984,0.084860982,-0.005590593,-0.052518526,0.058710095,0.050892849,0.099215002,-0.102210452,-0.002317965,0.057909447,0.03612372,-0.021300254,0.028891298,-0.045930299,-0.028486812,0.069832635,-0.146100352,0.16404561,0.042507527,0.029192283,0.051496972,-0.049903341
278,0.013691786,0.046893441,0.060446393,0.009620884,0.081615492,-0.104536643,0.045428471,0.012466172,-0.034845884,0.103382302,0.022033583,-0.028883766,0.043325276,0.026836043,0.079280319,0.009914246,0.075585512,0.132544754,0.07309782,0.045581069,0.077084182,-0.060091425,0.032074876,0.163196675,0.026470726,0.00833973,0.061042125,-0.062353607,-0.012815676,-0.045897161,0.038288068,-0.116772882,-0.051894669,0.110469351,-0.003756295,0.020004256,-0.052854651,-0.077736641,0.053008848,-0.081833919,-0.015317755,0.007057855,0.126510003,0.094214451,-0.080014696,0.161757616,-0.048514352,0.04564989,0.013310517,0.017621047,-0.118894231,0.03361527,0.093227776,-0.021823462,0.063592884,-0.07356473,0.092012291,-0.05301989,0.06263503,-0.025063357,-0.044391224,0.053959311,-0.004285146,-0.079263972,-0.050528129,0.134226449,-0.003622495,0.092334284,0.015478577,-0.001505904,0.014338826,-0.017854405,-0.018101317,0.064419174,0.097167961,-0.032032239,-0.028404559,0.096023227,-0.20117229,0.01893855,0.03370724,0.056744227,0.008419603,0.00252581,0.034775566,0.0775899,-0.072285971,-0.08049692,-0.099960568,0.014989155,-0.027568803,0.014087253,0.145108109,-0.011247772,-0.058084005,0.047250717,-0.020959969,0.002502819,0.094421924,0.079099342,0.000317556,0.061480885,0.133570142,-0.061752773,-0.067102891,0.091312649,-0.086245739,-0.004100595,0.031258275,-0.004732839,-0.076247042,-0.017429977,0.008633626,0.076865907,-0.087327722,-0.113361719,-0.115706399,-0.062766772,0.027745504,-0.02803433
279,-0.101215655,-0.055067022,0.107882156,-0.048289605,-0.081035035,0.064771195,0.077300724,-0.053444548,-0.081945235,0.066384806,0.016126696,0.123271469,0.025681571,-0.038016429,0.017412927,-0.01186685,0.133116993,0.186931306,-0.052272397,0.146934861,-0.017326566,-0.03076802,-0.106823867,-0.004590426,-0.005332567,-0.042886594,0.048924202,0.003451449,0.104922951,-0.136152923,-0.02162399,-0.018312043,-0.012654473,0.02302932,-0.068012461,-0.013862599,-0.102269327,-0.029109409,0.019684182,-0.118706008,0.008408453,0.011140031,0.018858336,0.064400132,-0.049738083,0.091910464,-0.053643494,-0.030400348,0.076873599,-0.041063406,0.020563286,0.037711209,0.068121524,0.148283867,0.019390673,0.03805876,0.051356604,0.155426244,0.002835456,0.103401339,0.039470375,-0.011000996,-0.080237266,-0.058092242,-0.107698872,0.032116023,0.08860459,0.001760166,-0.085331665,0.035733613,-0.044267815,-0.077605545,0.093893392,0.041186608,0.176847888,-0.159057856,0.013143707,-0.031420249,-0.134306872,0.082363711,0.043776335,0.130328896,0.011744161,0.04922587,0.059025042,0.058243238,-0.078982822,0.034954794,-0.048265767,-0.128650065,-0.022075815,-0.02136211,0.175534644,-0.018536225,0.051892132,0.031442379,-0.014879179,0.071470147,-0.030939731,-0.025104409,-0.022889233,-0.063606808,0.057962256,0.12620924,-0.001596683,0.002091601,-0.088185133,0.023327908,-0.038799258,-0.088095517,-0.089504711,-0.095210162,0.073461162,-0.017924155,-0.1042598,-0.060799558,-0.056040818,-0.000324259,0.089370306,0.015533454
280,0.143190578,0.110521555,-0.022793702,0.02551652,-0.001502407,0.011898531,0.080930771,-0.052081066,0.080297247,0.11195467,0.079860098,-0.058537993,-0.011353508,-0.067915011,0.030248918,-0.018099412,0.10053116,0.07835467,0.102580023,0.19092577,-0.025533039,0.043698705,-0.007975387,0.044586875,0.05165898,-0.033143382,0.113368648,0.069222811,-0.066352225,-0.10108363,0.076807792,0.119488119,-0.099405178,0.121177736,-0.01284254,0.097013343,-0.044390129,-0.151869944,0.037724243,-0.031676513,-0.159694091,0.026752452,0.176808535,0.0180083,0.013893433,-0.001753717,-0.043420841,-0.068539733,0.002316943,-0.027877962,-0.158600865,0.091929193,0.029409496,0.002160341,-0.008812752,0.075521006,0.123213715,0.06218427,-0.014745698,0.01835745,-0.057835511,0.032548832,-0.063918664,-0.053856915,0.069184742,0.099935956,-0.026729209,0.041731513,-0.029818551,-0.087534213,-0.080838795,-0.000965791,0.113596758,-0.022066203,0.216784811,-0.054594104,-0.042127158,-0.098796692,-0.148510284,0.13389285,0.07033547,0.020973529,0.041717117,0.087574378,0.004196756,0.108308955,-0.030621067,-0.018855418,-0.115195342,-0.1127471,-0.039240718,-0.148800446,0.064728908,0.095901139,0.042037666,-0.013933981,-0.076804734,-0.014551698,-0.021187421,-0.026840302,-0.026510923,-0.035339208,0.046304227,0.005573091,0.138971729,0.098914034,-0.106306865,0.097034962,0.102326146,-0.111202631,-0.046948184,-0.16593422,0.047926582,0.032900642,-0.121423768,-0.127517314,0.071128088,-0.064571459,-0.042733828,-0.087388881
281,-0.03039387,-0.037016266,-0.03551561,-0.063616793,0.021627554,0.018851167,0.070353097,-0.090589622,-0.049478073,0.11761169,0.02740747,-0.006198222,0.012487807,-0.024920296,0.016978643,-0.058662448,0.179291058,0.100561384,0.132265629,0.116101724,-0.013279359,0.065648281,-0.040448078,0.01183296,0.002643399,0.039090378,0.064731513,0.085523908,-0.038949852,-0.140084566,0.050094933,-0.068424622,-0.034256377,0.201883171,-0.014571406,0.131537308,-0.085899581,-0.016386189,0.114175055,-0.107511393,-0.043707625,-0.00130602,0.013478277,0.059592282,0.010623815,0.069967075,-0.115102672,-0.015780266,-0.031820886,0.078013511,-0.020436311,0.05762049,0.049747977,-0.041494773,-0.088930617,0.108584948,0.068007107,0.121759333,0.105767335,-0.013597182,-0.063135817,0.02246427,0.083603941,-0.005794774,0.053008202,0.107279958,0.045727037,0.044242625,-0.076321964,-0.077882395,-0.074397941,0.040562974,0.009648335,0.05358093,0.250103269,-0.054733668,-0.049770688,-0.057489844,-0.149501004,0.01778648,0.038410179,-0.051123381,-0.06624842,0.008885372,0.074037516,0.042571821,0.013973916,-0.112807058,-0.103972104,-0.002121515,-0.061412067,-0.092653706,0.134305114,-0.08509203,-0.009380815,-0.122736909,-0.124796669,0.099218722,-0.101733715,-0.079701664,0.0057253,0.036981165,0.119523562,0.029644857,0.112164941,0.088936523,-0.014068804,-0.015855169,0.045788962,-0.050659039,-0.077952963,-0.116280762,0.037432327,0.008779766,-0.067335622,-0.052397707,0.092067104,0.003794581,0.034152354,-0.078550901
282,0.034693464,0.034197854,0.003534146,-0.045998878,0.051509871,0.03526633,0.135427317,0.051223752,-0.013344888,0.130789685,0.058678652,-0.055853453,0.045432983,0.013886939,0.015211102,-0.064588004,-0.012061933,0.031370141,-0.019263789,0.089349431,-0.005909605,-0.060738048,0.033407116,-0.022571699,0.06353581,-0.090006052,0.058169559,-0.013547333,0.203360225,-0.018103127,-0.00281776,0.048886456,-0.068510809,0.11805588,0.057186725,0.038932276,-0.01570824,0.085063404,0.003740103,-0.059785841,-0.032920266,-0.066900914,-0.008701852,-0.048610358,0.093533,0.037551941,-0.114944477,-0.03770049,-0.010779599,0.059489944,0.070520088,-0.013038327,0.094023522,0.028838354,0.00407876,0.060524203,0.063243017,0.084924713,0.07421141,0.143313195,0.004126232,0.044099788,-0.051515658,0.033040523,-0.011457426,0.087382022,-0.010934844,0.0085234,0.076935158,-0.025848088,-0.083262884,0.000155457,-0.051178788,-0.143409713,0.032610585,-0.004095155,-0.013770301,-0.105930775,0.047096337,-0.002303502,-0.00156914,-0.018357266,0.000431139,-0.022343532,0.020149003,0.056350991,0.082256311,-0.063143823,0.037731525,-0.046651619,-0.089726497,-0.045465432,0.083226416,-0.00156739,0.012714169,0.117348257,-0.003417276,0.050584657,-0.02011342,0.104508775,-0.061041032,0.034665637,0.015521962,0.035591252,-0.056250254,-0.007701048,-0.009318938,-0.074721226,-0.004252161,-0.049742221,-0.010596878,-0.062488574,0.105997169,0.109795768,0.024399098,-0.018421275,0.073394995,0.044385279,-0.061782925,-0.042029958
283,0.072722355,0.07826729,-0.010892503,0.067864697,0.061883628,0.041623019,0.120931226,-0.074265448,0.011459961,0.050857882,0.069634068,-0.121117466,0.077574246,-0.073345844,0.063017556,0.046026749,0.142306365,0.184372553,0.08134004,0.102620546,0.007619923,0.02461111,0.026122792,0.025837191,0.041646041,-0.065043784,0.063413604,-0.080345692,0.089806845,-0.067799646,0.043612004,-0.033950263,-0.001534196,0.064985583,-0.099545491,0.09672755,-0.083720432,0.018537784,0.02090057,-0.063638008,0.027369083,-0.004558187,0.075247218,0.030394407,-0.051223709,0.123198995,-0.048059556,-0.022654126,-0.051975081,-0.00329575,-0.061670697,0.194674971,0.066860533,0.025583815,0.023120826,0.095838676,0.094160504,0.133257597,0.038582003,-0.044124547,0.045765741,0.06480334,0.100098803,0.048466626,0.024527026,0.138596067,0.122764902,0.133609316,0.090426436,-0.016383277,-0.010149967,0.037335679,0.053182687,0.015242775,0.242725045,-0.000773329,0.066663074,0.014447452,-0.059349197,0.119324676,0.022402596,0.056829181,0.042228658,0.033071281,-0.027011883,0.009703811,0.087443551,-0.088937057,-0.137009045,0.026984643,-0.052186648,-0.045310407,0.187807944,-0.015087035,0.173125573,0.018631766,-0.039987654,0.06858775,-0.084242978,-0.034900997,0.022905987,-0.032905227,0.114078996,0.065206133,0.057835456,0.029800599,0.007666503,0.047029222,-0.018774135,0.012394559,0.021456608,-0.120704756,0.117682635,0.059889471,-0.025155499,-0.056595074,-0.029756418,-0.058330131,-0.005377372,-0.130920634
284,0.013622785,0.119687301,-0.039771533,-0.046835844,0.008100444,-0.082835347,0.01639557,-0.056011056,0.036582642,-0.003680267,-0.028580261,-0.098019422,0.00090985,0.043789464,0.043067515,0.025160198,0.297487473,0.083078098,0.01192948,0.062018986,0.117818481,-0.034178926,0.039958451,-0.048565284,0.012236055,-0.044059314,0.180040783,0.000261005,-0.073102727,-0.068783709,0.120340361,-0.052597548,0.058432675,0.059263104,-0.016292135,0.222812576,-0.158708851,-0.039121312,0.017069713,0.022457236,-0.079766777,0.032246346,0.030106771,0.087853073,-0.037810258,0.076817627,-0.077614392,0.001366765,-0.00868131,0.070225199,-0.007981943,0.003661753,0.098289016,0.120916287,-0.061501817,0.069467846,0.02693092,-0.005043121,0.042576974,-0.077117944,-0.115174347,0.039041814,-0.126810233,-0.018130044,-0.015087102,0.142304738,0.147902709,0.043117189,-0.017178856,-0.008845197,-0.03754947,0.033422798,-0.06946301,-0.05824512,0.192393195,-0.100080145,-0.067490487,-0.065048476,-0.132951835,0.045335562,0.095582727,-0.0021216,0.071348725,0.042101882,-0.091536179,0.060787846,-0.055798212,0.052825533,-0.087460403,-0.072394539,-0.080387155,-0.050924208,0.129801499,0.058793846,0.000154757,-0.08444229,-0.013557937,0.016050515,-0.036802307,-0.029995229,0.03505623,-0.011189142,0.063897794,0.00087021,0.086876776,-0.058930752,0.030498368,-0.003804393,0.012461695,-0.041119099,-0.007409624,-0.215945756,0.042967739,-0.023549028,-0.136260175,-0.060902583,-0.061587007,-0.128847796,0.070999951,0.003290932
285,-0.029347562,0.076067127,0.157863016,0.016651518,0.087404164,-0.081694001,0.059433885,-0.053026557,0.012382686,0.135384596,0.0012657,0.001661256,-0.001270411,0.082587378,0.169343363,-0.032735246,0.094528397,0.073991816,0.062311028,0.042833049,-0.087482248,0.063449579,-0.0235463,0.070446358,0.028734239,-0.063734334,0.093465582,0.044896493,0.050990244,0.022478437,0.09422421,0.009250068,-0.009543465,0.096399082,0.022729857,0.167152159,-0.108084665,-0.026993999,0.030754239,-0.044690264,-0.088545652,0.037110156,0.138086365,0.039919439,0.032735463,0.096365146,-0.052867063,0.00212964,0.017252245,0.11808921,-0.033575754,0.11424915,-0.062812543,-0.038927609,-0.06982853,0.12404085,0.125137506,0.120275602,0.1629888,0.078892814,0.045964797,0.030977737,-0.040919042,-0.02055299,0.013129469,0.039560525,0.047913407,0.02068266,-0.019858212,0.013896003,-0.049629046,0.087620125,0.063654323,0.042322252,0.213443518,-0.139313493,0.08928146,-0.036216658,-0.098769072,0.043393208,0.069754673,0.040045197,-0.018614411,0.035794629,0.048886771,0.110240268,-0.047973596,-0.049195462,-0.012606072,0.027579406,0.011809981,-0.126476049,0.110060207,0.047900753,0.016046487,0.034170948,-0.014130002,0.218276151,0.012379546,0.108990661,-0.10024282,0.040597842,0.139344677,0.135144308,0.060787203,-0.065591367,0.019117398,0.068357298,-0.013040157,-0.085070814,-0.114532518,-0.073130766,-0.058240057,-0.024104453,-0.115052738,-0.022297399,0.014976319,0.027296779,0.110822166,-0.035307739
286,-0.031152966,-0.011178522,-0.028111644,-0.087738135,0.134925535,-0.002035667,0.076138707,0.044556595,0.000673195,0.028437578,-0.075778771,0.002919813,0.009956177,-0.091583787,0.062115238,-0.012019213,0.062155456,0.032097401,-0.018646721,0.169707181,-0.046579896,-0.040831298,-0.030101643,0.09280335,0.057589829,-0.05769182,0.073094868,0.021089154,-0.076129585,-0.017754636,0.171216143,0.023910902,0.043723542,0.166053924,0.014342493,0.110686318,-0.101063218,-0.018262572,-0.04545265,-0.164483712,-0.121912927,0.012081516,0.037246094,-0.026462712,-0.017687578,0.128955054,-0.027616937,-0.140845326,-0.010361737,0.009645052,-0.107701179,0.103476551,0.031473913,0.029568172,-0.048556999,0.010676356,0.12814887,0.022347821,0.084038455,-0.007515885,-0.025772456,-0.016156118,0.001890065,-0.066981099,-0.031731568,0.139121086,-0.041241257,0.149864509,-0.027429095,0.06766676,-0.205899215,0.101288169,-0.065556027,-0.07723509,0.254972193,0.006407448,-0.01607689,-0.019541834,-0.094593161,-0.023508406,-0.008663087,-0.024393771,0.009286891,0.081190961,0.041671367,0.025243672,0.020243738,-0.128159505,-0.108255681,-0.064118908,-0.060485164,-0.095373939,0.199619939,-0.001108206,0.029887471,-0.114465568,-0.025937537,-0.018619767,-0.053280049,-0.029742275,-0.035613979,-0.105879217,0.039547956,0.005712088,0.089832449,0.047282954,0.045823443,-0.080816943,0.025848269,-0.05626011,-0.079359004,-0.111473296,0.039000058,0.051267658,-0.099216388,-0.029988127,-0.090368823,-0.005735619,0.029623265,-0.034506229
287,-0.005219909,0.059808249,0.055032409,0.024105547,0.071996711,0.028520506,0.086965686,-0.115487394,-0.021704187,0.014788545,-0.078216531,-0.067038239,-0.021280222,-0.136755859,0.007444278,-0.001403902,0.148407637,0.168754004,-0.01327334,0.16974671,0.068137556,0.149979532,0.038056716,0.083872963,0.020117345,-0.057779651,0.165393721,0.077351425,0.027893595,0.024889611,0.124811436,-0.033224736,-0.073889591,0.15355977,0.002283022,0.06737468,-0.05323275,-0.043758871,0.007716829,-0.088137242,-0.083301424,-0.001684445,-0.019906563,-0.016645054,0.031762567,0.16504767,-0.07248618,0.036451952,0.022304665,-0.020066596,-0.078448781,0.182374903,-0.009933376,0.032442883,0.034194487,0.038168493,0.111721456,0.046293253,-0.000132125,0.091897088,-0.05206661,-0.004579704,-0.022747988,-0.072463624,-0.084387335,0.197001596,0.04424709,0.062207291,-0.011345021,-0.009029359,-0.061893403,0.064193758,-0.03683076,-0.073650283,0.278410882,-0.016108001,-0.00669362,-0.068007552,-0.108936328,0.091699498,0.126276903,-0.010610726,0.028822519,-0.028601958,-0.017532453,0.143861116,-0.110452339,-0.073818431,-0.109603793,-0.048255995,0.105608465,-0.014869758,0.138047508,-0.036280491,-0.036002292,-0.024459225,-0.0229133,0.151256224,-0.05190929,0.05757002,-0.000737399,0.116014616,0.091051849,0.081402753,0.039873439,0.021832388,0.029552622,0.015293197,-0.05075942,-0.10381243,-0.062624739,-0.047760182,0.008124228,0.143322859,-0.123184128,0.033441221,-0.066461427,0.027799792,-0.016762001,-0.056351363
288,-0.020426898,-0.008746096,0.046773896,-0.011675525,-0.042225834,-0.05860345,0.020904275,-0.072183591,-0.054810418,0.086786807,-0.051507168,0.014222356,0.131383396,0.009074484,0.034741443,0.048620705,0.234792672,0.043157414,-0.045867608,0.057834257,0.026243953,-0.01419492,-0.020368457,0.032764542,0.054972474,0.065577358,0.070302763,-0.042794196,-0.051249528,-0.092431853,0.06961934,-0.002918962,0.006949352,0.14702831,-0.060015776,0.134683591,-0.03759475,0.01425604,0.029813003,-0.001961728,-0.066695998,0.0233363,0.057080888,-0.000910143,0.129806086,0.012542766,-0.061735692,-0.130356856,0.082025193,-0.018843419,-0.07448822,0.083843889,0.012863454,0.076722947,0.01229637,-0.009301436,0.003915124,0.069866773,-0.023146312,0.173273398,0.028217956,0.100292713,-0.038623464,-0.067551104,0.041758602,0.057592975,0.085799292,0.043582779,0.017519536,0.044632804,0.022963848,-0.081862387,-0.051529121,-0.089648758,0.218601361,-0.067980964,0.060209137,0.003084745,-0.121401841,-0.021739882,-0.030685669,0.058232796,-0.005178644,-0.055368211,0.00039137,0.10628193,0.080439927,-0.037030004,-0.130523504,-0.101105178,0.014427341,-0.041084674,0.038665144,0.007466628,0.044118209,0.007893174,0.124783417,0.038959405,-0.12446281,-0.012260685,0.044961322,0.014542716,0.078311563,0.102341465,0.066592702,-0.041929195,0.057108481,0.081261479,-0.031600164,-0.144721425,-0.018007612,-0.004567816,-0.070398224,0.070602445,-0.139256827,-0.050651853,-0.013647113,-0.119720535,-0.043218634,-0.094754461
289,0.125467434,-0.015475367,0.08246395,-0.056465105,0.02893623,-0.012131345,0.110044786,-0.039807378,0.07492304,-0.047704086,-0.087619401,-0.069533619,0.07251428,-0.028563167,-0.031960367,0.081679555,0.07054846,0.086933296,-0.046047152,0.028076181,0.080169785,-0.103079511,-0.000866633,-0.105548667,0.00812652,-0.014700012,0.045627128,0.057593628,0.187863137,-0.037607955,0.100943407,-0.032788073,0.038111358,0.062703619,0.012452238,0.102348988,-0.087846405,-0.021578126,0.153186526,-0.063485989,-0.005765186,0.006251186,0.099619846,0.048970182,-0.069197536,0.119856669,0.038698253,-0.101270945,0.089263581,0.014752661,0.087380437,0.167022832,0.019739711,0.017536753,-0.001996524,0.140566997,0.013632967,0.071862396,-0.042596525,-0.095152195,-0.020694701,0.014592516,-0.051329203,-0.117100777,-0.024122736,0.076572846,0.034464712,0.079060993,0.123106813,-0.027639744,-0.011604773,0.062746798,0.062528194,0.126923445,0.134535668,0.008613779,-0.006604261,-0.072728513,-0.00190772,-0.007053668,0.021806507,0.023204567,-0.036786021,0.09188792,0.0808615,0.082056156,-0.025532956,0.057541678,-0.118789762,0.00161464,-0.031917997,-0.101398971,0.14141596,-0.054505709,0.062239377,0.174136351,0.000479276,0.02166082,-0.064817081,0.069259243,0.044397678,-0.026564805,0.100675126,0.01615496,-0.049858239,0.014653607,0.035186277,0.062180551,0.104320773,-0.117082999,-0.125468181,-0.065749951,-0.026113873,0.033686039,-0.158042719,-0.127371133,-0.14201574,0.015125187,0.017185201,-0.145296682
290,0.02696969,0.071660081,-0.094964835,0.010134688,-0.081882798,-0.050113009,0.173459586,0.009526601,0.034105652,0.002541408,-0.011595518,0.012046536,-0.077351546,0.075345529,0.075159583,-0.001509297,0.036136745,0.082320573,-0.001232458,0.024970164,-0.031636071,-0.057190777,-0.000624771,-0.046406601,0.005558211,-0.054838563,-0.002517285,0.006911766,-0.015435005,-0.078568768,0.030156151,-0.022695933,-0.026207333,-0.00580738,-0.001610159,0.073628721,0.00535114,0.007423258,0.06581976,-0.11889562,0.028097556,0.05720391,-0.015695489,0.001281633,-0.072333765,0.044862032,-0.095269072,0.040595087,-0.025165816,0.091494883,-0.060681011,0.105043055,-0.00157647,0.087145059,0.050684005,-0.05519001,0.008103985,0.129587469,0.033812244,0.00311586,0.018199016,0.0681441,-0.07066518,-0.0167701,-0.009534991,0.021436366,-0.010853085,0.05349648,0.064366969,0.009958888,0.008950548,0.002925857,-0.004030889,-0.03438503,0.104550841,-0.023268899,-0.096617018,0.032431327,-0.104346367,0.128331463,-0.024148249,0.025638037,-0.103075977,0.070046458,0.013217504,0.041435251,0.013496288,-0.084775814,-0.0555578,0.016261616,-0.102802298,-0.033953439,0.075174144,-0.010442984,0.103798866,-0.11386396,0.031277974,-0.056156383,0.073950051,-0.012579499,0.115765427,0.004167938,0.004361577,-0.01850963,0.097353395,-0.017892964,0.091988916,0.021373373,0.024051218,-0.032260003,-0.019622617,-0.094680802,0.040445726,-0.032374413,-0.045791563,0.101470632,-0.026986455,0.029534488,-0.011329155,0.03131528
291,-0.036518018,0.028276504,0.067748886,-0.053358314,0.111000448,-0.030911795,0.094107841,0.019964332,0.018682685,0.1560654,0.058616702,-0.112320073,0.004578232,-0.044190457,0.081581311,0.098419056,0.117778954,0.078953894,-0.048539776,0.086416016,0.039650778,-0.005839528,-0.039791083,-0.015722681,-0.070018813,-0.125809166,0.20573386,0.011867183,-0.000627464,-0.060773203,0.113489177,-0.125034547,0.014098391,0.111817264,0.002723556,0.23464693,-0.044099212,-0.057077854,0.009198837,-0.166961316,-0.030989974,0.200327277,0.03367018,-0.045676804,0.093823391,0.052320986,-0.046822292,-0.052809834,-0.029646799,0.054257566,-0.108298927,0.102339143,-0.031853522,-0.005690473,-0.046316498,-0.000222013,0.092751939,0.016133585,0.075367568,0.129629512,0.06370946,-0.017264664,-0.124501876,-0.029327712,0.025338583,0.112055214,0.026558229,0.16287854,0.086162733,0.089927654,0.019680504,0.049215218,-0.00366305,-0.105646323,0.169859367,-0.034069724,0.02021444,-0.001697457,-0.102109781,0.08816508,-0.081715706,-0.018863302,-0.033853426,0.014914927,0.025374538,0.118243219,0.017239216,-0.075341434,-0.077677391,-0.033633943,-0.067168309,-0.050869486,0.224306906,-0.006606298,-0.00616475,0.026808472,0.024136754,0.038957302,-0.049722931,0.023509817,-0.07348182,-0.000343918,0.054049347,0.08019024,0.057188587,-0.061147224,0.103055006,-0.043454441,0.075827513,-0.091917959,-0.031853699,-0.049707794,-0.096403555,-0.008741772,-0.017976528,-0.058532515,-0.030061213,-0.063458459,0.125097432,-0.014310293
292,-0.03038292,0.079031092,-0.005651501,-0.116363064,-0.000734466,-0.044230641,0.096930754,-0.035028756,0.043461708,-0.068125126,-0.021158691,-0.102597191,-0.003999175,-0.158236247,-0.072337118,0.053708627,0.184069398,0.108703232,0.038626035,0.112260521,0.040321235,-0.04062031,-0.000172703,0.007097684,-0.029264297,-0.064270358,0.096927575,0.01561058,0.015827685,-0.084904301,0.054697839,0.011401953,-0.083454503,0.111312927,-0.03807837,0.118847324,-0.031214372,0.028009128,-0.04170569,-0.101357395,-0.087031423,0.026484004,0.102980317,0.030558071,0.197205643,0.266387262,-0.013880602,-0.151863114,0.04611726,0.009143131,-0.08313164,0.026058263,-0.044072915,0.006729431,-0.09265663,0.058607871,0.212217569,0.037928637,0.028955828,-0.075351332,0.059504892,-0.0576269,-0.115942573,-0.001516272,0.001676688,0.128831696,0.007496274,0.129845781,0.026605909,-0.007050447,0.002030266,0.046331309,0.031346061,0.00500461,0.207197463,-0.062281163,-0.063026021,-0.060396574,-0.085929621,0.049378585,0.066804837,0.07171352,-0.012352131,0.040669007,0.074048609,0.105194258,-0.031367798,0.005884743,-0.024188023,-0.073865011,-0.00707514,-0.058552377,0.207116652,-0.019176609,-0.000892389,-0.037818383,-0.07404771,0.037979175,0.010200095,0.030296494,-0.052458308,-0.016097543,0.051650053,-0.02942793,0.109954052,0.008704586,-0.03190602,0.036872424,0.091432292,0.002954695,-0.119022785,-0.044283421,-0.07898637,0.012393649,-0.004557659,-0.074522113,0.07138259,-0.070811196,0.098559732,-0.069146052
293,-0.014989755,0.087846392,0.075728777,-0.032121092,0.062707193,0.051220751,0.069197197,-0.045825249,0.05325289,0.030243521,0.112343993,-0.018050139,-0.122907365,0.01397405,-0.076756169,-0.010816922,0.100516305,0.102935239,0.066224797,0.107486883,-0.043699126,0.047952583,-0.001428543,0.000958344,-0.043492692,0.011166506,0.094594512,-0.017425152,-0.038244119,-0.089185434,0.086065382,-0.100339832,-0.100605239,0.001270017,0.018750229,0.162110011,-0.045495515,-0.035129271,-0.049395394,-0.005078593,0.00471795,0.050700397,0.050787868,0.118623545,-0.026572961,0.041219791,-0.004485297,-0.01112635,-0.10140558,-0.034325381,-0.020450769,0.154731006,-0.087853934,0.221364348,-0.061250044,0.029491579,0.147788012,0.047162208,0.096851121,-0.018279329,0.105344623,0.017488053,0.076205164,0.024248382,-0.005705152,0.213968619,-0.008615052,0.059644278,-0.073419902,-0.020202563,-0.029638259,-0.020161371,0.097410435,-0.072921418,0.15585367,-0.064653338,-0.095521328,-0.090211491,-0.085352385,0.034594318,-0.0309622,0.071560674,-0.118887944,-0.054892281,0.110634589,0.206474881,-0.005338452,-0.06404603,-0.061567194,0.006651361,-0.164728124,-0.089693773,0.021270573,-0.002911252,-0.000354816,0.06106278,-0.028268457,0.064414951,-0.018806137,-0.019293156,-0.011581952,-0.003735283,0.100677878,0.023890772,0.03669897,0.034143855,0.037988164,-0.06603357,-0.087086432,-0.0203948,-0.118266661,-0.056494328,0.004343483,0.100797846,-0.046108789,-0.120397944,-0.010671017,-0.106651277,0.005612286,-0.156308324
294,-0.025126189,0.039302322,0.093764049,-0.053436155,0.056427154,-0.06605703,0.045017941,-0.093725267,-0.064697155,0.079309796,-0.01564405,-0.019381659,0.044377371,-0.068655629,0.000152791,-0.028920796,-0.015894145,0.126723867,-0.014947689,0.10040074,0.024751589,0.056223902,0.037334971,-0.079948698,0.031095058,-0.085386469,0.066349254,-0.021973188,0.041532074,0.049840542,0.032729737,-0.018151611,0.100535734,0.030920376,-0.019899987,0.100096854,-0.019966427,-0.122344581,0.074115998,0.024109054,-0.075280244,0.014042055,0.04711112,0.054050154,0.04059791,0.029754151,-0.022559172,0.129581088,0.014888292,0.002457259,-0.045527592,0.124500567,-0.023979798,-0.062399026,0.006808644,0.005964372,0.097191589,0.062561555,0.02028995,0.054160081,0.015530781,0.146087354,-0.054576692,-0.154334954,0.050477675,0.008218544,-0.068499706,0.089480342,-0.007216121,-0.004548343,-0.020676596,0.086034515,-0.012544101,-0.092325233,0.017197781,0.08224939,-0.067753741,-0.047224981,-0.113208853,0.042461012,0.04415867,-0.026238238,0.009491679,0.015761193,-0.01771005,0.09079627,-0.06348645,0.079788561,0.033986115,0.00677712,0.068232296,-0.076068502,0.055591807,-0.026180399,0.009391636,-0.008712424,0.007259821,0.008281364,0.02507585,0.06603376,-0.030704314,-0.013331381,0.107427264,0.105446439,0.001524131,-0.030153954,0.052400048,0.080330034,-0.010937988,0.013017421,0.018047011,0.018095885,0.036807641,-0.014065939,-0.056122754,-0.122888267,-0.079004597,-0.044497078,0.00871933,0.093567231
295,0.030038358,-0.012065832,0.212668542,0.01509812,0.061932302,0.022092563,0.036895118,-0.011642867,-0.078795872,0.033997793,0.067067986,0.0718943,-0.032911201,0.013172839,-0.014659482,-0.020654225,0.0881063,0.06441781,0.028972038,0.059145245,-0.07095362,0.066313236,0.018671498,0.024334417,0.035098599,-0.03867681,0.026378282,-0.040479709,-0.01202395,-0.019789976,0.049429128,-0.052831115,0.079325861,0.192533671,0.133271122,0.070600659,-0.000771026,-0.006303212,-0.035129569,-0.023406576,0.023179606,0.053783277,0.165348688,-0.007894569,0.008779044,0.065696921,0.05627524,-0.011148623,0.056656234,0.04444918,-0.045933353,0.075895643,0.067375335,0.134065818,-0.04265771,0.026038342,0.158295852,0.080289823,-0.016544705,-0.026734686,0.130623899,0.036450659,0.01945101,0.033629038,0.115389257,0.098417322,0.086474084,0.132055885,-0.076192093,-0.030952187,0.019426266,0.062504699,0.027651695,0.021714273,0.126746467,-0.073869254,0.0541923,0.040845823,-0.096393786,-0.083434551,-0.032679921,0.065995673,-0.056588043,-0.071313788,-0.028520907,0.111777531,-0.068639471,-0.011999274,-0.09434646,0.028258712,-0.008027845,-0.00727335,0.114388948,-0.067945715,0.0458582,-0.067980098,-0.02002214,-0.038122452,-0.031883548,-0.004600436,-0.019963184,0.042066153,0.011333698,0.083578922,0.079497872,-0.034117722,0.045893413,0.003206696,0.036914338,-0.118028341,-0.046660334,-0.004151042,0.052612348,-0.022908186,-0.068608328,-0.069088699,0.090409556,-0.074458954,0.011142887,-0.110933974
296,-0.071644997,-0.036854183,0.049023044,-0.056360039,0.058702344,0.02664762,0.160320238,-0.146878331,0.057265163,0.166303185,-0.014903198,-0.011684404,0.159238928,-0.059145028,-0.001771138,-0.055056056,0.094050054,0.079772965,0.068612942,0.045138196,-0.080016983,0.012437121,0.061594014,0.017180355,-0.033759039,-0.125048484,0.154372388,0.08831637,0.051514397,-0.135857354,0.071007034,-0.015289136,-0.169455167,0.089123904,0.02328224,0.086182741,-0.076647637,-0.121735414,-0.017959285,-0.035337624,-0.011117108,0.008716538,0.02540828,0.007629716,-0.047648627,0.0803338,-0.030480546,-0.00489827,0.042680684,-0.0044955,-0.058032934,0.146610563,0.016208516,-0.031128438,-0.030967716,0.035510061,0.113283758,0.059739104,-0.040327344,0.099479499,0.049097653,-0.007619442,-0.051252495,-0.033729878,-0.001015671,0.133135282,-0.001098708,0.151874606,0.045056363,0.011211619,-0.069128022,0.083239337,0.016910068,-0.102434259,0.257684042,-0.071428854,-0.030402993,0.013748599,-0.13813922,0.018960078,0.112562927,0.067510055,0.004835098,-0.000136002,0.043692594,0.096912326,-0.059185579,-0.0471901,-0.166795986,0.032218105,-0.088196051,-0.098274236,0.072094505,-0.018860821,-0.030273124,-0.032501226,-0.116572681,0.09097213,-0.052750058,0.073770084,-0.003639355,0.035409672,0.021686376,0.03387828,0.13650471,-0.052514574,0.00417258,-0.087512138,0.068007877,-0.076376734,-0.138468695,-0.093560775,-0.010083302,-0.010048109,-0.176205115,-0.091239291,0.008798298,-0.070456788,-0.016470917,0.023010549
297,-0.016854835,0.077384206,0.056620049,0.132918042,0.080199151,-0.060903501,0.160824393,0.083915445,0.065970303,0.024560851,0.015650285,-0.000548646,0.007969464,0.085835978,0.041302207,-0.02397378,0.119376748,0.015213484,-0.065758149,0.052857123,0.082624533,-0.018416413,-0.00069073,-0.006125938,-0.016575921,0.023283929,0.119881417,0.00261898,0.054552607,0.030123015,0.072580752,-0.051683449,-0.101236819,0.172022584,-0.078493406,0.033486214,-0.040574242,-0.100650072,0.031527232,-0.080404136,-0.030783685,0.055891407,0.029357759,0.016054522,-0.010239819,0.050836876,0.033541601,-0.015758012,-0.012167449,0.05544953,-0.071855157,0.162780851,0.036642768,-0.027247592,-0.040815293,0.021605464,0.070814111,0.085009173,0.071402086,0.047923249,-0.03751732,0.048811738,0.066538319,-0.070149058,0.083857159,0.083700256,-0.01866986,0.10621129,-0.009383159,-0.038424643,0.010365417,-0.000926361,-0.004633405,0.023582688,0.147114487,-0.067874161,-0.009882195,-0.070085618,-0.078352367,0.015066459,0.161874636,0.028723169,-0.021029981,0.049587502,0.046548795,0.019104669,-0.036606414,-0.00779169,-0.126001684,0.021554775,-0.087849147,-0.06716728,0.157851001,0.07851515,0.014819785,-0.002183308,-0.064516707,0.096192025,-0.038167691,0.111402359,-0.056375774,-0.033837125,0.056552099,-0.063908575,0.117098009,0.087130949,0.113610802,0.101360752,-0.033652156,-0.065426831,-0.055687922,-0.001559415,0.02690187,-0.037623671,-0.133401319,-0.016352968,-0.02000476,-0.154540866,0.05882964,-0.057671704
298,-0.026678253,0.040049511,0.197313527,0.026296072,0.051295163,0.025231833,0.198351232,-0.119123611,0.059578895,0.159669102,0.073399934,-0.047970897,0.042664073,-0.029954328,0.012804779,0.010059408,0.066024635,0.207223251,-0.038040076,0.11116288,-0.003849962,0.0023617,0.077887542,0.057979884,-0.060056808,0.030170236,0.015950068,0.08184655,-0.078096467,-0.058344081,0.033729559,-0.009538687,-0.014487247,0.013538998,-0.041238686,0.112721533,-0.08130456,0.089657665,0.059315499,-0.188827503,-0.01369228,0.082716759,0.201599913,0.02831932,0.069107495,0.082014806,0.047369425,-0.021833907,0.017381576,0.097094676,-0.112312504,0.204377402,-0.018004641,-0.017910602,-0.00538046,0.039869592,0.033475542,0.025567529,0.034109537,-0.061950204,-0.064741978,-0.015597336,-0.012273235,0.04740401,0.022490777,0.073901246,-0.056323984,0.041525296,-0.05414774,-0.001357597,0.067388006,0.091058395,0.080199194,-0.029751404,0.270221735,-0.067175723,-0.037077182,-0.119121713,-0.138421648,0.025640038,0.124318665,0.045721961,-0.018800203,0.166278458,0.051892583,0.155351151,-0.001266362,-0.078146207,-0.163232363,-0.057179739,-0.015496206,-0.118424752,0.068779454,0.013744205,-0.047140861,0.024940104,-0.036540363,0.131444448,0.028154969,0.028757214,-0.050413152,0.030416819,0.190732164,0.003126227,0.122756855,0.059320436,0.047344783,0.133546427,0.010162734,-0.039746688,-0.07448969,-0.053216706,-0.061822456,0.175691446,-0.053050463,-0.056600092,0.04368866,-0.103428332,0.029004666,0.021839427
299,-0.019228379,0.064173133,0.156828295,-0.091871107,-0.029657307,-0.103869814,0.025675737,-0.012369678,0.009279949,0.089507438,-0.044031348,-0.03293627,0.051741191,-0.05648074,0.087162101,0.057932843,0.098989508,0.143103963,0.006520527,0.017796034,-0.043863806,-0.003841243,-0.00931867,0.135104644,-0.044298856,-0.020822709,-0.015291144,0.016777844,0.021200332,-0.049797643,0.099224808,-0.010538918,-0.039792541,0.160529747,-0.000891837,0.126840966,0.085377602,-0.011158425,0.030468567,-0.052712848,0.051473011,-0.002984744,0.022058279,-0.050083282,-0.059623586,0.078579775,-0.039054573,-0.025394362,0.129610878,0.051063739,0.083658916,0.021256945,0.05666081,0.024392051,-0.074431192,0.049240748,0.006599178,0.10135837,0.075309144,-0.043294157,0.028482761,0.033747832,0.088615214,0.022366773,-0.057503971,0.146906359,0.11801519,0.068346122,0.002692014,-0.053913463,-0.020592726,-0.029610465,-0.05470106,-0.035938332,0.147971475,-0.045978893,-0.053341534,0.032890343,-0.170878508,0.074389526,-0.03571044,0.070186029,0.045264131,0.020864649,-0.023293899,0.139961303,0.031942839,0.006629218,-0.091160745,0.031467707,-0.027454196,-0.110166945,0.108611709,-0.0421958,-0.051729829,0.031885014,-0.039061147,0.025430577,-0.183178286,0.12780686,0.03489851,-0.016146346,0.072248807,0.02719191,0.096359946,-0.009678736,-0.019347065,0.117663964,0.030007462,-0.046026201,-0.040244289,0.031399008,0.019610567,0.011115429,-0.11339028,-0.056713758,0.009416467,-0.020406141,0.021710196,-0.072910264
300,-0.090598684,-0.000664564,0.094931298,-0.084682436,0.039374897,-0.061537157,0.089257453,-0.083816429,0.042744617,0.003822765,-0.066867148,-0.01868483,0.028987669,-0.06117642,0.04043916,0.028721386,0.174302367,0.030832546,-0.038264841,0.107902932,-0.000606735,0.029133561,0.042431395,-0.045074799,0.014455228,-0.045345239,-0.011273934,0.042616868,-0.006467565,-0.144932226,0.097252009,0.003839759,-0.022513414,0.141950118,0.123126108,0.096695111,-0.017749069,0.031104119,0.090886033,-0.122313107,-0.027378934,0.032960388,0.028436659,0.107082946,0.01488137,0.048025093,0.042805877,-0.004400155,0.014068962,-0.009549765,-0.100998303,0.054106845,0.070746367,-0.007527031,-0.136768724,-0.002669364,0.007611943,0.04397417,0.050592995,0.039228584,0.024928139,0.010317615,0.152705998,-0.037376374,-0.01406285,0.262885607,0.011394978,0.035329479,0.023182677,-0.041618333,-0.007765386,0.003451896,0.017473996,-0.016986613,0.238073787,-0.095546506,-0.034946311,-0.045428949,-0.04987941,0.126874026,-0.063866714,0.061313714,-0.140381523,0.024705405,0.084481209,0.048142148,0.05029995,-0.038679421,-0.078263893,0.111594189,0.057527401,-0.021159317,-0.010771622,0.019314467,0.145759217,0.063834836,-0.014242824,0.030798971,-0.062498529,0.02246835,0.068301768,0.013088568,0.081979941,0.037101677,0.039315518,-0.074849962,-0.019459345,0.095706104,0.013911353,-0.104825411,-0.110799865,-0.055570627,0.117795734,0.092057851,-0.117899909,-0.067486703,-0.062208092,-0.040172167,-0.076780111,-0.1145063
301,-0.023140555,0.08661593,0.121257675,-0.021505521,0.036939777,-0.065188017,0.155542091,-0.095438395,0.024446891,0.066376682,0.002783133,-0.056887751,0.046235119,-0.058700619,0.069202315,-0.088903039,0.091862488,0.074927163,0.05787485,-0.029225625,0.10901352,0.033869668,-0.041120919,0.01868707,0.016848782,0.070743576,0.080156507,-0.060314059,0.013966907,-0.016179546,0.007040321,0.012488463,-0.025551484,-0.006141361,-0.067439034,0.078162034,-0.028315242,0.123169893,0.053838333,-0.150918339,0.060894438,0.003000725,0.016198307,0.149309085,-0.029867508,0.143080504,-0.043035243,-0.10358277,-0.065309142,-0.015824558,-0.069101046,0.081033233,-0.005518209,0.159571838,-0.033398207,0.0893906,0.009643103,0.068136333,0.107028477,-0.055708477,0.002657308,-0.004360538,-0.010901562,-0.018978609,-0.113642815,0.229085606,0.073434003,0.071766428,-0.038455298,0.00048867,-0.127412368,0.070599541,0.04174958,-0.012891992,0.352306651,-0.135732507,-0.107842399,-0.028786968,-0.073858321,-0.024736618,0.075955634,-0.001938073,-0.012854888,0.041609482,0.072446609,0.069386362,0.05105034,0.038771354,-0.121909005,0.040545767,-0.112753426,-0.049879173,0.181839545,-0.042466905,0.078793931,-0.021806455,-0.071894747,0.122517423,-0.067588067,-0.031014894,-0.105637743,0.084397724,0.058816946,0.075719485,0.188941714,-0.006176148,-0.026498982,0.017668731,-0.020577833,-0.094940709,-0.021888569,-0.114119327,0.025749068,0.060141456,-0.107692396,-0.056486987,0.029541152,-0.158978926,0.075041942,-0.063241267
302,-0.051081288,0.02855433,-0.053366957,-0.017063972,0.031437919,-0.016468899,0.113458876,-0.045977275,-0.050490904,-0.022330506,0.043658696,0.002748684,-0.038078227,0.057700584,-0.033506575,0.016103889,0.113441559,0.110238647,-0.076820705,0.113343447,-0.003688792,-0.028103034,-0.024391567,0.073751146,0.010261818,0.002966399,0.095758267,0.127941353,0.012340742,-0.124785861,0.032513745,-0.079535684,-0.083019636,0.146897099,-0.101900048,0.049709108,-0.099501673,0.027364811,-0.022041922,-0.013662375,0.042177494,-0.030799264,0.139274758,0.14193797,-0.000053706,0.086604822,0.091581679,-0.075014798,0.034803156,-0.079437964,-0.061896608,0.063619321,-0.014735596,0.012461937,0.024975185,-0.043058183,0.206973723,0.028628142,-0.003160779,0.015822594,0.03261068,0.092033255,-0.043441752,0.114827764,-0.000196975,0.054742472,-0.004806789,0.033224892,-0.1083084,0.006848745,-0.109989783,0.00437579,-0.02923841,-0.067190579,0.235045994,-0.121517703,-0.017414937,-0.104221004,-0.096191398,0.01549843,-0.070240288,0.060616026,-0.017881138,0.026522125,0.021116049,0.198955161,0.009885913,-0.024987102,-0.082828982,-0.036857481,-0.057341178,-0.106990194,0.060531235,-0.020915382,-0.012045827,-0.007759631,-0.097909812,0.128937455,-0.085332889,-0.014498522,-0.016968699,0.043692969,-0.007989192,0.051438136,0.063892772,0.047618489,-0.106189265,-0.126648221,-0.049539685,-0.097866566,-0.141820297,-0.034203396,-0.020139821,0.133515759,-0.085758594,0.009720205,0.012489661,-0.113295052,0.067818584,-0.067829606
303,0.119557379,-0.009305088,-0.031361525,0.000705518,0.064832792,0.01836831,0.043423473,-0.011930357,0.001005562,0.021461672,-0.050129602,0.006199489,0.0492782,0.035198939,0.061876903,-0.023480393,0.034638457,0.02179323,0.036893819,0.07893724,-0.040088858,0.017456078,-0.054969033,0.071841652,0.008286101,-0.004734249,0.07674193,0.010922174,0.041114687,-0.121275831,0.040919982,-0.020725401,-0.080461825,0.152520626,-0.091585512,0.115574053,-0.058300725,0.009659815,-0.054879414,-0.013782625,-0.033776954,-0.033272811,0.041208619,0.060252014,-0.025383442,0.11871112,-0.064868633,-0.023435878,0.043315896,0.036485739,-0.08413688,0.108176906,-0.089736366,-0.013709395,-0.006980585,0.116074351,0.119135778,0.047141469,-0.00186167,0.088901969,-0.044649074,0.093186849,-0.055082084,-0.081401037,-0.03929149,0.192672612,0.023291875,0.024186417,-0.036293608,0.050782003,-0.036412943,0.082940202,0.059953458,-0.025923564,0.169312643,-0.122714852,-0.039036096,-0.161787323,-0.119386229,0.071389035,0.150708405,-0.011525462,0.01108791,-0.00091682,-0.006216352,0.189356532,-0.046382074,-0.078344053,-0.107941176,-0.03004134,-0.058861276,-0.122872782,0.143771507,0.009639093,0.096857307,-0.025790871,-0.004571979,0.118059069,0.021627733,-0.051190311,-0.032676241,0.017843098,0.102049607,0.005121805,0.069236617,0.014097283,0.032551236,0.08268945,0.068536218,-0.073308659,-0.076378074,0.057494352,-0.032692633,-0.045195455,-0.152387061,-0.006371562,-0.025671996,-0.094733425,0.032859382,-0.087369725
304,-0.107670386,0.022105786,-0.041977476,-0.017117169,-0.000541236,0.039116977,0.185237174,0.001833903,0.030054126,0.056921927,-0.080530718,-0.066522249,0.017701869,0.02973158,0.034015333,-0.041080981,0.175273128,0.075277811,-0.032809757,-0.019767641,0.042614973,0.031232217,-0.082934477,-0.016074303,0.162989627,-0.024326734,-0.001621874,-0.091842282,-0.033963206,-0.12398318,0.0519515,-0.043559356,0.029382435,0.141942012,-0.036372356,0.127086188,-0.088939484,-0.048186906,-0.05598162,-0.136668626,-0.080603701,0.070187931,0.046726369,-0.088168178,0.061277602,0.148989168,-0.045902769,-0.057099253,-0.029059697,-0.017335072,-0.056793615,0.1079609,0.041024635,0.084248502,-0.030887029,0.010984154,0.111631847,-0.013730572,0.06129207,-0.012988078,-0.073470249,0.08068179,0.099734348,-0.105365992,-0.097115499,0.047991057,0.005077081,0.084543481,-0.00558475,-0.006828972,-0.010084915,0.015990989,0.002021897,-0.075206926,0.234116579,-0.082522105,0.087146386,0.003140196,-0.122985937,-0.01807931,-0.009190798,0.0418104,-0.087595232,0.046758022,-0.008176173,0.086422568,-0.002732551,-0.073665988,-0.00051053,-0.047593688,-0.068839436,-0.034466229,0.095633427,0.087066275,0.042311198,-0.102085935,-0.098226021,0.132987549,-0.008013089,0.132791706,-0.050587901,-0.08357463,0.118502657,0.125653167,0.121169539,-0.02337587,-0.034804953,0.048370457,-0.016889272,-0.060555144,-0.047023912,-0.031608326,0.036328126,0.030963371,-0.053434561,-0.046965602,-0.0284516,-0.074243287,0.054627773,-0.068253311
305,-0.003447768,0.058147894,-0.053557063,-0.010654911,0.013398841,-0.005661407,0.138328441,-0.02547105,-0.022580382,0.037963883,0.081124775,-0.002722355,-0.024125147,0.056491275,-0.008070807,0.002213547,0.100582236,0.096769356,0.039324045,0.021726185,-0.003514107,-0.068532285,0.010942962,0.019492853,0.000515271,-0.038665723,-0.056983289,-0.001236815,-0.112657132,-0.100899639,0.157416426,-0.116730617,-0.055917101,0.023703921,-0.070797038,-0.009570524,0.048359717,-0.096419357,0.028021967,-0.014463238,-0.015271436,0.039496217,-0.046284459,0.082960173,-0.103614599,0.018446473,-0.05487908,-0.084361503,-0.006525848,0.043854644,-0.12226924,0.11624298,-0.098128807,-0.035797089,0.007448175,-0.047985186,0.140738695,-0.014388765,0.128945777,0.058061272,-0.012753074,0.002156303,-0.023431655,-0.127515815,0.039936461,0.053390678,0.010044715,0.069669765,0.043260589,-0.103351578,-0.092452376,-0.09085608,-0.001317014,0.07630869,0.13102461,-0.02477721,0.016926363,-0.091487547,0.007478582,-0.03774759,0.015170105,0.082772016,-0.056524791,0.004887418,-0.016439551,-0.054789299,0.020218474,-0.077210134,-0.060527598,-0.009377115,-0.130426332,-0.099307624,0.162058203,0.059391259,0.008794065,0.124623391,-0.004853376,-0.05784405,-0.028998333,0.051086435,-0.048769419,0.017328342,0.031654692,0.094685335,0.076513401,-0.065657722,0.009742595,-0.034586317,0.055140566,-0.05911355,-0.078722794,-0.169480075,0.059310771,-0.045005717,-0.035254308,0.019089916,-0.014102812,-0.109616732,0.110904363,0.016319109
306,-0.047613828,0.077007015,0.14717934,-0.11248449,0.031597562,0.016303122,0.024615341,-0.053154666,-0.055441156,0.006456888,-0.085112065,-0.004830006,-0.006180696,-0.06338659,0.028352823,0.031420268,0.150715411,0.194611395,0.093189884,0.136892019,0.074561626,-0.055178375,0.093239911,0.04657858,-0.066077538,-0.065129086,-0.026186115,0.087383683,0.028055305,-0.027456678,0.038787223,0.040962646,-0.099717931,0.035024713,0.030947688,0.011761759,-0.096499979,0.021852857,0.046412711,-0.178061499,-0.03987956,0.045201441,0.091448056,0.048441631,-0.061629203,0.078291715,-0.073286417,-0.04315994,0.065429874,-0.024296957,0.007613531,0.066989435,0.024776156,-0.037910612,-0.008951031,0.016400048,0.103033691,0.011986625,0.05264291,-0.010779087,-0.036253443,0.018801643,-0.015787659,-0.005761639,-0.045096716,0.120399755,0.00980438,0.065417668,0.006913942,-0.055111682,-0.008990937,-0.069131389,0.068204697,-0.038828641,0.187092096,-0.031841112,-0.014677502,-0.029478653,0.019885549,0.061414205,0.045812365,0.012208437,-0.025681432,-0.060996188,-0.08475953,0.071318126,0.11653889,-0.052864939,-0.035299746,0.010506959,-0.046690927,-0.006522901,0.051271581,-0.030007969,0.001240852,-0.066916069,0.023892464,0.062706201,-0.108940516,0.082645471,0.137757249,0.024271189,0.022847252,0.110820489,0.076631729,-0.0455761,0.007442975,0.039884669,0.045120846,-0.165485501,-0.086801224,-0.132969633,-0.001156722,0.007925285,-0.058756835,-0.01159606,-0.036313382,-0.042043735,0.038378619,0.077285251
307,-0.081289967,0.132872287,0.142130282,-0.026512683,0.143444084,-0.086503901,0.133286668,0.059519881,-0.046956964,0.047209152,-0.025999908,0.047007024,-0.074695759,0.049177094,0.000151158,0.080138899,0.127379279,0.074899684,0.044003575,-0.094418881,0.021073639,0.09163719,-0.004210963,-0.066354178,0.101494151,-0.098012981,0.077889385,-0.041439033,0.08051947,-0.12112148,0.063664981,-0.000343061,0.003197195,0.150195005,0.0005576,0.126663296,-0.043818383,-0.104702002,-0.010015799,-0.040589735,-0.011533075,0.095417689,0.145571448,0.124676294,0.066862973,0.070197904,-0.029760224,0.126680265,-0.046458964,-0.032179307,-0.073353867,0.16909046,-0.094765136,-0.01706294,0.039710664,0.041209458,0.082289236,0.020893829,0.05105372,0.036073592,0.042753496,0.014007966,0.060245354,-0.035746178,0.033302794,0.185762442,0.007244979,0.048205146,-0.023902467,-0.009080977,0.029985281,0.07763222,-0.026714307,-0.008012498,0.157164571,-0.092711864,0.016343332,-0.064312744,-0.034396295,0.031017806,-0.025066687,0.109084121,-0.004416087,0.066098911,-0.031791899,0.1366649,-0.005346998,-0.028124316,-0.098121134,-0.114526122,0.054676377,-0.048334816,0.16430693,0.035725177,0.076529392,0.04388384,-0.104876123,0.1353445,-0.049967878,0.034971963,0.024599971,-0.057386623,0.082377737,-0.017348774,0.112562565,0.004774176,0.064087703,0.04456937,-0.070506313,0.027034566,-0.026245974,-0.021286843,-0.019900042,0.067880752,-0.103396146,-0.078669354,-0.039738915,-0.03328893,-0.017264385,-0.006629187
308,0.070621401,0.047334537,0.134354464,-0.012378183,0.020912813,-0.04747516,0.059000443,-0.086147038,0.026863115,-0.006304008,-0.076401627,-0.033802836,0.007204553,0.019761379,0.082418788,0.051063843,0.154017713,-0.009665711,-0.015092906,-0.034276827,-0.074239676,0.016025677,-0.042991059,-0.010609675,-0.011134797,-0.094934508,0.012480837,-0.02411845,0.039272453,-0.094906777,0.029507111,-0.053169504,-0.106120143,0.165638125,0.053307442,0.071217101,0.031120817,-0.028792995,0.131937044,-0.049004639,-0.062873831,0.085594541,0.108365067,-0.084772419,-0.055019157,0.004567249,-0.000298275,0.063633137,0.020843156,0.019724642,0.086004571,0.125746829,-0.057192976,-0.035114739,0.084768856,0.05632485,0.136610132,-0.035254151,0.03525593,0.095408009,-0.047505167,0.039828095,-0.066511924,-0.000787998,-0.04906186,0.038932345,0.003938915,0.105204013,0.001450683,-0.046781886,0.059598327,0.03669391,-0.041625285,-0.010690192,0.182092109,-0.03212883,-0.0328662,0.048093322,-0.10429531,0.013368126,-0.00110727,0.019278569,-0.018274725,0.015839041,-0.007288866,0.081024457,-0.016184207,-0.088174635,-0.033859185,0.121069235,-0.052071661,-0.060059889,0.095754437,-0.037620661,-0.001455194,0.030402997,-0.030051616,0.137186664,0.008775451,0.028948469,0.021672105,0.022839075,-0.000434125,0.120711623,-0.03270647,-0.06552072,-0.058122429,0.022538561,0.017494915,-0.082128115,0.002277821,0.031231483,-0.042361882,0.014181718,-0.059315419,-0.004620729,-0.038979012,0.055696065,-0.056554778,-0.073213707
309,0.033947358,-0.007198857,-0.017765303,0.057001823,0.072275382,0.056322269,0.17619654,-0.034353827,-0.074747708,0.113181955,-0.050866349,0.075728439,0.047099435,0.070478892,0.142422565,0.01423651,0.134987058,0.167405001,0.071087787,0.087787801,-0.003955647,0.044071426,-0.007754923,0.022252672,-0.053989724,-0.043677928,0.147386941,0.006581474,-0.062832201,-0.052476154,0.029073431,0.04038782,-0.105745297,0.131202069,-0.025521839,0.138205211,-0.094828083,0.070068433,0.099300016,-0.073367038,-0.040019667,-0.00558115,-0.006853054,0.011473887,-0.058983123,0.20471439,-0.119679614,0.107836084,0.064763724,0.115380209,-0.06853794,0.076513618,-0.05852986,0.002559376,-0.044631456,0.07817148,0.178831914,0.069722089,0.0420561,0.091898783,-0.020590126,0.195601237,-0.039527645,0.061306437,0.047616563,0.213195981,0.16292503,-0.010720467,0.063636896,-0.035516044,-0.081682563,-0.034765665,0.061607886,0.006920244,0.190534593,-0.09637259,0.089058037,-0.071577722,-0.101801348,0.088804511,0.099756459,0.116869092,-0.042020549,0.047522918,0.005113571,0.102116095,0.007651306,-0.0354324,-0.12281473,0.091230643,0.021172103,-0.077513606,0.161151784,0.041558096,0.014005803,0.01978504,-0.11701749,0.16194824,0.016718492,-0.060807711,-0.070313847,-0.032158214,0.012800394,0.033543764,0.043781401,0.07843225,0.068011991,0.024256111,0.084286363,-0.077535176,0.044388525,0.006905517,0.059595664,0.04075288,-0.171353246,-0.132780603,0.01662613,-0.156510443,0.088657452,-0.018821617
310,0.038466925,-0.023751754,-0.023007892,-0.061398116,0.068796945,-0.028331611,-0.026899221,-0.056841674,0.058304718,-0.037234209,0.024322668,-0.018052137,0.072359379,-0.066450255,0.050309321,-0.043219356,0.077396699,0.045022273,-0.059752509,0.071548142,-0.001863508,0.072942211,0.033064473,-0.011670858,0.066624137,-0.035977744,0.013679724,0.089687576,-0.102882172,-0.091939227,-0.017735237,-0.12857874,0.045565699,0.057173798,-0.020619249,0.006464593,0.010581701,-0.063337618,0.010803897,-0.059374609,-0.040410482,0.031346233,0.090165718,-0.041109482,0.056473551,0.075290565,-0.011136167,0.020481028,0.09524757,0.045560541,-0.140826783,-0.043391967,0.052429477,-0.047292591,-0.056865649,0.044713615,-0.011651693,-0.040061444,-0.110614542,0.088859606,0.031290801,0.006105897,-0.022588604,-0.043418728,0.067806375,0.095688522,-0.008486992,0.026943025,0.072611113,-0.008790446,0.025455121,0.049141878,0.028213351,0.003645325,0.060892508,-0.085667194,-0.041160709,-0.053429994,-0.075483523,0.072985548,0.066372322,-0.057209689,0.008859722,0.011685806,0.030752826,-0.051078167,-0.001525,-0.031212285,-0.060582171,-0.062632393,0.033582663,-0.029654499,0.011874787,0.039122353,-0.011197235,0.042126493,0.040317954,0.067330462,-0.141064213,0.065959689,-0.012619819,0.027267279,0.075181598,0.020460062,0.110598187,-0.023231791,0.081201782,0.037904196,-0.018741132,-0.019390998,-0.101538577,-0.050649657,0.043437379,0.028010896,-0.063204827,-0.096236902,-0.030110148,-0.070388337,0.091902935,0.069342222
311,-0.054958104,-0.073216282,0.039820144,0.057930064,0.09896219,0.00597147,0.109800985,0.049944749,0.055155735,0.025216985,-0.088058872,0.008732324,-0.054066657,-0.039997873,0.119839105,-0.03055138,0.037822407,0.096873524,0.028205462,0.159930045,0.00324229,-0.080045148,-0.100441806,-0.028475867,-0.030220989,-0.070730838,-0.019196292,0.010677218,0.002734191,-0.06073482,0.007147253,-0.01247066,0.017306199,-0.006958509,-0.021857663,0.096289165,-0.068061938,-0.021218193,0.01331961,-0.002130982,-0.002598579,0.024855621,0.00512902,0.03130866,-0.051564044,0.172068571,-0.032116562,0.056877474,-0.084581986,0.001661071,-0.016022373,0.140674308,0.086974108,0.08166988,-0.015716034,0.083568062,0.173166648,-0.053412879,0.039881934,0.029666212,0.001829465,0.025553174,0.035346441,-0.00503742,0.015310433,0.093351709,-0.052022064,0.085647026,0.005046175,0.005309696,-0.034022383,0.111700421,-0.002588344,0.046470831,0.23394433,-0.107209107,0.035591357,-0.005107527,-0.123054391,0.019162621,0.000246149,-0.032243343,-0.03392992,0.059380046,0.039209474,0.008236914,-0.065089055,-0.035582314,-0.08980681,0.040485603,-0.050349742,0.004634296,0.110867448,-0.046230889,0.037103234,-0.000914325,-0.023622909,-0.015657496,-0.004942092,-0.067940311,-0.065449945,-0.078858454,0.016140854,-0.014211666,-0.015181487,-0.092470915,0.00777736,-0.037929654,-0.027440181,-0.152551399,-0.106711898,-0.084236789,0.059110887,-0.041265033,-0.095259422,-0.042969851,0.021598675,-0.042693424,-0.009295956,-0.112906291
312,-0.027198406,0.008179978,0.0169407,-0.079894908,0.029733378,0.027375236,0.048284268,-0.050387541,0.057892034,0.060594224,0.049713503,-0.085822809,-0.013379812,0.026435912,-0.00741964,0.007467517,0.027896345,0.100667621,0.031931558,0.067505819,-0.048182312,0.046926001,-0.078737536,-0.041676115,-0.057254836,0.006137896,0.008597216,0.02905739,-0.022722413,-0.076811671,0.008112313,-0.002161904,-0.050138152,0.050824599,3.02556E-05,0.146519779,-0.111808401,-0.03321588,-0.003257964,-0.084974415,0.107574492,0.051639264,0.113213371,0.05938095,0.078096207,0.005443772,-0.02535283,0.02695501,-0.057663988,-0.068221276,-0.0849938,0.039698445,-0.006960011,0.004654204,-0.071218547,-0.067597171,0.111133059,-0.015825703,-0.050190467,-0.074378817,0.025679636,0.087831278,0.062568217,-0.051230672,-0.01762128,0.018593219,0.076909255,-0.002291634,-0.029222336,-0.009981957,0.054947609,-0.016487743,-0.024751553,-0.022072622,0.136801897,0.014989761,0.028873889,-0.007977422,-0.098794746,0.029442179,0.020340878,0.10549184,-0.122880898,0.109083064,0.03606963,-0.046412659,-0.006835085,-0.032862347,-0.074180056,0.036176584,-0.01723131,-0.054767557,-0.084365795,0.017914,0.061348606,0.122725232,0.041755887,0.121273832,-0.054125311,0.076625546,0.016903933,0.041126465,0.165019615,0.013962256,0.074448405,0.059071165,0.076682076,0.043837132,-0.019584386,-0.168033812,-0.10101079,-0.102987884,-0.028746383,0.125721504,-0.059799548,-0.126430225,0.020498361,-0.033363511,0.144933658,0.033445796
313,0.045884406,0.002376349,0.101087024,-0.032975364,0.011199633,-0.068590221,-0.012748781,0.004676176,0.02284361,0.084252163,-0.039258666,-0.006430748,-0.007565773,0.007040913,0.016937262,0.097554133,0.272903986,0.201267005,0.066749122,-0.023415217,-0.040827306,0.021449508,0.04558417,-0.034755188,0.019649437,-0.025438208,0.134921789,0.16253235,-0.003509569,-0.174559368,0.160884709,-0.047468651,0.086667198,0.255751962,-0.052741236,0.151257964,-0.140531903,0.032096634,0.068100858,-0.101864686,-0.084315744,0.180050873,0.005586149,0.02119835,0.039648697,0.283952894,-0.102522594,-0.080698809,0.044100777,0.044974187,-0.029527961,0.200551477,-0.026111535,-0.013691447,0.04200618,0.011436869,0.087862796,0.115308194,0.003764844,0.075574784,-0.041333075,-0.065483149,-0.034209467,-0.00562051,0.171816936,0.166785236,0.082239394,0.043745027,-0.014177312,-0.095651763,-0.079812055,0.002484399,-0.020081836,-0.067268048,0.265398313,-0.035807442,0.034090339,-0.076480059,-0.043862843,0.083603327,0.034895493,0.043839185,-0.037348849,0.053333222,0.095286991,0.100190521,-0.074906562,-0.074140382,-0.125867227,-0.039088466,-0.054050813,-0.043962391,0.216788087,0.00279037,0.02381565,-0.004884193,-0.028315592,0.051609315,0.02534301,-0.013660073,0.107467129,0.032617037,0.087633849,-0.025935507,0.079705189,-0.007875299,0.007853024,0.013950493,0.063431652,-0.130419251,0.027964612,-0.127623691,0.004169456,0.113264159,-0.097891754,-0.03176128,0.0195148,-0.083557971,0.136644984,0.002254899
314,-0.020194206,-0.029069362,0.17317463,0.041604785,0.055201565,-0.114631954,0.128324938,-0.017148033,-0.007391014,0.025779132,0.107613045,-0.120057709,0.015726806,-0.103284173,0.05026571,0.053304178,0.159826074,0.131849761,-0.018098917,0.033273056,0.039550992,0.043173386,0.023374389,-0.007229454,-0.013903442,0.004098182,0.047656774,-0.017277699,0.091288298,-0.082564942,0.157562557,0.014181537,-0.040476392,0.15800971,0.023556046,0.093105743,0.053245308,0.054192193,-0.025548427,-0.093258561,-0.071112328,-0.034735568,0.074505861,0.082386063,0.00380987,-0.020284509,-0.061217326,0.081120893,-0.000492927,0.037897004,-0.065993983,0.245703352,0.043270608,0.074724222,0.034062329,-0.002920993,0.080795445,0.039303572,-0.031216657,-0.029635407,-0.062708654,0.040723667,-0.049051758,-0.055793504,-0.01016943,0.055551191,0.026380585,0.059359773,0.057336567,0.01284953,0.03355958,0.049467062,-0.053280149,-0.104317039,0.162518565,-0.03136738,0.004199004,-0.032517285,-0.090602786,0.023988194,-0.041642453,-0.041427947,0.038054662,0.024757576,0.042926436,0.048282338,0.01155722,0.007933505,-0.068303406,-0.066292567,-0.068794432,-0.049261761,0.134413963,-0.079452511,-0.007228246,-0.02662399,-0.017129213,0.015653271,-0.010259614,0.019388871,0.055530427,-0.011353006,0.10824616,-0.015317051,0.106564437,0.003821617,0.113340608,0.031542005,-0.063361569,0.006726237,-0.006953498,-0.05446629,-0.03565463,-0.007553673,-0.124308398,-0.00090385,0.073209144,-0.023919848,0.030690547,0.021305713
315,-0.016070718,0.133349425,0.028629626,-0.038808519,0.17176989,0.038667328,0.17287833,-0.062942014,0.082999286,0.045430954,-0.025099068,-0.022715432,0.044772159,-0.008592526,0.072420997,-0.076098711,0.14299756,0.245546405,0.091527423,0.07793265,0.003116846,-0.025374342,-0.063748847,0.062056365,-0.014122201,-0.064918905,0.089675172,0.04419577,0.06659652,-0.04947747,0.138027671,-0.072155023,-0.077270721,0.193877029,-0.07622727,0.166924156,-0.063811254,0.042176989,0.093821766,-0.061363644,-0.015738874,0.014775857,0.113642606,0.091994424,-0.033176797,0.273086596,0.021691859,-0.005184408,0.041605803,0.003123595,-0.080188593,0.292796689,0.01044603,0.036958873,-0.042843287,0.048420716,0.085276079,-0.086850848,0.075522967,0.019026459,0.020058868,-0.004565368,0.00515936,-0.029948016,-0.07157113,0.156920224,-0.003160884,0.094076345,0.084226996,0.044654184,-0.084905691,0.066728429,0.052010987,0.042924373,0.260277541,-0.102079586,-0.11688881,-0.040429428,-0.196122054,0.045069891,0.035391952,0.021561422,-0.110853784,0.024941571,0.029641811,0.140083902,0.075281261,-0.026127911,-0.089456971,-0.000786468,-0.049952455,-0.058090244,0.197480606,0.04655579,0.109308047,0.054490726,-0.073485565,0.103784376,0.001392976,-0.008507924,0.074788684,0.054796942,0.1552299,0.151158279,0.206409994,0.012317641,-0.035519354,-0.118144049,0.014278742,-0.004017411,-0.078071823,-0.066966839,-0.019724914,0.062133752,-0.184937961,-0.056319152,-0.05244694,-0.02817307,0.140622014,-0.053524965
316,-0.076159263,0.08719729,0.030704252,0.057746798,0.025094864,-0.036228415,-0.021662029,-0.022612381,0.046013043,0.121191408,-0.064665669,-0.040047565,0.024944688,0.046284841,0.026432581,0.023786991,0.064576839,0.105140519,0.146935581,0.047176308,0.005072063,-0.02703722,-0.008685061,0.007492865,-0.052809481,-0.027273721,0.01476757,-0.047721364,0.087264231,0.027537598,0.024182923,-0.102782029,-0.060885995,-0.060998503,-0.035466371,-0.080889593,-0.08603623,0.008963832,-0.051339812,-0.059569698,0.000880427,0.015140021,0.065909953,-0.066668243,-0.045710951,0.056196332,0.103170818,-0.045046509,0.000751307,0.027964034,-0.111420612,0.059751268,0.00235439,-0.04859631,-0.013793911,0.057980122,0.031883892,0.076038226,0.034165678,-0.042467254,-0.127585432,-0.007660929,0.127746421,0.014270947,0.038019126,0.201797695,0.02562254,0.030376384,-0.050474786,-0.035511586,0.08082681,0.057234681,-0.016319323,0.019684107,0.067996715,-0.02366706,-0.038071663,-0.015028071,0.014070432,-0.042235098,0.105196309,0.071650499,-0.112757305,0.026843665,-0.036818984,0.171923946,0.050633022,-0.063741359,-0.006399586,0.033481912,-0.067736655,-0.130465865,0.059555789,0.071575465,-0.049825125,0.030057122,0.042662554,-0.009976438,0.03156281,0.033816976,0.037349126,-0.007453186,-0.036989794,0.005440051,-0.012211298,0.043177013,-0.026041339,0.050124948,0.084791807,0.040109593,-0.006622069,-0.023347814,0.030843224,-0.049879746,-0.076068503,0.022212943,-0.03403451,-0.024821403,0.067428831,0.061716634
317,0.001772534,0.00944382,-0.004116561,0.022868315,-0.031075455,0.084159326,0.215091807,0.024589361,-0.011441536,0.017062044,0.018651456,-0.106344699,-0.047852947,0.004806469,0.044405426,0.080001286,0.224508014,0.024507144,0.034114238,0.093559141,0.041975553,-0.005906621,0.018332263,0.104110698,-0.073512489,0.003297947,0.183545152,0.104307334,-0.005871966,-0.127580537,0.058427539,-0.061088012,-0.063007222,0.21674304,0.047659321,0.162564729,-0.079619598,-0.052420655,-0.016970175,-0.155378512,-0.029861467,0.003560027,0.163070829,0.00880345,-0.03319307,-0.035530571,-0.11002246,-0.065755931,0.029883026,-0.033935451,0.018767722,0.103969415,0.105542923,0.053742091,-0.037325095,0.145383708,0.20569937,0.151247275,0.015713502,-0.113431353,-0.049867899,0.091815431,-0.018931254,-0.055611426,0.070281946,0.155897481,0.080052557,0.076534333,0.004624514,0.036821267,0.036796364,-0.05164282,0.010275361,-0.102748182,0.143916852,-0.009668631,0.043536114,-0.008896901,-0.127915004,-0.00588464,0.041962115,0.097329924,0.054498768,-0.01576522,0.07118346,0.104681056,-0.058492045,-0.053225578,-0.064554955,-0.043654835,-0.068598347,-0.0916093,0.208482415,0.073394579,0.025029073,-0.028153487,-0.031711296,0.11860664,-0.017760262,-0.001040287,0.01515892,0.01174546,0.074284051,0.112272568,0.098869655,-0.034164398,0.03916335,-0.007114133,0.032797577,-0.083764171,-0.07925543,-0.040329256,-0.021432954,0.028661062,-0.079675755,0.011143439,0.009340578,-0.094354473,0.052067856,-0.023037894
318,0.008632165,0.028038653,0.020293325,0.016595955,0.021788105,-0.088910963,0.137135223,-0.04970776,-0.01418518,0.137001239,-0.035233864,-0.044698058,0.012293572,0.040258898,0.041640955,0.094166034,0.1192422,0.233003032,0.055615077,0.02158053,0.023413503,0.024941784,0.003792285,0.013063672,0.047915003,-0.045386092,0.056072843,0.055623608,-0.040582387,-0.012013179,0.069023244,-0.02893336,-0.099866622,0.096471077,0.032605813,0.025460479,-0.07954755,0.00278539,0.119279722,-0.165593711,-0.0735953,0.131092528,0.034426822,-0.062847754,0.032713849,0.155386516,-0.053117684,0.010763889,-0.012534472,0.154551999,-0.085404806,0.211693896,0.057191658,0.046054578,0.001288947,0.057839942,0.053564367,-0.068175444,0.011047992,0.04754659,-0.013268427,0.046142578,-0.014684739,0.102707779,0.020183826,0.17317779,0.074786832,0.172929608,0.05959363,0.114682324,-0.142059887,0.074160138,-0.054300733,-0.027871453,0.191475039,-0.13486384,-0.01609243,-0.025599762,-0.191811752,-0.040653949,0.048458025,0.183457349,-0.022490493,0.072886788,0.058851561,0.042867667,-0.018956676,-0.037099738,-0.089425787,0.026134678,-0.053704732,0.03380961,0.107873885,-0.056060777,-0.027518085,0.03342024,-0.073800004,0.015374119,-0.013282463,0.054065175,-0.073088189,0.040816895,0.022178528,-0.055599739,0.079989747,-0.033950861,0.079957324,-0.007242214,0.000729006,0.04562239,-0.080609641,-0.057196697,0.031072154,0.115064064,-0.133874685,-0.043350943,-0.046903878,0.001050551,-0.004063703,-0.013306592
319,0.034021871,-0.048231086,0.091568493,0.019462671,0.068771116,-0.062993623,0.090313667,-0.041269958,0.059676978,0.000939079,-0.042911352,-0.089820241,0.124470459,0.063243766,-0.084724555,-0.012093306,0.165165539,0.149216349,-0.008476679,0.050601372,-0.053994355,-0.005353412,0.013213691,0.045285667,0.038636606,-0.055334573,0.116815308,0.0446861,0.003623315,0.040447346,-0.02396816,-0.047200063,-0.053698962,0.022151559,0.033079976,0.036947881,-0.000858877,0.070889963,-0.09622993,-0.088618732,0.078206766,0.004492268,0.099391999,0.048707322,-0.059908919,0.09942101,-0.104489502,0.02924071,0.101022686,0.031675108,-0.069719426,0.140824276,0.056889944,0.176948374,-0.088342586,0.003352793,0.141682426,0.088583531,-0.000857577,0.09052862,-0.083835341,0.067691588,-0.023867068,-0.091576514,0.016871789,0.13335754,0.074526495,0.113125413,-0.032899648,0.007991719,-0.064139589,0.039983206,0.053973026,-0.021422161,0.213840987,-0.087415201,0.102541419,0.101174133,-0.002800308,0.094965817,0.140789942,0.036599472,0.038430427,0.092288206,-0.066302632,0.031679507,-0.085773731,-0.008979335,0.017651342,-0.085301346,-0.077866419,-0.063401528,0.041630059,0.123696198,0.013857316,0.03562233,-0.058822171,0.038818294,-0.123047794,-0.023432311,0.027500356,-0.06610221,0.056133229,0.039925993,0.108711205,-0.015983587,0.023616645,-0.041863332,-0.05675847,-0.142202508,0.021372077,-0.018102829,0.062277158,0.080705685,-0.06478225,-0.00450216,-0.011451061,-0.013746459,0.024788523,-0.075803164
320,0.028353775,0.097289121,0.006196513,-0.027446452,0.079629056,-0.13258567,0.210296443,-0.069961165,-0.057244058,-0.001943576,-0.018092791,-0.086751011,0.020573691,-0.036138731,-0.035627245,0.063936633,0.245771348,0.177740299,0.085709887,0.073433287,-0.022145547,0.073558688,-0.027324184,-0.046139462,0.111470487,-0.117418313,0.005502081,0.126431143,-0.066605692,-0.002617524,0.093607812,-0.086043804,-0.057345503,0.03341168,-0.041325249,0.112412054,-0.047233362,-0.055187217,0.034555949,-0.070220492,-0.125007639,0.05658594,0.040309662,0.088087734,0.024242989,0.049915311,-0.060234656,-0.019711128,-0.060044816,-0.024702336,-0.113018766,0.211140218,0.09319336,0.023288735,0.026927425,0.076119821,0.100635094,0.053703084,-0.007441983,-0.064659071,0.068421842,0.030304791,-0.103731263,-0.096968057,-0.049507669,0.136950615,0.070315267,0.145592202,-0.00676972,0.030278421,0.009667745,-0.001635427,0.137665041,0.002610677,0.277064045,-0.085729198,0.017007292,0.031164068,-0.10446637,0.081815683,0.010605784,0.090390046,0.032008003,0.097830792,0.058841215,0.121401345,-0.023393251,-0.03887265,-0.107917831,0.007166265,-0.022801333,-0.082955519,0.139845557,-0.014100105,0.058481931,0.013552619,-0.012976198,-0.001268225,-0.058070046,0.002120247,-0.046482011,0.101197091,0.162574715,0.076203407,0.148604247,0.045120961,0.00702774,0.011047768,-0.042921005,-0.047747262,-0.087700068,-0.071597676,0.051726864,-0.036352199,-0.095082232,-0.059302237,-0.070651159,-0.090759818,-0.034433548,-0.060503211
321,-0.021654275,0.00046998,0.09413762,-0.01634634,0.075336306,-0.073923838,0.028899202,-0.095993027,0.007243846,0.052368401,-0.039407526,-0.056212352,0.098187021,0.003364332,0.068908152,0.030638656,0.079684485,0.209023825,0.028727761,0.09735552,-0.022770299,-0.020638033,-0.084687645,-0.091228585,-0.076571848,-0.053342801,0.033793848,0.074832518,-0.065712674,-0.103601134,0.031087614,0.044378234,-0.008408093,0.153360612,0.00752189,0.014356393,-0.031856012,-0.099173048,0.130701609,-0.085417335,0.010195917,-0.041575459,0.03373946,0.048122907,-0.036303342,0.192352008,0.095551177,-0.041389481,0.009515605,-0.018692872,0.053112721,0.078716631,-0.10258813,-0.033211893,-0.120547598,0.057616024,0.034830891,-0.014744923,0.016213403,0.075237185,-0.109919156,-0.030927641,-0.097517164,0.002666036,-0.010581376,0.184306524,0.060059001,0.191758863,0.068157023,-0.113587177,-0.115920825,0.034810624,-0.051002321,0.028062316,0.265991489,-0.07326682,-0.006423158,0.041808003,-0.07682269,0.062571949,0.093609832,0.03512239,-0.036398597,-0.006455621,-0.059298074,0.109815753,-0.014502514,-0.052023361,-0.126180474,0.011734849,-0.014208055,0.000903025,0.127891297,0.036314139,-0.001672761,-0.0490668,0.08922102,0.132513539,-0.02755556,-0.062143067,0.072336245,-0.006975654,0.045190575,0.042309582,0.076980675,0.103223085,0.046902396,-0.080363206,-0.05071944,0.014011531,-0.0947629,-0.027170935,-0.036354453,0.042257909,-0.031774209,-0.020744275,-0.148286077,0.023412753,-0.008450447,-0.139925106
322,-0.024005321,0.001711291,-0.022874374,-0.080523804,0.000922458,-0.045960303,0.154627353,-0.098598307,0.018165562,0.089954237,0.021289758,-0.025841446,0.044302084,0.032211143,0.000967097,-0.03014173,0.14437319,0.116305253,0.141376436,-0.013013166,0.079437243,0.033106922,-0.011062099,0.018310228,0.013028573,-0.046393172,0.110053484,0.015166939,-0.005314405,-0.059563037,0.199482812,-0.090737063,-0.06311692,0.204371512,0.0547574,0.164856287,-0.035744619,-0.032295303,0.144334262,-0.127424091,0.042698746,0.108885091,0.215160462,-0.025344006,0.087313531,0.122999599,0.005374494,-0.069300586,-0.03657161,0.046217272,-0.111371212,0.022790937,-0.013955261,0.014001817,-0.027875763,-0.02003571,0.233874871,0.063332276,0.050148719,0.051903541,-0.002800934,0.032138016,-0.011169419,0.008556273,-0.08805274,0.2089036,0.07832339,0.040051761,-0.097885921,-0.047738251,-0.12007551,0.012982715,0.091158339,-0.057931641,0.326033365,-0.169361372,-0.039030764,-0.021753641,-0.172468441,0.041846237,0.084953062,0.051810795,0.077485645,0.065776958,0.026752524,0.002046139,-0.038601627,-0.099867897,-0.084190674,-0.085921888,0.0404264,-0.03075451,0.159604457,0.124525908,0.011750851,-0.041670977,-0.030843016,0.103580898,0.015591916,-0.008154289,-0.013727697,0.099480828,0.041849761,0.002667672,0.058126785,0.002383932,-0.030969988,0.060354762,0.033742916,-0.069467809,-0.085674853,-0.155450456,0.000437086,0.077157635,-0.115263271,-0.074148306,-0.174241573,-0.062581302,-0.008945798,0.019518947
323,-0.002437895,0.014337531,0.025957972,-0.038425964,0.131585744,-0.028127624,0.049392845,-0.071415299,-0.041225428,-0.008455132,0.060795863,-0.068967562,0.073426783,-0.001348421,0.011872191,0.084649144,0.300319315,0.173129207,0.144395823,0.03472069,0.027183767,-0.034509486,-0.061529157,-0.026888595,0.029036099,-0.084555223,0.134034677,0.01247149,0.048744996,-0.06691147,0.096835773,-0.036206831,-0.037763399,0.161383505,-0.00265677,0.08573405,-0.062918227,0.044418509,-0.095679787,-0.086261471,-0.0900809,0.071561822,0.107244944,0.062002095,-0.014108767,0.148629707,-0.047426914,-0.07030379,0.041053071,-0.025377059,-0.123208673,0.197600951,0.04149974,0.107715992,0.010880515,0.070034503,0.060696598,0.137861431,0.113486705,0.090249372,-0.062359625,0.047603163,-0.024690725,-0.098343616,0.049645368,0.189072842,-0.039463316,0.016148075,0.034814547,0.019612875,-0.119464448,0.081096064,-0.003815454,-0.06073143,0.244006864,-0.075299636,-0.099827476,0.072535035,-0.219937814,0.035824758,-0.038203383,-0.005306962,-0.05066271,-0.02762375,0.034464345,0.169182161,0.142128412,0.064975834,-0.0780467,0.032672597,-0.053845478,-0.098963612,0.114733122,0.046249615,-0.006427886,0.194151644,0.005412784,0.129084652,-0.052450974,0.057248476,-0.001834638,0.016224309,0.164570582,0.049835789,0.027977863,0.029736148,0.052274865,0.042757016,-0.019224147,-0.139013995,-0.155957837,-0.095797948,-0.092802038,0.024541372,-0.225284509,-0.055011143,0.035670728,-0.014292098,0.112754154,-0.112548812
324,-0.048599504,-0.011312584,0.030830583,0.004816103,-0.027083148,0.034341086,0.100424596,0.012277027,0.021228335,-0.006017631,-0.066756942,-0.026928427,-0.042776256,0.078229971,0.043209976,0.065561206,0.154053294,0.139846617,0.077096402,0.144364878,-0.048434526,0.090579157,-0.036700915,0.075042383,-0.004874752,-0.042980434,0.108663181,0.022606942,0.052079832,-0.039433524,0.132207089,0.00520289,-0.116709088,0.10327131,-0.042379253,0.132682161,-0.021059287,0.016041096,0.034685522,-0.004755899,-0.125974718,0.047509533,0.09521404,0.017678914,-0.009519641,0.070067658,-0.018758245,-0.001799981,0.019813062,0.008399264,-0.080298633,0.198099251,0.003187714,0.147858176,-0.062896522,0.100484956,0.059191245,-0.051153438,0.058830708,0.050685123,0.041397595,-0.015897329,-0.044678642,-0.071244451,-0.076660358,0.061444263,0.121994581,0.126121373,-0.005675918,-0.031034866,-0.043746449,-0.056233111,-0.049859314,0.039486143,0.228932494,-0.06617459,0.074705681,-0.025591495,-0.08181888,0.074190779,0.094504929,0.060862589,0.034494113,0.14545509,0.04278674,0.056242131,0.098724656,0.115332254,-0.013493385,0.028242739,0.035518336,-0.064516022,0.112055091,0.056453645,0.068970984,0.138632159,-0.033560867,-0.045161368,0.016036531,-0.034283743,-0.070708179,0.011467832,0.121372724,-0.003234294,0.05961667,0.033808144,-0.014870652,0.078711184,-0.017691596,-0.120499983,0.015153523,-0.030672133,0.003124126,0.054382368,0.021913971,-0.051337036,-0.073273535,-0.115754742,0.00253799,-0.095042221
325,-0.0602029,-0.053736738,0.082570104,0.006930408,0.05896223,-0.042964843,0.106034589,-0.050223768,0.054690971,0.037018931,0.002383381,-0.054811954,0.117131477,-0.030348962,0.018917984,0.072984651,0.090640408,0.0605582,0.029684472,-0.061954367,-0.061495998,-0.004946322,0.013117517,0.004051706,-0.032138816,0.021323935,0.072368158,0.050457869,-0.030654274,-0.018094846,0.056999704,0.026296888,-0.074405298,0.058111569,-0.082660493,0.012385752,0.04799546,0.015532192,0.059661428,0.043822719,-0.148850194,0.194985451,0.112804393,0.014389621,-0.040674684,0.012545676,-0.058476117,0.001117078,-0.045698598,-0.023222274,-0.041593982,0.128200578,0.039641361,-0.032208599,0.034565375,0.049089113,-0.036793106,0.089551727,0.00796771,0.060243415,0.090209069,-0.035780103,0.042244891,-0.047983644,-0.014838502,0.256907644,0.008785698,0.166604493,-0.015588003,0.042229617,-0.036764201,0.058247637,-0.014285118,-0.089830653,0.18515485,-0.011342788,-0.03264317,-0.096525621,0.00239115,-0.125846541,0.018758508,0.07993685,-0.080773613,0.220431197,-0.029869361,0.050978516,-0.08286132,-0.062059012,-0.077747035,-0.107088644,-0.014640108,-0.065708772,0.122105927,-0.054900513,0.00675832,-0.039171797,-0.02599715,0.102396667,-0.060393586,-0.025723655,0.076036194,-0.046751535,0.058418379,0.049168184,0.020448089,-0.075871234,0.190381506,-0.007547051,0.007368684,-0.089298097,0.018869625,-0.044020907,-0.079280261,0.003145498,-0.081723588,-0.025724281,-0.035434363,-0.046719565,0.059847697,-0.038841852
326,-0.003789171,0.022858183,0.064123585,-0.071658324,0.059568568,-0.017465247,0.076417456,-0.153025854,-0.072905094,0.074596008,-0.02259485,-0.012876596,-0.02539329,-0.00428889,-0.023301294,-0.051686821,0.350716869,0.215729058,0.116919024,0.128814879,-0.007602253,0.175489931,-0.04959512,0.09513262,-0.011498021,0.004722824,0.160835213,-0.00076407,0.036731017,-0.042471016,-0.011753526,-0.074140853,0.009109136,0.125682907,-0.008141838,0.190084544,-0.05449668,-0.004339648,0.078160464,-0.181434569,-0.025959168,0.079697151,0.065547365,0.089881875,0.008930072,0.177473366,-0.034455523,-0.000666582,0.010139456,0.116309332,-0.08475633,0.185715172,0.027647995,0.005075072,-0.059842219,0.104941486,0.063591336,0.086691091,0.020102076,-0.002617573,-0.06012329,-0.021737173,-0.070347398,0.053033887,-0.000534546,0.222850759,0.050220839,0.099685836,0.005720736,-0.035643843,-0.060763372,0.100600858,-0.033349319,-0.066643461,0.331679034,-0.021562141,-0.068072728,-0.072131956,-0.122983063,0.045822421,0.0587869,0.144617916,0.001366148,0.047852931,0.069490054,0.149216744,0.005639845,-0.0539845,-0.140901886,-0.054466969,0.029587704,-0.101181192,0.177220368,-0.094093016,0.052125938,-0.00035777,-0.063192973,0.051753152,0.016911403,-0.06152862,0.14806567,0.015286431,0.137455277,0.082215686,0.089536752,-0.042752959,-0.076858833,-0.002151512,-0.006701799,-0.025032759,-0.0769632,-0.171381688,-0.011150266,-0.10250304,-0.032062088,-0.17482354,-0.022287057,-0.01115548,0.067628303,-0.052409486
327,-0.002584176,-0.057067059,0.092930893,-0.021146347,0.084630346,-0.004418404,0.150890118,-0.1299963,-0.038300633,0.104876412,-0.054046064,-0.048324763,0.077041042,-0.005423193,0.082103295,-0.05415776,0.240426448,0.181098805,0.10067029,0.134207995,-0.028499513,-0.00926248,-0.082873725,-0.018681723,0.057317484,-0.053145804,-0.003899164,0.07914585,-0.054886382,-0.123143911,0.105254015,0.059580683,-0.08658305,0.128890047,-0.036700025,0.091567813,-0.090814213,0.020059554,-0.009207798,-0.100876273,-0.001057975,0.013845393,0.168533674,0.226227841,0.042494379,0.139755964,-0.066777998,-0.085830287,0.000109567,0.016254207,-0.142344002,0.141387105,0.134303337,0.112588633,0.049643787,0.063629981,0.109351568,0.125466515,0.137193266,-0.024158101,-0.030113603,0.203315403,0.002322686,0.006957113,-0.061509619,0.219187604,0.159069042,0.187640419,-0.048570894,0.029306984,-0.133029377,-0.002478054,0.163034644,-0.00024669,0.419818335,-0.05564802,-0.033227151,-0.08322658,-0.091780648,-0.018711641,0.128617039,0.013485993,0.033888962,0.105591954,-0.004488925,0.120199192,-0.008393157,-0.01026557,-0.087458009,-0.033548936,-0.041444026,-0.030348683,0.153238885,-0.040066157,0.150098626,-0.030432795,-0.104361617,0.141627028,-0.025772104,0.05137905,0.024620855,0.016336787,0.14781983,0.0592575,0.044346309,-0.013655522,-0.000471582,0.060123427,-0.046093071,-0.092454664,-0.028860495,-0.160425152,-0.134230174,0.138737725,-0.110547806,-0.051758084,-0.029226596,-0.109867923,0.087063061,-0.073670757
328,0.072065144,0.010159606,0.054088491,0.120371198,-0.047352855,-0.034067001,-0.057626981,-0.055106249,-0.0003027,0.010596738,-0.068311581,-0.041915932,0.040805486,0.060227977,-0.06902431,0.071003378,0.1060927,0.025224616,0.012135718,0.073399091,-0.008732977,0.030377263,-0.074089494,-0.008168724,0.11178427,-0.090217133,-0.034349276,0.06684546,-0.022077107,-0.060360218,0.073577857,0.027501733,-0.110253084,0.014126365,0.021714967,0.046469595,0.057197682,0.008051648,0.016838867,-0.016388783,-0.088461293,-0.016055184,0.092428574,0.065079998,-0.001988799,-0.004711094,-0.044986342,-0.037525915,0.020245216,-0.034441726,-0.05975756,0.081097656,0.156731548,-0.015310297,0.0781156,0.046085316,0.044699135,0.095469306,0.100782306,0.052099481,-0.052073774,0.033706149,-0.078097142,-0.07719848,-0.007411589,0.12768953,0.067860223,0.011332831,0.051031205,0.063934352,-0.017375578,0.017721958,-0.026996374,0.06216445,0.133352627,0.035499751,-0.122481062,-0.032213845,-0.159839907,0.081394287,-0.011204829,0.087208004,-0.013289604,0.06278943,0.006667889,0.060742206,0.045840214,0.012991207,-0.064281733,0.028770746,0.054464676,-0.122258198,0.116213806,-0.004879507,0.019720633,-0.099403397,-0.09467984,0.08288223,-0.021400499,0.061316775,0.029331521,-0.009392828,0.030637849,0.119900568,0.036762935,0.03104503,-0.065262239,-0.038311531,0.036177458,-0.027872426,0.050697315,0.061434751,-0.036315726,0.137353263,-0.136503502,-0.059798858,-0.085821778,-0.113358751,0.083286707,-0.050513416
329,-0.030526723,-0.097071699,0.074457891,-0.059250112,0.033533387,-0.122152497,0.110070033,-0.039943575,0.031389965,0.052196178,-0.044775889,0.057101456,0.039932457,-0.118159064,-0.072593544,0.173119456,0.160307198,0.174363697,0.022815996,0.146349811,-0.114212969,0.026614235,0.022353569,0.052544154,0.015311015,-0.108333947,0.022731509,0.068157032,-0.052450121,-0.074807539,0.006920964,0.065224243,-0.009899913,0.085597886,-0.098484706,-0.005699833,-0.026238959,-0.11618272,-0.008874181,-0.073249848,0.014026507,-0.020674813,0.133544527,-0.006316173,-0.015314072,0.010096236,-0.065834792,-0.038937408,0.023215782,-0.031861454,-0.022619668,0.022408866,-0.049302074,-0.026628808,0.023999904,0.039725364,-0.018826364,0.158671472,-0.008559887,-0.002384824,-0.017038355,0.063280054,0.006506251,-0.131812233,0.029200406,0.225788799,0.005213805,0.130085735,-0.003618691,0.035049415,0.011776097,0.015643774,0.046917461,0.175061876,0.08449433,0.034486931,-0.028375745,-0.124967925,-0.112962094,0.024147249,0.11254712,0.019667583,-0.047255095,0.020215741,-0.08197475,-0.008222872,-0.021171078,-0.013065372,-0.004468368,-0.026545925,-0.13328586,-0.16795805,0.164239189,-0.024305525,0.038024897,0.055697812,-0.020798544,0.035073833,-0.060367192,0.049719792,0.00393196,0.059482188,0.157214295,0.104552027,-0.000741893,0.033798747,0.056928856,-0.094555937,-0.026313727,-0.031724152,0.096277606,-0.110626364,0.022886541,0.046484995,-0.039150898,-0.032965922,-0.076084876,-0.061183408,0.067961594,-0.037351633
330,-0.034518063,-0.008538252,-0.006287119,0.078576093,0.14600937,-0.067512778,0.103202058,-0.037608871,-0.007780023,0.008686352,-0.055314182,0.099704605,-0.016685205,-0.001955993,-0.000810973,0.09889477,0.145946001,-0.00454466,0.087833065,0.114882547,0.052380528,-0.066868995,0.016620689,0.078213627,0.006115974,-0.033187369,0.246105665,-0.004940617,0.062109399,-0.106285186,0.080463777,0.067341418,-0.009862017,0.122228416,0.067773421,0.125313921,-0.07375375,-0.057584398,-0.02287027,-0.037204875,-0.047680336,0.078281547,0.113988192,0.099409278,-0.002709892,0.080808744,-0.0382569,-0.006820103,0.058248228,0.04429256,-0.116686128,0.097703655,0.045298619,0.039006902,-0.041173943,0.097185684,0.127746776,0.073221507,0.014805779,0.041038327,-0.059192844,0.044896498,0.02743346,-0.073167915,0.008898253,0.052319306,0.036766202,0.126700906,-0.038846438,0.043285449,-0.062022119,0.19114976,-0.025559135,-0.048251933,0.180223242,-0.026093233,0.011575956,0.086138591,-0.126523979,0.087578916,-0.025666919,0.073225912,-0.005432514,-0.070482091,-0.054713037,0.104945406,0.031512467,0.063229439,-0.090333092,-0.050543566,-0.004590784,-0.051727205,0.028723653,-0.024476784,-0.044111499,0.095889341,-0.007756983,-0.004803555,-0.018058862,0.072718517,-0.042169559,0.025363981,0.012679213,-0.083327072,0.067186242,-0.111207397,0.016388176,0.010257077,0.000626541,-0.076711457,-0.026745505,-0.143270666,-0.052207467,-0.011532344,-0.07756405,0.024219781,-0.056614405,-0.030385282,0.004731937,0.073961958
331,-0.032971412,0.049271024,0.017820698,-0.097483514,0.059460434,-0.064717167,0.095812,0.012232136,-0.013223487,-0.029162783,-0.012553379,-0.076167029,0.084693863,-0.08338599,0.126619454,0.035474557,0.2612511,0.147860144,0.057378666,0.080677562,0.039640389,0.0748696,0.072124429,0.15083459,-0.085942916,0.000667811,-0.016362956,0.013453533,0.046835676,-0.011399283,0.098822791,0.029484017,-0.02422058,0.070036064,0.051458509,0.158061821,-0.035649753,0.145234302,0.054885661,-0.027292872,-0.008886455,0.088298459,0.103624345,0.094381468,-0.037222926,-0.037281663,-0.020494798,-0.012473187,-0.018528518,-0.031355714,-0.101213117,-0.024237493,0.001689456,0.002351282,-0.00064843,0.037740861,0.1008511,-0.008789749,0.007991564,0.021167879,0.047716197,-0.017161789,0.020146848,0.056334605,-0.142568149,0.07239657,-0.025730526,0.027994671,0.000506085,-0.022198661,-0.038840432,0.049470692,0.075973754,0.046228086,0.090414967,-0.019665889,-0.006157569,0.074725518,-0.106409852,0.053280654,-0.044142731,0.052125829,0.066742615,0.107306431,0.011404974,0.117725429,-0.035720948,-0.084896141,0.082681619,0.017790705,-0.017426023,0.041721096,0.01790082,-0.063137396,0.057833309,-0.039557274,0.083626412,0.211143816,-0.020754348,-0.037845241,0.003051484,-0.068675119,0.025726229,0.056587334,0.02609067,0.060890021,-0.03026449,0.061191747,-0.019256655,-0.015783223,-0.120533616,-0.051906462,-0.048444148,-0.021350379,-0.05768987,-0.044418218,-0.032426027,0.034081515,-0.029680456,0.009510968
332,-0.066930656,-0.03360266,0.011272932,0.019764228,0.062757628,0.021810112,0.133932828,-0.002240844,0.103682906,0.025241192,-0.057531046,0.040896026,-0.064933979,0.018535746,0.046809079,-0.100367974,0.08700065,0.037629993,-0.042117859,0.098375812,-0.074194133,-0.022383643,-0.049575374,0.062512572,0.011998438,-0.077369484,0.038921285,0.018242652,-0.028011768,-0.045743775,0.146473568,0.03400936,0.012907454,0.091632821,-0.039856014,0.064356812,0.0277603,-0.074233463,0.002184195,-0.058151977,-0.095408259,0.001665616,0.10246898,0.099932473,0.033909109,0.152942718,-0.002788372,-0.082658078,0.044595726,-0.01679205,-0.027187141,0.093172793,-0.013053303,-0.024900159,-0.129426363,0.00839624,0.100451858,-0.036001914,-0.052621155,-0.093111236,0.044705532,-0.146047877,-0.020089689,-0.08573071,-0.097956738,0.069420581,-0.038980162,-0.016567724,-0.013335483,0.01261802,0.013191932,0.036443099,0.055223697,-0.033057962,0.019401928,0.010006128,-0.007066105,0.011990313,-0.15066306,0.10793428,0.064691971,-0.000238059,-0.044896626,0.071135601,-0.06572138,0.081910921,0.037127177,-0.05523738,-0.036068335,0.036331304,-0.103968316,-0.017367013,0.022306668,0.050222182,-0.029974327,0.067551246,-0.035999299,0.033962167,-0.148561827,-0.067811305,0.00080881,0.022657639,0.030103264,-0.011587221,0.076023755,-0.084514026,0.02624867,0.038605694,-0.039511981,-0.060075418,0.015554811,0.029236994,-0.061459374,-0.015616047,-0.057372304,0.003822176,-0.049106752,0.007633973,0.025986474,0.043269394
333,0.087399955,0.006713082,0.04685022,-0.005984251,-0.044813878,0.077457389,0.065997174,-0.067689226,-0.00664518,0.037923404,0.003014105,0.063173578,-0.061394955,0.000757371,0.047369993,0.053427639,0.183765452,0.198405886,0.123898738,0.014296655,0.084418933,-0.04766894,-0.014725803,-0.009302007,0.031288063,-0.087545553,0.03056323,-0.005152974,0.036924828,-0.123309556,0.085078672,-0.01700343,-0.004982294,0.255668763,-0.066926773,0.058936745,-0.039044579,-0.087844251,0.075215264,-0.115262697,-0.048204884,-0.00107325,0.105691506,0.09325668,-0.020017646,0.117586856,0.01308709,-0.031412276,0.142034999,-0.05905995,-0.011053373,0.148563583,-0.044901102,0.02476001,-0.083802116,0.069415967,0.044533954,-0.069269757,-0.001123488,0.074871382,0.000422447,-0.017285062,0.004954449,-0.039954173,-0.048184782,0.04982975,-0.006524229,0.069830195,-0.020246477,-0.039748081,-0.051600285,-0.054727218,0.02418873,-0.045363149,0.096582964,-0.058168424,-0.067938745,-0.004260768,-0.086450694,-0.013109847,0.100760072,0.051013905,0.048826279,-0.016348929,0.078455149,-0.002007634,-0.059444341,0.030926902,-0.095987733,-0.01017759,0.020886202,-0.108688107,0.00881853,-0.02322229,0.136557305,-0.000444607,0.014782699,0.04891136,-0.009413999,-0.034509723,-0.066552226,-0.054719938,0.106974698,0.040609936,0.03971356,-0.058927202,-0.013131018,-0.006346977,-0.03262841,-0.039302835,-0.09290585,-0.08866069,0.025736534,-0.027497637,0.019237653,-0.07524288,0.024896631,-0.018562578,-0.004374482,-0.005949294
334,0.086680055,0.003698665,-0.025987858,-0.077633104,0.058600851,0.017684493,0.064243689,0.019168225,-0.015014733,0.045093529,-0.022756609,0.051829768,0.042071634,0.025198309,-0.071238067,0.019121713,0.115972699,0.13187304,0.042028819,-0.066792463,-0.015241096,0.060275358,-0.068703051,0.002438973,-0.022993656,0.002473538,0.096603522,-0.074827868,-0.082171526,-0.02100161,-0.01370615,0.004799736,-0.004639955,0.191881873,-0.132787818,0.073305742,-0.008639041,0.005082853,-0.008296412,0.033244841,0.034568415,0.073391831,0.038910025,0.049701091,0.027105015,0.070665386,-0.008430229,-0.116007261,-0.015161381,0.024606499,-0.128452403,-0.006659316,-0.012476788,-0.102049977,-0.033069292,-0.001151406,-0.005278755,-0.052381773,0.023714038,-0.057559531,0.02588466,0.104532404,0.007769997,0.108081242,-0.062138814,0.127345485,0.010018338,0.021424244,-0.039862354,-0.05374369,0.020823364,0.049072806,-0.002211341,-0.084555123,0.157923504,-0.050762083,-0.009821724,-0.020769465,-0.10519044,-0.044993267,0.05856824,0.051732939,0.007367254,0.054355217,0.062764723,0.085176541,0.060338622,-0.001107863,-0.078473522,-0.112246657,0.031930146,-0.057293217,0.048601718,0.097119256,0.122558126,-0.005569923,-0.114811639,-0.051048386,0.01091287,0.110905992,0.002141511,-0.060618942,0.040936994,0.098208516,0.053130291,0.110380643,-0.019626599,0.033374351,-0.013219478,-0.121345629,-0.014096514,-0.066172173,0.007441352,-0.022489713,-0.102091731,-0.144941036,0.051175729,-0.049893895,0.094291368,0.024260997
335,-0.080570972,-0.034468094,0.114530749,0.040980033,0.146455685,-0.089041697,0.04886565,-0.074296595,0.129306896,0.12867711,0.021148056,-0.026662936,0.101640182,-0.023499793,0.050739207,-0.071197502,0.09593681,-0.002112435,0.102245118,0.146861824,0.026286537,-0.015246787,0.007652065,0.081030703,0.142126354,-0.002749314,0.067359863,-0.029264604,0.070706471,-0.065261294,0.140814975,0.068498521,0.017160282,0.025318618,0.069588912,0.016130096,-0.014415184,-0.094097861,0.001132563,-0.035781363,-0.005817557,0.043470088,0.143276627,0.04000125,-0.02233015,0.080784349,0.037742236,0.021675507,0.08715397,0.027805738,-0.011222606,0.085485381,-0.16821155,0.025577147,-0.020659581,0.016355876,0.027952904,0.013668816,-0.030245192,0.023482309,0.025495867,-0.015897009,-0.13089845,-0.048876832,-0.103673355,0.115677696,0.018631387,0.099348017,0.034124494,-0.034627707,0.060878557,0.036789133,0.098945949,-0.009235736,0.197170715,0.000294001,0.032389985,-0.013269624,-0.097789615,0.034776865,0.137817838,0.103602502,0.010025216,-0.048894651,0.043999909,0.040737327,-0.005549736,-0.080426642,-0.095240799,0.00947278,0.003795255,-0.1019844,0.14912016,0.069778002,-0.013991691,0.009248706,-0.033388651,0.086733446,0.080456408,0.084381682,-0.031619804,0.047903539,0.047724123,0.048252307,0.083477055,-0.003887635,-0.029917634,-0.009218812,-0.043494589,0.036004274,-0.147379195,-0.043026223,0.011228673,0.023968247,-0.130625984,-0.049866197,0.086023772,-0.004162878,0.067132597,0.018222198
336,-0.01900908,-0.012192102,0.107529589,-0.036143224,0.051875955,-0.006834372,0.135366373,-0.107002224,-0.001150711,0.023045886,-0.089455136,0.014232595,0.014689614,-0.037316626,0.033731862,0.01947082,0.146579895,0.095083421,0.036783141,0.04892475,-0.045348272,-0.026799006,-0.0080557,0.006281215,0.03005022,-0.159666267,0.033223548,0.007677645,0.040816507,-0.069923067,0.048209866,-0.045828116,-0.048850214,0.155858902,-0.019948849,0.118102132,0.002339338,-0.054143452,0.014527581,-0.005902649,-0.009847154,0.022251926,0.113962726,0.032846432,-0.019378897,0.078926712,-0.124093826,0.023541371,0.036026308,0.027764116,0.027598399,0.14592025,-0.005472469,-0.012209622,-0.030402396,0.094926014,0.155558502,0.18172044,0.033601809,-0.014872096,0.033037739,0.084107214,-0.030996073,0.013005416,0.08273999,0.095133139,0.067162707,0.012918845,-0.056861722,-0.102312208,0.075678621,0.046610195,0.07620698,0.026421317,0.14755923,-0.018467417,0.070798839,-0.037288481,-0.146728336,-0.034791289,0.006328043,0.090474904,-0.026012499,-0.008825386,0.132415258,0.116475107,-0.039966461,-0.00055935,-0.062434205,0.013291165,-0.008056556,-0.033034014,0.166252283,-0.050234228,0.048314023,-0.081302342,-0.042681325,0.036068861,-0.026197865,-0.050632253,0.10431553,-0.013977514,0.127839918,-0.053332842,0.036035694,0.067930153,0.036398001,0.009976702,0.055034603,-0.044152609,-0.030314214,-0.175135048,-0.013107285,0.010570718,-0.076600973,-0.089044095,-0.022051832,-0.05505148,0.063121859,0.030815074
337,0.057452433,0.068379788,0.04756584,0.038636914,0.161016784,-0.076083891,0.044601041,0.046733039,-0.007751183,-0.055227314,0.046956263,-0.020015185,0.087063408,-0.061463419,-0.041484619,0.007907536,0.180697006,0.077009157,0.064501546,0.11958604,-0.073282343,0.055366339,-0.061129396,0.015574212,0.070503516,-0.077135387,0.015231162,0.061694962,-0.127530668,-0.137822507,0.198106016,-0.023087533,-0.081318456,0.171038863,-0.01257868,0.088443239,0.002940506,0.032102925,0.095520353,-0.096082067,-0.064637599,0.074264039,0.179167051,-0.021303725,-0.003676513,0.106180765,-0.13356087,0.004265936,0.050863311,0.037304126,-0.005560848,0.147216875,0.11886205,0.052309158,-0.029384064,0.054838362,0.125908041,0.017661104,0.110093794,0.017693737,-0.019557533,0.061818097,-0.057439254,-0.010485905,-0.075210303,0.154403977,0.038184816,0.076433286,-0.064374233,-0.103128639,-0.120838225,0.04085581,0.07324404,0.004063994,0.309284304,-0.017340536,-0.069281033,-0.071957981,-0.115839613,-0.014374054,-0.042120831,0.075674374,-0.092545585,-0.0504579,-0.019288849,0.142872744,0.028577103,-0.087064228,-0.175869245,0.004851133,-0.023846516,-0.055226651,0.140279971,0.044841999,-0.037544773,-0.02749943,-0.01888364,0.114174901,-0.072717794,0.093746644,0.038269486,0.014975149,0.111958534,0.059418818,0.090006341,-0.010456937,0.087726868,0.032156794,0.009675696,-0.107057993,-0.133939542,-0.153248867,0.029006628,0.081178651,-0.150813336,-0.070307812,-0.029698271,-0.061922617,0.115962719,-0.029100816
338,0.097471034,0.085685313,0.038840854,0.016434015,0.106032558,0.069805836,0.011317985,-0.037567446,0.003471512,0.061168029,-0.037492201,0.028315241,-0.008159045,0.013033492,0.029448337,0.007249231,0.076052024,0.146429024,0.160646903,0.114619217,0.034050938,-0.052483477,-0.029088513,0.15848968,-0.027153862,-0.050202276,0.002186119,-0.008610748,0.070396186,-0.062033256,0.082415175,-0.013923271,-0.034098506,0.070420588,-0.083032728,-0.027036957,-0.071590166,-0.024648809,-0.040090551,-0.058444014,-0.068282129,0.109268486,0.023229031,0.045649952,-0.029038981,-0.003057746,0.053429893,-0.005471007,-0.022361437,-0.054468702,-0.002773296,0.101428532,-0.05932943,0.011407544,-0.055602293,0.010625503,-0.012236166,0.030457107,-0.037573051,0.129887248,0.050673395,0.027286158,0.065750309,-0.072988196,-0.075640498,0.057891489,0.137016369,0.007494817,0.029220674,0.043983196,0.043276461,0.050141399,0.022659803,0.025848779,0.052705998,-0.159035436,0.0411036,-0.020079969,-0.102763047,-0.050428586,0.022109176,-0.003751486,0.035199846,0.012675261,0.011121681,-0.044036326,-0.052539349,-0.034130627,-0.075041956,-0.080332252,0.016206894,-0.004393153,0.073996313,0.00865477,-0.030382169,-0.053504165,-0.060285194,0.032161523,-0.027230956,0.008073195,-0.089258241,0.009344618,0.134658096,-0.008205394,0.036607144,0.026708295,0.031572316,0.054064532,-0.039824414,-0.059105212,-0.011593843,-0.058461441,0.050224487,0.128815507,-0.033623072,-0.030222199,0.04334865,-0.086367581,0.146158642,-0.031738383
339,0.024530309,-0.054501405,0.058265982,-0.045469392,0.187912776,-0.121967022,0.108493977,-0.007223245,0.036250281,0.111307313,-0.049270809,-0.052153021,-0.010293747,-0.022350693,0.002650083,-0.004699295,0.173837642,0.076462895,0.070002275,-0.050801477,0.088218007,-0.010008611,0.048216958,0.010531133,0.012586218,-0.079950997,0.090622053,0.065148524,0.033157262,-0.144359743,0.086075851,-0.095680569,-0.010338701,0.205574941,0.059013787,0.002257793,-0.095671297,0.029837463,0.045256946,-0.087623569,-0.033366227,0.004370107,0.066430636,-0.041931119,0.013371901,0.18926374,-0.01683924,0.028815633,0.041641648,0.096431156,-0.092872241,0.135371503,-0.0142203,0.1103992,-0.102140526,0.07157179,0.146890381,0.100655638,0.067823759,-0.031696521,-0.047754193,0.105658551,0.021511442,-0.085415366,0.011669276,0.148020492,0.053844303,-0.001973985,-0.020349024,0.025496346,-0.021265085,-0.016590346,0.026429462,-0.066052749,0.165934697,-0.104163507,-0.027879054,0.066245316,-0.166892712,0.005361421,0.009839996,0.008328722,-0.032649956,0.021792526,0.082676146,0.133805402,-0.009375884,-0.015628789,-0.013853985,-0.035852823,0.088428048,-0.018133025,0.209479802,0.001431758,0.102621008,0.202487523,-0.029160366,0.163485282,-0.002806608,-0.048574434,0.037217035,-0.052215129,0.061302933,0.042721508,0.002945969,0.02074935,0.020648952,0.059935916,-0.049286453,-0.055573446,-0.113738254,-0.119799128,-0.008281517,0.033158106,-0.075793906,0.009294354,-0.055874037,0.001351431,0.07958233,-0.027526746
340,0.007249376,0.032704863,0.001828141,-0.077871635,0.043767855,-0.109959113,0.156414341,-0.049276809,-0.050215853,-0.006970355,-0.035537116,0.016920162,-0.089577587,0.014014091,-0.020483425,0.015028417,0.093884422,0.106638702,0.022100433,0.064777251,-0.09245536,0.00084693,-0.025889958,0.037017515,0.052891793,-0.002250645,0.088899697,0.057097882,0.061607398,-0.044601956,0.019464975,-0.047900813,-0.019093549,0.208343515,-0.046645863,0.087964935,-0.02319004,-0.029140435,0.078363374,-0.036509179,-0.020964519,0.011771461,0.061812198,-0.048765371,-0.012281713,-0.028513965,-0.08108656,-0.04683468,0.098653325,-0.025491046,-0.075403014,0.059780134,-0.003963569,0.029974919,0.005152617,0.081122271,0.026995629,0.07948978,-0.074435227,-0.052179746,0.017847915,0.081168867,0.051844372,0.020622253,-0.143530432,0.137545073,-0.034751528,0.081916152,-0.048759414,-0.055146597,-0.023767128,0.012882157,-0.062651617,0.085950389,0.161124971,0.043938081,-0.045509797,0.001765783,-0.03690108,0.046881073,-0.011092647,0.012988974,-0.098236523,-0.057534963,0.081500027,0.068533542,-0.047716797,0.076585055,-0.077732824,0.017830487,-0.002351369,0.009185548,0.177350211,-0.01004373,0.148029982,0.002905469,-0.056737934,0.039896732,-0.007309713,-0.010176172,0.032998513,0.087474366,0.036243292,0.006550612,0.014046829,0.046351565,0.018067935,0.093526405,0.025861169,-0.070162341,0.007231063,-0.125476876,0.056499939,-0.030475557,-0.040172084,-0.057630084,-0.073281172,-0.044889846,0.042641488,-0.044833563
341,-0.009775082,-0.019370663,-0.034667621,-0.032387953,0.087256992,0.090318447,0.100948394,-0.10652331,0.000983017,0.096981695,-0.09767605,-0.102693236,0.096253875,-0.06358502,0.062501698,0.007315443,0.167708665,0.097777912,0.123006515,0.0413222,-0.001520717,0.019606965,0.016541993,-0.060280746,0.038375928,0.011361056,-0.044965649,0.05580652,0.046240867,-0.048691114,0.077809001,-0.03444901,-0.018020665,0.088673076,-0.004643664,0.010690789,-0.06870082,-0.058533482,0.001508174,-0.061584677,0.01667217,0.075746508,0.166078996,-0.012911769,0.026654146,0.165322543,-0.076585333,-0.052076832,0.014717299,0.030860404,-0.041823624,0.076282783,0.107284004,-0.028032899,-0.116296155,-0.024322524,0.054719943,0.009814004,-0.027100808,-0.055967972,-0.003558979,0.082765519,-0.08063901,-0.113941035,-0.060663584,0.073096506,-0.064397328,0.075036068,-0.044469319,-0.017197441,-0.005556762,0.051135332,-0.028874084,-0.037662617,0.14882824,-0.089258907,-0.070168077,-0.121246458,-0.099926362,0.031032648,0.021261709,0.12343777,-0.028196771,0.05183287,0.001143258,0.006320013,-0.008579937,-0.043874624,-0.109459473,-0.010075493,-0.05380755,-0.129970459,0.154380942,-0.064692875,-0.012463234,0.03011087,-0.017902891,-0.037469428,0.057927517,0.059681696,-0.047318467,0.023712461,0.065477977,0.031829935,0.132747168,-0.058843881,0.014150024,-0.10021862,-0.02426796,-0.015871302,-0.124395743,-0.092210151,0.103371022,0.09938475,-0.131578387,0.016923574,0.095832517,-0.04428356,0.165087481,-0.036190773
342,-0.038517168,0.059443654,0.023532594,0.010709845,0.152561088,-0.036249375,0.179169712,-0.014770882,0.048680773,0.001125213,-0.0113269,0.066586058,0.023096585,0.01861765,0.056816424,0.101625588,0.226109346,0.170717266,0.027735236,0.06417847,-0.070745693,-0.110882252,-0.06413399,0.009513526,0.029950401,-0.073879893,0.128763197,-0.07036874,0.136655784,-0.094770998,0.09583366,-0.007338144,0.062413199,0.112787497,0.011081405,0.132580977,-0.013051741,-0.035890059,0.044154529,-0.073196313,0.028924406,0.106946301,0.137555453,0.022913741,-0.043232418,0.156445675,0.058463072,-0.039769155,-0.022724105,-0.118798515,-0.157905659,0.171173909,0.018761373,0.013589981,-0.010049482,0.002820637,0.079208889,0.035241231,0.159306933,-0.003461183,-0.021758326,0.048207385,-0.025884336,-0.019899661,-0.069456701,0.017345823,0.064034614,-0.0590003,0.024012564,-0.04469738,-0.056008633,0.052132663,-0.021817078,0.081544536,0.198087178,-0.054136574,0.014444165,-0.141824363,-0.108440973,0.081549767,0.139135303,-0.188640132,0.032729794,-0.010778909,-0.007389777,0.090933632,-0.038382232,-0.059667669,-0.092592458,0.049377571,0.072949016,-0.099694,0.087367148,0.073377546,0.006100884,-0.072335652,-0.083553851,0.08703173,0.020722939,-0.002626494,-0.091674149,0.102847233,0.125080342,0.041947094,0.01073458,0.000760431,0.051703088,0.038323585,0.084950518,-0.045644254,-0.016167746,-0.126740908,0.103068174,-0.006126899,-0.145902376,-0.133534636,-0.089268946,-0.144323023,0.127313624,-0.066888358
343,0.068838483,0.05533649,0.072063139,-0.08228212,0.150527156,-0.010588706,-0.005644234,-0.007620546,0.054993982,0.071958141,-0.096666868,0.026274779,0.098353858,-0.039137632,0.28311797,0.004227447,0.081034113,0.09695806,0.043933951,0.016600969,0.015023974,-0.019551131,-0.059629483,0.055109424,0.014395608,-0.044378332,0.020117216,0.057708246,0.164196743,-0.078444268,0.020361342,0.030328973,-0.051954304,0.13791078,0.044886097,0.114369298,-0.053736095,-0.036428918,-0.001566813,-0.122480814,0.024611113,-0.090914701,0.045347217,0.019205164,0.013149774,0.085640884,-0.034590176,-0.000756673,0.072272103,0.057711003,-0.079785214,0.078612454,-0.082454543,-0.043162803,0.070147472,0.095463688,0.132440812,0.050439559,0.01075373,-0.028318063,-0.073640289,0.018938405,-0.065333115,0.073510564,0.037686388,-0.013233515,0.069682625,0.068038835,-0.016803738,0.101242619,-0.103238379,0.038027957,0.005436284,-0.054637618,0.041237621,-0.08978048,-0.124314692,-0.016158024,-0.165250398,-0.016903452,0.060149885,-0.016574816,-0.050982123,0.014949103,0.046511975,0.03675019,-0.058476524,-0.01117273,-0.083237963,0.10063434,-0.102208606,0.017128408,0.030541021,-0.038371209,-0.034955741,0.004088996,-0.021508773,-0.006060893,0.032659288,0.140344137,0.018691267,0.069598751,0.102527961,0.052553867,0.023543077,0.073493018,-0.026547978,-0.061297535,-0.025523144,-0.01093765,0.04764616,-0.048233857,0.022257293,0.017798173,-0.09818454,0.052114132,0.02616839,-0.049382251,-0.022891492,-0.040020293
344,-0.023378617,0.103406726,0.026059712,-0.033428446,-0.009227737,0.009897079,-0.001765625,-0.134831437,0.056459873,0.108415316,-0.124331329,-0.045546832,0.170491805,-0.002968962,0.132243843,-0.022317914,0.25577859,0.06841447,0.036761934,0.147510745,0.129083697,-0.03938111,-0.107873426,0.073551494,-0.04601395,0.008598973,0.047740656,0.082210008,-0.025693398,-0.09316593,0.029563595,0.002262158,0.016007651,0.094416513,-0.107236814,0.22039606,-0.075227081,-0.074939303,0.043563171,-0.002485454,-0.030658289,0.041096557,0.10996711,0.003110109,0.056462235,0.079511111,-0.021925552,-0.036696991,-0.039086834,0.078067945,-0.032319258,-0.072408112,0.035766806,0.00063186,0.019201103,0.059386032,0.074136889,0.129696642,0.122079063,0.11491718,-0.039379089,0.0502305,-0.079923763,0.062380933,0.022969539,0.021851199,0.117582141,0.011529048,-0.119274265,0.025660306,-0.062131788,-0.030479211,-0.025669284,-0.030236776,0.259539609,-0.0487365,-0.018829765,-0.087050525,-0.06679546,0.02735693,0.140532886,0.076533425,0.004704477,0.032895597,-0.060449818,0.057558048,0.001777413,-0.151525545,-0.009380563,-0.011225264,-0.110561742,-0.094737256,0.085431922,0.018847751,0.064182014,-0.006875724,-0.094853395,0.199330086,0.01055171,0.002583253,0.031097725,-0.11596042,0.125560634,0.041588916,0.033162331,0.062052217,-0.000454579,-0.081227464,0.08501882,0.006861682,-0.189471002,-0.083773549,0.046679539,-0.007860359,-0.064729497,-0.017287166,-0.088723517,-0.091587271,0.046019885,-0.045429797
345,0.046440628,0.006121888,0.006393311,-0.046466737,0.100771554,-0.011265161,0.105775018,-0.196955233,-0.055792349,0.136469959,-0.049813596,-0.034448255,0.040562989,0.034852129,0.072619076,0.051423406,0.163398607,0.079354473,0.03149571,0.123229032,0.061211049,0.033136286,-0.017036201,0.108821209,0.020328253,-0.056415313,0.137607945,0.054543197,-0.037545176,-0.130072205,0.058400572,-0.033768539,-0.004836061,0.10202907,-0.032117303,0.063139351,-0.092298935,-0.004415511,0.151537114,-0.093715278,-0.067075977,0.037709653,0.101910476,-0.019311262,-0.076028659,0.106909458,0.023548135,-0.0478166,0.07427524,-0.056705508,-0.047714713,0.152413823,0.070062487,0.142196921,0.090458064,0.037669882,-0.003697255,0.062068978,0.030507851,-0.011354702,-0.080348317,0.01511632,0.020838109,-0.018301709,0.026969494,0.16531356,0.045391887,0.053181293,-0.011180534,0.012971537,-0.087553044,0.082894127,0.040651282,-0.119062968,0.089987518,-0.114556622,0.008158668,-0.041705268,-0.12965485,0.13056919,-0.023630226,0.080178094,0.00607508,-0.029832824,0.023091122,0.109369877,0.031488385,-0.086837667,-0.192111502,-0.040713273,-0.035452571,-0.018471452,0.09515888,0.023703683,0.075684513,0.009774126,-0.061285565,0.043037034,-0.015011004,0.109824783,-0.106717834,-0.010611097,0.060422844,0.052176314,0.171626053,0.023241096,0.11275892,-0.026276455,0.073765218,-0.065878523,-0.12159647,-0.095989704,-0.049349258,0.093447711,-0.140912309,0.004290276,0.085045812,0.006022575,0.059517146,-0.044027107
346,0.060583657,-0.082635898,-0.0822589,-0.053025943,0.00626632,0.072601718,0.188692215,-0.083082855,-0.000434239,0.038319049,0.011815238,-0.032273318,-0.009867639,-0.03282632,0.032138172,-0.055339151,0.060669161,0.126815778,0.052020216,0.054511262,0.016150681,-0.014154442,-0.031467583,0.059998618,0.068936007,0.014276523,0.068824369,0.043055905,0.124086538,-0.086032695,-0.045164411,-0.006553227,0.023940557,0.265450925,0.001464476,0.063028939,-0.074744953,0.050803446,-0.04092646,-0.037236785,-0.023585404,-0.079520581,0.023741953,0.081601399,0.076453327,0.119414275,-0.021629494,0.062975736,0.052984863,-0.047768588,-0.074677161,-0.011483329,0.094850616,0.164513829,-0.054010712,-0.00616751,0.148565222,0.044500752,0.058155192,-0.088955119,-0.075569929,0.007178919,-0.009837953,0.011435294,-0.099772785,0.124805578,0.026408768,0.109578493,0.029719879,0.119521438,-0.04730001,0.076155693,0.056896536,0.008727091,0.268561332,-0.034730269,-0.069931895,0.028743657,-0.133981084,0.07629356,0.03712181,-0.066881943,0.04236006,0.028989136,0.121378279,0.116454158,0.107222645,-0.067026887,-0.061110931,-0.094253706,-0.104848451,-0.067395904,0.092897404,0.073549674,-0.082502092,-0.048537704,-0.040406998,0.090379038,0.051956903,-0.043977428,-0.083774015,-0.035497673,0.040136092,0.080760074,0.138013591,0.040214464,0.075878781,0.118272478,0.030591357,-0.003581121,-0.050916209,-0.116579929,0.078633489,0.122845159,-0.088487625,-0.108504727,-0.050808852,-0.070197295,0.018573153,-0.133992332
347,-0.021438693,0.042907491,0.086270001,-0.119782159,0.126736618,0.012642706,0.05221993,-0.031192234,0.129977538,0.055783292,0.032936843,0.059984786,0.113625023,0.006427401,0.014112676,0.058288077,0.193619901,0.15777624,-0.046746228,0.092089399,0.001129778,-0.004445141,-0.100576246,-0.067715577,-0.079409066,-0.052037141,0.19683341,-0.025723624,0.039952408,-0.105240508,0.039959134,0.104952056,-0.069788936,0.213419186,0.012349267,0.024094681,-0.068031894,-0.020395732,0.004084235,0.009503509,-0.069870449,0.035949578,0.188841234,0.072677159,-0.034967087,0.123911269,-0.115366584,0.019922249,0.026699726,0.00615819,-0.110572461,0.035103826,0.014311051,-0.110848327,0.023093004,0.062551845,0.084910521,-0.002557327,0.029657326,0.115329437,-0.045098639,0.072022562,-0.019764083,-0.032381899,-0.101444797,0.179440237,0.045814994,-0.012702287,0.03343766,-0.050783015,-0.080352484,-0.028416798,-0.066301674,-0.099206702,0.234147684,-0.071895564,-0.029761631,-0.144062894,-0.072467005,0.120372711,0.156802949,0.019677465,-0.025665011,0.062625259,-0.070975309,0.145492077,-0.051021948,-0.103305296,-0.080692329,0.05461833,-0.107744948,-0.083520806,0.182558195,0.078193587,0.029114036,0.019240076,0.009835802,0.089461128,-0.020274615,0.046507482,-0.011220589,-0.062348599,0.09009176,0.108986435,0.064416248,-0.002515243,0.092042259,-0.046081571,0.09232319,-0.041216845,-0.006605595,-0.047735685,-0.01075982,0.10482125,-0.03107957,-0.155880578,0.0148685,-0.084995405,0.084321638,-0.0207823
348,0.134600698,-0.04136748,0.051987625,-0.041422808,0.069293628,-0.096024378,0.152407175,-0.111687819,0.003273335,0.145562836,-0.038062195,-0.026376772,-0.039545125,0.028807379,0.016274545,0.020424339,0.246076912,0.17671136,0.162349638,0.127142913,-0.031775788,-0.076694239,0.021092922,0.001982198,-0.01790347,-0.154155541,0.191259446,0.123440776,0.067214512,-0.088920315,-0.007176956,-0.003530888,0.00115454,0.230077095,0.054433565,0.124249618,-0.088885396,-0.072306274,0.035535236,-0.134085316,-0.120644814,-0.01168686,0.113425409,0.094496498,0.016473438,0.179786426,-0.011371443,-0.065021687,0.0083583,0.105381519,-0.109166899,0.224947723,-0.03295636,0.083787187,-0.087714915,0.053971319,0.049247033,0.021317064,0.102148892,0.104386568,-0.0055383,0.00210589,-0.003762528,0.007595839,-0.04610035,0.509845023,0.12086139,0.111006048,-0.020582162,-0.123027743,-0.024615149,0.076378163,0.038145079,0.01304168,0.300374432,-0.035775019,-0.001619218,-0.025687951,-0.108811971,-0.014282514,0.174192191,-0.090431199,-0.037829383,0.033986039,0.067494767,0.083733172,-0.056943182,-0.09644247,-0.112617469,-0.014799463,-0.128635512,-0.179816352,0.22019768,-0.039860495,0.045235333,0.027978093,0.031819663,0.218940759,-0.051881087,-0.023513997,-0.009231125,0.119278073,0.188572839,0.006278046,0.091806941,-0.063599737,0.071591957,0.035732595,-0.00149882,-0.136029152,-0.08779357,-0.124945422,0.094255939,0.079194863,-0.173930832,-0.12542109,-0.052711393,-0.083068873,0.081037613,0.004781283
349,-0.111404557,-0.049031418,-0.026718321,-0.0009844,0.111249841,-0.008324351,0.04800762,-0.106984121,0.011587289,0.041428652,0.010603298,0.0721686,0.044428754,-0.049798189,0.015177102,0.067890397,0.131551369,0.034562108,0.09887905,0.021823596,0.015545089,-0.019453425,-0.055757442,0.002827471,0.002678837,-0.033535832,0.030701579,0.005085567,0.070580835,-0.090839562,0.095196751,-0.000390472,0.022690205,0.094228593,-0.059538071,0.037641509,-0.025107308,-0.079284557,0.16294874,-0.069685626,-0.094877234,0.08912221,0.047380984,0.019459543,0.098474936,0.029361277,-0.09110888,0.033070699,-0.003422176,0.034668676,-0.022554036,0.095049201,0.001943159,-0.057724326,0.047363082,0.095636048,0.056067927,-0.06008286,0.040337473,0.004225685,-0.067001463,0.023822917,0.030504439,-0.012845484,0.064754527,0.025825816,0.01990406,0.145075408,0.031669088,0.024898031,-0.014976531,0.087634465,-0.022768189,0.028829155,0.226171004,-0.11322426,-0.077028175,-0.108547787,-0.15944407,-0.053908879,-0.021182413,0.042930766,-0.017393659,-0.04355386,-0.033489447,0.164624713,0.084337584,-0.082113831,-0.133182214,-0.021647532,0.015095821,0.012939848,0.106152085,-0.071823848,0.128225637,-0.019861862,-0.025905428,0.036555359,-0.027307961,0.03941708,0.019717087,0.065041082,0.040988074,0.180895374,0.05284119,-0.01866227,-0.018096559,-0.015719864,0.022357498,-0.078186661,-0.103433481,-0.003321031,-0.064108968,-0.021544587,-0.147207854,-0.01058444,-0.062501791,-0.001112171,0.038902724,-0.033259256
350,0.034985882,-0.018972335,0.111192253,-0.018006295,0.063062529,-0.029276662,0.061357871,0.029633428,0.073472805,0.037499364,0.051966674,-0.058678481,-0.019669852,-0.021106893,0.024547006,0.047998743,0.105599175,0.132984183,-0.04060755,0.039118568,-0.00367201,0.025108014,-0.052059418,-0.001031042,0.036435717,-0.05246392,0.132900347,0.050578285,0.121622536,-0.012702907,-0.049986499,-0.024755799,0.018850174,0.071500101,0.057145401,0.051669126,-0.095633114,0.14345569,0.073375556,-0.038996705,0.073793315,0.050362055,0.058540812,0.026218088,-0.043174084,0.084297492,-0.064845075,-0.074074316,0.024163051,-0.024312735,-0.050870499,0.090668047,0.019642064,0.017249948,-0.105606102,0.229313313,0.045667001,0.004369827,0.065908524,-0.018029493,0.020463605,0.021612548,0.062947834,0.004111145,-0.055061884,0.103069837,-0.0863888,0.081542085,0.053445997,-0.031150647,-0.096960599,-0.002664833,0.003132626,-0.043649111,0.198306029,-0.051374083,-0.063193506,-0.123408437,-0.05814154,-0.007280411,0.068418765,0.044712315,0.024319182,0.04358863,-0.059744145,-0.035915922,0.035505066,-0.034765693,-0.09665189,-0.084478214,0.066689835,0.02755407,-0.00756289,0.013650401,0.029900412,0.010696782,-0.033061672,0.097160545,-0.025514991,-0.039133017,-0.092610007,-0.000503221,0.09454207,0.056195771,0.040955689,0.033919051,-0.12043545,-0.073564954,0.057256663,-0.113233244,-0.06567812,-0.046621791,0.030958882,-0.052550361,-0.073791735,-0.069607735,0.012764874,-0.012917734,0.141265702,-0.001439722
351,-0.065078507,0.015904661,0.089216568,0.070404872,0.041657685,0.035056378,-0.008231599,-0.058925259,-0.008723233,0.052358095,-0.032561919,0.097324024,-0.039544481,0.04623806,-0.063182028,-0.040748656,0.105571188,0.061644297,0.063376706,0.001460099,0.00737025,-0.013724097,0.058073005,-0.014179377,0.018464273,-0.076382861,0.072275018,0.058334101,-0.039102122,-0.132369766,0.006080372,0.034897714,-0.073906398,0.002224307,0.01106507,0.038820451,-0.058065663,-0.1201773,0.027425764,-0.097491495,-0.029630039,0.026409485,0.011198458,-0.063055864,0.126138491,-0.026581745,0.03426788,-0.001803757,-0.078928691,-0.057039146,-0.004079661,0.081691018,0.010831142,0.05099846,0.019730452,0.086280544,0.1429538,0.023870276,0.041959044,-0.019324364,0.022227115,-0.004785827,0.103577777,-0.031090348,-0.069291278,0.172059547,-0.006350213,0.100956962,0.043474672,0.097283066,0.016519346,-0.039372242,0.056644031,0.055923882,0.175057763,0.07895725,0.074190596,-0.014231682,-0.058641925,-0.049947281,0.152041693,0.090136358,0.056077495,-0.019940688,0.093532833,0.074479234,0.015001371,0.002902254,0.012982914,-0.074240139,0.047366115,-0.043125071,0.071504614,0.000782987,0.221669824,0.003451362,-0.104272937,0.007268981,0.07405296,0.051380322,0.031091148,-0.05997265,0.051613242,0.050924943,0.017964221,0.06991949,0.007308449,0.005257989,0.030186698,-0.03944634,0.061545059,-0.067995672,-0.057350812,-0.101166067,-0.129344452,0.005934588,-0.007831463,0.106155797,0.049935431,-0.052257068
352,-0.02485895,0.013004772,0.111265685,0.047796556,0.094017199,-0.016842824,0.011476475,-0.022149299,0.050830814,0.069568282,0.091611006,-0.040007537,0.059796726,0.046624399,0.084872028,0.060993579,0.146347008,0.076088813,-0.057199124,0.053754937,0.044035915,0.002136959,0.027822059,0.070424803,-0.053971997,0.009930579,0.088125324,0.011809979,-0.004690639,-0.016884179,0.077853735,-0.011309952,0.037681263,-0.005088825,0.093482806,0.091972502,-0.056273359,0.024519528,0.074507644,-0.019611704,0.077605336,0.021885438,-0.018601224,0.046784061,-0.031493219,0.121003478,-0.018232633,-0.068342732,-0.032156477,-0.080626085,-0.023763551,0.085271516,0.067741937,-0.031832924,-0.063939349,0.060251384,0.140545923,-0.081600458,-0.073457423,-0.069034531,-0.037912139,-0.103987932,-0.060056259,-0.043461437,-0.001415605,0.184541955,0.081133262,0.016300729,0.075965171,0.054431984,-0.02774881,0.090530229,0.019601565,-0.066548554,0.192891718,-0.06746056,0.016573643,-0.022671782,0.020785671,0.030648379,-0.020321931,-0.066312314,-0.112958225,0.022712164,-0.043354202,0.060829635,-0.013422124,-0.079447177,-0.098221054,0.012207724,0.001917295,-0.085363529,0.088606065,-0.001322961,0.027475727,-0.02089875,-0.097944398,0.036490769,0.018394659,-0.122247801,0.004410496,-0.086404858,0.051850279,-0.025385429,0.054885574,-0.0134361,-0.035091421,-0.005455113,0.102660029,0.000627299,-0.013846727,-0.052019864,-0.014916751,0.038686748,-0.072757539,-0.004617753,-0.019154483,-0.049517531,0.095081001,0.000349069
353,-0.077318764,-0.067363852,0.011773525,-0.053558625,0.014547214,-0.132961683,0.1486084,-0.050142163,-0.026988375,0.102141765,0.025993386,0.084451947,0.085255277,0.031957239,0.078458435,0.128950074,0.137137187,0.13498848,0.13104086,0.103707406,0.047160292,0.070389691,0.063920516,0.167637848,0.072703662,-0.008826057,0.035086856,0.036238441,0.015031816,-0.096119155,0.017176085,-0.046351379,-0.048016235,0.10286919,-0.044656872,0.047606536,-0.079313897,-0.061207909,-0.000546821,-0.10924909,-0.047719063,0.034166425,0.069137822,-0.060307712,-0.011810422,0.006736496,-0.052345791,0.067011865,0.131730091,-0.004262205,-0.00606655,0.000203494,0.100164445,0.021036893,0.008331757,0.102044145,0.087700504,0.120704215,-0.029698513,0.089491075,-0.063869852,0.008643267,-0.007911703,-0.058116018,-0.014079288,0.052397988,0.0806678,0.046969663,0.032662067,-0.011232627,-0.042868862,0.040310369,0.020310634,-0.052452062,0.05986915,0.001234739,-0.084476607,-0.019246165,-0.07528965,0.000879473,0.00329082,-0.168306211,-0.079593334,0.018804123,0.13082802,0.07201419,-0.137013092,0.071436867,-0.145688972,0.058913715,0.022782806,-0.135240597,0.149904565,0.017130202,0.088177256,0.047523612,-0.002206611,0.071094341,-0.062917149,-0.027697807,0.002723824,-0.053040268,0.101938669,-0.050870279,0.046890181,0.027116451,-0.038902574,0.134239362,-0.010534784,-0.059272609,-0.023295171,-0.108306902,-0.037659062,0.052152616,-0.117701446,-0.011946633,-0.079111129,-0.150603375,0.024104236,-5.55946E-05
354,0.004062508,0.007036271,0.130034235,-0.034851287,0.126449286,0.062351274,0.069636668,-0.062012931,-0.13233007,0.056838648,0.012220008,0.005541231,0.026199541,0.001159263,-0.00635999,0.015136397,0.277290406,0.125399664,0.103864829,0.133198127,0.068937573,0.005763248,-0.06750391,-0.014040252,-0.020227554,-0.115123506,0.049823055,0.099848127,0.048568851,-0.123873958,0.042420755,-0.019401162,0.0173598,0.083143759,-0.067014412,0.213553518,-0.108791953,0.011829402,-0.000537594,-0.068308571,-0.098342273,-0.046523022,0.111136239,0.043921798,-0.062527797,0.185275268,-0.043447329,0.02718408,-0.037221752,0.113658699,-0.190964369,0.140623024,0.02048108,-0.005254061,-0.044010493,0.047835654,0.11333626,-0.034204635,0.097062055,0.097194389,-0.060341852,0.001605697,0.013523581,-0.037963651,0.05098818,0.174002981,-0.00676591,0.08018446,-0.068981153,0.000518559,-0.107543013,-0.061133469,0.085856271,-0.118391509,0.298079358,-0.088062308,-0.025019067,-0.012700805,-0.115515922,0.040032992,0.066517791,0.084968819,-0.029627482,-0.058058879,0.091107008,0.041637519,0.006715931,0.030286787,-0.127770029,-0.023093422,0.010198215,-0.146319582,0.225327464,-0.035484987,0.027961301,-0.004840637,-0.072683441,0.080583969,-0.032778322,0.044454902,-0.037541001,0.071857485,0.11068316,0.011402134,0.122052207,0.002011288,0.020669337,0.026128423,0.020445337,-0.077233394,-0.083238096,-0.144590201,0.090966588,-0.042534294,-0.108078726,-0.154448148,0.04922749,-0.02211977,-0.025667153,-0.03133258
355,-0.109563017,-0.03849141,-0.011225249,-0.079911541,0.051872244,-0.001878457,0.145418618,0.021986921,-0.096161311,0.058905469,-0.060762732,0.033553936,0.023203716,-0.035102244,0.043435706,-0.033159674,0.186528291,0.06207489,-0.005437452,0.000831347,-0.017895191,-0.02557374,-0.021365522,0.106615341,-0.072060388,-0.005754307,0.046167277,0.074429252,0.042226721,-0.111562397,0.07447892,0.030157475,-0.057537234,0.124515064,0.058736327,0.086298643,-0.119517059,-0.05029494,-0.03273474,-0.128016721,-0.008443163,0.118803795,0.110816573,0.072816279,-0.018580593,0.159060789,-0.043412228,0.036054001,0.038983173,-0.070143899,-0.179675896,0.19062272,0.025053341,-0.014222985,0.082089997,0.090416177,0.25471307,0.140960322,0.113178313,0.089724404,0.009676694,-0.05334318,-0.103379179,-0.029357683,0.012379563,0.175854798,-0.034123314,0.100722195,0.043454821,0.154288958,-0.117469929,0.064975019,0.050411564,-0.058182263,0.289959584,-0.079552536,0.055827779,-0.002734457,-0.214865812,0.041245487,0.064228425,0.100128337,0.049305107,0.049754175,0.007557792,0.039817145,0.094859446,-0.110642827,-0.139534246,0.00128566,-0.106375234,-0.113357202,0.147672299,0.008654145,0.024428628,0.099533026,-0.009548259,0.117452774,-0.037347756,-0.015640267,-0.049417333,0.098464879,0.151268938,0.098444021,0.237506054,-0.035450427,-0.095084258,-0.007375837,0.119139136,-0.036548631,-0.031195885,-0.134062073,0.075078776,0.05759137,-0.211311942,-0.064600753,0.121124127,-0.076701745,0.098020054,0.010337663
356,0.039672522,-0.095789463,-0.022768864,-0.019378556,-0.041907165,0.012167903,0.101114209,-0.055845631,-0.003146619,0.090943526,-0.081007722,-0.015022705,-0.000482677,0.042511257,0.101020935,0.078751358,0.125577483,0.148882471,-0.008452698,-0.007096211,0.005693538,-0.017929517,-0.001157942,0.031644386,0.089390474,0.004537961,-0.019285533,0.068276479,0.083020656,-0.022895801,0.104884918,0.019250476,-0.050879681,0.05354699,-0.000198386,0.001073882,-0.02975032,-0.022588535,0.029394132,-0.105831472,-0.04520645,-0.019321153,0.046550498,0.023231559,0.033904138,0.092091522,-0.127034871,-0.088529077,0.049510942,0.012412924,-0.017077142,0.073639709,0.043418006,0.035743123,-0.018818039,0.014006959,0.156565681,0.005082213,0.132680582,0.025603816,0.015357759,0.04635116,-0.034125632,-0.01218352,-0.03682027,0.050601948,0.042846009,0.101978273,0.079631173,-0.004408032,0.04895906,0.007441458,0.066348862,-0.024674502,0.089390769,-0.085223812,0.0004129,0.070350412,-0.101380408,-0.01089358,0.014608013,0.015311626,-0.093166493,0.118438335,0.113695201,0.146313448,0.016638045,-0.001406956,-0.047500089,0.028603837,0.014580721,-0.035456571,0.128346116,-0.048279379,-0.002579075,0.109045427,-0.075912191,-0.005302868,-0.030841227,0.015354167,-0.127385553,-0.078050188,-0.002576793,0.056291618,0.167919078,0.116738496,0.097236602,0.039750894,0.065137968,-0.017438394,-0.056156531,-0.035800631,-0.024917999,-0.002997985,-0.027151895,-0.017731215,-0.072689037,-0.057752876,0.018168689,-0.033596191
357,-0.041156811,0.025542179,0.031044199,0.055188618,0.120408781,-0.056618182,0.033861626,-0.063634831,-0.013197804,0.061683888,-0.034207156,-0.03555828,0.061222916,0.063822795,0.051737182,0.021585736,0.02000542,0.125755669,0.035850408,0.086981487,-0.073300405,-0.125813648,-0.00022596,-0.022009734,0.030034113,-0.06622502,0.030757858,-0.041835044,-0.02280333,-0.044619,0.013748464,0.106036936,0.029536694,0.077124516,0.06936835,0.087379585,-0.010681555,-0.112262029,0.123556418,-0.070526925,0.048598844,0.06875529,-0.021312249,0.043441657,0.010149276,0.15840517,0.016249556,-0.046124732,0.062095449,0.011423014,-0.031398644,0.054784776,-0.011758054,0.069737278,-0.172646818,-0.022649584,0.044922254,0.0197872,-0.084900708,0.032395108,0.014458349,0.027071092,-0.028184001,0.003460286,0.060159376,0.04829653,0.124308328,-0.027684875,-0.08325763,-0.028783387,0.032292936,0.080625696,0.066136146,-0.000663293,0.166328589,-0.126558681,0.095656336,-0.109917784,-0.04244303,0.045652817,0.050517532,0.000601199,-0.036525577,-0.013026718,-0.079661735,0.056022504,-0.092972652,-0.124662375,0.036780025,-0.07738473,-0.060450848,-0.072963198,0.038777281,0.092487356,-0.07467694,0.008222178,-0.037360057,0.175276154,-0.029304738,0.001128031,-0.081766926,0.044519141,0.008848202,0.016567947,0.023360453,0.059489672,0.039508291,0.03218591,0.128844814,0.00258748,-0.000489735,-0.063895558,0.084520525,0.073798542,0.021599706,-0.08086668,0.029494832,0.010389259,0.064475985,-0.061984847
358,0.012851948,0.031852544,0.087094552,-0.109253297,0.075077199,-0.060557196,0.037869215,-0.105959029,-0.025717506,0.046911801,0.089484923,-0.043791839,-0.007099719,-0.089871538,0.061427603,-0.058861452,0.148680028,0.162178921,0.171577822,0.021650019,0.07567094,-0.046658204,-0.003095494,-0.000547001,0.035990459,0.020295851,0.198150119,0.045266858,0.01204992,-0.105859474,0.06823028,-0.035645177,-0.003859267,0.179605768,-0.044217597,0.15889998,-0.096978538,-0.006382829,-0.098526475,-0.024217564,-0.044836051,0.020934397,0.120453494,0.071785434,0.010807016,0.057112359,-0.00958718,-0.042089064,0.074035524,0.060797763,-0.12325996,0.176458155,0.03908907,0.000876193,0.034014927,0.120595205,0.092592571,0.09670394,0.034609874,0.011525123,-0.087058844,-0.062025303,0.03618985,-0.110783671,-0.015258665,0.00649431,-0.053756161,-0.055739247,0.042026179,0.054382423,-0.143543929,0.025037427,-0.02899531,-0.048888983,0.186152519,0.027325159,-0.140912892,-0.133429384,-0.152152205,0.066873356,-0.0122553,0.116274865,-0.114108016,0.034181705,0.024046444,0.117895908,-0.06888085,-0.069976418,-0.081569166,0.032302117,-0.058698165,-0.100815236,0.124181628,0.031807804,0.049859709,0.03105543,-0.056101924,0.03703849,-0.086145642,0.041150499,-0.005530166,0.044403267,0.113839023,0.182030371,0.032450239,0.005048824,-0.124066585,-0.025571325,0.058822734,-0.028713421,-0.100872631,-0.068915529,0.035905382,0.083624834,-0.056340038,-0.05169242,-0.095946983,-0.06715023,0.047348509,-0.040682379
359,0.044021865,-0.121568729,-0.012349158,-0.082307861,0.062871311,0.023834279,0.152973816,-0.008209677,-0.029530779,0.108731834,-0.058102193,-0.012573123,0.041937086,0.002288196,0.143307246,0.040884639,0.070094776,0.099985259,0.085784547,0.084280824,-0.04345328,0.038779153,0.040357688,0.005503934,-0.021728057,-0.007143158,0.167083873,-0.006155694,0.068070216,-0.018954257,0.103941832,-0.111823396,0.046962697,0.048434571,-0.003930518,0.16263983,-0.004396843,-0.004851636,-0.006993691,-0.091789911,-0.039254106,0.044543162,0.084403174,-0.071000541,-0.00517817,0.053331274,-0.021966158,0.01765903,-0.031522807,0.084068173,-0.082284616,-0.005495593,-0.072263781,0.014558718,-0.081248754,0.001152124,0.035993576,0.097183332,0.06591845,-0.003322993,-0.039530529,-0.017610328,0.064633497,-0.025302994,-0.049087267,0.109105586,0.008964794,0.09644002,-0.0118252,-0.021072848,-0.082417505,0.086960873,0.044464076,0.051946125,0.04434562,0.032743744,-0.007710157,-0.067921741,-0.077076937,0.068468463,0.047659798,0.07782419,-0.035876176,-0.005193682,0.097394558,0.029484467,-0.051148864,-0.061080138,-0.086401163,-0.022059365,-0.033500467,-0.112396699,0.02646836,0.041504334,0.048401739,0.038844682,-0.004992384,0.10301181,-0.036489707,0.043007296,0.00325398,-0.034142303,0.047077482,0.051603613,-0.005347377,0.000175009,-0.043529808,0.137955939,-0.114972212,0.009635497,0.036820148,-0.135205895,-0.02605422,0.063297277,-0.131332538,-0.160908242,-0.041174068,-0.042893878,0.112744346,0.068079194
360,-0.051150205,0.090069243,-0.024825001,-0.024979634,0.147405031,-0.066461101,0.122204291,0.012918176,0.066174602,0.019141631,-0.020519027,-0.060072994,0.14617082,-0.106004196,0.025832394,-0.06526149,0.108949782,0.098999597,0.078483497,0.071444774,0.012008786,-0.046073397,-0.001836357,0.019312794,0.018139792,0.014323258,0.035342994,0.000533395,0.06096359,-0.033765659,0.124675468,0.066855817,-0.04543328,0.084740017,-0.085448653,0.114714716,-0.031462954,0.024399123,0.021551417,-0.082660198,-0.022315815,-0.038286621,0.046595449,0.144000161,-0.001141429,0.120821676,-0.122720396,-0.008231835,-0.05785813,-0.085663874,-0.080090638,0.053047392,0.080427514,0.016288835,0.036555067,0.007582924,0.128775444,0.127563508,0.041506738,0.066826574,0.015270523,0.022486095,-0.044873916,-0.038213495,0.043445694,0.161406531,0.073436974,0.129287224,0.120777201,0.039534187,0.014495339,-0.001490284,-0.043221271,0.017676706,0.250397184,0.017167559,-0.004393862,-0.042340478,-0.045567834,0.066034035,0.060853392,0.020187932,-0.049248869,-0.035331197,-0.01099992,0.013146986,0.000946897,0.007518883,-0.041586818,-0.080695729,-0.042187,-0.109380221,0.063493284,-0.006885884,0.050038014,0.016093258,0.021892595,0.013116344,-0.041558506,-0.082433099,0.060837513,-0.015861379,0.040416763,0.074481322,0.138727278,0.031699047,-0.020096409,-0.035582142,-0.047557396,-0.061725354,0.00820023,-0.09514014,0.071235156,0.038991775,-0.150561379,-0.063431864,-0.041051714,-0.117703513,0.067794294,-0.066539625
361,-0.02804487,0.051570879,0.000454875,-0.063946283,-0.008805076,-0.033500988,0.076689438,-0.06246721,0.026768688,0.054949561,-0.05100334,-0.027595295,-0.023455872,0.031958776,0.059474685,0.0965533,0.073480581,0.134142702,0.012282119,0.11292562,-0.055216387,0.003635782,0.095165152,0.029922641,-0.005102258,-0.084259492,0.085388699,0.014740093,-0.059781634,-0.069400547,0.057180184,-0.009130649,-0.064649417,0.131299335,-0.044611692,0.087827131,0.005515808,-0.093250018,-0.034067634,-0.011104775,-0.036471743,0.004609263,0.046964137,0.066828608,0.023021675,0.04812407,-0.040196935,0.005140495,0.034337833,-0.11482194,-0.014182908,0.02117342,-0.082842009,0.084485798,-0.005171631,0.110945769,0.125663356,0.021599488,0.046217909,-0.000641431,0.072380277,0.092160442,0.080753178,-0.051609778,-0.115105968,0.189640881,-0.032186209,0.077855852,-0.039950658,0.01989696,-0.063037924,0.068147891,-0.005921124,0.034493303,0.151809259,-0.070072368,-0.050566524,-0.009421466,0.008396487,0.181372386,0.043592131,0.029081499,0.07295495,0.031155345,0.103792982,0.128405921,0.006410481,0.001376007,-0.077604356,-0.049462975,0.005014235,-0.000824579,0.068998264,-0.058703446,0.096270789,0.058707315,-0.089341233,0.103120484,0.133666284,0.010754794,-0.008187099,0.034377579,0.157420859,0.068285989,0.095870808,0.075161155,0.063004493,0.052581497,-0.031401278,-0.129455065,-0.065479059,0.009462478,-0.057850059,-0.009311555,-0.110038823,-0.063265096,-0.107358011,-0.001870424,-0.006676352,-0.077247259
362,-0.035628503,0.03577018,0.016401521,0.023656326,0.10783537,0.05819939,0.081068047,0.023669148,0.003802163,0.005480587,0.017341495,0.093106053,-0.012912138,-0.057798416,0.138616816,0.016408286,0.111414591,0.093657221,-0.022924831,0.154953072,-0.057512212,0.016449998,-0.130696518,-0.033762927,0.063351438,-0.060836479,0.026123369,0.000126622,0.032495324,-0.00551154,0.106800118,-0.020230752,-0.037068323,0.032239567,-0.091452595,0.006088499,-0.080237243,0.032972184,0.058914483,-0.045683149,0.098236335,-0.021896313,0.019266416,0.064761465,-0.019606834,0.123583072,-0.016838029,0.037559949,-0.061144464,-0.006237126,0.032724556,0.013424061,-0.021467566,-0.030460785,-0.052227309,0.001101003,0.042782748,-0.008968159,0.049045537,0.068792025,0.020094671,0.028093057,-0.002125996,-0.04101586,-0.043847464,0.128616709,0.058886481,0.039458545,0.01235624,-0.001837626,-0.039841503,0.026133873,0.064786535,-0.042932883,0.161302239,-0.040954076,0.054424953,-0.041623729,-0.132798543,0.097346635,-0.038821967,0.115131368,-0.106988672,0.049849141,0.066283697,-0.015336927,0.017891303,-0.022552408,0.017772304,0.012968146,0.000368333,0.030925582,0.13128738,0.06042315,0.029416831,-0.067002074,-0.035292045,0.050576697,0.02254186,-0.00789662,0.033414285,0.074949954,0.098878447,-0.021023992,0.102095836,0.050527049,-0.011427183,0.015619462,0.032882423,0.009321847,-0.044279155,-0.055662525,0.008966035,0.05108977,-0.069586568,-0.015649562,-0.023324189,-0.037023673,0.116626246,-0.066480057
363,-0.126236713,0.067738067,0.077680416,-0.136584813,0.091480892,-0.040741233,0.167921564,-0.067400461,0.175505552,0.039815746,-0.011447209,0.061528199,0.040775012,-0.052598171,0.042237687,0.016007451,0.231529496,0.150912888,0.089864743,0.058769966,0.070786854,0.061358806,-0.028446045,0.097073294,0.035856534,-0.119835406,0.127982581,0.031437743,0.020128333,-0.064214146,0.087433208,-0.057211827,-0.044823081,0.114594717,-0.047054137,0.149443286,-0.120441876,0.011368671,0.080802008,-0.173313768,0.00356141,0.083202191,0.101746933,0.156174336,0.07287927,0.16358138,-0.069009227,-0.105806989,-0.007277794,-0.025432643,-0.149022917,0.085125832,-0.002530155,0.038230332,-0.073421672,0.035981148,0.157326806,0.095616173,-0.032004103,-0.057568771,-0.03478075,0.03999381,-0.068033987,-0.069731689,0.085731746,0.199323974,0.128418115,0.07399812,-0.007156522,0.061178908,-0.031838565,-0.024840897,0.001148718,-0.04410981,0.492626651,-0.048814824,-0.021044174,-0.018663476,-0.064038015,-0.033909556,0.059247987,0.076730051,-0.091516643,0.085908615,0.040095063,0.157711596,-0.026964456,-0.081227936,-0.048587977,0.037500384,0.010161204,-0.103776838,0.181226292,0.060244838,0.060010753,-0.025444352,-0.045180874,0.166703786,0.03548288,0.076132933,-0.010356197,-0.007676376,0.10557379,0.115128154,0.101411281,0.04310647,0.022826945,0.065727602,-0.111167345,-0.052513184,-0.031840682,-0.096356354,0.090666805,-0.071540402,-0.194690539,-0.072403051,-0.112261466,-0.054077537,0.047041691,-0.048455589
364,-0.084967357,-0.078081337,0.015243731,-0.110035275,-0.038445087,-0.037964122,0.223880955,-0.13141762,-0.006506677,-0.017336455,-0.010053039,-0.020253237,0.094687056,0.078266897,-0.048839912,0.010869962,0.237695412,0.243795172,0.013478649,0.058107197,-0.114939647,-0.003260915,0.029007088,-0.020377417,-0.040584923,-0.094867734,0.126268558,0.060510323,0.010990531,-0.065476672,0.120770951,-0.024149267,-0.017575589,0.18826276,-0.089624787,0.160768635,-0.150742975,0.026135017,0.024560368,-0.093121061,-0.115955887,0.014792505,0.152072205,0.055472816,0.050716974,0.091043263,-0.111976035,0.048116127,-0.017601152,0.035269395,-0.109603789,0.13992331,-0.020281811,0.021573245,-0.021520523,0.179928266,0.105292228,0.048236958,0.133148466,0.033008879,0.021050768,0.026916184,-0.044491065,-0.049076922,-0.016434907,0.277853696,0.092556195,0.085375109,0.039524576,-0.022628328,-0.036668218,0.008950478,0.017001102,-0.084737266,0.256612491,0.021185841,-0.01974893,-0.018606572,-0.159350773,0.023408642,0.051245133,0.056746356,-0.096853296,0.028292401,0.0988783,0.149320647,-0.016219585,-0.091578461,-0.191560197,-0.073573413,-0.083619139,-0.088653343,0.22764879,0.048418526,0.001697673,-0.053170467,-0.090901766,0.05552342,0.010321422,0.013591384,0.010895019,-0.048277301,0.182228544,0.066511721,0.168681515,0.047850463,0.040427645,0.128866631,0.114181964,-0.128763884,-0.074594233,-0.19232205,-0.01590769,0.015436912,-0.081900881,-0.156478108,0.007957362,-0.084773543,0.140756826,-0.121060263
365,-0.017853731,0.020116642,0.029576019,-0.04020122,0.052023132,-0.036136449,0.122828452,0.006179006,-0.002772728,0.12822235,-0.055242927,-0.10650347,0.017729033,-0.105224612,-0.0260229,0.031901711,0.115497265,0.115261915,0.091514557,0.009557481,-0.015956859,0.027539676,-0.033690314,0.060168192,0.009287969,-0.11425955,0.014489829,0.012170596,0.034195904,0.07589421,0.031190701,0.01221939,-0.091939192,0.05579153,-0.002448044,0.020147295,-0.052688204,-0.0046041,-0.015784439,-0.116454586,-0.070198246,-0.018176678,0.0173415,-0.089853794,-0.070641813,0.05100384,-0.100510068,-0.04276526,0.005186549,-0.008948633,0.007677476,0.049947393,0.195470032,-0.006843076,0.003420764,-0.051382267,-0.027006571,0.059882173,-0.064404255,0.043192601,0.049452257,0.00249075,0.028952914,-0.105221203,0.073345795,0.197570431,0.152590342,0.035354577,0.019721906,0.050742277,-0.07484548,0.10597495,0.061888531,-0.08791256,0.158187377,0.023625946,-0.078209484,-0.008654343,-0.044242222,0.055443543,0.062673119,0.044898334,0.01526862,0.033818406,-0.034483666,0.13774065,0.017429378,-0.086992284,-0.096667845,-0.041822339,-0.019962453,-0.059193892,0.164935947,0.028197997,-0.010829049,0.051185059,-0.049576399,-0.040545275,-0.077827304,-0.057109915,-0.014821716,0.028230443,0.097476299,0.001876571,-0.0100968,-0.04828248,-0.019014509,0.014977774,0.033305233,-0.086431844,-0.064680032,-0.031791037,0.113987137,-0.055316824,-0.093172178,0.058414756,0.088210767,0.023143275,0.124160196,-0.013945643
366,-0.024643382,-0.020925079,0.049733574,-0.043251264,0.007951748,0.000648915,-0.001689168,0.008791104,-0.012727546,0.184725671,-0.114969908,-0.040957662,0.045302834,0.001415533,-0.032939489,0.001988065,0.125299245,0.091552972,0.06608349,0.094543637,-0.072204713,-0.096154397,0.03989241,0.070577873,-0.009440014,-0.060665552,0.000950282,0.036298859,0.031234271,-0.067541881,0.152654063,0.016685859,-0.057435444,0.189388938,-0.023628982,0.074781548,-0.012243353,-0.075867385,-0.042006991,-0.07408497,-0.018957914,0.016149753,0.05899193,0.008733419,0.025959305,-0.039583222,-0.017529761,0.031144567,-0.020832405,-0.054692482,-0.045706181,0.047851074,-0.00035028,-0.007686974,-0.064644743,-0.049017914,0.088040806,0.08318471,0.081288782,0.065256444,-0.008645131,0.01839404,0.021426854,0.005370883,0.015600149,0.109241819,0.005145058,-0.10218917,-0.096859669,0.064082313,-0.028394726,0.038538421,0.044650437,-0.011376697,0.259803753,-0.018191785,0.030889608,-0.044630077,-0.088355276,0.0556277,0.066696211,0.064073272,0.010242974,0.061306403,-0.017603629,0.120376808,-0.12889074,0.047158344,-0.106788428,-0.038301295,-0.004677213,-0.11655293,0.068074534,0.017318174,-0.019484235,-0.021514639,0.040428503,0.056175322,-0.061486289,-0.100571822,-0.010377117,-0.069122132,-0.065340661,0.101717246,0.200992046,0.046289314,0.095428217,-0.026233026,0.020676504,0.006791928,-0.048878749,-0.049187301,0.023202101,0.040789484,-0.125373655,-0.070523237,-0.04118538,-0.054853745,0.018246326,-0.079473842
367,-0.064705115,-0.021065134,0.066941297,-0.075465839,0.077790069,-0.082891714,0.04745451,-0.107467621,-0.055780174,0.084941062,-0.070916203,-0.035457807,0.145435579,0.061500622,0.020937175,-0.066500418,0.199491043,0.248475259,0.030800164,0.026521511,0.043791946,-0.001516737,0.058852934,0.010690625,-0.001957178,0.0035635,0.171887493,-0.044956873,0.071884709,-0.132651242,-0.022048348,-0.074778302,0.004424646,0.093402967,-0.060602009,0.081379727,-0.013940905,-0.067105695,0.033098627,-0.087465134,0.038178043,-0.010366405,0.082794582,0.058329774,0.091262038,0.046606392,-0.004028168,-0.000605242,0.041512636,-0.035893413,-0.026879958,0.260423598,-0.012108817,0.026830251,-0.017858688,0.086033048,0.050089076,0.078816884,0.003895685,-0.01714322,0.045639244,-0.022481425,-0.102308395,-0.07951943,0.047396561,0.191159518,0.114887923,0.059661278,0.001610795,-0.068341833,-0.087740349,-0.019911499,-0.045527117,-0.021292243,0.163969852,0.014455027,0.086614325,-0.045419021,-0.104763742,-0.045086286,0.120459793,0.113311595,-0.026318836,-0.051986028,0.046859676,0.07372742,0.012151153,-0.034785232,-0.110656686,0.002695261,-0.06591323,-0.042091327,0.085750063,0.05546764,0.136115849,-0.004776618,-0.097108234,-0.038436924,0.042761637,0.01901316,-0.078117759,-0.031469443,0.043748535,0.08361662,0.093897721,0.057894342,0.008403104,0.076445869,-0.021073413,-0.021129997,-0.073797057,-0.074629485,0.0568632,-0.000040659,-0.107585525,0.061273326,0.028880533,-0.135169269,0.05421041,-0.010020803
368,-0.046249442,-0.015211307,-0.046348815,0.055855566,0.103723553,-0.124989414,-0.004875089,-0.173072637,-0.003129522,0.014177648,0.065043051,-0.026777381,-0.053026114,-0.060003456,0.205853785,0.130057055,0.116767642,0.190177696,0.008721871,0.121948749,0.019319923,0.02986443,-0.134631717,-0.007255046,-0.01674126,-0.111190706,0.106404276,0.04535068,-0.044645663,-0.005421699,0.069087043,-0.089141062,0.000419486,0.107491498,-0.016627719,0.08940367,-0.056110571,-0.092768951,0.000537217,-0.071494953,-0.080701856,-0.016136003,0.008520778,-0.068436323,-0.073600778,0.102431756,-0.037199488,-0.084715779,0.087471047,0.014591897,-0.131931288,0.103870489,-0.058301721,0.09750445,0.044512909,0.103622431,0.024162712,0.148459426,-0.006631061,0.021676273,-0.017572153,0.113335037,-0.067887277,0.077542871,0.011928603,0.126020259,0.085152894,0.08027503,0.036717197,0.018128654,-0.045515335,-0.060223035,0.160012133,0.009629916,0.16247209,-0.135733688,-0.030831652,-0.047993277,-0.11876147,0.041673475,0.143937285,-0.072175769,0.01326162,0.068578335,0.016921199,0.120507729,0.006623334,0.000722046,-0.017076143,-0.039213598,-0.083294331,-0.100697541,0.099989618,0.009464842,-0.023459561,0.098252689,-0.092005485,0.18716018,0.039758357,-0.011047079,-0.043351844,0.058912934,0.070273094,0.043396568,0.001023194,0.038245546,0.030648101,0.089209962,0.000684327,-0.033671714,-0.078721828,0.062919379,-0.065218646,0.159376746,-0.014967784,-0.100108466,0.038310931,-0.107378377,0.031880393,0.00617735
369,0.002561314,0.032080775,0.046800101,-0.106949233,0.113731376,-0.077916162,0.166212341,-0.147545135,-0.010666656,0.039828054,-0.101899517,-0.023596927,0.083619918,-0.044617141,0.061877516,0.065505895,0.148472615,0.092430772,0.088612533,0.089198152,-0.013937325,-0.040997687,-0.039857268,0.088550906,0.031513979,-0.021368143,0.13995132,0.104864644,0.057211844,-0.002171872,0.080586445,-0.014995983,0.00369613,0.097719526,0.03219497,0.051852799,-0.069111436,0.025378692,-0.014744249,-0.061520388,-0.065897903,-0.002900396,0.083193064,-0.008390447,0.040811328,0.199697333,-0.065276707,0.051584945,-0.028266018,-0.137458486,-0.103160867,0.132709331,0.00453119,0.046036502,-0.055208077,0.005381387,0.052469299,0.14520599,0.111169585,-0.127173892,-0.023765917,0.158695753,-0.037520256,0.007846513,0.064222137,0.145318908,0.107014523,0.184953399,0.025990575,-0.00114478,0.008362115,0.111504773,0.019906215,-0.089796208,0.164662606,-0.099001703,0.001612646,-0.044979082,-0.06528728,-0.093526059,0.068245957,0.019861723,0.009714499,0.036165313,0.018788731,0.141642136,-0.013799144,-0.047967182,-0.088367178,-0.125645081,-0.116488078,-0.087298431,0.065195584,0.018870719,0.052429912,0.006314938,-0.030738015,0.180094705,-0.024878491,-0.067050506,0.031593118,0.021027554,0.159849227,0.02199036,0.159629272,0.020198054,-0.002378438,-0.014224534,0.027026485,-0.069773773,-0.016774475,-0.026050019,-0.042967209,0.115982341,-0.126362411,-0.056642419,-0.118010622,-0.037202448,0.089033859,-0.111712118
370,-0.06002024,-0.048879209,0.068020669,0.097445558,-0.002382422,-0.063173534,0.053771531,-0.058340361,-0.033523088,-0.012734437,0.038421297,-0.00012476,-0.003188571,-0.085305913,0.032280052,-0.084015989,0.152595345,0.22755843,0.05632926,0.084992368,-0.064725837,0.011236733,-0.007035274,0.058478773,0.039702266,-0.108562431,0.067442516,0.073091148,-0.014595456,-0.079340276,0.155299066,-0.034197532,-0.084704857,0.244422759,0.02493847,0.109405919,-0.026275039,0.109818874,0.06269941,-0.118614,-0.078372993,-0.026950288,0.008207951,0.163108282,0.013803033,0.135632082,-0.122378794,-0.006094645,-0.048702083,0.090137129,-0.07175232,0.182911564,0.007715866,0.035306687,-0.038670322,0.090124847,0.181830026,0.235210706,0.011525083,0.020622375,0.007301187,-0.042994151,-0.059857726,0.005363595,-0.01327741,0.138435265,0.042297875,0.018103748,-0.02325258,-0.031949815,-0.008805794,0.027404589,0.037829641,-0.05011416,0.202539994,-0.004963941,-0.10741322,-0.068989719,-0.103727522,0.019076002,0.097795483,0.102642357,-0.059963408,-0.026633914,-0.063707979,0.011966852,0.016232493,-0.032863987,-0.23868302,-0.003632551,0.108617248,-0.116632956,0.184138723,0.059075286,0.010073471,-0.01337389,-0.061554426,0.130849725,0.026174613,0.056924149,-0.051979922,0.040304431,0.12805606,0.07554115,0.10735166,-0.06116587,0.014902199,-0.039496436,0.105960778,-0.157229551,-0.045936451,-0.122626248,0.040377995,0.018820371,-0.213473846,-0.08442618,-0.025894302,-0.050920838,0.067735712,-0.0388211
371,-0.000163522,0.005892372,0.051236432,-0.023240503,-0.062290776,0.050672203,0.041297589,-0.032208728,0.019621989,0.103665764,-0.075205966,-0.041323657,0.031449474,0.002876375,-0.017352523,-0.024950642,0.183726965,0.107590971,0.144761564,0.085299427,-0.001850284,0.057121694,-0.106005713,0.023647812,-0.068201129,-0.111650579,0.08121084,0.014616981,-0.025098129,-0.051490225,0.009124116,0.006948276,-0.027672063,-0.011857,0.003376318,0.079475376,-0.079733596,-0.008650941,-0.021794851,-0.125999495,-0.154459661,0.118078732,0.07481573,0.039605356,-0.055010476,0.026848614,-0.092298447,0.07686413,-0.125313908,0.081494107,-0.152159247,-0.001263579,0.049028424,-0.02701368,-0.112444798,-0.032949944,0.110780163,0.093586072,0.226028734,0.045087452,0.005889067,0.010449822,0.092400764,-0.083429746,-0.023384178,0.17125765,-0.059572561,0.046976647,0.045053034,0.057453984,-0.069528908,0.047994141,-0.019656243,-0.091257838,0.113908406,-0.092848542,-0.006489916,-0.02045772,-0.107611263,-0.060371242,-0.027531182,0.075671093,0.009598387,0.111880679,0.035165734,0.023816741,-0.002761177,-0.008895208,0.026361719,-0.100110466,-0.039749337,-0.053515983,0.076643612,0.020655902,-0.024695656,0.029647413,-0.084080089,0.050804652,-0.023422281,-0.026142676,-0.057477744,0.078018233,0.06594226,-0.018115693,0.11620212,0.036261397,-0.023576376,-0.004689513,0.032203378,-0.075098999,-0.070848751,-0.105726482,-0.048735974,0.012235206,-0.092294211,-0.147429456,0.019358898,-0.058875801,0.141149081,-0.039487992
372,0.075486165,-0.06990958,0.11191895,0.007203293,0.066371198,-0.031975703,0.041663298,-0.075449544,0.033130258,0.048546587,0.064016069,0.005604371,0.032904922,0.111231244,-0.040791123,-0.09733904,0.109008227,0.00452926,0.005461847,-0.020163443,0.011932094,-0.017125431,-0.039137179,-0.016065861,-0.007921556,0.019053618,0.080807192,0.043173225,-0.029688318,-0.028137596,-0.006631203,-0.012438789,-0.087101631,-0.018237169,0.024686891,0.150742189,-0.027586835,0.006531713,0.021869412,-0.142413921,-0.063892602,0.05542157,0.023729632,-0.096391951,-0.023029793,0.081345664,0.01734238,-0.046846549,-0.020304985,-0.043792998,0.00337533,0.027831875,0.059380288,0.012378801,-0.042048169,0.018814107,0.13028858,0.095314369,0.068813322,0.017966348,0.079281553,-0.035477549,0.048397132,-0.030582937,-0.062499575,-0.008233299,-0.010827434,-0.034374298,-0.025153647,0.009025769,-0.047094468,0.104421399,0.07430426,0.059064149,0.089780905,-0.142025308,0.038835502,0.042048354,-0.122035059,0.016005177,0.059594243,0.008186078,-0.01929998,0.040665872,0.042113403,0.027089837,0.01162731,0.033277491,-0.044919262,0.036791786,-0.024403938,-0.123093603,0.068686084,-0.0818942,0.038647322,-0.080326996,0.008430102,-0.050548498,-0.098944764,-0.000834094,-0.022910529,0.006637383,-0.028234743,0.043931042,-0.025728675,-0.059650985,0.026939919,0.064883139,0.023693654,0.073330185,-0.086541573,-0.043295959,0.025253372,0.04454365,-0.015859547,-0.058917525,0.001109812,-0.091202584,0.07434751,-0.051231075
373,0.028375934,-0.054875277,0.001441397,-0.051894491,0.155647185,-0.06292346,0.056890846,0.075048778,0.039501756,0.090436607,-0.095800669,0.04912624,-0.000023067,0.003074126,0.036557757,-0.053789833,0.078917629,0.060044542,0.097232802,-0.0427112,0.072209927,0.045875208,-0.007043202,0.004560868,0.010557583,-0.016484848,0.023675759,-0.004431296,-0.009255814,0.017454375,0.032106615,-0.008360496,0.003879702,0.092947087,-0.02545322,0.084636306,-0.049304905,0.012091202,0.023058389,-0.055313828,-0.151541364,0.0236117,0.082450201,0.106630697,0.023130122,0.060045286,-0.048532022,-0.042550913,-0.007496527,0.027095025,-0.037843996,-0.016101989,-0.006046402,0.144017515,0.045141323,0.07349145,0.109677444,-0.091241464,-0.008307109,0.012271745,0.074424543,0.102485007,-0.022848085,-0.048381653,-0.10891609,0.220142798,-0.073943882,-0.010308624,0.01511207,-0.005987886,0.021006374,0.011752302,0.025851027,0.019463862,0.081287111,-0.011990481,0.023606858,-0.060340624,-0.114707311,0.078395223,-0.016481914,-0.009941221,0.077918179,-0.008061254,0.038944499,0.118047304,0.016100255,0.071383745,0.062113993,0.014025753,-0.026091642,-0.026243361,0.081172806,0.007527279,0.101944904,0.076488811,-0.032192212,0.035465842,0.036271594,-0.034124914,-0.065823465,0.102214976,0.11327775,0.067492843,0.028011476,0.104711276,-0.057772503,0.075998838,-0.100730092,-0.011363757,-0.108727065,-0.033009907,-0.050311486,0.158364158,-0.020567692,-0.005845332,-0.099849365,-0.014412509,-0.000471486,-0.089743456
374,-0.031001782,-0.006589014,-0.022233087,0.11406304,0.049048876,-0.032401287,0.002148278,-0.112914453,0.087874437,-0.044435227,-0.055702444,0.000210502,-0.081353875,0.028963853,-0.036848774,0.007498728,0.052785799,0.075693453,0.026449569,0.129521995,0.026251599,-0.013632227,0.028814149,-0.025470323,-0.075454017,-0.032079405,0.088298283,-0.104972614,-0.019472334,-0.016309893,0.115044205,0.022582429,-0.018970966,0.100198448,0.095002041,0.148787953,0.008142161,-0.001229152,0.050041451,-0.060918979,-0.045235077,-0.043071219,0.024054742,0.029960622,-0.051832235,0.018542631,0.004593049,0.024348748,-0.088445648,0.013684559,0.065144383,0.027282572,0.070570355,-0.037899534,-0.041970177,0.052513115,0.086131078,0.126621261,-0.049654106,0.05960716,0.017173102,0.003007747,0.032599968,0.019290704,-0.018307211,0.170135409,-0.005951463,0.024204203,-0.014477598,0.033727423,-0.047426573,0.004625168,0.149669943,-0.085659853,0.185810671,-0.088298443,0.031471029,0.06920315,-0.130914039,0.067078574,-0.038393931,0.041464075,-0.043385826,-0.039965668,0.081838582,0.066998226,0.033993416,0.04713482,-0.02116141,-0.078675007,-0.063744168,-0.107997403,0.121123468,0.032195604,0.050216776,0.080670103,-0.022740367,0.049053868,-0.099353632,0.074606573,0.036443303,-0.029481324,-0.042951926,-0.008371326,0.073978447,0.078954073,-0.03021028,-0.056522332,-0.082399112,-0.059424999,0.004848208,-0.049625674,-0.022824811,0.117176691,-0.142418327,-0.122068777,-0.034077166,0.034163397,0.002223369,0.065254257
375,-0.03188538,0.077818533,-0.00726057,0.002137861,0.087799936,0.021170999,0.186503647,-0.009786004,0.010207924,0.093150958,0.06411008,-0.077954705,0.030442231,0.019651019,0.161758887,0.036619147,0.171225341,0.153425979,0.044634881,0.107200469,0.090269688,0.04562391,-0.077084349,0.051523923,0.032539808,0.027601517,0.065281117,0.002384769,0.034944803,-0.072770928,0.141281535,0.023499854,-0.059521524,0.216682817,-0.026349306,0.033953516,-0.015449206,0.046649919,0.031882578,-0.067027784,-0.052829647,-0.052337412,0.123913538,-0.090879358,-0.01134664,0.076285415,-0.049626266,-0.022445687,0.087043843,0.016580672,-0.043440359,0.110478699,0.172420832,0.074060424,0.020222978,-0.016276842,0.062321974,0.117200568,-0.052817775,-0.007178387,-0.014544882,-0.029533742,0.002758563,-0.055301294,0.000570955,0.195052657,-0.058464719,0.086084188,0.000587159,-0.079094361,-0.027153185,0.184949618,0.064047698,0.030521562,0.195340097,-0.057193624,0.000251217,0.011796583,-0.154079954,0.040120701,0.044695152,0.014885722,0.03373654,0.091912329,0.068961539,0.04700231,-0.020719109,-0.04849529,-0.040776778,0.081678579,0.016700323,-0.045843809,0.100662205,0.029626167,-0.032641885,0.070953422,-0.063562261,0.056651827,-0.067499982,0.023086682,0.00527759,0.073121203,0.091243102,-0.016567804,0.081689823,-0.004527679,0.012788851,-0.076805529,0.01159645,0.02197442,-0.028802234,-0.07867152,-0.004408457,0.01486078,-0.116251578,-0.069810754,0.034635287,-0.031598279,0.00492682,-0.090659885
376,0.036664083,-0.098718811,0.151178467,-0.01503421,0.04863364,-0.134549029,0.133735737,-0.065651769,0.008797491,0.051522363,-0.099926267,-0.05808761,0.012900529,-0.03323067,0.075189762,0.053611449,0.197943465,0.079761695,0.108933942,0.010921518,0.111064215,-0.034340327,0.065978534,0.093649257,-0.006131797,-0.105616536,0.070062661,0.079956967,0.014026743,-0.056751316,0.107975951,-0.152145893,-0.105821491,0.120284247,0.01089672,0.140084321,-0.13331608,0.064729927,0.051193926,-0.137996949,-0.128258187,0.046413058,0.07988731,0.104834881,-0.064063918,0.060130737,-0.143157625,0.065953197,0.13356779,0.103106035,-0.123007695,0.120990798,0.044127303,-0.054102125,-0.055125554,0.041540295,0.124740592,0.072766268,0.049716551,-0.124088647,-0.084122063,0.01806262,0.001970614,-0.040604318,0.001759251,0.035284497,-0.006804522,0.096805539,-0.051968583,-0.104231366,-0.053426405,0.000475706,0.038067868,-0.072560704,0.325896548,-0.077534521,-0.028829528,-0.008565948,-0.216678287,-0.028629206,-0.012681078,-0.004098443,-0.054795329,0.030012202,-0.007409501,0.171572044,-0.009644585,-0.075434086,-0.078103866,0.090098562,-0.011459623,-0.089308454,0.142240202,-0.003882731,-0.046177053,-0.160555912,-0.098476291,0.080612271,-0.062120027,0.030522212,-0.098016752,0.092718338,0.11701266,0.0651689,0.092356347,-0.027403754,0.084574801,0.012329595,-0.005640557,-0.13178667,-0.043820556,-0.061353659,0.005840333,0.023992517,-0.098687789,-0.03337581,-0.098205985,-0.024415551,-0.007412868,-0.083960839
377,-0.003236886,-0.013925655,0.077757009,0.00795464,0.002458585,0.018790887,0.041278622,-0.116791738,0.018062743,0.033919296,-0.046927643,0.043339228,0.152299037,0.040019995,0.112962488,-0.058510766,0.116475043,0.047385539,-0.005466582,0.116831038,0.085974087,-0.02951003,-0.070712117,0.047678066,-0.001673181,0.010320103,0.053333024,0.11575508,-0.065259653,-0.005858241,0.091786983,-0.079272876,-0.017820287,0.073404315,-0.00756272,-0.026168594,-0.10568852,0.07137976,0.033835511,0.018490362,-0.009760099,0.051664262,0.050857385,-0.076420436,-0.014577317,0.193493703,-0.017057608,0.005314732,-0.060504477,-0.028593551,0.008372608,0.060652931,0.030806557,-0.011261456,0.019570609,0.034008864,0.119300838,0.13466847,-0.04041472,0.086237556,-0.034851046,0.068053876,0.011269656,-0.081826097,-0.01820934,0.10184403,-0.020707779,0.149056298,0.033878067,-0.026234507,-0.043199797,-0.002299268,0.036622525,-0.035641844,0.110674222,-0.123248204,0.045155205,-0.002125821,-0.024664302,-0.006129242,0.04945702,-0.042987761,-0.060324429,0.031703979,-0.030640362,0.012877663,-0.063059646,-0.002094808,-0.151730282,-0.052198939,0.020253926,-0.046103347,0.012320073,0.018553145,0.116187166,0.02417125,-0.008685548,0.095139502,-0.033419738,-0.041100841,0.048679558,0.054431005,0.16773947,0.030526426,0.017516663,-0.033700392,0.005870055,0.062834274,0.005885121,0.034834295,-0.097055382,-0.04920691,0.084203889,0.007415942,-0.005394709,0.003199068,-0.050922631,-0.009151785,0.058856885,-0.010679513
378,-0.107854378,-0.001482718,-0.007913464,0.05669994,0.063264104,-0.057058518,0.090627572,0.037226955,-0.006283765,0.065842262,-0.105004228,0.050775266,0.102473818,-0.043162571,0.067402808,-0.015816331,0.280560213,0.056517683,0.082387387,0.059508194,-0.058927485,-0.005854177,-0.049155584,-0.015937446,0.001816228,-0.053468836,0.160522014,-0.015530581,-0.016937941,-0.12257311,-0.039114418,0.005915634,-0.168722486,0.075753282,-0.015975252,0.064393242,-0.1054193,-0.036900837,0.040727339,-0.14542083,-0.031292825,0.045961865,0.015204609,0.031346352,0.0124797,0.071080377,-0.066460257,0.053250229,-0.015366601,-0.017289337,-0.055919188,0.091856761,0.089129652,-0.034411843,-0.045742967,0.029733992,0.110045234,0.034497158,0.102953829,0.13863296,0.090541891,0.044145484,-0.057023971,0.076121001,0.031250385,0.030440123,0.040641287,0.001927025,0.044632171,-0.029723075,-0.029487403,0.177922515,0.086016477,-0.053445419,0.119998109,-0.121905634,-0.011069627,-0.030202387,-0.059022226,0.014605829,-0.016456311,-0.002632961,-0.031627819,0.021730596,0.005823474,0.070892543,-0.045081756,0.069824959,-0.105189653,-0.074857808,-0.031717414,-0.050146593,0.071414463,0.041486038,-0.008574913,0.045420791,-0.065461203,0.033880659,-0.059760257,0.022391621,-0.020714127,0.048942183,0.10802838,0.102641883,0.092787896,-0.058216849,0.066733108,0.08339629,-0.029323423,0.010065161,-0.086829129,-0.020068148,0.068418134,0.14465668,-0.059573595,-0.089304858,-0.120137721,-0.025782588,0.046829404,-0.041251452
379,-0.065913529,-0.042635281,0.086298127,-0.043636705,0.185131485,0.016660589,-0.011872878,-0.016540792,-0.001905552,0.020940437,0.020533601,0.02023053,0.082478562,-0.03217791,0.058600023,0.041549364,0.073880834,0.201080558,-0.012308759,0.100548113,0.017110529,-0.021983959,0.039324387,-0.005385276,0.008057965,-0.076472066,0.024251181,-0.032955508,0.012679344,0.004477626,0.041784957,0.013942879,-0.076378601,0.132767921,0.016811677,0.131775914,-0.078572038,-0.071777314,-0.003399044,-0.122706569,0.036389293,0.030393949,0.042521705,0.098345352,-0.074543177,0.028753133,-0.072118194,-0.031701884,0.056509068,-0.064027765,-0.07260473,0.000810813,0.054766246,-0.037341289,0.072400941,-0.056242143,0.236307653,0.144917987,-0.054398529,0.059569709,0.007807811,0.020768647,0.018554305,-0.050816112,0.006723032,0.091091826,-0.010410884,0.008945896,0.015163067,-0.058983358,-0.013767955,0.007548276,0.126894886,-0.052324211,0.260528771,-0.047405982,-0.020422853,-0.088559405,-0.026166127,0.052465619,0.011452869,0.100902747,-0.00345834,0.101562856,0.097473983,-0.02048726,-0.01810907,0.054090031,-0.042274018,-0.036842414,0.01200104,0.038884007,0.08327774,0.056537439,0.083260121,0.018099337,0.074218521,0.062787803,0.103967131,0.011459486,0.000208037,0.001474631,-0.012071181,0.118463182,0.150337505,0.078172937,-0.002366107,0.088747405,0.045344925,-0.0226784,0.014034556,-0.124648852,0.012710425,-0.038772738,-0.137000691,-0.050160134,0.088241614,-0.03093248,0.083812115,-0.094279408
380,0.099129083,0.027235741,-0.018042957,0.019460639,0.047187659,-0.148518649,0.18636338,-0.076669688,0.034423159,0.011932245,-0.029751305,-0.051464214,0.017371364,0.016982341,-0.024040596,0.105527212,0.25065802,0.087385797,-0.055737055,0.205651112,0.091495482,0.013820148,-0.016262523,0.071689857,-0.031104133,-0.052254881,0.199901329,-0.032624436,-0.011260632,-0.036356289,0.008636272,0.002004976,-0.059571886,0.097471032,0.059849651,0.073823892,-0.143446786,-0.02257741,0.010002179,-0.092761261,-0.11573852,0.066113156,0.11104005,0.062089729,-0.027361233,0.113894822,-0.032308471,0.076085766,0.012729248,-0.008336239,-0.032809582,0.093568736,-0.010021911,0.070326035,-0.008712837,-0.030964695,0.034371418,0.021186979,0.102537943,-0.024648519,0.10920945,-0.055215053,0.001287706,-0.0067344,-0.020915085,0.190170373,0.056746336,0.111695028,-0.036239383,-0.002447489,-0.147844775,0.029203465,-0.006181199,-0.050108877,0.180407127,-0.151659053,-0.005464245,0.007018486,-0.156240847,0.048473238,0.127886447,0.040532022,-0.154854266,0.131868155,0.105713852,0.194119185,-0.072010014,0.010868887,-0.117456703,-0.036017481,-0.044448447,-0.222245924,0.112410501,0.077992041,0.075526017,0.046448618,-0.040873096,0.144306107,0.051710843,-0.030648152,0.06214901,-0.07004127,0.121702969,0.07681129,0.186103288,0.029591638,-0.03220159,0.008214647,0.105620011,-0.056847177,-0.163453767,-0.088130769,-0.045202109,0.133026325,-0.073976107,-0.078635276,0.09427245,-0.115191937,0.02564446,-0.005891546
381,0.061775243,0.11922574,0.057724593,-0.012673189,0.103246206,-0.05932529,0.138241002,-0.129490345,-0.014462745,0.155857426,0.010893987,0.033341612,0.045832566,-0.114743349,0.054403046,-0.007671205,0.232252599,0.225378408,0.08253796,0.073831323,-0.134315011,0.026692745,-0.053186026,0.129794266,0.120669787,0.039149855,0.096246403,0.13972859,0.070416129,-0.089356518,0.066638403,-0.007901642,-0.012906348,0.274816703,0.033308429,0.150253912,-0.119983916,0.075448778,0.157300797,-0.110223256,-0.052843677,0.112042341,0.099868625,0.010616594,0.002270978,0.14571417,-0.073549158,-0.003944075,-0.023383608,0.118669355,-0.082848083,0.095835091,-0.000675331,0.083757324,-0.142609382,0.106173097,0.150461301,0.149599265,0.028940656,0.06142462,-0.019370857,0.061459576,0.064559928,-0.084152918,-0.042822419,0.162299946,0.028318722,0.011994689,-0.09775464,-0.081778741,-0.167928482,0.005344919,0.02652625,-0.054400748,0.29641079,0.01325708,-0.100405988,-0.086663187,-0.07790218,0.099636473,0.073011424,-0.019392585,-0.095774842,-0.057598409,-0.025684809,0.206140602,0.066177613,-0.005918666,-0.081542613,-0.048380675,-0.040778506,-0.151021171,0.282129305,-0.044371707,0.033148074,0.071976056,-0.064643362,0.020780426,-0.062963723,0.015742581,-0.012002821,0.035671176,0.077150936,0.112048388,0.280497162,-0.093286928,0.071491405,-0.038895265,0.069741832,-0.113081758,-0.141792698,-0.204125925,0.048121915,0.080531113,-0.169773565,-0.07391837,-0.063993819,-0.048844529,0.135994982,-0.062044319
382,-0.018237051,0.048586377,-0.033297327,-0.015833542,0.17040928,-0.062533432,0.123655048,0.027052307,0.009837667,-0.04577863,0.02914882,0.031737536,-0.022115705,0.054141829,0.051667735,-0.045220338,0.033981132,0.042189539,0.052539719,-0.004673559,-0.04403123,-0.116440793,0.075333062,0.053121036,-0.036110236,-0.025303656,0.114767802,-0.040414142,-0.031222297,-0.014642415,0.100112721,0.046455643,0.016252203,0.047320152,-0.07744871,0.092061326,-0.027240399,-0.031992212,0.057618634,-0.002689606,-0.034100635,-0.080893705,0.008352391,0.098233746,-0.058464573,0.101760238,-0.033528494,0.000833735,0.021169108,0.084524016,-0.058686465,0.090799211,-0.027761303,0.051541287,-0.043262548,-0.006194974,0.102770852,0.100904166,0.07103576,0.012202329,-0.033042968,-0.021136174,-0.044311423,0.025135362,-0.016517021,0.041403604,0.133364467,0.083487434,0.032728372,0.020917426,-0.138277609,0.020197734,-0.024251699,-0.002493288,0.192636726,-0.041397818,0.069175314,-0.08780051,-0.138956755,0.053303332,0.001746929,0.02331101,-0.123246746,0.110436656,0.013094325,-0.034544005,-0.01285167,0.021064811,-0.049588783,-0.054512789,-0.060058756,-0.130880853,0.052133541,-0.077762308,0.013719083,0.051333315,-0.057538479,0.090804263,-0.057215289,0.115548477,-0.067198879,0.015901179,0.080884385,0.020078093,0.108349364,-0.030682215,-0.023929981,0.018810477,-0.038841357,-0.014529146,-0.035963733,-0.017956506,0.02340286,0.038912079,-0.065875803,-0.042740799,-0.046988175,-0.05378782,0.094153609,-0.01968975
383,0.082053688,0.009345582,0.038794171,-0.014022105,0.113418442,-0.061658662,0.242660701,-0.091255764,0.066176624,0.024858288,-0.055741471,-0.048784367,0.169891164,-0.033421995,-0.065490946,0.05299725,-0.013272769,-0.006214076,-0.027565389,0.110100266,-0.067278305,-0.030196935,-0.045073557,0.037540863,0.074011331,-0.086335944,0.006645442,0.022193993,0.016958653,-0.046049612,0.105011041,-0.005388264,-0.015653749,-0.005083346,0.114430343,-0.035702386,-0.002425086,-0.026622929,0.001280541,-0.100709003,-0.075766669,0.091606203,0.024755997,-0.019690599,0.110351502,0.001866784,-0.011755746,-0.000506305,-0.011353705,0.032009415,-0.017944651,-0.005159238,0.070188348,0.071457495,0.081088833,0.057974036,0.086353617,0.007886581,0.145426752,0.011642697,0.00869757,-0.027875992,-0.035486198,0.065622178,0.059106334,0.161508137,-0.030897493,0.038289611,0.052240039,0.01946291,-0.00877685,0.029614294,-0.01600169,-0.07442411,0.098777048,0.038272073,-0.041600354,-0.055625727,-0.117081868,0.053428182,-0.008531953,-0.076407336,0.01169938,-0.037886363,-0.133275988,0.070018498,-0.026865645,-0.070571703,-0.076368378,-0.04451629,-0.01514272,-0.017598459,0.100952922,0.00642592,-0.006731608,0.118252772,-0.081787629,0.12020547,0.026805075,-0.033354231,-0.007825521,0.001325354,-0.00210856,0.007731593,0.00199873,-0.047046706,0.07808095,0.016199065,0.013962835,-0.039280755,-0.079816585,0.05785559,0.103824548,0.001897926,-0.112928368,-0.053448772,-0.055131034,0.103073073,-0.00444808,-0.081429023
384,0.021955129,0.121036147,-0.039717689,-0.016929934,0.074842142,-0.101934036,0.134383386,-0.029584755,-0.016688884,0.122140179,-0.128721528,-0.092752526,0.011118021,-0.095475117,-0.031498678,0.101260946,0.148150412,0.224060708,0.065668706,0.091116727,0.052945026,0.022501734,0.062645285,0.18311571,0.086329451,-0.129074854,0.13715378,-0.115600897,0.081105303,-0.104487144,-0.030176571,-0.097936362,0.047947325,0.146308659,-0.069546521,0.159237784,-0.097623255,-0.040078059,0.142814531,-0.070118471,-0.034812524,0.001669562,0.004868369,0.021063679,-0.058444291,0.094422333,-0.072790062,-0.003636542,-0.030354264,0.013644448,-0.082248945,0.177996812,0.031485075,-0.015561666,-0.011057099,0.052782628,0.180587731,0.231842125,0.062334268,0.042039929,-0.032586402,0.095108308,-0.045410417,-0.077137569,0.132152377,0.13147305,0.010245898,0.052541085,0.025867062,-0.000985203,-0.029851481,-0.005063809,0.053300737,-0.017680222,0.267356591,-0.076326638,-0.023458215,0.030913179,-0.036243128,-0.004225433,0.125350142,0.031036159,-0.004916766,0.072684101,-0.010777308,0.136599658,-0.085353497,-0.089700494,-0.119718898,-0.025752397,-0.085784041,-0.039384009,0.238636987,0.02472826,0.02679156,0.027003312,-0.058047706,0.069635528,-0.129586366,0.007480457,0.008134523,-0.027267777,0.151299656,0.123718726,0.160937059,-0.036031762,0.057049225,-0.009279014,-0.018722673,-0.150274681,-0.127210519,-0.126688538,-0.061468396,0.005124505,-0.18627606,-0.06511127,-0.089569777,-0.107605485,0.158309502,-0.033060673
385,0.004895726,-0.057397174,0.133765634,-0.113245301,0.128828678,-0.018176908,0.137336552,-0.077336123,0.033877575,-0.01761453,-0.04275803,-0.016030219,-0.025511798,-0.07102714,0.047573,0.067800414,0.165350423,0.137355796,-0.00327648,0.026402156,0.059120113,-0.001050546,0.091295667,0.00545499,0.019793678,0.012600461,0.092935034,-0.01962473,-0.057271114,-0.151713112,0.117080282,0.083218146,-0.00154756,0.131342757,-0.009619701,0.145901151,-0.075795659,-0.000348414,-0.029733912,-0.039540957,-0.019601482,-0.080959921,0.029691215,0.04978041,-0.022402264,0.067052917,-0.077831503,0.007650105,0.190320707,0.054290788,-0.044684208,0.144766688,0.052433907,0.0036021,-0.040740324,0.131246673,0.106596296,0.110262047,0.008961558,-0.024696402,-0.032142344,0.096309925,0.062214893,-0.027846563,-0.025931379,0.268079957,0.096398247,0.046468604,-0.029141803,0.052961872,-0.012407279,0.050166875,-0.066926484,-0.132138541,0.185527778,-0.059532967,-0.042808614,0.021167612,-0.124656093,-0.023305737,0.108427593,0.006237848,-0.111706128,0.041949321,0.057137159,0.071902248,-0.097108176,0.053883744,-0.032713503,-0.038421128,-0.080218925,-0.029377965,0.041363926,-0.004448798,-0.003510694,0.054649763,-0.013067133,0.038827211,0.024114765,0.083411252,-0.030055171,0.021960932,0.193152783,0.020854625,0.038188471,0.031312489,-0.033520912,-0.019768195,-0.030129988,-0.098137275,-0.050902225,-0.098110075,-0.016150403,-0.038816895,-0.044123522,-0.147262315,-0.105250478,0.012819169,0.109337505,0.000192518
386,0.034418096,0.077691808,0.092048717,-0.136994974,0.0323376,-0.150203545,0.181893357,-0.113146808,0.006554566,0.055504797,0.008866208,0.017692306,-0.024655541,-0.048743859,-0.034470103,-0.050617903,0.191539064,0.143445209,0.05076508,0.067435438,-0.009996699,0.017868827,-0.03032494,-0.025454888,0.082204378,-0.095953691,0.079627366,0.109946257,0.040912818,-0.121038326,0.310827878,-0.035952881,0.038396736,0.146749622,-0.007671896,0.246942991,-0.066200884,0.039147013,0.039152401,-0.067320166,-0.021175828,0.083483298,0.12344814,-0.025154084,0.029513233,0.122638724,-0.172065641,-0.156720744,0.011567378,-0.044092306,-0.120478223,0.22466138,-0.04820618,-0.059801099,-0.03612618,0.118319373,0.212418341,0.060133834,-0.035688552,0.053191714,-3.19272E-05,0.046493747,-0.039448794,-0.114672707,0.116965412,0.12937569,0.105749333,0.128194827,-0.017100662,0.014373992,-0.077325606,0.156675661,0.011641783,-0.083575655,0.345472118,-0.018557983,0.057755647,-0.047753811,-0.179188566,0.051689963,0.101993746,0.037735258,-0.032722335,0.128282839,0.026729468,0.139474293,0.085349635,-0.098571877,-0.074510848,0.015211671,-0.076105477,-0.091241437,0.103766234,0.002556295,0.073548401,0.025049044,0.011658616,0.121975749,-0.029471357,0.078696698,0.045960458,0.035126329,0.045753012,0.072254236,0.148005609,-0.022758865,0.019079542,-0.010751723,0.108640766,-0.081685334,-0.088518623,-0.053477868,0.002092113,-0.005775154,-0.094889235,-0.005041327,-0.048754841,0.006592554,0.161916147,-0.138875924
387,0.064704238,-0.010908066,0.016166381,-0.024532696,-0.011401612,0.027097356,0.064049699,-0.048910897,0.077185668,0.084794312,-0.094431816,-0.04670492,-0.024695782,-0.024231329,-0.032424391,0.006342907,0.133030491,0.132356245,0.0539506,-0.002246342,0.022700087,0.009139287,0.037213782,0.026265281,0.03847162,-0.083725508,0.153819668,0.022102514,0.008175483,-0.076359369,0.063971635,-0.060870267,-0.041012106,0.286989932,0.09417763,0.146123493,-0.006720538,-0.04536525,0.059017662,-0.059341752,-0.119692002,0.005556545,0.095635841,0.13575671,0.129414013,0.055497065,-0.092633971,0.028838813,0.065874023,0.092546577,0.013318258,0.120539093,0.013989844,0.038688122,0.075074137,-0.003277532,-0.043859281,0.073079725,0.088719959,0.050065369,-0.012320948,0.045762376,-0.062988978,-0.00960879,0.017744913,0.249737495,-0.015885309,-0.004126991,-0.077422675,0.003254095,-0.005398506,0.071605791,0.024710983,0.011827506,0.244821109,-0.123853941,0.027577927,0.014997028,-0.167355083,-0.019215782,0.034621364,0.126159175,0.145695944,-0.013930454,0.102239292,-0.018555016,0.024053248,0.048843182,-0.167838443,-0.078716796,-0.081876926,-0.008080437,0.175485214,-0.008575155,-0.03173818,0.002161816,0.063489045,0.060168675,-0.000398647,-0.029405989,0.006507117,-0.026020741,0.066186095,0.118577372,0.084916299,-0.023244331,-0.021575289,0.026536044,-0.067852767,-0.058529529,0.000765839,-0.062095885,-0.010854635,0.070020568,-0.060991241,-0.045422551,0.042708955,0.015941586,0.002115123,-0.006482767
388,-0.04166664,-0.011787646,0.026504655,-0.027133751,0.062035898,-0.095064831,0.016200707,0.017476031,-0.076239709,0.088866695,0.020367309,0.068994354,0.048872385,0.0005005,0.190087378,0.001928205,0.02403574,0.077202661,0.041178359,0.139779108,0.036867964,0.040692208,-0.101943706,0.051512925,0.04267655,-0.038405109,0.020505896,0.034173708,-0.008441187,0.01714203,0.135247089,-0.040427888,-0.083012425,0.138562867,0.003443593,0.078714996,-0.072182759,-0.018395523,-0.041784405,-0.040895838,-0.088078329,0.130263039,0.031165639,-0.076221624,-0.023103378,0.187602535,-0.031225274,0.104708076,-0.021721098,0.068476143,-0.03589383,0.076500778,0.001693035,-0.075587776,-0.001133647,0.021723299,-0.054498747,0.034723003,0.14616841,0.013712005,0.000734061,0.045230295,0.060232737,-0.067261435,0.04590974,0.1537308,0.039713014,0.006533849,0.04282459,-0.042269523,-0.078103391,0.052022619,-0.033004345,-0.096284034,0.203278652,-0.039928397,-0.072702417,-0.075510748,-0.076453703,0.051582328,-0.097005002,0.041280548,0.013835143,-0.003660626,-0.004477375,-0.031698011,-0.051853652,-0.069684579,-0.11226753,-0.046326543,0.023301617,0.020190016,0.05469543,0.024684578,0.092450609,-0.05446594,-0.069862043,0.073401479,0.065026128,0.035325312,0.028009091,0.116826513,0.037919178,-0.08224527,0.109755149,-0.000536279,-0.0171809,-0.099812456,0.023129739,-0.034176609,0.007383131,-0.042040263,0.113211527,0.060878986,-0.102690215,-0.085779156,0.159338369,0.084935636,-0.059332178,-0.105534059
389,-0.011592034,0.116852271,0.031265907,0.050061651,-0.001184924,-0.037226216,0.159558586,-0.090323388,0.099129136,0.089145812,0.050915647,-0.125734567,-0.00957497,-0.050311983,0.025024891,0.047292965,0.216658678,0.085862153,0.068718574,0.119153461,0.079762618,0.034848426,-0.002314483,0.015233852,0.084605587,-0.091399775,0.022440996,0.028176393,0.170637819,-0.007947981,-0.005066725,0.094874858,-0.032854415,0.177213253,0.001407535,0.132739841,-0.040549015,-0.046098641,0.016596385,-0.087922306,0.004403859,0.065914913,0.076574298,0.030831634,0.022318392,0.167126991,-0.09968932,-0.024315609,0.049798106,0.019246521,-0.08806533,0.254627774,0.028773266,0.058808603,-0.049147898,0.060418598,0.08969089,0.083346032,0.01891454,0.019788857,-0.016379686,0.035844802,-0.0868802,-0.033465946,0.135662812,0.242319679,-0.032392818,0.028970409,-0.049456859,-0.012161307,0.073520901,-0.016289495,0.064256661,0.01624975,0.213654034,-0.121186404,-0.091036741,-0.154892528,-0.188683605,0.057218073,0.094177957,0.070528225,-0.096767734,-0.029055033,-0.10418092,0.149750436,0.035933118,-0.050864982,-0.118736752,0.083560932,-0.026139897,-0.034871134,0.188417236,0.017118948,0.067405328,0.081340936,-0.046618019,0.123988682,-0.000576486,0.059581571,-0.080769044,-0.064606281,0.123527904,0.159311932,0.000526312,0.051560701,-0.004948807,0.060497799,0.121150825,-0.050041453,-0.008356625,-0.144173042,0.147633122,0.069628074,-0.094452847,-0.023413107,-0.003015639,-0.081203881,0.058880522,0.000161068
390,-0.100926108,0.018902331,0.112949739,-0.078609465,0.015486721,-0.003164834,0.103803884,-0.124870876,-0.057131885,0.056549725,0.015455337,-0.040158086,0.069549714,-0.049389931,-0.059914831,-0.066764643,0.130994743,0.143613689,0.04874987,0.119766248,0.041308895,-0.047037556,-0.10109749,0.047613843,0.073901264,0.004205219,0.138226743,0.041413536,-0.133643219,-0.145849675,0.014593128,-0.03011281,-0.080864285,0.130423166,0.03296922,0.017478506,-0.111772915,-0.028885278,0.088167309,-0.080784986,-0.013904186,0.061410181,0.081172601,0.066167879,0.014137231,0.076610393,-0.017808656,-0.022191359,0.008482226,-0.060354212,-0.057632688,0.155926487,0.06283138,0.109527342,-0.008018667,0.02267089,0.143361624,0.051192305,-0.029129808,0.055917316,0.006329686,0.129041896,-0.013770103,-0.123680831,-0.055197072,0.090344832,0.004263442,0.155178681,-0.026811118,0.04703288,-0.120380519,0.041137963,-0.042348805,-0.064064429,0.303510681,-0.060412198,-0.074465306,-0.002301445,-0.131645843,-0.005383934,-0.014955994,0.084441039,0.055121197,0.146785617,-0.007892351,0.085944824,0.02269155,-0.010202043,0.020698241,-0.01120821,-0.090585633,-0.014748035,0.072650677,0.010682941,0.007232189,0.074399846,-0.099313563,0.010582915,0.083602198,0.024746928,-0.107747529,0.045688103,0.178814394,0.06185467,0.055790224,-0.001612747,-0.002609655,0.064113245,-0.053925611,-0.028617859,-0.189221254,-0.076442476,-0.005583623,-0.023576359,-0.119557839,-0.024203293,0.009241838,-0.097051316,0.065295584,-0.125983981
391,-0.031264234,0.086916156,0.090340698,-0.068541906,0.082361933,-0.051719108,0.101130252,-0.069150046,0.025081156,0.011958515,0.01611872,-0.07354409,0.040865898,0.018879299,-0.017822399,0.025402398,0.377994787,0.101476713,-0.044835895,0.0027343,-0.008548859,-0.015096596,-0.063619492,-0.038957762,0.048583414,-0.041132268,0.159133667,-0.012460746,0.007535116,-0.132890267,0.013273816,-0.105739195,-0.009177965,0.126959894,0.009207564,0.031694197,-0.049861141,0.107128898,0.094366329,-0.04029513,-0.111327061,-0.020716522,-0.00741272,-0.109645049,-0.026743326,0.031255913,-0.050672041,-0.086421605,-0.01512926,0.026983427,-0.014303511,0.086268592,0.033014581,0.077705136,-0.045439541,0.051476703,0.13127974,0.0967234,0.083688858,-0.039364703,0.10551851,-0.095616497,-0.00507027,0.029449564,0.059597797,0.135119617,0.046026552,0.026286768,-0.070682968,0.101982536,-0.053779921,0.135911808,0.018415358,0.059221387,0.413895466,-0.058070713,-0.016471181,0.04424933,0.012938873,0.004943577,0.061026982,0.060742157,0.10634871,0.046787996,0.019547399,0.13250134,-0.074775504,-0.075876862,-0.084874593,-0.059196093,-0.065826975,-0.128621112,0.137853217,-0.054384569,0.021842784,0.041745139,-0.072761754,0.064222363,-0.038160956,-0.006979524,-0.035402048,-0.020771471,0.13772562,-0.017505736,0.230361996,-0.001182363,-0.018519229,0.067070626,0.129615056,-0.142383855,0.004265217,-0.058042764,-0.037754295,0.036304684,-0.10289723,-0.141160491,-0.090094933,-0.081803532,0.193821024,-0.016844082
392,-0.005421475,-0.015226422,0.036501746,-0.034158724,0.074483917,-0.061218024,0.110841532,-0.006614339,0.083278537,-0.049916741,0.029328988,-0.118074432,0.083271463,-0.150804887,-0.052648275,0.07853599,0.298908151,0.007467183,0.001414994,0.130045342,-0.011890277,-0.003668172,-0.007616735,0.119196949,0.009180892,-0.048104611,0.093221832,0.056393761,0.080323799,-0.045061592,0.089557249,0.021612512,-0.075164236,0.005019297,0.022066139,0.136369433,-0.090316456,0.009062915,-0.011284273,-0.090624387,-0.144607574,0.024134789,0.052685561,0.121493687,-0.091589514,0.008058195,-0.051773506,0.009893497,0.033633743,-0.030917157,0.080592084,0.082242578,0.035887014,0.049007366,0.039855455,0.112853416,0.089197123,0.043903151,0.02871957,-0.005935884,-0.032480184,-0.019240643,-0.059625803,-0.027078609,0.018838975,0.162331824,0.106373274,0.142567372,0.030194118,0.030848627,-0.0790299,0.051111308,0.052523514,-0.07140495,0.231561804,-0.020162011,0.058839256,-0.008466563,-0.195576338,0.111640502,0.033483398,0.048087462,-0.0283113,0.115390361,0.100569845,0.180642306,0.019674427,-0.020979656,-0.154190582,-0.065405839,-0.041694893,-0.020772604,0.073541477,-0.039497566,0.105127795,0.048237805,0.023919288,0.175157059,0.072262351,0.033326719,-0.045657698,0.110163302,-0.001450712,0.015419557,0.049293749,-0.124008713,0.021930542,0.060890201,-0.066464904,-0.052292306,-0.034942136,0.040253067,0.062926143,0.087048039,-0.045478381,-0.008726987,0.005942382,-0.156540415,0.011410572,-0.112395605
393,0.134878515,-0.072225951,0.184215123,-0.000863173,0.086416004,-0.032859595,0.063904476,0.019702461,0.094100811,0.124645902,-0.01039471,-0.079374056,-0.014771896,-0.004435724,-0.082165309,-0.018529223,0.270730496,0.193076553,0.067936756,0.035769069,-0.000212618,-0.028074661,-0.020166158,0.014592418,0.115080113,-0.038733833,0.048396236,0.101267873,-0.10857891,-0.093993352,0.199135849,-0.072061176,-0.027366135,0.071184094,-0.02235881,0.144330091,-0.122939885,0.014363778,0.004751094,-0.14949725,0.030428903,0.059446789,0.017335387,0.190839038,0.035867402,0.185342593,-0.094548638,-0.046683967,0.031655462,0.03913049,-0.076677055,0.143452807,-0.024161737,-0.035827559,-0.083013217,0.121639542,-0.006935873,0.121069841,0.06072832,0.008074577,-0.102133455,0.012108103,-0.14233612,0.096448694,0.033277618,0.227728855,-0.051742161,0.032797434,0.066204877,-0.072539245,0.000601401,-0.013763526,-0.019238887,0.012771631,0.151981509,-0.009761171,0.084328956,-0.053042704,-0.080813073,-0.020116209,0.012427894,-0.003126066,-0.022939356,0.005443616,-0.03247893,0.031476364,0.037994744,-0.124676375,-0.06201602,-0.006776253,-0.091747236,-0.08980098,0.148921452,0.154915916,0.052881439,0.038160579,-0.020999822,0.046100785,0.004007915,0.061653641,-0.042826189,0.055238778,0.024701205,-0.02665884,0.049782827,0.012504336,0.058961221,-0.096236358,0.000828183,-0.077288138,-0.153126616,-0.05238696,0.006692765,0.013248005,-0.102252664,-0.082700837,-0.042210268,-0.040531045,0.083006666,0.001617287
394,-0.046684059,0.105458834,-0.046945226,0.041658209,0.019509642,-0.002327051,0.115278345,-0.050594151,0.045564248,-0.051567073,-0.073664604,0.008677683,-0.011430951,-0.013238965,-0.017845057,-0.057924577,0.219634256,0.177203588,0.019929925,-0.031502306,-0.024775721,0.001514541,0.008792904,-0.000720323,0.090070095,-0.086937084,0.129955636,0.068329315,0.04040836,0.03632734,0.113376819,-0.000502829,0.01177531,0.119053026,-0.008403034,0.043053756,0.00429552,-0.015404978,0.110204203,-0.05336504,-0.024071608,0.136993244,0.043596663,0.027430731,-0.102088361,0.015394263,-0.0316506,0.006635775,0.032542437,0.071123301,-0.125729096,0.086194083,-0.042410782,-0.013820819,0.041899121,0.083628709,0.179808788,0.08156994,0.337434998,0.032040276,-0.045838003,0.036856281,-0.031357875,-0.001271721,0.048860713,0.216877751,-0.006010351,0.098115536,-0.130986821,-0.083011834,-0.045226264,0.073512376,0.03565217,0.0132958,0.305321546,-0.196831841,0.018829789,-0.033400295,-0.059704198,0.087372171,0.067487309,0.036853191,-0.006316043,0.037961447,0.073014846,0.081505,-0.044997314,-0.0457663,-0.043454226,-0.020068506,-0.037092596,-0.125818099,0.195427453,0.185613962,0.053528153,-0.008700735,-0.004751882,0.05364205,0.009120144,0.038126222,0.03103601,0.077578842,0.178350433,0.007510197,0.154247972,-0.103461359,-0.014874837,0.006595399,-0.013508269,-0.132074443,-0.131223327,-0.135610559,0.049816006,-0.046735704,-0.069783618,-0.108781909,0.052297902,0.046880489,0.1394485,-0.088168219
395,-0.092261591,-0.004198512,0.011928537,-0.14441932,0.094762872,0.009609633,0.043679084,-0.10891629,-0.007390561,0.053709974,-0.010220197,0.0234404,0.048730473,-0.064589065,0.061217984,-0.055764635,0.17721858,0.183447919,0.072829954,0.096490434,-0.074288629,0.008856659,-0.036223269,0.114593999,0.005325486,-0.099520445,0.168096768,-0.004236946,-0.017082043,-0.082145905,0.124220972,0.049554709,-0.102586981,0.109441782,-0.028496406,0.105669655,-0.039160608,-0.057329115,0.087563742,-0.09539577,0.034928612,0.0522874,0.022172134,0.12251394,-0.009634326,0.212928298,0.0400135,-0.01912151,0.040290372,-0.045927431,-0.121417557,0.079763345,-0.041598995,0.034246472,0.022303179,-0.038713161,0.065889579,0.006684226,0.078149097,-0.046682886,0.011066852,-0.054100336,0.059599516,0.038469626,0.025196751,0.089056927,-0.042259697,0.186069872,0.046808576,-0.048083167,-0.113154971,-0.039400057,0.010046483,0.052250764,0.222800459,-0.059313062,0.025945589,-0.085889039,-0.107945842,0.00584678,0.029234487,-0.017782279,-0.096710481,0.036422971,-0.029029604,0.16561459,0.069609553,0.013387216,-0.143952289,-0.037250932,0.07425024,-0.058831472,0.134280429,0.000686827,-0.017317602,0.075091839,-0.048659286,0.058987322,0.010766057,0.102095394,0.076286874,-0.019982294,0.12628652,0.104143841,0.139985962,0.076976077,-0.055059135,0.012645355,0.133405913,-0.19119238,-0.116495478,-0.173428696,0.117057313,0.136420332,-0.18957674,-0.148261365,-0.02667833,-0.127809119,0.07387622,-0.025833028
396,0.097909701,0.036777192,0.16749216,0.017875708,0.10200012,0.010426372,0.048736967,0.073381629,0.031688834,0.032034701,-0.108729892,0.038486572,-0.007674044,0.103111653,-0.038227866,0.039696412,0.161826378,0.141879678,-0.033963043,-0.028604186,-0.022678253,-0.061113411,-0.084274008,0.089830754,0.035148823,-0.118044548,-0.02597197,0.102663284,-0.114798383,-0.01284374,-0.074545663,0.041905239,-0.035420091,0.231886732,-0.055124561,0.052812664,-0.008688725,0.034208636,0.005013777,-0.002559663,-0.023769343,0.0703341,0.059922459,-0.025155163,-0.066717327,0.042404692,0.057262945,-0.032025461,-0.02678783,0.09277785,-0.063472926,0.141322937,-0.031578817,0.032400815,-0.056865459,0.077644417,0.142370627,0.126548879,0.11449325,-0.016771231,-0.068292113,0.156551727,-0.002283441,-0.01081796,0.058778021,0.136199393,0.065810406,0.04111259,-0.026687528,0.059318261,-0.006106659,0.002596297,0.114092693,-0.036989959,0.238498178,-0.123502056,-0.060094808,-0.046097462,-0.153070424,-0.01612827,0.223812218,0.073776486,-0.018732596,0.103144654,-0.048658709,0.147817177,0.01110277,-0.029537397,-0.097302374,0.061235151,0.055971637,-0.056562729,0.110187421,-0.026267452,-0.004361404,0.140642856,-0.060482171,0.036408753,0.012267893,-0.040187606,0.038888213,-0.04120327,0.044794858,0.110548588,0.142335817,-0.030384333,-0.07402677,0.068183858,0.068143613,-0.065457511,-0.109736605,-0.011588328,0.012790471,-0.120625619,-0.058164128,-0.063338423,0.039550846,-0.083981082,0.043542426,-0.00111567
397,0.016855922,0.004042423,0.010668121,-0.070110386,0.053506005,-0.041175737,-0.001074554,-0.053852956,0.017576542,0.041402936,0.04410918,0.046057081,0.063380492,0.005117214,-0.04222465,0.009179395,0.211694205,0.002059825,-0.020635864,-0.042635138,-0.116749821,0.002561958,-0.006328771,-0.019447126,0.052690588,-0.064454381,0.12273731,0.005070041,0.040997905,-0.037176299,0.026595107,-0.018227278,-0.042906776,0.062384142,-0.028667318,0.123209788,-0.100124843,-0.110609233,-0.004622079,-0.088156628,-0.065967508,-0.038163376,0.004493349,0.055107992,0.114764441,-0.000137467,-0.079372423,-0.003466355,0.007859686,0.064038746,-0.155511687,0.093702607,0.008613339,-0.07022844,-0.018051821,0.053097673,0.17356942,0.070060899,0.050035506,-0.020230157,0.054773557,-0.033902803,0.005663249,-0.025024546,0.071378541,0.151230654,-0.09513049,0.068022577,-0.017275973,0.069810577,-0.085866667,0.042198812,-0.010441593,-0.08631065,0.057331539,-0.027791282,-0.049878616,-0.038110649,-0.13130226,0.009273201,0.11462455,-0.041186156,0.044392517,0.082474956,0.060346912,0.077730513,-0.043642729,-0.110482512,-0.055458307,-0.06300536,-0.022734907,-0.019821095,0.241148181,-0.022524003,-0.071018204,0.005446021,0.005671873,0.119283575,-0.050794265,-0.041844902,0.025650582,0.042539223,0.197251947,0.085078448,0.062026706,-0.023681392,0.054036575,0.045660133,0.034342737,-0.012976503,-0.05774142,-0.087967693,0.125096035,0.014051492,-0.029069058,-0.026771461,-0.095193218,-0.068343005,-0.020293263,-0.095555101
398,0.022930827,-0.036448294,0.088133178,-0.065460481,0.025660708,-0.119992173,0.118345702,-0.130518639,-0.080108706,0.017027443,0.01135153,-0.050970838,0.116282922,-0.037387883,0.017685982,0.062315678,0.09152801,0.037288281,0.020986704,0.122568689,0.102627796,0.009400195,0.028343912,0.074818069,0.079671399,-0.035396423,0.147048031,0.063852648,-0.014016534,-0.12920112,0.142457591,-0.079262774,-0.027089524,0.093592636,-0.013509298,0.061964944,-0.006267972,-0.032244276,-0.022558461,-0.022570251,-0.03099737,0.002407766,0.017858617,0.061314927,0.052810819,0.191919464,-0.120870988,0.00348728,0.033267856,0.019984181,-0.086286062,0.165092284,0.077985808,0.041610262,-0.071887437,0.034903092,0.049152003,0.092579903,-0.067838173,0.068816372,0.007519011,0.075923733,0.032380903,0.079098723,-0.026776279,0.118564853,0.229557461,0.046692317,0.023508452,0.018068551,-0.10788157,0.10490775,0.045578205,0.008387478,0.30976876,-0.147510814,0.047631677,-0.071710309,-0.071035293,0.1172458,0.029634515,0.037233742,-0.094509435,0.18263375,0.013322394,0.107700579,-0.080679791,0.083020172,-0.048997794,-0.005232412,-0.021738474,-0.05258862,0.12347418,0.066619104,-0.01011425,-0.087227823,-0.053046505,0.017239043,0.050601575,0.113355975,-0.041529819,0.009567309,-0.055352877,-0.038301148,0.029630873,-0.027022318,-0.025732131,-0.046581387,0.064344176,-0.062248828,-0.061529401,-0.063017742,0.043076821,-0.000701447,-0.093040877,-0.033642545,-0.104871762,-0.045510626,0.060445278,-0.067598691
399,-0.088059277,0.022046236,0.055788003,0.030524357,0.023198943,-0.086011721,0.208396787,-0.10184235,0.073963691,0.03432392,-0.033201995,-0.06266969,0.101667219,0.02261281,0.07909227,-0.011157405,0.25840969,0.163544362,0.003518401,0.01860059,-0.095330004,0.008022302,-0.07198909,0.000872857,-0.017331092,-0.024514232,0.272478037,0.007154142,-0.060049771,-0.034944009,0.047303373,0.081193399,-0.031965797,0.152375809,0.012738996,0.095134255,-0.077996438,-0.084223589,-0.106127451,-0.133463901,-0.028468141,-0.026370047,0.067676981,0.076067349,-0.051531472,0.095851827,-0.120861722,-0.044652662,-0.04710171,0.042939494,-0.136567546,0.093721887,0.055705143,0.120190688,0.028489323,0.049471443,0.084479967,-0.012693552,0.024375638,-0.010309109,-0.050967509,-0.025837405,-0.102672787,-0.093530324,-0.073132926,0.044596197,0.122337549,0.055321222,-0.008039807,0.034969924,-0.119933501,0.099072705,0.02577173,-0.010827176,0.297042999,-0.041951401,-0.095872294,-0.053392927,-0.09555975,0.054008832,0.140247865,0.130240808,-0.040443045,0.073205911,-0.013128427,0.102976032,-0.07460705,-0.027950504,-0.034725094,-0.106342879,-0.172814916,0.062039637,0.064577,0.139169304,0.01019296,0.055470945,-0.07089514,0.014385162,-0.113895607,-0.029048083,-0.008529676,0.118978935,0.139993166,0.015785339,0.152195785,0.118631431,0.12976915,0.000288472,0.078902398,-0.116624739,-0.095668327,-0.163225756,-0.016073351,0.060023674,-0.139199007,-0.047368199,-0.022589359,-0.116039632,-0.034770808,-0.104508806
400,0.025837119,0.011386662,0.011269268,0.032211708,-0.03115932,0.013543798,0.026807545,-0.077299189,0.031485383,0.012703178,-0.083969452,-0.082952056,-0.005938898,-0.025669946,-0.096792323,-0.058200854,0.189937535,0.05780331,0.061877634,0.022927411,-0.029588337,-0.012334071,0.11094702,-0.091957339,0.027790066,-0.043739561,0.130428096,-0.003550235,0.034397713,-0.045776682,0.001696452,0.044710923,0.026227792,0.133579579,0.103078966,-0.068371304,0.069801693,-0.002965018,-0.007065035,-0.03130737,-0.036451818,0.049461228,0.016099204,0.074641871,0.029803262,0.05664431,0.026977741,0.084795979,0.042502435,-0.06422046,0.075412676,-0.031167338,-0.00738798,0.193765495,0.056634407,0.048052745,0.091711839,0.023594841,0.086212987,0.030794945,0.02806999,0.017947168,-0.040339832,-0.03535406,-0.005951993,0.02180821,-0.073070357,0.040056368,0.060595008,0.054101238,0.05560288,0.175161363,0.005783301,-0.092059656,0.130921808,-0.060695078,0.078554417,-0.013622403,-0.123881902,0.076038441,0.099516108,-0.028905075,0.039018942,-0.020843839,0.065326441,0.196900683,0.039310445,0.102764404,-0.102414094,-0.014515553,0.088520771,-0.076759415,0.128975369,-0.02048369,0.003319316,0.020033146,-0.075461062,0.083566355,0.011769765,0.018421668,0.02102346,0.023629062,0.132335723,-0.026958189,0.027294672,-0.019724363,-0.065845542,0.037893788,0.070302207,-0.053291161,0.000983195,-0.038696672,-0.023568539,0.104005057,-0.130953206,-0.02502363,-0.050681039,-0.024429383,0.058810343,0.000243996
401,-0.17075137,0.105913087,0.029063989,-0.076380796,0.146965382,-0.146619498,0.084397944,-0.096673992,-0.028823721,0.06042507,-0.017171821,-0.078913724,0.131045258,0.022306279,0.028353251,0.003930232,0.201999034,0.167769833,-0.009839237,0.107231931,-0.059611353,0.093651982,-0.01186827,0.014243576,-0.019774497,-0.066045741,0.017035225,-0.022980008,-0.013941406,-0.069657799,-0.025833702,-0.027188515,-0.074152692,0.123398225,-0.052777026,0.045978137,-0.114214445,0.053834877,-0.000494451,-0.11924764,-0.092642351,-0.025124489,0.090212184,0.003695757,0.019331442,0.030077009,-0.129380023,0.041906215,-0.06887793,-0.040521301,0.026872421,0.135036888,0.038406459,-0.050164239,-0.031355364,0.025202292,0.127585496,0.12187943,0.005696286,0.004561858,-0.081608432,0.048612489,-0.031786296,-0.092195971,0.031680199,0.195626485,0.05834805,0.057021002,-0.026179733,0.030358872,-0.045266181,-0.121366918,0.033916732,0.020259687,0.254241537,-0.029990043,0.016946126,-0.069214296,-0.11837119,-0.070940985,-0.010614462,0.031808344,0.036992491,0.049854199,0.04065371,0.074326828,-0.023607395,-0.053585846,-0.132219518,-0.164704685,0.054291917,-0.098892904,0.012638067,0.077148725,0.013587322,-0.061103128,-0.010755767,0.073200807,0.013674797,-0.0131615,0.010091948,0.090311794,0.052506855,0.047532731,0.067390429,0.011653131,-0.039571508,0.015306567,0.206329634,-0.112952369,-0.105203535,-0.074793814,0.049566859,0.031836678,-0.121386049,-0.127540825,-0.113810214,-0.038910065,-0.02448871,-0.158465154
402,-0.056268562,0.008555282,-0.036212162,-0.001089581,0.158766219,-0.111273276,-0.015799951,-0.081000791,0.09954871,0.023083844,0.077711852,0.015632194,0.01870256,0.054874245,-0.019134079,-0.00549149,0.043311821,0.156553339,0.042393748,0.047131413,0.094757136,-0.145114791,-0.050634152,0.03144474,0.146091849,-0.037007628,0.011058715,-0.004805153,-0.062999214,-0.074580333,0.060842953,-0.00094987,-0.088182054,0.115399699,0.052346863,0.10295382,-0.050314468,-0.008722099,-0.067602289,0.034650311,-0.055030695,-0.001485759,-0.003087469,0.040072583,0.097684456,0.122843502,-0.120570326,-0.056051518,0.038066948,0.097224512,-0.090044541,0.053774409,0.122198524,0.093121438,-0.025121429,0.021158914,0.063754862,0.122895877,0.014572478,-0.027722175,-0.082675074,0.039089093,0.041667415,-0.053067677,0.051820041,0.068161651,0.033336743,-0.046291012,0.062170158,-0.047514836,-0.028775366,0.109080256,0.052407291,0.037999582,0.201953463,-0.0490053,0.028126963,-0.016965411,-0.066658142,0.001017579,0.026952764,-0.106589662,-0.046257315,-0.009465052,0.122324385,0.042388884,0.025453159,0.018719302,-0.007682559,-0.021234657,-0.048777705,-0.076664514,0.040706465,0.100357673,0.049053375,-0.046040951,-0.11827688,0.035780218,0.045996266,0.027583094,-0.044316028,0.012573544,0.07716641,0.128065047,0.049222565,-0.074850402,0.001327142,0.007115926,-0.036289655,-0.02709293,-0.020656881,-0.011684624,-0.037651083,0.059925139,-0.084710232,0.064588747,0.027007028,-0.030700854,-0.023831213,-0.049365444
403,0.095477605,-0.006403519,0.065243015,0.003088017,0.051288773,-0.002625581,0.072896099,-0.027668528,-0.013621802,-0.052435384,-0.041832318,-0.025141237,-0.027947606,0.064736232,0.081884332,-0.01358915,0.138563556,0.149895813,0.085607666,0.074090203,-0.025756061,-0.022715935,-0.006996576,0.031819978,-0.017194462,-0.065632932,0.093982318,0.069951002,-0.021371375,-0.01430641,0.104622974,-0.000196337,0.064328517,0.134938273,0.016349142,-0.044062603,-0.003575793,-0.010857684,0.10019454,-0.007966317,-0.045512386,0.134265033,0.016370685,0.093486628,-0.07266493,0.046347629,-0.049460622,-0.020138281,0.01344749,0.001879561,-0.05455028,0.19485484,-0.066340049,0.118513244,0.047094918,0.048946162,0.100413526,0.004233321,-0.033194794,0.033921087,-0.054097683,0.034852489,0.017893981,0.036188765,-0.080641656,0.028246526,0.019633218,0.044159625,-0.122264954,-0.004301443,-0.030935213,0.004378771,0.015652407,-0.006737883,0.248744272,-0.069539746,-0.035131722,-0.12867804,-0.148424425,-0.084150816,-0.08447904,0.024214536,0.031323667,0.017876097,-0.013085627,0.052239416,-0.022298146,-0.134464806,-0.063118934,-0.064213306,-0.050767311,0.002841361,0.133613762,0.017105725,0.077046719,0.036468721,-0.035627657,0.149511508,-0.100280989,0.073825504,-0.002003986,0.07338579,0.083129309,0.098667227,0.215510586,0.052791375,-0.007721377,-0.061182395,0.119216555,-0.063606132,-0.010324175,-0.08075455,0.009079525,8.40696E-05,-0.061888514,-0.079828024,0.02593456,-0.050930343,0.027006243,-0.022103711
404,-0.011411037,-0.008341678,0.025046642,-0.05024001,-0.053049128,0.028969162,0.110994316,-0.153781313,0.034100655,0.003351329,0.049134924,-0.017229287,0.059597626,-0.015228384,-0.006758084,0.042306213,0.227348513,0.068805053,0.077903488,0.03540706,-0.019661849,-0.064028786,0.106311209,-0.035990198,-0.025136895,0.055517071,0.198728313,-0.056265681,-0.012299141,-0.160620279,0.12714038,-0.023812678,0.002955021,0.167582898,-0.095841976,0.134704265,-0.071722083,0.043132281,-0.017756285,-0.118499643,-0.110810642,0.01803336,0.054244552,0.020067585,0.008165407,0.059546247,-0.011663759,-0.056390237,-0.024143514,0.011629372,-0.030795394,0.085028059,-0.010647547,0.033953758,-0.08393225,-0.000747908,0.042173756,0.167773421,0.038730217,-0.003344172,0.163620946,-0.01371212,-0.03553355,-0.044223096,0.026725278,0.285618821,0.048480696,0.10161573,0.077996209,0.012894101,-0.066400762,0.124479543,0.006455421,0.078506626,0.293323516,-0.11897566,-0.086948996,-0.066644788,-0.13731866,0.23999208,0.039086723,-0.055726561,-0.081822591,0.140880892,-0.009420608,0.181809476,0.00225612,-0.069640643,-0.07633647,-0.010640885,0.023698176,-0.063613269,0.064536386,0.016988087,0.088321591,-0.015495689,-0.106952823,0.07047862,-0.147664479,0.082941452,0.048299629,0.021251473,0.069542701,0.052906412,0.097032013,0.017902355,0.047559912,0.056475261,-0.081732813,-0.068026863,-0.103347972,-0.01867664,0.034697598,0.067925362,-0.142525743,-0.017209593,-0.116843425,-0.051495712,0.038442929,0.016107035
405,-0.135232481,-0.031597434,0.162572812,-0.104531882,-0.036047616,-0.016445186,0.058846332,-0.099963324,0.120206495,0.042011172,-0.014953358,-0.09035849,0.02367927,0.085173806,0.029379192,0.001269885,0.07461723,0.176154559,-0.036586158,0.115149645,-0.050126496,-0.00151639,-0.072304591,0.103956965,-0.039642141,-0.005298443,0.019396565,0.023819587,0.079130507,-0.05962415,0.136807638,-0.080450577,-0.096051957,0.142169236,0.019482199,0.099654716,-0.044901654,-0.0103796,0.160537816,-0.111303143,-0.026778835,0.064274972,0.070831738,0.065769686,-0.018242464,0.090933045,-0.132342537,0.038293195,-0.026898932,0.046316493,-0.09657009,0.030408162,0.1479906,0.141993657,-0.034945211,0.023623793,0.183759991,0.026951064,0.047178929,-0.053249857,-0.009448735,0.103593218,-0.00106087,-0.046492772,-0.040271694,0.154328862,0.019542493,0.042135542,0.01150673,-0.051537441,-0.078631251,0.001496994,0.026518074,0.005604842,0.123079492,0.037033179,0.044430898,-0.006683516,-0.117895348,0.121103999,0.074952864,0.075044815,-0.087156007,0.055182315,-0.008693695,0.226860696,-0.013618669,0.01214371,-0.116360178,-0.130054204,-0.073195055,-0.127192407,0.064442732,0.022267514,0.06034465,-0.042648115,0.009876052,0.071950928,-0.092452826,-0.076700062,0.003147193,0.098682358,0.097049656,0.068213189,0.162186885,0.040323334,-0.040936177,0.006250524,0.001721527,-0.034725854,-0.063273113,-0.079528741,-0.050277303,-0.052763561,-0.148850609,-0.054444419,-0.00552171,0.017991685,0.081550026,-0.121304259
406,-0.09303163,-0.021613532,0.082089464,-0.003697706,0.005631671,-0.074790226,0.066014732,-0.048144703,0.100965542,0.030039209,0.044659496,-0.044308579,0.013455226,0.012518179,-0.07097948,0.004217111,0.188950965,0.110764773,0.061454782,0.067546585,-0.047988406,0.045911566,-0.007600868,0.010141218,0.069025635,0.027658057,0.191038327,0.055771689,0.094180498,-0.067845411,0.206208095,-0.016055886,-0.020525737,0.113112646,-0.054492838,0.080879873,-0.08823938,-0.057874963,0.000924656,-0.079726233,-0.073443186,0.027668445,0.120787426,0.074959378,-0.072227395,0.085476503,-0.013801816,-0.050139804,-0.022861431,-0.006088903,-0.136579619,0.078845099,0.087703971,0.053276942,-0.091589394,-0.021479323,0.080774401,0.006585817,0.032356805,0.015225414,-0.057292758,-0.003364372,0.017014545,0.050375728,-0.045355077,0.103945757,0.015472394,0.029929373,0.032820668,-0.049087301,-0.116168349,0.035499108,0.073553163,-0.025020315,0.194953643,-0.02419284,-0.100636394,-0.072419641,-0.103796076,0.022712742,-0.025215055,-0.0611551,0.039323845,0.131656142,0.157381245,0.092801238,0.019271309,0.049956121,-0.083254043,-0.081529773,-0.067347099,0.009488178,0.165055587,-0.037408757,-0.007240307,-0.046125394,-0.08095604,0.047414719,-0.049662696,-0.047676263,0.081974474,0.037765756,0.102313212,0.003155039,-0.021106006,-0.023331643,-0.006064342,-0.006273282,0.051511138,-0.097270964,-0.033529708,-0.042087672,0.015865422,0.08641983,-0.168625255,-0.122966593,-0.102584167,-0.158537704,0.073414477,-0.015280266
407,-0.086308643,-0.047349662,-0.024177834,0.038364218,-0.00597105,-0.023306724,0.02755012,0.058676139,-0.005493903,0.051116652,-0.017160776,0.039078278,0.090333339,-0.101062684,0.053515972,-0.067634068,0.063228258,0.127639628,-0.021277629,0.119426333,-0.045097033,-0.003674761,0.036982694,0.116467111,-0.010885274,-0.001039516,0.020434345,-0.078261773,-0.013721878,-0.086265173,-0.020331111,-0.051522106,-0.097673045,0.126080125,0.075154541,0.030060899,0.022870593,-0.038030912,-0.044217195,-0.000620394,-0.059537967,-0.046351681,-0.081757044,0.054207018,-0.01842015,0.066282153,-0.072628172,0.034628618,0.002835531,-0.02564564,-0.073484677,0.080214409,-0.057742657,0.062613082,-0.031953148,0.064463222,0.025374549,0.069082165,0.058284128,0.017473908,0.054707193,0.088780596,-0.001175411,0.09442251,0.012296257,0.018029042,0.02525248,0.094537914,-0.13990804,0.06191959,-0.008848442,0.030041365,-0.117445677,-0.094956485,0.151102446,-0.128244483,-0.046668489,0.010430523,-0.065216226,0.052035722,-0.026259798,-0.08980572,0.009874329,0.018892015,0.118854143,0.021394014,-0.067452609,-0.031707268,-0.063314005,-0.01667727,-0.007082611,-0.115477866,0.067462301,0.039535353,-0.087089077,-0.055629103,-0.048225319,0.061213806,-0.060234664,0.021247064,0.029325085,0.050304035,0.037660287,-0.063760504,0.140201816,-0.004786132,0.066361194,-0.031974975,0.036713886,-0.073763811,-0.0809806,-0.013404573,-0.07460179,0.021329602,-0.076773294,-0.008839965,-0.052473274,-0.041762723,0.010661423,-0.140873789
408,-0.075989605,0.045308772,0.080219493,-0.06712054,0.072541049,0.046280275,0.035636439,-0.094719092,0.060422833,0.069362148,-0.092551389,0.00471748,0.080352421,0.010591187,-0.04725915,-0.027377387,0.209992657,0.109325393,0.112920939,0.041614642,0.088793604,0.110075198,0.005389236,0.106706667,0.078772796,-0.064269623,0.201292161,-0.04025845,-0.095450359,-0.080502876,-0.052556319,-0.104756682,-0.015621985,0.057096695,-0.032619061,-0.018966172,-0.049159136,0.000369692,0.024269447,-0.154779223,-0.067008097,0.00974037,0.106672368,0.016672435,0.057634364,0.199854867,-0.057254779,0.008463214,0.1167684,-0.002441394,-0.023306841,0.020985433,-0.143766778,-0.051898987,-0.017394777,0.035480553,0.096807289,0.110766768,0.052704292,0.063327799,-0.082264098,0.04293056,-0.048830213,-0.06939326,-0.009383893,0.183572378,0.082502952,0.147364533,-0.03846256,0.037582126,-0.004052722,0.026454766,0.082722957,-0.014981896,0.238466909,-0.113264834,-0.020281518,0.047265817,-0.2066009,0.023628411,0.021516128,0.020315547,-0.051300439,0.04123342,0.040822709,0.121168967,-0.042587825,-0.056414946,-0.064837787,-0.049957535,0.008292564,-0.081154512,0.172317304,0.100167139,0.098416528,0.000945179,-0.11414556,-0.039797022,-0.023679263,-0.053438957,0.087520596,-0.009096473,0.085520506,0.034556443,0.052561498,0.104950838,-0.147199884,0.005438831,0.058431918,0.043459912,-0.028839495,-0.085242493,-0.014555082,-0.021969654,-0.051866344,-0.034954738,-0.059257681,0.05004431,0.081351179,-0.002059611
409,-0.00054484,0.029657717,0.050678835,0.027722453,-0.001533839,-0.05912597,0.025040662,-0.063454125,0.053142321,0.129618171,-0.010051521,0.025240818,-0.036137268,-0.008680057,-0.015259034,-0.068350689,0.174027919,0.152327698,0.085353071,0.02035609,-0.043840426,0.045946486,0.002044169,0.020519858,-0.059842363,-0.072648123,0.04541191,-0.075884952,0.106336172,-0.058616825,0.178773458,-0.062120416,0.012464352,0.040471744,0.027034454,0.147607976,-0.047948502,-0.081329359,0.055704565,-0.012031326,-0.043905249,0.05160414,0.053393355,-0.036736936,-0.010724985,-0.003518351,-0.038181654,0.008921087,0.023726557,0.027353594,-0.037340108,0.026347225,0.020458317,0.054934308,0.051541665,-0.055576898,0.164638412,0.074560932,0.030045619,0.030176513,-0.045983322,0.071451114,-0.048895609,-0.08167335,0.054708772,0.161028191,-0.030309603,0.114941479,-0.075829349,-0.020864536,-0.057684047,0.08710233,0.130105692,0.111538521,0.234069906,-0.081555849,-0.088654987,-0.104873014,-0.077504497,0.015422018,-0.068938685,-0.067032153,-0.044375211,0.066515789,-0.089457136,0.174807619,-0.01956524,-0.05221144,-0.043521486,-0.067617639,-0.009555897,-0.165539517,0.075256826,0.089828431,0.013520283,0.126778507,-0.036122606,0.077288133,-0.018561475,-0.036339618,-0.057049079,0.092673898,0.104618241,0.118339914,0.11376789,0.047511525,-0.055314985,-0.007614798,0.013864917,-0.043916504,-0.142931574,-0.135116784,-0.031064544,0.002833766,-0.110505206,-0.088985333,-0.081441864,-0.031681788,0.03074217,-0.084463879
410,-0.0117119,0.054390621,0.015109487,-0.026762713,0.160882793,-0.029488564,0.155847703,-0.116021949,-0.055628057,0.075996435,0.021870366,-0.015249861,0.106890486,0.023586611,0.05263757,0.051327758,0.115127776,0.168557443,0.010167854,0.083863915,0.130818491,-0.031980556,-0.080147135,0.015982888,0.03884152,-0.127478708,0.042915928,-0.010768521,0.020215616,-0.051354604,0.095167347,0.029514049,-0.000472713,0.21733992,-0.090593156,0.053003184,-0.080196182,-0.102082411,0.105719568,-0.142856368,-0.149546129,0.008741519,0.156970936,0.026198549,-0.016215388,0.158524413,-0.038815088,0.053942802,-0.094677369,0.055436788,-0.049719908,0.206439659,-0.00174866,0.039358586,-0.031835603,0.045074197,0.070075771,0.172820811,0.008058752,0.051559296,0.017151151,0.113683118,-0.063449121,-0.029896399,0.032466265,0.166333652,0.055963314,0.106988971,-0.008400085,0.06210991,-0.088289576,0.009764266,0.047861177,0.027772028,0.280847717,-0.110027234,0.014569496,-0.035601317,-0.168324873,0.129160996,0.02032104,-0.009822005,-0.009613751,0.062057333,0.074829149,0.11370813,0.047559878,-0.063673046,-0.077414064,0.080527193,-0.095250533,-0.154619655,0.302883368,0.11610916,-0.001331744,0.013822051,-0.082499266,0.102100703,-0.108508749,-0.023788424,-0.006891374,0.036352146,0.054442566,0.077264683,0.084575177,0.1053492,0.018243389,0.047213969,0.042217689,-0.13339596,-0.149680246,-0.218024452,0.046115211,0.072194295,-0.195681188,-0.074931855,-0.095147483,-0.095925837,0.053470374,-0.070776584
411,0.029302735,-0.036973896,0.046819798,-0.072164594,0.14518602,0.092648771,0.111767728,-0.020780903,0.055878093,-0.03841103,0.002734563,-0.044167612,-0.057990953,0.060329306,-0.001742754,0.02632996,0.170496354,0.144627492,0.120236498,0.066479624,0.013944457,0.011623809,-0.03809248,0.048963453,-0.04356232,0.00100997,0.071180028,-0.018266351,0.022065178,-0.101180383,0.019701418,-0.018665911,0.119882795,0.152341131,-0.072799457,0.109194922,0.037740089,0.024004818,0.110506824,0.004985352,-0.039308669,0.017956604,0.151854315,0.136955578,0.084632589,-0.03450037,0.001439577,-0.043932905,-0.004332791,-0.026381354,-0.144426637,0.109789565,0.059608098,0.064984206,-0.035820763,0.148736579,0.061302488,0.165095725,0.066483533,-0.059339355,0.015347078,0.061141647,-0.011405988,0.027612277,0.026718324,0.1005474,0.167304964,0.048698095,0.100035574,-0.007666192,0.058766156,0.009349532,-0.008725703,-0.02175725,0.133344763,-0.124087886,0.008339837,-0.076285956,0.002519108,0.030573796,0.0573912,-0.035023199,-0.033524972,0.059546668,0.048787511,0.149681673,0.074717676,-0.008460775,-0.195114931,-0.092713676,-0.083575617,0.027258349,0.063582441,0.023484211,0.08059016,-0.044854627,-0.046610882,0.029423244,-0.008821963,0.103093233,0.020356278,0.015416131,0.063164906,0.131134384,0.077980983,-0.039167651,0.034287066,0.029123948,-0.020311903,-0.001181565,-0.02409317,-0.024105248,0.061615136,0.041527094,-0.101379706,0.029081876,-0.068907996,-0.045220045,0.056179868,-0.053798998
412,-0.011627975,0.077790089,0.080531904,-0.046653214,0.033981172,-0.048587457,0.038001562,-0.052814223,0.032971295,0.059739447,-0.038985305,-0.044086233,0.056583322,-0.076274233,-0.037235485,-0.031790591,0.155685605,0.179033935,0.014986889,0.011504105,0.034381004,-3.50187E-05,-0.064448004,0.015471788,0.033904204,0.013058919,-0.032981734,-0.032641394,-0.029919977,-0.055639741,-0.005605229,-0.028035217,-0.007439424,0.13576645,-0.079580843,-0.086546971,-0.065605182,0.035665564,0.091266493,-0.04748497,-0.09649559,0.095819491,0.029373887,-0.054713193,0.008722568,0.095202191,0.053421987,-0.016065298,-0.02071988,0.087996378,-0.062989233,0.132909697,-0.006434505,-0.06080235,0.019848553,0.006014319,0.123520877,0.103925731,0.053145096,-0.005288332,-0.126424726,-0.023728034,-0.01343604,-0.108434758,0.003951879,0.096662482,0.088982615,0.09496215,0.019295965,0.050924818,-0.071162528,-0.087154149,0.030121941,-0.013163418,0.161802266,-0.092463069,-0.01182755,0.018120281,-0.13342317,-0.032725827,-0.013085044,0.14906754,-0.068157738,0.068054067,-0.037745004,0.128419135,-0.057007127,-0.001345917,-0.136272273,0.030821304,-0.04514486,-0.011754302,0.027818182,0.00944481,0.000703122,0.14606355,0.071957028,0.067403995,-0.054325544,0.078273658,0.013095579,0.046114365,0.095490233,0.016886086,0.046523645,-0.006811862,-0.000913705,0.047614486,-0.06385139,-0.039980484,-0.100787475,-0.104278148,-0.032550755,0.033016798,-0.05390072,0.000748479,-0.110074939,-0.090748868,0.107992348,-0.112323877
413,0.007965281,-0.15185137,0.045466023,-0.049332373,0.00784211,0.036569494,-0.034857797,-0.109346227,0.093342444,-0.002366247,0.058688541,-0.034728929,0.13556484,-0.074855846,0.008653665,-0.029832688,0.195294492,0.090356946,0.072508128,0.032155057,0.026957073,-0.001249434,-0.046574228,-0.016804712,-0.062695073,-0.219133879,0.105581982,0.03891384,-0.030205183,-0.071163559,0.151532925,0.029416524,0.066893751,0.134402564,-0.161443406,0.102493337,-0.091702488,-0.051492492,-0.071729333,-0.084563843,-0.029637958,0.010908228,0.044679766,0.016183981,0.018693874,0.053513039,0.097806534,-0.016680404,-0.000774279,-0.112239394,-0.11493716,0.095667526,0.078190263,0.098121022,-0.010802158,0.039726059,0.001978561,0.059164448,-0.00623937,0.009601232,-0.095114459,-0.002633333,-0.048633599,0.001179365,0.05781841,0.096822888,0.06048298,0.10041977,-0.075841741,0.020082718,-0.071141425,0.026130272,0.175786648,0.024149836,0.16712575,-0.06062124,0.043097483,-0.100653907,-0.06015855,0.064148125,0.073187278,-0.075330656,-0.017773447,0.075791556,-0.071779089,0.078982551,-0.066681598,0.007279682,-0.086218465,0.039480722,-0.083200528,-0.087779839,0.076868827,0.001338149,0.056247073,0.000355755,0.06201816,0.076497184,-0.082299012,-0.022925707,-0.034973347,0.052938812,0.060998219,0.012232228,0.066237028,-0.017730015,0.037970295,-0.039168268,0.082142159,-0.025027489,0.020439624,-0.097546311,0.014943797,-0.076920503,-0.106448851,-0.029448294,-0.077292748,-0.048871835,0.017994284,-0.03094693
414,-0.017284469,0.012889084,0.046106004,0.10184296,0.073520097,-0.046857334,0.129959409,0.001484483,0.118810764,0.039032673,0.054199775,-0.109751117,0.031262354,0.058931039,-0.088441133,0.003293567,0.231512856,0.154794528,0.167313748,0.112569185,-0.014150516,-0.036939732,0.019465365,0.048468182,0.062758696,-0.025496833,0.063099855,0.032938704,-0.013743107,-0.075122441,0.137792461,-0.025805722,-0.051192713,0.128381399,0.085756438,0.095333855,-0.097997068,0.039346419,0.057599668,-0.110931736,-0.044636872,0.059912684,0.047808425,0.071925163,0.072162806,0.096103941,-0.137127933,-0.005151634,-0.00713884,0.059767292,-0.111245319,0.163338939,0.081575914,0.005696794,0.022398381,0.016658773,0.136861949,0.065339957,0.135421298,-0.007646193,0.051224625,0.105481309,0.069128856,-0.101534975,-0.034868422,0.136971756,0.032379229,0.117548053,-0.00292882,0.126535723,-0.076896029,-0.03176403,-0.015075374,-0.021817101,0.23929577,-0.079105592,0.02544457,-0.051646581,-0.093195259,0.01968836,0.140240087,0.033900323,-0.134321052,0.090250347,0.045046768,0.087077877,0.051747972,-0.090274919,-0.146482074,-0.037033805,-0.038913745,-0.156021158,0.111157092,0.052309877,-0.093678766,0.073539665,-0.069710271,0.078499172,0.021875015,0.071158164,0.079563626,0.074125981,0.038208955,0.181391488,0.215493594,0.057805961,0.006452916,-0.030168661,0.002919242,-0.127764315,-0.008167499,-0.098011159,-0.05064011,0.132561061,-0.144783477,-0.077237397,-0.065665901,-0.113202484,0.052258615,-0.1256014
415,-0.022433122,0.004495999,0.054624808,-0.120788604,0.067277444,0.019247472,-0.028764772,-0.042763869,-0.046209548,0.086351491,0.011088533,-0.081703896,0.163991135,0.023491915,0.067250996,0.105355799,0.113386964,0.200683316,0.006154772,0.09118936,-0.022892756,-0.073267568,-0.045677059,0.022664103,0.018321772,0.028818886,0.05956884,-0.009144928,0.019140355,-0.013807506,0.111088416,0.04061902,-0.005531401,0.105407016,-0.042951343,0.03067427,-0.034872122,-0.015289399,-0.044602963,0.007080323,-0.081874188,-0.027053378,-0.007421185,0.022054618,-0.052648474,0.127915876,0.047712419,-0.015103069,0.012723027,0.038326516,0.071800043,0.078036524,-0.006648385,0.094678079,0.005987955,-0.004413579,0.034637185,-0.09464548,0.018876878,0.039810127,-0.042352531,0.068487646,-0.059039242,-0.06703112,-0.019669828,0.219004801,0.02941659,0.029412585,-0.007601204,-0.066751814,-0.042548779,-0.032947933,0.011000016,0.010504933,0.17487245,-0.135787918,-0.096228612,0.015493675,-0.070249161,-0.078362328,0.063604629,0.034880295,-0.022097721,-0.015459266,0.015682705,0.079803739,-0.062718384,0.033337104,-0.070822478,-0.105378193,-0.059521168,-0.066762323,0.197907241,0.044413848,-0.062529651,0.009962496,-0.088248481,0.09169472,0.031565987,0.122035008,-0.043450793,0.05810466,0.08697986,0.069459225,0.150237009,0.025185361,-0.027792484,0.084122547,0.026459333,-0.078699483,-0.017664894,-0.0443642,-0.032840087,0.134850329,-0.082798677,-0.110649641,0.018718682,-0.11363659,0.050255344,-0.066612294
416,0.053545886,-0.064254341,0.086228908,0.028525824,0.127633601,-0.000583844,0.119910002,-0.108558294,-0.043207555,0.054377257,-0.058161655,-0.061006598,-0.001471298,0.007517492,0.069253718,0.065129454,0.106508151,0.166710972,0.024548053,0.150781361,0.024085169,-0.059936667,-0.0614683,-0.096691095,-0.003882131,-0.025433712,0.05405336,0.06469189,0.019930357,-0.111057104,0.132791301,0.049457442,-0.048104956,0.103822752,0.01141411,0.087689012,-0.021444894,-0.03445094,0.074329777,-0.056260695,-0.096605476,0.023815704,0.112549799,-0.016771463,0.058726126,0.033117918,-0.007382033,-0.012787189,0.017069499,-0.036440716,-0.138489742,0.126885742,0.041787914,0.030346233,0.047464036,0.182839247,0.088826301,0.035125485,-0.014030134,-0.02822328,-0.011453528,0.048699768,0.076788625,-0.06856073,-0.040434707,0.129982311,0.103798194,0.077312885,-0.04766213,-0.054409955,-0.036393309,-0.074614757,0.065546328,0.006765574,0.221315236,-0.089568184,0.102255948,0.074942545,-0.146538609,0.04222499,0.067783237,-0.07662074,-0.074925674,-0.032323379,0.033751795,0.055445455,-0.004355708,-0.079196243,-0.09972384,-0.043110642,-0.002611764,-0.046367973,0.087724537,-0.007993046,0.005386174,-0.032466108,-0.055104272,0.036859574,-0.001505127,0.016980295,-0.005198746,0.014542646,0.098520283,0.005427552,0.060591792,-0.032237003,-0.009034901,0.03411973,0.006329713,-0.103708463,-0.072618093,-0.12421769,-0.025000339,0.100403067,-0.050591021,-0.048508443,0.015147404,-0.049632598,0.022838498,-0.077142213
417,0.076259446,-0.042113464,0.173843275,-0.019162838,0.135774725,0.006092415,0.105314359,-0.075962382,0.041744756,0.018198769,-0.017812839,-0.090777294,0.037219699,-0.104576603,-0.013716829,-0.023394169,0.227849168,0.055130623,0.151124283,0.110995518,0.008763315,0.110403399,-0.03616115,0.002537001,0.096908055,-0.056187425,0.111662637,0.046539428,0.042438969,-0.070178087,0.052420088,-0.033367942,-0.061118325,0.138395087,-0.043248262,0.146055673,-0.039373195,0.080257513,0.060835477,-0.115418905,-0.099822997,0.006153786,0.094904764,0.145268293,-0.019056039,0.159428614,-0.047645123,-0.022547396,-0.034933077,-0.037462371,0.08137022,0.298285308,0.035881128,-0.011424115,-0.04419298,0.074077205,0.146205623,-0.012241495,-0.01919423,-0.015858646,0.02209916,-0.021077407,-0.049741316,-0.055181491,-0.053323557,0.247849101,0.0959593,0.00562263,0.013473893,-0.042971103,-0.13267938,-0.002613072,0.01610032,0.020684054,0.240674258,-0.06301414,0.039729779,-0.028688922,-0.125882502,0.005765047,0.12476055,-0.027507741,-0.048061063,0.007927974,0.047521469,0.074523881,-0.007209884,-0.021848507,-0.029377572,0.002398903,0.012826023,-0.042655375,0.167731173,-0.006381797,0.08810438,0.012839999,0.055344459,0.06754881,-0.049906511,-0.001859883,0.017233251,-0.07041765,0.116118429,-0.043662567,0.016089857,-0.087250982,0.101781897,-0.006487955,-0.075905363,-0.069433689,-0.083659274,-0.168079504,0.044565812,0.080088994,-0.082497046,-0.102291225,0.037398401,-0.060422639,0.045267689,-0.13605591
418,-0.002351084,-0.027515515,0.057023121,-0.047284115,-0.001655271,-0.081245323,0.174490801,-0.026782245,-0.04620347,0.038011835,0.045946981,-0.08103493,0.1511236,0.024912639,0.12558828,-0.114767065,0.073476812,0.098521386,0.059159522,0.103895715,-0.038620297,-0.024464667,0.024790076,0.011338742,0.030540303,-0.112127338,0.022589435,0.009022658,-0.061756298,0.033985872,0.006320717,-0.011667992,-0.025811989,0.102462208,0.087244872,0.104846981,-0.093882828,-0.012148292,0.01138442,-0.150838413,-0.141256508,0.004548511,0.125243328,0.030074871,-0.0216805,0.112040995,-0.055945256,-0.127412288,0.005576379,0.008565855,-0.079061245,0.057184529,-0.035671025,0.049465618,-0.019872518,0.096948926,0.128796446,0.046551926,-0.002300127,0.023346108,0.003037222,0.057040993,-0.019759154,-0.061089176,-0.01721878,0.065206121,0.011326933,-0.061609889,-0.004161652,-0.024628248,-0.149106732,-0.014509441,0.082840346,-0.030324554,0.125527677,-0.054262793,-0.117012309,-0.040972705,-0.012506056,-0.023900457,0.069144154,-0.041951198,0.066764836,0.05797581,-0.004942385,0.149748956,-0.077992988,-0.106867644,-0.026747588,0.000820494,-0.015380568,-0.014861846,0.223932342,0.007162833,-0.009928502,-0.000763061,-0.051341417,0.052299381,0.034673045,0.046014806,0.021840677,0.108622555,0.128956909,-0.001183861,0.070419783,-0.072373629,0.104871089,0.05871444,0.064811017,-0.059943745,-0.04182923,-0.027107396,-0.060209606,-0.039209331,-0.053150519,-0.098424957,-0.085781664,-0.086360168,0.030660626,0.007393478
419,0.019207961,0.089986177,0.124572581,0.038938627,0.01709127,0.033495402,0.04517317,-0.077810743,0.005864457,0.020399715,0.077191345,0.010758584,-0.065668168,0.070461181,0.057195149,-0.019155273,0.208089221,0.140143965,0.06317799,0.199775886,-0.024070226,-0.00825479,-0.086902285,0.018431109,-0.001039928,-0.013358498,-0.026143512,-0.094300559,0.01784914,0.011822391,-0.103894104,-0.011047513,-0.011170076,0.114529053,0.009665592,0.071294703,-0.067395148,0.129282433,0.072337736,-0.062119602,0.004812035,-0.008737468,0.151224883,0.029860929,-0.018480439,0.053647322,0.007930232,-0.043490182,0.020051886,-0.00385521,-0.03581091,0.103520724,0.039349889,-0.005481699,0.001492091,0.010097142,0.03407268,0.035391373,-0.010089019,0.049914068,-0.000161632,0.092644445,0.049762349,-0.073675003,0.053454608,0.023874837,0.097256501,0.069242979,0.039997665,-0.018277588,-0.049111616,0.103830503,-0.037245682,-0.00759158,0.097639621,-0.109100487,-0.061651836,-0.045582299,0.001596347,0.040352087,0.037992248,0.057647314,0.046680476,0.097854359,0.021208057,0.056612531,-0.077557526,0.099308185,-0.031969501,-0.036376148,0.042655591,-0.015580463,0.144840301,-0.03525705,0.064586256,0.059100571,-0.036474517,-0.051470362,-0.060688955,-0.030018677,0.119114979,0.025041257,0.115200785,-0.018532821,0.139136225,-0.02731512,0.023470342,-0.013975507,0.052736165,-0.119985766,-0.055595574,-0.101970746,0.003614357,0.027269356,-0.000904171,-0.026936879,-0.035662927,0.020432092,0.077616014,-0.028901843
420,0.006320706,-0.052336812,0.012605525,0.052192189,0.150782155,-0.012162237,0.064829053,-0.000482867,0.03943077,0.068466231,-0.033985792,0.044204866,0.063774177,0.005393613,0.016432254,-0.058957773,0.306808978,0.061537149,0.082376909,0.052325019,0.019012099,0.091010858,-0.128144899,0.034984747,-0.0166379,-0.02527468,0.178364064,0.062320337,-0.03750303,-0.036541705,0.051367959,-0.123071079,0.062152691,0.125266072,0.019541457,0.260540248,-0.131067155,0.076844157,0.108936293,-0.070931928,-0.032830017,0.083699926,0.01427548,0.023401372,0.097301427,0.071611903,-0.000793696,0.00694595,-0.013746455,-0.0801201,-0.117693045,0.06073589,0.036674148,0.064120356,-0.030277081,0.016133341,0.060020512,0.062622993,0.076891718,-0.016078442,-0.016231027,0.023201276,-0.045126336,-0.057752869,0.058394979,0.163627889,0.102496644,0.048251203,0.050537523,0.026424521,-0.036761294,0.060623014,-0.09733239,-0.023104166,0.120581237,-0.087269781,-0.028900892,0.01894404,-0.212621448,0.02336627,-0.086120202,-0.033591815,0.040372179,0.00711994,0.046874713,0.060974285,0.058501338,-0.03620543,-0.087354814,-0.161746568,-0.164402908,0.003039621,0.160199592,-0.001978409,0.05594202,-0.053179376,-0.113357316,0.054368192,-0.020165988,0.008475388,0.093092116,0.078902504,0.113732265,0.025844642,0.075515402,0.016100016,0.053383621,-0.020941652,0.02230187,-0.186886202,-0.096219277,-0.082083458,0.073670752,-0.01670005,-0.091867543,-0.039215925,-0.042715771,-0.040981148,0.119124549,-0.071262162
421,-0.066311138,0.006544656,0.118874701,-0.025371806,0.129498495,-0.004308386,0.154203137,-0.032621988,0.048830123,0.069438104,0.028427499,0.044684624,0.04941516,-0.029407727,0.033089244,0.093969044,0.278982701,0.161840873,0.051898403,0.053697015,0.060284904,0.056371636,0.0674342,0.08013295,0.006979043,-0.065625213,0.011975268,-0.071121456,0.056833124,0.010822227,0.230862478,0.002196991,-0.052800971,0.053288136,0.081304444,0.085373318,-0.125970656,0.001053672,0.13756912,0.032427671,0.058549402,0.042773054,0.064682875,0.026704603,-0.024706494,0.046903106,0.016705791,0.115346368,-0.003464335,0.139465052,-0.022716452,0.198887217,0.059835079,-0.049580218,0.020257389,0.061274554,0.142258742,0.11401773,0.157694736,0.03682417,-0.018532719,0.086813437,-0.055093686,-0.073200615,0.062089673,0.175462817,0.064560536,0.133795636,0.134032723,0.021824708,-0.087051917,0.054674481,-0.058348953,-0.053068969,0.272855547,-0.05057203,0.017662085,-0.024878231,-0.149489134,-0.012630621,-0.006321468,0.015812428,-0.04570786,0.030686596,-0.011918496,0.032185319,-0.048732491,-0.033456241,-0.130070078,-0.00722649,-0.108718627,-0.126228286,-0.020599837,0.038458147,0.087129616,-0.030273329,0.0494642,-0.025913866,-0.048917376,0.024325016,0.034004821,0.047166977,0.188253799,0.028401861,0.053004449,0.002068083,-0.051563781,-0.00670827,-0.022706307,-0.102784949,-0.096342901,-0.063527261,-0.06174664,0.045412374,-0.155065808,-0.064908004,-0.094887369,-0.020031298,0.069230775,-0.050353165
422,-0.072838526,0.098966784,0.042542405,-0.072898773,0.03887243,-0.007090914,0.037562222,-0.001701953,0.173553,0.034964439,-0.068411354,-0.026755765,0.111029785,-0.012641567,-0.010801565,-0.019175754,0.206384767,0.092116514,-0.02689404,0.092970345,0.014383619,0.095598131,-0.01973978,-0.001171696,0.026952903,0.031038848,0.01437467,0.09230656,-0.064627732,-0.026133066,-0.014190465,0.064110554,0.040581064,-0.028649035,0.051417346,0.015951106,-0.116873313,-0.055054239,0.092094048,-0.004707083,-0.101861961,-0.02605641,0.040666892,0.160199997,-0.06960848,0.03696753,-0.010953941,0.00565348,0.009510044,0.102463355,-0.07071895,0.069129048,0.163594831,0.047003946,0.135396737,0.125149154,0.068504657,0.042218744,-0.024352176,0.06420866,0.034484172,0.01600589,-0.048776039,-0.024648627,0.015398857,0.07115385,-0.034716412,-0.015385822,-0.013191155,0.049977891,-0.065823508,-0.065763061,-0.062111037,-0.046154244,0.100506622,-0.049844879,-0.044455384,-0.003835059,-0.030913829,-0.046444655,-0.015568654,0.072072179,0.084497917,0.040481242,-0.023017863,0.050607901,0.052422299,-0.021046491,0.108103725,0.043593239,-0.07838714,-0.059370448,0.060904786,0.007975587,-0.017441211,-0.045209551,-0.039790733,0.041623138,-0.038723459,0.037894842,0.095554509,0.060948235,0.046932044,0.012785487,0.081442402,0.144911267,0.03700786,0.077229805,0.142659682,-0.017607443,0.003118307,0.00570144,0.041701087,-0.03322486,-0.128380427,-0.061643451,-0.098303161,-0.061554674,-0.028338134,0.065439939
423,-0.021500018,-0.142063798,-0.05308458,0.063746389,0.078336453,-0.03533783,0.111156539,-0.07453991,0.054895171,-0.0212188,0.029056112,-0.023878197,0.10834089,0.103697025,-0.002485017,0.067427411,0.125596843,0.066829881,0.138370903,0.22653693,0.085076589,0.044221104,-0.049678982,0.034979081,0.014223411,-0.145337202,0.033892947,-0.08552631,-0.098158205,-0.02494882,-0.066714313,0.020622249,-0.035116714,0.089889072,-0.16283656,0.155009583,0.00024896,-0.008811495,0.018105212,-0.11316122,0.03914374,0.006103987,0.013299822,0.09822105,0.034557399,0.149246902,-0.08386181,0.040007046,0.026015223,0.029743212,0.089104049,0.085805944,-0.004327553,-0.045794168,0.031699783,0.046107697,0.077352746,-0.072017682,0.070187744,-0.022525909,-0.040201077,-0.062068026,-0.009415503,0.022991778,-0.044873957,0.15604342,0.140206547,0.106117548,-0.096189519,-0.082296856,0.008190173,0.052600948,0.028367444,-0.03604165,0.279345439,0.02958023,-0.025267858,-0.028559713,-0.108414863,0.035557326,0.039346917,-0.064530135,0.04850651,0.206044064,0.012898676,-0.056568548,-0.021782074,0.037462533,-0.008755022,-0.089266646,-0.035508656,-0.037346791,-0.009623641,0.060151568,-0.0121459,-0.07558686,-0.032762496,0.102938378,0.021077651,0.01997879,-0.04126406,0.068289212,0.044402932,0.020729706,0.098255459,-0.003366358,0.015015879,-0.021116827,0.041047247,-0.026008241,-0.021943899,0.030513417,0.006988893,0.047980123,-0.128941979,0.095569205,-0.100270844,-0.146596224,0.001066341,-0.063583575
424,-0.049226926,0.136073199,0.023294981,-0.101345532,0.02618444,-0.019868405,-0.057957521,-0.037081402,-0.082893552,-0.027843977,-0.016720637,-0.065200727,0.070098211,0.081786284,-0.016523042,0.005339895,0.236423258,0.119998467,-0.004663753,0.035884413,0.041496081,0.006700081,0.052662007,0.006402116,0.005904129,0.061474849,0.028587554,0.041163352,0.106870682,-0.070191187,0.034554197,-0.059310519,0.074129352,0.107480732,0.012418596,0.020346585,-0.052962985,-0.06632781,-0.022924723,-0.105569285,-0.041511745,0.071411219,0.088090907,0.057068482,-0.022278874,0.10850476,-0.092800889,-0.023108576,0.023284937,0.011070553,0.051450838,0.075380613,0.045446822,0.017044996,0.035014313,-0.058433891,0.0140544,0.098745261,0.054039906,0.058274974,-0.038058545,0.00727062,-0.072767255,-0.064687553,0.012956879,0.14934429,0.014285854,-0.025891181,-0.082642618,0.01356842,-0.143734215,0.061450267,0.074838261,-0.015626026,0.188503324,-0.125448639,-0.030932282,-0.044693056,0.043334526,0.051593749,0.092655507,0.044032761,0.008181815,0.082434796,0.077584389,0.091566707,0.02217316,-0.04082153,-0.123444193,0.059596115,-0.12945203,-0.076479857,0.140572626,0.039071044,0.077231821,-0.043195149,-0.044143556,0.168011933,0.061192687,0.048186159,-0.067526222,0.033812141,0.092975022,-0.044168025,0.059409823,-0.001761167,-0.072752346,0.04194183,0.080548692,-0.113816589,-0.022448001,-0.096883466,0.043192258,0.005510111,-0.077901804,0.001135289,0.00144678,-0.049044424,0.024700876,-0.000274376
425,0.02095972,0.12071853,0.096816214,-0.037693106,0.173539489,0.020619404,0.154747532,-0.122787017,0.047673972,0.001060968,-0.015846241,-0.021770057,0.10265387,-0.112276873,0.068398506,0.031277414,0.190511929,0.179627081,0.126684499,0.041504422,-0.010190615,-0.010887382,0.044527258,-0.001593098,0.020473794,-0.099518861,0.179079305,0.073629955,-0.040341984,-0.061184209,0.0822559,0.051828581,-0.060271505,0.230010465,0.028381556,0.034005709,-0.071497582,-0.052212157,0.041342431,-0.086357109,-0.102891573,0.031023831,0.022517973,0.101207071,0.005835576,0.199708701,-0.041028951,-0.059166866,0.040361733,0.097897778,-0.078945592,0.091905805,0.012879548,-0.025757407,0.024576506,0.094157255,0.061523721,0.076926425,-0.069851503,0.0572584,-0.026420035,0.026291004,-0.017012991,-0.094992249,-0.049437557,0.143296609,0.040091593,0.104979995,-0.026099403,-0.038673878,-0.133843838,-0.025748104,0.049388041,0.028675998,0.256881597,-0.036865273,-0.08917735,0.004330721,-0.135193957,-0.011431076,0.060362496,0.010172421,-0.116232843,0.113720142,-0.100983473,0.189673178,-0.01587802,-0.006012115,0.004326141,-0.108899086,-0.04629916,-0.158197928,0.155545118,-0.050171103,0.13022491,-0.125026539,-0.033994448,0.108251025,-0.129437765,0.083805945,-0.012604165,0.096606532,0.14685615,0.248587375,0.087675938,-0.061353348,0.081830423,0.045531516,0.116520417,-0.081306585,-0.080641118,-0.032870134,0.019483308,-0.051520386,-0.15229479,-0.08670383,0.079601428,-0.078613968,0.119807223,-0.056480015
426,0.012922828,0.174053852,0.056908177,0.080350499,0.008976799,0.011127538,0.140163038,-0.035140628,0.060700632,0.067108081,-0.027452608,0.031355075,-0.021552816,0.005159403,-0.006409878,-0.029015115,0.035102925,0.087510625,0.011698163,0.077122157,0.035545253,-0.088684076,-0.042435753,-0.007416512,0.102748019,0.023878566,0.031308346,0.078305224,-0.034260937,-0.048988285,-0.056003294,-0.024722433,0.067372704,0.146357071,0.069642805,0.022666043,0.029226984,-0.05598935,0.028998733,-0.042863534,-0.119487758,-0.041389692,0.219256477,-0.14156864,0.013743481,0.07479749,-0.038197196,-0.025214797,0.054497013,0.041459961,0.02118646,-0.002606042,0.04460495,0.133526186,0.031629562,0.072750388,0.053160608,-0.012146863,0.016122024,-0.099610025,-0.029475048,0.102992352,0.067327525,-0.036120424,0.073770564,0.006628751,0.006282583,-0.035223372,0.026942826,-0.033218291,0.047231278,0.085704924,-0.063643711,-0.029036791,0.162051211,-0.111088369,0.072914011,0.013051836,0.031083676,-0.017650849,0.098667404,0.055315132,-0.026359394,0.051814867,0.034432048,0.041431023,-0.029402378,-0.021630025,-0.034352323,-0.142067961,-0.042269793,0.04113053,0.070448505,-0.035401433,0.004177067,0.015479928,-0.003354166,0.146676687,-0.126298471,0.012820168,0.017598307,-0.028539781,0.064088855,0.055232749,0.022349209,-0.027164177,0.083511492,0.029617095,0.101083243,0.01017495,0.011548972,-0.00905429,0.003077512,0.06983338,-0.084034936,0.060646513,-0.02580113,-0.034875436,-0.006052666,0.016793371
427,-0.045309971,0.020060302,0.079432862,-0.059745552,0.032144247,0.019694682,0.126821601,-0.012241674,-0.069103331,0.026806786,-0.033798204,0.016591869,0.096231947,-1.61081E-05,0.118783954,-0.021587312,0.033475491,0.214237976,0.044824352,-0.037301781,0.012299084,0.032108261,-0.006490705,0.08712154,0.023201868,0.05025037,-0.032621563,-0.031242951,-0.006839781,-0.093028527,0.116381211,-0.037547716,-0.011744748,-0.030665172,-0.064382488,0.082031709,-0.058003941,-0.054842643,-0.032312949,-0.033935439,-0.047293136,0.02963603,-0.113926949,0.013975993,-0.024495047,0.081525415,-0.031222809,-0.054270574,0.02523559,0.032641708,0.045729988,0.035691799,0.083275924,0.110322082,-0.036077587,0.072598146,0.102426353,0.105934748,-0.094230648,-0.056428897,0.071047761,0.069151185,-0.05631743,-0.067828899,-0.028425574,0.085818804,-0.09727508,0.023940736,0.02673145,0.010052419,-0.033471406,0.056211577,0.004237428,0.044456759,0.115083383,-0.072453703,-0.082846671,-0.026777118,-0.102703171,-0.045955388,-0.007638777,0.077818472,-0.003931709,-0.031152091,-0.022990822,0.135484819,-0.008591454,-0.053471673,-0.041671865,0.010998577,-0.151746112,-0.097190145,0.171104781,-0.087093642,-0.026272175,-0.071084945,-0.029661211,0.179016607,0.007841344,-0.072249711,-0.074165535,-0.048090407,0.047200571,0.066508867,0.001866791,-0.053475312,-0.018340145,0.120008986,-0.030146113,-0.07330875,-0.012652236,-0.116318496,0.027562684,0.049309671,-0.083361589,-0.095934202,-0.060493413,-0.085070016,0.135182899,-0.103359846
428,0.050843876,-0.054111933,0.094434216,-0.037598122,-0.043854535,-0.101244618,0.134765361,-0.148238365,-0.055117523,-0.002640368,-0.11281093,0.039792201,-0.016410679,0.04135649,0.055193883,-0.009190809,0.152961803,0.079087647,0.12070633,0.10260783,-0.064192651,0.021113781,-0.018971777,0.012109062,0.072052786,-0.09169979,0.030232468,0.06586191,0.084402421,-0.034673191,-0.063621893,-0.152346152,0.062762921,0.174164589,0.01467976,0.101056456,-0.042415833,0.090284307,0.050193108,-0.148924665,-0.045184361,0.107734095,0.089296324,-0.043650199,0.001014059,0.168843814,0.078854079,-0.019438816,0.018154276,-0.032606728,-0.056484558,0.073546369,-0.038984424,-0.02445835,0.062643632,0.080976267,0.133436962,0.102004099,-0.081580068,0.035455054,0.034516009,0.03767222,-0.031479451,-0.024522776,0.028500673,0.091762331,0.057552945,0.080700088,0.037504044,0.014240636,-0.029706413,0.0479899,0.063508127,-0.060514603,0.233159023,-0.098621074,0.008938529,-0.009681934,-0.09567198,0.083038331,0.089498248,0.094793192,-0.050366084,0.05748657,0.127671199,0.057294135,-0.037437724,-0.033850437,-0.072493992,-0.001117845,-0.100315037,-0.020264055,0.106702119,0.036387328,0.073086287,-0.000553087,0.001230683,0.079150893,-0.079683732,0.029486426,0.136622114,0.12425671,0.11716564,-0.002806949,0.071727147,0.060421015,0.025999873,0.059743575,0.038946609,-0.009648831,-0.08410399,-0.106977173,-0.043510789,0.008415715,-0.157295499,0.001853132,-0.035191816,-0.055120368,-0.063232108,-0.006360635
429,0.062720612,-0.004925121,-0.039007409,-0.106161452,0.09660116,-0.023576421,0.167738858,0.038016157,0.021750647,0.010484412,-0.052863609,-0.040036704,0.014171825,-0.029636879,-0.079483071,-0.042533282,0.123484463,0.069173985,0.099579147,0.166501586,-0.087110783,0.107365106,-0.080849544,0.074551783,-0.008865435,-0.111476408,0.165759208,0.089389264,-0.017092915,-0.053828178,0.015830052,-0.008756483,-0.064211111,0.10283599,0.074023587,0.116463266,-0.125488938,-0.054369622,0.067762044,-0.132225128,0.050757047,0.095730654,0.096228823,-0.08532686,0.013606749,0.069072466,-0.069622643,0.09367473,0.039690968,0.014299384,-0.099332611,0.189914727,-0.027086608,0.041622361,0.002675569,0.189295431,0.235412218,0.061705887,0.113939014,0.008913466,-0.026032477,-0.014598305,0.039380815,-0.055965999,0.026692331,0.254295462,0.078399558,0.064547263,-0.08482577,0.144646098,-0.114831643,0.109473223,0.080780996,-0.050519394,0.303228352,-0.088744089,-0.071213952,-0.064189576,-0.147710032,0.001062307,0.035244258,-0.057341215,-0.098442469,0.062437334,0.106870512,0.162840106,0.049392745,0.054016203,-0.183843517,0.051158195,0.037368885,-0.04335931,0.09890257,-0.06418607,0.117167375,0.014557974,-0.010164263,0.088466617,-0.082105849,0.044141136,0.045568696,0.035655715,0.097135322,0.031484233,0.117842173,0.032669428,-0.061893265,0.020547891,0.0265594,-0.090809372,-0.073696821,-0.114776633,0.041471415,0.006539486,-0.135001147,-0.059612525,-0.042937506,-0.065901433,-0.052390963,0.01459705
430,0.021980401,-0.053950283,-0.03542349,-0.064661893,0.075211047,-0.096457055,0.122356975,-0.143522273,-0.026713774,0.044460744,-0.031207275,0.017369663,-0.013607719,-0.105363924,0.057149583,0.068395543,0.150995474,0.211179192,0.005018683,0.060699683,0.054993421,0.013465354,-0.060353573,-0.101553479,0.045284651,0.006013912,0.200120231,0.011029773,0.048591443,-0.065883325,-0.036119675,0.024008509,-0.061790559,0.071100689,0.013685077,-0.009458168,-0.121531121,0.007517338,-0.036104413,-0.042161949,-0.057385746,-0.117604077,-0.011666429,0.113351963,0.061512256,0.15073317,-0.086466482,-0.033707006,0.015469364,0.011324992,-0.093041746,0.09448162,0.041098365,0.089863154,-0.122197824,0.06178561,0.041451164,0.100400698,0.005159695,-0.09484999,-0.080662279,-0.08391177,-0.0171661,-0.097253943,-0.031551085,0.097402208,0.09496639,0.153134944,-0.048208953,-0.06641565,-0.121996478,-0.027341324,0.044805878,-0.007678545,0.206949823,-0.017927235,0.06618703,-0.021632178,-0.172808936,0.007002669,0.008120289,0.121284354,-0.043748269,0.0668801,0.026576167,0.177920134,-0.004721481,-0.03706541,-0.075408926,-0.096353559,0.005458133,0.021912009,0.113683025,-0.092536411,-0.01856384,-0.04867944,-0.07455719,-0.000517799,-0.02912947,-0.037885473,-0.073414298,-0.019348079,0.045932158,-0.000416825,0.091747864,0.007525332,-0.006104775,-0.055180016,0.071628655,-0.124042207,-0.0519605,-0.004225501,-0.052780109,0.020670253,-0.128799006,-0.102531685,-0.031306214,0.068191353,0.057711952,-0.015007653
431,-0.011763378,-0.041365454,0.094651211,-0.015488152,0.040958355,-0.090951863,-0.009667701,-0.013820655,0.076626226,-0.02676819,0.074667123,0.043111487,0.023433283,0.033209349,-0.02754797,-0.011947835,0.007925228,0.021068613,0.092594351,0.046444248,0.005893394,0.022501765,-0.070653926,-0.034688175,0.057077262,0.100071726,0.143374326,0.033672745,0.011725556,-0.033865157,0.047320613,-0.054814123,-0.087887785,0.076693843,0.05333859,0.011288022,-0.037188228,-0.041721246,0.089340003,2.58559E-05,-0.057602384,-0.069790308,0.01405406,0.216996849,0.092413982,-0.051006327,-0.034772493,-0.037818414,0.025920326,0.042270542,0.069966148,0.073761382,-0.005851896,0.108695574,0.096162188,0.029940437,-0.014128326,0.092767114,-0.007261442,-0.032702934,-0.038576758,0.121910292,0.004385858,-0.061358848,-0.019045082,0.218849559,0.036987406,0.072028675,0.030252644,0.011745626,-0.089380355,0.031124637,-0.055100682,0.000441071,0.085106453,0.00951026,-0.013281281,0.026247716,-0.161514578,0.02274321,0.010344184,0.040423752,0.010700118,0.038293435,0.065014822,0.072862893,0.00882962,-0.054961789,-0.013288493,-0.077515829,-0.084066264,-0.20599705,0.142582946,-0.016947993,-0.048867473,0.038299323,-0.01636798,0.098351045,-0.029222549,-0.004296708,-0.018429568,0.012631548,0.132907503,0.017445472,0.047641207,0.00808646,-0.032115235,-0.036097099,-0.108594743,-0.030678118,-0.107839857,-0.084410345,0.031380683,-0.037520876,-0.06403477,-0.02672456,-0.087328947,0.016183443,-0.065426119,-0.039167524
432,-0.069513196,0.052864585,0.114655709,-0.064278913,0.080041218,0.014398663,0.098723637,-0.158046884,0.017335166,0.091368981,-0.015514639,0.008832037,0.085602443,0.068322691,-0.001731179,0.028558562,0.286464972,0.144537933,0.020809941,0.077342027,-0.039730394,0.029451333,-0.003293507,0.073289183,0.024559285,-0.081057801,0.110801012,0.017204136,-0.025438992,-0.045895709,0.094462539,-0.079629808,0.068977136,0.1731956,-0.005428476,0.101637969,-0.129798237,0.029400494,0.138429322,-0.117590173,-0.032855992,0.016555988,0.182222722,-0.013858421,0.001224724,0.146968607,-0.070673301,-0.098595013,-0.020986264,0.11824631,-0.13177136,0.114316337,0.033141309,0.098010738,-0.070412842,0.059961391,0.20535151,0.013412768,-0.001241976,0.085999936,-0.02314974,-0.086633151,-0.057435576,-0.059214761,-0.006623312,0.297413767,0.105158101,0.050428553,-0.069486329,0.038457736,-0.105845449,0.047200457,-0.000919101,-0.098412045,0.35461876,-0.115183159,-0.043780435,-0.13579419,-0.13322847,0.043889357,-0.069639643,0.10759294,-0.045027307,0.005301436,-0.095058,0.153375222,-0.021039259,-0.163180634,-0.152915204,-0.029719127,-0.125925745,-0.098389069,0.247549797,0.008330378,0.068145863,-0.040070819,-0.102212031,0.047259962,-0.025685888,0.02366021,0.069603465,0.070308003,0.059444527,0.095840437,0.145152347,0.008090239,-0.067189912,-0.00888125,0.048768182,-0.103329183,-0.050970438,-0.133363855,0.070039662,0.011554213,-0.108342405,0.007768766,0.062835123,-0.097229374,-0.019696594,-0.077679192
433,-0.086127404,0.124237322,0.057727628,-0.056721916,-0.015917734,-0.022874038,0.036766362,-0.046462952,-0.007428573,0.053944159,-0.045346305,0.014999587,0.035267134,-0.088016267,0.039430256,0.009548825,0.061026009,0.141212646,-0.041325326,0.100961617,0.129734318,0.005188868,0.02371348,-0.091357564,0.111845158,0.041617188,-0.055188582,0.010989563,0.030821311,-0.043851694,0.085008029,0.004349792,-0.099040203,0.12436239,-0.027639709,0.043900828,-0.023390284,-0.001541386,0.010669704,-0.066706031,0.060126295,0.000878415,-0.029750256,0.081849509,-0.110121974,0.044691312,-0.031089627,-0.068070861,-0.05021376,0.024908206,0.034114633,0.016640638,0.008557367,0.060738737,-0.029040466,0.092570314,0.035443741,0.059089267,0.072528021,0.055230935,0.002087998,0.061905711,0.011519933,0.025488753,0.063216843,0.036376842,0.075957919,0.138535821,-0.012697142,0.051972495,0.066770282,0.058254304,-0.021731921,0.119089745,0.015767522,0.006097152,-0.055955329,0.101426204,-0.075905883,0.062870075,-0.04014772,0.000728767,-0.074245329,-0.011226634,0.029422007,-0.025724485,-0.005592073,-0.003318667,-0.071967354,0.208695101,0.023349494,-0.049483533,0.07497914,0.016815482,0.005671889,0.101513431,0.074717505,0.063876005,0.010945149,0.008484007,0.096323709,-0.015759563,0.014907463,0.024772631,0.012062208,-0.024698646,0.048776478,0.000567371,0.049003006,0.031169899,0.014132878,-0.095734738,-0.026323746,0.047593867,-0.062824486,-0.036629512,0.009350366,-0.002692926,0.020443853,-0.019386697
434,-0.093601841,-0.002841455,0.15157583,-0.023002812,0.122600966,-0.022606519,-0.018676605,0.01729598,-0.022833465,0.019172578,-0.022395028,-0.001596172,0.070474787,-0.091036855,0.061701576,-0.044286123,0.018236557,-0.001238512,-0.030999895,-0.023249284,0.022457056,-0.027017348,-0.004159297,0.04554994,0.023397326,-0.129979853,-0.005697581,-0.050511512,-0.029932882,-0.096376867,0.05200637,0.008338474,-0.077077626,0.074736673,-0.005627798,0.015949327,0.120958911,0.006039559,0.019633111,0.096841666,-0.082646683,0.061985365,0.003637123,-0.023381251,0.087913019,0.116257943,-0.007667731,-0.043444888,-0.004118118,0.051061364,-0.012698428,0.114627061,0.014661531,-0.053107246,-0.000350453,0.045478954,0.037497712,0.032267977,0.023978776,0.035641983,0.094087677,-0.009094416,-0.011706208,-0.010580699,-0.013661577,0.057392289,0.015094918,0.129185838,0.028751568,0.027261594,0.009404535,0.054864714,-0.033065835,-0.068768856,0.099796278,-0.096015478,0.024876951,0.064696685,0.03145401,0.018664312,-0.032359774,0.020972422,-0.048699172,0.045760081,0.098418768,0.029698691,0.002719906,-0.010630789,-0.077307453,0.082595966,0.045995496,-0.026612116,0.030090223,0.016173399,-0.010108067,0.020051556,0.100551572,-0.01455279,0.002348098,-0.075205828,0.027915244,0.045055183,-0.01125704,0.04365197,-0.01214744,-0.051967467,0.022026579,0.048526618,0.042580396,-0.000327804,0.028536209,0.03525426,0.01043218,0.044145879,-0.067010368,-0.027131789,0.007403608,0.101574943,0.011553147,0.048366483
435,-0.000302275,0.009384742,-0.058254995,-0.136104121,0.136726289,-0.039791318,0.123648774,-0.033607567,0.098966083,-0.0050488,0.020404717,-0.035636551,0.135441437,0.074837046,0.032593509,-0.005802542,0.174735027,0.072758322,0.129322662,0.174476531,0.065731508,0.007639302,-0.013265834,0.050988125,0.001839645,-0.027574127,0.097597128,0.015672651,0.024304958,-0.079585099,0.048612663,0.015285889,-0.014546584,0.057942144,0.020540509,0.220012891,-0.044019621,-0.012816522,0.006596501,0.002532289,-0.171732742,0.149512,0.053794211,0.060159659,0.058317099,0.069440804,-0.032203544,0.009223805,0.073807362,-0.047771459,-0.123665339,0.197865406,0.014981725,0.029038127,-0.041981529,0.085204693,0.044101978,0.138788283,0.058749002,0.075519087,0.017423556,0.107109648,0.075912757,0.014905444,0.102342988,0.132751526,0.096188826,0.041980847,0.047142621,0.112711672,-0.02594126,-0.015134641,0.048143354,-0.051040469,0.267772127,-0.065739641,0.028526739,0.06843236,-0.122728755,0.036657266,0.14458927,0.113985049,-0.054076445,0.059524945,0.137329093,0.062593881,-0.091624656,-0.067725806,-0.145957665,0.017150605,-0.009397738,-0.018132405,0.102653845,-0.014447245,-0.057370226,-0.092890855,-0.08450008,0.070592484,-0.12648058,-0.013189197,0.097723124,0.06719043,0.006154166,-0.010930476,0.101322845,-0.011091261,0.004668493,-0.003101289,-0.040530599,-0.056039258,-0.108035552,-0.103043959,0.02107886,-0.026584008,-0.102611133,-0.085648459,-0.027780695,-0.06073984,0.075949711,-0.068906144
436,-0.104020373,0.102920237,0.029011691,-0.026344225,-0.000174712,6.62029E-05,0.042064189,-0.025369004,0.056251563,0.032373331,-0.016439162,0.011044666,-0.003491164,0.016719704,0.002051599,0.101777966,0.043901529,0.067701968,0.06658828,0.114279669,-0.048831759,-0.025690563,-0.049641869,0.00562979,0.040804527,-0.076518837,0.044043871,0.003669063,-0.007920034,0.03008132,-0.004289518,0.013186758,-0.074198652,0.149608433,0.045430442,0.080716627,-0.05204533,-0.031929554,-0.026839952,-0.013443164,0.05113766,0.066606895,0.187416448,0.003566576,-0.035739121,0.045045158,-0.054457774,0.067352729,-0.052032712,-0.025798447,-0.083667397,0.096964624,-0.008293837,0.125219289,-0.02218271,0.09735718,0.075278901,0.071891429,0.035448204,0.05982924,0.03520045,0.055395025,0.008438233,0.029473355,-0.053615398,0.086831814,0.065328539,0.090530043,0.031978764,0.050433636,-0.105556993,-0.062117343,0.067756731,0.036204503,0.201152335,-0.08426021,0.02630787,0.075027054,-0.130599747,0.003955827,-0.065008583,0.051046795,0.004193715,0.017581911,0.081125541,0.125395866,0.014297461,-0.020933294,-0.098851509,-0.048019861,0.002448849,-0.009788449,0.17509413,0.092669632,-0.005963164,0.024432593,-0.111694385,-0.060818899,-0.074818161,-0.071889885,-0.032212882,0.007827859,0.000969539,0.049238279,-0.011468407,-0.02462148,0.03003883,0.008638923,0.010807486,-0.101252588,-0.010428353,-0.050349218,0.065709369,-0.060402366,0.005641479,-0.053889657,0.020178184,-0.026956777,-0.001695775,-0.03068955
437,-0.025303467,-0.041231753,0.067093402,0.042148367,-0.050582705,0.090745835,-0.006932869,-0.043395009,-0.074680965,0.100060523,-0.036652541,-0.030822812,-0.001758786,0.039945736,-0.018411191,0.000661478,0.046858547,0.090703905,-0.028383381,0.079327828,0.055759996,-0.05953156,0.032552379,0.004856593,0.019704095,-0.046690972,0.051389806,0.078163216,-0.003196566,-0.122580366,0.003849987,0.042568732,-0.048886859,0.189934982,0.050901688,0.09653885,-0.050900666,-0.125706273,0.009805668,-0.071412122,0.036887577,-0.035826583,-0.060274863,0.007549822,0.040752378,0.032511287,0.01047805,-0.060150267,0.041630991,0.035514286,-0.021133819,0.060926945,0.101856202,0.021174896,0.067299385,0.128981596,-0.034533866,0.046466939,0.041290771,0.153754622,0.032219926,0.051902072,0.068767611,-0.053585768,0.013697098,0.119956098,0.040718431,0.002199402,0.009602794,0.013711499,-0.01856044,0.018696704,-0.024737521,0.011265464,0.131407099,0.003954787,-0.126457529,0.015847261,-0.044311699,-0.027010577,-0.007872231,0.074394057,-0.037380716,0.028916387,0.04302254,-0.089549254,0.048582715,0.070969354,-0.040311824,0.005825086,0.049308953,-0.003519318,0.057096228,0.041705858,-0.036393407,0.061990033,0.038783372,-0.021303841,0.03049332,0.186184383,0.020884724,-0.040974293,0.123922759,0.084705016,0.052391765,-0.041506118,-0.007748181,0.004856932,0.045572377,-0.132946469,-0.087414201,-0.100966037,0.007710508,0.019968877,0.000434039,0.026069925,-0.089986496,-0.030752742,0.050861964,0.053368846
438,-0.009463623,-0.156021053,0.063224116,-0.021249704,0.08102849,0.054022776,0.130712243,-0.069356769,-0.037337414,-0.01648573,0.020646506,-0.039769814,0.106222582,0.040844252,-0.046917254,-0.075589365,0.097884593,0.077084396,0.236003204,0.06794177,0.037296573,0.050324969,-0.069883984,0.038224174,-0.099899181,-0.100229467,0.080445575,0.024443589,-0.007292828,-0.057480061,0.0211754,0.020301549,-0.002570408,0.177539125,-0.018229931,0.334736443,-0.08791159,-0.06870892,-0.072276817,-0.091851023,-0.022363567,-0.015956822,0.007814346,0.092204589,-0.055012664,0.055242283,-0.07266873,0.016723242,0.045062057,0.039566556,-0.030817189,0.239157484,0.06864052,-0.029782846,-0.062239379,0.086966465,0.103343086,0.193571565,0.027608664,0.01688335,0.036557901,-0.028985711,0.022610389,-0.007958327,-0.037978324,0.057932278,0.034092249,0.039075633,0.069662687,-0.023410637,-0.061385358,-0.009726615,-0.037022338,0.005218005,0.145333344,-0.09698121,0.076389192,-0.048404831,-0.14670882,0.12446972,0.101725581,0.075979471,-0.007495696,0.032681549,-0.014653344,0.167890612,0.01111819,-0.077228409,-0.096109129,-0.038306832,-0.043891748,-0.089854007,0.071086272,-0.065311863,0.123400501,-0.056407433,-0.021349996,-0.013234724,-0.018398991,0.054694714,-0.023168332,0.099689638,0.098203222,0.078789323,0.143111646,-0.04829129,-0.054940885,-0.019388893,-0.065051695,-0.081931461,-0.064045887,-0.106382767,0.004869787,-0.028064448,-0.151722236,-0.139827092,-0.190810264,-0.154444462,0.115488328,-0.049573378
439,-0.074527327,-0.039029195,0.027059121,-0.002282236,0.066333551,-0.020259085,0.073249149,-0.050489035,0.031678175,-0.007943926,0.036832477,-0.02140293,0.143510051,-0.02795822,0.05785223,0.055124036,0.156481512,0.165918919,0.019556843,0.159815384,0.066041445,-0.041076497,-0.085177856,0.14915367,-0.022107772,-0.010892191,0.173862657,0.090448843,-0.047948207,-0.113789931,0.016715575,-0.033633941,-0.035885701,0.132439408,0.068415724,-0.054704178,-0.14448178,0.029762298,0.045370256,-0.016155341,-0.029421331,0.083384756,0.052901012,0.074393334,-0.085164259,0.109842712,-0.028112246,0.019464259,0.067197342,-0.04887443,-0.093128076,0.025137828,0.086618297,-0.015947257,-0.082326648,0.015602709,0.036888911,0.030627387,-0.088373875,0.011538344,-0.079844473,0.105805896,-0.034253954,-0.038644485,-0.01182566,0.110787873,0.029508748,0.050354414,0.015542795,0.064319517,-0.08616291,0.067530055,0.004386546,-0.025327524,0.141126022,-0.07037211,-0.071870113,-0.031706366,-0.042455876,0.060363745,0.004896917,-0.050204059,-0.012668388,0.017964929,0.018029616,0.12455101,-0.040745833,-0.01195247,-0.048648449,-0.083883507,-0.030785717,-0.14944869,0.169919584,-0.042879809,0.011028304,-0.047289294,-0.041836758,0.109615112,-0.096479409,-0.024528619,0.030452565,-0.034481611,-0.016455828,0.057980227,0.047364941,0.024991179,-0.071952953,0.093038792,-0.034789574,-0.072223947,-0.053018794,-0.090395695,0.032791953,0.068185512,-0.012898976,-0.025953695,-0.07608295,0.019945036,-0.041013121,-0.046931501
440,-0.00044883,-0.013007319,-0.001673877,-0.098708044,0.14156762,0.015035693,0.118172103,-0.195567257,0.024980962,0.096051328,-0.024979752,0.077968211,-0.033341571,0.007171292,0.110149507,-0.084649357,0.037432338,0.079950228,-0.02759699,0.068649827,-0.095028797,-0.06795318,-0.132469677,-0.002328048,-0.047193151,-0.069674025,0.099898475,-0.033952929,-0.180705691,-0.056433609,0.11004458,-0.088535693,0.075122534,0.08812323,0.027595245,0.115131146,-0.027493209,-0.009337518,0.022632075,-0.115221514,-0.057166459,0.079154499,-0.057763367,0.066950156,-0.019948476,0.105657118,0.012215563,0.073224552,-0.04529882,0.054492944,-0.009644355,0.108571872,0.062224055,0.057033228,-0.065520547,0.046760432,0.023444797,0.032621485,-0.006242449,0.081950083,-0.003014062,-0.030487933,-0.022558151,-0.055897276,-0.066568234,0.095176802,0.021669229,0.032012311,-0.019228621,-0.068511695,-0.083990212,-0.067502436,0.053177582,0.015611882,0.205798058,-0.0754562,-0.12767519,-0.094869522,-0.092593468,-0.016752409,-0.011072368,0.108728999,-0.062727726,0.069643557,-0.041068782,0.168642063,-0.060749801,-0.1456609,0.048273988,0.006427388,-0.033594191,0.060429942,0.082022406,0.060770413,-0.044015969,0.010609415,-0.014057444,0.071495255,0.0543666,0.066705004,0.006050106,-0.053560013,0.030448418,0.043754349,0.140450477,-0.150301564,0.050315082,0.041922303,0.059921748,-0.197362665,0.040760049,-0.100378103,0.008673238,-0.010314041,-0.166739939,-0.054224295,-0.04815004,-0.02615749,-0.008320166,0.06590808
441,0.016813575,0.085120414,0.04412266,-0.018918499,0.114531185,-0.034834299,0.031756909,-0.047601565,-0.121018723,-0.027794296,-0.108056489,-0.068386527,0.152490968,-0.046036417,0.024502829,0.023180041,0.053110332,0.23449114,0.089584774,0.120910263,-0.017377436,0.145820775,-0.040676577,-0.01061067,0.045473914,-0.091568334,0.052755026,0.03198534,-0.022574157,-0.058634812,0.026640538,-0.039161341,0.049740125,0.033650845,0.023314453,0.095409894,-0.008220638,0.077761757,0.008318999,0.027333058,-0.098849225,0.01851112,-0.004116298,0.027935205,-0.043214229,0.100178031,-0.049885197,-0.019353497,-0.043847492,-0.080619084,-0.172091067,-0.01621411,-0.037864599,0.122783832,0.005416405,-0.088796186,0.038763953,-0.024195327,-0.056725161,-0.037008942,0.017368376,-0.001007719,0.007642011,-0.04483461,0.045755922,0.141872975,0.062216685,-0.037145847,-0.036235308,0.032281775,-0.041602413,0.011008779,0.010914878,-0.014194593,0.229697718,-0.085136594,0.000913343,0.018403184,-0.039320504,0.102905961,0.021646085,-0.010832409,0.01680992,0.118099833,-0.035248658,0.060516074,0.151760375,-0.047443562,-0.017519748,-0.02654968,0.081558767,-0.049471412,0.047316203,0.023951317,0.012099776,0.093859788,0.073523218,0.006313909,-0.073799157,0.038905669,0.005266008,0.002677813,0.078020328,0.044039845,0.007930441,0.001637974,-0.071699464,-0.058492203,-0.021540521,-0.118845413,0.046197258,-0.011283462,0.042271063,0.081972459,-0.056188861,-0.091213907,-0.035032831,0.061005232,-0.026637135,0.095583728
442,-0.039633049,0.044700728,-0.006339207,-0.072573048,0.017510868,-0.008316045,0.089396559,-0.091103834,-0.021207534,0.110159132,-0.04903353,0.111617941,-0.01133143,-0.031002073,0.011704181,0.06215634,0.131188715,0.110097333,0.061165644,-0.058799825,-0.005876083,-0.00164048,0.074256012,0.09925415,0.034136715,-0.112736124,-0.021280058,0.04917989,0.191366354,-0.012121973,0.09013548,0.023365921,0.001820164,0.054276359,0.007399125,0.169127044,-0.089362143,0.033966008,0.064821164,-0.100454423,-0.059292359,-0.022432819,0.055179369,0.139645908,-0.007456919,0.101805403,-0.094753582,-0.007241699,-0.002452584,-0.038907004,-0.113049725,0.012121931,0.006253967,0.017313263,0.062782197,0.123154422,0.09714051,0.099076676,0.018890737,0.114275299,-0.0156318,-0.02636145,0.015718233,0.008730681,0.012553427,0.204538823,0.076355348,0.147204644,0.045031944,0.029766325,-0.110329492,0.02219181,-0.013849551,-0.048216519,0.239712483,-0.089641443,0.010705896,-0.049747793,-0.116060263,0.015593691,0.056041244,-0.036078659,0.049035013,0.017130075,0.135804262,0.075836406,0.016826426,-0.069748188,-0.116094879,0.085795178,0.028405828,-0.132453561,0.226818065,0.063568659,-0.002257151,0.049466804,-0.016125581,0.097153372,-0.046421162,0.053741859,0.041952524,-0.02530873,0.153035671,0.085084418,0.070728326,-0.046041444,-0.103605964,-0.048961273,-0.04116739,-0.050372675,-0.050651825,-0.041165827,0.070970868,-0.07183264,-0.155758198,-0.107692464,-0.041629417,-0.066564549,-0.022526628,-0.082106143
443,0.026628452,0.070402756,-0.053469324,-0.120984638,-0.013230705,-0.083877663,0.141794747,-0.075159044,0.033907145,0.02371598,0.04363665,0.030209037,0.028009683,0.019425511,-0.02437343,-0.036736836,0.082563237,0.206616738,-0.000728023,0.061012201,0.008286856,-0.088908586,-0.054536914,0.087713882,-0.017475019,0.006426881,-0.006304169,0.122143211,-0.004767049,-0.133576587,0.163599591,0.026056969,0.017986316,0.162336077,-0.03460295,0.185871697,-0.074508386,0.066981998,0.040956244,-0.085826618,-0.066579057,-0.009170892,0.046142281,0.060201161,0.031847358,0.187154344,-0.057646647,-0.129024379,0.021640463,-0.059562701,-0.058405738,0.175797405,-0.065548828,0.117628564,-0.045892802,0.024097977,0.098560917,0.141297555,-0.047713216,0.049379798,-0.040163621,-0.0270416,-0.015858095,-0.079466041,0.049603416,0.094493162,0.016009806,0.056826458,-0.01193285,-0.057172991,-0.067552114,0.033419342,-0.010038105,-0.071850074,0.259364797,-0.015281856,-0.093389863,-0.073053224,-0.077139227,0.06340773,0.046404422,-0.075171497,-0.077844392,-0.015261637,-0.04467436,0.108841507,0.022949756,0.036244993,-0.020449126,-0.047266424,-0.038982373,-0.068881735,0.219711169,0.070191582,0.01196084,-0.005432881,0.038287962,0.066456411,0.00817597,0.005702978,-0.032010373,-0.021646428,0.097889656,0.155608831,0.149712572,0.049123971,0.041817554,-0.070574317,0.012444598,-0.025250502,-0.176034547,-0.091061298,-0.004267067,0.05539508,-0.078855836,-0.02664558,-0.025812716,-0.046696335,-0.031817229,-0.03628317
444,-0.128633879,0.061638334,0.055234197,0.006408916,0.008941975,0.002637368,0.037250759,-0.067635385,0.098209457,-0.047405261,-0.007498292,-0.038359251,0.036659928,-0.01250433,0.028042977,0.119930977,0.125698313,0.092122923,0.062629068,0.019524091,0.101790104,-0.032755391,-0.006181778,-0.050510857,-0.108081966,0.029095502,0.121201112,0.077151558,0.092815114,-0.089236613,0.070059268,0.055488616,-0.078365294,0.0697605,-0.028909812,-0.009510553,0.013376286,0.030923439,-0.010593976,-0.113236631,-0.055320773,-0.02307407,0.044800569,0.078968112,-0.056401853,0.004246652,-0.018192742,0.029299586,0.026507194,0.075641067,-0.075579127,0.005116525,0.081828064,0.054766671,0.03247053,0.091930985,-0.031822331,0.067397562,0.046093109,0.040108343,0.002888748,-0.002341662,0.045419879,-0.090783967,-0.042113751,0.109254881,-0.006143279,0.152862935,-0.019847215,-0.0916049,-0.002134572,-0.020119801,0.061509887,-0.006684306,0.127860938,0.032409612,0.018333044,-0.098101686,-0.065674214,-0.062678617,0.044525418,0.026599663,-0.045286948,0.105418361,-0.089151854,0.067739816,-0.040933894,-0.045505717,-0.121676509,-0.049169197,-0.040358451,-0.143787542,0.049834351,0.007537889,0.074171787,0.045674835,-0.025060924,0.057330571,-0.092927204,-0.006044116,-0.039991873,-0.090132263,0.109358397,0.005195276,0.101635146,-0.024877265,0.00588644,-0.0618702,-0.038242125,-0.043962434,-0.076384465,-0.082492258,-0.033726533,-0.029492017,-0.119492821,-0.077367833,0.017836892,-0.009852528,-0.003032864,0.024944858
445,-0.015071909,0.080702334,0.037381294,-0.076772242,0.069454934,-0.07935894,0.150127935,-0.033621504,0.048083956,0.097742431,-0.126061317,-0.01777301,0.012142947,-0.037627339,0.068115945,-0.035226825,0.204581644,0.191010693,0.026149082,0.026023691,0.018730826,-0.083039848,-0.022301767,-0.103985312,0.109817666,-0.055886715,0.063168112,-0.117953255,0.020364044,-0.09903758,0.144215347,-0.0345592,-0.01374608,0.050630233,0.028505531,0.021367822,-0.127957954,-0.026307463,-0.06556201,-0.060147586,-0.085242004,0.116809775,0.138545598,0.070161141,-0.081269251,0.127438774,-0.02577674,0.067526512,-0.045870457,-0.035730514,-0.114166524,0.139558878,0.016887407,-0.000575948,-0.06161537,0.101162203,0.118324269,0.075121598,0.115846764,0.005984533,-0.033164934,-0.062151982,-0.064087468,-0.046781459,-0.040018199,0.262110237,0.099746998,0.070400124,-0.03970233,-0.045032321,-0.076941942,0.103190538,-0.022102043,0.039534904,0.43628777,-0.087546105,0.01432492,-0.016787581,-0.166268887,-0.020364253,0.0400683,0.026593958,-0.11891641,0.038424666,-0.058182632,0.087317957,0.026806579,-0.071537077,-0.119344998,0.050631096,-0.096846553,-0.120435563,0.182209986,0.001561198,-0.020928001,0.001249411,0.011459831,0.144193546,-0.050853562,-0.015881182,-0.041708427,0.068929924,0.120740616,0.021870046,0.069357053,0.085612407,-0.002061351,0.007963375,0.061009558,-0.087184182,-0.112384627,-0.19144163,-0.025497293,0.001804775,-0.177380311,-0.162979842,0.021239662,-0.030331676,-0.01439579,-0.086454292
446,0.030328125,0.067376876,0.080164755,-0.021543509,0.086842617,0.005572566,0.02770605,-0.081162981,0.005290947,0.023786449,0.059678663,0.023612585,0.080184359,-0.021089226,-0.094251379,0.020357307,0.033370867,0.025291902,-0.001210973,0.104821884,-0.002346339,0.003301856,-0.073547423,0.030045337,0.044842102,-0.038083609,-0.07409508,0.020987733,0.067774795,-0.028962771,0.089867925,-0.067190242,-0.042631546,0.176902317,-0.041911101,0.029312976,-0.074125953,0.01663337,0.038970113,-0.025895741,-0.075205237,0.076949361,0.032020914,0.064831599,-0.063972755,0.064787353,-0.058731646,0.037520616,-0.089511012,0.077257716,-0.080808159,0.117512864,-0.006871621,0.045927511,-0.021118309,0.004437158,0.058994018,-0.063719915,0.090318844,0.045822075,-0.136939043,-0.048685197,0.079715141,-0.000671826,0.059777285,0.134598659,-0.020180663,-0.008568892,0.002367354,-0.008158205,-0.093650239,-0.034585847,0.015517204,-0.013379354,0.184063224,-0.030552793,-0.016339564,0.104754352,-0.1651884,0.036009383,0.014574953,0.001016509,0.100661173,-0.06482927,-0.001032707,0.030601606,0.071626991,-0.041947903,0.033912176,-0.090304729,0.046754783,0.002323931,0.213263432,-0.001163565,-0.098313336,0.007091786,0.039603384,-0.039644064,-0.018357638,-0.036946063,-0.027486113,0.040463167,0.14983502,0.006694446,0.149364236,0.099064799,-0.026978457,0.03718925,-0.018385361,-0.010202838,-0.08789598,0.013115831,0.050070607,0.054714632,-0.063800351,-0.059683963,-0.051905183,0.013242701,0.048894052,-0.034734448
447,-0.094856243,-0.03219107,0.075585211,0.016865262,0.035162039,0.061665042,0.110395138,-0.021331703,-0.025698855,-0.004606047,0.144015289,-0.051989692,-0.010393908,0.079645222,0.031815176,0.020676574,0.050552045,0.10213215,-0.007956941,-0.044593286,-0.048717516,-0.035264648,0.060639669,0.038117665,0.107690473,-0.033218793,0.028451812,-0.03140213,0.072857058,0.03205709,0.115138964,-0.042900912,0.032328621,0.047771726,-0.040220952,0.032822463,-0.11331564,-0.09670808,0.013554851,-0.049365543,-0.112042088,0.130099254,-0.00885791,0.023725428,0.056413161,0.004205068,-0.037191321,-0.037720773,0.11366457,0.031403354,0.012479851,0.000772478,-0.005546044,0.012327608,0.131195388,-0.014511751,-0.016797559,0.1396676,0.045685282,0.033087522,-0.013031883,0.041600371,-0.006467888,-0.115567691,-0.038410311,0.08087615,0.053967652,-0.02248116,0.031845153,-0.068165451,0.015596607,0.013028317,0.012210412,0.035288222,0.2233376,0.01057609,-0.062574011,0.040724896,-0.165922196,-0.035984752,-0.064629485,0.009568139,0.006663139,-0.07031023,0.118101741,0.031178779,-0.008389272,0.041238483,-0.009614566,0.000473894,-0.049243301,-0.072280534,0.064534546,0.02725186,-0.020414494,-0.030452994,-0.079661364,0.102336546,0.012515121,0.018770403,-0.061931275,0.04216991,0.033507856,-0.035218884,0.051463806,0.018868622,-0.018335957,-0.040319416,0.03022834,-0.089182084,-0.003895714,0.049792324,0.017714957,-0.065325253,-0.02423377,-0.093709452,-0.012947896,0.026745486,0.05566423,-0.064010961
448,-0.032599138,-0.072287493,-0.017743265,-0.042214883,0.049397225,-0.009777674,0.112668896,-0.074085961,0.024612996,0.005955095,0.005860229,-0.035538329,0.032698966,-0.011336062,-0.031782138,0.016853558,0.063358671,0.038655031,0.08079952,0.082049696,-0.025864117,-0.036790714,-0.085159754,0.052273679,-0.004552564,-0.070179832,0.086197599,-0.055208784,-0.026048746,0.011409855,-0.036363654,-0.043650044,-0.075904952,0.088021308,0.026946748,0.043509352,-0.032185073,-0.05610655,-0.010150905,-0.046464452,-0.017582423,-0.034851165,0.051336004,-0.036148532,-0.018568401,0.063112873,0.053390332,0.102276508,0.051009908,0.060488896,-0.031075582,0.093489821,-0.073724383,0.008159926,-0.039581172,0.052090951,0.036264126,0.003336578,-0.008972297,0.06952337,-0.102404621,0.044335484,-0.03460449,-0.100079147,-0.028761044,0.039417097,0.087886961,0.116865908,-0.13039586,-0.04276501,-0.044976989,0.04719495,0.07268488,-0.000905325,0.117541072,-0.022664199,-0.021824855,0.00870218,-0.058030594,-0.002143591,0.096266509,0.08695699,-0.012440707,-0.063997044,-0.093199785,0.114720602,0.012117383,-0.054310642,-0.121919619,0.076969294,-0.08435979,-0.014636258,0.122131499,0.010982073,-0.063851974,-0.071538975,-0.053095365,0.044583668,-0.064978246,-0.049524764,0.030391194,0.030503024,0.044371168,0.100537774,0.092014365,0.015440319,-0.042400829,0.000145313,-0.082532738,-0.125348665,-0.035487513,0.009253079,-0.033133706,-0.033334416,-0.127619439,-0.05803635,-0.072334644,-0.003229508,0.003905918,-0.043816687
449,-0.060245171,0.007180341,-0.00254457,-0.042243616,0.025879533,-0.035544417,0.07798653,0.036588445,0.039161639,0.027025818,-0.060602389,-0.037742015,0.069009787,-0.033857272,0.091732093,-0.016103811,-0.00610423,0.127905073,0.033214003,0.153819747,0.109530963,-0.012175443,-0.070106823,-0.0389496,0.113683617,-0.055608874,0.072240778,0.062941389,0.004572482,-0.131972936,0.045336931,-0.039632535,0.023858311,0.048115147,-0.043229182,0.225689471,-0.039652856,0.033498521,0.08960676,-0.119071027,-0.058560463,0.030751687,0.008260571,0.034178025,0.006036122,0.08890183,-0.111053104,-0.124773736,-0.010123516,0.013377171,0.025229089,0.13884274,-0.058263425,-0.042612957,0.033317546,0.003932815,0.169665711,0.053111797,0.064159317,0.033324965,0.080548222,0.036061313,-0.004903592,-0.000430159,-0.075314394,0.09692735,0.030124141,-0.089468129,0.009470666,-0.0188427,-0.034091505,0.082245304,-0.035840308,-0.037332724,0.190168448,-0.046427917,-0.021089797,-0.055002104,-0.093660274,0.079196202,0.093659203,0.008303131,0.004997446,0.006790183,-0.016099728,0.147058927,0.026999127,-0.054225056,-0.161687767,-0.034997929,-0.100045258,-0.124429666,0.112564717,0.066837247,-0.004396721,0.018424552,0.005974451,0.113812168,0.036478576,0.092595113,0.003230434,0.082570884,0.161574417,0.11433918,0.172236072,0.089554818,0.026602319,0.05950132,-0.067330377,-0.04186543,-0.012661302,-0.104129495,0.048609937,-0.00238939,-0.051519796,-0.063432526,0.017044099,0.025093836,0.030302407,-0.028264283
450,-0.028770835,-0.080249543,0.010589405,-0.067366371,0.077311723,0.096267159,0.038353608,-0.061193511,0.1386767,-0.024563323,-0.042865138,-0.033712504,0.068467573,-0.037939078,0.046046198,0.027524455,0.195277058,0.127276596,0.009078088,0.101975201,0.015323815,-0.125894859,-0.039425073,0.084952886,-0.01926834,-0.06487185,0.066936811,0.063358683,-0.130378444,-0.149224945,0.112529986,0.16028575,0.03667616,0.051917051,0.019877868,0.126363205,-0.04485067,0.069563102,-0.022429408,-0.152131653,-0.08208192,0.034952569,0.002829732,0.067275719,-0.002664112,0.078656149,-0.092127996,-0.046154289,0.03152481,0.046713674,-0.01425114,0.023992042,-0.002641359,-0.016490753,-0.017972277,0.045443539,0.044602625,0.040328192,-0.009189376,-0.090206671,0.051490038,-0.001726296,-0.003759282,0.049239541,-0.076244248,0.076644562,0.055232531,0.076715893,0.010398147,-0.02499296,-0.062320147,0.038545665,0.105305192,-0.042355986,0.298501875,0.027838677,-0.122584931,0.041002111,-0.105461131,-0.004373976,0.138332228,0.053103609,-0.029862756,0.081644318,8.32405E-05,0.147278601,-0.168497931,-0.035730396,-0.10274577,-0.089680071,-0.029980699,-0.109161733,-0.001883036,0.055527356,0.063580322,-0.005136318,0.027823221,0.153681329,0.041986967,-0.024037192,-0.018753053,0.147714623,0.033378282,0.036872625,0.006746618,0.035022501,0.025189706,-0.067393294,0.218879492,-0.038454103,0.118084037,-0.12065754,0.053202201,-0.04863086,-0.126522917,-0.127124147,-0.040870462,-0.047471336,-0.014700915,0.030950532
451,-0.014376558,0.066608945,-0.01961984,-0.028222044,0.055405696,-0.002010445,0.156626649,0.06688359,-0.005607008,0.018442275,-0.069213639,-0.038984933,-0.013483872,-0.020545067,0.06183411,0.036851974,0.227932298,0.064040377,0.096928059,0.141356712,0.035786481,-0.054589962,-0.063243647,0.006813213,-0.036387451,-0.060811355,0.113321424,-0.086123629,0.068742765,-0.125921755,0.018799275,-0.025745106,-0.074042503,0.025924403,-0.014192864,0.084335686,-0.087838197,0.007894039,-0.020565152,-0.108168333,-0.006187619,0.088659613,0.076907538,0.014055316,0.006874995,0.052624372,-0.092083254,-0.112237243,0.01516968,0.036720488,-0.090146061,0.126054855,0.16392989,0.056771746,0.023414109,0.034047534,0.11381564,0.049054369,0.037391253,0.003094018,-0.028883344,-0.036279713,-0.087008194,-0.01639681,-0.063134003,0.087599579,0.15407217,0.033883232,-0.024049355,-0.057641548,-0.088976609,0.016261664,-0.053433726,0.068828676,0.174190235,-0.016478554,-0.196780181,-0.013983868,-0.138387548,-0.024684354,0.005635259,-0.011012197,0.027126464,-0.000268701,-0.028010497,0.041750955,-0.035889015,-0.011317168,-0.148764695,-0.034292278,-0.005807274,-0.100584765,0.007205109,-0.066598593,0.047760644,0.001742872,0.091579745,0.161592551,0.114097219,-0.094340858,-0.012340078,-0.034812766,0.101157795,0.05316329,0.079513485,-0.007120408,0.068279011,0.072099216,-0.011620933,0.008036779,-0.079479508,-0.123417916,0.006938265,-0.037218912,-0.098539106,-0.042218774,0.087992836,0.06182422,0.049980755,-0.027913927
452,-0.001758621,0.040583096,0.096309485,0.065953435,0.010695018,-0.119251901,0.109149974,-0.105772057,0.018387162,0.014454584,0.068959587,-0.018600875,0.023701367,0.010755158,-0.012704855,0.079716344,0.15104065,0.129918289,0.069891568,0.077073022,0.064520082,-0.080017241,-0.049036061,0.009815253,0.017599207,-0.046594496,0.099589511,0.024653677,0.062839286,-0.054854795,-0.007431027,-0.083358771,-0.014544455,0.091259305,-0.016075457,0.004098659,-0.102740087,-0.054666503,0.129882239,-0.039442569,-0.048490182,0.053970836,0.168481585,0.098664386,0.012741597,0.119092584,-0.049294293,0.032125056,-0.081493437,0.04137386,-0.141478984,0.124776114,-0.052503832,0.095666417,-0.037238097,0.04355342,0.179159335,0.050933047,0.157678336,-0.047448535,-0.080138062,-0.026336576,0.002150899,0.017692851,-0.089407296,0.207493261,-0.015034177,0.04993022,0.017430184,0.0620505,-0.070210691,-0.066719155,-0.011472387,-0.061880396,0.296018709,-0.090122308,0.033057907,0.005633674,-0.140537035,-0.011642929,0.041465968,0.140506182,0.016294675,0.071172492,0.038512141,0.069356965,0.028882903,0.001109505,0.024769871,-0.024261732,-0.037400071,-0.099819262,0.062226193,-0.045743249,0.017596704,-0.035621305,0.01561456,0.182668213,-0.024185387,-0.021650649,0.065834093,0.038579121,0.099939708,0.010030771,0.032360236,0.028837831,0.077998282,0.068299604,0.031370752,-0.026996177,-0.019370104,-0.11036033,0.027272493,-0.000411994,-0.163489426,-0.069039272,0.037120667,-0.078750884,0.086039132,0.166932489
453,-0.060716912,-0.028669579,0.079828696,0.050528666,0.003642519,-0.065861864,-0.015775877,-0.039521115,0.036931886,0.067526838,0.039450314,0.003205037,0.008360218,-0.098259052,-0.002988216,0.021901416,0.050191376,0.021053821,-0.04874783,-0.023738911,-0.063042102,-0.122765915,0.025369494,-0.069287829,-0.075199231,0.029198344,0.106648183,-0.001071924,0.022544668,-0.03380613,0.014579964,-0.058251257,-0.033171783,0.155261514,0.044894624,-0.067239369,-0.085670579,0.03158094,-0.017656266,-0.029582861,0.095951646,0.071980792,0.10684417,0.031049496,0.016224807,-0.048512918,-0.017696411,0.00063633,0.003014262,-0.035051469,-0.029849507,0.139375568,0.074801196,-0.035609687,-0.027170071,-0.001887923,-0.064501967,-0.001714793,0.007149072,-0.018790119,-0.074785735,-0.028306901,-0.028891693,-0.035269578,0.115337842,0.085593034,-0.090619909,-0.054367983,-0.056218867,0.168747354,-0.050612941,0.019040196,0.002577418,0.015604466,0.084467929,-0.001544266,0.002852429,-0.022297664,-0.154575791,-0.033038488,0.122040923,-0.040386017,-0.039983949,0.070714118,0.030611522,0.098765337,0.017372967,-0.010639256,-0.050493845,-0.11031851,-0.074673136,0.023385081,0.072190579,0.073338816,-0.023656834,0.010538674,0.009105731,0.006643969,-0.036508981,-0.014209974,0.053004006,-0.016666617,-0.04106516,0.097245492,-0.076996076,0.01722953,0.042240768,-0.019136846,-0.008748099,-0.079444789,-0.092834013,-0.089283645,0.029989236,0.05456117,-0.039390061,0.014275765,0.00774166,-0.029179046,-0.030844891,-0.059573625
454,0.049871037,0.157496873,0.05328617,-0.128234885,0.088177579,-0.109954066,0.108842607,-0.040725226,-0.006601389,0.041594361,-0.017465683,0.13638768,-0.055318031,-0.095290454,0.006122602,0.003150046,0.113716151,0.121389576,0.053361235,-0.013431595,0.050967046,0.054924919,0.101331941,-0.018086351,0.047908493,-0.048641795,0.127539871,0.050796194,-0.0308026,-0.086491308,0.127579863,0.014682831,-0.141506654,0.154096424,-0.097696346,0.112783948,-0.040562319,0.033912578,0.095083575,-0.114087847,-0.001467002,0.037989972,0.049525338,0.030326702,-0.000968262,-0.023081203,-0.034933512,0.112150688,0.035465118,0.031020934,-0.042848701,0.19578568,-0.067762424,-0.027811702,0.048074368,0.014160657,0.117395965,0.03249883,-2.81018E-05,-0.039034662,0.043133389,0.035531684,-0.022127108,-0.067661616,0.010785398,0.06529559,0.007651853,0.140866489,0.040212637,0.039624231,-0.065680896,0.038466494,-0.005182057,-0.015559251,0.240405705,-0.093943681,-0.092054404,0.030497099,-0.086700177,0.073264404,0.083246455,0.034998045,-0.094370384,0.07623899,0.06269452,0.119066875,0.00813011,-0.004968072,-0.105422734,0.015120186,-0.120149747,-0.124828717,0.091769026,0.127144863,-0.051310971,0.130411616,0.00704712,0.069633859,0.042874907,0.067258242,-0.019248602,-0.073801583,0.084196946,0.136893494,0.197999102,0.058884934,0.056994118,0.102649153,-0.007735872,-0.048184056,-0.089513713,-0.036415605,0.0066629,0.05559245,-0.148543905,-0.135303335,0.00108121,-0.113056377,0.097221603,0.023461332
455,0.009686602,-0.044269088,-0.032332387,0.055460312,0.113170374,-0.03209137,-0.003303486,0.010001474,0.003992417,0.068611367,-0.069238023,-0.029206885,0.063442816,-0.051221157,0.068341233,-0.096131098,0.123245829,0.191635807,0.003201552,-0.003190942,0.010166549,-0.035513867,0.051140854,0.038644503,0.009092899,-0.030774842,0.02451019,0.059104485,0.067871603,-0.009589765,0.221795036,0.037477525,-0.00071108,0.054893086,-0.044189107,0.071205057,0.003200689,0.056616684,-0.008748445,-0.012081829,-0.127486181,0.036770405,-0.044776467,0.040284858,-0.090583038,0.107466068,0.056286563,-0.148494461,0.126062483,-0.098439326,-0.06643071,0.121523849,-0.002949583,0.056053625,-0.043994814,0.032790073,0.030931386,-0.03187812,-0.008345091,0.079467428,-0.045023375,0.07599865,-0.036986826,-0.022219031,0.004021286,0.038703254,0.06137783,0.042435208,-0.026582302,0.003172243,-0.018635781,-0.049506939,0.099382626,0.085820228,0.090955184,-0.0628699,-0.071769726,-0.008544109,-0.049747756,0.092683003,0.032534646,-0.100212763,-0.062542978,-0.059930661,0.030185211,0.10993675,-0.026821491,-0.043850371,-0.089665094,0.0079117,-0.040877769,-0.069121304,0.048062175,-0.003401778,-0.006787708,0.012254875,-0.011789116,0.045534266,-0.057453569,-0.052099007,-0.014738136,-0.015600638,0.029200432,0.002200143,0.040512723,-0.082766092,-0.073121704,-0.082292332,-0.021528491,-0.012486327,-0.022147089,-0.066090884,-0.036642074,0.012881533,-0.059300144,-0.088863207,-0.099986153,-0.097380799,0.084135231,-0.079823606
456,-0.046998751,-0.021568724,0.080410992,-0.061933789,0.000966192,-0.002181746,0.060106893,-0.091937835,0.043988038,0.111567323,-0.032315152,-0.053374129,0.01159237,0.039475011,-0.05555061,0.1210146,0.170915843,0.046777735,-0.005094539,0.099427432,-0.032042128,-0.055887684,0.018745636,0.052978008,-0.019942162,-0.035686975,0.121883862,0.087520019,-0.069312385,-0.056639297,0.068143993,-0.032553291,0.031527432,0.164727002,-0.020379439,0.083763905,-0.074703637,-0.026444637,0.013438108,-0.108417761,-0.136289883,0.039922723,0.141762789,0.062580836,0.07121166,0.039822034,-0.094704463,-0.070036898,0.019981654,-0.039332482,-0.057864541,0.159886094,0.047326619,-0.053213903,-0.090870588,-0.026422513,0.072625161,0.090356832,0.083439111,0.024419849,-0.026810972,0.000213387,-0.092739584,-0.04022359,0.036682404,0.159398104,-0.010399001,0.088700966,-0.069583658,-0.123570116,-0.101758005,0.070569283,0.031707508,-0.062821934,0.32039645,-0.094426537,-0.090323079,-0.058900371,-0.068058144,-0.035755383,0.034898085,0.114678697,-0.11773287,0.117498092,0.005888981,0.094768478,-0.06311755,0.105032436,-0.047620248,-0.0376212,-0.043862171,-0.178833765,0.084826471,0.137743195,0.165358747,-0.052739913,-0.005239605,0.075848938,0.023341633,-0.066536795,-0.055470885,0.049768616,0.085660262,-0.012072856,0.065282839,-0.054021313,0.01358982,-0.013565596,0.041271566,-0.004372297,-0.104156442,-0.141678706,0.001256536,0.024547968,-0.138031599,-0.087424548,-0.060453817,-0.059939732,0.032641883,-0.061495354
457,0.092832792,0.117863293,0.051329305,-0.055971067,0.080282873,0.061708187,0.186770199,0.049746967,0.029311214,0.051386501,0.060639424,-0.030206742,-0.04281408,-0.118298102,0.037983272,-0.079659488,0.161060354,0.0166076,-0.044105744,0.064008288,-0.048656972,0.023601038,0.006518972,0.01370929,-0.031816657,-0.031419762,0.091178199,0.011024583,-0.018117099,-0.066459186,0.063791834,0.019273034,-0.107204515,0.205877624,0.028109317,0.168859171,-0.090786792,0.000243455,0.002163631,-0.013902857,-0.074335268,0.0276688,-0.029114443,0.000732028,0.035389114,0.147615481,-0.002379052,-0.033080377,0.129651926,0.079707035,-0.133938586,0.061358571,0.066586533,0.054920171,-0.035822572,0.032004985,0.115239208,0.15573095,-0.064312171,0.035663527,-0.064376258,0.081013545,0.067206407,-0.042514841,0.018637782,-0.006418475,0.046502844,0.096418165,-0.032298342,0.005266048,-0.087436361,0.043763947,0.009399043,-0.040914857,0.308249477,-0.052449547,0.093056903,0.003282577,-0.098254598,-0.013613625,0.08509816,-0.026476903,-0.076302139,0.072498184,0.035628311,0.058060678,-0.047275701,-0.007198183,-0.125273923,-0.107522711,-0.050067661,-0.09094042,0.051297822,-0.058102821,0.075661542,0.012579755,-0.113567317,0.050534999,-0.18646593,0.025008732,0.008331291,-0.097468028,0.037036224,0.072377154,0.147580035,-0.009748401,0.087615059,-0.033640761,0.034357441,-0.03553041,-0.077742583,-0.125869526,0.033895855,0.103881972,-0.115686714,-0.099801133,0.058642721,-0.009253372,0.053769482,-0.084952291
458,-0.027846272,0.025641914,0.060346991,-0.005807093,0.000726626,-0.05197012,0.167631772,-0.070859143,0.066998887,0.131373488,-0.037089142,0.020993434,0.042438562,0.011129381,-0.049505779,-0.001443392,0.095028054,0.123329255,0.141973314,0.172840311,-0.026633147,-0.06275431,0.019826788,0.001988954,-0.074551309,-0.11739226,0.017803391,-0.000152557,0.020861609,-0.125730896,0.136044502,0.069363935,0.035290019,0.136157968,0.04378497,0.120300081,-0.023916459,-0.047935015,0.039972553,-0.067376796,-0.061465285,0.032203743,0.131128878,-0.004259484,0.093296168,0.173231508,-0.109054345,0.004245498,0.039976364,-0.048523704,-0.129914836,0.085734977,0.021510697,-0.033884631,0.051743576,0.003494066,0.056111882,0.078268107,0.038929271,0.100899373,-0.115638655,0.063015635,-0.018394133,-0.001045789,-0.045571814,0.046199948,-0.074953042,0.051362711,-0.117190403,0.010056979,0.133830996,-0.000452812,0.080449785,0.016672088,0.117081638,-0.08498888,-0.014109093,-0.013414029,-0.100697621,0.006178153,0.084413436,-0.082655085,-0.060670486,0.091657154,0.086703031,0.143478055,0.016624973,0.045890134,-0.111351064,-0.046678873,0.016063652,-0.040456326,0.128357039,0.018846363,0.114505026,0.026356064,-0.078678377,-0.00429561,-0.02443712,-0.048048283,0.012874546,0.034621496,0.167760364,0.103920045,0.138290342,0.04085307,0.050563659,-0.033862379,0.061679907,-0.088283209,-0.073982224,-0.083467809,-0.035159596,0.118952491,-0.152391727,-0.084591265,-0.153517675,-0.165668614,0.049364147,-0.059126741
459,0.010580243,-0.101865295,0.01175496,-0.033086008,0.066028356,-0.113253964,0.125274308,-0.147354417,-0.035541254,0.043540832,-0.100371579,0.027326226,0.02684962,-0.00583749,0.051746678,-0.038022311,0.160931839,0.021648631,-0.057742116,0.051531428,0.011136682,0.01621131,-0.021854165,0.000647108,-0.037877223,-0.00402987,0.056887276,0.070684472,-0.085184537,-0.024257694,0.12047155,-0.040887789,-0.063667534,0.138917445,0.11496895,-0.03555956,-0.136039724,-0.036279651,0.144892629,-0.077445441,-0.065952396,0.063167373,0.089567386,0.067754109,0.023870817,0.112778166,-0.096807885,0.053763846,0.126364517,0.04091574,-0.067579733,0.197015123,0.047668434,0.140824884,-0.150491926,0.130497996,0.223097075,0.134291039,-0.050321616,0.067911173,0.003042556,0.046592283,-0.033568815,-0.093756502,-0.030170016,0.062023764,-0.036734652,0.052305968,-0.026442904,-0.01187182,-0.048643981,0.031573545,0.158953653,-0.007584499,0.267665251,-0.186619369,-0.012715583,0.062611093,-0.107709923,0.008950356,-0.040523922,-0.031886899,-0.0166396,0.089814409,0.048348822,0.028056832,0.045594678,0.011902435,-0.072358476,-0.033227399,-0.015298391,-0.051452271,0.128151241,-0.062749655,-0.056979497,-0.020343668,-0.047363198,0.037804146,-0.033476492,-0.008560779,0.017575202,0.050894097,0.116457943,0.098576164,0.013737285,-0.06929638,0.169182634,-0.018509141,0.010124646,-0.082397532,-0.018075431,-0.096351046,0.017321554,0.053605415,-0.212601909,-0.082994418,0.104794462,-0.01489424,0.034707491,-0.054941501
460,-0.044053263,0.044124906,-1.21087E-05,-0.078322736,0.072235175,-0.030930115,0.147992713,-0.12050381,0.01089584,0.073952184,-0.065890777,-0.047696746,0.002123121,-0.027336542,0.018147744,0.062755916,0.157188773,0.05884624,-0.089322909,0.133558271,-0.005444171,-0.057849827,-0.027810582,0.056795384,-0.011975842,-0.077516205,0.045438857,0.036281222,-0.006530865,-0.037095959,0.153425597,-0.014633505,0.030070651,0.120067369,0.018408443,0.067385675,-0.049674264,-0.065785784,-0.052481528,-0.136298753,-0.082917158,0.013088443,0.057731533,0.034421508,0.01621387,-0.02584836,-0.132737455,0.047593171,-0.08131012,0.030025235,-0.076763508,0.1681276,0.078537342,-0.066806807,0.038391298,0.149848686,0.06946471,-0.047583613,0.088360597,0.071928951,0.035996894,0.02376625,-0.001913784,-0.060449283,-0.045737212,0.149920223,0.012280548,0.015346166,0.065224334,-0.1172051,-0.140935542,0.03721087,-0.019653509,0.055433708,0.188806458,-0.09392596,-0.120035897,-0.074770553,-0.111723359,0.112010164,0.059239088,0.059799592,-0.033893012,-0.037035891,-0.022744577,0.044310772,-0.02873093,0.06053715,-0.062369026,-0.111727172,-0.038767754,-0.087479984,0.162666152,-0.017330871,0.01254552,0.00541951,-0.057713372,0.045029951,0.008977209,-0.061606505,-0.02421788,-0.034050911,0.166375695,-0.038008659,0.034854057,0.03505391,0.048047427,0.052608911,0.000726775,-0.008186278,-0.117535695,-0.030174612,0.057479265,0.019674491,-0.118820727,-0.097892533,-0.069693636,-0.073946746,-0.036601578,-0.006377902
461,0.019464738,-0.011588141,0.165793395,0.017640448,0.127350912,-0.086330488,0.16339802,-0.089596109,0.046088042,0.037167513,0.064296684,-0.020565863,0.074907315,-0.003190294,0.11478586,-0.01300501,0.138614462,0.270649637,0.105941382,0.013247521,-0.05673499,0.025984828,-0.012032168,-0.007132462,0.11641061,-0.043908905,0.111657354,0.029587139,0.00507381,-0.004135407,0.068269144,-0.006487221,-0.074285835,0.103574699,0.07287502,0.142168028,-0.041462447,-0.027685184,0.065949328,-0.080147786,-0.058495759,0.026437055,0.096936978,0.047845077,0.072891685,0.112408498,0.009326808,-0.047263769,0.018573517,-0.062409192,-0.05458193,0.084181705,-0.007924824,0.059298847,0.087405109,-0.030698811,0.018162918,0.005271988,0.0208635,0.027282393,-0.008564557,0.088753763,0.018767969,-0.021469601,-0.07003038,0.114214725,0.068381229,0.153022244,0.001617817,-0.034806334,-0.105355424,0.032142404,-0.026320345,0.103296142,0.344540406,-0.044022254,-0.077192974,0.00942532,0.030933958,0.134681155,0.121910397,0.146736862,-0.018802104,0.021208085,0.139604574,0.126443165,0.158739649,-0.015069527,-0.053995606,-0.013006791,-0.114996519,-0.033021159,0.177904763,-0.059469363,0.110263157,0.016995717,-0.070215416,0.18819496,-0.032575104,-0.033695654,0.010938055,0.119326016,0.113193556,0.060902802,0.101720555,0.061076416,-0.028567721,0.105887655,-0.039381076,0.012906173,-0.050402237,-0.124398738,0.005040107,-0.036530796,-0.129291482,-0.101011873,-0.089760469,0.004669057,0.07777343,-0.084854127
462,-0.13333126,-0.01101876,0.048566422,-0.056489946,0.050926761,0.053842791,0.050961066,-0.049928988,-0.041210508,0.049872195,-0.072043165,0.021292043,0.062933592,0.072598829,0.058484319,-0.045702903,0.164890622,0.147312946,0.122013549,0.194701956,-0.082923306,0.045042531,-0.019230459,0.040617226,4.54097E-05,-0.072532498,0.144665648,0.038025625,0.100347476,0.02770708,0.076093003,0.064235543,-0.036482702,0.043389313,-0.061499765,0.16642557,-0.025629985,0.029247134,0.017797413,-0.09152531,-0.112305007,0.000193405,0.0782872,-0.021859706,-0.034213639,0.089267759,-0.084053973,0.038090001,-0.020431922,-0.062677123,-0.060562079,0.048115527,0.113478749,-0.047337065,-0.009773432,0.028099152,0.034743236,0.131896276,0.055614295,0.077137168,-0.100549616,-0.016025459,-0.017534088,-0.048011394,-0.058550821,0.250512433,0.118865095,0.099504992,-0.081252967,0.046136267,0.010628561,0.087153973,-0.015165817,-0.015445564,0.312336818,-0.103185994,-0.136300309,-0.075249901,-0.075834237,-0.006770428,0.106327257,0.029128594,0.097882406,0.01271419,-0.017098944,0.108589813,0.041465665,-0.032098073,-0.085687962,-0.091351991,-0.061372637,-0.150065734,0.139808372,-0.033026535,0.087609968,0.054646958,-0.025753905,0.040885394,-0.031144427,0.161981064,0.025975893,0.096416858,0.072254068,0.162990112,0.23799843,-0.085173256,0.04449553,-0.054752221,0.104436539,-0.074231379,-0.081327421,-0.085844877,-0.058841487,0.106150759,-0.131494502,0.036961154,0.052581126,-0.053250831,0.080168579,-0.093210315
463,-0.106862669,0.054164513,0.02334622,0.011857238,0.057586725,-0.021215936,-0.021303036,-0.130685899,0.012267692,-0.004667504,-0.033946679,-0.006196104,0.078593951,0.019411331,0.085972294,0.010206262,0.177948575,0.192405194,0.114704078,0.115744559,0.001943149,-0.121653122,-0.007421132,-0.068479913,0.060817282,-0.042172037,0.112362935,0.027694035,-0.032049747,-0.079266366,0.14872637,0.009046894,-0.010848409,0.141501237,0.132275875,0.142863566,-0.033393349,-0.024795782,0.048432353,-0.066500102,-0.054324624,-0.012976198,0.004746639,0.042885023,-0.013290027,0.073342199,-0.163860126,0.012330767,0.084763395,-0.0470748,-0.018503812,0.094403518,0.013070087,0.022473061,-0.089150152,0.034823888,0.067901444,0.080399517,0.076962479,0.094289258,0.146792552,0.032529423,-0.032251147,-0.043233745,-0.002327458,0.033923083,0.03665559,0.075769794,-0.05615153,0.064950832,-0.156777391,0.027571312,-0.000126047,0.012593202,0.147936155,-0.039264686,-0.050907089,-0.124273683,-0.151993603,0.040632008,0.007234897,0.03461694,-0.020251706,-0.017945171,-0.067703235,0.111328818,0.03288139,0.016591512,-0.101901794,-0.010546492,0.063475664,-0.033896171,0.078099376,0.018933537,0.037335595,-0.006348037,-0.027877023,0.091939783,-0.011075546,0.039120613,0.120845164,0.087466422,0.060859096,0.039693957,0.134273372,-0.106157831,-0.008962879,0.056885761,-0.022482148,-0.095401939,-0.079658089,-0.081195273,-0.072415187,0.006365022,-0.129856114,-0.090367241,-0.067610934,-0.070015248,0.011525724,-0.085062262
464,-0.031145845,0.068424857,0.059943368,0.021436657,0.04161729,-0.080461256,0.198696478,-0.053153761,0.030185951,0.023586121,-0.022205385,-0.098991386,0.001607788,0.091710905,0.024763032,-0.054951609,0.084744734,0.160019398,0.099233492,0.059181605,-0.024177832,0.012703047,0.027079977,-0.042695719,0.021050304,-0.03557866,0.212620305,0.076896904,-0.054083206,-0.095325551,0.133185259,-0.023326195,-0.020999619,0.159509654,0.057661369,0.091616261,-0.005634187,0.000886983,0.065213574,-0.099754132,-0.020981842,0.115844763,0.082426006,0.081938486,-0.005497781,0.032648074,-0.018939432,0.008319574,-0.077706264,0.015248811,-0.130296512,0.200817242,0.022113351,0.056304904,-0.055590253,0.072659185,0.044059601,0.147412282,0.069928053,0.023674366,0.096133616,-0.038838499,0.081439237,-0.070654087,0.037832634,0.290735729,0.21832345,0.131743566,-0.017483312,0.009417001,0.042985601,0.005168302,0.091791781,-0.084175201,0.192386473,-0.073700643,0.030496814,0.062234225,-0.094701277,0.102083186,-0.023293254,0.05959156,-0.078556279,0.070597793,-0.001169688,0.194557906,0.007539407,-0.017599868,-0.102121243,-0.102721535,-0.045118517,-0.003769907,0.234844099,0.078871561,0.063243699,-0.011234664,-0.108465875,0.054061227,0.050415064,-0.006705368,-0.068581138,0.023288699,0.093145789,0.081518433,0.11557512,-0.085833581,0.027525586,0.0410624,0.090349648,-0.014188052,-0.063538928,-0.05002604,0.041021473,0.031453775,-0.018114664,-0.094708375,0.033191827,-0.064026165,-0.073450291,-0.002937548
465,0.049133554,-0.097847861,0.10068186,-0.032202245,0.090828047,-0.13687477,0.128411907,-0.120476688,0.081685062,0.015340851,-0.079437149,0.034816841,0.108861062,0.032991168,-0.049287514,0.066690761,0.140549199,0.065285769,0.099016015,0.029578032,0.086194676,0.079947265,-0.076770379,0.063929774,-0.000771304,-0.131322312,0.105041162,0.052796411,0.011903104,-0.011272224,0.093494964,0.001158998,-0.036880287,-0.019646946,-0.065242977,0.139432089,-0.082634411,0.060481105,0.038733215,-0.106252864,-0.053470356,-0.03245701,0.10008683,-0.028349954,0.038934945,0.02018145,0.012727634,-0.047514551,-0.063745646,0.101125611,-0.049641546,-0.000190303,0.025850571,-0.078211435,0.030673098,0.020733352,-0.013318865,-0.102257324,0.0359715,0.024886492,-0.026269959,-0.060207837,-0.000679514,0.027780361,0.063551178,0.032088812,0.068477133,0.045355343,-0.035407378,-0.070824176,-0.030290567,-0.047255376,-0.000873653,-0.037817711,0.197278246,-0.025387588,-0.07336456,-0.009611283,-0.035595192,0.059239458,0.031717968,0.063860945,-0.053436305,-0.018549466,0.007410761,0.125510489,0.053013521,0.06270469,-0.082484378,-0.145189353,-0.048020535,-0.128257717,0.099245102,0.039626063,0.039177117,-0.030779215,-0.005627876,0.023959495,0.089839501,0.100863471,0.008663089,-0.027762175,0.060711331,0.095441425,0.147426215,0.01494547,0.03076365,-0.024099406,0.070261136,-0.047740227,-0.016852053,-0.077685914,0.064025747,0.019678728,-0.04594551,-0.02156204,0.037814674,0.018559911,0.014184272,-0.051733645
466,0.019914573,-0.046600468,0.051735693,-0.06256127,0.004112807,-0.015123181,0.225459699,-0.049575789,0.043921069,0.073105005,-0.044793986,-0.09631744,0.034000111,-0.066185557,0.017770085,-0.044995595,0.242384989,0.346871475,-0.078960997,0.111028608,-0.048473796,-0.007071708,0.026237685,0.106903668,-0.036270608,-0.065961128,0.264086301,-0.058399403,0.026176765,-0.070794745,0.047750287,0.11802357,0.026778535,0.139197161,0.018918478,0.1043382,-0.115039089,-0.002892566,0.028675295,-0.142262573,-0.135520283,0.079045051,-0.029163505,0.013649322,-0.036973518,0.224679226,-0.030347862,-0.019602328,0.0648637,0.033916958,-0.165644685,0.153048547,0.094234056,-0.018178379,0.011546097,0.165748465,0.134481742,0.025686451,-0.024648041,0.117273352,-0.086414539,0.159990434,-0.0653144,0.035062143,-0.030392553,0.301993354,-0.004930864,0.035309829,-0.08936264,-0.044429059,-0.060323649,-0.06668459,-0.022786305,-0.04671829,0.18066674,-0.079848333,-0.051151904,-0.040390373,-0.158896622,0.053955536,0.038546127,0.011870506,-0.032987927,0.012190212,0.021857381,0.08339994,-0.064758375,0.004725228,-0.154932984,-0.030163406,-0.008877074,-0.061774784,0.145584048,-0.008437925,-0.044351626,-0.012976927,0.012210494,-0.00975884,-0.074774331,-0.06589192,0.063098355,0.033256992,0.131149545,0.117095514,0.115476505,-0.022428677,-0.053728929,0.038671006,0.025781162,-0.085189915,-0.108105925,-0.008014621,-0.008830365,0.010972088,-0.083107274,-0.063850077,-0.159733784,-0.058827539,0.086012,-0.022719228
467,0.046276412,0.024971695,0.051180741,0.019219444,0.024944732,0.077274688,0.010693664,-0.052986824,0.061813243,0.043031929,-0.015344038,-0.040839591,0.050265806,-0.080232437,0.060348278,0.035398906,0.044621438,0.161532268,-0.006072808,0.062808722,-0.082893626,0.042070978,0.030447081,0.059935341,0.00278164,-0.023013498,0.037805973,-0.024938865,-0.020495382,-0.03995629,0.138335918,0.032158758,-0.0715439,0.024755233,0.041824527,0.165501019,-0.10833113,-0.016638663,-0.022323974,-0.092088512,-0.113018861,0.112511627,0.046038329,0.022635266,0.01078811,0.027668849,-0.065855924,-0.042461361,0.072174303,-0.041257966,-0.07781781,0.131590765,-0.027152843,0.035415594,-0.029459287,-0.038634068,0.137128996,0.037243354,-0.063007766,0.014049312,-0.009284047,0.046932605,-0.084615998,-0.096224392,0.017305063,0.081750052,0.029536168,-0.06146028,-0.046276904,0.07417707,0.032852217,0.008385712,-0.023295223,0.026399841,0.112379569,0.025454469,-0.083226769,-0.025763636,-0.082107119,-0.046982171,0.060703935,0.066251553,-0.069092192,0.022616991,0.006757104,-0.03645648,-0.00205607,0.009062776,-0.152903212,0.048632176,-0.083296854,-0.050871019,0.127628958,0.143681967,0.062745188,0.007620532,-0.000521712,0.011095368,-0.098514089,-0.023484415,-0.010579671,0.045865941,0.125993125,0.022649125,0.116829294,0.005383652,0.00024968,0.060295743,0.006350871,0.006190758,-0.099279933,-0.022900913,0.049264497,0.0323909,-0.046156923,-0.004919291,0.029468219,-0.033823669,0.009530519,-0.052514849
468,0.062584003,-0.097667655,0.164753272,0.047430216,0.088015196,0.037034602,0.098926643,-0.11444173,0.12651972,0.090895926,-0.007605466,-0.132207309,0.052516956,-0.151479792,0.029298607,0.004575447,0.305723904,0.174102268,0.06560694,0.107270151,-0.027808085,-0.031645269,-0.061667128,0.053658318,-0.040949512,0.018641311,0.129653866,0.044427836,0.03173488,-0.107798031,0.119107229,0.04223846,-0.070097174,0.193237633,0.102259135,0.062597199,-0.091136051,-0.067543331,-0.018731354,0.002248543,-0.000752684,0.100460799,0.090296005,0.040485185,0.000451493,0.199658775,-0.083157329,0.014003471,0.113396393,0.002190574,-0.062655862,0.109968038,-0.029449763,-0.010574121,0.019581821,0.104268751,0.172144407,0.060078501,0.136454863,-0.031763246,0.05357255,0.142114398,-0.067026401,-0.074086194,0.046608962,0.112750282,0.142880528,0.049383707,-0.099687991,0.018400569,-0.102755803,0.101867042,-0.02889465,-0.034081125,0.209942681,-0.044407204,-0.081947225,-0.051578643,-0.165367031,0.122755756,0.017426965,0.088840128,-0.081615379,0.048573141,-0.037388255,0.089064048,0.025149516,0.037986585,-0.120930029,-0.057105991,-0.04916322,-0.177577466,0.114750896,-0.052511402,-0.06483062,-0.024581146,-0.068978889,0.199515383,0.002619549,-0.058273786,-0.099252841,-0.086826372,0.239451515,0.084366005,0.115341223,0.020011373,-0.042721535,0.018790883,-0.007050193,0.046444948,-0.110959167,-0.121976142,0.104474694,0.097090357,-0.150638324,-0.148491559,-0.086417943,0.000414251,-0.032962468,-0.097894388
469,0.002987919,0.00042419,0.042008227,-0.03152542,-0.040749065,0.060194022,0.124363915,-0.016011218,-0.042208589,0.127723112,-0.074019845,0.011696458,0.10101307,-0.058692386,-0.040211409,-0.009990446,0.023986819,-0.002143101,0.051153264,0.040231999,-0.00604494,-0.023632116,-0.133165667,0.120968136,0.095050346,-0.119650171,0.080684767,0.085979935,-0.025621766,-0.092761813,0.065784325,-0.032267021,0.040948701,0.091785337,0.083622129,0.070855601,-0.042420974,-1.48909E-05,-0.116790553,-0.063885367,-0.126147153,0.029174617,-0.02665259,0.000153872,0.043385531,0.121651082,-0.082880291,-0.021498917,0.012692922,-0.006764176,0.005628227,0.01787156,0.02181921,0.079334085,0.007479039,0.1308599,-0.003674909,0.015087258,0.08667156,0.020345707,0.01815356,0.064053558,-0.073297309,-0.004373402,0.089903242,0.192474285,0.04376545,0.028375162,0.015364575,0.030149977,-0.035716148,0.027545704,0.030539738,-0.016515893,0.223655634,-0.066038362,0.002395436,-0.102070424,-0.02756051,0.027163351,0.076606871,0.0506132,-0.033899509,0.059026429,-0.015335451,0.14401503,-0.002271209,0.062695676,-0.054408147,-0.087678081,-0.025483835,-0.021007019,0.08489273,0.153492113,-0.053950048,-0.015534694,-0.109419203,0.07790722,0.012747181,-0.087748805,0.030468209,0.063861646,0.092388779,0.113717753,0.281246179,-0.041233114,-0.005490404,0.03549144,-0.007452872,-0.021015428,-0.066302181,-0.088026788,0.113001479,-0.05166566,-0.050568782,0.074073174,0.0785761,-0.066887632,0.03695432,0.034149646
470,0.119832305,-0.061657466,0.058837533,0.00978229,0.144732685,-0.031022777,0.097169196,-0.042581651,0.010828208,-0.033423259,-0.037041956,0.075881466,-0.074397944,-0.03733265,0.13607973,-0.083455873,0.034719968,-0.009685869,0.073495458,-0.001756995,0.132119144,-0.061517488,0.106601315,0.102588148,-0.013003768,-0.04570071,0.120550449,0.074737115,-0.103294832,-0.052220964,0.04117167,0.009913319,-0.056615246,0.016636179,0.038913869,0.018608455,-0.028572114,0.049744136,-0.088057511,0.063813323,0.029514719,-0.036423398,0.231160489,-0.025780231,-0.022381236,0.132718958,0.030856434,-0.038779262,0.112925788,0.05363417,-0.066803672,0.070442138,-0.000834044,-0.036761254,-0.044254431,-0.026496431,0.063375143,0.021247107,-0.045533033,-0.000623337,0.147200698,0.082774387,0.013401397,0.063680193,-0.028994665,0.048700997,-0.014209412,0.124853933,-0.043112439,0.025736005,-0.041531812,-0.0384777,-0.051563625,-5.79991E-05,0.101608278,-0.067578069,-0.041472034,-0.06226193,-0.014527014,-0.040101803,0.081104844,0.00680639,-0.012459441,0.071520811,0.001528433,-0.051841814,-0.060322481,-0.024422929,-0.097861306,0.056431486,0.025115375,-0.073427322,0.017175211,-0.066783476,-0.063465955,-0.076123032,-0.043622405,-0.09658054,-0.028733039,-0.063287333,-0.081626194,0.106335027,-0.025371152,0.072079812,0.001776248,0.041996945,-0.044365771,0.008988511,-0.056768758,0.050595036,-0.051857706,-0.051595365,0.041431519,0.024789018,-0.067867018,-0.132298653,-0.053725346,0.012640442,0.065211679,-0.044294888
471,0.040328635,0.11776994,-0.011381466,-0.060619303,0.126070788,-0.046717026,0.085983018,-0.104607769,-0.079932989,0.085071015,0.036828078,-0.01193784,0.007688075,0.104548643,-0.006296001,0.015718842,0.046354612,0.112869016,0.112089329,0.043109717,0.060347595,-0.069515848,0.007085708,-0.076269074,0.019772623,-0.006905433,0.143173625,0.086224907,-0.005061647,-0.011953873,0.032436628,0.046699598,-0.011719628,-0.008541534,-0.041520387,0.168118929,-0.109296569,-0.064673404,-0.028015498,-0.061881899,-0.020405767,-0.043552805,0.028017992,0.049902,-0.076022316,0.005541527,-0.066702568,0.028666607,-0.01675727,0.066692662,-0.113392854,0.038366068,0.099735076,0.003181498,-0.090193937,0.083418602,0.168779978,0.026407201,0.074317921,-0.031290641,-0.002740382,0.048169862,-0.06407949,-0.144304665,-0.049116907,0.139504942,0.051903026,0.139934192,0.071063061,0.087492815,-0.08352632,-0.013873512,0.067127998,0.020553077,0.149950453,-0.075750836,-0.028307554,-0.035446,-0.095813884,0.070046021,0.023418923,0.050338078,-0.014685086,-0.017256393,0.137285357,0.165707531,-0.093530397,-0.114997794,-0.156074624,-0.029740202,-0.06091585,-0.092940875,0.001749095,0.031085486,0.056733667,0.020640249,-0.078553895,0.06175665,-0.10216203,-0.068394576,0.059747322,-0.002304948,0.080764265,0.001490441,0.035144554,-0.078143584,-0.039330134,0.094302179,0.03754105,-0.067673803,-0.064166196,-0.152512454,0.108526401,0.046806264,-0.152242116,-0.012316911,0.055480766,-0.02081662,0.119829253,-0.050691387
472,-0.038377021,0.091786,-0.018702841,0.011192571,-0.042552026,-0.110829888,0.008116462,-0.05844001,0.032640779,-0.006998301,-0.041452547,0.020525044,0.00498418,0.025986276,-0.026348446,0.024989809,0.136976002,0.095655574,-0.064394192,0.031277734,-0.041855454,-0.066726424,-0.0095004,-0.012464435,0.026048768,-0.035770973,0.184018331,0.076710854,0.020028494,-0.136373357,-0.034861497,0.020927449,0.045201662,-0.101980728,-0.011806533,0.003477742,-0.059481972,-0.023589036,0.039181986,-0.037210417,-0.017999681,0.102427251,0.055747864,0.038954926,-0.084631211,0.010865571,-0.010053232,0.019509933,-0.054449473,0.069095643,-0.085883582,0.020247989,-0.091057046,-0.0211015,-0.117821474,-0.055435799,0.018192944,0.098583776,-0.034422577,0.020526913,-0.014726193,0.029212091,-0.076675018,-0.008885312,-0.043849391,0.034917815,0.039052154,0.006121541,-0.055952006,-0.088191485,-0.138336643,0.012565249,0.026656581,0.049064146,0.247985575,-0.10634387,-0.019721076,-0.046308873,-0.156321639,0.000863096,0.041634926,0.118195114,-0.01486582,-0.048140982,-0.000557263,-0.030577846,-0.016206271,-0.102098579,0.031914152,-0.087826933,0.023397134,-0.106255025,0.056694161,0.06784043,0.023024208,0.028814753,0.00356972,-0.045705338,0.062686686,-0.021556633,-0.058957229,0.070015752,0.018934535,0.118272727,0.027251778,-0.041870895,-0.017330885,-0.019930697,-0.010313049,-0.028648087,-0.067078243,-0.102574244,0.034821262,-0.020439093,-0.145470453,0.003523501,-0.073776535,-0.051877534,-0.05212014,-0.059621793
473,0.027721136,0.010597172,0.047255113,-0.085340208,0.06968907,0.083611894,0.241538494,0.011967731,0.038143443,0.068566998,0.015298843,0.030116028,0.124126675,-0.114227316,0.05047798,0.030119671,-0.014079084,0.020706118,-0.009598463,0.26091849,0.004060507,0.023325748,-0.003348966,0.006879959,0.085437978,-0.092550724,0.077939773,-0.00791172,0.076094785,0.027137039,-0.028379168,-0.015553546,-0.011443903,0.090465383,-0.011525645,0.132957165,-0.136269687,0.019107977,-0.050806203,-0.068538531,-0.076897682,0.019133266,-0.035088614,0.073619115,-0.019427945,0.108689384,-0.036093318,-0.058538353,0.11666421,-0.019320088,-0.045255088,0.028291916,0.032100574,-0.086668316,0.005335327,0.089827762,0.101420115,0.032902872,0.030755619,-0.001031188,0.048708369,-0.021482103,-0.041719769,0.014589987,-0.06783803,0.132613194,0.023242154,0.084076076,0.032474988,-0.025621743,-0.013374141,0.177915758,0.068705153,0.051685308,0.195130058,-0.02438904,-0.085598785,0.023347687,-0.144856479,0.081634068,0.161795594,-0.004735583,0.0037958,0.047954176,0.050453422,0.152997527,0.069827897,-0.008466225,-0.03433606,0.012258819,-0.016713899,0.030869777,0.21635337,-0.034083551,-0.144352042,-0.041559345,0.032289216,0.061976662,-0.03024746,-0.02582773,-0.006254065,0.084318678,0.125939579,0.059923711,0.047842184,-0.042759902,-0.019034764,0.071190851,0.008926428,-0.138663205,-0.04173371,-0.065937686,-0.039019144,0.179105618,-0.161350719,-0.068535049,-0.080771447,-0.091904819,-0.029615652,-0.034522407
474,-0.028809888,0.010600106,-0.039919325,0.035642959,0.068152452,0.010629167,0.141105044,-0.090945792,0.070154698,0.039649962,-0.057675433,-0.011676915,0.026651939,-0.0081335,0.093568656,-0.081520738,0.117595516,0.042017995,0.106749298,0.096850951,-0.000135265,0.050716868,3.77011E-05,0.023218462,0.011413508,-0.081356206,0.102839278,0.052519324,0.055076416,-0.128954693,0.064541786,0.008405432,-0.120738012,0.053244344,0.016083117,0.009145648,-0.040177712,-0.005553268,0.073551648,-0.069337079,-0.052789686,0.151104864,0.052233583,-0.024638643,-0.024161263,0.016226198,-0.020048095,0.093563529,-0.023481315,-0.043620459,-0.111336561,0.13650854,-0.1225219,0.102827268,0.117920667,0.02420541,-0.000850055,0.051735774,0.09645188,0.024629037,0.05673099,0.073767036,0.000186783,0.006033932,0.184696072,0.060231774,0.052559466,0.0799239,0.060913903,-0.049548129,-0.045855027,0.083894991,0.013826001,0.068959344,0.165645324,0.034001877,0.129025707,-0.089945256,-0.022432886,0.022698273,0.079670178,-0.03799614,-0.061044626,0.022547122,0.136033178,0.119122764,-0.002439802,0.048553482,-0.147614742,0.031837683,-0.098570934,-0.026407378,0.140772747,-0.004483693,0.071313108,0.034328334,0.019392555,0.134192729,-0.081051748,-0.040905513,0.006168074,-0.016246986,0.065100892,0.07859843,0.096653374,-0.027550556,-0.002134365,-0.002692309,0.103977761,-0.062889747,-0.063029437,-0.07535586,0.143626472,0.181028326,-0.065861112,-0.099736156,-0.024637168,-0.013693881,0.02812924,-0.074137637
475,0.066091992,-0.048953874,-0.002447286,-0.155811936,0.047459684,0.03483021,0.062400296,-0.108815347,0.098483077,0.066096866,0.066636046,0.081404105,0.018461561,0.050778977,0.09146562,0.075163994,0.122700218,0.121969949,0.1212011,0.05837254,-0.009758746,-0.097925749,-0.058196262,0.158841925,0.076821257,-0.043938969,-0.003469124,-0.067155295,-0.002418478,-0.001137767,0.02343625,-0.006227146,-0.06059314,0.060703958,0.027212013,0.014990462,-0.032882359,-0.037093931,0.155272893,-0.125432005,-0.093453167,0.146115691,0.028666006,0.000393982,0.027919371,0.097742217,-0.111822374,-0.004035307,0.090915914,-0.022328449,-0.032518943,0.110811943,-0.041579915,0.038442792,-0.028901319,0.016507276,0.028275248,0.085414898,0.112328265,0.064278307,0.123612732,0.041180526,0.004085568,-0.054921155,-0.034759197,0.055999129,-0.041399094,0.062866973,-0.00875193,-0.015018202,0.034801594,0.048211024,-0.028976171,0.006690068,0.213394031,0.024647896,0.054707148,-0.077381455,-0.075064895,0.063814934,0.074022356,-0.041968692,-0.034332816,0.061488561,-0.035845842,0.113786678,-0.012499996,-0.050900198,-0.004936711,-0.081649754,-0.072790073,-0.048244635,0.181736298,0.120472359,-0.093532908,0.063606291,-0.024706289,0.158610811,-0.065363563,-0.028467704,0.003128438,0.026811395,0.167177984,0.010123594,0.11121431,0.068889258,-0.022895725,-0.042468864,-0.001212817,0.038417523,0.061690622,-0.093311583,0.011690539,-0.003187581,-0.164347768,0.016982223,-0.071369468,-0.053759577,0.03934528,-0.028617129
476,-0.077823674,0.071075719,0.001072139,0.032060991,-0.081650327,0.116593231,0.035237687,0.031751082,0.043406571,0.059539932,0.115225936,0.035246035,0.062282917,0.064715579,-0.002845084,0.246399201,0.143544706,0.102886266,0.001493383,0.105974208,-0.091443711,-0.041484178,0.048729966,0.099501587,0.05624424,-0.042280348,0.045233917,-0.004721455,-0.045091123,0.051083321,-0.052325695,-0.07778268,0.061179874,0.048058899,-0.008307848,-0.030776428,-0.091244441,0.002180861,-0.079508815,0.061674703,-0.094821517,0.077946249,0.052007673,0.058811622,0.036934724,0.040854669,-0.104932684,0.057161749,0.00444221,-0.008255201,-0.038047349,0.010686604,0.038179404,0.047819931,-0.062598302,-0.0824368,0.070096129,0.032676459,0.041960619,0.024117391,-0.057969507,0.097411147,-0.021434498,0.061130989,-0.018113483,0.011840439,0.072276766,0.012980582,-0.035490485,-0.080901455,-0.072017529,-0.09431378,-0.105847705,0.003999225,0.060838515,0.012783873,0.032936389,-0.071952158,0.034570076,0.039991694,-0.027312521,-0.016280334,0.0762283,0.022337743,-0.106345412,0.010520948,0.012326011,0.026996426,0.048817912,-0.03425065,-0.018924686,0.015038898,0.094798794,0.059414368,0.004331246,-0.047999783,0.038582387,0.095228336,-0.048992553,-0.008551817,0.164879901,-0.063575612,-0.029597965,0.042844403,0.090684431,0.031459118,-0.026071057,-0.04090471,-0.006537564,-0.020934271,-0.060904662,-0.149434794,0.005030426,0.052652822,0.089997522,0.022546451,0.028524237,0.019945453,-0.104989435,-0.010334693
477,0.025740053,0.05595987,0.044384071,-0.031820331,-0.015072915,0.025734583,0.066780932,-0.039651198,-0.049898122,0.065993581,0.040456928,0.020382366,-0.01257189,-0.021047263,0.050012296,0.006496816,0.079273389,0.146455014,0.001507541,0.037049422,0.041881311,-0.035172626,0.038844005,-0.013627278,0.005338687,-0.037161687,0.118306562,0.051544151,0.034869667,0.040680396,-0.043160396,-0.047816587,-0.034820863,0.032098138,0.060110022,0.060923158,-0.077484107,0.074609696,0.085368981,-0.159319557,-0.019268699,0.062537831,0.031258342,-0.017936793,0.00087698,0.207244506,-0.105679261,0.078782011,-0.031447167,-0.011627544,-0.116965199,0.078848428,0.058292513,0.081993288,-0.05505287,0.024045343,0.138162883,0.052270731,0.018045195,-0.017463335,0.054948685,-0.030315841,0.022637394,0.009739353,-0.0185469,0.140618836,0.143435808,0.061198914,-0.019426078,-0.028630901,-0.042707842,0.057355557,0.038555206,-0.064388875,0.189513225,0.045773791,-0.112575484,-0.043464111,-0.070139931,0.007263682,-0.036722453,0.064694395,-0.053110822,-0.063188351,0.098159006,0.052002896,0.088735475,-0.047087469,-0.020641834,-0.023019368,-0.054087398,-0.060805626,0.115336102,-0.000320595,-0.048277013,0.061312081,-0.061307743,0.093558557,-0.044828565,-0.007281178,0.010975376,-0.07111105,0.071208531,0.051741518,0.045320875,0.080203823,0.058925471,-0.017776182,0.099770456,-0.04479642,0.012206625,-0.044683052,0.138524954,0.037689963,-0.035765654,-0.14382192,-0.032898015,-0.014102191,0.093950222,-0.067215311
478,-0.030482186,-0.060484495,0.016819689,-0.009371965,-0.000213908,0.102023427,-0.001289472,-0.026884393,0.177892011,-0.040239821,-0.048422288,-0.092126351,-0.06345393,0.054602857,-0.068305162,-0.061656014,0.05037626,0.003370655,-0.007038199,0.027151182,0.045141408,0.101093586,0.004056837,0.007270234,-0.007073652,-0.004339988,0.067458832,-0.033177236,0.025833015,-0.011359644,0.012180694,0.099434496,0.008046514,0.10169816,-0.038144188,0.076987315,-0.082413123,-0.027418313,-0.01618618,0.026604422,-0.025115502,0.011545528,-0.008405107,0.055098081,-0.078294209,0.048751317,0.036839907,-0.059967798,0.067749691,-0.005910778,-0.117372309,0.019357753,-0.018452264,-0.045039506,-0.000131562,0.0319488,-0.087818882,0.153198077,0.023320733,-0.009659192,-0.079613732,-0.037104242,0.089474468,-0.00423988,0.021614311,0.014305878,0.076916844,0.036581812,-0.063682392,0.047621507,-0.00277711,-0.070623238,0.089083349,-0.018459692,0.005861188,-0.035042416,-0.060202,0.090033845,0.036155299,-0.012907813,-0.0064767,-0.015219478,-0.002515892,-0.00546317,0.021151233,-0.01965647,-0.009085436,0.035551884,-0.018157067,-0.035574488,-0.078656349,-0.05700542,0.076287001,-0.008735847,-0.026003766,-0.022050677,-0.059354728,-0.049137807,0.11335539,-0.01460884,0.068078767,0.058137221,0.106606013,-0.054984779,0.078723802,-0.064420575,-0.066368086,0.023437123,0.041852632,0.001446351,-0.061801485,0.040019254,0.053223083,-0.030317041,-0.01475435,0.090872305,0.012655359,-0.03820303,-0.070574349,-0.038696252
479,-0.012020281,-0.002539274,0.041409246,0.047630327,0.059420385,-0.097929109,0.096078925,-0.014894728,0.018674852,-0.012484621,-0.005532273,0.051270016,-0.050884618,-0.016581703,0.026919927,0.063025871,0.055226448,0.144008865,0.019368305,0.030830691,0.03463176,-0.039520842,0.028694198,0.064265087,0.024670756,0.013747924,0.070476303,-0.055550054,-0.0061694,-0.018635253,0.107228516,-0.01872917,-0.017152051,0.154995152,0.070968831,0.034460171,0.088976692,-0.044118792,-0.066033814,0.040849474,-0.183111453,0.02050409,0.061742105,0.000462333,0.010416862,0.093065952,-0.056012008,-0.01908055,-0.005113314,0.061710766,0.031455406,0.18939741,0.07121713,0.039644501,0.002807123,-0.024092,0.081058467,0.086658535,0.067669213,0.030060352,-0.015772221,0.071347426,-0.034551507,0.038824397,0.062192887,0.087943686,0.053529723,0.125424091,0.014499285,0.046898952,-0.075282319,0.08555557,0.083894622,-0.011545878,-0.00287364,-0.059029161,-0.077199801,0.09774476,0.021260375,-0.013712548,-0.042993792,0.040264613,-0.018401001,0.020624686,0.193103575,-0.061366457,-0.055597749,0.027446727,-0.037773174,0.013321607,-0.040052301,-0.048842068,-0.047777136,0.047707648,0.019403152,0.035445214,-0.012708328,0.070570167,0.070748963,0.025076577,0.044199729,0.006130105,-0.021353162,0.028979557,0.067047366,0.067836458,0.007833826,0.032130388,-0.023845753,0.011299712,-0.019144391,-0.053341353,0.006690385,-0.054390561,-0.11946634,-0.09431423,-0.038169785,-0.005061062,-0.013132336,0.080689152
480,-0.005304067,-0.05129057,0.065441214,-0.111765431,0.197632731,-0.052169433,0.085287762,0.009000676,0.031335914,0.061297374,0.005640844,0.001291441,0.064093927,-0.053077943,-0.043690981,0.02968966,0.089931884,0.257922451,0.080308224,0.056549886,0.04443689,0.121463457,0.054526708,0.043429142,-0.024151521,0.034670907,0.051007739,0.128812567,0.055815066,0.023616368,0.087345641,0.025591315,0.033097095,0.192509052,0.029194628,0.055778539,-0.038165627,0.069961559,-0.043117133,-0.127329953,-0.041144646,0.089220702,-0.012313505,0.02536474,0.076405466,0.043471213,-0.002384068,0.101898696,-0.045753898,0.089753939,-0.056072685,0.180974148,-0.02136605,0.011721573,-0.019212883,0.113275575,0.063425062,0.04184588,-0.011574786,-0.03897201,-0.08703543,0.010301093,0.03714026,0.047452713,-0.030436727,0.129162815,0.186571151,0.183284124,-0.09888343,-0.128757785,-0.13329648,0.065626503,0.065136421,-0.072848206,0.251376786,-0.106189704,-0.0862009,-0.079355626,-0.049323953,0.102896173,0.038820939,0.026861443,0.043658022,0.117342303,-0.004323506,0.139013827,0.065203635,-0.058237582,-0.155860104,0.006671466,-0.097631205,-0.081477344,0.079252632,0.040358983,0.157131015,-0.120397826,-0.111683842,0.246549109,-0.094521783,0.048608867,-0.077765191,0.125442291,0.046078945,-0.064176407,0.087933694,0.006580577,-0.001946773,0.090541243,0.007181982,-0.058822074,-0.018230166,-0.106746001,0.010167953,0.090400784,-0.112591962,-0.03643887,0.036625827,0.017365899,0.160368665,-0.113077195
481,0.013270426,0.039206448,0.012562308,-0.028599525,0.125764775,-0.075357292,0.131648648,-0.152368046,0.081628859,-0.002909259,-0.015025457,-0.117499305,0.039962609,-0.027373179,0.005431673,0.039601435,0.116227983,0.056603995,-0.006176534,0.021621826,0.034262766,0.051935795,-0.08567777,0.038952911,-0.020366843,-0.126796395,0.075468318,-0.04091353,0.080365731,-0.058052502,0.042713517,-0.063803726,0.008825971,0.225736192,-0.034436938,0.169592119,-0.078089979,0.004505177,-0.022182359,-0.081030774,-0.096095061,0.071318381,0.233871486,0.001293502,-0.075361974,0.097024264,-0.022135276,0.052794848,0.067578389,0.007659005,0.009612512,-0.00024816,0.007054681,-0.07109632,-0.05928657,0.099620715,0.114877442,0.021314668,0.053679139,-0.003058087,0.148756707,0.060828116,-0.086066606,-0.005123197,-0.073971265,0.114629714,0.122258017,0.045441089,-0.002203748,0.090072621,-0.102703801,0.060764051,0.028687714,-0.067572893,0.210380165,0.029463571,-0.069423983,0.060067253,-0.161813981,0.014319567,0.191049431,-0.012025377,-0.015883422,0.109105893,0.08263046,0.117008457,0.052984714,-0.007254962,-0.122747432,0.012749021,0.015632287,-0.141631832,0.08169564,0.041379113,0.058393068,-0.043616212,-0.054197931,0.084786422,-0.08507521,0.013054508,0.024063963,0.014300405,0.073118612,0.053603771,0.186093909,0.029191153,0.023511815,0.076024391,-0.008829479,-0.05467229,-0.103152636,-0.11897664,0.04284482,0.119515175,-0.214065815,-0.044884153,0.065669738,0.003674429,0.143452838,-0.001807414
482,0.048642409,-0.094923314,0.082466395,0.032542408,0.051807978,0.000413246,-0.00276425,0.006757515,-0.044754604,-0.015791529,-0.050373745,-0.088416386,0.06988502,0.009596057,0.046124169,-0.006861776,0.179887586,0.174050217,0.013622692,0.15020468,-0.058488412,0.017247345,-0.096126163,0.105724757,-0.103863699,-0.024424666,0.080745888,0.024084154,-0.071291749,-0.111359419,0.094677289,-0.004689814,-0.0143582,0.14339296,-0.000393445,0.122645095,-0.060272546,-0.060519526,0.086184989,-0.1111209,-0.031801383,0.067553307,0.163635893,-0.038563562,-0.037351869,0.105303947,0.000976622,-0.122512292,0.045590041,-0.000436695,-0.11892347,0.121512399,0.043150521,0.020843312,-0.008847086,0.178525215,0.084984093,0.025850276,-0.09973609,0.06102386,0.0943087,0.046308981,-0.031526121,0.070039713,-0.044496684,0.131518895,-0.016242928,0.061264126,-0.000624704,-0.045441012,-0.057146609,-0.050593037,0.154671431,0.035355828,0.276524076,-0.124492151,-0.087350519,-0.139426565,-0.131087797,0.005111445,0.041190139,0.143366242,0.010063132,0.074848944,0.009741897,0.143277356,0.039614064,-0.088940918,-0.075801594,-0.038199039,-0.169877026,-0.132725424,0.049015363,-0.01492966,0.067316894,0.045851913,0.007954785,0.13074493,-0.022308757,0.021043449,-0.02938438,-0.110413194,0.040399706,0.000627611,0.12741628,-0.039711797,-0.036794236,-0.034605059,-0.005014298,0.050336287,-0.116961726,-0.059404267,0.014276147,-0.014836524,-0.079821544,-0.050077719,0.022030706,0.108981562,0.079528225,-0.080826133
483,-0.039903385,0.020734865,-0.080057812,0.020003672,0.006631065,-0.070464552,0.164426638,-0.134470155,-0.060739013,-0.015385914,-0.015089949,-0.096939404,-0.012843357,0.004071521,0.033589197,-0.034611349,0.034014478,0.15227056,-0.007184457,-0.057546732,-0.01520866,-0.001136743,-0.047704128,0.012216115,0.02498016,0.052029675,-0.02989416,-0.125617527,0.017370644,-0.038590029,0.061002294,-0.077509461,0.019377685,0.173543697,-0.044529087,0.028655106,-0.085817689,-0.003822387,0.050518218,-0.083763756,-0.027788084,0.07248166,0.008399171,0.112626444,-0.057284557,0.119907812,0.001562063,-0.080992002,-0.065309052,0.000453777,0.017210707,0.071290795,0.023413227,-0.112572924,-0.055376046,-0.042956726,-0.011533224,0.124999978,0.058777704,-0.010080986,-0.055405478,0.09212637,-0.046887193,0.011134356,0.11880074,0.001713892,0.061615322,-0.022443394,-0.012607653,-0.012668452,-0.059194663,0.000961702,0.012165769,-0.071806943,0.10907747,-0.017995002,-0.098642334,0.020178232,-0.173825284,0.053932061,0.016849125,0.100817998,0.008952462,0.075020826,-0.001508443,-0.01585025,0.055694397,0.030576087,-0.014918983,-0.083447249,-0.142935116,-0.122879833,0.066859583,-0.002092469,-0.047225812,-0.052745201,-0.020819524,0.075309018,-0.044271218,0.044736701,-0.000463233,-0.025745529,0.095530758,-0.089244351,0.035175488,-0.079983472,0.035751498,0.001748278,-0.062372144,-0.154685938,0.04478666,-0.077028937,0.069061479,-0.009360535,-0.119621316,0.010177493,0.040674041,-0.028573807,-0.045137425,-0.06802838
484,0.008680791,-0.022739305,0.001632226,0.016495947,0.009756397,-0.085765593,0.120392686,-0.083653557,0.074313591,0.048590745,0.000867233,-0.08410804,0.086034967,-0.047726879,0.126421316,0.105398514,0.096258486,0.160213229,-0.04090119,0.10596003,-0.057774089,-0.015171754,-0.066224358,0.063810042,-0.04097217,0.02628437,0.027331674,-0.004414726,-0.01089237,0.051384219,0.097935021,-0.095614075,-0.032726226,0.046838192,0.002711733,0.085517872,-0.064721007,0.000622202,-0.014756822,-0.10924727,-0.075701594,0.062503211,0.085615558,0.00031728,0.042594956,0.085947039,-0.042907914,-0.10755782,0.020072749,-0.038042915,-0.069288077,0.1609302,-0.004200411,-0.010307892,-0.097575615,-0.01279267,-0.003560508,-0.026525764,0.067450266,0.044221266,0.117134218,0.024696267,-0.084210632,0.0742154,-0.044022009,0.010784315,-0.001529002,0.105979134,0.024284879,-0.059956726,-0.090685326,-0.05949429,0.005541228,0.01290898,0.245059886,-0.066321567,0.033299676,-0.079051916,-0.08938276,0.025122958,0.056951731,0.039709735,0.063951835,0.046583172,0.00212976,0.095829873,-0.022956344,-0.101819313,-0.058094898,-0.00319848,-0.002841378,-0.12838734,0.139159252,0.010005191,0.047294349,0.017370838,0.048619309,0.090383748,0.030021173,0.005113597,0.084985725,0.041701249,0.037740133,0.14530504,0.062912332,-0.042182769,0.053855314,0.121934433,-0.056731023,-0.095357842,-0.017170905,-0.10887951,-0.03614003,-0.008124351,-0.166913065,-0.00262936,-0.015768056,-0.056121952,0.048201809,-0.112754053
485,-0.002962632,0.081753189,0.039439292,-0.011700288,0.093303051,-0.057334866,0.017523796,-0.03285267,-0.059470613,0.058946334,0.007017632,0.012294657,0.097070662,0.020493174,-0.031657722,-0.092889698,0.042609121,0.125130517,0.008857983,0.082593915,-0.094684015,0.004245846,-0.066355399,0.12896824,0.029508501,0.012084292,0.108413656,0.040867413,-0.047168773,-0.085464564,0.015765429,-0.079792461,0.017211062,0.127250175,-0.048622533,0.106697004,-0.105211231,-0.010500752,0.016140779,-0.036125355,-0.086931011,0.072215437,0.065403488,0.049440869,-0.015233837,-0.003750473,-0.034046397,-0.048394562,0.042760487,-0.052179796,-0.110941286,0.099757147,0.023611355,0.045244499,0.039974393,0.105139456,0.098905694,0.084798147,0.112982275,-0.041664258,0.075638238,0.094359819,0.011095977,-0.045506095,-0.078007249,0.133030418,0.057068038,0.098840656,0.016190091,-0.035440311,-0.017461926,-0.016757382,-0.024233572,-0.051746508,0.135935146,0.006172867,-0.005548772,0.009502181,-0.006223458,0.103926088,-0.052674012,0.015718922,-0.113074119,-0.014995199,-0.046098129,0.092610785,0.014472353,0.054188022,-0.142747858,-0.022367701,-0.102916954,0.024196197,0.120136668,0.026043583,-0.029522849,-0.057753547,-0.032315025,0.123998232,0.036119816,0.098370776,-0.014833638,-0.015404158,-0.019998419,0.026151381,0.03073424,-0.062348632,-0.059814938,-0.036824167,0.106955138,-0.099784088,-0.060768497,-0.022027861,0.051421792,0.02128469,-0.030534267,-0.098942593,-0.003803648,-0.006576248,0.06410515,-0.025859573
486,-0.146184635,0.017903272,0.025198829,-0.144483907,-0.024294616,0.025928054,-0.02011019,0.002969015,-0.001787725,0.022637395,-0.121540412,-0.077066933,0.052302471,0.00732677,-0.023760569,-0.057686412,0.118751453,-0.043229489,0.032630969,0.075986532,-0.072224203,0.033657898,0.128245417,0.01010132,0.03939598,-0.062492063,-0.048355958,-0.027143476,0.032483635,-0.077670167,0.065739802,0.004019021,0.000291865,0.068320963,-0.057742088,0.039446986,0.064883191,-0.031287589,0.08699073,-0.046704471,-0.043072271,-0.058176035,0.007738539,-0.012509728,-0.009251094,0.11263876,-0.081578673,0.008667256,-0.075248807,0.023343958,0.055192961,0.11467847,-0.126254765,0.053794307,0.031477727,-0.028306053,0.04450221,-0.085519464,-0.056351355,-0.066048218,-0.060479877,0.088023662,0.014037759,-0.017714172,0.015701793,-0.00282347,0.009079892,0.036739592,-0.054268497,-0.015945921,-0.00114488,0.027647095,-0.018569721,-0.078577869,0.07785248,-0.009469774,-0.006278681,0.025319578,-0.014859832,0.041373054,-0.048529846,-0.051688553,0.052627859,0.038082227,0.003684418,-0.039274274,-0.030166822,-0.031189285,-0.04750588,-0.019826183,-0.107168652,-0.097511634,0.068172152,-0.022079129,-0.083917102,0.010494105,-0.04552181,0.010954122,-0.07138217,0.010711058,0.016222559,0.052309028,0.075050497,-0.008902635,0.005872055,-0.004335547,-0.001159587,-0.058936622,0.098822347,-0.011415326,-0.110404839,-0.050312624,-0.011340799,0.008537252,-0.129641067,-0.083577906,-0.101426853,-0.062471025,0.030186547,0.056254407
487,-0.036401687,0.012924588,-0.063111053,-0.106323085,0.138111056,-0.086561718,0.212585123,-0.124695165,-0.019897837,0.022489499,0.073933615,-0.037778379,-0.047125559,0.062260481,0.135455392,0.031150187,0.229547671,0.209000319,0.098437744,0.052688324,0.006383455,0.017107287,-0.083399955,-0.032078514,0.131975905,-0.122165203,0.021295239,0.066683036,0.064126666,0.006280731,0.250161878,0.029400543,-0.037946029,0.219381597,-0.010775631,0.086419521,-0.139032491,-0.040431255,0.111298211,-0.058970206,0.029871283,0.040691362,0.09002026,0.006654626,0.061305318,0.098076673,-0.140890553,0.004783088,0.005645594,0.044876939,-0.039448519,0.190836971,0.066092647,-0.001351951,-0.081514448,0.045489767,0.155158703,0.117409847,-0.057332457,-0.048567117,-0.075436348,0.069297889,0.095349544,-0.044103487,0.088200675,0.280666746,-0.117733092,0.184555183,-0.065783862,-0.043260019,-0.125585629,-0.039252272,0.055106673,-0.030139495,0.337569086,-0.132225024,-0.091027938,0.051207577,-0.176017798,0.115910276,0.049261104,0.033632743,-0.021989663,-0.021077403,0.013493681,0.121760217,-0.009158252,0.004285406,-0.079340458,-0.066544393,-0.066382809,-0.123418086,0.134449549,0.037162953,0.035788742,-0.00750355,-0.073164971,0.109843225,0.020276885,-0.012005572,0.008604568,0.014532111,0.083604507,0.073244287,0.054943301,0.066143009,-0.079336178,-0.006834172,-0.051848397,-0.066725507,0.002947166,-0.196765687,-0.025792715,0.041401883,-0.183605817,-0.145161755,-0.095714588,0.086398931,0.280736672,-0.016023198
488,-0.062023693,0.008789844,0.144795556,-0.02613075,0.090113253,0.004362621,0.135041003,-0.054332847,0.069274876,0.032135016,0.008326873,0.062163937,-0.024191727,0.001013384,0.039834323,-0.078571178,0.127260768,0.135424611,0.005719901,0.04812569,-0.023625721,0.032852719,-0.019445673,0.036934012,-0.001673437,-0.08052223,0.095643856,-0.033311494,0.015888583,0.003130748,0.09953049,-0.056447955,-0.063886031,0.198178586,0.020642289,0.199469574,-0.026076793,0.024257436,0.052385663,-0.074178864,-0.040587197,-0.071699742,-0.005356159,0.002113952,-0.001518672,0.046384136,-0.149761523,-0.121394417,0.027279519,0.052396242,-0.127201975,0.106406385,-0.060123053,0.071738714,-0.001201852,0.025215266,0.139852585,0.124741726,-0.068750809,-0.02377857,-0.079902369,0.05247211,-0.094572666,-0.032673416,0.036532959,0.201072709,-0.041940507,0.032608847,0.071996953,-0.041844415,-0.076679535,0.053343276,-0.046945023,-0.007522081,0.202094791,-0.126384762,0.030881317,-0.053148841,-0.108818988,-0.017803233,0.108120362,0.027525131,-0.019765876,0.104837751,0.115622405,0.126104839,-0.072032957,-0.067574189,0.007797541,0.018108721,-0.024231089,-0.107519362,0.168675289,-0.022791837,-0.018079179,0.062448297,-0.009835499,0.131824063,-0.042976467,-0.02698568,0.059427451,-0.026116663,0.242672191,0.110259312,0.139892163,-0.041410925,-0.028747714,0.02530449,-0.020671417,-0.080971716,-0.067220982,-0.157631541,-0.056812767,0.030699284,-0.104113552,-0.142059914,-0.139914441,-0.156564156,0.172288811,0.018714717
489,-0.029942989,0.005426195,0.127967489,-0.013820859,0.084823674,0.00162756,0.082500467,-0.087793879,0.104619809,-0.000493525,0.081585599,0.075266146,0.084876107,-0.013930378,0.01287418,-0.025321908,0.1016516,0.102932378,0.114385622,0.008117704,-0.044201684,0.034981507,-0.027190082,-0.01133266,0.110029297,0.048584787,-0.01107909,0.001429575,-0.016150384,-0.118164297,0.04404909,-0.031320499,-0.056976139,0.170751969,0.029848649,0.092210194,-0.015422967,0.004168095,-0.05310038,-0.041033266,-0.086844818,0.039725623,0.041724039,0.070457465,0.022826462,0.083916333,-0.149518431,-0.049568561,0.017577201,0.076456384,0.019712682,-0.022145873,0.074601195,-0.037961404,-0.031667681,-0.014766061,0.069980859,0.102079178,0.1139993,0.037032999,-0.033640652,-0.043703472,-0.01190854,-0.025677578,-0.070560649,0.089128522,0.112922666,-0.010062644,0.007330983,0.09733656,0.116399947,0.017499217,-0.014172616,-0.031554959,0.229559588,-0.137734659,0.008784897,-0.140041017,-0.068830261,0.068299697,0.04417698,0.033711321,-0.015859405,-0.108609584,-0.036196252,0.146554177,0.009077769,-0.099158834,-0.06181789,-0.031823764,-0.00453962,-0.072676416,0.095263608,0.093400553,-0.036464361,0.012911343,-0.01911087,0.11612251,0.127446112,0.083285503,0.024929746,0.090714559,0.003456106,0.02210042,0.168347409,0.001191171,-0.082447338,-0.002533779,0.065734263,-0.025467386,-0.0798476,-0.031586624,0.051820704,-0.111816436,-0.011805958,-0.080723298,-0.017074951,0.16001344,0.133093767,0.058166722
490,0.062886469,0.063548063,0.059990896,-0.051093321,-0.016490292,-0.014526631,0.200178481,0.002746413,0.008935081,0.01671753,-0.041567056,-0.058495965,0.121967295,0.029779355,-0.007306995,0.001232506,0.263288135,0.114517108,0.107389503,0.0676955,0.055869646,0.02930909,-0.06974621,0.030994704,0.042535216,-0.022818033,0.039555255,-0.01940323,-0.063936383,-0.097653076,0.049546146,-0.025544439,-0.017280813,0.016811166,-0.020628305,0.174457106,-0.004083291,0.035113196,-0.011387015,-0.034227479,-0.025783378,0.121387447,0.17096171,0.054249413,-0.069364449,0.143104969,0.046133954,-0.001249437,0.269629313,-0.02227116,-0.088692932,0.054595136,0.049699882,0.022023562,-0.027468614,0.029550702,0.118701374,0.093758457,0.085456575,0.093835171,0.051151777,0.021292049,-0.068997094,0.069985689,-0.013486075,0.211598288,0.026044281,0.130999272,0.01568268,-0.053299738,-0.086356208,-0.006950708,0.055683903,-0.009774932,0.293452512,-0.011994437,0.038613015,-0.014938308,-0.013805785,0.019291546,0.02764154,0.000880319,-0.037638437,0.150607345,0.004043686,0.058669749,0.064633013,-0.061995943,-0.107554598,-0.048447843,-0.008440042,-0.118611205,0.22519984,0.136076743,-0.03886235,-0.108998581,-0.051130642,0.011893881,0.103175622,-0.031779503,0.003641088,-0.046420304,0.1288428,0.081689046,0.139629545,0.084907167,0.034324413,0.032622375,0.037187456,-0.072561381,-0.006102877,0.047746632,-0.04023915,0.027962754,-0.074106299,-0.027483841,-0.122528067,0.021999515,0.075718064,-0.015987419
491,-0.024093815,0.056466538,-0.035490888,-0.042807376,0.184645175,-0.079125497,0.077156626,-0.060356768,0.079578766,0.082431076,-0.02676361,-0.051821223,0.040768105,-0.104677846,-0.006567895,-0.017910393,0.227331894,0.116378498,0.052576442,0.116837339,0.011725998,-0.067540846,-0.041521092,-0.10228906,0.088059192,-0.171908269,0.032776893,-0.025542049,0.019754988,-0.043194789,0.076975015,-0.020285087,-0.020224524,-0.00302896,0.010566264,0.101065755,-0.018383899,-0.068890247,0.108187727,-0.045130517,-0.075795003,0.195850134,0.057246487,0.012271452,-0.006970372,0.091827862,0.022005875,0.013797047,-0.052202382,-0.094116995,-0.11819027,0.062717561,0.004413959,0.045381471,-0.112875094,0.069786698,0.115645888,0.022727888,0.058230315,0.025505791,0.00351971,0.023401212,0.010932073,-0.021457886,0.018641308,0.121601737,0.038448274,0.012786773,-0.026306488,0.021179505,-0.04168484,0.018580299,-0.004343571,0.007643333,0.211889041,-0.020664852,0.009468587,0.000877521,-0.111904169,0.089077555,-0.02230658,0.105081392,-0.059738216,0.061615468,0.095094233,-0.025281957,0.005405254,0.068284572,-0.122881857,-0.067156487,0.026593197,-0.047136277,0.14881736,-0.037469809,-0.070347236,0.006520627,0.003085883,-0.006563491,0.026356179,-0.024742393,-0.032099268,-0.007892454,0.004993661,0.120821826,0.030501494,0.03141252,0.060017014,0.029935715,0.007512242,-0.089727504,-0.047154716,-0.181620544,0.092318953,0.088483751,-0.020644161,-0.085309312,0.004773052,0.087508051,-0.028535118,-0.053959837
492,-0.009413114,0.008801411,-0.02129264,-0.056010407,-0.000930269,-0.054174329,-0.037141516,0.000237662,-0.052888101,-0.024236615,0.006581965,0.029656935,0.031958622,0.049871003,-0.056326779,0.122861832,0.099989874,0.118906723,0.024707374,0.048856661,-0.029651827,0.080504761,-0.030626411,-0.000256278,0.021287745,-0.076870752,0.012408916,0.098877292,0.061884958,-0.093194406,-0.07146037,-0.122212509,-0.062776543,0.136346226,0.020034778,0.051512076,0.051271622,-0.068108279,0.052064362,0.143139748,-0.106340964,-0.008349868,0.048638315,-0.021149478,0.012001682,0.063862945,-0.030129087,0.032320397,0.077602726,0.013231475,-0.005568912,0.126529865,0.0093788,-0.013153985,0.08063698,0.11198073,0.041914365,0.064858529,0.008081263,0.083132949,0.064108209,-0.002040778,-0.10686191,0.054582591,0.018409214,0.075705479,0.063528647,0.244378996,0.055094146,0.093240897,-0.060719055,0.006496896,-0.002047065,0.033131907,0.075682163,-0.029094218,0.051606726,0.060490555,-0.047345261,-0.034161908,0.028815668,0.066038925,0.139035879,-0.003496058,-0.03763871,0.005415721,-0.011975249,-0.051905305,-0.010731008,-0.046147312,0.005491606,0.020288213,-0.008808385,-0.020778342,0.043117597,0.025186975,-0.032483533,0.039205901,0.009200022,0.034220686,-0.092294091,0.125714045,0.11577848,-0.007679645,0.006223168,0.048391624,0.032544004,0.155833063,-0.035412034,0.03419135,-0.024332362,-0.009493545,-0.004536372,0.114318701,-0.139286787,0.061826584,-0.018782852,0.02047698,0.023125644,0.08630835
493,-0.037856714,-0.04733934,0.02279098,-0.004095697,0.020623955,-0.060735401,0.190472335,0.032108206,0.034555345,0.079606166,0.051395126,-0.004652967,0.079563948,-0.036797599,-0.031787334,-0.011458406,0.076161277,0.084049027,0.028840449,0.144503356,0.032719075,-0.046841848,-0.108618283,0.055111063,0.04727184,-0.054888049,0.009716497,0.099668171,-0.076792307,-0.056083086,-0.001754573,-0.059168324,-0.032316528,0.062336157,-0.094906025,0.168304009,-0.047445351,0.061223956,0.088013569,-0.124509867,-0.028231419,0.00182489,0.059053099,-0.046571479,-0.067652567,-0.007539404,-0.10840944,0.004863001,0.011642448,-0.070661684,-0.174479051,0.02069462,-0.025754544,0.06339291,-0.03560275,0.041714717,0.052105065,0.010955954,0.060883726,-0.035717938,-0.022316337,0.058693397,0.016986323,-0.112814455,0.032075699,0.028970243,-0.003398385,0.015350443,0.051805392,0.057189327,-0.0096453,0.057700605,0.061005155,-0.020848544,0.127854607,-0.122914087,-0.038631535,-0.139458534,-0.134732533,-0.033268317,0.08445653,0.005751405,-0.020335458,0.086874756,0.03620862,-0.001598166,0.046633554,-0.02079669,-0.086971321,-0.020880596,-0.02856682,-0.144167065,0.069034298,0.022293076,0.034007077,0.043321694,-0.006078905,0.011915171,-0.039706689,-0.055337704,0.043951889,0.015255857,0.056315513,0.063486282,0.01836909,0.096831021,0.188501847,0.00211145,-0.037360584,-0.019634478,-0.108221601,-0.01881115,0.00948739,0.066235015,-0.057096821,-0.120314406,0.055943317,-0.064215085,-0.043949662,-0.057792927
494,-0.027752321,0.037294765,0.061053224,-0.021540698,-0.006556049,-0.029653304,0.094998058,0.006329365,-0.055084271,0.019809219,-0.049167333,0.053992888,0.107980923,-0.078792459,0.118911159,0.059408486,0.083273441,0.042238059,0.016976918,0.141424633,-0.012378883,0.045835374,-0.001032292,0.040639714,0.051561751,-0.044915791,0.056324368,0.02229972,-0.060230407,-0.039146772,0.07156101,-0.004639906,-0.055504602,0.131127073,0.063502193,0.030406007,-0.01316789,-0.087828075,0.041072958,-0.005235377,-0.020707025,0.03594879,0.086957376,-0.095216023,0.121678637,0.080941151,0.102718749,-0.006866925,0.027492883,0.052370932,-0.014969598,0.20260058,-0.081678846,0.113431654,0.053775428,0.069456443,0.104831877,0.08916783,-0.010068989,-0.042405519,-0.062435405,-0.038708741,0.006912132,-0.016321258,-0.02345922,0.202843851,0.015290247,0.028795253,0.018217848,-0.002563452,-0.069115506,0.077354891,-0.105666405,0.047380059,0.127229419,0.017441534,0.061910408,0.042988221,-0.079507169,0.04414307,-0.054136197,0.039545825,-0.051432775,0.013014259,-0.007325849,0.080387066,-0.028834605,-0.12842067,-0.129133626,-0.052365735,-0.078222519,0.018702639,0.173169425,0.011927736,-0.098371454,0.013522862,-0.033493966,0.020276283,-0.051287191,0.00183693,-0.040297504,-0.00790785,-0.017788693,0.198717381,0.072224501,-0.020307977,-3.98763E-05,0.003637411,0.072064294,0.049316733,-0.000466195,-0.075225941,-0.031929476,-0.030718987,-0.034187129,-0.165215171,0.060968712,-0.03760614,0.153198694,-0.061340767
495,-0.018196737,0.072628026,0.161769025,-0.029914003,-0.010033105,-0.014938133,0.149281097,-0.041711409,0.072107304,0.008960307,0.001104279,-0.046818291,-0.068073813,-8.93855E-05,0.070376214,0.056085456,0.160028507,0.123497666,-0.020633418,0.068261752,0.042112059,0.034966702,0.012328497,0.039925175,-0.051971472,-0.056556072,0.140071901,-0.043841743,-0.031655619,0.036224793,0.071379918,0.05836923,-0.012020416,0.233672792,-0.035681628,0.083804448,-0.037659406,0.055909624,0.097303397,-0.016448242,0.009444347,-0.001545291,-0.045658789,0.043638011,-0.009153433,0.004697995,0.011343616,-0.086637118,0.06153797,0.047811215,0.032652965,0.069965838,-0.0361397,-0.024411442,0.049545173,0.018688839,0.013457873,0.093514871,-0.043504336,0.089285414,0.026611545,-0.051720859,-0.007209864,-0.06488433,-0.005102252,0.064759711,0.00682803,0.171045618,-0.098563506,-0.023449768,0.010288291,-0.011692089,-0.103428818,0.003226758,0.204639862,0.051164659,0.041053953,0.105848279,-0.062866498,0.122168652,0.094692013,0.016262509,0.018533827,-0.009780809,-0.002112208,0.023630781,0.014066028,0.003695801,-0.021245934,-0.053975291,-0.049808272,-0.020124103,0.07753557,-0.077342532,0.021729737,0.06563006,-0.011450218,0.070313312,0.040979972,-0.011067912,0.113889076,0.053824127,0.088140166,-0.012579951,0.05630441,-0.019212628,-0.070509996,0.076335919,0.035071288,-0.152305867,0.170417255,-0.041897868,0.02629596,0.049875169,-0.052623031,-0.041149486,0.091667864,0.011473917,0.042405893,-0.058889548
496,0.037723967,0.056657786,0.096271522,-0.029346905,-0.004823338,0.058186851,0.101418058,-0.022305856,0.151207315,0.116546399,0.007495928,-0.015007863,0.010802724,0.084222417,-0.040306372,-0.008038159,0.170149858,0.175755775,-0.008854126,0.021617895,-0.020809138,0.061105829,-0.002241129,0.012908525,-0.009058705,-0.141027823,-0.003052145,0.069062164,-0.060885387,-0.135384965,0.105140812,0.081801575,-0.029281437,0.179734778,-0.064928918,0.061234724,-0.11899196,-0.079418493,0.036309203,-0.11835333,-0.13119386,0.020052959,0.104573523,0.055390031,-0.049497598,0.032864316,-0.071668494,0.032740055,0.013398009,0.025741212,-0.030925411,0.141573875,0.018013599,0.059983994,-0.055771174,0.018861064,-0.019077179,0.123338041,-0.000882024,-0.077526739,0.013441006,0.030483326,-0.135938938,0.058766238,0.05020549,0.043209437,0.013728468,0.084468905,-0.026409654,-0.031619928,-0.005180795,-0.074304641,0.012640735,-0.017102388,0.23958598,-0.055415084,-0.008517617,-0.00692807,-0.077574007,0.012082988,0.02143243,0.023467162,0.02065532,0.007142201,-0.051603977,0.01891783,-0.075570309,-0.029872277,-0.118925618,-0.030691335,-0.080517485,-0.101847169,0.134110427,-0.038176559,0.032355145,-0.024824792,-0.00354519,0.055055808,0.022602179,0.049120287,0.026426363,0.023138768,0.063620939,-0.011546567,0.006418261,-0.035898209,0.065308054,0.003288862,-0.0293385,-0.070080282,-0.128601881,-0.059638715,0.042986628,-0.061445494,-0.085982129,-0.095881588,0.092824956,0.024149167,-0.001586463,0.020763989
497,-0.116208618,-0.066712432,0.01203003,-0.073896095,0.066512422,-0.094692922,0.16673186,-0.163287232,0.114634368,-0.017977438,0.000832861,-0.027511041,0.070112205,-0.112754755,0.045229064,0.096352474,0.237805056,0.162585317,0.000260656,0.073325478,-0.086088633,0.03738687,-0.025201875,-0.018715635,0.084104809,-0.05340353,0.087749529,0.132848856,0.06022098,-0.040230971,0.061506134,-0.058030614,-0.038933073,0.09538869,-0.056664001,0.176908619,-0.04901691,0.048985539,0.184629799,-0.089334298,-0.039864771,0.125550366,0.10184235,0.102264978,-0.060834736,0.058929181,-0.045409596,0.016144513,0.016717828,0.067283751,-0.171241498,0.101260213,-0.023110323,-0.021478225,0.00549508,0.054729205,0.171668291,0.288330025,0.030422746,0.064074803,0.028900757,0.053977742,0.065342885,-0.080190581,-0.0610478,0.088057423,0.058573571,0.086747948,-0.057890411,-0.057769905,-0.039936597,-0.106268006,0.010113388,-0.116659259,0.296882866,-0.138528185,-0.032986805,0.075073018,-0.144340537,-0.016390311,-0.023832114,0.069242065,-0.050373296,0.113736841,0.009765726,0.139352562,0.003955918,-0.101026745,-0.195890915,-0.098277921,-0.092865303,-0.100905521,0.148812139,-0.03460045,0.053852076,0.026173135,-0.051093665,0.001210812,-0.08933727,-0.063199562,-0.011476432,0.002292774,0.0970127,0.069282905,0.077085448,0.009681101,0.042704138,-0.025378514,-0.003372654,-0.060975714,-0.057866444,-0.060544221,0.064143037,-0.065659057,-0.12279906,-0.079466472,-0.039875252,-0.058191301,0.116773575,-0.114418176
498,-0.029377204,0.068077987,0.074242083,0.03944425,0.164699746,-0.068702609,0.174117879,-0.05861147,0.016774653,0.086666864,-0.027204364,-0.105447031,0.094066839,0.00787312,0.016533772,-0.034716264,0.025364912,0.119900574,0.014476639,0.100538847,0.080080195,0.04994909,-0.026633077,0.087057699,-0.06865489,-0.120418134,0.077805813,0.026578396,-0.061946815,-0.069307456,0.171919064,0.127992367,-0.104429795,0.141445161,-0.039602441,0.115206713,-0.085456428,0.026830908,0.10655522,-0.05570841,-0.042549396,0.079377448,0.108697881,0.098893652,0.012644472,0.215399679,-0.052202276,0.008246382,-0.029069531,0.045756889,-0.050212402,0.019085962,0.004272822,0.080473657,0.020340203,0.077258149,0.046151215,0.079991619,-0.11978078,-0.003419403,0.118268791,-0.038396378,-0.087402529,-0.005248345,-0.030307064,0.078695321,0.099595701,0.045459972,-0.015584394,0.000800494,-0.059863387,-0.070106983,-0.047048526,-0.015399975,0.290295553,-0.019379491,-0.090781101,-0.133124771,-0.122032985,0.007353902,0.119130805,0.163462094,0.058055292,0.006538844,-0.00532526,0.081320476,-0.077144673,-0.085664914,-0.055516715,0.031380946,0.00259566,-0.145495373,0.04260968,0.02457189,0.041030429,0.000986519,-0.033397794,0.010961784,-0.053066199,-0.008470409,-0.016370835,0.019442118,0.156173444,0.002882187,0.203872511,0.069364743,0.02852496,-0.02594377,0.075403862,-0.026426212,-0.071192376,-0.102950301,-0.016340981,0.065178156,-0.124715577,-0.088463144,-0.014172332,-0.015486081,0.077477599,-0.082691525
499,-0.06361342,-0.027610967,0.076714113,-0.03426681,-0.026913567,0.019116175,0.024751141,-0.027979583,-0.009007325,0.037020488,-0.028139118,0.014370833,0.01476742,-0.118244144,0.046074363,0.106296478,0.071652588,-0.015849548,0.048822957,0.040785654,-0.088801932,0.081839863,-0.032117484,0.073649983,-0.006063185,-0.08351217,0.054321314,0.162099014,-0.033549139,0.04018876,0.033717278,0.021529521,0.039690643,0.040256768,-0.023523335,0.097654215,0.010687235,-0.063858969,-0.012865699,-0.094185383,0.006383171,-0.027987194,-0.019326313,0.097001316,-0.081680928,0.03240113,0.003620414,-0.029795554,-0.039339973,-0.01806871,-0.06085847,0.133532928,0.005462769,0.015714317,-0.050219989,0.009385251,0.083565955,0.048894775,0.024927923,-0.010978564,-0.034215263,0.096985692,0.00681346,-0.008342363,-0.016283445,0.118574543,0.011201022,0.114843641,-0.088180237,-0.027725418,-0.139368646,0.18052074,-0.021820217,0.001165387,0.134081313,-0.059308936,-0.092379833,-0.084056439,-0.067605002,0.107730734,-0.040192633,-0.031294221,0.076041204,-0.058223733,0.009787427,0.017069871,0.063248011,-0.077785122,0.023684133,0.002239121,-0.005965874,-0.037359905,0.087246894,-0.004971863,0.092727806,0.020093119,-0.044051226,0.107751606,0.011136666,-0.008876393,0.011753812,-0.024825895,0.14156659,-0.048289979,0.02553727,-0.012906271,-0.01342072,-0.05347254,-0.100476911,-0.062622958,-0.070192734,-0.108992031,0.076132962,-0.053380698,-0.144563759,-0.009743406,0.069950913,0.015182817,-0.030652607,-0.046720915
500,0.012352424,0.043981692,0.14438025,-0.035492732,-0.022409751,-0.098016145,0.081372139,-0.055421462,-0.027104735,0.039677554,-0.017325915,-0.06997864,-0.032011288,-0.015170245,0.037523097,0.128932801,0.060094818,0.263337167,0.053941741,0.152640755,-0.049895881,-0.03387453,0.027904647,0.048249869,0.036916189,-0.103110658,0.079851437,0.031648648,0.01445504,-0.099913188,0.050375393,-0.029718672,-0.0534158,0.048191331,0.069024226,0.121088457,-0.030998009,-0.046572548,0.042436529,-0.024688629,-0.076709458,-0.005966129,0.06789297,0.016468459,-0.035960102,0.125274765,-0.090212858,0.011395244,-0.049332031,0.054002863,-0.097902838,0.006640279,0.059979681,-0.010531041,-0.000921356,0.051130659,0.038486579,0.008082371,0.101259836,-0.113119547,-0.046180071,0.059694098,-0.003834036,-0.008134598,-0.059984428,0.037970558,0.062559595,0.059405468,0.052983368,-0.02838683,-0.038953993,0.019205301,0.048926159,0.077509833,0.227167462,-0.060771582,-0.052372145,-0.075105753,-0.028127248,0.007530805,-0.012719611,-0.030692275,-0.0087188,0.106619426,0.057450242,0.096136107,0.008698388,0.041348759,-0.069821786,0.039633955,-0.048302001,-0.023968416,0.136265645,-0.025647826,0.022520121,-0.066484843,-0.025934598,0.01374027,-0.050228882,-0.055699415,0.118917322,0.109046028,0.072187432,0.032001135,0.019293195,0.01675991,0.030814046,0.058096939,0.019090147,-0.091337717,0.085227188,-0.11784835,-0.074355243,-0.01329467,-0.209653786,-0.038619142,0.007291415,-0.065808277,-0.025796877,-0.039732011